OID_,ADM2_PCODE,ZONE_CODE,COUNT,AREA,MIN,MAX,RANGE,MEAN,STD,SUM,MEDIAN,PCT90
1,MX31001,1,1458.000000000000000,0.025312500405000,0.068858042359352,5.914498329162598,5.845640286803246,0.194577650814758,0.365689396773493,283.694214887916928,0.119984444230795,0.241953894495964
2,MX05001,2,3900.000000000000000,0.067708334416667,0.049796264618635,6.973388195037842,6.923591930419207,0.149551574130280,0.276063188717974,583.251139108091252,0.126983232796192,0.169509682059288
3,MX11001,3,3062.000000000000000,0.053159723072778,0.196593940258026,36.560672760009766,36.364078819751740,1.196683785841012,2.265074044015350,3664.245752245179574,0.627937197685242,2.245012664794922
4,MX19001,4,239.000000000000000,0.004149305621944,0.302998155355453,10.726191520690918,10.423193365335464,1.144212420764827,1.501687869424529,273.466768562793732,0.605191767215729,2.507522249221804
5,MX28001,5,9508.000000000000000,0.165069447085556,0.036201607435942,9.706637382507324,9.670435775071383,0.096085518245148,0.253825298186089,913.581107474869782,0.073769524693489,0.097179973870516
6,MX20001,6,616.000000000000000,0.010694444615556,0.024643622338772,4.430066585540771,4.405422963202000,0.112818923152911,0.303672420935337,69.496456662192927,0.061014009639621,0.108438197523355
7,MX07001,7,1207.000000000000000,0.020954861446389,-0.006728837266564,12.806732177734375,12.813461015000939,0.303948402219119,0.815715215344492,366.865721478476303,0.091558128595352,0.590953516960145
8,MX21001,8,869.000000000000000,0.015086805796944,0.207651957869530,21.724094390869141,21.516442432999611,2.434498852875484,3.545887848080898,2115.579503148795084,0.922351121902466,7.760271358489998
9,MX30001,9,483.000000000000000,0.008385416800833,0.107615619897842,3.724770307540894,3.617154687643051,0.384784106882462,0.454528133663240,185.850723624229232,0.218234404921532,0.845422077178956
10,MX07002,10,2342.000000000000000,0.040659722872778,0.046763416379690,8.718046188354492,8.671282771974802,0.309560873396980,0.676434062107041,724.991565495727968,0.163062557578087,0.449350991845131
11,MX11002,11,4363.000000000000000,0.075746528989722,0.125355914235115,36.444576263427734,36.319220349192619,0.958711694354805,2.660933691590192,4182.859122470015791,0.302133262157440,1.770597696304323
12,MX15001,12,2356.000000000000000,0.040902778432222,0.152003243565559,16.179817199707031,16.027813956141472,0.777116628366891,1.018139293129233,1830.886776432396118,0.457729160785675,1.717451870441437
13,MX31002,13,691.000000000000000,0.011996527969722,0.126368150115013,13.508780479431152,13.382412329316139,0.742219541291943,1.351171194983713,512.873703032732465,0.370912522077560,1.283632040023804
14,MX07003,14,2609.000000000000000,0.045295139613611,-0.016592983156443,14.026479721069336,14.043072704225779,0.268908425145908,0.687738647178671,701.582081205674967,0.151376038789749,0.496135467290878
15,MX18001,15,7160.000000000000000,0.124305557544444,0.031427782028913,30.011577606201172,29.980149824172258,0.242292540502739,1.226700817336996,1734.814589999612281,0.097105853259563,0.270340090990067
16,MX12001,16,8405.000000000000000,0.145920141223611,0.036685496568680,56.420650482177734,56.383964985609055,2.375125652634977,6.373837102605299,19962.931110396984877,0.262537598609924,5.565101051330578
17,MX21002,17,900.000000000000000,0.015625000250000,0.112809881567955,2.879605054855347,2.766795173287392,0.229465562502543,0.193918863633803,206.519006252288847,0.188721932470798,0.308727630972862
18,MX12076,18,3089.000000000000000,0.053628473080278,0.026384178549051,6.976308345794678,6.949924167245626,0.247945006701018,0.396846258631823,765.902125699445833,0.123792700469494,0.544624781608582
19,MX14001,19,1695.000000000000000,0.029427083804167,0.143438488245010,19.749704360961914,19.606265872716904,0.725969717592266,1.465161717594004,1230.518671318890256,0.379315942525864,1.134693694114686
20,MX13001,20,1202.000000000000000,0.020868055889444,0.134522169828415,7.243367195129395,7.108845025300980,0.813020297870064,0.903825612686964,977.250398039817128,0.490693777799606,1.724917495250703
21,MX21003,21,2998.000000000000000,0.052048611943889,0.029746882617474,19.207790374755859,19.178043492138386,0.354929134795184,1.065971426194612,1064.077546115962150,0.121166337281466,0.504287308454514
22,MX30002,22,91.000000000000000,0.001579861136389,0.170515149831772,7.334940910339355,7.164425760507584,0.711474160571675,1.181441736396537,64.744148612022414,0.271617084741592,1.462685465812683
23,MX14002,23,766.000000000000000,0.013298611323889,0.211989760398865,16.352058410644531,16.140068650245667,1.189186268352342,2.236344542315924,910.916681557894321,0.428674265742302,2.609914779663086
24,MX20002,24,3714.000000000000000,0.064479167698333,0.069305486977100,8.933185577392578,8.863880090415478,0.366123561752889,0.638381173972102,1359.782908350228126,0.199565783143044,0.594147616624833
25,MX21004,25,691.000000000000000,0.011996527969722,0.195920407772064,23.210508346557617,23.014587938785553,1.807693447286934,3.242911033382776,1249.116172075271606,0.530382335186005,4.841610908508301
26,MX13002,26,1189.000000000000000,0.020642361441389,0.227608427405357,17.915239334106445,17.687630906701088,1.237472949996028,1.488704800522457,1471.355337545277052,0.752281606197357,2.807987070083620
27,MX30003,27,3213.000000000000000,0.055781250892500,0.102588646113873,28.312507629394531,28.209918983280659,0.735723206450494,2.150450574699320,2363.878662325437290,0.246048480272293,1.089114117622376
28,MX15002,28,429.000000000000000,0.007447916785833,1.702792286872864,71.147407531738281,69.444615244865417,15.221840478045682,15.183592980405759,6530.169565081597284,9.166456222534180,33.927159118652334
29,MX26001,29,1976.000000000000000,0.034305556104444,0.046270746737719,7.768474102020264,7.722203355282545,0.120778599650286,0.348746931440207,238.658512908965236,0.079501640051603,0.109085015952587
30,MX21005,30,371.000000000000000,0.006440972325278,0.211063891649246,9.478215217590332,9.267151325941086,0.600343271407156,1.067652019211429,222.727353692054777,0.321248561143875,0.964960455894470
31,MX13003,31,1359.000000000000000,0.023593750377500,0.115683689713478,43.926383972167969,43.810700282454491,1.982449831398557,4.301007176839963,2694.149320870639258,0.342521071434021,5.176466083526611
32,MX30004,32,4253.000000000000000,0.073836806736944,0.060518424957991,9.517471313476562,9.456952888518572,0.279667014154950,0.485178572889439,1189.423811201002991,0.158430442214012,0.460899472236633
33,MX29022,33,75.000000000000000,0.001302083354167,0.566241085529327,12.715167999267578,12.148926913738251,2.912932950655620,3.228018572885983,218.469971299171476,1.190458774566650,8.115117454528811
34,MX16001,34,873.000000000000000,0.015156250242500,0.043091606348753,8.391102790832520,8.348011184483767,0.346085831390658,0.692437022929236,302.132930804044122,0.167912438511848,0.595866119861604
35,MX30005,35,900.000000000000000,0.015625000250000,0.068775735795498,7.477451324462891,7.408675588667393,0.281323139328095,0.560670130502664,253.190825395285884,0.150924697518349,0.391196212172508
36,MX15003,36,2262.000000000000000,0.039270833961667,0.138351634144783,12.929719924926758,12.791368290781975,0.655618150416303,0.790677328038765,1483.008256241677145,0.440777048468590,1.204460501670837
37,MX30006,37,830.000000000000000,0.014409722452778,0.087281458079815,11.702400207519531,11.615118749439716,0.852813356531313,1.358940302830977,707.835085920990082,0.375169992446899,2.058675718307498
38,MX05002,38,60849.000000000000000,1.056406266902500,0.051001768559217,53.953632354736328,53.902630586177111,0.226866894215421,1.775855077886777,13804.623646114152507,0.106192484498024,0.129682049155235
39,MX13004,39,601.000000000000000,0.010434027944722,0.119570247828960,4.414975166320801,4.295404918491840,0.352501793233012,0.410532012056150,211.853577733039970,0.242543250322342,0.573506951332092
40,MX30204,40,1795.000000000000000,0.031163194943056,0.542549788951874,700.609680175781250,700.067130386829376,4.758024067898647,29.097469573352047,8540.653201878072650,1.346059203147888,5.951025009155298
41,MX26002,41,21434.000000000000000,0.372118061509444,0.042944747954607,60.730476379394531,60.687531631439924,0.346896661423949,2.648281211805199,7435.383040960916333,0.088861029595137,0.155859032273293
42,MX19002,42,5103.000000000000000,0.088593751417500,0.059620946645737,13.378206253051758,13.318585306406021,0.170288167033193,0.527297019663591,868.980516370385317,0.104221984744072,0.152926746010780
43,MX01001,43,5938.000000000000000,0.103090279427222,0.114337980747223,79.534889221191406,79.420551240444183,5.549671109881206,11.693498655201534,32953.947050474605931,0.681617558002472,23.942550849914571
44,MX16002,44,6898.000000000000000,0.119756946360556,0.021526886150241,11.186249732971191,11.164722846820951,0.119355268714311,0.376271861465873,823.312643591316487,0.077903766185045,0.121186304837465
45,MX25001,45,16923.000000000000000,0.293802088034167,0.042401053011417,65.342613220214844,65.300212167203426,1.061844641662056,4.165536148049867,17969.596870846980892,0.155929163098335,1.326556944847107
46,MX18002,46,2524.000000000000000,0.043819445145556,0.032053425908089,11.385694503784180,11.353641077876091,0.182461344022982,0.569848083152334,460.532432314007679,0.088146325200796,0.231223896145821
47,MX21006,47,456.000000000000000,0.007916666793333,0.174045607447624,4.896630764007568,4.722585156559944,0.730071664477388,0.752940100369573,332.912679001688957,0.410588458180428,1.750747501850128
48,MX12002,48,4282.000000000000000,0.074340278967222,0.030568456277251,3.197078704833984,3.166510248556733,0.116634911762716,0.172388120165857,499.430692167951520,0.081431690603495,0.157335476577282
49,MX24001,49,3917.000000000000000,0.068003473310278,0.051715135574341,21.110593795776367,21.058878660202026,0.280327059880169,0.786927774903747,1098.041093550622008,0.126658126711845,0.529016208648682
50,MX14003,50,1366.000000000000000,0.023715278157222,0.092719100415707,26.277105331420898,26.184386231005192,0.562414960545730,2.033340473949829,768.258836105466571,0.167022548615932,0.586476236581802
51,MX21007,51,909.000000000000000,0.015781250252500,0.076329104602337,2.345291852951050,2.268962748348713,0.172314175997827,0.201642294098509,156.633585982024584,0.127624332904816,0.200941693782806
52,MX21008,52,303.000000000000000,0.005260416750833,0.228835895657539,20.029668807983398,19.800832912325859,1.771638812650941,2.376198343588996,536.806560233235246,0.999295294284821,4.456883049011230
53,MX21009,53,354.000000000000000,0.006145833431667,0.070074327290058,6.486280441284180,6.416206113994122,0.324202115463335,0.651205923641855,114.767548874020591,0.149567037820816,0.583062154054642
54,MX08001,54,91485.000000000000000,1.588281275412500,0.036418005824089,43.528549194335938,43.492131188511848,0.107828168116231,0.439370140710508,9864.659960113356647,0.091086670756340,0.125237891077995
55,MX13005,55,1190.000000000000000,0.020659722552778,0.294543117284775,13.046357154846191,12.751814037561417,0.951598800455822,1.475097962958565,1132.402572542427606,0.494206413626671,1.723659169673921
56,MX21010,56,1939.000000000000000,0.033663194983056,0.086094141006470,35.896762847900391,35.810668706893921,0.789824664327612,2.061822622257254,1531.470024131239143,0.293003082275391,1.433929872512818
57,MX12003,57,9798.000000000000000,0.170104169388333,0.012728209607303,15.487261772155762,15.474533562548459,0.167584416627995,0.560979711021279,1641.992114121094801,0.065219983458519,0.231014516949654
58,MX31003,58,385.000000000000000,0.006684027884722,0.099791340529919,13.013792991638184,12.914001651108265,0.688803166402625,1.703063408479580,265.189219065010434,0.199880942702293,1.091520047187805
59,MX30160,59,6359.000000000000000,0.110399307321944,0.074340589344501,338.427795410156250,338.353454820811749,1.414172361085090,10.571187621340776,8992.722044140089565,0.309280514717102,1.599410724639891
60,MX26003,60,33668.000000000000000,0.584513898241111,0.023519290611148,33.955120086669922,33.931600796058774,0.122814309308712,0.648117910783445,4134.912165805718359,0.073680926114321,0.107475952804089
61,MX24002,61,2955.000000000000000,0.051302084154167,0.038227953016758,4.282559394836426,4.244331441819668,0.133844240993110,0.201872444658434,395.509732134639989,0.091612718999386,0.185721489787102
62,MX21011,62,392.000000000000000,0.006805555664444,0.041451983153820,5.199319839477539,5.157867856323719,0.165163541811385,0.449696221260681,64.744108390063062,0.085738994181156,0.142574848234653
63,MX12004,63,2302.000000000000000,0.039965278417222,0.017039721831679,7.102106571197510,7.085066849365830,0.259510022418155,0.589382867154138,597.392071606592481,0.107501845806837,0.428939959406853
64,MX07113,64,131.000000000000000,0.002274305591944,0.207019224762917,6.579518795013428,6.372499570250511,1.532841025076750,1.213110297936667,200.802174285054264,1.103993892669678,3.151865482330322
65,MX08002,65,49188.000000000000000,0.853958346996667,0.047578871250153,46.545055389404297,46.497476518154144,0.140537203054560,0.734020839232821,6912.743943847712217,0.094803601503372,0.134466506540775
66,MX28002,66,18846.000000000000000,0.327187505235000,0.022995358332992,15.602328300476074,15.579332942143083,0.106408306870720,0.299568875892485,2005.370951285589626,0.081586882472038,0.119768895208836
67,MX13006,67,2169.000000000000000,0.037656250602500,0.118071906268597,9.702880859375000,9.584808953106403,0.427281300127232,0.587715259584044,926.773139975965705,0.241454333066940,0.881592190265656
68,MX21012,68,258.000000000000000,0.004479166738333,0.173610061407089,11.683446884155273,11.509836822748184,0.953087147700694,1.753357054931169,245.896484106779155,0.295480474829674,2.491925597190857
69,MX05003,69,1335.000000000000000,0.023177083704167,0.076231986284256,17.336385726928711,17.260153740644455,0.728577574775014,2.178741420341460,972.651062324644158,0.123930081725121,1.032101106643680
70,MX08003,70,11190.000000000000000,0.194270836441667,0.048914279788733,16.762397766113281,16.713483486324549,0.139864058368460,0.464020164348481,1565.078813143072239,0.095174789428711,0.135044650733471
71,MX19004,71,987.000000000000000,0.017135416940833,0.111614659428596,37.314273834228516,37.202659174799919,1.794029932820143,3.629640166958565,1770.707543693481512,0.646259248256683,3.623605537414550
72,MX13007,72,1358.000000000000000,0.023576389266111,0.116533413529396,10.965303421020508,10.848770007491112,0.467093599770926,0.821386274467763,634.313108488917123,0.234160415828228,0.817446970939636
73,MX15004,73,845.000000000000000,0.014670139123611,0.086704157292843,6.897585868835449,6.810881711542606,0.500758412321644,0.683468473288092,423.140858411789452,0.302003979682922,0.936188101768494
74,MX15005,74,2381.000000000000000,0.041336806216944,0.196362793445587,60.218536376953125,60.022173583507538,2.021919699488242,3.112598455650788,4814.190804481504529,1.064152002334595,4.180428981781006
75,MX15006,75,45.000000000000000,0.000781250012500,1.236493229866028,24.729501724243164,23.493008494377136,7.350802098380195,6.862487014809409,330.786094427108765,4.085060119628906,17.812879943847655
76,MX30008,76,349.000000000000000,0.006059027874722,0.068147830665112,4.427600383758545,4.359452553093433,0.466652601658444,0.547873634576984,162.861757978797016,0.295536905527115,1.067422938346863
77,MX12005,77,460.000000000000000,0.007986111238889,0.073114722967148,6.221339225769043,6.148224502801895,0.357627000044221,0.700368273316219,164.508420020341788,0.144619666039944,0.654487568140030
78,MX28003,78,8372.000000000000000,0.145347224547778,0.045052621513605,253.282119750976562,253.237067129462957,2.017813205779512,7.369248172997991,16893.132158786072978,0.178419522941113,3.557675671577455
79,MX07004,79,4662.000000000000000,0.080937501295000,0.026053750887513,15.504846572875977,15.478792821988463,0.199060430107793,0.644350571746353,928.019725162532723,0.100361894816160,0.278132110834122
80,MX26004,80,24210.000000000000000,0.420312506725000,0.039743989706039,32.363182067871094,32.323438078165054,0.140135351741569,0.778390719835892,3392.676865663383069,0.093119472265244,0.121796444058418
81,MX21013,81,235.000000000000000,0.004079861176389,0.323151379823685,17.093935012817383,16.770783632993698,1.778752898409012,2.765969784432420,418.006931126117877,0.695962488651276,4.319281578063965
82,MX30009,82,3201.000000000000000,0.055572917555833,0.043537270277739,44.107658386230469,44.064121115952730,0.319573063691988,1.451652365496719,1022.953376878052609,0.113887615501881,0.377154767513275
83,MX30010,83,1622.000000000000000,0.028159722672778,0.065714552998543,14.827445030212402,14.761730477213860,0.466195755115677,0.945592285499726,756.169514797627698,0.213837295770645,0.955217796564102
84,MX30011,84,3424.000000000000000,0.059444445395556,0.066104575991631,33.846000671386719,33.779896095395088,0.791957310927491,2.609497754554760,2711.661832615727690,0.169405065476894,0.991920781135559
85,MX09010,85,475.000000000000000,0.008246527909722,0.635027229785919,63.272922515869141,62.637895286083221,27.447816742846882,18.470500960943287,13037.712952852269154,30.558511734008789,50.401128387451180
86,MX16003,86,797.000000000000000,0.013836805776944,0.146206393837929,11.772907257080078,11.626700863242149,0.790876816102821,1.357635536479444,630.328822433948289,0.367053836584091,1.667585039138794
87,MX14004,87,622.000000000000000,0.010798611283889,0.084622927010059,12.007408142089844,11.922785215079784,0.494936705054865,1.160563365701797,307.850630544126034,0.189029112458229,0.769666004180907
88,MX17001,88,577.000000000000000,0.010017361271389,0.211760520935059,14.187211990356445,13.975451469421387,1.089786034806968,1.542144838734287,628.806542083620684,0.457658141851425,2.657940769195555
89,MX15007,89,1099.000000000000000,0.019079861416389,0.130875974893570,7.814911842346191,7.684035867452621,0.610682937546248,0.779533514724652,671.140548363327071,0.310500562191010,1.406994104385377
90,MX07005,90,1545.000000000000000,0.026822917095833,0.081076510250568,12.159147262573242,12.078070752322674,0.402239847462926,0.722934780323704,621.460564330220109,0.217262879014015,0.737029933929444
91,MX07006,91,1219.000000000000000,0.021163194783056,0.041513390839100,5.279119491577148,5.237606100738049,0.374250079351580,0.562530569153527,456.210846729576417,0.196457639336586,0.711595261096955
92,MX07007,92,741.000000000000000,0.012864583539167,0.038047533482313,5.793702602386475,5.755655068904161,0.297952221724105,0.541940469951435,220.782596297562094,0.133799612522125,0.505385398864746
93,MX15008,93,3134.000000000000000,0.054409723092778,0.035622008144855,4.474259376525879,4.438637368381023,0.164004562942082,0.251313983699973,513.990300260484560,0.112036939710379,0.245899878442288
94,MX14005,94,864.000000000000000,0.015000000240000,0.133989781141281,21.050828933715820,20.916839152574539,0.813320871959958,2.253116509564333,702.709233373403663,0.289055243134499,1.021127390861511
95,MX30012,95,648.000000000000000,0.011250000180000,0.116684511303902,10.266966819763184,10.150282308459282,0.432140071060003,0.810081672038376,280.026766046881733,0.219472654163837,0.741025942564012
96,MX18003,96,2585.000000000000000,0.044878472940278,0.044425208121538,8.397432327270508,8.353007119148970,0.165761109656245,0.444450452754374,428.492468461393742,0.096266724169254,0.175636106729507
97,MX30014,97,751.000000000000000,0.013038194653056,0.244164317846298,12.997419357299805,12.753255039453506,1.756433335406963,2.149700195778053,1319.081434890628771,0.899762928485870,4.411324977874756
98,MX29001,98,54.000000000000000,0.000937500015000,1.042131900787354,11.202596664428711,10.160464763641357,5.291078874358425,2.976041562410110,285.718259215354976,5.274860143661499,8.997836589813232
99,MX22001,99,3549.000000000000000,0.061614584319167,0.141602605581284,25.633749008178711,25.492146402597427,0.754600449758336,1.200986621276730,2678.076996192335173,0.443752139806747,1.514047551155091
100,MX14006,100,4195.000000000000000,0.072829862276389,0.041392158716917,27.403926849365234,27.362534690648317,0.504508270714898,1.930667260433207,2116.412195648998022,0.138553261756897,0.660247015953064
101,MX15009,101,870.000000000000000,0.015104166908333,0.195293858647346,29.277004241943359,29.081710383296013,1.957912869186239,3.883384676004864,1703.384196192027730,0.514633536338806,5.241821432113650
102,MX21014,102,219.000000000000000,0.003802083394167,0.182227954268456,3.392307996749878,3.210080042481422,0.445970629924509,0.450916019474290,97.667567953467383,0.288978844881058,0.854289305210114
103,MX21015,103,673.000000000000000,0.011684027964722,0.419302046298981,37.330978393554688,36.911676347255707,4.695696624258836,7.015712326559850,3160.203828126196186,1.612538337707520,15.147476387023925
104,MX19005,104,23826.000000000000000,0.413645839951667,0.058634888380766,43.290714263916016,43.232079375535250,0.184022860139048,0.977732581146923,4384.528665672963143,0.116909917443991,0.179738529026508
105,MX16004,105,1196.000000000000000,0.020763889221111,0.085912823677063,9.078228950500488,8.992316126823425,0.344752217104104,0.699046214894004,412.323651656508446,0.168912678956985,0.519689887762070
106,MX16005,106,378.000000000000000,0.006562500105000,0.085084617137909,8.403943061828613,8.318858444690704,0.522824450913403,0.986858206010109,197.627642445266304,0.208566628396511,1.182151615619660
107,MX07008,107,2822.000000000000000,0.048993056339444,0.002719483338296,16.277809143066406,16.275089659728110,0.201216828231821,0.808349716077561,567.833889270199847,0.070914208889008,0.231986081600189
108,MX30015,108,2128.000000000000000,0.036944445035556,0.046115107834339,12.401724815368652,12.355609707534313,0.247805807228319,0.611220528416642,527.330757781863440,0.130825005471706,0.382024231553078
109,MX25002,109,6640.000000000000000,0.115277779622222,0.043404702097178,14.675315856933594,14.631911154836416,0.301617883318608,0.925009920085635,2002.742745235557777,0.117524277418852,0.375773990154266
110,MX20174,110,15.000000000000000,0.000260416670833,2.129120826721191,12.497887611389160,10.368766784667969,7.398915672302246,3.061226399917164,110.983735084533691,6.529771804809570,11.533966827392579
111,MX28004,111,2941.000000000000000,0.051059028594722,0.042059529572725,5.211768150329590,5.169708620756865,0.159550491211235,0.285310833541867,469.237994652242094,0.110421888530254,0.204823240637779
112,MX13008,112,1591.000000000000000,0.027621528219722,0.165671348571777,32.348117828369141,32.182446479797363,1.009239462619304,2.622397051909010,1605.699985027312323,0.450467437505722,1.613666415214539
113,MX11004,113,1868.000000000000000,0.032430556074444,0.257943600416183,45.636646270751953,45.378702670335770,2.067446791225890,4.026338655833473,3861.990606009961539,0.875765502452850,4.155611658096312
114,MX11005,114,2098.000000000000000,0.036423611693889,0.361308008432388,57.627670288085938,57.266362279653549,2.890009098685397,4.711513404417353,6063.239089041962870,1.270872235298157,6.578693103790282
115,MX16006,115,8098.000000000000000,0.140590280027222,0.008676270954311,18.267293930053711,18.258617659099400,0.271064187917457,1.090706982921346,2195.077793755564471,0.086876593530178,0.299483081698418
116,MX15010,116,375.000000000000000,0.006510416770833,0.491117924451828,31.672580718994141,31.181462794542313,4.528102818727492,5.647682359564108,1698.038557022809300,1.961977362632751,11.418970489501955
117,MX12006,117,3085.000000000000000,0.053559028634722,0.037109848111868,7.121294021606445,7.084184173494577,0.124666636068876,0.376660151249438,384.596572272481069,0.077284336090088,0.126836290955543
118,MX30017,118,333.000000000000000,0.005781250092500,0.164324745535851,22.525804519653320,22.361479774117470,0.961135536298023,2.608279409889438,320.058133587241514,0.335891962051392,1.285120201110840
119,MX29002,119,59.000000000000000,0.001024305571944,1.590144872665405,34.527870178222656,32.937725305557251,11.795174039016336,8.089093256054792,695.915268301963806,10.545969963073730,23.794971847534185
120,MX29005,120,218.000000000000000,0.003784722282778,0.646737694740295,37.414398193359375,36.767660498619080,8.666888871597592,9.127881694409908,1889.381774008275215,4.965228796005249,24.349864578247079
121,MX19006,121,1170.000000000000000,0.020312500325000,1.347563385963440,63.041587829589844,61.694024443626404,21.935475786628892,16.962578433817018,25664.506670355804090,19.559875488281250,46.309533309936519
122,MX16007,122,288.000000000000000,0.005000000080000,0.093465432524681,4.075344085693359,3.981878653168678,0.303708515906086,0.440463598320710,87.468052580952701,0.184926211833954,0.425485745072365
123,MX32001,123,1469.000000000000000,0.025503472630278,0.053701531141996,14.709855079650879,14.656153548508883,0.424535065016996,1.322855086436480,623.642010509967463,0.117927134037018,0.558398377895355
124,MX32002,124,1016.000000000000000,0.017638889171111,0.064088210463524,5.055065631866455,4.990977421402931,0.237462202233710,0.350937278325106,241.261597469449129,0.149416550993919,0.370348408818245
125,MX16008,125,11129.000000000000000,0.193211808646944,0.011082711629570,4.163152694702148,4.152069983072579,0.091899464646402,0.149685922474642,1022.749142049811098,0.070842027664185,0.108818550407887
126,MX30018,126,102.000000000000000,0.001770833361667,0.190714657306671,6.835189819335938,6.644475162029266,0.627762710639075,1.018342899761519,64.031796485185609,0.291377857327461,1.505704170465473
127,MX08004,127,2623.000000000000000,0.045538195173056,0.123093202710152,49.958232879638672,49.835139676928520,0.762053861339220,2.877519032561626,1998.867278292774927,0.216866821050644,0.849252998828888
128,MX24003,128,4003.000000000000000,0.069496528889722,0.048265051096678,3.108753204345703,3.060488153249025,0.182659734459280,0.184235465801937,731.186917040496496,0.128228530287743,0.304598611593246
129,MX21016,129,836.000000000000000,0.014513889121111,0.107861369848251,4.689715862274170,4.581854492425919,0.377717833636266,0.386053561140039,315.772108919918480,0.257777750492096,0.751808166503906
130,MX19007,130,13763.000000000000000,0.238940976045278,0.023075658828020,10.838904380798340,10.815828721970320,0.109588763674080,0.326166571930672,1508.270154446366860,0.070156924426556,0.109861248731613
131,MX14008,131,4746.000000000000000,0.082395834651667,0.075284421443939,21.667667388916016,21.592382967472076,0.513613424333362,1.644148657835014,2437.609311886135401,0.175655119121075,0.655374795198441
132,MX12007,132,3707.000000000000000,0.064357639918611,0.035445325076580,20.613412857055664,20.577967531979084,0.305604155170112,1.144606622371416,1132.874603215604111,0.116159081459045,0.403557008504868
133,MX16009,133,3451.000000000000000,0.059913195403056,0.044910512864590,14.369606018066406,14.324695505201817,0.223607217423970,0.719690614874089,771.668507330119837,0.110818840563297,0.303890138864517
134,MX26005,134,3872.000000000000000,0.067222223297778,0.035462029278278,4.914822578430176,4.879360549151897,0.080782035200218,0.153588627920914,312.788040295243945,0.069816384464502,0.084377983957529
135,MX26006,135,16617.000000000000000,0.288489587949167,0.044843126088381,8.512337684631348,8.467494558542967,0.089266052237243,0.135124435722271,1483.333990026265155,0.082661591470242,0.097493544220924
136,MX24004,136,3151.000000000000000,0.054704861986389,0.061591625213623,4.284453868865967,4.222862243652344,0.178170885806782,0.153262981740259,561.416461177170049,0.142032250761986,0.248518258333206
137,MX06001,137,2013.000000000000000,0.034947917225833,0.076994925737381,25.258247375488281,25.181252449750900,0.505271517269599,1.623065174935899,1017.111564263702007,0.176325395703316,0.595903766155243
138,MX07009,138,3895.000000000000000,0.067621528859722,0.019931413233280,35.931438446044922,35.911507032811642,0.471708794359467,1.965626615091412,1837.305754030124035,0.126961126923561,0.593628454208374
139,MX22003,139,3674.000000000000000,0.063784723242778,0.046906583011150,6.271376132965088,6.224469549953938,0.166878400816621,0.318660098201327,613.111244600265195,0.102334767580032,0.244231143593788
140,MX05004,140,8449.000000000000000,0.146684030124722,0.058846820145845,44.361175537109375,44.302328716963530,0.424614264166931,1.687185769451438,3587.565917946401441,0.141921699047089,0.520775377750397
141,MX16010,141,16928.000000000000000,0.293888893591111,0.005883567500859,11.693700790405273,11.687817222904414,0.088443771585296,0.303848422923618,1497.176165395884709,0.064193788915873,0.092583036422729
142,MX08005,142,70001.000000000000000,1.215295158333611,0.058325145393610,45.333225250244141,45.274900104850531,0.142532282010619,0.599165428459146,9977.402273025336399,0.111875027418137,0.155248343944550
143,MX01002,143,2761.000000000000000,0.047934028544722,0.110595405101776,20.685083389282227,20.574487984180450,0.845699531418479,1.578090020704237,2334.976406246420538,0.340978026390076,1.874056935310364
144,MX30019,144,145.000000000000000,0.002517361151389,0.139661863446236,8.396644592285156,8.256982728838921,1.270558731412066,1.472306435979850,184.231016054749574,0.814886748790741,2.996613311767576
145,MX20003,145,374.000000000000000,0.006493055659444,0.053060941398144,2.715449094772339,2.662388153374195,0.203674512940215,0.294505621020153,76.174267839640308,0.125199742615223,0.361698108911514
146,MX20004,146,410.000000000000000,0.007118055669444,0.033832542598248,1.582388281822205,1.548555739223957,0.105433596243582,0.160971632957169,43.227774459868677,0.072774074971676,0.115397196263075
147,MX20005,147,3211.000000000000000,0.055746528669722,0.054906405508518,7.123704433441162,7.068798027932644,0.244161050890844,0.394662684890144,784.001134410500299,0.148645713925362,0.383200883865356
148,MX20006,148,1683.000000000000000,0.029218750467500,0.024147799238563,22.360647201538086,22.336499402299523,0.340421613350077,1.403036964166880,572.929575268179406,0.096314080059528,0.409858971834182
149,MX20007,149,23.000000000000000,0.000399305561944,0.206343919038773,4.097512245178223,3.891168326139450,1.477561641646468,1.209282221620994,33.983917757868767,1.140054464340210,3.139748239517212
150,MX20008,150,924.000000000000000,0.016041666923333,0.013328849337995,1.632909417152405,1.619580567814410,0.064283365892746,0.100458068711538,59.397830084897542,0.051257329061627,0.068559040874243
151,MX11006,151,1580.000000000000000,0.027430555994444,0.048168029636145,1.414797425270081,1.366629395633936,0.145674699101644,0.142198570353952,230.166024580597679,0.097663834691048,0.264723008871079
152,MX14010,152,1763.000000000000000,0.030607639378611,0.060501918196678,13.874551773071289,13.814049854874611,0.249716440757702,0.947653377606342,440.250085055827867,0.112065792083740,0.205494597554207
153,MX21017,153,241.000000000000000,0.004184027844722,0.162878006696701,12.753774642944336,12.590896636247635,1.851091692123670,1.939806218149305,446.113097801804543,1.171464681625366,4.299558162689209
154,MX12008,154,2749.000000000000000,0.047725695208056,0.046984884887934,13.217460632324219,13.170475747436285,0.184266144961997,0.603639742067398,506.547632500528550,0.102141037583351,0.171155774593353
155,MX15011,155,438.000000000000000,0.007604166788333,2.841951370239258,61.193378448486328,58.351427078247070,10.381562798534903,10.442590272392826,4547.124505758287341,5.142716884613037,26.779901504516609
156,MX14011,156,2195.000000000000000,0.038107639498611,0.032089792191982,3.249376535415649,3.217286743223667,0.104024454280904,0.163458330092636,228.333677146583540,0.079474627971649,0.117800486087799
157,MX14012,157,3043.000000000000000,0.052829861956389,0.028556069359183,4.576917171478271,4.548361102119088,0.103405668574373,0.218166167857365,314.663449471816762,0.071793735027313,0.114747285842896
158,MX21018,158,1631.000000000000000,0.028315972675278,0.050314534455538,6.803836822509766,6.753522288054228,0.234372839422989,0.530515999324689,382.262101098894732,0.115281194448471,0.316422849893570
159,MX26007,159,1636.000000000000000,0.028402778232222,0.056989692151546,9.860009193420410,9.803019501268864,0.136605093071196,0.482539647433966,223.485932264477441,0.089297093451023,0.112482637166977
160,MX13010,160,310.000000000000000,0.005381944530556,0.738780915737152,1317.618774414062500,1316.879993498325348,34.056916907141321,126.255062614402263,10557.644241213809437,9.377227306365967,47.102531051635758
161,MX15012,161,43.000000000000000,0.000746527789722,1.526896119117737,26.437961578369141,24.911065459251404,9.260545536529188,7.317764252356842,398.203458070755062,7.888856887817383,20.665326690673837
162,MX15013,162,461.000000000000000,0.008003472350278,1.824663996696472,49.230995178222656,47.406331181526184,23.314299825215286,14.345218108414882,10747.892219424247742,22.092285156250000,42.960411071777344
163,MX15014,163,1286.000000000000000,0.022326389246111,0.258751481771469,36.761161804199219,36.502410322427750,2.426901693987435,3.859320768776513,3120.995578467840915,1.055410444736481,5.499382495880127
164,MX30020,164,304.000000000000000,0.005277777862222,0.165257051587105,6.003982543945312,5.838725492358208,1.473389986706408,1.207389647645734,447.910555958747864,0.999329894781113,3.332706212997437
165,MX12009,165,717.000000000000000,0.012447916865833,0.036753904074430,3.042696475982666,3.005942571908236,0.259786899779589,0.336372540626580,186.267207141965514,0.142386421561241,0.533075177669525
166,MX29003,166,537.000000000000000,0.009322916815833,0.221602529287338,3.511754989624023,3.290152460336685,0.548833099989918,0.486621632933820,294.723374694585971,0.369781881570816,1.026494669914246
167,MX13011,167,711.000000000000000,0.012343750197500,0.103118397295475,3.947906494140625,3.844788096845150,0.343629426070072,0.342674040413918,244.320521935821233,0.230863854289055,0.676842629909515
168,MX17002,168,391.000000000000000,0.006788194553056,0.593595325946808,19.046670913696289,18.453075587749481,3.793385815894816,3.208200181599040,1483.213854014873050,2.665950298309326,8.280473709106445
169,MX15015,169,822.000000000000000,0.014270833561667,-1.500000000000000,36.289562225341797,37.789562225341797,1.584861950953367,3.399234301019762,1302.756523683668092,0.462285965681076,3.632057237625122
170,MX21080,170,65.000000000000000,0.001128472240278,0.271755129098892,2.471741914749146,2.199986785650253,0.659146965467013,0.515241884120366,42.844552755355842,0.400515854358673,1.436803054809570
171,MX21019,171,1449.000000000000000,0.025156250402500,0.227204978466034,41.610622406005859,41.383417427539825,3.594902571930893,5.542875292353485,5209.013826727864398,1.039659857749939,10.032511711120607
172,MX12010,172,2804.000000000000000,0.048680556334444,0.021451175212860,4.491025924682617,4.469574749469757,0.173988152316608,0.304884199511132,487.862779095768531,0.090379472821951,0.325174757838249
173,MX29004,173,933.000000000000000,0.016197916925833,0.163000106811523,20.462953567504883,20.299953460693359,0.896005002983386,1.669850544085549,835.972667783499560,0.440709084272385,1.607193350791931
174,MX32003,174,1416.000000000000000,0.024583333726667,0.047297146171331,5.491781234741211,5.444484088569880,0.161337327227880,0.311819121768762,228.453655354678517,0.107040278613567,0.233614370226860
175,MX13013,175,608.000000000000000,0.010555555724444,0.709175050258636,79.355552673339844,78.646377623081207,8.495259818277871,9.570419170276955,5165.117969512945820,5.349435091018677,19.702608871459965
176,MX14013,176,2558.000000000000000,0.044409722932778,0.128638252615929,48.214511871337891,48.085873618721962,1.013457648205606,2.905040789916951,2592.424664109939840,0.299364924430847,1.878814196586609
177,MX13012,177,2286.000000000000000,0.039687500635000,0.098120063543320,11.019060134887695,10.920940071344376,0.394712103776836,0.636809590976627,902.311869233847119,0.220335371792316,0.747820317745209
178,MX14014,178,2242.000000000000000,0.038923611733889,0.071340627968311,14.423091888427734,14.351751260459423,0.285724595385163,0.725466315956424,640.594542853534904,0.160046063363552,0.366152003407479
179,MX30021,179,604.000000000000000,0.010486111278889,0.147654548287392,17.721361160278320,17.573706611990929,0.932249960791788,1.964271064010033,563.078976318239711,0.363306745886803,1.722810804843905
180,MX12011,180,7098.000000000000000,0.123229168638333,0.013868226669729,18.716178894042969,18.702310667373240,0.220229728085719,0.788731431547862,1563.190609952433761,0.079807449132204,0.311958551406860
181,MX21020,181,127.000000000000000,0.002204861146389,0.241629496216774,16.892843246459961,16.651213750243187,1.998688390639823,3.185670358036696,253.833425611257496,0.670585572719574,5.349905776977544
182,MX30022,182,319.000000000000000,0.005538194533056,0.257008463144302,10.021096229553223,9.764087766408920,1.196233035722123,1.467883980896303,381.598338395357132,0.593910098075867,2.748594808578491
183,MX21021,183,56.000000000000000,0.000972222237778,0.255434989929199,3.434337854385376,3.178902864456177,0.618452005620514,0.690086735701217,34.633312314748778,0.326503053307533,1.101765692234039
184,MX30023,184,2594.000000000000000,0.045034722942778,0.111177287995815,5.959311962127686,5.848134674131870,0.320331295295895,0.393698517919880,830.939379997552237,0.224636279046535,0.512862205505371
185,MX21022,185,635.000000000000000,0.011024305731944,0.197587534785271,7.783555984497070,7.585968449711800,0.594625418064163,0.725920034201146,377.587140470743236,0.380274713039398,1.080829834938049
186,MX21023,186,650.000000000000000,0.011284722402778,-0.038424529135227,5.110251426696777,5.148675955832005,0.288038611028057,0.459279617415626,187.225097168236971,0.162975110113621,0.483838611841202
187,MX14015,187,3509.000000000000000,0.060920139863611,0.038748856633902,24.253959655761719,24.215210799127817,0.479527509606999,1.794706548622384,1682.662031210959640,0.118690192699432,0.532752287387848
188,MX15016,188,1422.000000000000000,0.024687500395000,0.361660778522491,26.220829010009766,25.859168231487274,1.742408534016788,2.594451081429537,2477.704935371873034,0.853414982557297,3.904188847541814
189,MX17003,189,701.000000000000000,0.012170139083611,0.217055588960648,19.452074050903320,19.235018461942673,1.311416922299227,2.337220830268025,919.303262531757923,0.506923556327820,2.701386451721191
190,MX24053,190,957.000000000000000,0.016614583599167,0.115477539598942,6.789754390716553,6.674276851117611,0.591135550325380,0.653538477244525,565.716721661388306,0.400354146957397,1.052756381034851
191,MX21024,191,927.000000000000000,0.016093750257500,0.041259042918682,4.658534049987793,4.617275007069111,0.150576883173491,0.356761771314072,139.584770701825732,0.092012688517570,0.135490038990974
192,MX30025,192,861.000000000000000,0.014947916905833,0.059453956782818,4.966455936431885,4.907001979649067,0.288028867731388,0.472555958444355,247.992855116724854,0.143347546458244,0.525969684123993
193,MX17004,193,1865.000000000000000,0.032378472740278,0.234266594052315,72.579467773437500,72.345201179385185,2.170695122229512,4.064179896707076,4048.346402958039107,0.843271017074585,5.516054248809821
194,MX15017,194,251.000000000000000,0.004357638958611,0.741471529006958,23.408843994140625,22.667372465133667,2.838067408576904,3.475498517404701,712.354919552803040,1.237392902374268,6.958184719085693
195,MX20398,195,519.000000000000000,0.009010416810833,0.035693723708391,5.512536048889160,5.476842325180769,0.209572767426111,0.589220791924182,108.768266294151530,0.079778797924519,0.210218712687492
196,MX14016,196,2150.000000000000000,0.037326389486111,0.106619589030743,14.909244537353516,14.802624948322773,0.496474406715743,1.042271949288498,1067.419974438847476,0.219613082706928,0.878917419910432
197,MX21025,197,529.000000000000000,0.009184027924722,0.109952963888645,3.002200126647949,2.892247162759304,0.286231029898435,0.286792058627957,151.416214816272372,0.212903320789337,0.419577288627624
198,MX20009,198,770.000000000000000,0.013368055769444,0.056913115084171,4.481847763061523,4.424934647977352,0.191826580455164,0.346293443931613,147.706466950476283,0.118946626782417,0.229475598037243
199,MX14017,199,4405.000000000000000,0.076475695668056,0.022022785618901,20.587429046630859,20.565406261011958,0.157191358659327,0.678720499757659,692.427934894335294,0.076857388019562,0.156191432476044
200,MX12012,200,5137.000000000000000,0.089184029204722,0.022240901365876,23.250585556030273,23.228344654664397,0.330658346860919,0.969589063107197,1698.591927824541472,0.149798512458801,0.548781633377076
201,MX09002,201,165.000000000000000,0.002864583379167,25.180280685424805,54.305301666259766,29.125020980834961,38.119432275945499,5.169283321234872,6289.706325531007678,37.563903808593750,43.518621826171874
202,MX12013,202,1924.000000000000000,0.033402778312222,0.068385943770409,10.666783332824707,10.598397389054298,0.283022111088131,0.676967004233636,544.534541733563287,0.135233238339424,0.376777550578117
203,MX31004,203,546.000000000000000,0.009479166818333,0.123937070369720,10.095395088195801,9.971458017826080,0.504299465021044,0.956983416679722,275.347507901489962,0.244722045958042,0.902733474969864
204,MX26008,204,5717.000000000000000,0.099253473810278,0.028592551127076,7.666106700897217,7.637514149770141,0.078163413962655,0.195461298742083,446.860237624496733,0.068409226834774,0.081988587975502
205,MX23010,205,29961.000000000000000,0.520156258322500,0.008175646886230,17.870113372802734,17.861937725916505,0.114586892966459,0.458800512925189,3433.137900168081160,0.066212639212608,0.103817075490952
206,MX26009,206,6018.000000000000000,0.104479168338333,0.039110556244850,148.957153320312500,148.918042764067650,0.184097645935520,2.801497507494799,1107.899633239956756,0.070232823491096,0.102607167512178
207,MX26010,207,7277.000000000000000,0.126336807576944,0.035372208803892,5.657786846160889,5.622414637356997,0.083894137110343,0.148437885959551,610.497635751962662,0.076415076851845,0.091742144525051
208,MX08006,208,5061.000000000000000,0.087864584739167,0.038077373057604,5.092051982879639,5.053974609822035,0.134350809634668,0.258822659087480,679.949447561055308,0.083273246884346,0.165789842605591
209,MX26011,209,6673.000000000000000,0.115850696298056,0.057679727673531,11.535285949707031,11.477606222033501,0.107246549580920,0.279935494656461,715.656225353475861,0.091003343462944,0.107739783823490
210,MX26012,210,8285.000000000000000,0.143836807856944,0.040331691503525,21.051353454589844,21.011021763086319,0.230730003905390,0.863913069823713,1911.598082356156738,0.085086569190025,0.277844583988190
211,MX25003,211,25018.000000000000000,0.434340284727222,0.025834355503321,19.605888366699219,19.580054011195898,0.102883050642602,0.313731284869203,2573.928160976609888,0.076199095696211,0.110761301964521
212,MX18020,212,3844.000000000000000,0.066736112178889,0.036332890391350,38.903369903564453,38.867037013173103,1.512808645775971,3.939506402406562,5815.236434362832370,0.178074613213539,4.139613294601443
213,MX27001,213,17530.000000000000000,0.304340282647222,0.021615281701088,32.254848480224609,32.233233198523521,0.204924199089017,0.924758205520912,3592.321210030465863,0.087858892977238,0.219289189577103
214,MX08007,214,28074.000000000000000,0.487395841131667,0.021024966612458,22.901502609252930,22.880477642640471,0.085662026353201,0.302758786529199,2404.875727839766569,0.064122471958399,0.088460085541010
215,MX26013,215,4365.000000000000000,0.075781251212500,0.041900448501110,30.123226165771484,30.081325717270374,0.140225586737213,0.833266639763975,612.084686107932725,0.076601497828960,0.103872156143188
216,MX30026,216,100.000000000000000,0.001736111138889,0.713615238666534,22.100666046142578,21.387050807476044,5.756518393158914,5.704690862284638,575.651839315891380,3.173591136932373,15.486519432067871
217,MX08008,217,11169.000000000000000,0.193906253102500,0.023332228884101,10.394859313964844,10.371527085080743,0.070803513820810,0.128745329624318,790.804445864630452,0.061808425933123,0.078113643825054
218,MX26014,218,4527.000000000000000,0.078593751257500,0.039899379014969,11.795717239379883,11.755817860364914,0.121270387090935,0.426084346747624,548.991042360663187,0.074706420302391,0.099617329239845
219,MX26015,219,9312.000000000000000,0.161666669253333,0.037911564111710,4.958948135375977,4.921036571264267,0.086599161013116,0.112087064868222,806.411387354136423,0.080194186419249,0.094506261497736
220,MX07010,220,382.000000000000000,0.006631944550556,0.038638602942228,2.095901489257812,2.057262886315584,0.315118814082280,0.272550530556758,120.375386979430786,0.241145379841328,0.614281547069550
221,MX07011,221,1046.000000000000000,0.018159722512778,0.032124523073435,5.145969867706299,5.113845344632864,0.281265878074056,0.392505064509825,294.204108465462866,0.164793126285076,0.578893840312958
222,MX07114,222,5118.000000000000000,0.088854168088333,0.010106173343956,10.544652938842773,10.534546765498817,0.144985682109932,0.509216289293533,742.036721038631072,0.064049396663904,0.155656336247921
223,MX09014,223,132.000000000000000,0.002291666703333,30.762294769287109,59.751377105712891,28.989082336425781,42.426727468317225,6.160973133078226,5600.328025817873822,41.838298797607422,50.378689193725592
224,MX12014,224,1125.000000000000000,0.019531250312500,0.056149546056986,13.937549591064453,13.881400045007467,0.387361683971353,1.036495114453435,435.781894467772020,0.127428188920021,0.588067555427551
225,MX23005,225,10529.000000000000000,0.182795141813611,0.060857649892569,114.636024475097656,114.575166825205088,3.018694277764672,10.559826932015156,31783.832050584231183,0.147796452045441,3.966983366012581
226,MX26071,226,1709.000000000000000,0.029670139363611,0.054835852235556,15.970153808593750,15.915317956358194,0.501962115736368,1.583575806041935,857.853255793452831,0.149058520793915,0.589975833892823
227,MX29045,227,125.000000000000000,0.002170138923611,0.227606967091560,11.937769889831543,11.710162922739983,0.971350814938546,2.083495864202767,121.418851867318196,0.334775835275650,1.553109216690064
228,MX30027,228,1161.000000000000000,0.020156250322500,0.097882144153118,2.390397071838379,2.292514927685261,0.231060698589922,0.196704555246031,268.261471062898920,0.161075100302696,0.421406477689743
229,MX32004,229,1655.000000000000000,0.028732639348611,0.037364024668932,5.593937873840332,5.556573849171400,0.123451988063640,0.300950349400994,204.313040245324430,0.080954007804394,0.138202223181725
230,MX26016,230,7613.000000000000000,0.132170141003611,0.051120039075613,19.977706909179688,19.926586870104074,0.132302490774869,0.607291969808497,1007.218862269075998,0.091864280402660,0.114363802969456
231,MX07012,231,1716.000000000000000,0.029791667143333,0.085858382284641,35.944988250732422,35.859129868447781,1.121272057516279,3.023675621526195,1924.102850697935082,0.305424198508263,2.116141915321350
232,MX30028,232,184.000000000000000,0.003194444495556,1.618433713912964,80.941276550292969,79.322842836380005,27.877330454147383,19.971526985624063,5129.428803563118890,29.577616691589355,52.129417419433594
233,MX07013,233,1785.000000000000000,0.030989583829167,0.055268485099077,21.010351181030273,20.955082695931196,0.490241480000964,1.402588284482107,875.081041801721426,0.160085991024971,0.856320035457611
234,MX08009,234,14277.000000000000000,0.247864587299167,0.015810772776604,22.886417388916016,22.870606616139412,0.133693842241593,0.738171723162655,1908.746985683217417,0.062232878059149,0.099502268433571
235,MX31005,235,359.000000000000000,0.006232638988611,0.118267118930817,7.102552413940430,6.984285295009613,0.337662032200931,0.747913300012662,121.220669560134368,0.175303131341934,0.350374251604080
236,MX14019,236,4361.000000000000000,0.075711806766944,0.030897803604603,7.551693439483643,7.520795635879040,0.118543208978867,0.317690046703219,516.966934356837896,0.075168401002884,0.117992751300335
237,MX16011,237,342.000000000000000,0.005937500095000,0.152000293135643,16.021032333374023,15.869032040238380,1.148901607340191,2.513172195196293,392.924349710345439,0.268706634640694,2.838833379745486
238,MX31006,238,3281.000000000000000,0.056961806466944,0.048206303268671,13.724434852600098,13.676228549331427,0.160620950212369,0.668946085441545,526.997337646783080,0.083022117614746,0.126923069357872
239,MX08010,239,42643.000000000000000,0.740329872956389,0.033462695777416,22.125276565551758,22.091813869774342,0.126561074471431,0.563736321917832,5396.943898685223758,0.086304560303688,0.109508959949017
240,MX16012,240,4569.000000000000000,0.079322917935833,0.049656130373478,13.206198692321777,13.156542561948299,0.252928178454938,0.710796152478354,1155.628847360610507,0.126047596335411,0.302444809675217
241,MX12015,241,1500.000000000000000,0.026041667083333,0.112961977720261,25.819828033447266,25.706866055727005,0.628227110768358,1.869412909955573,942.340666152536414,0.228455856442451,0.881399744749073
242,MX28005,242,9813.000000000000000,0.170364586059167,0.036167651414871,156.400360107421875,156.364192456007004,0.182767162832352,2.769613815472227,1793.494168873874287,0.079990193247795,0.129520490765572
243,MX19008,243,2446.000000000000000,0.042465278457222,0.050289295613766,14.557458877563477,14.507169581949711,0.177719523636769,0.732419152136773,434.701954815536226,0.087548118084669,0.141521550714970
244,MX28006,244,7388.000000000000000,0.128263890941111,0.016211122274399,6.204952239990234,6.188741117715836,0.086772885797298,0.184134626799554,641.078080270438249,0.066270865499973,0.095341638475657
245,MX14020,245,7674.000000000000000,0.133229168798333,0.025555802509189,8.622276306152344,8.596720503643155,0.108947419338870,0.285796947086262,836.062496006486754,0.072487078607082,0.114372007548809
246,MX26017,246,57923.000000000000000,1.005607654978611,0.047452863305807,54.450859069824219,54.403406206518412,0.229932980849079,1.700897389947138,13318.408049721199859,0.098443895578384,0.148232251405716
247,MX07015,247,838.000000000000000,0.014548611343889,-0.030933478847146,16.739124298095703,16.770057776942849,0.845815135579893,1.699148565181461,708.793083615950422,0.301510646939278,1.959875559806828
248,MX31007,248,508.000000000000000,0.008819444585556,0.139865070581436,17.151805877685547,17.011940807104111,0.603309012773469,1.746718662890015,306.480978488922290,0.198735088109970,0.600462847948075
249,MX22004,249,6724.000000000000000,0.116736112978889,0.073037378489971,33.930946350097656,33.857908971607685,0.488006190955859,1.295859779181745,3281.353627987197342,0.192004002630711,0.854789406061172
250,MX19009,250,5892.000000000000000,0.102291668303333,0.156001985073090,3714.894775390625000,3714.738773405551910,6.473090781494540,85.303372558588620,38139.450884565827437,0.741205900907516,3.987971615791327
251,MX26018,251,25612.000000000000000,0.444652784892222,0.030507147312164,53.909954071044922,53.879446923732758,0.735343586776674,3.789953638743623,18833.619944524169114,0.082366634160280,0.566299694776535
252,MX04010,252,68933.000000000000000,1.196753491370278,-0.005248611792922,26.189092636108398,26.194341247901320,0.071359919379055,0.283261883808423,4919.053322556423154,0.053528398275375,0.080933800339699
253,MX30029,253,662.000000000000000,0.011493055739444,-1.500000000000000,5.511592864990234,7.011592864990234,0.358596975165996,0.585142995237062,237.391197559889292,0.153666734695435,0.912554657459259
254,MX32005,254,1949.000000000000000,0.033836806096944,0.101016506552696,28.768613815307617,28.667597308754921,1.057723252860596,3.298709446180483,2061.502619825302190,0.216196477413177,1.216411471366883
255,MX20011,255,330.000000000000000,0.005729166758333,0.027321398258209,1.622357249259949,1.595035851001740,0.105188018134372,0.164270331566682,34.712045984342673,0.064446836709976,0.139802598953247
256,MX15018,256,512.000000000000000,0.008888889031111,0.220060691237450,54.468341827392578,54.248281136155128,4.553200177499092,7.060062653351112,2331.238490879535220,1.842334449291229,11.839624309539797
257,MX04001,257,9986.000000000000000,0.173368058329444,0.047230742871761,37.942592620849609,37.895361877977848,0.387450848467125,1.823462605218543,3869.084172792711342,0.095761265605688,0.294714629650116
258,MX13014,258,1055.000000000000000,0.018315972515278,0.092304199934006,4.180840015411377,4.088535815477371,0.236023807193713,0.323094453800926,249.005116589367560,0.153293192386627,0.384338027238846
259,MX31008,259,1446.000000000000000,0.025104167068333,0.051427595317364,9.890446662902832,9.839019067585468,0.177521577079163,0.556942120779903,256.696200456470365,0.094765994697809,0.151666395366192
260,MX21026,260,330.000000000000000,0.005729166758333,0.247872576117516,8.952347755432129,8.704475179314613,1.275015615558986,1.556997287670328,420.755153134465331,0.716437876224518,2.797547197341919
261,MX29006,261,1253.000000000000000,0.021753472570278,0.279951155185699,33.192638397216797,32.912687242031097,1.525254826591381,3.588095182607974,1911.144297719000406,0.508874714374542,2.854122352600096
262,MX21027,262,1930.000000000000000,0.033506944980556,0.031621936708689,2.813318729400635,2.781696792691946,0.101145712311327,0.135198498005747,195.211224760860176,0.076309278607368,0.129393468797207
263,MX01003,263,4692.000000000000000,0.081458334636667,0.063379205763340,41.779991149902344,41.716611944139004,0.500620994069009,1.840204192780963,2348.913704171788140,0.139818757772446,0.653939795494080
264,MX08011,264,72654.000000000000000,1.261354186848334,0.041038453578949,45.334976196289062,45.293937742710114,0.133749296678331,0.892821786557391,9717.421400867442571,0.089347951114178,0.107991923391819
265,MX28007,265,4767.000000000000000,0.082760417990833,0.089402101933956,26.776206970214844,26.686804868280888,0.510946745062699,1.684511445753100,2435.683133713885582,0.176594614982605,0.750735461711884
266,MX30007,266,613.000000000000000,0.010642361281389,0.096251800656319,4.482537746429443,4.386285945773125,0.272320707752499,0.379983958502651,166.932593852281713,0.179191917181015,0.410882753133774
267,MX30030,267,104.000000000000000,0.001805555584444,0.632419407367706,46.297649383544922,45.665229976177216,8.939947680211986,11.017736612906740,929.754558742046584,3.628846883773804,25.126382446289064
268,MX21028,268,78.000000000000000,0.001354166688333,0.204142034053802,3.135875463485718,2.931733429431915,0.530720103627596,0.514557892109742,41.396168082952499,0.304725587368011,1.280747091770172
269,MX04002,269,16063.000000000000000,0.278871532239722,0.024367919191718,125.043670654296875,125.019302735105157,1.018793956950897,6.021941565477337,16364.887330502255281,0.104169875383377,0.508347618579865
270,MX21099,270,1210.000000000000000,0.021006944780556,0.105892568826675,6.097480773925781,5.991588205099106,0.426230558968527,0.592895894963299,515.738976351917813,0.232648611068726,0.848393768072129
271,MX14117,271,1363.000000000000000,0.023663194823056,0.085641279816628,20.844980239868164,20.759338960051537,0.356854990753328,1.236246049117794,486.393352396786497,0.141745090484619,0.392336976528168
272,MX26019,272,12597.000000000000000,0.218697920165833,0.063968539237976,105.461685180664062,105.397716641426086,0.666185595632204,3.874056451822280,8391.939948178867780,0.125943839550018,0.368215638399124
273,MX10001,273,17925.000000000000000,0.311197921645833,0.030150953680277,25.310981750488281,25.280830796808004,0.121146031320199,0.544206746514444,2171.542611414570274,0.074323400855064,0.112270538508892
274,MX05005,274,11072.000000000000000,0.192222225297778,0.042580660432577,9.296118736267090,9.253538075834513,0.094787897201621,0.212951847491564,1049.491597816348758,0.083204846829176,0.101491445302963
275,MX04011,275,27909.000000000000000,0.484531257752500,0.005464286077768,27.629680633544922,27.624216347467154,0.120566284160443,0.536749155142921,3364.884424633797153,0.065771900117397,0.120098836719990
276,MX20012,276,877.000000000000000,0.015225694688056,0.026239609345794,4.798823356628418,4.772583747282624,0.126664237268991,0.318615412856970,111.084536084905409,0.079953640699387,0.155733022093773
277,MX10002,277,4597.000000000000000,0.079809029054722,0.031836297363043,5.027575492858887,4.995739195495844,0.108086240838274,0.165268849027322,496.872449133546127,0.076628871262074,0.153886339068413
278,MX32006,278,2290.000000000000000,0.039756945080556,0.050028685480356,20.282060623168945,20.232031937688589,0.231628145288887,1.085194953353012,530.428452711551017,0.096512958407402,0.163296851515770
279,MX31009,279,656.000000000000000,0.011388889071111,0.079127982258797,13.211417198181152,13.132289215922356,0.347489099574798,1.158346152650620,227.952849321067418,0.128836579620838,0.309036701917648
280,MX31010,280,1781.000000000000000,0.030920139383611,0.041636489331722,3.503688812255859,3.462052322924137,0.108758327176252,0.182127929143100,193.698580700904273,0.078029394149780,0.125010743737221
281,MX20247,281,182.000000000000000,0.003159722272778,0.030006447806954,5.325558185577393,5.295551737770438,0.273923212897728,0.708125020731322,49.854024747386575,0.078702282160521,0.431428682804108
282,MX15019,282,102.000000000000000,0.001770833361667,1.473588466644287,34.363098144531250,32.889509677886963,9.893684916636520,7.628684581882553,1009.155861496925013,7.436614036560059,19.222429466247561
283,MX16013,283,4534.000000000000000,0.078715279037222,0.010385202243924,5.050107479095459,5.039722276851535,0.082812451886693,0.157089694158142,375.471656854264438,0.067024298012257,0.094861765205860
284,MX26020,284,13875.000000000000000,0.240885420520833,0.051662243902683,15.268725395202637,15.217063151299953,0.107745468712068,0.308207652224106,1494.968378379941669,0.089640654623508,0.111910551786423
285,MX24005,285,1974.000000000000000,0.034270833881667,0.037033308297396,13.967404365539551,13.930371057242155,0.252386316670276,0.912029703077418,498.210589107125600,0.104216489940882,0.279050654172897
286,MX27002,286,9170.000000000000000,0.159201391436111,0.096401348710060,1159.037231445312500,1158.940830096602440,2.299913503687861,20.860062140379732,21090.206828817688802,0.455979913473129,2.910294055938721
287,MX13015,287,2958.000000000000000,0.051354167488333,0.078178927302361,5.706777572631836,5.628598645329475,0.267754361549791,0.305645980081061,792.017401464283239,0.181916527450085,0.457768493890763
288,MX08012,288,13681.000000000000000,0.237517364911389,0.022878225892782,6.229972839355469,6.207094613462687,0.079111553592705,0.161999516133283,1082.325164701793938,0.062300022691488,0.081928454339504
289,MX30208,289,1191.000000000000000,0.020677083664167,0.132178947329521,19.591285705566406,19.459106758236885,0.682521384231289,1.715822545861709,812.882968619465146,0.287034958600998,0.977474272251129
290,MX04003,290,31186.000000000000000,0.541423619773889,0.016945598646998,2472.180419921875000,2472.163474323228002,0.840381769746643,21.979179368344607,26208.145871318800346,0.085124552249908,0.255156740546227
291,MX30031,291,1234.000000000000000,0.021423611453889,0.092611193656921,4.561466693878174,4.468855500221252,0.458583987500621,0.388052026929171,565.892640575766677,0.330262497067451,0.928023338317871
292,MX28008,292,15363.000000000000000,0.266718754267500,0.027912419289351,4.686028003692627,4.658115584403276,0.086725848120899,0.086440825460338,1332.369204681372821,0.078256405889988,0.105260701477528
293,MX08013,293,20232.000000000000000,0.351250005620000,0.028148569166660,14.417548179626465,14.389399610459805,0.114684409909717,0.380519561205176,2320.294981293391629,0.078011475503445,0.117254475504160
294,MX14021,294,2593.000000000000000,0.045017361831389,0.038517814129591,11.861457824707031,11.822940010577440,0.245073740357283,0.741972197753948,635.476208746434395,0.100859224796295,0.246195015311241
295,MX05006,295,17450.000000000000000,0.302951393736111,0.035706035792828,32.604911804199219,32.569205768406391,0.228597482582260,1.233746035152609,3989.026071060439790,0.099974989891052,0.191023984551430
296,MX30157,296,1353.000000000000000,0.023489583709167,0.148197293281555,21.916057586669922,21.767860293388367,0.593683346973818,1.458922206057876,803.253568455575873,0.281175136566162,0.809090328216553
297,MX07016,297,3090.000000000000000,0.053645834191667,0.039564296603203,15.575612068176270,15.536047771573067,0.253204870604968,0.708617399464344,782.403050169350195,0.119543582201004,0.368823578953743
298,MX30032,298,3179.000000000000000,0.055190973105278,0.048935409635305,15.551712989807129,15.502777580171824,0.240904203472825,0.811886647492361,765.834462840110518,0.120038129389286,0.287157559394837
299,MX24006,299,9925.000000000000000,0.172309030534722,0.030859110876918,11.866326332092285,11.835467221215367,0.124593321144468,0.345579822887389,1236.588712358845896,0.077917523682117,0.124130304157734
300,MX21029,300,71.000000000000000,0.001232638908611,0.225088328123093,4.286167621612549,4.061079293489456,0.647361765235243,0.768103314595612,45.962685331702239,0.348421037197113,1.147073268890381
301,MX30033,301,1327.000000000000000,0.023038194813056,0.145862221717834,6.707635879516602,6.561773657798767,0.399517809987608,0.439133639760378,530.160133853555408,0.284790664911270,0.640222454071045
302,MX24007,302,5969.000000000000000,0.103628473880278,0.041649512946606,27.670631408691406,27.628981895744801,0.244853219377184,1.204121177313491,1461.528866462408587,0.097063146531582,0.261728197336197
303,MX11007,303,2760.000000000000000,0.047916667433333,0.360208481550217,67.386062622070312,67.025854140520096,8.195742149532260,13.642284049055636,22620.248332709037641,1.908395409584045,28.096453857421860
304,MX31011,304,2559.000000000000000,0.044427084044167,0.042567387223244,13.037389755249023,12.994822368025780,0.131795619247935,0.655286484301576,337.264989655464774,0.078762836754322,0.096259574592114
305,MX31012,305,2717.000000000000000,0.047170139643611,0.041880991309881,10.754580497741699,10.712699506431818,0.145629160014318,0.559644250945463,395.674427758902482,0.082596033811569,0.112717954814434
306,MX27003,306,12601.000000000000000,0.218767364611389,0.040349569171667,313.633056640625000,313.592707071453333,0.543591619051717,4.991837975843517,6849.797991670682677,0.131240576505661,0.671558499336243
307,MX27004,307,8343.000000000000000,0.144843752317500,0.108194611966610,15501.231445312500000,15501.123250700533390,10.567386935442162,232.813299379356636,88163.709202393962187,1.009369969367981,8.231163406372071
308,MX19011,308,5230.000000000000000,0.090798612563889,0.070694558322430,10.306959152221680,10.236264593899250,0.190270535273203,0.541251568333008,995.114899478852408,0.115520618855953,0.168202430009842
309,MX24008,309,4859.000000000000000,0.084357640238611,0.033166181296110,16.816978454589844,16.783812273293734,0.288685973756664,0.980332810680687,1402.725146483632670,0.120089061558247,0.387894123792648
310,MX30034,310,458.000000000000000,0.007951389016111,0.179216697812080,92.459686279296875,92.280469581484795,2.791518668745801,7.307503902632048,1278.515550285576865,0.652964204549789,7.533325910568241
311,MX24009,311,619.000000000000000,0.010746527949722,0.165514111518860,11.849140167236328,11.683626055717468,1.223234297289409,1.969332390071745,757.182030022144204,0.382608383893967,3.532121133804335
312,MX30054,312,1409.000000000000000,0.024461805946944,0.142385840415955,23.042070388793945,22.899684548377991,0.468277362642600,1.216767382157079,659.802803963422775,0.257358670234680,0.691546940803528
313,MX31016,313,569.000000000000000,0.009878472380278,0.058514449745417,10.302899360656738,10.244384910911322,0.237462577297105,0.817300088271604,135.116206482052945,0.095238998532295,0.201651567220688
314,MX20025,314,112.000000000000000,0.001944444475556,0.085447207093239,10.070718765258789,9.985271558165550,1.470914341110204,2.207095995090254,164.742406204342814,0.233697123825550,4.677269697189332
315,MX20026,315,655.000000000000000,0.011371527959722,0.027222648262978,7.887641429901123,7.860418781638145,0.382921234629195,0.708822049841199,250.813408682122429,0.168351188302040,0.738531506061554
316,MX21045,316,1931.000000000000000,0.033524306091944,-1.500000000000000,24.596393585205078,26.096393585205078,0.771045357743707,2.140549996632758,1488.888585803097612,0.246252939105034,1.449619293212891
317,MX07022,317,908.000000000000000,0.015763889141111,0.083830423653126,9.321547508239746,9.237717084586620,0.406708067012253,0.674027394079379,369.290924847125837,0.238030850887299,0.701007878780365
318,MX32009,318,4579.000000000000000,0.079496529049722,0.034136202186346,21.781564712524414,21.747428510338068,0.205891164117738,0.837625192291602,942.775640495122843,0.087322622537613,0.212734138965607
319,MX15025,319,1117.000000000000000,0.019392361421389,0.340831518173218,68.679252624511719,68.338421106338501,11.360268074268721,14.632694630516996,12689.419438958160754,3.618318319320679,33.133304595947259
320,MX30055,320,756.000000000000000,0.013125000210000,0.098295502364635,3.728700399398804,3.630404897034168,0.334761004944248,0.404663669911850,253.079319737851648,0.208233408629894,0.609504789113998
321,MX04004,321,33891.000000000000000,0.588385426080833,0.011358057148755,41.250713348388672,41.239355291239917,0.180107389289595,1.115802694591862,6104.019530413652319,0.069498598575592,0.144047752022743
322,MX07023,322,1677.000000000000000,0.029114583799167,0.092685438692570,21.191448211669922,21.098762772977352,1.052348978932973,1.266922789978445,1764.789237670594957,0.717609941959381,2.258973121643067
323,MX07024,323,1987.000000000000000,0.034496528329722,0.007018723990768,7.556505203247070,7.549486479256302,0.139118274883098,0.476230544449221,276.428012192715073,0.067566715180874,0.145865905284882
324,MX31017,324,2225.000000000000000,0.038628472840278,0.024400809779763,4.696794986724854,4.672394176945090,0.116293829174691,0.271260405369793,258.753769913688529,0.071101717650890,0.107374441623688
325,MX15026,325,1445.000000000000000,0.025086805956944,0.217920750379562,6.565184116363525,6.347263365983963,0.796915196990884,0.889693482407645,1151.542459651827585,0.411328136920929,1.776854896545411
326,MX31018,326,842.000000000000000,0.014618055789444,0.068880878388882,4.593896389007568,4.525015510618687,0.178452105480390,0.331126574877106,150.256672814488297,0.117580786347389,0.178614079952240
327,MX14030,327,3134.000000000000000,0.054409723092778,0.098831743001938,25.982381820678711,25.883550077676773,0.749442754737703,2.100390737230278,2348.753593347962124,0.201165661215782,1.224190628528595
328,MX13017,328,1380.000000000000000,0.023958333716667,0.137621238827705,10.019848823547363,9.882227584719658,0.536540355716927,0.815472411954296,740.425690889358975,0.266974806785583,1.115919995307923
329,MX21046,329,430.000000000000000,0.007465277897222,0.119885846972466,9.254884719848633,9.134998872876167,0.702416657448508,1.350191353154808,302.039162702858562,0.221600674092770,1.725581514835359
330,MX13018,330,1163.000000000000000,0.020190972545278,0.084996230900288,4.549551010131836,4.464554779231548,0.314956469113778,0.346753276254952,366.294373579323633,0.216603964567184,0.586763453483581
331,MX07025,331,890.000000000000000,0.015451389136111,0.081839077174664,4.200463294982910,4.118624217808247,0.212529582496774,0.275840816992525,189.151328422129126,0.158680625259876,0.304411241412163
332,MX15027,332,59.000000000000000,0.001024305571944,1.662158727645874,15.130146026611328,13.467987298965454,6.249152965464834,3.987825959421269,368.700024962425175,5.239841461181641,13.068306350708008
333,MX16021,333,1164.000000000000000,0.020208333656667,0.046975430101156,6.792684555053711,6.745709124952555,0.209875466468459,0.548909383066881,244.295042969286385,0.096701141446829,0.188405691087246
334,MX24015,334,10945.000000000000000,0.190017364151389,0.033210657536983,40.330055236816406,40.296844579279423,0.189460732118010,1.107687085268517,2073.647713031617513,0.086756803095341,0.167418649792671
335,MX16022,335,1604.000000000000000,0.027847222667778,0.068235121667385,55.486694335937500,55.418459214270115,0.776263390721153,2.499233423702593,1245.126478716729707,0.320634081959724,1.223645174503326
336,MX16023,336,754.000000000000000,0.013090277987222,0.105713479220867,14.347762107849121,14.242048628628254,0.512619440461106,1.238552996403476,386.515058107674179,0.206156983971596,0.879498660564423
337,MX31019,337,6990.000000000000000,0.121354168608333,0.035962902009487,16.596797943115234,16.560835041105747,0.183507063054881,0.728461410648388,1282.714370753617231,0.081143990159035,0.162238694727421
338,MX07026,338,1230.000000000000000,0.021354167008333,0.108017750084400,14.714174270629883,14.606156520545483,0.992019355721105,1.139997262522125,1220.183807536958511,0.676886290311813,1.942731642723084
339,MX16024,339,1101.000000000000000,0.019114583639167,0.047954417765141,10.563123703002930,10.515169285237789,0.336103595942124,1.047635973486469,370.050059132278022,0.104227781295776,0.324427217245102
340,MX07027,340,4052.000000000000000,0.070347223347778,0.017425589263439,32.413829803466797,32.396404214203358,0.846628752024523,2.312772390308448,3430.539703203366116,0.265629291534424,1.615322530269623
341,MX07028,341,255.000000000000000,0.004427083404167,0.092216759920120,3.259768724441528,3.167551964521408,0.316087942088351,0.398277717810308,80.602425232529583,0.189250633120537,0.638972258567810
342,MX29010,342,385.000000000000000,0.006684027884722,0.384682506322861,36.222316741943359,35.837634235620499,5.819400263606723,8.349627582810342,2240.469101488588421,1.844104647636414,18.399868392944338
343,MX15028,343,102.000000000000000,0.001770833361667,3.131120204925537,42.416484832763672,39.285364627838135,16.823380767130384,8.935465716184952,1715.984838247299194,15.073413372039795,30.393808746337896
344,MX21047,344,3954.000000000000000,0.068645834431667,0.033832438290119,16.003503799438477,15.969671361148357,0.210486114150424,0.747813118869912,832.262095350774530,0.095898162573576,0.232965718209744
345,MX21048,345,400.000000000000000,0.006944444555556,0.239096403121948,7.511137962341309,7.272041559219360,1.350251631364227,1.424658718646720,540.100652545690878,0.841313242912292,3.555975627899174
346,MX31021,346,2347.000000000000000,0.040746528429722,0.027594307437539,5.382322311401367,5.354728003963828,0.112762446364076,0.308491707004113,264.653461616486311,0.062376435846090,0.133565428853035
347,MX21050,347,540.000000000000000,0.009375000150000,0.115965217351913,7.295966148376465,7.180000931024551,0.753340820581825,0.780819228062303,406.804043114185504,0.494305938482285,1.647421383857727
348,MX07029,348,566.000000000000000,0.009826389046111,0.079739339649677,10.617671966552734,10.537932626903057,0.446446526887771,1.045904792549403,252.688734218478203,0.183614671230316,0.663221836090088
349,MX15029,349,210.000000000000000,0.003645833391667,0.979150831699371,71.778038024902344,70.798887193202972,21.110061621949782,21.338128301649810,4433.112940609454199,8.231253623962402,56.546239089965816
350,MX07030,350,4836.000000000000000,0.083958334676667,-0.006312401965261,8.283004760742188,8.289317162707448,0.157650299868153,0.407244706653428,762.396850162387864,0.074059925973415,0.270236775279045
351,MX30056,351,467.000000000000000,0.008107639018611,0.100191786885262,1.645770072937012,1.545578286051750,0.250588660656895,0.203905049577581,117.024904526770115,0.177732184529305,0.436611878871918
352,MX15030,352,34.000000000000000,0.000590277787222,15.714157104492188,50.805442810058594,35.091285705566406,33.409645753748286,9.678497581102000,1135.927955627441634,32.140687942504883,46.489496231079102
353,MX21049,353,448.000000000000000,0.007777777902222,0.162279620766640,7.846247196197510,7.683967575430870,0.700229223884110,0.908544346414119,313.702692300081310,0.384640917181969,1.488997995853425
354,MX30057,354,672.000000000000000,0.011666666853333,0.074253931641579,6.792230129241943,6.717976197600365,0.299742241755926,0.526237939409037,201.426786459982452,0.160997904837132,0.521177160739899
355,MX30058,355,4685.000000000000000,0.081336806856944,0.066209442913532,67.134628295898438,67.068418852984905,0.284682387934168,1.542643517949426,1333.736987471577322,0.163386777043343,0.372661066055298
356,MX31020,356,223.000000000000000,0.003871527839722,0.210458964109421,7.051257610321045,6.840798646211624,0.739074464402926,1.035081411502358,164.813605561852398,0.381556540727615,1.540565562248232
357,MX21051,357,1597.000000000000000,0.027725694888056,0.074952341616154,17.947040557861328,17.872088216245174,0.638350836932659,1.446435604072306,1019.446286581457002,0.261762410402298,1.261724209785462
358,MX21052,358,126.000000000000000,0.002187500035000,0.135958939790726,5.285696506500244,5.149737566709518,0.515014337641852,0.865648226383732,64.891806542873383,0.201219506561756,1.029739081859589
359,MX21053,359,3769.000000000000000,0.065434028824722,0.117925241589546,34.857543945312500,34.739618703722954,0.681943603696162,1.828255455973832,2570.245442330834521,0.250678360462189,1.237118172645571
360,MX21054,360,736.000000000000000,0.012777777982222,0.108330726623535,13.499042510986328,13.390711784362793,0.784011826678381,1.689240486461952,577.032704435288451,0.177912235260010,1.908540308475494
361,MX08019,361,44744.000000000000000,0.776805567984445,0.038873754441738,130.092117309570312,130.053243555128574,1.340551102206396,6.996771476894924,59981.618517122973572,0.096843801438808,0.483960196375848
362,MX31022,362,2364.000000000000000,0.041041667323333,0.025375938042998,5.691098690032959,5.665722751989961,0.092354252917122,0.242649987958472,218.325453896075743,0.060162166133523,0.081936468929052
363,MX21055,363,630.000000000000000,0.010937500175000,0.064699731767178,6.905775070190430,6.841075338423252,0.334568422973629,0.668109479055359,210.778106473386146,0.142710819840431,0.550372642278671
364,MX21056,364,689.000000000000000,0.011961805746944,0.045399274677038,4.505354881286621,4.459955606609583,0.141622213276403,0.317430912300469,97.577704947441802,0.088065803050995,0.145209920406342
365,MX12028,365,3681.000000000000000,0.063906251022500,0.053099855780602,18.888509750366211,18.835409894585609,0.423140878697284,1.181206180447977,1557.581574484702060,0.182336211204529,0.714662373065948
366,MX16025,366,1520.000000000000000,0.026388889311111,0.054217189550400,6.492434978485107,6.438217788934708,0.368375334638711,0.768887988837204,559.930508650840011,0.123914025723934,0.731795197725297
367,MX21058,367,720.000000000000000,0.012500000200000,0.041633401066065,7.742777824401855,7.701144423335791,0.381544455466792,0.719831437962622,274.712007936090231,0.132011890411377,0.835020399093628
368,MX13019,368,1108.000000000000000,0.019236111418889,0.152417555451393,7.009410381317139,6.856992825865746,0.644438249620505,0.703613573325490,714.037580579519840,0.372076719999313,1.479045891761780
369,MX07031,369,8205.000000000000000,0.142447918945833,0.019819546490908,20.360887527465820,20.341067980974913,0.287558445017977,0.749034229880622,2359.417041372504173,0.133262127637863,0.522809267044067
370,MX12029,370,10682.000000000000000,0.185451391856111,0.014307515695691,45.094165802001953,45.079858286306262,0.595763452661822,3.092272486255730,6363.945201333586738,0.084886562079191,0.481598570942878
371,MX15031,371,270.000000000000000,0.004687500075000,4.782658576965332,80.940025329589844,76.157366752624512,50.204159941496656,18.234588239375039,13555.123184204096106,56.296609878540039,68.407477569580081
372,MX14031,372,3290.000000000000000,0.057118056469444,0.027948653325438,4.249975681304932,4.222027027979493,0.096564024516401,0.191254146582998,317.695640658959519,0.070331666618586,0.100760922580957
373,MX19013,373,22052.000000000000000,0.382847228347778,0.034766893833876,21.482614517211914,21.447847623378038,0.124348658887589,0.578405375876833,2742.136625789116806,0.082294091582298,0.117912456393242
374,MX30059,374,858.000000000000000,0.014895833571667,0.249223291873932,15.945261001586914,15.696037709712982,1.073529913500472,1.580172873112633,921.088665783405304,0.674782395362854,1.678600203990936
375,MX30060,375,704.000000000000000,0.012222222417778,0.099609412252903,7.724356174468994,7.624746762216091,0.532559275140308,0.916481918681909,374.921729698776915,0.253841236233711,0.920557892322541
376,MX21059,376,438.000000000000000,0.007604166788333,0.046991933137178,6.955517292022705,6.908525358885527,0.306339167007437,0.682392321063433,134.176555149257354,0.136498548090458,0.513187038898468
377,MX16026,377,5051.000000000000000,0.087690973625278,0.029331078752875,5.291678428649902,5.262347349897027,0.107797450994639,0.186750846574661,544.484924973920215,0.083077006042004,0.128401309251785
378,MX08020,378,10467.000000000000000,0.181718752907500,0.021604295819998,29.088748931884766,29.067144636064768,0.104296350110298,0.589340781857537,1091.669896604491441,0.063193403184414,0.080788896977901
379,MX20027,379,177.000000000000000,0.003072916715833,0.058470815420151,1.832038640975952,1.773567825555801,0.177606836845309,0.218309172248137,31.436410121619719,0.108078278601170,0.281935846805573
380,MX14032,380,1485.000000000000000,0.025781250412500,0.039121694862843,4.679388046264648,4.640266351401806,0.118853896284344,0.238479028632161,176.498035982251196,0.087834432721138,0.122840453684330
381,MX30062,381,218.000000000000000,0.003784722282778,0.192422226071358,8.787178039550781,8.594755813479424,0.899809149427152,1.166181652897179,196.158394575119019,0.522481441497803,1.681331562995911
382,MX31023,382,1454.000000000000000,0.025243055959444,0.054568171501160,5.882023334503174,5.827455163002014,0.179910405253302,0.378336397650357,261.589729238301516,0.114951077848673,0.192815090715885
383,MX25007,383,16800.000000000000000,0.291666671333333,0.033058889210224,31.462036132812500,31.428977243602276,0.123771008147992,0.650229384196664,2079.352936886269163,0.072941258549690,0.120681748539209
384,MX30063,384,1961.000000000000000,0.034045139433611,0.055250998586416,2.424338102340698,2.369087103754282,0.147098811727999,0.136113796388246,288.460769798606805,0.114920288324356,0.207323029637337
385,MX16027,385,957.000000000000000,0.016614583599167,0.082673944532871,6.971276283264160,6.888602338731289,0.321551943997792,0.530047209217187,307.725210405886514,0.163076698780060,0.609835076332092
386,MX30064,386,115.000000000000000,0.001996527809722,0.176521301269531,1.325699210166931,1.149177908897400,0.368830712074819,0.239106414170114,42.415531888604157,0.274757117033005,0.644259262084961
387,MX31024,387,418.000000000000000,0.007256944560556,0.073579691350460,13.456835746765137,13.383256055414677,0.413312562861654,1.395734523610689,172.764651276171264,0.115695942193270,0.319098725914955
388,MX16028,388,1147.000000000000000,0.019913194763056,0.076336078345776,6.059391498565674,5.983055420219898,0.261157335598207,0.439444289641866,299.547463931143227,0.147223010659218,0.440029656887055
389,MX16029,389,5464.000000000000000,0.094861112628889,0.024125372990966,5.457552433013916,5.433427060022950,0.092065327165043,0.210626321175206,503.044947629795217,0.067640803754330,0.100652938336134
390,MX19012,390,719.000000000000000,0.012482639088611,0.277468174695969,37.600666046142578,37.323197871446609,4.105912181490486,6.781616128362344,2952.150858491659164,1.021264672279358,13.911895179748537
391,MX20013,391,54.000000000000000,0.000937500015000,0.467275947332382,5.332417011260986,4.865141063928604,1.793100251643746,1.346986323727831,96.827413588762269,1.197288274765015,3.960533547401428
392,MX14022,392,2460.000000000000000,0.042708334016667,0.045554701238871,20.741165161132812,20.695610459893942,0.480384269552078,1.651950595681213,1181.745303098112799,0.110043417662382,0.500952297449112
393,MX07017,393,11902.000000000000000,0.206631947750556,0.000062796105340,27.236135482788086,27.236072686682746,0.238400440911368,1.141246405887735,2837.442047727098725,0.092042800039053,0.261301961541176
394,MX30035,394,403.000000000000000,0.006996527889722,0.074555017054081,4.331046104431152,4.256491087377071,0.294808039742131,0.416614982388123,118.807640016078963,0.158790603280067,0.602761387825012
395,MX24010,395,15917.000000000000000,0.276336809976944,0.028049664571881,8.538479804992676,8.510430140420794,0.101059703875689,0.217442592517296,1608.567306589340660,0.079362690448761,0.108386923372745
396,MX24011,396,2620.000000000000000,0.045486111838889,0.055553548038006,13.559427261352539,13.503873713314533,0.422446494895026,1.039180734601773,1106.809816624969244,0.141694024205208,0.775774908065796
397,MX20014,397,1430.000000000000000,0.024826389286111,0.034896399825811,15.611410140991211,15.576513741165400,0.521164120968197,1.545709118331623,745.264692984521730,0.110137727111578,0.738212770223618
398,MX28009,398,233.000000000000000,0.004045138953611,4.473657131195068,1497.600097656250000,1493.126440525054932,71.097096082990305,155.803272409421993,16565.623387336741871,35.793376922607422,126.297544860840020
399,MX24013,399,12198.000000000000000,0.211770836721667,0.047463748604059,24.299108505249023,24.251644756644964,0.440108715473340,1.640841597724140,5368.446111343806479,0.135956816375256,0.478052318096161
400,MX15020,400,176.000000000000000,0.003055555604444,4.347208499908447,65.284683227539062,60.937474727630615,32.707730374553002,20.392087554277698,5756.560545921328412,41.957304000854492,55.097681045532227
401,MX30036,401,221.000000000000000,0.003836805616944,0.089615896344185,6.756164073944092,6.666548177599907,0.529786156178600,0.917289725704861,117.082740515470505,0.260574847459793,0.872458755970001
402,MX16014,402,1806.000000000000000,0.031354167168333,0.045333798974752,7.356056213378906,7.310722414404154,0.217804668865199,0.479172981905673,393.355231970548573,0.112543515861034,0.296794861555099
403,MX12016,403,13029.000000000000000,0.226197920285833,0.010337841697037,5.526357650756836,5.516019809059799,0.071219371751472,0.114329338866774,927.917194549926194,0.057429928332567,0.083709108829498
404,MX30037,404,206.000000000000000,0.003576388946111,0.162606373429298,2.193301916122437,2.030695542693138,0.388160772910975,0.343457034355117,79.961119219660759,0.258466839790344,0.841188430786133
405,MX16015,405,13942.000000000000000,0.242048614983889,0.008539938367903,14.104318618774414,14.095778680406511,0.088113438994750,0.348637756631889,1228.477566464802521,0.063303381204605,0.094331033527851
406,MX07018,406,759.000000000000000,0.013177083544167,0.066393360495567,11.272831916809082,11.206438556313515,0.321425774577657,0.827475165029928,243.962162904441470,0.137204363942146,0.510873496532440
407,MX20015,407,583.000000000000000,0.010121527939722,0.052208330482244,2.002792835235596,1.950584504753351,0.142060763986963,0.181666608434205,82.821425404399662,0.097026854753494,0.191775628924370
408,MX21030,408,63.000000000000000,0.001093750017500,0.170415490865707,2.006759166717529,1.836343675851822,0.381143096657026,0.380113968537785,24.012015089392658,0.245465889573097,0.602205801010132
409,MX30038,409,995.000000000000000,0.017274305831944,0.116731412708759,21.828390121459961,21.711658708751202,1.714030314592560,3.216726218629547,1705.460163019597076,0.599317371845245,4.177519226074220
410,MX15021,410,1420.000000000000000,0.024652778172222,0.134040638804436,47.087043762207031,46.953003123402596,2.133740702103562,4.613668833554681,3029.911796987058551,0.554838657379150,5.749209976196290
411,MX17005,411,414.000000000000000,0.007187500115000,0.270529866218567,28.481304168701172,28.210774302482605,2.361564194594605,4.320954100873775,977.687576562166441,0.757162004709244,6.486752080917358
412,MX30039,412,1442.000000000000000,0.025034722622778,0.337037116289139,2691.619384765625000,2691.282347649335861,36.968975726179174,164.404383604117839,53309.262997150370211,7.522042989730835,46.929929351806642
413,MX21031,413,562.000000000000000,0.009756944600556,0.072410911321640,3.617862224578857,3.545451313257217,0.213484262749288,0.404440370903767,119.978155665099621,0.113985359668732,0.235193090140820
414,MX30040,414,1385.000000000000000,0.024045139273611,0.287523627281189,178.407531738281250,178.120008111000061,4.825579183970982,13.029654100401428,6683.427169799810144,1.555589914321899,10.299881935119648
415,MX12078,415,3034.000000000000000,0.052673611953889,0.020583115518093,13.584281921386719,13.563698805868626,0.175680778493360,0.491562577067530,533.015481948853676,0.090912465006113,0.277041864395142
416,MX15022,416,71.000000000000000,0.001232638908611,2.305287599563599,27.482244491577148,25.176956892013550,9.039622169145391,6.311339818367458,641.813174009322779,7.336484909057617,18.287849426269531
417,MX12017,417,2185.000000000000000,0.037934028384722,0.043277051299810,4.130320549011230,4.087043497711420,0.239105864839301,0.422905988151208,522.446314673871711,0.120085351169109,0.402851539850235
418,MX14024,418,1654.000000000000000,0.028715278237222,0.075195930898190,18.084516525268555,18.009320594370365,0.707680531224504,1.721270659956845,1170.503598645329248,0.253712028264999,1.215939879417420
419,MX16016,419,1956.000000000000000,0.033958333876667,0.078593052923679,8.643989562988281,8.565396510064602,0.363755489724301,0.619985765175466,711.505737900733038,0.169055111706257,0.750350385904312
420,MX30041,420,46.000000000000000,0.000798611123889,0.276224970817566,3.482282400131226,3.206057429313660,0.932113370169764,0.755858778154278,42.877215027809157,0.577344954013824,2.096384882926941
421,MX21032,421,1187.000000000000000,0.020607639218611,0.033591032028198,2.603015899658203,2.569424867630005,0.103054647880788,0.138080341639510,122.325867034494777,0.085621632635593,0.117163665592670
422,MX21033,422,232.000000000000000,0.004027777842222,0.259967356920242,8.809209823608398,8.549242466688156,0.980005664558246,1.178637984419534,227.361314177513066,0.488422036170959,2.465801763534546
423,MX20016,423,620.000000000000000,0.010763889061111,0.022887714207172,9.070548057556152,9.047660343348980,0.255992225260143,0.761582996060834,158.715179661288772,0.100008305162191,0.460768401622772
424,MX16074,424,652.000000000000000,0.011319444625556,0.077485434710979,10.700930595397949,10.623445160686970,0.370199283984907,0.974402089900210,241.369933158159455,0.137445218861103,0.530619525909424
425,MX06002,425,3692.000000000000000,0.064097223247778,0.049869157373905,54.260509490966797,54.210640333592892,1.962122023870451,6.753923070723377,7244.154512129705836,0.179837375879288,1.902829861640930
426,MX30042,426,648.000000000000000,0.011250000180000,0.075000233948231,4.731191635131836,4.656191401183605,0.216278333308888,0.405926964055077,140.148359984159413,0.142346791923046,0.259220629930496
427,MX22005,427,4056.000000000000000,0.070416667793333,0.089131034910679,22.260931015014648,22.171799980103970,0.985662917257516,2.039703476726683,3997.848792396483987,0.331770017743111,2.320790171623230
428,MX14025,428,3269.000000000000000,0.056753473130278,0.049732238054276,33.255123138427734,33.205390900373459,0.328039959458245,1.586957697347311,1072.362627469001836,0.109497137367725,0.314644175767899
429,MX06003,429,1552.000000000000000,0.026944444875556,0.058605343103409,20.985267639160156,20.926662296056747,0.598460851801252,1.603751959535638,928.811241995542559,0.201405078172684,1.032608008384705
430,MX27005,430,3786.000000000000000,0.065729167718333,0.213360399007797,1107.867675781250000,1107.654315382242203,3.422658439231687,26.119976714265192,12958.184850931167603,1.322700500488281,3.975183963775635
431,MX30043,431,1544.000000000000000,0.026805555984444,0.069040223956108,3.164343833923340,3.095303609967232,0.200803640380579,0.240314954817459,310.040820747614021,0.133606240153313,0.335345879197121
432,MX07019,432,4754.000000000000000,0.082534723542778,0.018460346385837,41.589920043945312,41.571459697559476,1.173752887456587,3.917801013591617,5580.021226968612609,0.192865833640099,2.011577296257018
433,MX03001,433,88267.000000000000000,1.532413218963056,0.021009117364883,40.990932464599609,40.969923347234726,0.114916346496764,0.824285563716443,10143.321156229845656,0.070825017988682,0.098676449060440
434,MX11009,434,2439.000000000000000,0.042343750677500,0.163695394992828,40.091148376464844,39.927452981472015,1.388167854916272,3.155261537203739,3385.741398140787169,0.424545675516129,3.123802375793460
435,MX18004,435,9428.000000000000000,0.163680558174444,0.029547179117799,21.113243103027344,21.083695923909545,0.225238567521842,0.843739832072097,2123.549214595925605,0.099352784454823,0.219415186345577
436,MX20018,436,1109.000000000000000,0.019253472530278,0.027702746912837,1.642064571380615,1.614361824467778,0.079296349133789,0.091380913254027,87.939651189371915,0.066035203635693,0.088844706118107
437,MX14026,437,1326.000000000000000,0.023020833701667,0.058483622968197,16.785121917724609,16.726638294756413,0.267611117946436,0.988714137354931,354.852342396974620,0.125728175044060,0.230696603655815
438,MX32007,438,12405.000000000000000,0.215364586779167,0.029444446787238,20.643918991088867,20.614474544301629,0.121943928144125,0.511054595547422,1512.714428627868756,0.077080331742764,0.112709271907806
439,MX20019,439,852.000000000000000,0.014791666903333,0.021933056414127,1.873981952667236,1.852048896253109,0.102725434208840,0.137802002115230,87.522069945931491,0.071394179016352,0.147595107555389
440,MX25004,440,11023.000000000000000,0.191371530839722,0.025660233572125,28.636796951293945,28.611136717721820,0.242690520607436,0.847133563942961,2675.177608655761560,0.092414781451225,0.248520249128342
441,MX10003,441,5544.000000000000000,0.096250001540000,0.032896161079407,3.664778947830200,3.631882786750793,0.089467253667016,0.129056642237030,496.006454329937526,0.074321724474430,0.094477262347937
442,MX31013,442,320.000000000000000,0.005555555644444,0.301454663276672,17.159479141235352,16.858024477958679,2.014217983931304,2.644321278142570,644.549754858017195,1.058544039726257,4.781072711944583
443,MX20020,443,277.000000000000000,0.004809027854722,0.027748191729188,1.842207431793213,1.814459240064025,0.177782773803449,0.236935570590263,49.245828343555338,0.095569737255573,0.344163972139359
444,MX16017,444,1882.000000000000000,0.032673611633889,0.104862757027149,17.421428680419922,17.316565923392773,0.600932446845851,1.138614628669627,1130.954864963890714,0.276054635643959,1.184652447700501
445,MX29018,445,126.000000000000000,0.002187500035000,0.546544134616852,35.457180023193359,34.910635888576508,9.436570135846965,8.936562829548576,1189.007837116717610,7.037466287612915,24.306107521057129
446,MX07021,446,1670.000000000000000,0.028993056019444,0.068031124770641,9.817468643188477,9.749437518417835,0.285908680333349,0.585817186136371,477.467496156692789,0.151935562491417,0.485386210680008
447,MX12018,447,1445.000000000000000,0.025086805956944,0.041821889579296,15.856150627136230,15.814328737556934,0.343337700131855,0.963865722746028,496.122976690530948,0.131775543093681,0.572935688495636
448,MX12019,448,3600.000000000000000,0.062500001000000,0.033231571316719,19.463724136352539,19.430492565035820,0.179168284229106,0.711632558302130,645.005823224782944,0.094700913876295,0.180565446615219
449,MX12020,449,1505.000000000000000,0.026128472640278,0.043101634830236,9.990447044372559,9.947345409542322,0.377046135075365,0.756946437763466,567.454433288425093,0.152591034770012,0.785535097122192
450,MX16018,450,853.000000000000000,0.014809028014722,0.132680520415306,6.820837974548340,6.688157454133034,0.383430471034570,0.562717550075447,327.066191792488155,0.217615067958832,0.677590155601502
451,MX06004,451,2612.000000000000000,0.045347222947778,0.058951631188393,24.456453323364258,24.397501692175865,0.409537707821995,1.444521648937344,1069.712492831050440,0.160086356103420,0.563840478658676
452,MX30044,452,795.000000000000000,0.013802083554167,0.202931076288223,43.846275329589844,43.643344253301620,5.014121955183319,8.027864704435393,3986.226954370738895,1.356548070907593,19.338700485229495
453,MX08014,453,9863.000000000000000,0.171232641628611,0.045704215764999,10.026294708251953,9.980590492486954,0.091150450308987,0.185016818215740,899.016891397536824,0.080546319484711,0.095915558934212
454,MX21034,454,184.000000000000000,0.003194444495556,1.926254987716675,51.740890502929688,49.814635515213013,10.073375413599223,6.765385057631123,1853.501076102257002,8.862999916076660,16.589368247985842
455,MX11010,455,622.000000000000000,0.010798611283889,0.159562543034554,37.464111328125000,37.304548785090446,1.593004201769445,3.281684040121847,990.848613500595093,0.780456036329269,3.026579070091246
456,MX22006,456,1178.000000000000000,0.020451389216111,0.353275001049042,103.969322204589844,103.616047203540802,6.911100073206825,11.442700507649610,8141.275886237639497,2.003501176834106,22.497413063049315
457,MX11011,457,1673.000000000000000,0.029045139353611,0.275439202785492,47.134529113769531,46.859089910984039,2.480820274360148,5.330814143134068,4150.412319004526580,0.814186573028564,4.810574054718016
458,MX25005,458,11141.000000000000000,0.193420141983611,0.037872675806284,30.589515686035156,30.551643010228872,0.149316842749765,0.678871585416494,1663.538945075133142,0.085194781422615,0.148646399378777
459,MX30045,459,2505.000000000000000,0.043489584029167,0.080644994974136,27.950960159301758,27.870315164327621,0.715164537376869,1.871766689407738,1791.487166129057186,0.264541268348694,1.124745869636535
460,MX30046,460,381.000000000000000,0.006614583439167,0.162373960018158,2.949425935745239,2.787051975727081,0.354530930988432,0.288162206061457,135.076284706592503,0.275820940732956,0.542551338672638
461,MX30047,461,788.000000000000000,0.013680555774444,0.089384406805038,26.051143646240234,25.961759239435196,0.774545089762449,2.047107366465261,610.341530732809701,0.327435269951820,1.108706450462342
462,MX01004,462,657.000000000000000,0.011406250182500,0.127694547176361,33.859100341796875,33.731405794620514,1.224719649376389,2.848849389166617,804.640809640287443,0.398900955915451,2.954985475540161
463,MX20021,463,561.000000000000000,0.009739583489167,0.111202470958233,9.815415382385254,9.704212911427021,0.556535845917920,1.024733896271686,312.216609559953099,0.245275184512138,1.091279864311218
464,MX30048,464,1321.000000000000000,0.022934028144722,0.441191524267197,54.544822692871094,54.103631168603897,4.339814839604044,5.756107990560578,5732.895403116941452,2.420734882354736,9.279778480529785
465,MX20022,465,553.000000000000000,0.009600694598056,0.034421443939209,2.548588275909424,2.514166831970215,0.107748424873483,0.182685023151591,59.584878955036366,0.073303624987602,0.118954867124558
466,MX30049,466,2654.000000000000000,0.046076389626111,0.096687704324722,41.997756958007812,41.901069253683090,0.649640965330910,1.757844506750917,1724.147121988236222,0.325984939932823,1.074559974670410
467,MX16019,467,2516.000000000000000,0.043680556254444,0.041554454714060,11.616592407226562,11.575037952512503,0.173226415943680,0.530859641373384,435.837662514299893,0.098291195929050,0.200012981891632
468,MX21035,468,1229.000000000000000,0.021336805896944,0.071881100535393,7.008724212646484,6.936843112111092,0.376666644889713,0.712283911985462,462.923306569457452,0.165376096963882,0.774545931816102
469,MX24014,469,459.000000000000000,0.007968750127500,0.158364817500114,5.190271377563477,5.031906560063362,0.515575897427426,0.486690460100923,236.649336919188613,0.407037436962128,0.733235752582550
470,MX30050,470,398.000000000000000,0.006909722332778,0.167253792285919,3.233388423919678,3.066134631633759,0.414303653466342,0.370693822931925,164.892854079604035,0.290932804346085,0.684788733720779
471,MX08015,471,62584.000000000000000,1.086527795162222,0.038278780877590,9.355704307556152,9.317425526678562,0.091710638687626,0.084182016869464,5739.618611626412530,0.089087657630444,0.104580499231815
472,MX09003,472,266.000000000000000,0.004618055629444,19.396369934082031,71.717620849609375,52.321250915527344,43.696149955118521,9.286652733582178,11623.175888061527075,42.413757324218750,56.371356964111328
473,MX21036,473,1130.000000000000000,0.019618055869444,0.046817786991596,6.599577426910400,6.552759639918804,0.267607507089862,0.460566156488006,302.396483011544149,0.134872868657112,0.519851708412170
474,MX15023,474,200.000000000000000,0.003472222277778,1.159097552299500,50.792541503906250,49.633443951606750,10.557693454027177,12.335708177172359,2111.538690805435635,4.023171663284302,31.648751068115232
475,MX21037,475,658.000000000000000,0.011423611293889,0.060945663601160,9.067023277282715,9.006077613681555,0.380864920524886,0.821100728990704,250.609117705375098,0.162598654627800,0.575253838300706
476,MX12021,476,8702.000000000000000,0.151076391306111,0.019408194348216,27.406002044677734,27.386593850329518,0.296518416288650,0.927525987572576,2580.303258543828633,0.090540740638971,0.505966639518738
477,MX12022,477,16511.000000000000000,0.286649310141945,0.007646245881915,11.893364906311035,11.885718660429120,0.136129634512042,0.426507513839377,2247.636395428327887,0.068822942674160,0.172425910830498
478,MX30051,478,1169.000000000000000,0.020295139213611,0.170687556266785,4.093708515167236,3.923020958900452,0.390472730081544,0.345752790208516,456.462621465325128,0.278217911720276,0.633825016021729
479,MX23001,479,2377.000000000000000,0.041267361771389,0.038451544940472,52.518215179443359,52.479763634502888,1.501174751661328,6.042909297432760,3568.292384698976093,0.143132060766220,1.275386023521425
480,MX28010,480,9707.000000000000000,0.168524308251944,0.033967960625887,58.660732269287109,58.626764308661222,0.154128058737045,1.219930606911118,1496.121066160498458,0.084532223641872,0.122910158336163
481,MX09004,481,352.000000000000000,0.006111111208889,0.548217058181763,95.604446411132812,95.056229352951050,14.362557243217111,16.010258730358903,5055.620149612423120,8.432514190673828,37.430116653442397
482,MX12023,482,3072.000000000000000,0.053333334186667,0.035694651305676,23.489400863647461,23.453706212341785,0.302762830124265,1.180890631606584,930.087414141741988,0.107191108167171,0.377966284751892
483,MX12024,483,1171.000000000000000,0.020329861436389,0.040394168347120,4.462698936462402,4.422304768115282,0.193571260006483,0.386890866334444,226.671945467591115,0.097962200641632,0.281248986721039
484,MX29008,484,424.000000000000000,0.007361111228889,0.255341857671738,30.859239578247070,30.603897720575333,1.700624071623919,3.732479099212946,721.064606368541831,0.565825015306473,2.894591641426086
485,MX21038,485,115.000000000000000,0.001996527809722,0.868055641651154,18.243709564208984,17.375653922557831,3.685908976326816,3.660841541030610,423.879532277583849,2.178536415100098,9.342466926574710
486,MX05007,486,55738.000000000000000,0.967673626593889,0.029038948938251,24.921482086181641,24.892443137243390,0.098045266161269,0.324315713610192,5464.847045296799479,0.084731165319681,0.113377806544304
487,MX06005,487,2042.000000000000000,0.035451389456111,0.075359255075455,20.668926239013672,20.593566983938217,0.631566404942404,1.423592764162384,1289.658598892388682,0.264810875058174,1.087301290035248
488,MX08017,488,19197.000000000000000,0.333281255332500,0.037004534155130,32.180072784423828,32.143068250268698,0.529490027325577,2.187073939977731,10164.620054569099011,0.113948777318001,0.628935456275940
489,MX09015,489,165.000000000000000,0.002864583379167,38.990913391113281,122.240364074707031,83.249450683593750,61.233691845518138,14.627752604336969,10103.559154510492590,58.101112365722656,75.658573913574216
490,MX32008,490,1632.000000000000000,0.028333333786667,0.067905753850937,27.080238342285156,27.012332588434219,0.437512726481895,1.577200647192937,714.020769618452391,0.161209702491760,0.436055648326874
491,MX21039,491,304.000000000000000,0.005277777862222,0.150883644819260,5.693639278411865,5.542755633592606,0.696785585170514,0.688024992645673,211.822817891836166,0.462143361568451,1.326005494594573
492,MX12025,492,1536.000000000000000,0.026666667093333,0.042863540351391,10.285877227783203,10.243013687431812,0.264287197404580,0.622936811021109,405.945135213434128,0.125575728714466,0.435954779386520
493,MX13016,493,1951.000000000000000,0.033871528319722,0.156166166067123,16.151371002197266,15.995204836130142,1.186688228838265,2.010639439174052,2315.228734463455112,0.486543446779251,2.651287794113159
494,MX21040,494,790.000000000000000,0.013715277997222,0.409958004951477,14.988909721374512,14.578951716423035,1.510413921822473,1.753155124279877,1193.226998239753584,0.819121569395065,3.356724810600281
495,MX15024,495,210.000000000000000,0.003645833391667,3.763116836547852,58.250804901123047,54.487688064575195,27.824933131535850,15.864707450060699,5843.235957622528986,27.034689903259277,49.224079895019521
496,MX14027,496,6898.000000000000000,0.119756946360556,0.039159290492535,7.407387733459473,7.368228442966938,0.133283893037971,0.287670602627047,919.392294175924917,0.089937221258879,0.151752100884914
497,MX15121,497,541.000000000000000,0.009392361261389,5.561647891998291,98.562751770019531,93.001103878021240,37.433464726326434,17.974414332334039,20251.504416942600074,37.826286315917969,58.852325439453125
498,MX14028,498,2071.000000000000000,0.035954861686389,0.031923100352287,8.025925636291504,7.994002535939217,0.118507335181040,0.373669142173424,245.428691159933692,0.072182506322861,0.105657905340195
499,MX17006,499,479.000000000000000,0.008315972355278,1.059472918510437,41.423637390136719,40.364164471626282,12.131261544585959,9.967286439947053,5810.874279856674548,8.857210159301758,27.267881011962885
500,MX21041,500,188.000000000000000,0.003263888941111,4.973612785339355,87.989402770996094,83.015789985656738,22.220588676472925,14.455633886985359,4177.470671176909491,17.701318740844727,44.004734420776394
501,MX29009,501,84.000000000000000,0.001458333356667,0.898101806640625,7.593838214874268,6.695736408233643,2.320411975185076,1.254958330537239,194.914605915546360,2.042501211166382,3.691301965713501
502,MX21042,502,980.000000000000000,0.017013889161111,0.056710768491030,4.784272193908691,4.727561425417662,0.185430196706890,0.352304737226053,181.721592772751933,0.106351893395185,0.261031058430672
503,MX26022,503,8534.000000000000000,0.148159724592778,0.043658968061209,48.570960998535156,48.527302030473948,0.138931713225671,0.935206084760483,1185.643240667878217,0.083642497658730,0.101902063935995
504,MX10004,504,27490.000000000000000,0.477256952080556,0.033860318362713,43.031581878662109,42.997721560299397,0.145134560174348,0.810328712667596,3989.749059192823552,0.083275273442268,0.124178046733141
505,MX11012,505,1303.000000000000000,0.022621528139722,0.124315209686756,32.409622192382812,32.285306982696056,0.873805580539194,2.399033746318365,1138.568671442570121,0.307965129613876,1.525717973709106
506,MX17007,506,979.000000000000000,0.016996528049722,0.361293017864227,38.255603790283203,37.894310772418976,8.786056367625267,9.461273627144729,8601.549183905137397,2.533816576004028,22.424047851562499
507,MX12026,507,1839.000000000000000,0.031927083844167,0.031470421701670,3.440200805664062,3.408730383962393,0.129105744667679,0.223792669474665,237.425464443862580,0.085796572268009,0.147648295760155
508,MX21043,508,904.000000000000000,0.015694444695556,0.135267689824104,15.493004798889160,15.357737109065056,0.731828919521212,1.153952951875367,661.573343247175671,0.539458513259888,1.221194469928741
509,MX30052,509,167.000000000000000,0.002899305601944,0.264023989439011,11.197562217712402,10.933538228273392,1.339466850914641,1.738335547353909,223.690964102745113,0.683070242404938,3.278168153762819
510,MX20023,510,241.000000000000000,0.004184027844722,0.179001986980438,10.947973251342773,10.768971264362335,1.760673162600807,2.201432500209826,424.322232186794452,0.795701086521149,5.103529930114746
511,MX30053,511,745.000000000000000,0.012934027984722,0.208612844347954,15.371933937072754,15.163321092724800,1.149191349044741,1.771603567986772,856.147555038332371,0.582713663578033,2.430929565429688
512,MX16020,512,1270.000000000000000,0.022048611463889,0.154009282588959,49.083621978759766,48.929612696170807,0.707287260737476,2.708684816220325,898.254821136594728,0.235479190945625,1.116529357433321
513,MX25006,513,30874.000000000000000,0.536006953020556,0.043324105441570,87.714080810546875,87.670756705105305,1.255921682649002,5.389114163387100,38775.326030105272366,0.156051732599735,1.165351665019989
514,MX26023,514,10831.000000000000000,0.188038197453056,0.040117941796780,21.472314834594727,21.432196892797947,0.123783383013887,0.581927168148185,1340.697821423406367,0.078966356813908,0.099984608590603
515,MX31014,515,684.000000000000000,0.011875000190000,0.047999657690525,3.568262338638306,3.520262680947781,0.132856320998256,0.237693895679910,90.873723562806873,0.090663388371468,0.147620466351509
516,MX27006,516,2907.000000000000000,0.050468750807500,0.630205690860748,1007.567504882812500,1006.937299191951752,7.954049994537884,42.800021991619268,23122.423334121631342,2.306513309478760,8.771344566345224
517,MX14029,517,3213.000000000000000,0.055781250892500,0.088688306510448,15.709472656250000,15.620784349739552,0.349922544890166,0.688971085694042,1124.301136732103032,0.204814776778221,0.577290165424347
518,MX08018,518,8515.000000000000000,0.147829863476389,0.036361783742905,3.859081983566284,3.822720199823380,0.149690321777333,0.231871631125966,1274.613089933993251,0.097465455532074,0.215575569868088
519,MX12027,519,6589.000000000000000,0.114392362941389,0.018625061959028,8.073587417602539,8.054962355643511,0.119366145987470,0.248517441475385,786.503535911440167,0.081087209284306,0.153227114677429
520,MX20024,520,388.000000000000000,0.006736111218889,0.034792698919773,2.145150423049927,2.110357724130154,0.177441837179676,0.250332518146577,68.847432825714336,0.101321727037430,0.303565388917923
521,MX21044,521,1499.000000000000000,0.026024305971944,0.094282835721970,7.508189678192139,7.413906842470169,0.341977800072989,0.623208512683219,512.624722309410458,0.172141760587692,0.582822275161743
522,MX31015,522,464.000000000000000,0.008055555684444,0.095140084624290,6.985673904418945,6.890533819794655,0.353294171810407,0.731407879352838,163.928495720028877,0.154111430048943,0.573389703035355
523,MX14033,523,2125.000000000000000,0.036892361701389,0.102960720658302,19.446325302124023,19.343364581465721,0.529581132860745,1.360503225734635,1125.359907329084081,0.205624774098396,0.939116573333741
524,MX18009,524,25937.000000000000000,0.450295146093611,0.017974302172661,13.374379158020020,13.356404855847359,0.094086364080535,0.230237106338859,2440.318025156840122,0.074823737144470,0.098461358249187
525,MX08021,525,2824.000000000000000,0.049027778562222,0.078686319291592,44.097343444824219,44.018657125532627,2.515972769565926,6.167295186722562,7105.107101254175177,0.444353044033051,5.690452051162725
526,MX26024,526,2073.000000000000000,0.035989583909167,0.038637492805719,4.027031898498535,3.988394405692816,0.085195260854717,0.178544818484429,176.609775751828948,0.071432091295719,0.085409793257713
527,MX19014,527,25804.000000000000000,0.447986118278889,0.010935770347714,22.464645385742188,22.453709615394473,0.136696335152551,0.525045592324554,3527.312232276426130,0.079527512192726,0.151948866248131
528,MX19015,528,3740.000000000000000,0.064930556594444,0.062075056135654,45.570419311523438,45.508344255387783,0.269038499230370,0.918695541838587,1006.203987121582713,0.143532238900661,0.356106331944466
529,MX19016,529,3189.000000000000000,0.055364584219167,0.099897801876068,7.274598121643066,7.174700319766998,0.266608377937875,0.442183183542137,850.214117243883948,0.185053229331970,0.349712383747101
530,MX11013,530,1152.000000000000000,0.020000000320000,0.140825197100639,27.938629150390625,27.797803953289986,1.106030142206387,1.891478293162984,1274.146723821758087,0.606832236051559,2.177770614624023
531,MX11014,531,8296.000000000000000,0.144027780082222,0.106567621231079,86.693756103515625,86.587188482284546,0.855108147047877,3.567276457350954,7093.977187909187705,0.311152830719948,1.161786019802094
532,MX21060,532,78.000000000000000,0.001354166688333,0.706225216388702,8.396900177001953,7.690674960613251,2.149319105423414,1.577810137842131,167.646890223026304,1.594654083251953,4.394251489639282
533,MX15032,533,955.000000000000000,0.016579861376389,0.094636276364326,10.833145141601562,10.738508865237236,0.717784020172052,0.824623681172008,685.483739264309747,0.406027883291245,1.775496578216553
534,MX08022,534,5459.000000000000000,0.094774307071944,0.042098283767700,6.207006931304932,6.164908647537231,0.132754703402590,0.320647973723076,724.707925874740226,0.082420110702515,0.123077401518822
535,MX10005,535,47447.000000000000000,0.823732652068611,0.019218247383833,126.933929443359375,126.914711195975542,0.509362343135670,3.280450938910248,24167.715094758154009,0.077740550041199,0.241933539509773
536,MX31025,536,400.000000000000000,0.006944444555556,0.100613184273243,13.977725028991699,13.877111844718456,0.600735512729734,1.644201698380457,240.294205091893787,0.201450057327747,0.686004757881165
537,MX31026,537,876.000000000000000,0.015208333576667,0.089706934988499,14.077239036560059,13.987532101571560,0.349641543051832,1.066262467087699,306.285991713404826,0.143217474222183,0.429552122950554
538,MX31027,538,1032.000000000000000,0.017916666953333,0.067678324878216,21.728185653686523,21.660507328808308,0.449723297989992,1.786914954039527,464.114443525671561,0.118873059749603,0.322121763229370
539,MX31028,539,1504.000000000000000,0.026111111528889,0.049156539142132,5.874238491058350,5.825081951916218,0.113197100098601,0.284649329743155,170.248438548296548,0.082777965813875,0.106724563241005
540,MX31029,540,2547.000000000000000,0.044218750707500,0.045981999486685,18.265773773193359,18.219791773706675,0.192598297410986,0.947827206979479,490.547863505780697,0.086421139538288,0.150191301107407
541,MX31030,541,1551.000000000000000,0.026927083764167,0.047703545540571,7.161353588104248,7.113650042563677,0.134204250710538,0.394670447887049,208.150792852043679,0.082540817558765,0.113726526498795
542,MX31031,542,670.000000000000000,0.011631944630556,0.054733995348215,8.155725479125977,8.100991483777761,0.174198894758723,0.519127542486806,116.713259488344221,0.090672474354506,0.162500761449337
543,MX24016,543,3521.000000000000000,0.061128473200278,0.044932466000319,19.538482666015625,19.493550200015306,0.302206725847040,1.053133451568333,1064.069881707428976,0.116048857569695,0.323797553777695
544,MX15033,544,773.000000000000000,0.013420139103611,4.323550701141357,92.149742126464844,87.826191425323486,43.913419233102481,17.429486558177139,33945.073067188219284,48.606239318847656,60.357810211181643
545,MX15034,545,266.000000000000000,0.004618055629444,0.233039021492004,15.118573188781738,14.885534167289734,1.300536007977518,2.076352368361297,345.942578122019881,0.634551733732224,2.982628703117371
546,MX16030,546,1510.000000000000000,0.026215278197222,0.088755875825882,12.996477127075195,12.907721251249313,0.326598487621704,0.746352436341191,493.163716308772791,0.155810840427876,0.492401373386383
547,MX12075,547,6133.000000000000000,0.106475696148056,0.044721115380526,37.919029235839844,37.874308120459318,0.364094717184816,1.476496850937105,2232.992900494478818,0.116396650671959,0.408964490890503
548,MX14034,548,1476.000000000000000,0.025625000410000,0.031843338161707,4.004024982452393,3.972181644290686,0.112999563059974,0.177076944901841,166.787355076521663,0.089711613953114,0.121320750564337
549,MX13009,549,685.000000000000000,0.011892361301389,0.269036442041397,11.465558052062988,11.196521610021591,1.483346719941953,1.480145067228412,1016.092503160237470,0.961724162101746,3.177655315399170
550,MX14009,550,560.000000000000000,0.009722222377778,0.200564369559288,15.695677757263184,15.495113387703896,1.499646522876406,2.054341936261990,839.802052810787131,0.719941109418869,3.642816758155824
551,MX20010,551,1235.000000000000000,0.021440972565278,0.051849212497473,44.961875915527344,44.910026703029871,0.963479633436271,2.885489445239902,1189.897347293794382,0.277644872665405,1.725485467910774
552,MX07014,552,772.000000000000000,0.013402777992222,0.136520147323608,17.448896408081055,17.312376260757446,1.016806515464512,1.838380151686309,784.974629938603471,0.368236050009727,2.479490494728086
553,MX19010,553,543.000000000000000,0.009427083484167,0.342468947172165,53.300716400146484,52.958247452974319,4.663392436603161,7.316398333781306,2532.222093075516113,1.907533526420593,11.985876655578615
554,MX29007,554,285.000000000000000,0.004947916745833,0.203346297144890,20.608587265014648,20.405240967869759,1.513783934450986,2.908517939523847,431.428421318531093,0.420809298753738,3.635838747024548
555,MX20030,555,277.000000000000000,0.004809027854722,0.225130870938301,9.181246757507324,8.956115886569023,1.098726888533535,1.529696365610620,304.347348123789175,0.560345828533173,2.291708135604860
556,MX25010,556,21693.000000000000000,0.376614589359167,0.023016253486276,28.285707473754883,28.262691220268607,0.226325744724206,0.887570678718943,4909.684380302197496,0.094044454395771,0.280151009559631
557,MX14037,557,879.000000000000000,0.015260416910833,0.063149936497211,17.588485717773438,17.525335781276226,0.655897099664593,1.864536984483697,576.533550605177652,0.168504402041435,1.010035753250123
558,MX30205,558,1973.000000000000000,0.034253472770278,0.060717172920704,18.102201461791992,18.041484288871288,0.300455573778194,0.965825650171292,592.798847064376446,0.137625217437744,0.467414844036102
559,MX14054,559,566.000000000000000,0.009826389046111,0.059679247438908,5.851315975189209,5.791636727750301,0.295465043084466,0.600892311197284,167.233214385807571,0.124057587236166,0.534154802560806
560,MX01010,560,2561.000000000000000,0.044461806266944,0.087841577827930,21.262277603149414,21.174436025321484,0.517389903612339,0.974673177406632,1325.035543151199136,0.286558002233505,0.919028222560883
561,MX28021,561,8282.000000000000000,0.143784724522778,0.030461469665170,33.293819427490234,33.263357957825065,0.483124229499018,2.070561301162512,4001.234868710867886,0.117257010191679,0.575382900238037
562,MX22011,562,3739.000000000000000,0.064913195483056,0.111114226281643,57.016574859619141,56.905460633337498,3.607541987637076,6.634826638035020,13488.599491775026763,1.064872145652771,9.711715316772482
563,MX24058,563,4162.000000000000000,0.072256945600556,0.035640031099319,7.467477798461914,7.431837767362595,0.164947202234945,0.394374706245775,686.510255701841515,0.095234021544456,0.205006040632725
564,MX10018,564,18258.000000000000000,0.316979171738333,0.035210531204939,19.910696029663086,19.875485498458147,0.104122106781213,0.438167060668708,1901.061425611381992,0.074370034039021,0.095322094857693
565,MX15064,565,681.000000000000000,0.011822916855833,0.296074122190475,26.686414718627930,26.390340596437454,2.219273732622287,2.809697346345637,1511.325411915777295,1.455972194671631,4.186552524566650
566,MX32015,566,1782.000000000000000,0.030937500495000,0.053516391664743,6.641579627990723,6.588063236325979,0.174214975354413,0.373402564425948,310.451086081564540,0.101959023624659,0.211314468085766
567,MX07070,567,401.000000000000000,0.006961805666944,0.078994199633598,8.012149810791016,7.933155611157417,0.510626322815097,0.681749957893211,204.761155448853856,0.348039776086807,0.875954508781433
568,MX14070,568,405.000000000000000,0.007031250112500,1.608603358268738,80.796020507812500,79.187417149543762,18.723897787671028,15.295107061486279,7583.178604006766363,14.985130310058594,41.150878143310550
569,MX32041,569,3195.000000000000000,0.055468750887500,0.033589351922274,8.520295143127441,8.486705791205168,0.102614345500633,0.301471536543126,327.852833874523697,0.071650452911854,0.095440238714218
570,MX08064,570,2446.000000000000000,0.042465278457222,0.041074801236391,6.047131061553955,6.006056260317564,0.148766445096518,0.339437316169220,363.882724706084218,0.088647738099098,0.159904673695564
571,MX25008,571,8260.000000000000000,0.143402780072222,0.041146963834763,27.612335205078125,27.571188241243362,0.304245610457121,1.215794362922409,2513.068742375818601,0.104729559272528,0.378031033277512
572,MX13020,572,1203.000000000000000,0.020885417000833,0.067601568996906,1.399853467941284,1.332251898944378,0.138858805217797,0.100557467428027,167.047142677009333,0.117874830961227,0.168202975392342
573,MX21061,573,488.000000000000000,0.008472222357778,0.125357568264008,4.498886585235596,4.373529016971588,0.451928054119965,0.394699109878092,220.540890410542687,0.345405846834183,0.794066393375397
574,MX20029,574,175.000000000000000,0.003038194493056,0.088975317776203,2.195280075073242,2.106304757297039,0.341059911761965,0.342880627826870,59.685484558343873,0.223206236958504,0.676979422569275
575,MX13021,575,607.000000000000000,0.010538194613056,0.337354540824890,27.668453216552734,27.331098675727844,1.423864364820416,2.891245787554761,864.285669445992426,0.543002486228943,2.956329536437987
576,MX17008,576,335.000000000000000,0.005815972315278,0.976044297218323,28.009330749511719,27.033286452293396,10.358741169901039,8.426947523646264,3470.178291916848138,7.591629028320312,22.567806243896484
577,MX27007,577,2912.000000000000000,0.050555556364444,0.030049104243517,34.334613800048828,34.304564695805311,0.495078047125978,2.238799247208307,1441.667273230848878,0.113029234111309,0.491520696878433
578,MX29046,578,249.000000000000000,0.004322916735833,0.143749698996544,8.701286315917969,8.557536616921425,0.467581354889525,0.888480615352312,116.427757367491736,0.232206225395203,0.654426121711733
579,MX30065,579,2064.000000000000000,0.035833333906667,0.124672800302505,28.544734954833984,28.420062154531479,0.947840314726672,2.096313021809354,1956.342409595851223,0.361808344721794,1.884079146385193
580,MX26025,580,3117.000000000000000,0.054114584199167,0.075209088623524,56.157539367675781,56.082330279052258,1.198222661170392,4.993375912835043,3734.860034868112962,0.182682991027832,1.106282401084900
581,MX14035,581,6300.000000000000000,0.109375001750000,0.091945737600327,47.786190032958984,47.694244295358658,0.622324567652409,2.325489861665813,3920.644776210174314,0.219339646399021,0.892046946287155
582,MX02001,582,284403.000000000000000,4.937552162334168,0.022512212395668,78.108375549316406,78.085863336920738,0.147622255889505,1.051530905309612,41984.212441742980445,0.075792893767357,0.111583416163921
583,MX21062,583,258.000000000000000,0.004479166738333,0.152729153633118,3.819805860519409,3.667076706886292,0.481466741986978,0.562099736829559,124.218419432640218,0.242152847349644,1.201828742027283
584,MX13022,584,706.000000000000000,0.012256944640556,0.323249161243439,13.251110076904297,12.927860915660858,1.437375534526352,1.618159266493513,1014.787127375604314,0.840889066457748,2.934200406074524
585,MX16031,585,2112.000000000000000,0.036666667253333,0.073315143585205,10.493889808654785,10.420574665069580,0.352268396040679,0.530493350299177,743.990852437913190,0.239984303712845,0.565744400024414
586,MX16032,586,1211.000000000000000,0.021024305891944,0.067499816417694,5.430300235748291,5.362800419330597,0.264257802747184,0.437071718493635,320.016199126839979,0.121299862861633,0.557491660118103
587,MX04009,587,23595.000000000000000,0.409635423220833,0.009393078275025,50.692821502685547,50.683428424410522,0.183158497868292,1.301517109361183,4321.624757202347610,0.067980378866196,0.140183568000794
588,MX05008,588,5376.000000000000000,0.093333334826667,0.047201152890921,10.517747879028320,10.470546726137400,0.134147439341870,0.358809511376276,721.176633901894775,0.093156598508358,0.137576840817928
589,MX25009,589,6810.000000000000000,0.118229168558333,0.042849589139223,40.165596008300781,40.122746419161558,0.356486149862539,1.838029301073750,2427.670680563890528,0.107033886015415,0.301710116863251
590,MX07032,590,2019.000000000000000,0.035052083894167,-0.011238030157983,59.248298645019531,59.259536675177515,0.445902679324724,1.984250301277682,900.277509556617133,0.160437345504761,0.662482035160065
591,MX29012,591,689.000000000000000,0.011961805746944,0.256177425384521,5.903322696685791,5.647145271301270,0.591835257795968,0.579753018426502,407.774492621421871,0.387906342744827,1.008319425582886
592,MX21063,592,392.000000000000000,0.006805555664444,0.188688188791275,15.459880828857422,15.271192640066147,1.314126165317637,2.109406741829006,515.137456804513590,0.506693303585052,3.237062978744508
593,MX30066,593,1202.000000000000000,0.020868055889444,0.131357207894325,3.504307746887207,3.372950538992882,0.376121786266516,0.305714482422770,452.098387092351970,0.296096757054329,0.561760103702545
594,MX31032,594,3674.000000000000000,0.063784723242778,0.046782530844212,17.301193237304688,17.254410706460476,0.205162056505266,0.850476258266114,753.765395600347802,0.089380491524935,0.151410123705864
595,MX26026,595,4882.000000000000000,0.084756945800556,0.053049426525831,27.273796081542969,27.220746655017138,0.432948315632101,1.249138246097190,2113.653676915917458,0.161946900188923,0.723699527978897
596,MX14036,596,1696.000000000000000,0.029444444915556,0.063209213316441,29.068761825561523,29.005552612245083,0.456848907631487,1.892663335421622,774.815747343002158,0.123756453394890,0.381962940096855
597,MX22007,597,1505.000000000000000,0.026128472640278,0.179061472415924,27.869964599609375,27.690903127193451,1.425135750845820,2.659085172714586,2144.829305022959488,0.571735680103302,3.239926767349246
598,MX23002,598,63566.000000000000000,1.103576406546111,0.004072104115039,42.160007476806641,42.155935372691602,0.094932217305146,0.586339656224282,6034.461325218925595,0.055176163092256,0.082441732287407
599,MX30067,599,215.000000000000000,0.003732638948611,0.162060603499413,4.382183074951172,4.220122471451759,0.427400930745657,0.579460815947511,91.891200110316305,0.240106418728828,0.721240210533142
600,MX12030,600,1221.000000000000000,0.021197917005833,0.055214781314135,21.835929870605469,21.780715089291334,0.532720418489804,1.625261959035884,650.451630976050524,0.196811527013779,0.808474481105804
601,MX30068,601,301.000000000000000,0.005225694528056,0.454310566186905,22.735059738159180,22.280749171972275,4.427839067588217,4.518478656067283,1332.779559344053496,2.433785676956177,10.903400421142578
602,MX05009,602,14631.000000000000000,0.254010420730833,0.038765545934439,45.273502349853516,45.234736803919077,0.349333348594070,1.761442042442918,5111.096223279833794,0.092741668224335,0.373749405145645
603,MX13023,603,485.000000000000000,0.008420139023611,0.348297327756882,24.983407974243164,24.635110646486282,2.684778329576411,3.102606541420108,1302.117489844559486,1.633915543556213,6.118293571472169
604,MX07033,604,1025.000000000000000,0.017795139173611,0.070628590881824,2.181628942489624,2.111000351607800,0.207471419085817,0.219041122572542,212.658204562962197,0.145720794796944,0.339405786991119
605,MX21064,605,2148.000000000000000,0.037291667263333,0.152841538190842,255.953567504882812,255.800725966691971,1.635099674902812,9.986367344691823,3512.194101691241030,0.374783679842949,1.563381028175353
606,MX32010,606,25895.000000000000000,0.449565979415278,0.045119121670723,90.666625976562500,90.621506854891777,0.530506403343138,3.070805674727828,13737.463314570553848,0.121566124260426,0.504610431194306
607,MX20032,607,298.000000000000000,0.005173611193889,0.047921981662512,1.306138038635254,1.258216056972742,0.134973911956053,0.185025105371433,40.222225762903676,0.083832949399948,0.223081412911415
608,MX05010,608,2393.000000000000000,0.041545139553611,0.123557731509209,51.060657501220703,50.937099769711494,2.167906514998259,6.416809850254181,5187.800290390833652,0.356059044599533,3.096996212005616
609,MX07034,609,3709.000000000000000,0.064392362141389,0.024521667510271,11.514938354492188,11.490416686981916,0.376071098938295,0.828987900498971,1394.847705962135706,0.140664711594582,0.824781477451325
610,MX07035,610,451.000000000000000,0.007829861236389,0.207746639847755,6.967336654663086,6.759590014815331,0.651167839269944,0.754392002088549,293.676695510744878,0.420551359653473,1.167211532592773
611,MX26027,611,14236.000000000000000,0.247152781732222,0.051727540791035,24.902360916137695,24.850633375346661,0.132002176871054,0.690954278733955,1879.182989936320837,0.091730698943138,0.111868117004633
612,MX16033,612,1809.000000000000000,0.031406250502500,0.049360480159521,8.773206710815430,8.723846230655909,0.243451359457835,0.577113350039241,440.403509259223767,0.122311346232891,0.357843077182770
613,MX08023,613,9319.000000000000000,0.161788197033056,0.044512152671814,7.971165180206299,7.926653027534485,0.116676631712094,0.275405034322101,1087.309530925004083,0.090652242302895,0.113329502940178
614,MX19017,614,36338.000000000000000,0.630868065649445,0.022498706355691,16.185482025146484,16.162983318790793,0.134964956957532,0.427002789953897,4904.356605922781455,0.075697902590036,0.145591343939304
615,MX19018,615,5359.000000000000000,0.093038195933056,0.096691071987152,67.661537170410156,67.564846098423004,2.493959314455225,7.041137567088801,13365.127966165551697,0.296931833028793,5.110920333862299
616,MX32012,616,4028.000000000000000,0.069930556674444,0.060824625194073,12.232249259948730,12.171424634754658,0.226280971749314,0.525014945586347,911.459754206238699,0.133205927908421,0.271038526296616
617,MX19020,617,9786.000000000000000,0.169895836051667,0.060214124619961,186.918655395507812,186.858441270887852,0.310057277406148,2.928152667433750,3034.220516696567302,0.126035921275616,0.242061696946621
618,MX12031,618,1281.000000000000000,0.022239583689167,0.052489839494228,7.494040489196777,7.441550649702549,0.155918997929815,0.364941136480532,199.732236348092812,0.101578116416931,0.213735893368721
619,MX05011,619,13657.000000000000000,0.237100698238056,0.035556484013796,19.976863861083984,19.941307377070189,0.135293232726433,0.426587868082537,1847.699679344891820,0.103644832968712,0.154294508695602
620,MX32013,620,1002.000000000000000,0.017395833611667,0.129372954368591,18.288249969482422,18.158877015113831,0.541726110120139,1.282959371635002,542.809562340379784,0.229560345411301,0.849979978799820
621,MX19021,621,768.000000000000000,0.013333333546667,0.354749500751495,61.860279083251953,61.505529582500458,19.982785662907798,15.831129718389624,15346.779389113187790,16.154948234558105,43.738890838623050
622,MX21065,622,454.000000000000000,0.007881944570556,0.140642017126083,8.065715789794922,7.925073772668839,0.871899689674902,1.349975386086358,395.842459112405663,0.363319978117943,2.370772194862365
623,MX32014,623,24751.000000000000000,0.429704867986389,0.034253399819136,20.017236709594727,19.982983309775591,0.106061822092055,0.335112589790737,2625.136158600462295,0.075388558208942,0.103530362248421
624,MX12032,624,8473.000000000000000,0.147100696798056,0.014925374649465,13.984227180480957,13.969301805831492,0.117295071148403,0.327078852778759,993.841137840415968,0.075307674705982,0.156708079576492
625,MX32016,625,2240.000000000000000,0.038888889511111,0.098362587392330,12.637020111083984,12.538657523691654,0.435881215470310,0.946457309475953,976.373922653494446,0.180000558495522,0.745732027292253
626,MX26070,626,19968.000000000000000,0.346666672213333,0.040286585688591,40.017704010009766,39.977417424321175,0.176514749510926,1.025913375440181,3524.646518234162158,0.107064276933670,0.132950785756111
627,MX10006,627,11242.000000000000000,0.195173614233889,0.036978341639042,12.018798828125000,11.981820486485958,0.121825008888214,0.335162466495507,1369.556749921300025,0.082813084125519,0.117183523625135
628,MX19022,628,12795.000000000000000,0.222135420220833,0.035776674747467,10.383038520812988,10.347261846065521,0.132827361565100,0.279940715091142,1699.526091225453456,0.086686015129089,0.174550932645798
629,MX19023,629,2017.000000000000000,0.035017361671389,0.062605306506157,7.526151657104492,7.463546350598335,0.152572401817269,0.391993145901333,307.738534465431655,0.103276163339615,0.137078034877777
630,MX19024,630,6675.000000000000000,0.115885418520833,0.026735803112388,5.675697326660156,5.648961523547769,0.075512024763316,0.176826837104277,504.042765295133108,0.058385327458382,0.076174260675907
631,MX19025,631,953.000000000000000,0.016545139153611,0.223722860217094,52.175682067871094,51.951959207653999,4.836736606604032,8.193799951554821,4609.409986093642146,1.356187939643860,14.688582038879401
632,MX08025,632,4570.000000000000000,0.079340279047222,0.044159073382616,12.756677627563477,12.712518554180861,0.194426324478548,0.724707913084688,888.528302866965532,0.084718756377697,0.134802727401257
633,MX14079,633,1764.000000000000000,0.030625000490000,0.066787838935852,12.591219902038574,12.524432063102722,0.404874848746726,1.151360938658953,714.199233189224628,0.138357229530811,0.496002474427223
634,MX28011,634,3699.000000000000000,0.064218751027500,0.030435668304563,37.674755096435547,37.644319428130984,0.188862068461273,1.170899310193598,698.600791238248007,0.092092558741570,0.239251676201820
635,MX10007,635,4356.000000000000000,0.075625001210000,0.300700366497040,155.128356933593750,154.827656567096710,6.452680527082932,14.385762617769835,28107.876375973250106,1.562781274318695,13.479922294616699
636,MX28012,636,16421.000000000000000,0.285086810116944,0.031783152371645,17.420837402343750,17.389054249972105,0.143914535454282,0.493785975851601,2363.220586694770191,0.092614412307739,0.144448161125183
637,MX08026,637,2581.000000000000000,0.044809028494722,0.069282367825508,9.348889350891113,9.279606983065605,0.233934518219726,0.541477642820185,603.784991525113810,0.116382502019405,0.296103864908218
638,MX26028,638,1959.000000000000000,0.034010417210833,0.042546361684799,8.587916374206543,8.545370012521744,0.102342638120078,0.368060584650620,200.489228077232895,0.072587952017784,0.089650234580040
639,MX14038,639,4184.000000000000000,0.072638890051111,0.036959916353226,8.756203651428223,8.719243735074997,0.098272993548971,0.270285999469052,411.174205008894546,0.078587431460619,0.101853045821190
640,MX08027,640,36571.000000000000000,0.634913204603056,0.019991589710116,15.130950927734375,15.110959338024259,0.076435874633776,0.264134516420743,2795.336371231825524,0.060510780662298,0.077388294041157
641,MX14039,641,754.000000000000000,0.013090277987222,2.008172273635864,95.594383239746094,93.586210966110229,43.900489448552399,13.356912206506959,33100.969044208512059,45.308811187744141,56.308560180664067
642,MX24017,642,18993.000000000000000,0.329739588609167,0.019637815654278,10.137623786926270,10.117985971271992,0.136692843636732,0.274373318845921,2596.207179192457716,0.092396497726440,0.163438400626183
643,MX08028,643,32483.000000000000000,0.563940981245278,0.048924762755632,41.347202301025391,41.298277538269758,0.135193825615010,0.608453034371827,4391.501037452368109,0.095395609736443,0.138614109158516
644,MX19026,644,611.000000000000000,0.010607639058611,1.971319794654846,74.518875122070312,72.547555327415466,33.473679331632759,15.074833002139007,20452.418071627616882,37.653400421142578,48.556240081787109
645,MX21066,645,754.000000000000000,0.013090277987222,0.046129200607538,5.148354530334473,5.102225329726934,0.289936945637792,0.519858632207903,218.612457010894985,0.123844511806965,0.580421882867814
646,MX32017,646,4138.000000000000000,0.071840278927222,0.084208652377129,63.084087371826172,62.999878719449043,1.951842333703743,6.762789077899122,8076.723576866087569,0.214565031230450,2.892305040359498
647,MX20034,647,154.000000000000000,0.002673611153889,0.043847728520632,3.578660488128662,3.534812759608030,0.289827390827916,0.512107220826631,44.633418187499068,0.113320797681808,0.664981341362000
648,MX20033,648,19.000000000000000,0.000329861116389,0.858221888542175,5.953083038330078,5.094861149787903,3.216986631092272,1.812437876327978,61.122745990753174,3.296427249908447,5.629782772064209
649,MX10008,649,6761.000000000000000,0.117378474100278,0.034212108701468,64.549880981445312,64.515668872743845,0.402250819268014,2.542339733767942,2719.617789071045991,0.097684845328331,0.227533608675003
650,MX21067,650,1130.000000000000000,0.019618055869444,0.079079084098339,22.617511749267578,22.538432665169239,0.599467419120854,1.598144107280004,677.398183606565226,0.222867526113987,1.081953430175781
651,MX08029,651,50023.000000000000000,0.868454875006389,0.019002554938197,10.493424415588379,10.474421860650182,0.079591851827063,0.175787933147138,3981.423203945162186,0.065639637410641,0.084751677513123
652,MX10009,652,28487.000000000000000,0.494565980135278,0.027050329372287,10.215321540832520,10.188271211460233,0.075920165906954,0.158932741182410,2162.737766191398805,0.065468207001686,0.081045931577683
653,MX11015,653,5079.000000000000000,0.088177084744167,0.109736517071724,94.103782653808594,93.994046136736870,1.795007464925733,5.873440155058244,9116.842914357797781,0.368379294872284,2.845536565780637
654,MX25011,654,13163.000000000000000,0.228524309211944,0.054322943091393,60.958415985107422,60.904093042016029,0.859571998979531,3.108758256421415,11314.546222567571022,0.216188624501228,1.323900437355041
655,MX26029,655,41602.000000000000000,0.722256956000556,0.033039852976799,80.017539978027344,79.984500125050545,0.292354263064661,2.081603421328467,12162.522052016043745,0.083264693617821,0.144675910472870
656,MX08030,656,9575.000000000000000,0.166232641548611,0.026127655059099,7.096426963806152,7.070299308747053,0.083208514260172,0.176223568525114,796.721524041144676,0.067165262997150,0.088751754164696
657,MX20035,657,22.000000000000000,0.000381944450556,0.115829899907112,2.026435375213623,1.910605475306511,0.602620065212250,0.603725755016844,13.257641434669493,0.277379348874092,1.676934337615967
658,MX28013,658,6181.000000000000000,0.107309029494722,0.037470541894436,27.768610000610352,27.731139458715916,0.235640156730260,0.662006001550588,1456.491808749735810,0.123756773769855,0.339989960193634
659,MX05012,659,15458.000000000000000,0.268368059849445,0.062555432319641,7.276881217956543,7.214325785636902,0.133893469102013,0.156996208754296,2069.725245378918771,0.117621950805187,0.157532984018326
660,MX08031,660,30398.000000000000000,0.527743063999444,0.022155378013849,24.272684097290039,24.250528719276190,0.155661733623422,0.604032255980903,4731.805378684787684,0.073109135031700,0.159440374374390
661,MX28014,661,12596.000000000000000,0.218680559054444,0.056005645543337,26.505201339721680,26.449195694178343,0.156014063384322,0.671072325387444,1965.153142388920514,0.110738229006529,0.172044701874256
662,MX20036,662,1373.000000000000000,0.023836805936944,0.016455985605717,1.568747878074646,1.552291892468929,0.108327279827854,0.109462502874694,148.733355203643214,0.089379243552685,0.131212237477303
663,MX09005,663,432.000000000000000,0.007500000120000,4.681217193603516,70.145004272460938,65.463787078857422,41.278657731082731,12.912256743681773,17832.380139827739185,42.940809249877930,55.400103378295903
664,MX28015,664,2199.000000000000000,0.038177083944167,0.143449351191521,33.889537811279297,33.746088460087776,0.745318526203059,2.247100409509137,1638.955439120527672,0.293553322553635,0.886639869213104
665,MX30069,665,860.000000000000000,0.014930555794444,0.181686073541641,354.977142333984375,354.795456260442734,2.916150535261908,20.633453577606250,2507.889460325241089,0.658717036247253,2.717222762107849
666,MX31033,666,2935.000000000000000,0.050954861926389,0.044233355671167,19.524826049804688,19.480592694133520,0.267971616501093,0.939400114481594,786.496694430707862,0.096843138337135,0.292955851554871
667,MX04005,667,6321.000000000000000,0.109739585089167,0.038888972252607,44.213909149169922,44.175020176917315,0.362227644035237,1.824137123816037,2289.640937946734539,0.094901859760284,0.270356535911560
668,MX21068,668,252.000000000000000,0.004375000070000,0.196634516119957,2.863639354705811,2.667004838585854,0.478255787716498,0.402464725018777,120.520458504557595,0.326151698827744,0.854834026098251
669,MX26030,669,90117.000000000000000,1.564531275032500,0.035020958632231,108.432876586914062,108.397855628281832,0.698863438766924,4.733563499689240,62979.476511358880089,0.109805397689342,0.314094966650009
670,MX20028,670,1551.000000000000000,0.026927083764167,0.030200021341443,9.156112670898438,9.125912649556994,0.276866845343428,0.652914025002618,429.420477127656341,0.127148196101189,0.450997292995453
671,MX20039,671,1613.000000000000000,0.028003472670278,0.049806151539087,38.160305023193359,38.110498871654272,1.286527444790388,3.942460866032332,2075.168768446896138,0.154738768935204,2.612162971496579
672,MX20043,672,2305.000000000000000,0.040017361751389,0.039858970791101,38.021919250488281,37.982060279697180,1.392259727232561,4.450032810148707,3209.158671271053663,0.270527124404907,1.753777956962584
673,MX20397,673,1700.000000000000000,0.029513889361111,0.037663895636797,29.911296844482422,29.873632948845625,0.559814396978301,1.894376268960607,951.684474863112314,0.150844141840935,0.768982851505280
674,MX20549,674,2386.000000000000000,0.041423611773889,0.015084557235241,6.012241363525391,5.997156806290150,0.144168450249623,0.330321410241902,343.985922295599778,0.074950736016035,0.190462894737720
675,MX05013,675,5939.000000000000000,0.103107640538611,0.076063118875027,13.237006187438965,13.160943068563938,0.181890881234427,0.506654279951986,1080.249943651260537,0.130803227424622,0.181235867738724
676,MX10010,676,24375.000000000000000,0.423177090104167,0.034183189272881,10.522488594055176,10.488305404782295,0.087071408994381,0.167538528368157,2122.365594238028734,0.077785968780518,0.092494736611843
677,MX16034,677,5667.000000000000000,0.098385418240833,0.026709398254752,21.678491592407227,21.651782194152474,0.432372754041674,1.449234275995056,2450.256397154168098,0.116683676838875,0.706953096389771
678,MX19047,678,890.000000000000000,0.015451389136111,0.112285241484642,15.405053138732910,15.292767897248268,0.783267335350929,1.923446438850246,697.107928462327095,0.261228054761887,1.182415115833283
679,MX28016,679,10935.000000000000000,0.189843753037500,0.021799279376864,10.370168685913086,10.348369406536222,0.119004464309593,0.311708092767170,1301.313817225398452,0.077241465449333,0.144770881533623
680,MX08032,680,10085.000000000000000,0.175086808356944,0.047477845102549,54.506397247314453,54.458919402211905,0.459971931809074,2.677006549736077,4638.816932294514118,0.088304631412029,0.239974737167359
681,MX30070,681,5173.000000000000000,0.089809029214722,0.056163877248764,7.873731136322021,7.817567259073257,0.166445863550385,0.221388162174224,861.024452146143290,0.131508424878120,0.233689528703690
682,MX19028,682,2301.000000000000000,0.039947917305833,0.080170847475529,17.394697189331055,17.314526341855526,0.241871217054447,0.748128249136953,556.545670442283267,0.151934728026390,0.327530920505524
683,MX31034,683,474.000000000000000,0.008229166798333,0.126264274120331,8.428344726562500,8.302080452442169,0.440183327293597,0.999681546888422,208.646897137165155,0.177672900259495,0.522507560253143
684,MX31035,684,606.000000000000000,0.010520833501667,0.090107217431068,5.399698734283447,5.309591516852379,0.312274756186670,0.612210045504248,189.238502249121780,0.147183053195477,0.493655368685722
685,MX31036,685,992.000000000000000,0.017222222497778,0.061738971620798,13.491835594177246,13.430096622556448,0.290347053613063,0.995907304740711,288.024277184158507,0.105947725474834,0.239524082839489
686,MX21057,686,319.000000000000000,0.005538194533056,0.155451878905296,4.688080310821533,4.532628431916237,0.515580408205059,0.413825224757145,164.470150217413817,0.439143419265747,0.860664510726929
687,MX04006,687,38534.000000000000000,0.668993066259445,0.010426315478981,24.452075958251953,24.441649642772973,0.107660804806024,0.518404864045775,4148.601452395344495,0.063003245741129,0.091676380485296
688,MX14040,688,3787.000000000000000,0.065746528829722,0.044088799506426,78.364280700683594,78.320191901177168,0.233365116367947,1.816308111011752,883.753695685414755,0.096863329410553,0.215140613913536
689,MX26031,689,6455.000000000000000,0.112065974015278,0.035436607897282,5.315674781799316,5.280238173902035,0.079996411405406,0.123855983513646,516.376835621892837,0.073031380772591,0.086988098919392
690,MX18005,690,11337.000000000000000,0.196822919815833,0.029719876125455,6.211997032165527,6.182277156040072,0.087516463330710,0.133845328891852,992.174144780261145,0.077087923884392,0.100611792504787
691,MX19029,691,653.000000000000000,0.011336805736944,0.072583250701427,20.223466873168945,20.150883622467518,0.762275004345826,2.047673885806371,497.765577837824594,0.245374247431755,1.054129815101624
692,MX29013,692,1718.000000000000000,0.029826389366111,0.207313582301140,32.628616333007812,32.421302750706673,1.500981044800510,3.364735665066915,2578.685434967276251,0.524031132459641,2.976595449447632
693,MX12033,693,1349.000000000000000,0.023420139263611,0.058597479015589,8.029539108276367,7.970941629260778,0.294243803881578,0.696483189076686,396.934891436248733,0.115449428558350,0.472379696369172
694,MX16036,694,482.000000000000000,0.008368055689444,0.110826618969440,6.208833217620850,6.098006598651409,0.450740004970820,0.778909878720110,217.256682395935115,0.183828867971897,0.917112618684769
695,MX11016,695,632.000000000000000,0.010972222397778,0.268019348382950,16.134391784667969,15.866372436285019,0.989741919444331,1.476248275971347,625.516893088817369,0.510173738002777,1.906481432914733
696,MX16037,696,997.000000000000000,0.017309028054722,0.079035535454750,5.700031757354736,5.620996221899986,0.316913376481029,0.500359556484786,315.962636351585445,0.162462294101715,0.624097669124603
697,MX32018,697,1882.000000000000000,0.032673611633889,0.051560256630182,8.030798912048340,7.979238655418158,0.199902111864337,0.441707254419480,376.215774528682346,0.115860059857368,0.275511407852173
698,MX21069,698,1148.000000000000000,0.019930555874444,0.174614235758781,7.164595603942871,6.989981368184090,0.706981684778935,0.852171549330398,811.614974126217703,0.376307651400566,1.589528274536133
699,MX26032,699,4423.000000000000000,0.076788195673056,0.044654220342636,9.104870796203613,9.060216575860977,0.093544980956201,0.275238597150239,413.749450769276734,0.075864128768444,0.091278915107250
700,MX13024,700,1515.000000000000000,0.026302083754167,0.120714604854584,6.200400352478027,6.079685747623444,0.591303382877863,0.567193780501626,895.824625059963068,0.367253839969635,1.209109783172609
701,MX26033,701,9201.000000000000000,0.159739585889167,0.045309655368328,39.341018676757812,39.295709021389484,0.335046646016284,1.579030146612518,3082.764189995826200,0.107815735042095,0.404195547103882
702,MX21070,702,831.000000000000000,0.014427083564167,0.112453736364841,6.777334690093994,6.664880953729153,0.578316888950147,0.755137958800082,480.581334717571849,0.248387232422829,1.418385386466980
703,MX30071,703,1001.000000000000000,0.017378472500278,0.093636371195316,19.456916809082031,19.363280437886715,1.015903323769688,2.150118328636475,1016.919227093457152,0.486619055271149,1.452525138854980
704,MX21071,704,1244.000000000000000,0.021597222567778,0.166054576635361,36.754383087158203,36.588328510522842,2.174756966639083,4.408740826287572,2705.397666499019579,0.655066162347794,5.042321157455446
705,MX20040,705,230.000000000000000,0.003993055619444,0.058411695063114,4.492445468902588,4.434033773839474,0.519282004463932,0.608967572215362,119.434861026704411,0.256242409348488,1.083339965343475
706,MX13025,706,1460.000000000000000,0.025347222627778,0.087452471256256,3.544416666030884,3.456964194774628,0.249142473665615,0.246990224133188,363.748011551798186,0.169470727443695,0.438918074965477
707,MX20041,707,730.000000000000000,0.012673611313889,0.067345313727856,11.698666572570801,11.631321258842945,0.589425304052357,1.089196820384475,430.280471958220460,0.281225487589836,1.196736395359040
708,MX30072,708,2602.000000000000000,0.045173611833889,0.081705547869205,11.107223510742188,11.025517962872982,0.226677161540483,0.517314494828050,589.813974328337963,0.140293255448341,0.299239647388458
709,MX13026,709,538.000000000000000,0.009340277927222,0.106328964233398,1.692944169044495,1.586615204811096,0.257111439654486,0.184724092947532,138.325954534113293,0.192784041166306,0.437391921877861
710,MX07037,710,1472.000000000000000,0.025555555964444,0.051659829914570,13.542887687683105,13.491227857768536,0.525235742204013,0.997105510854599,773.147012524307456,0.326058998703957,0.834510952234268
711,MX13027,711,1066.000000000000000,0.018506944740556,0.104669384658337,3.500799655914307,3.396130271255970,0.301125120357602,0.353130265327139,320.999378301203251,0.199113190174103,0.501772433519363
712,MX21072,712,235.000000000000000,0.004079861176389,0.209963306784630,3.184519052505493,2.974555745720863,0.632292034461143,0.455157073041619,148.588628098368673,0.494172066450119,1.214141798019409
713,MX24018,713,361.000000000000000,0.006267361211389,0.170348867774010,3.479714155197144,3.309365287423134,0.527333320342933,0.452661768156078,190.367328643798771,0.408198416233063,0.877220928668976
714,MX21073,714,681.000000000000000,0.011822916855833,0.072746902704239,7.473406314849854,7.400659412145615,0.301122515638757,0.707051148713035,205.064433149993448,0.145419210195541,0.367434799671173
715,MX21150,715,888.000000000000000,0.015416666913333,0.125425741076469,6.652170658111572,6.526744917035103,0.392203665766361,0.655299420337306,348.276855200528985,0.218563735485077,0.667957365512848
716,MX15035,716,595.000000000000000,0.010329861276389,0.700746059417725,65.031410217285156,64.330664157867432,9.764298391642701,11.539341097910558,5809.757543027406427,4.293703556060791,28.213859558105472
717,MX08033,717,4477.000000000000000,0.077725695688056,0.040927421301603,3.830895185470581,3.789967764168978,0.102831789313822,0.132380317305589,460.377920757978927,0.083469867706299,0.107437142729759
718,MX21074,718,855.000000000000000,0.014843750237500,0.189982235431671,36.622989654541016,36.433007419109344,3.383712868209471,5.191389378342212,2893.074502319097974,1.470165371894836,8.384845924377442
719,MX14041,719,1560.000000000000000,0.027083333766667,0.058553840965033,26.776113510131836,26.717559669166803,0.353298087781057,1.340092325465864,551.145016938449089,0.117876499891281,0.465877148509027
720,MX14042,720,3904.000000000000000,0.067777778862222,0.035963095724583,19.585914611816406,19.549951516091824,0.182527695460909,0.849433649998789,712.588123079390243,0.084535803645849,0.186572460830212
721,MX13028,721,1979.000000000000000,0.034357639438611,0.120946250855923,17.001241683959961,16.880295433104038,0.791172847366352,1.451727684201090,1565.731064938010604,0.360265523195267,1.436082601547241
722,MX26034,722,2252.000000000000000,0.039097222847778,0.042317241430283,4.452440738677979,4.410123497247696,0.097003316751567,0.186148225603000,218.451469324529057,0.076514106243849,0.097579713910818
723,MX16038,723,10158.000000000000000,0.176354169488333,0.011427502147853,19.584770202636719,19.573342700488865,0.152031976866332,0.641968529755475,1544.340821008200692,0.071054127067327,0.174035954475403
724,MX21075,724,375.000000000000000,0.006510416770833,0.123450174927711,4.793241024017334,4.669790849089622,0.434254822174708,0.593823098787122,162.845558315515490,0.198974296450615,0.982292258739472
725,MX30073,725,3489.000000000000000,0.060572917635833,0.089039415121078,14.346421241760254,14.257381826639175,0.384762231739947,0.841685317636573,1342.435426540675280,0.179008185863495,0.639657390117647
726,MX29014,726,871.000000000000000,0.015121528019722,0.210978001356125,15.696084022521973,15.485106021165848,0.617865488223997,1.158645640704393,538.160840243101347,0.328377455472946,0.987353861331940
727,MX15036,727,1172.000000000000000,0.020347222547778,0.310705542564392,18.010606765747070,17.699901223182678,1.930397942738528,2.620059443458548,2262.426388889554801,1.020888209342957,4.861483907699590
728,MX21076,728,1584.000000000000000,0.027500000440000,0.106550306081772,6.843226432800293,6.736676126718521,0.370325092823631,0.448633585175388,586.594947032630785,0.236521981656551,0.664158034324646
729,MX21077,729,209.000000000000000,0.003628472280278,0.174942299723625,3.759680747985840,3.584738448262215,0.429530289612318,0.486341094129915,89.771830528974533,0.300180792808533,0.655052721500397
730,MX31037,730,987.000000000000000,0.017135416940833,0.066579714417458,6.461609363555908,6.395029649138451,0.187837006775200,0.487801318919642,185.395125687122601,0.103362381458282,0.175804319977760
731,MX13029,731,3298.000000000000000,0.057256945360556,0.119887880980968,27.297338485717773,27.177450604736805,0.656362539291691,1.488473109164769,2164.683654583997395,0.268258213996887,1.277190053462983
732,MX30074,732,93.000000000000000,0.001614583359167,0.813594102859497,29.264350891113281,28.450756788253784,5.001303652922309,5.324574520634699,465.121239721774771,2.639462232589722,13.174542808532713
733,MX27008,733,18020.000000000000000,0.312847227227778,0.064501836895943,2007.523925781250000,2007.459423944354057,3.047097260873365,33.753832541051267,54908.692640938039403,0.518663167953491,2.703420495986939
734,MX22008,734,1939.000000000000000,0.033663194983056,0.213709399104118,14.703208923339844,14.489499524235725,1.211494320512680,1.314284535719583,2349.087487474086174,0.821736752986908,2.347536611557007
735,MX16039,735,396.000000000000000,0.006875000110000,0.094301782548428,4.258860588073730,4.164558805525303,0.361564646183391,0.432139524187622,143.179599888622704,0.207320451736450,0.681737452745438
736,MX07039,736,1668.000000000000000,0.028958333796667,0.078533150255680,12.848683357238770,12.770150206983089,0.451261083914829,0.844953543180580,752.703487969934372,0.228039324283600,0.798379600048065
737,MX17009,737,936.000000000000000,0.016250000260000,0.265781134366989,24.529228210449219,24.263447076082230,1.290397714727965,2.320426272909083,1207.812260985375588,0.461318835616112,3.092618703842163
738,MX21078,738,342.000000000000000,0.005937500095000,0.157036677002907,8.852667808532715,8.695631131529808,0.771401267738370,0.982061193941204,263.819233566522541,0.474587395787239,1.505565369129182
739,MX21079,739,250.000000000000000,0.004340277847222,0.144122168421745,5.987029075622559,5.842906907200813,0.809385814428329,1.124938104909679,202.346453607082282,0.303663387894630,2.180833101272582
740,MX12034,740,6526.000000000000000,0.113298612923889,0.042317830026150,18.235862731933594,18.193544901907444,0.231066462637213,0.710404364280362,1507.939735170449467,0.117205534130335,0.262453690171242
741,MX15037,741,697.000000000000000,0.012100694638056,0.961061954498291,56.903720855712891,55.942658901214600,13.751551712431576,12.557428356279681,9584.831543564809181,9.751005172729492,32.771571350097652
742,MX07038,742,1523.000000000000000,0.026440972645278,0.036399360746145,13.527259826660156,13.490860465914011,0.366006159794151,0.714987090642705,557.427381366491318,0.219033092260361,0.651349639892578
743,MX07040,743,1912.000000000000000,0.033194444975556,0.001962956041098,22.995399475097656,22.993436519056559,0.705134387423234,2.074437649856768,1348.216948753222596,0.195775881409645,1.083632433414459
744,MX31038,744,3760.000000000000000,0.065277778822222,0.061842296272516,20.438318252563477,20.376475956290960,0.422291079564813,1.448375406578438,1587.814459163697393,0.138718739151955,0.420880779623985
745,MX30075,745,1861.000000000000000,0.032309028294722,0.073493525385857,17.019042968750000,16.945549443364143,0.485002521567612,1.070466496858760,902.589692637325129,0.177680745720863,1.018766403198242
746,MX08034,746,15372.000000000000000,0.266875004270000,0.031524024903774,13.965936660766602,13.934412635862827,0.102857925396218,0.301064029707533,1581.132029190662706,0.076400492340326,0.101051362603903
747,MX12035,747,2812.000000000000000,0.048819445225556,0.049153942614794,30.640762329101562,30.591608386486769,1.240158560809017,3.745655874081513,3487.325872994956626,0.203109279274940,1.972280645370485
748,MX12036,748,948.000000000000000,0.016458333596667,0.050270896404982,8.010954856872559,7.960683960467577,0.266117356383568,0.640278168443257,252.279253851622144,0.116458561271429,0.416786599159242
749,MX30076,749,776.000000000000000,0.013472222437778,0.086698375642300,1.882961511611938,1.796263135969639,0.220213672223011,0.188477303570967,170.885809645056781,0.157382480800152,0.386357754468918
750,MX12081,750,1175.000000000000000,0.020399305881944,0.025207245722413,6.262596130371094,6.237388884648681,0.188804356747485,0.372665320136259,221.845119178294851,0.082719609141350,0.392933541536331
751,MX26035,751,11790.000000000000000,0.204687503275000,0.056857589632273,15.160558700561523,15.103701110929251,0.199495073308990,0.602567949880323,2352.046914312995341,0.103785645216703,0.217871358990669
752,MX16040,752,874.000000000000000,0.015173611353889,0.105148427188396,11.034682273864746,10.929533846676350,0.480143333182114,0.955930049766640,419.645273201167640,0.233088336884975,0.857040154933930
753,MX10011,753,12994.000000000000000,0.225590281387222,0.032370742410421,6.673609733581543,6.641238991171122,0.087271035422252,0.139935684136433,1133.999834276738056,0.072888631373644,0.092000015079975
754,MX11017,754,4255.000000000000000,0.073871528959722,0.187959328293800,82.775123596191406,82.587164267897606,5.274147610150975,11.143102094797534,22441.498081192399695,1.235185980796814,13.107708358764649
755,MX16041,755,635.000000000000000,0.011024305731944,0.110458664596081,6.569002628326416,6.458543963730335,0.531286697406469,0.692835776335563,337.367052853107737,0.302580118179321,1.104118061065674
756,MX15038,756,394.000000000000000,0.006840277887222,0.348312646150589,18.676261901855469,18.327949255704880,2.010907842876946,2.893828502345968,792.297690093516508,0.609471291303635,5.732653474807735
757,MX30077,757,4560.000000000000000,0.079166667933333,0.070002220571041,22.191099166870117,22.121096946299076,0.315174083263008,1.100215996093776,1437.193819679316675,0.157384157180786,0.395148476958275
758,MX23003,758,4307.000000000000000,0.074774306751944,0.035264499485493,24.586696624755859,24.551432125270367,0.352123159800172,1.545115818314259,1516.594449259339854,0.104891002178192,0.314769959449768
759,MX19030,759,2886.000000000000000,0.050104167468333,0.026535972952843,6.973763942718506,6.947227969765663,0.105864791835936,0.289801268046763,305.525789238512232,0.070739749819040,0.109328076243401
760,MX21081,760,1515.000000000000000,0.026302083754167,0.034370634704828,2.052855014801025,2.018484380096197,0.099520749832341,0.145709680503990,150.773935995995998,0.072841025888920,0.106830824911594
761,MX21082,761,528.000000000000000,0.009166666813333,0.096556998789310,14.732026100158691,14.635469101369381,0.764918736407928,1.573185126167189,403.877092823386079,0.258304059505463,1.717477929592133
762,MX12037,762,1046.000000000000000,0.018159722512778,0.061460420489311,3.723484516143799,3.662024095654488,0.185159091697027,0.263599097207941,193.676409915089749,0.117290593683720,0.287516921758652
763,MX30078,763,889.000000000000000,0.015434028024722,0.068431057035923,4.808763504028320,4.740332446992397,0.202191252986344,0.310779207466261,179.748023904859906,0.138033941388130,0.291014432907105
764,MX30079,764,744.000000000000000,0.012916666873333,0.079620607197285,5.893494129180908,5.813873521983624,0.218583295051690,0.365602037869520,162.625971518457021,0.150036022067070,0.286886841058731
765,MX07042,765,467.000000000000000,0.008107639018611,0.092903293669224,7.060383319854736,6.967480026185513,0.455372094900628,0.837653295632491,212.658768318593388,0.213258743286133,0.773633337020875
766,MX30083,766,3341.000000000000000,0.058003473150278,0.101654008030891,3.300798654556274,3.199144646525383,0.275457202030116,0.269759561698623,920.302511982618967,0.199289292097092,0.435749977827072
767,MX30080,767,641.000000000000000,0.011128472400278,0.142267450690269,7.955874443054199,7.813606992363930,0.521522954757239,0.708071541854001,334.296213999390034,0.324045419692993,1.001917243003845
768,MX30082,768,757.000000000000000,0.013142361321389,0.567220389842987,16.876041412353516,16.308821022510529,2.400107026572587,2.166838514843507,1816.881019115448680,1.766354203224182,4.485949897766113
769,MX30081,769,258.000000000000000,0.004479166738333,0.212610661983490,27.305538177490234,27.092927515506744,1.958905040409214,3.580142912802890,505.397500425577277,0.515452206134796,4.613164281845092
770,MX31039,770,693.000000000000000,0.012031250192500,0.106909774243832,9.658669471740723,9.551759697496891,0.310904828737481,0.794643445562516,215.457046315074024,0.155721783638000,0.359765416383744
771,MX30084,771,1644.000000000000000,0.028541667123333,0.082878842949867,20.986705780029297,20.903826937079430,0.311658063536361,0.863650685922603,512.365856453777155,0.162283115088940,0.415426930785179
772,MX13030,772,2434.000000000000000,0.042256945120556,0.108689181506634,23.311592102050781,23.202902920544147,1.177228449060964,1.916045890172913,2865.374045014386866,0.553548991680145,2.570810675621034
773,MX20065,773,355.000000000000000,0.006163194543056,0.030573671683669,1.358897209167480,1.328323537483811,0.118325949413046,0.151825444842655,42.005712041631348,0.074313439428806,0.191623511910439
774,MX21083,774,2774.000000000000000,0.048159722992778,0.089142449200153,4.023677825927734,3.934535376727581,0.265111043732331,0.256361670363336,735.418035313485802,0.185867182910442,0.435355466604233
775,MX07043,775,616.000000000000000,0.010694444615556,0.099248230457306,6.199717044830322,6.100468814373016,0.330229216364104,0.447964544484734,203.421197280287799,0.241965934634209,0.462957561016083
776,MX29015,776,802.000000000000000,0.013923611333889,0.290965318679810,24.375631332397461,24.084666013717651,1.971761122197283,2.796390488337339,1581.352420002220924,0.830902040004730,5.366544771194458
777,MX30085,777,679.000000000000000,0.011788194633056,0.371328830718994,35.814453125000000,35.443124294281006,3.960449169415964,5.071200144722668,2689.144986033439636,2.017819643020630,9.616880798339848
778,MX07044,778,1370.000000000000000,0.023784722602778,0.091793589293957,10.982668876647949,10.890875287353992,0.510716428145440,0.845179984534193,699.681506559253307,0.265730664134026,1.056516551971436
779,MX15039,779,1610.000000000000000,0.027951389336111,0.264329940080643,81.772216796875000,81.507886856794357,8.154751222363178,15.040961736598003,13129.149468004716255,1.140432000160217,33.661748123168984
780,MX15040,780,563.000000000000000,0.009774305711944,0.257649779319763,26.911581039428711,26.653931260108948,2.676615551193485,3.920322560201278,1506.934555321932066,1.325562953948975,6.123790454864502
781,MX15041,781,488.000000000000000,0.008472222357778,0.098277971148491,5.051628589630127,4.953350618481636,0.352930000693095,0.486200791212931,172.229840338230161,0.203755266964436,0.652235972881317
782,MX07045,782,524.000000000000000,0.009097222367778,0.128258407115936,5.768133640289307,5.639875233173370,0.379468025995120,0.528745346989276,198.841245621442795,0.248180411756039,0.537348377704620
783,MX29016,783,222.000000000000000,0.003854166728333,0.224438279867172,27.513040542602539,27.288602262735367,1.532654124941375,3.888545274605649,340.249215736985207,0.430166155099869,2.240121769905091
784,MX21084,784,97.000000000000000,0.001684027804722,0.297084301710129,5.958400726318359,5.661316424608231,0.829440531042433,0.898543715271398,80.455731511116028,0.516927361488342,1.575686120986939
785,MX15042,785,1671.000000000000000,0.029010417130833,0.330891072750092,30.730247497558594,30.399356424808502,2.476533758076706,2.636039816114714,4138.287909746175501,1.656852364540100,5.137770175933838
786,MX06006,786,1854.000000000000000,0.032187500515000,0.051389478147030,11.540676116943359,11.489286638796329,0.210496081455240,0.552137337502239,390.259735018014908,0.120384052395821,0.253544637560844
787,MX14044,787,1008.000000000000000,0.017500000280000,0.247130915522575,38.484245300292969,38.237114384770393,2.910358261036142,4.726918361412202,2933.641127124431023,1.093031883239746,7.513591861724856
788,MX14045,788,4162.000000000000000,0.072256945600556,0.060958873480558,24.248788833618164,24.187829960137606,0.495644765452682,0.958461448962132,2062.873513814060971,0.284217163920403,0.961794972419739
789,MX16042,789,620.000000000000000,0.010763889061111,0.103156298398972,5.864182472229004,5.761026173830032,0.357422857419137,0.626946991946067,221.602171599864903,0.169799417257309,0.685870242118836
790,MX20042,790,2747.000000000000000,0.047690972985278,0.022520748898387,6.781985759735107,6.759465010836720,0.113133074633688,0.272303722214421,310.776556018739882,0.079357624053955,0.128049069643021
791,MX18006,791,2467.000000000000000,0.042829861796389,0.040250118821859,25.876117706298828,25.835867587476969,0.429212896232608,1.942629524338348,1058.868215005843922,0.097801782190800,0.386366128921509
792,MX31040,792,2289.000000000000000,0.039739583969167,0.053844034671783,24.309822082519531,24.255978047847748,0.477610617194139,1.731441722827820,1093.250702757384488,0.134286105632782,0.394468587636948
793,MX09006,793,112.000000000000000,0.001944444475556,34.905273437500000,99.925468444824219,65.020195007324219,57.559681619916653,12.770096697283565,6446.684341430664972,55.270112991333008,74.326799011230463
794,MX09007,794,563.000000000000000,0.009774305711944,8.174672126770020,115.838798522949219,107.664126396179199,51.423286475254443,14.928015108562560,28951.310285568251857,50.913177490234375,66.355136108398440
795,MX21085,795,2647.000000000000000,0.045954861846389,0.053760677576065,33.664409637451172,33.610648959875107,0.714677571332766,2.225350852201234,1891.751531317830313,0.171143576502800,1.216980457305908
796,MX13031,796,2212.000000000000000,0.038402778392222,0.045119900256395,9.212552070617676,9.167432170361280,0.194179559867513,0.430555378663804,429.525186426937921,0.119108576327562,0.252304685115814
797,MX16043,797,587.000000000000000,0.010190972385278,0.110882245004177,23.300237655639648,23.189355410635471,2.217493919741354,4.088276941729013,1301.668930888175055,0.549636602401733,7.150199031829832
798,MX18007,798,2527.000000000000000,0.043871528479722,0.034224666655064,23.137653350830078,23.103428684175014,0.236448084174124,1.112064908791982,597.504308708011763,0.088401481509209,0.234320524334908
799,MX30086,799,1037.000000000000000,0.018003472510278,0.103448577225208,16.944894790649414,16.841446213424206,0.627687357308607,1.165087388651141,650.911789529025441,0.299946039915085,1.286938095092773
800,MX27009,800,2915.000000000000000,0.050607639698611,0.183724790811539,206.619628906250000,206.435904115438461,0.977581920483716,5.433601077008787,2849.651298210030745,0.505318999290466,1.218835067749023
801,MX30088,801,359.000000000000000,0.006232638988611,0.089570894837379,4.993092536926270,4.903521642088890,0.293318950386931,0.489473715256004,105.301503188908057,0.163472041487694,0.401878178119659
802,MX14046,802,2621.000000000000000,0.045503472950278,0.085672765970230,37.037872314453125,36.952199548482895,0.639578219911084,2.223478171111494,1676.334514386951469,0.225437059998512,0.860891759395599
803,MX32019,803,3600.000000000000000,0.062500001000000,0.041617732495070,22.274452209472656,22.232834476977587,0.337746874319596,1.267435277659421,1215.888747550545304,0.106491178274155,0.397688981890678
804,MX27010,804,1817.000000000000000,0.031545139393611,0.239535212516785,540.980773925781250,540.741238713264465,2.832073043066196,18.486512826815048,5145.876719251277791,1.279876947402954,3.108314371109009
805,MX21086,805,1028.000000000000000,0.017847222507778,0.116001032292843,3.831647157669067,3.715646125376225,0.420719030555990,0.444680172430262,432.499163411557902,0.262101888656616,0.792579203844071
806,MX22009,806,5958.000000000000000,0.103437501655000,0.038697820156813,19.735479354858398,19.696781534701586,0.191027654506849,0.655817715657759,1138.142765551803450,0.103725749999285,0.279030656814575
807,MX15044,807,23.000000000000000,0.000399305561944,6.734167575836182,54.686649322509766,47.952481746673584,19.355545852495275,11.975862392596072,445.177554607391357,15.781365394592285,33.253729248046881
808,MX30089,808,1527.000000000000000,0.026510417090833,0.135551974177361,22.451324462890625,22.315772488713264,1.063390780916073,2.522954439891483,1623.797722458843737,0.402600795030594,1.660963869094849
809,MX13032,809,193.000000000000000,0.003350694498056,0.233084052801132,4.709687709808350,4.476603657007217,0.757316652511686,0.690178258189171,146.162113934755325,0.513023972511292,1.325279736518860
810,MX30090,810,652.000000000000000,0.011319444625556,0.164341777563095,10.860293388366699,10.695951610803604,0.651136236665256,0.987980281068329,424.540826305747032,0.356469988822937,1.368846797943115
811,MX14047,811,811.000000000000000,0.014079861336389,0.118385881185532,20.988265991210938,20.869880110025406,0.897866974041582,2.303225795328161,728.170115947722707,0.264733165502548,1.507447838783264
812,MX08035,812,40204.000000000000000,0.697986122278889,0.035139285027981,17.444791793823242,17.409652508795261,0.107800237082520,0.230751516725223,4334.000731665651983,0.096577133983374,0.119903025776148
813,MX17010,813,509.000000000000000,0.008836805696944,0.304520666599274,19.034454345703125,18.729933679103851,2.026493288035009,2.839865257019810,1031.485083609819640,0.940223813056946,5.042358016967773
814,MX11018,814,877.000000000000000,0.015225694688056,0.263266205787659,27.908126831054688,27.644860625267029,1.183181589556393,2.255358186600996,1037.650254040956270,0.530199587345123,2.395776891708372
815,MX28017,815,13561.000000000000000,0.235434031544722,0.027741353958845,6.741732597351074,6.713991243392229,0.096310324035928,0.184038959127473,1306.064304251220619,0.076807409524918,0.111644312739372
816,MX11019,816,4385.000000000000000,0.076128473440278,0.108756422996521,16.592256546020508,16.483500123023987,0.453931963968780,0.800938802509561,1990.491662003098554,0.257049530744553,0.787541997432709
817,MX32020,817,7817.000000000000000,0.135711807726944,0.059408094733953,60.067596435546875,60.008188340812922,0.480786538236456,2.273931547322145,3758.308369394378133,0.142165958881378,0.522699499130250
818,MX30091,818,6887.000000000000000,0.119565974135278,0.057205945253372,15.011266708374023,14.954060763120651,0.181757015554894,0.411215689196303,1251.760566126553613,0.127208307385445,0.223224851489067
819,MX01005,819,2532.000000000000000,0.043958334036667,0.114112295210361,47.561878204345703,47.447765909135342,2.397152517191000,6.007717300306689,6069.590173527611114,0.333928242325783,5.904443979263306
820,MX14048,820,3316.000000000000000,0.057569445365556,0.082135923206806,19.302663803100586,19.220527879893780,0.384044311077878,1.120037688379932,1273.490935534242226,0.167263008654118,0.554254353046417
821,MX15045,821,2836.000000000000000,0.049236111898889,0.197339370846748,31.423343658447266,31.226004287600517,1.261784544085873,2.060404050123929,3578.420967027535880,0.667368352413177,2.544378757476807
822,MX30093,822,274.000000000000000,0.004756944520556,0.311154723167419,6.845963954925537,6.534809231758118,0.957488733051467,0.787678464494450,262.351912856101990,0.723778307437897,1.735193884372712
823,MX14049,823,7301.000000000000000,0.126753474250278,0.027179203927517,9.155830383300781,9.128651179373264,0.112602357588195,0.270816806464594,822.109812751411368,0.080610074102879,0.129193633794785
824,MX15046,824,578.000000000000000,0.010034722382778,0.473128318786621,19.104997634887695,18.631869316101074,2.023365441696864,2.368251204643420,1169.505225300787060,1.279348552227020,4.558413696289076
825,MX05014,825,11707.000000000000000,0.203246531029722,0.067960120737553,10.134301185607910,10.066341064870358,0.163207231682458,0.276215804105624,1910.667061306540518,0.128057911992073,0.179996004700661
826,MX08036,826,56467.000000000000000,0.980329876796389,0.041573837399483,44.241699218750000,44.200125381350517,0.143217590607108,0.963595837690709,8087.067688811569496,0.088195487856865,0.116927139461040
827,MX16044,827,969.000000000000000,0.016822916935833,0.085344612598419,10.009347915649414,9.924003303050995,0.428874490492361,0.863315960318346,415.579381287097590,0.183065235614777,0.808581507205964
828,MX28018,828,8554.000000000000000,0.148506946820556,0.021779080852866,12.828917503356934,12.807138422504067,0.100965787231554,0.374158679815296,863.661343978715990,0.072001606225967,0.096227268874645
829,MX32021,829,5951.000000000000000,0.103315973875278,0.028255242854357,7.636883735656738,7.608628492802382,0.098622051906639,0.225868257169455,586.899830896408048,0.070571854710579,0.097680047154427
830,MX16045,830,1206.000000000000000,0.020937500335000,0.100812308490276,23.767253875732422,23.666441567242146,0.979110354962288,2.555900074008291,1180.807088084518909,0.229947432875633,1.900747954845428
831,MX07046,831,6346.000000000000000,0.110173612873889,0.019807016476989,20.911184310913086,20.891377294436097,0.246057735795958,0.810507241371181,1561.482391361146938,0.125328563153744,0.326684489846230
832,MX15047,832,1369.000000000000000,0.023767361491389,0.290357440710068,9.673263549804688,9.382906109094620,1.476585989803010,1.372087285080654,2021.446220040321123,0.918906211853027,3.381245517730713
833,MX07047,833,1152.000000000000000,0.020000000320000,0.056662183254957,15.094156265258789,15.037494082003832,0.435505107174525,1.133749132632256,501.701883465052219,0.168816126883030,0.715525937080384
834,MX17011,834,283.000000000000000,0.004913194523056,1.613581299781799,57.841209411621094,56.227628111839294,16.831725376654862,10.509820136392596,4763.378281593326392,14.721714973449707,30.148099136352542
835,MX14050,835,1610.000000000000000,0.027951389336111,0.115730531513691,22.394559860229492,22.278829328715801,0.945945247929105,2.085651085558278,1522.971849165858657,0.314356923103333,1.961041581630711
836,MX15048,836,1367.000000000000000,0.023732639268611,0.280375957489014,17.321699142456055,17.041323184967041,1.842974246812720,1.929703208443188,2519.345795392987839,1.191361308097839,3.696673393249513
837,MX17012,837,763.000000000000000,0.013246527989722,0.257782638072968,30.543724060058594,30.285941421985626,2.979643492250267,3.848312583556823,2273.467984586953207,1.418642878532410,7.711356353759768
838,MX21087,838,2951.000000000000000,0.051232639708611,0.060731105506420,9.971163749694824,9.910432644188404,0.177856722440771,0.474486955804262,524.855187922715686,0.112392559647560,0.160560831427574
839,MX17013,839,446.000000000000000,0.007743055679444,0.330477297306061,9.981054306030273,9.650577008724213,1.205343692692940,1.609499583520483,537.583286941051369,0.612201124429703,2.910205125808716
840,MX21088,840,153.000000000000000,0.002656250042500,0.190491214394569,1.931398153305054,1.740906938910484,0.447692044712360,0.284518272845430,68.496882840991034,0.333518803119659,0.833062696456910
841,MX27011,841,7923.000000000000000,0.137552085534167,0.037871733307838,20.701595306396484,20.663723573088646,0.185938795645998,0.569544576134978,1473.193077903238418,0.103473417460918,0.261114495992661
842,MX21089,842,846.000000000000000,0.014687500235000,0.137072801589966,5.338057041168213,5.200984239578247,0.333427421607729,0.419431266403270,282.079598680138872,0.220833420753479,0.517109334468842
843,MX15049,843,231.000000000000000,0.004010416730833,0.370315223932266,13.730299949645996,13.359984725713730,1.584183611395040,2.333469589662481,365.946414232254142,0.621973752975464,3.796767711639404
844,MX30169,844,2628.000000000000000,0.045625000730000,0.084688983857632,115.600395202636719,115.515706218779087,0.574378437823312,3.823699562535826,1509.466534599664783,0.207786656916142,0.656664592027665
845,MX12079,845,641.000000000000000,0.011128472400278,0.061043739318848,4.362204074859619,4.301160335540771,0.318303420209847,0.375605389648790,204.032492354512158,0.177114322781563,0.656373143196106
846,MX23006,846,23758.000000000000000,0.412465284377222,0.014858862385154,14.789387702941895,14.774528840556741,0.091198597418058,0.319663704368411,2166.696277458214354,0.063473962247372,0.087372297048569
847,MX16113,847,1104.000000000000000,0.019166666973333,0.110330514609814,11.605699539184570,11.495369024574757,0.660976541039629,1.037969208729804,729.718101307750317,0.300614014267921,1.557694494724275
848,MX32022,848,3192.000000000000000,0.055416667553333,0.044181108474731,26.319047927856445,26.274866819381714,0.356023878460158,1.499175858069421,1136.428220044823547,0.098357796669006,0.266444048285485
849,MX21090,849,112.000000000000000,0.001944444475556,1.552231550216675,16.086341857910156,14.534110307693481,6.225533506699971,3.313862847514781,697.259752750396729,5.727667808532715,10.210063362121584
850,MX21091,850,118.000000000000000,0.002048611143889,0.444763988256454,30.661493301391602,30.216729313135147,3.933915283215248,6.505189643596034,464.202003419399261,1.284922957420349,10.789759635925291
851,MX21092,851,1106.000000000000000,0.019201389196111,0.074813209474087,6.970316410064697,6.895503200590611,0.231471169847746,0.471649193180405,256.007113851606732,0.127465344965458,0.276684671640396
852,MX12039,852,2000.000000000000000,0.034722222777778,0.059791922569275,8.651140213012695,8.591348290443420,0.232791557312012,0.519265221022534,465.583114624023494,0.121772520244122,0.333857312798501
853,MX30094,853,4873.000000000000000,0.084600695798056,0.091531515121460,17.883468627929688,17.791937112808228,0.388341981484161,0.936995348996510,1892.390475772318950,0.200152799487114,0.585929059982300
854,MX14051,854,683.000000000000000,0.011857639078611,0.327093958854675,31.851398468017578,31.524304509162903,1.724823059527800,3.101910935606393,1178.054149657487642,0.761937439441681,3.285122060775758
855,MX05015,855,12943.000000000000000,0.224704864706389,0.057827908545732,10.219387054443359,10.161559145897627,0.113307964746641,0.218103620214957,1466.544987715780962,0.100422069430351,0.119155438244343
856,MX07048,856,3652.000000000000000,0.063402778792222,0.307780593633652,1068.868896484375000,1068.561115890741348,4.376114787270723,32.839217902432118,15981.571203112678631,0.812942802906036,4.757843971252442
857,MX08037,857,19272.000000000000000,0.334583338686667,0.104865372180939,136.160644531250000,136.055779159069061,5.117895336544120,15.305097352813986,98632.078925878289738,0.279534891247749,9.477531051635765
858,MX16046,858,692.000000000000000,0.012013889081111,0.063661195337772,6.104677677154541,6.041016481816769,0.359455896606077,0.540579784696765,248.743480451405219,0.166646018624306,0.795703369379043
859,MX19031,859,1285.000000000000000,0.022309028134722,0.590713262557983,66.601943969726562,66.011230707168579,8.979833923286041,11.779269159590914,11539.086591422561469,2.165692329406738,28.577879333496099
860,MX13033,860,555.000000000000000,0.009635416820833,0.080576598644257,1.905264616012573,1.824688017368317,0.187404208462518,0.212252394729694,104.009335696697221,0.127585425972939,0.301053345203400
861,MX32023,861,1705.000000000000000,0.029600694918056,0.049374572932720,20.090957641601562,20.041583068668842,0.380121122516932,1.274537418816766,648.106513891368309,0.105640731751919,0.459465956687929
862,MX30095,862,940.000000000000000,0.016319444705556,0.056753177195787,2.922336339950562,2.865583162754774,0.209288890418061,0.241504068059357,196.731556992977744,0.147081583738327,0.343994235992432
863,MX12080,863,1227.000000000000000,0.021302083674167,0.043523401021957,9.261911392211914,9.218387991189957,0.256940555030870,0.673945665596463,315.266061022877807,0.106303237378597,0.374131441116333
864,MX15050,864,657.000000000000000,0.011406250182500,0.345270276069641,32.297992706298828,31.952722430229187,1.377510866754130,3.276397352631300,905.024639457463309,0.597691893577576,1.536037015914917
865,MX14052,865,1216.000000000000000,0.021111111448889,0.039000257849693,4.880924701690674,4.841924443840981,0.131833066146723,0.293575818558986,160.309008434414721,0.088530864566565,0.134971275925636
866,MX08038,866,21866.000000000000000,0.379618061629445,0.045691825449467,10.885951995849609,10.840260170400143,0.110132933576483,0.197720306082405,2408.166725583368134,0.093971081078053,0.114910870790482
867,MX16047,867,1320.000000000000000,0.022916667033333,0.018646623939276,6.058778285980225,6.040131662040949,0.331996745350912,0.567993993508916,438.235703863203923,0.148152895271778,0.690115034580231
868,MX31041,868,509.000000000000000,0.008836805696944,0.420122504234314,35.038406372070312,34.618283867835999,5.889649421620696,7.984355924923566,2997.831555604934238,1.636914849281311,20.592910766601559
869,MX31042,869,1001.000000000000000,0.017378472500278,0.057760417461395,4.181682586669922,4.123922169208527,0.173743785480847,0.360341435534679,173.917529266327364,0.097794935107231,0.190811261534691
870,MX31043,870,694.000000000000000,0.012048611303889,0.043042939156294,8.056209564208984,8.013166625052691,0.188226015336532,0.592110703323670,130.628854643553552,0.085304871201515,0.177497138082981
871,MX31044,871,1777.000000000000000,0.030850694938056,0.053628742694855,4.614519596099854,4.560890853404999,0.150377789855037,0.293770897532926,267.221332572400570,0.095509588718414,0.196038126945496
872,MX31045,872,779.000000000000000,0.013524305771944,0.059746507555246,7.376897335052490,7.317150827497244,0.212847406749969,0.528036959324987,165.808129858225527,0.110332176089287,0.242211765050888
873,MX30016,873,641.000000000000000,0.011128472400278,0.297281861305237,23.206932067871094,22.909650206565857,1.499739251949488,2.814141235543665,961.332860499621574,0.588870644569397,2.744115829467773
874,MX14018,874,2077.000000000000000,0.036059028354722,0.135613813996315,24.181516647338867,24.045902833342552,0.961522176244768,2.362890648911219,1997.081560060382799,0.277062147855759,1.944906425476074
875,MX26021,875,21928.000000000000000,0.380694450535556,0.031645927578211,21.766931533813477,21.735285606235266,0.099289898586143,0.280601734400871,2177.228896196934329,0.080840766429901,0.125483922660351
876,MX20017,876,507.000000000000000,0.008802083474167,0.035095900297165,1.040380239486694,1.005284339189529,0.138862564704239,0.138271516077167,70.403320305049377,0.096179455518723,0.262369221448898
877,MX07020,877,12504.000000000000000,0.217083336806667,-0.010084656998515,16.056940078735352,16.067024735733867,0.131150756507065,0.464849387422673,1639.909059364340919,0.062451206147671,0.162453116476536
878,MX08016,878,5569.000000000000000,0.096684029324722,0.056640475988388,8.593463897705078,8.536823421716690,0.148946539746873,0.386763288081174,829.483279850334156,0.099360726773739,0.145266029238701
879,MX07036,879,233.000000000000000,0.004045138953611,0.080437876284122,2.966257572174072,2.885819695889950,0.471345411509659,0.478021088066799,109.823480881750513,0.321652829647064,0.879807043075562
880,MX16035,880,9634.000000000000000,0.167256947120556,0.017004439607263,7.951279640197754,7.934275200590491,0.115332547353860,0.256087894476335,1111.113761207089965,0.079561661928892,0.144176681339741
881,MX14043,881,9954.000000000000000,0.172812502765000,0.014418869279325,10.039791107177734,10.025372237898409,0.119056962906056,0.307802864243537,1185.093008766881439,0.076997280120850,0.122580686211586
882,MX07041,882,2493.000000000000000,0.043281250692500,0.057959973812103,17.202239990234375,17.144280016422272,0.533181580798936,1.248831392857916,1329.221680931746278,0.203699752688408,0.939402067661286
883,MX07050,883,2236.000000000000000,0.038819445065556,0.030061880126595,9.561199188232422,9.531137308105826,0.157641370328433,0.480509659733368,352.486104054377279,0.090497858822346,0.179256141185760
884,MX09008,884,316.000000000000000,0.005486111198889,0.506093382835388,52.980838775634766,52.474745392799377,10.353577410307096,14.188495864340769,3271.730461657042270,1.253666460514069,33.784841537475586
885,MX29048,885,58.000000000000000,0.001006944460556,3.969003200531006,17.832756042480469,13.863752841949463,10.781204642920661,3.826683804916491,625.309869289398307,10.949750900268555,16.100386810302737
886,MX21095,886,60.000000000000000,0.001041666683333,0.172403648495674,4.732003211975098,4.559599563479424,0.535245243956646,0.849559604030167,32.114714637398734,0.212605699896812,1.678081345558167
887,MX14057,887,668.000000000000000,0.011597222407778,0.084129840135574,12.596187591552734,12.512057751417160,0.382682655631247,1.063525994171386,255.632013961672953,0.137866087257862,0.540207421779633
888,MX13040,888,1165.000000000000000,0.020225694768056,0.077340364456177,4.196751117706299,4.119410753250122,0.311343793724483,0.314038795630113,362.715519689022756,0.193097576498985,0.626758420467377
889,MX03003,889,78587.000000000000000,1.364357660718611,0.024411743506789,77.932548522949219,77.908136779442430,0.287617781258849,2.557036492482209,22603.018575789170427,0.077815361320972,0.120575192570686
890,MX15070,890,183.000000000000000,0.003177083384167,5.250149250030518,68.260711669921875,63.010562419891357,39.668335523761691,16.468700090944022,7259.305400848389581,43.930263519287109,57.921369171142580
891,MX20069,891,128.000000000000000,0.002222222257778,0.093543082475662,2.527869224548340,2.434326142072678,0.277969589573331,0.385278977459371,35.580107465386391,0.140223853290081,0.581311273574829
892,MX30127,892,682.000000000000000,0.011840277967222,-1.500000000000000,17.468570709228516,18.968570709228516,0.634677611443030,1.181864588657689,432.850131004146306,0.253897368907928,1.518310892581939
893,MX16069,893,1423.000000000000000,0.024704861506389,0.109061248600483,39.147819519042969,39.038758270442486,2.546640549281788,5.542385751283663,3623.869501627983936,0.495600908994675,6.781014347076414
894,MX20076,894,909.000000000000000,0.015781250252500,0.022710757330060,1.013427495956421,0.990716738626361,0.080643013230350,0.077890950393817,73.304499026387944,0.064113527536392,0.106767217814922
895,MX20556,895,52.000000000000000,0.000902777792222,0.046764414757490,1.013021707534790,0.966257292777300,0.212384428470754,0.205572297177956,11.043990280479191,0.131724551320076,0.459773012995720
896,MX07099,896,7709.000000000000000,0.133836807696944,0.005634336732328,15.174239158630371,15.168604821898043,0.309834448201104,0.782390279612296,2388.513761182310645,0.116098329424858,0.493567067384720
897,MX12068,897,8631.000000000000000,0.149843752397500,0.016313515603542,45.560878753662109,45.544565238058567,0.184810229833829,1.005197212626432,1595.097093695774674,0.081042334437370,0.199979469180107
898,MX18019,898,21677.000000000000000,0.376336811576944,0.023878695443273,61.379405975341797,61.355527279898524,0.093932605079876,0.601213390001697,2036.177080316467254,0.070187754929066,0.091985119879246
899,MX21093,899,886.000000000000000,0.015381944690556,0.042161483317614,5.381217479705811,5.339055996388197,0.258698535612185,0.468932682824721,229.206902552395690,0.140457361936569,0.391513735055923
900,MX14053,900,12623.000000000000000,0.219149309061944,0.062153391540051,61.097919464111328,61.035766072571278,0.589621087102537,2.510917531740339,7442.786982495327720,0.163718894124031,0.695935773849488
901,MX16048,901,357.000000000000000,0.006197916765833,0.119207352399826,10.238288879394531,10.119081526994705,0.612316070484514,1.095491070302947,218.596837162971525,0.237542554736137,1.348129606246950
902,MX24019,902,2687.000000000000000,0.046649306301944,0.042169809341431,2.385669231414795,2.343499422073364,0.132747543699122,0.130393635386342,356.692649919539633,0.105128429830074,0.179100078344345
903,MX05016,903,3528.000000000000000,0.061250000980000,0.057909004390240,10.997518539428711,10.939609535038471,0.131604667611488,0.474343108960970,464.301267333328724,0.090718328952789,0.112786684185266
904,MX19032,904,17946.000000000000000,0.311562504985000,0.038807172328234,11.697784423828125,11.658977251499891,0.112443876521766,0.319567927950922,2017.917808059607523,0.092447109520435,0.111135769635439
905,MX22010,905,3599.000000000000000,0.062482639888611,0.043742410838604,7.517500400543213,7.473757989704609,0.229788287207132,0.375256792845406,827.008045658468518,0.127054378390312,0.435897243022919
906,MX30096,906,85.000000000000000,0.001475694468056,0.099116720259190,3.596301078796387,3.497184358537197,0.470853543544517,0.711647954471660,40.022551201283939,0.171544417738914,1.052174544334412
907,MX07049,907,732.000000000000000,0.012708333536667,0.092963233590126,24.644794464111328,24.551831230521202,0.926236708643413,1.958792247523652,678.005270726978438,0.427087202668190,1.815694308280945
908,MX30061,908,17168.000000000000000,0.298055560324444,0.038766019046307,226.719604492187500,226.680838473141193,0.335009732532106,3.323677926037444,5751.447088111198354,0.131050273776054,0.282675582170487
909,MX07052,909,14688.000000000000000,0.255000004080000,0.009337420575321,24.998954772949219,24.989617352373898,0.198647865701556,0.713744055856051,2917.739851424459175,0.095281571149826,0.271837091445923
910,MX30107,910,255.000000000000000,0.004427083404167,0.132148817181587,1.147082924842834,1.014934107661247,0.259127293264165,0.131487445662990,66.077459782361956,0.218149334192276,0.389241445064545
911,MX07075,911,1144.000000000000000,0.019861111428889,0.031836070120335,19.552968978881836,19.521132908761501,0.570150073132497,1.758787873188793,652.251683663576728,0.191279076039791,0.755459451675416
912,MX30132,912,495.000000000000000,0.008593750137500,0.118232838809490,10.800089836120605,10.681856997311115,0.644935255670789,1.165897756866884,319.242951557040385,0.283851951360703,1.188883161544800
913,MX16052,913,5601.000000000000000,0.097239584889167,0.029509194195271,189.385864257812500,189.356355063617229,1.588629969413157,7.997887551806874,8897.916458683092060,0.105496138334274,1.895775556564331
914,MX23007,914,16527.000000000000000,0.286927087924167,0.033988706767559,12.944679260253906,12.910690553486347,0.125223290760805,0.408045688435161,2069.565326403831023,0.081552177667618,0.114053483307362
915,MX29047,915,126.000000000000000,0.002187500035000,0.192061260342598,4.972677707672119,4.780616447329521,0.568522542833336,0.786850751442742,71.633840397000284,0.304433047771454,1.130994141101837
916,MX11020,916,6118.000000000000000,0.106215279477222,0.146255537867546,87.674301147460938,87.528045609593391,8.448162561929760,15.437090845331968,51685.858553886268055,1.180964589118958,35.306755828857462
917,MX12040,917,3537.000000000000000,0.061406250982500,0.029979879036546,13.903158187866211,13.873178308829665,0.172869609959017,0.590606181049421,611.439810425043447,0.086741022765636,0.189784580469132
918,MX10012,918,11113.000000000000000,0.192934030864722,0.065515130758286,75.334182739257812,75.268667608499527,1.004929905929106,4.386870567485063,11167.786044590151505,0.189024925231934,1.105024385452272
919,MX30097,919,413.000000000000000,0.007170139003611,0.066708162426949,11.705391883850098,11.638683721423149,0.754558535270194,1.674420297246975,311.632675066590309,0.182283923029900,1.793012619018556
920,MX15051,920,1141.000000000000000,0.019809028094722,0.837242424488068,39.610939025878906,38.773696601390839,5.448430709155580,6.037907556266427,6216.659439146516888,2.781246900558472,13.296165466308594
921,MX21094,921,1363.000000000000000,0.023663194823056,0.125917792320251,13.691843032836914,13.565925240516663,0.551576175697569,1.120509074439773,751.798327475786436,0.263546109199524,0.942851519584655
922,MX19033,922,12908.000000000000000,0.224097225807778,0.020911661908031,44.861202239990234,44.840290578082204,0.275893415740988,1.443664370889988,3561.232210384669088,0.087902233004570,0.234653633832932
923,MX28019,923,13067.000000000000000,0.226857642518611,0.038825307041407,6.118180751800537,6.079355444759130,0.104259298198205,0.154691803590609,1362.356249555949034,0.087451994419098,0.119109423458576
924,MX13034,924,885.000000000000000,0.015364583579167,0.087688252329826,3.884088993072510,3.796400740742683,0.330658624519063,0.376880989941122,292.632882699370725,0.195727989077568,0.669998443126679
925,MX20044,925,2396.000000000000000,0.041597222887778,0.100771836936474,20.782789230346680,20.682017393410206,0.516419346066493,1.584945387973865,1237.340753175316877,0.208903588354588,0.658880650997162
926,MX08039,926,7060.000000000000000,0.122569446405556,0.043642144650221,15.391232490539551,15.347590345889330,0.133301215633623,0.407580553377245,941.106582373381798,0.092137094587088,0.135540714859962
927,MX03009,927,23988.000000000000000,0.416458339996667,0.021125329658389,35.634029388427734,35.612904058769345,0.108691788181848,0.839286725364781,2607.298614906168496,0.063831273466349,0.079343978315592
928,MX32024,928,2164.000000000000000,0.037569445045556,0.111968383193016,76.165725708007812,76.053757324814796,1.411362723294174,4.869818325349741,3054.188933208591607,0.310796752572060,2.450775694847107
929,MX19003,929,3609.000000000000000,0.062656251002500,0.065966174006462,10.075728416442871,10.009762242436409,0.179796103085630,0.547575425154690,648.884136036039877,0.110451281070709,0.149043747782707
930,MX03008,930,19056.000000000000000,0.330833338626667,0.032652907073498,71.238571166992188,71.205918259918690,0.912489483897525,4.753519078505679,17388.399605151236756,0.089100539684296,0.413393363356590
931,MX19027,931,2581.000000000000000,0.044809028494722,0.071267426013947,17.447200775146484,17.375933349132538,0.269136641167338,0.919909057468294,694.641670852898187,0.123209796845913,0.240542769432068
932,MX19042,932,6943.000000000000000,0.120538196373056,0.070718720555305,11.233352661132812,11.162633940577507,0.229700409056224,0.427591509479986,1594.809940077364445,0.148720994591713,0.304776024818420
933,MX16075,933,2384.000000000000000,0.041388889551111,0.054429009556770,19.911413192749023,19.856984183192253,0.500414654639106,1.715838197957013,1192.988536659627471,0.123104471713305,0.589476197957993
934,MX30137,934,170.000000000000000,0.002951388936111,0.159735739231110,3.063951492309570,2.904215753078461,0.625342633881990,0.461093409074480,106.308247759938240,0.471502393484116,1.054636943340302
935,MX21118,935,151.000000000000000,0.002621527819722,0.710674464702606,15.253610610961914,14.542936146259308,4.662800006913823,4.121508670085053,704.082801043987274,2.605350971221924,11.753043174743652
936,MX32025,936,897.000000000000000,0.015572916915833,0.153667762875557,35.190116882324219,35.036449119448662,0.946027504776498,2.467860901135031,848.586671784519012,0.316132694482803,1.858490657806396
937,MX15123,937,3476.000000000000000,0.060347223187778,0.026958134025335,5.174533367156982,5.147575233131647,0.133158850961047,0.269272463545718,462.860165940598961,0.085346814244986,0.180647313594818
938,MX27012,938,11850.000000000000000,0.205729169958333,0.049068581312895,2766.014404296875000,2765.965335715562105,2.222032654344536,40.352638274245237,26331.086953982750856,0.314613342285156,1.784994924068452
939,MX08040,939,46755.000000000000000,0.811718762987500,0.031070757657290,25.865793228149414,25.834722470492125,0.105909099708675,0.500115635994587,4951.779956879076053,0.068099737167358,0.087216231226921
940,MX16049,940,5058.000000000000000,0.087812501405000,0.010834404267371,6.683435440063477,6.672601035796106,0.117425097914331,0.259697411235821,593.936145250687787,0.077252414077520,0.153513990342617
941,MX14055,941,1465.000000000000000,0.025434028184722,0.049326241016388,18.061641693115234,18.012315452098846,0.408178108002445,1.325832959268624,597.980928223581827,0.148428320884705,0.425680559873582
942,MX26036,942,6718.000000000000000,0.116631946310556,0.063476577401161,46.322322845458984,46.258846268057823,0.403726148913441,2.408445174177205,2712.232268400498924,0.106204982846975,0.237037184834480
943,MX30098,943,67.000000000000000,0.001163194463056,0.342616379261017,7.136973857879639,6.794357478618622,1.432570373389258,1.578279868945169,95.982215017080293,0.646849572658539,3.650146007537842
944,MX20045,944,130.000000000000000,0.002256944480556,0.139714315533638,7.118243694305420,6.978529378771782,1.280277695220250,1.540899600342287,166.436100378632545,0.654402077198029,3.345321536064148
945,MX20046,945,1153.000000000000000,0.020017361431389,0.018789883702993,3.019531726837158,3.000741843134165,0.124824178657928,0.179372866024347,143.922277992591489,0.087950557470322,0.197783008217812
946,MX20048,946,202.000000000000000,0.003506944500556,0.046731937676668,1.262853622436523,1.216121684759855,0.134193811750058,0.160594775410097,27.107149973511707,0.091753356158733,0.190640656650066
947,MX20049,947,48.000000000000000,0.000833333346667,0.150632098317146,4.920466423034668,4.769834324717522,0.851977726134161,1.091746754048671,40.894930854439728,0.310860708355904,2.117054045200350
948,MX20050,948,416.000000000000000,0.007222222337778,0.044931206852198,1.869629859924316,1.824698653072119,0.165110220980401,0.164430120979486,68.685851927846642,0.122960805892944,0.273784369230270
949,MX20051,949,195.000000000000000,0.003385416720833,0.057958234101534,7.348470211029053,7.290511976927519,0.455478746329363,0.999277580157600,88.818355534225702,0.163634702563286,0.884208405017852
950,MX20052,950,4102.000000000000000,0.071215278917222,0.008964268490672,6.735811233520508,6.726846965029836,0.083159472578787,0.239342877693222,341.120156518184217,0.054909002035856,0.087739878147840
951,MX20053,951,605.000000000000000,0.010503472390278,0.030296564102173,3.435093164443970,3.404796600341797,0.134059322132798,0.242069921970922,81.105889890342937,0.090798914432526,0.181920140981674
952,MX20562,952,194.000000000000000,0.003368055609444,0.028877047821879,2.291109085083008,2.262232037261128,0.183367841032132,0.329588765323919,35.573361160233610,0.073560707271099,0.392964515089989
953,MX20054,953,121.000000000000000,0.002100694478056,0.073446556925774,1.367896556854248,1.294449999928474,0.225961888439892,0.244292306255509,27.341388501226906,0.141040325164795,0.433904528617859
954,MX08041,954,5305.000000000000000,0.092100695918056,0.029259836301208,2.121445894241333,2.092186057940125,0.075123320229555,0.087493431881408,398.529213817790549,0.064146064221859,0.079655715823174
955,MX28020,955,1873.000000000000000,0.032517361631389,0.035491198301315,5.664644241333008,5.629153043031693,0.124781130330246,0.269724955882414,233.715057108551179,0.081852115690708,0.150591784715652
956,MX15052,956,1039.000000000000000,0.018038194733056,0.254875183105469,13.291253089904785,13.036377906799316,1.323998045502546,1.732623242139751,1375.633969277145297,0.649774074554443,3.073101758956914
957,MX12041,957,2312.000000000000000,0.040138889531111,0.022634999826550,4.905308246612549,4.882673246785998,0.219955049192527,0.351880646901872,508.536073733121555,0.117318041622639,0.430970668792725
958,MX30099,958,553.000000000000000,0.009600694598056,0.175187960267067,53.242588043212891,53.067400082945824,2.115708166096780,4.424635030016318,1169.986615851519673,0.721796989440918,4.027957153320313
959,MX31046,959,496.000000000000000,0.008611111248889,0.075913757085800,8.547889709472656,8.471975952386856,0.310453651187521,0.855128495706563,153.985010989010334,0.130216799676418,0.323060244321823
960,MX31047,960,630.000000000000000,0.010937500175000,0.077679269015789,8.250103950500488,8.172424681484699,0.307033722209079,0.680537668487166,193.431244991719723,0.151905424892902,0.347596272826195
961,MX30100,961,1223.000000000000000,0.021232639228611,0.203027069568634,14.091175079345703,13.888148009777069,0.815765499325435,1.112133384833607,997.681205675007391,0.545315027236938,1.289465522766113
962,MX08042,962,26705.000000000000000,0.463628479640278,0.051158152520657,5.348482131958008,5.297323979437351,0.096954685785093,0.079194945579007,2589.174883890903857,0.093071728944778,0.110058581829071
963,MX11008,963,4098.000000000000000,0.071145834471667,0.091082952916622,33.623634338378906,33.532551385462284,0.414136854030843,1.453689354625107,1697.132827818394844,0.195887394249439,0.551789999008179
964,MX06007,964,6677.000000000000000,0.115920140743611,0.025639645755291,151.629791259765625,151.604151614010334,1.720249302894480,6.900799509119054,11486.104595426444575,0.188090324401855,2.076085042953495
965,MX07051,965,5921.000000000000000,0.102795140533611,-0.032082997262478,17.609916687011719,17.641999684274197,0.218323744211674,0.893761036593794,1292.694889477324523,0.083680719137192,0.309349983930588
966,MX10013,966,40187.000000000000000,0.697690983385278,0.041608087718487,44.774406433105469,44.732798345386982,0.141684056404790,0.742838335816478,5693.857174739285256,0.095453791320324,0.144822382926941
967,MX16050,967,3463.000000000000000,0.060121528739722,0.093196175992489,20.817737579345703,20.724541403353214,0.595365499851163,1.327403601914365,2061.750725984576547,0.258857220411301,1.050139737129211
968,MX07115,968,2629.000000000000000,0.045642361841389,0.027341047301888,6.557708263397217,6.530367216095328,0.139146522470400,0.271873508199778,365.816207574680391,0.091341637074947,0.194414567947388
969,MX16051,969,1161.000000000000000,0.020156250322500,0.081582896411419,14.576854705810547,14.495271809399128,0.369374822071151,1.097475225419045,428.844168424606607,0.135310754179955,0.511994838714600
970,MX30101,970,346.000000000000000,0.006006944540556,0.118404299020767,31.174211502075195,31.055807203054428,1.878984016533187,3.421322135464671,650.128469720482713,0.815645813941956,4.210354566574097
971,MX19034,971,1379.000000000000000,0.023940972605278,0.094994761049747,17.314611434936523,17.219616673886776,0.714898836691583,1.439941811642296,985.845495797693388,0.426474928855896,1.039037561416627
972,MX20055,972,708.000000000000000,0.012291666863333,0.030308363959193,3.980128049850464,3.949819685891271,0.154113174587130,0.301386627881434,109.112127607688294,0.088899690657854,0.227893108129501
973,MX12077,973,1018.000000000000000,0.017673611393889,0.046617314219475,14.821836471557617,14.775219157338142,0.290137815130015,1.054482755055427,295.360295802355154,0.093233916908503,0.394581937789917
974,MX07116,974,4455.000000000000000,0.077343751237500,-0.002397214062512,6.720691680908203,6.723088894970715,0.096425695552184,0.239465601667441,429.576473684981579,0.065064005553722,0.111517591774464
975,MX30102,975,1983.000000000000000,0.034427083884167,0.119871333241463,20.068054199218750,19.948182865977287,0.934372239592576,2.376859558341924,1852.860151112077347,0.257105231285095,1.428992605209350
976,MX12042,976,3023.000000000000000,0.052482639728611,0.037746287882328,10.632425308227539,10.594679020345211,0.207215613903360,0.512722957662109,626.412800829857133,0.104153744876385,0.216763225197792
977,MX20056,977,281.000000000000000,0.004878472300278,0.057704325765371,2.879389524459839,2.821685198694468,0.163719798322250,0.309924878312655,46.005263328552225,0.093325659632683,0.214472293853760
978,MX14058,978,9189.000000000000000,0.159531252552500,0.017869371920824,11.280731201171875,11.262861829251051,0.110872836525081,0.292204139426506,1018.810494828970832,0.077635712921619,0.142121320962906
979,MX08043,979,3871.000000000000000,0.067204862186389,0.041354361921549,10.776453018188477,10.735098656266928,0.121157683259840,0.387069635400112,469.001391898840552,0.078008718788624,0.112127982079983
980,MX05017,980,4169.000000000000000,0.072378473380278,0.196129798889160,58.365161895751953,58.169032096862793,2.336179036992893,5.045803461022349,9739.530405223369598,0.844781517982483,5.014431190490731
981,MX08044,981,6172.000000000000000,0.107152779492222,0.055079799145460,9.672609329223633,9.617529530078173,0.142995933121479,0.339523956822712,882.570899225768926,0.101073477417231,0.157417246699333
982,MX28022,982,19686.000000000000000,0.341770838801667,0.043971970677376,66.113471984863281,66.069500014185905,1.401339171162312,5.961891383072485,27586.762923501275509,0.197951652109623,1.105135262012482
983,MX24020,983,6630.000000000000000,0.115104168508333,0.034930221736431,85.563079833984375,85.528149612247944,0.957570179769854,4.872275662954986,6348.690291874131617,0.162355303764343,1.041662704944611
984,MX20057,984,6632.000000000000000,0.115138890731111,0.044990345835686,21.002370834350586,20.957380488514900,0.286919739095671,1.118147809555273,1902.851709682492810,0.119032029062510,0.292446276545525
985,MX24057,985,590.000000000000000,0.010243055719444,0.128339827060699,5.976027488708496,5.847687661647797,0.758212198872687,0.669728643131727,447.345197334885313,0.594496995210648,1.422794222831726
986,MX31048,986,4540.000000000000000,0.078819445705556,0.038776703178883,11.143266677856445,11.104489974677563,0.171472584590776,0.522816191432552,778.485534042121117,0.094877548515797,0.154477387666702
987,MX31049,987,468.000000000000000,0.008125000130000,0.057200945913792,9.077586174011230,9.020385228097439,0.252926705023035,0.866871465527340,118.369697950780377,0.090882655233145,0.200098125636578
988,MX14059,988,1437.000000000000000,0.024947917065833,0.052008986473083,28.632062911987305,28.580053925514221,0.376614990559255,1.423371719146470,541.195741433649914,0.129934921860695,0.493676239252091
989,MX07053,989,522.000000000000000,0.009062500145000,0.028484091162682,5.515097618103027,5.486613526940346,0.332009072840157,0.481560261450872,173.308736022561703,0.191367633640766,0.645136678218842
990,MX32026,990,62083.000000000000000,1.077829878356389,0.029816417023540,98.531875610351562,98.502059193328023,0.134466025169911,1.115089594499709,8348.054240623563601,0.073434583842754,0.101469169557095
991,MX21096,991,276.000000000000000,0.004791666743333,0.190467700362206,6.882667064666748,6.692199364304543,0.532813054549953,0.819862546142515,147.056403055786973,0.260624468326569,0.911182582378387
992,MX07054,992,1839.000000000000000,0.031927083844167,-0.001793510396965,16.864665985107422,16.866459495504387,0.345233347770810,0.926868823007542,634.884126550518999,0.169809684157372,0.580688500404358
993,MX26037,993,3634.000000000000000,0.063090278787222,0.040470432490110,7.236285686492920,7.195815254002810,0.094273825206301,0.230518512200011,342.591080799699114,0.081226453185081,0.097546167671680
994,MX29017,994,71.000000000000000,0.001232638908611,0.626913309097290,24.696031570434570,24.069118261337280,3.998416328933877,5.828115547021118,283.887559354305267,1.196742415428162,14.314038276672363
995,MX17014,995,287.000000000000000,0.004982638968611,0.376491516828537,19.253065109252930,18.876573592424393,2.148192894375699,3.161513022792117,616.531360685825575,0.783125460147858,6.300326824188232
996,MX25012,996,12797.000000000000000,0.222170142443611,0.030080668628216,68.108283996582031,68.078203327953815,1.597623082768180,7.037637484778093,20444.782590184397122,0.116093881428242,1.065340924263001
997,MX20058,997,894.000000000000000,0.015520833581667,0.051276069134474,1.647114992141724,1.595838923007250,0.251646264970836,0.192804298319421,224.971760883927004,0.186142407357693,0.502635502815247
998,MX30103,998,217.000000000000000,0.003767361171389,0.216287821531296,3.557213306427002,3.340925484895706,0.483539145457031,0.471114927783979,104.927994564175620,0.348619192838669,0.804070305824280
999,MX30104,999,1451.000000000000000,0.025190972625278,0.053473085165024,18.011972427368164,17.958499342203140,0.446056261671506,1.131198803594256,647.227635685354812,0.269334673881531,0.610588252544403
1000,MX30105,1000,1963.000000000000000,0.034079861656389,0.127845734357834,45.162162780761719,45.034317046403885,1.683536741823734,3.806238511442259,3304.782624199990551,0.542378723621368,3.552957296371458
1001,MX15053,1001,69.000000000000000,0.001197916685833,8.198914527893066,45.383163452148438,37.184248924255371,27.849222680796746,9.740051674737408,1921.596364974975586,28.247499465942383,40.725743865966791
1002,MX19035,1002,1079.000000000000000,0.018732639188611,0.071446783840656,8.096526145935059,8.025079362094402,0.220136243881065,0.544153821647932,237.527007147669650,0.113168850541115,0.260302114486694
1003,MX32027,1003,9685.000000000000000,0.168142363801389,0.034051164984703,6.917489051818848,6.883437886834145,0.091315122211816,0.151885461871825,884.386958621441408,0.076244987547398,0.103021422028542
1004,MX28023,1004,13083.000000000000000,0.227135420300833,0.041776493191719,9.959410667419434,9.917634174227715,0.105576531554520,0.192512161525650,1381.257762327791170,0.087489955127239,0.115571393072605
1005,MX08045,1005,2273.000000000000000,0.039461806186944,0.128824129700661,38.806865692138672,38.678041562438011,1.278820865665873,3.809868944034419,2906.759827658529957,0.365381449460983,1.978392648696899
1006,MX31050,1006,4418.000000000000000,0.076701390116111,0.133832573890686,93.106575012207031,92.972742438316345,11.871549657077571,18.401011211016051,52448.506384968706698,1.792035758495331,45.984117889404303
1007,MX20037,1007,854.000000000000000,0.014826389126111,0.037769686430693,1.516640663146973,1.478870976716280,0.123486050254114,0.126115935168161,105.457086917013001,0.091770928353071,0.185856120288372
1008,MX07055,1008,113.000000000000000,0.001961805586944,0.401108503341675,6.734253883361816,6.333145380020142,1.236092240145776,1.231297017148707,139.678423136472730,0.790828645229340,2.504990386962890
1009,MX13035,1009,724.000000000000000,0.012569444645556,0.158999383449554,6.238865852355957,6.079866468906403,0.641568122153783,0.604964806137803,464.495320439338911,0.482676565647125,1.152458930015564
1010,MX15054,1010,328.000000000000000,0.005694444535556,1.913571119308472,54.965473175048828,53.051902055740356,21.162856318601744,12.355527478204786,6941.416872501372382,19.480189323425293,36.968320083618167
1011,MX12043,1011,2952.000000000000000,0.051250000820000,0.011347052641213,52.656639099121094,52.645292046479881,0.235471186489006,1.668329261524630,695.110942515544934,0.096130080521107,0.333637285232544
1012,MX13037,1012,3973.000000000000000,0.068975695548056,0.075748190283775,6.553383350372314,6.477635160088539,0.209851612242934,0.282902433506622,833.740455441178256,0.141243427991867,0.328650492429733
1013,MX02002,1013,85128.000000000000000,1.477916690313334,0.022345801815391,110.010841369628906,109.988495567813516,1.038537474279418,5.983596624147764,88408.618110458293813,0.116535771638155,0.630142068862915
1014,MX15055,1014,60.000000000000000,0.001041666683333,2.107681751251221,31.574653625488281,29.466971874237061,9.090587218602499,7.395153222520030,545.435233116149902,6.743359088897705,18.940063858032229
1015,MX24021,1015,4434.000000000000000,0.076979167898333,0.099766492843628,7.166163921356201,7.066397428512573,0.521341900378601,0.648040655287946,2311.629986278715478,0.270501479506493,1.144478857517242
1016,MX14060,1016,1438.000000000000000,0.024965278177222,0.090682096779346,21.669830322265625,21.579148225486279,0.367174356196579,1.212782275927638,527.996724210679872,0.151022396981716,0.491315105557441
1017,MX10014,1017,42477.000000000000000,0.737447928465833,0.023842466995120,8.750298500061035,8.726456033065915,0.074621031377987,0.124978223505321,3169.677549842765984,0.068297557532787,0.084559644758701
1018,MX32028,1018,2438.000000000000000,0.042326389566111,0.052753768861294,10.731842041015625,10.679088272154331,0.133930478604102,0.351313005384428,326.522506836801540,0.096044901758432,0.148211805522442
1019,MX14061,1019,16962.000000000000000,0.294479171378333,0.028074512258172,20.988216400146484,20.960141887888312,0.103463395910052,0.384430021348825,1754.946121426304899,0.074516303837299,0.101472240686417
1020,MX17015,1020,1066.000000000000000,0.018506944740556,0.339760750532150,26.684766769409180,26.345006018877029,1.600803025584060,2.767931219264943,1706.456025272608258,0.692682623863220,3.813430428504944
1021,MX30106,1021,146.000000000000000,0.002534722262778,0.094575151801109,8.935312271118164,8.840737119317055,0.671299935356804,1.277378404155953,98.009790562093315,0.245605923235416,1.235280930995941
1022,MX20059,1022,2277.000000000000000,0.039531250632500,0.021326856687665,136.996002197265625,136.974675340577960,0.856093277315437,6.003996965387355,1949.324392447249920,0.153808221220970,0.834179663658143
1023,MX28024,1023,4778.000000000000000,0.082951390216111,0.066263623535633,22.753913879394531,22.687650255858898,0.241876842808829,1.017774826011462,1155.687554940584960,0.119661543518305,0.241415341198444
1024,MX19036,1024,5077.000000000000000,0.088142362521389,0.022530816495419,6.783698558807373,6.761167742311954,0.118355515117832,0.254083254802551,600.890950253232972,0.084336370229721,0.127742847800255
1025,MX28025,1025,3291.000000000000000,0.057135417580833,0.077537268400192,69.290710449218750,69.213173180818558,0.838334028077355,3.733094758770453,2758.957286402576301,0.161043405532837,0.799879550933838
1026,MX32029,1026,5658.000000000000000,0.098229168238333,0.050507806241512,24.900537490844727,24.850029684603214,0.276823288095097,1.242915372159827,1566.266164042058108,0.098227631300688,0.213482822477818
1027,MX09016,1027,229.000000000000000,0.003975694508056,11.931537628173828,95.055938720703125,83.124401092529297,43.779232537382022,16.566331350858793,10025.444251060482202,44.125408172607422,65.111975097656256
1028,MX09009,1028,1474.000000000000000,0.025590278187222,0.306317925453186,52.020187377929688,51.713869452476501,3.996671731691187,7.771412779827125,5891.094132512809665,0.595528721809387,14.552485942840580
1029,MX19037,1029,20082.000000000000000,0.348645838911667,0.036956064403057,13.558805465698242,13.521849401295185,0.124256450222272,0.311249718469594,2495.318033363675568,0.096928428858519,0.144445170462132
1030,MX06008,1030,2052.000000000000000,0.035625000570000,0.063352629542351,13.588576316833496,13.525223687291145,0.257589797055454,0.781454223378069,528.574263557791596,0.113372005522251,0.266042512655258
1031,MX30108,1031,10199.000000000000000,0.177065975055278,0.058150798082352,6041.969726562500000,6041.911575764417648,5.074267061158576,98.217079816118286,51752.449756756315765,0.189621224999428,1.564495420455936
1032,MX13051,1032,567.000000000000000,0.009843750157500,0.792129814624786,60.026515960693359,59.234386146068573,11.645746272917993,11.577085979600655,6603.138136744501935,7.043192386627197,29.026793670654321
1033,MX13038,1033,956.000000000000000,0.016597222487778,0.179210215806961,9.179598808288574,9.000388592481613,0.689953246952725,0.950733323754535,659.595304086804845,0.404951125383377,1.339483022689819
1034,MX13039,1034,267.000000000000000,0.004635416740833,0.344753503799438,34.538894653320312,34.194141149520874,2.486158930072178,4.908820402165214,663.804434329271544,0.972536623477936,4.769019794464112
1035,MX28026,1035,4512.000000000000000,0.078333334586667,0.019289486110210,5.786933422088623,5.767643935978413,0.075751054340128,0.177184320548914,341.788757182657207,0.058666493743658,0.078520262986422
1036,MX30109,1036,2603.000000000000000,0.045190972945278,0.087836675345898,16.364557266235352,16.276720590889454,0.422071378235857,1.015056027713015,1098.651797547937122,0.216561302542686,0.620674598217011
1037,MX07056,1037,180.000000000000000,0.003125000050000,0.195230081677437,4.998061180114746,4.802831098437309,1.275294587761163,0.892962659456134,229.553025797009411,1.086358249187469,2.464733815193176
1038,MX20060,1038,329.000000000000000,0.005711805646944,0.034169863909483,2.107496500015259,2.073326636105776,0.161798602768353,0.240856565930770,53.231740310788133,0.093134388327599,0.260208797454834
1039,MX13041,1039,672.000000000000000,0.011666666853333,0.333433449268341,25.543741226196289,25.210307776927948,2.273499355163602,3.288008051196468,1527.791566669940494,1.047293841838837,5.242012882232665
1040,MX21097,1040,47.000000000000000,0.000815972235278,0.660429298877716,18.306407928466797,17.645978629589081,4.424176232611880,4.204066662078291,207.936282932758360,2.791403055191040,10.555415534973143
1041,MX30110,1041,326.000000000000000,0.005659722312778,0.123474404215813,5.852240085601807,5.728765681385994,0.496698542012393,0.702500267409813,161.923724696040097,0.304992973804474,0.726333796977997
1042,MX14062,1042,3149.000000000000000,0.054670139763611,0.029301909729838,4.950956344604492,4.921654434874654,0.093330259851002,0.173004260370554,293.896988270805025,0.073339693248272,0.100449004769325
1043,MX12044,1043,2501.000000000000000,0.043420139583611,0.044186796993017,7.970308303833008,7.926121506839991,0.175994789519044,0.369515949658736,440.162968587129228,0.107998274266720,0.248557060956955
1044,MX31051,1044,237.000000000000000,0.004114583399167,0.142677932977676,6.179372310638428,6.036694377660751,0.661733584690697,0.861036696855466,156.830859571695299,0.379791349172592,1.455430006980897
1045,MX25013,1045,14461.000000000000000,0.251059031794722,0.031789813190699,41.950088500976562,41.918298687785864,0.222930065267385,0.929058035314479,3223.791673831653043,0.109428234398365,0.263580590486526
1046,MX24022,1046,6527.000000000000000,0.113315974035278,0.037308793514967,8.178532600402832,8.141223806887865,0.177433607043074,0.329914239454559,1158.109153170141099,0.111779220402241,0.269131159782410
1047,MX26038,1047,10087.000000000000000,0.175121530579722,0.035799924284220,27.296817779541016,27.261017855256796,0.107866864346386,0.618718537978691,1088.053060661995005,0.075285434722900,0.092115831375122
1048,MX13042,1048,991.000000000000000,0.017204861386389,0.075279712677002,14.894696235656738,14.819416522979736,0.379528941475720,0.921432295985844,376.113181002438239,0.172058463096619,0.665329933166504
1049,MX21098,1049,774.000000000000000,0.013437500215000,0.082290828227997,6.033583164215088,5.951292335987091,0.325687435794939,0.607392052058102,252.082075305282928,0.161867119371891,0.473372951149940
1050,MX30111,1050,1230.000000000000000,0.021354167008333,0.607308030128479,694.737182617187500,694.129874587059021,4.435726548258855,27.827247988262368,5455.943654358391541,1.383316397666931,4.716632509231569
1051,MX32030,1051,812.000000000000000,0.014097222447778,0.060191869735718,8.380067825317383,8.319875955581665,0.234146977072866,0.557884202323920,190.127345383167039,0.113392423838377,0.381075489521027
1052,MX05018,1052,6549.000000000000000,0.113697918485833,0.059435818344355,610.840820312500000,610.781384494155645,3.319717959295352,21.068774439552179,21740.832915425260580,0.138909161090851,1.790155410766597
1053,MX20061,1053,108.000000000000000,0.001875000030000,0.162637352943420,1.825719356536865,1.663082003593445,0.512632216430372,0.314046536905290,55.364279374480226,0.415316879749298,0.946040040254593
1054,MX32031,1054,8079.000000000000000,0.140260418910833,0.043641284108162,14.231809616088867,14.188168331980705,0.130538286722164,0.392248766815954,1054.618818428364648,0.087083712220192,0.142166534066200
1055,MX07117,1055,960.000000000000000,0.016666666933333,0.005374241154641,5.021910667419434,5.016536426264793,0.126976273924326,0.305723195848030,121.897222967352718,0.071210607886314,0.182256390154362
1056,MX19038,1056,9633.000000000000000,0.167239586009167,0.037008255720139,36.503040313720703,36.466032058000565,0.433147027874325,1.884857490288212,4172.505319513376890,0.109317235648632,0.556862342357636
1057,MX19039,1057,1682.000000000000000,0.029201389356111,0.288028746843338,83.281883239746094,82.993854492902756,22.383044706336349,18.641510314561160,37648.281196057738271,22.621231079101562,44.791254806518559
1058,MX16053,1058,5896.000000000000000,0.102361112748889,0.061186868697405,67.425216674804688,67.364029806107283,3.416696462030241,7.822148649141100,20144.842340130300727,0.347836270928383,12.339901447296143
1059,MX05019,1059,3382.000000000000000,0.058715278717222,0.064290337264538,21.719181060791016,21.654890723526478,0.308096896654347,1.263730416787210,1041.983704484999862,0.110289610922337,0.320500415563583
1060,MX08046,1060,11396.000000000000000,0.197847225387778,0.024936955422163,4.076002120971680,4.051065165549517,0.074737854994946,0.105270958968043,851.712595522403603,0.064549408853054,0.079831801354885
1061,MX15056,1061,1168.000000000000000,0.020277778102222,0.216021120548248,9.265529632568359,9.049508512020111,0.823989319104753,0.923892151940998,962.419524714351155,0.461497411131859,1.857917094230651
1062,MX16054,1062,912.000000000000000,0.015833333586667,0.078561030328274,3.180095911026001,3.101534880697727,0.199496010326568,0.267386268021418,181.940361417829990,0.136210262775421,0.300680530071259
1063,MX32032,1063,918.000000000000000,0.015937500255000,0.134903341531754,28.433700561523438,28.298797219991684,1.166183727629044,2.574964855284450,1070.556661963462375,0.360872849822044,2.787828397750855
1064,MX08047,1064,9566.000000000000000,0.166076391546111,0.033090818673372,3.357967853546143,3.324877034872770,0.071787647879600,0.080807755785807,686.720639616251219,0.065668389201164,0.078731812536716
1065,MX11021,1065,790.000000000000000,0.013715277997222,0.142796784639359,31.199048995971680,31.056252211332321,1.535804166541067,3.959127398100616,1213.285291567443210,0.347272604703903,2.636354732513430
1066,MX07057,1066,2835.000000000000000,0.049218750787500,0.014888355508447,24.710857391357422,24.695969035848975,0.523740729391312,1.591943811439669,1484.804967824368532,0.232971444725990,0.795003223419189
1067,MX31052,1067,1594.000000000000000,0.027673611553889,0.097802683711052,14.715093612670898,14.617290928959846,0.780493427885970,1.685868264895669,1244.106524050236885,0.222848452627659,1.885375523567201
1068,MX32033,1068,2704.000000000000000,0.046944445195556,0.053387925028801,15.207703590393066,15.154315665364265,0.210672114423294,0.677311699323530,569.657397400587115,0.101523991674185,0.248881252110006
1069,MX16055,1069,1863.000000000000000,0.032343750517500,0.063508860766888,13.060797691345215,12.997288830578327,0.392465100248239,1.047913271773869,731.162481762468815,0.144420579075813,0.557136440277099
1070,MX03002,1070,161917.000000000000000,2.811059072754722,0.022863090038300,67.903396606445312,67.880533516407013,0.098931078264290,0.593059355561626,16018.623399319112650,0.071714259684086,0.104671204090118
1071,MX31053,1071,1980.000000000000000,0.034375000550000,0.059617601335049,15.597793579101562,15.538175977766514,0.277296752076258,1.009661813982710,549.047569110990139,0.105825450271368,0.239796572923660
1072,MX29011,1072,178.000000000000000,0.003090277827222,0.233789160847664,8.470757484436035,8.236968323588371,0.882893021605658,1.176530582607948,157.154957845807076,0.434594288468361,2.231159543991089
1073,MX31054,1073,359.000000000000000,0.006232638988611,0.175627797842026,5.361886978149414,5.186259180307388,0.440126482532217,0.622323439528109,158.005407229065725,0.247363880276680,0.783134710788727
1074,MX05020,1074,43951.000000000000000,0.763038206653056,0.040634922683239,29.006977081298828,28.966342158615589,0.156663747081019,0.864915434147535,6885.528347957875667,0.085329823195934,0.112264618277550
1075,MX27013,1075,2603.000000000000000,0.045190972945278,0.165825873613358,44.324428558349609,44.158602684736252,1.891189781275566,3.734553199823321,4922.767000660297526,0.846840083599091,3.892755699157715
1076,MX26039,1076,6653.000000000000000,0.115503474070278,0.064757704734802,26.124061584472656,26.059303879737854,0.171447472531204,0.727615049885894,1140.640034750102814,0.111556947231293,0.149431350827217
1077,MX26040,1077,15209.000000000000000,0.264045143113611,0.026553107425570,2.958443403244019,2.931890295818448,0.068587886730710,0.050389838267166,1043.153169287370929,0.066591076552868,0.079379455745220
1078,MX26041,1078,9377.000000000000000,0.162795141493611,0.045982070267200,328.493316650390625,328.447334580123425,0.484006933238241,6.229064619734075,4538.533012974989106,0.091751351952553,0.195588564872742
1079,MX05021,1079,3753.000000000000000,0.065156251042500,0.049419648945332,19.437858581542969,19.388438932597637,0.237967456460928,0.893932014230785,893.091864097862867,0.096962362527847,0.300820618867874
1080,MX16056,1080,1505.000000000000000,0.026128472640278,0.058996401727200,14.445482254028320,14.386485852301121,0.351832341076032,0.994047399782484,529.507673319428704,0.127021402120590,0.435381656885148
1081,MX08048,1081,25993.000000000000000,0.451267368331389,0.028806792572141,21.709268569946289,21.680461777374148,0.158478914975640,0.576841318121050,4119.342436961821477,0.083501853048801,0.154316812753677
1082,MX29021,1082,535.000000000000000,0.009288194593056,0.270978629589081,21.757488250732422,21.486509621143341,1.020870891241268,2.145439307654007,546.165926814078489,0.394891977310181,1.749965310096741
1083,MX30206,1083,133.000000000000000,0.002309027814722,3.585349321365356,146.850418090820312,143.265068769454956,20.391821524254357,24.435042637063926,2712.112262725829623,12.105550765991211,39.815776824951165
1084,MX30112,1084,541.000000000000000,0.009392361261389,0.173131629824638,9.826413154602051,9.653281524777412,0.645871229814073,0.946348368281489,349.416335329413528,0.357797175645828,1.202361106872559
1085,MX30113,1085,90.000000000000000,0.001562500025000,0.467470884323120,6.121753692626953,5.654282808303833,1.208564986785253,0.962773185064804,108.770848810672732,0.955422699451447,2.108819699287416
1086,MX30013,1086,685.000000000000000,0.011892361301389,0.141717553138733,20.103296279907227,19.961578726768494,1.053697997483895,2.289283131764505,721.783128276467892,0.327478259801865,2.296152925491334
1087,MX20062,1087,12.000000000000000,0.000208333336667,0.103214338421822,3.042638540267944,2.939424201846123,0.926975882301728,0.988666357647786,11.123710587620735,0.382287293672562,2.473750877380371
1088,MX29023,1088,266.000000000000000,0.004618055629444,1.132087230682373,90.180091857910156,89.048004627227783,5.489830160051359,7.816599779181722,1460.294822573661577,2.828074216842651,12.138083934783936
1089,MX15057,1089,785.000000000000000,0.013628472440278,0.893229544162750,80.238761901855469,79.345532357692719,19.930275855702220,16.678353995302857,15645.266546726243178,15.750475883483887,42.410092926025399
1090,MX21100,1090,302.000000000000000,0.005243055639444,0.226362824440002,5.332916736602783,5.106553912162781,0.838548002505539,0.837903905482346,253.241496756672888,0.478448703885078,1.936938488483429
1091,MX30114,1091,1769.000000000000000,0.030711806046944,0.088064119219780,14.479049682617188,14.390985563397408,0.305140815317260,0.732277786798206,539.794102296233746,0.158339217305183,0.456000888347626
1092,MX21101,1092,140.000000000000000,0.002430555594444,0.179701462388039,4.643146514892578,4.463445052504539,0.605666182190180,0.628873977482857,84.793265506625175,0.412095680832863,1.164948070049286
1093,MX05022,1093,4819.000000000000000,0.083663195783056,0.109486885368824,42.882053375244141,42.772566489875317,0.859504389115687,2.706392252292771,4141.951651148493511,0.261146277189255,1.050126194953918
1094,MX26042,1094,14689.000000000000000,0.255017365191389,0.041263509541750,53.106590270996094,53.065326761454344,0.692805767642631,3.376889370903189,10176.623920902600730,0.125470578670502,0.649816954135896
1095,MX25018,1095,9464.000000000000000,0.164305558184444,0.042923659086227,36.919826507568359,36.876902848482132,0.621271115430536,1.863925594365604,5879.709836434593853,0.172765158116817,1.132104718685151
1096,MX20063,1096,21.000000000000000,0.000364583339167,0.828426241874695,4.451447010040283,3.623020768165588,2.389626968474615,1.101478558088866,50.182166337966926,2.246320247650146,4.051363468170166
1097,MX10015,1097,12317.000000000000000,0.213836808976944,0.030469868332148,15.505149841308594,15.474679972976446,0.113821909181533,0.367146889593962,1401.944455388941378,0.081641726195812,0.116291655600071
1098,MX21102,1098,92.000000000000000,0.001597222247778,0.598290741443634,17.212358474731445,16.614067733287811,3.318854915059131,4.283976486690038,305.334652185440007,0.877705723047256,9.524360752105714
1099,MX20064,1099,2461.000000000000000,0.042725695128056,0.013211454264820,4.868961334228516,4.855749879963696,0.117602860254199,0.297458530066711,289.420639085583275,0.060408137738705,0.152487173676491
1100,MX15059,1100,272.000000000000000,0.004722222297778,2.498015165328979,45.328659057617188,42.830643892288208,9.399054415085734,7.209658435971975,2556.542800903319858,6.617119312286377,19.566305351257327
1101,MX15058,1101,317.000000000000000,0.005503472310278,7.864628314971924,78.614585876464844,70.749957561492920,47.233271844003497,15.104852407069156,14972.947174549108240,52.073696136474609,59.408734130859386
1102,MX21103,1102,532.000000000000000,0.009236111258889,0.078409999608994,4.998228549957275,4.919818550348282,0.366637883231716,0.674217613744723,195.051353879272909,0.157328963279724,0.730387365818025
1103,MX13043,1103,1243.000000000000000,0.021579861456389,0.081749707460403,3.124324560165405,3.042574852705002,0.189093239761271,0.176222403108716,235.042897023260451,0.147024959325790,0.288875937461853
1104,MX15060,1104,1153.000000000000000,0.020017361431389,0.305156260728836,62.424270629882812,62.119114369153976,10.119923176293993,14.416872485891174,11668.271422266972877,2.896139383316040,36.968031311035141
1105,MX07058,1105,144.000000000000000,0.002500000040000,0.068931639194489,5.571719169616699,5.502787530422211,0.374310729559511,0.926039997522913,53.900745056569576,0.108100794255733,0.689473974704742
1106,MX32034,1106,4403.000000000000000,0.076440973445278,0.052546050399542,29.360504150390625,29.307958099991083,0.311018133501715,1.293838079975900,1369.412841808049961,0.119336575269699,0.355082839727402
1107,MX16057,1107,2696.000000000000000,0.046805556304444,0.018371915444732,4.424461841583252,4.406089926138520,0.099844384964732,0.194046265123617,269.180461864918527,0.073010887950659,0.115515880286694
1108,MX26043,1108,9532.000000000000000,0.165486113758889,0.064367383718491,72.112213134765625,72.047845751047134,1.293644222126437,6.108652559580656,12331.016725309193134,0.134579338133335,0.560425215959549
1109,MX30115,1109,316.000000000000000,0.005486111198889,0.294508785009384,26.836097717285156,26.541588932275772,3.010414736274676,4.835301817824372,951.291056662797587,1.001907140016556,8.074433565139771
1110,MX10016,1110,6043.000000000000000,0.104913196123056,0.038002490997314,17.374622344970703,17.336619853973389,0.202313390708554,0.669670946486273,1222.579820051792012,0.099427536129951,0.200411921739578
1111,MX08049,1111,10518.000000000000000,0.182604169588333,0.024966243654490,6.592656135559082,6.567689891904593,0.074233685941904,0.139935493015844,780.789908736944426,0.065012644976377,0.081013492494822
1112,MX13044,1112,1696.000000000000000,0.029444444915556,0.138657689094543,8.767395973205566,8.628738284111023,0.621471772058252,0.767143593107759,1054.016125410795667,0.380662038922310,1.173825800418854
1113,MX15061,1113,410.000000000000000,0.007118055669444,0.441806674003601,22.604843139648438,22.163036465644836,2.070269887403744,3.485096639283807,848.810653835535049,0.853603601455688,4.258038616180420
1114,MX21104,1114,830.000000000000000,0.014409722452778,0.201667785644531,17.152585983276367,16.950918197631836,1.102262632494950,2.058666601996133,914.877984970808711,0.451206639409065,2.352329015731812
1115,MX32035,1115,2064.000000000000000,0.035833333906667,0.103517286479473,10.502313613891602,10.398796327412128,0.385652143753661,0.726273012213215,795.986024707556453,0.177157290279865,0.748806339502335
1116,MX08050,1116,14086.000000000000000,0.244548615023889,0.051804397255182,28.513067245483398,28.461262848228216,0.278322249669204,1.492922008168561,3920.447208840409075,0.097398538142443,0.154505543410778
1117,MX10039,1117,9524.000000000000000,0.165347224867778,0.027801657095551,26.476652145385742,26.448850488290191,0.176387415760178,0.819895393930986,1679.913747699938995,0.086966462433338,0.162357766926289
1118,MX28027,1118,6325.000000000000000,0.109809029534722,0.115034699440002,107.793975830078125,107.678941130638123,5.660854690449507,15.525458203760106,35804.905917093128664,0.461851507425308,13.410909843444859
1119,MX28028,1119,1534.000000000000000,0.026631944870556,0.048075675964355,5.229565620422363,5.181489944458008,0.158141472353813,0.309183968069441,242.589018590748481,0.109378457069397,0.183583718538284
1120,MX16058,1120,1158.000000000000000,0.020104166988333,0.046323195099831,5.316923618316650,5.270600423216820,0.197619418869365,0.389584396735803,228.843287050724342,0.104882646352053,0.297749054431915
1121,MX16059,1121,1636.000000000000000,0.028402778232222,0.042071904987097,1.725037693977356,1.682965788990259,0.152185334951542,0.164457855543676,248.975207980722615,0.107158385217190,0.235202759504318
1122,MX20504,1122,495.000000000000000,0.008593750137500,0.044429637491703,2.561981439590454,2.517551802098751,0.116389938571838,0.196066602810369,57.613019593060017,0.082487285137177,0.117353545129299
1123,MX16060,1123,383.000000000000000,0.006649305661944,0.133950769901276,10.603880882263184,10.469930112361908,0.834517417665250,1.216974691283227,319.620170965790635,0.442729443311691,1.854087638854981
1124,MX20067,1124,439.000000000000000,0.007621527899722,0.175683960318565,82.938507080078125,82.762823119759560,14.261989072168880,15.588692532967485,6261.013202682138399,9.802419662475586,35.379566955566403
1125,MX05023,1125,137393.000000000000000,2.385295177053611,0.040847465395927,70.853523254394531,70.812675788998604,0.104041521663239,0.419597606790257,14294.576785877379734,0.095435544848442,0.116052269935608
1126,MX08051,1126,9510.000000000000000,0.165104169308333,0.031643737107515,24.654998779296875,24.623355042189360,0.182426469854141,0.816707174354832,1734.875728312876845,0.070280089974403,0.135850201547146
1127,MX10017,1127,18992.000000000000000,0.329722227497778,0.030149364843965,16.965812683105469,16.935663318261504,0.107756717489792,0.351312044146831,2046.515578566122258,0.081849265843630,0.104839655011892
1128,MX11022,1128,5156.000000000000000,0.089513890321111,0.062221456319094,177.758239746093750,177.696018289774656,0.523119714669593,5.273320043163182,2697.205248836421106,0.129156641662121,0.406460225582123
1129,MX16061,1129,706.000000000000000,0.012256944640556,0.099278420209885,7.879215717315674,7.779937297105789,0.407537982764815,0.642652075005853,287.721815831959304,0.192221082746983,0.874001204967499
1130,MX28029,1130,7478.000000000000000,0.129826390966111,0.036718562245369,4.109888553619385,4.073169991374016,0.111032207827496,0.165986158312242,830.298850134015879,0.091452736407518,0.126591530442238
1131,MX07059,1131,46570.000000000000000,0.808506957380556,-0.009387089870870,33.151866912841797,33.161254002712667,0.134711262298227,0.675634758519586,6273.503485228444333,0.063409868627787,0.150798566639423
1132,MX07060,1132,297.000000000000000,0.005156250082500,0.084109239280224,9.352719306945801,9.268610067665577,0.629581988183938,1.129373384346332,186.985850490629531,0.236090093851089,1.396841573715212
1133,MX21105,1133,329.000000000000000,0.005711805646944,0.112018778920174,5.285917758941650,5.173898980021477,0.481890920311847,0.708174838471148,158.542112782597513,0.249228596687317,0.996570348739624
1134,MX14063,1134,1210.000000000000000,0.021006944780556,0.142405822873116,33.571689605712891,33.429283782839775,1.902150030643487,4.559181882016198,2301.601537078619003,0.371581181883812,3.638975000381473
1135,MX20068,1135,590.000000000000000,0.010243055719444,0.072090014815331,14.783328056335449,14.711238041520119,0.777602418916205,1.696937164450847,458.785427160560914,0.268134668469429,1.442480683326721
1136,MX15062,1136,688.000000000000000,0.011944444635556,0.440066903829575,32.013423919677734,31.573357015848160,3.710842780768867,5.575054697342151,2553.059833168980731,1.188382208347321,11.234222412109375
1137,MX21106,1137,594.000000000000000,0.010312500165000,0.341783344745636,40.067253112792969,39.725469768047333,3.339132676421589,4.497060601466383,1983.444809794423691,1.324625670909882,8.244173336029061
1138,MX07061,1138,9928.000000000000000,0.172361113868889,0.024326192215085,19.671792984008789,19.647466791793704,0.274317883596532,0.809980615338635,2723.427948346368794,0.137006834149361,0.405565536022186
1139,MX15063,1139,1899.000000000000000,0.032968750527500,0.275302141904831,12.379515647888184,12.104213505983353,0.954659668409932,1.463840994018677,1812.898710310460956,0.465769201517105,1.920458197593690
1140,MX17016,1140,424.000000000000000,0.007361111228889,0.463896870613098,10.769293785095215,10.305396914482117,1.795106972374443,1.886046610134107,761.125356286764031,0.933040171861649,4.280342435836792
1141,MX08052,1141,36280.000000000000000,0.629861121188889,0.045296188443899,52.996097564697266,52.950801376253366,0.183605402140635,1.438947398210205,6661.203989662241838,0.094317086040974,0.131476199626923
1142,MX32036,1142,3267.000000000000000,0.056718750907500,0.117575213313103,32.572887420654297,32.455312207341194,0.609162973181293,1.882465386912423,1990.135433383285317,0.206486418843269,0.869601678848267
1143,MX14064,1143,5810.000000000000000,0.100868057169444,0.060328032821417,22.416206359863281,22.355878327041864,0.263255543172642,0.941137622251791,1529.514705833052176,0.123744219541550,0.249136453866959
1144,MX12045,1144,3470.000000000000000,0.060243056519444,0.029858397319913,12.311821937561035,12.281963540241122,0.199366457137127,0.555264172537107,691.801606265829037,0.085364583879709,0.343679827451706
1145,MX21107,1145,310.000000000000000,0.005381944530556,0.165449991822243,2.178936958312988,2.013486966490746,0.363047399395896,0.232007447005771,112.544693812727871,0.305498346686363,0.552873927354813
1146,MX30116,1146,385.000000000000000,0.006684027884722,0.227902710437775,18.121562957763672,17.893660247325897,1.519487644403013,2.536558296104776,585.002743095159872,0.670163869857788,3.240749120712286
1147,MX30117,1147,1047.000000000000000,0.018177083624167,0.184019908308983,38.032615661621094,37.848595753312111,0.682083069367304,2.137972017679658,714.140973627567064,0.358661830425262,0.932593381404877
1148,MX12046,1148,2919.000000000000000,0.050677084144167,0.049600876867771,21.440723419189453,21.391122542321682,0.549296492004323,1.689678457245936,1603.396460160617835,0.170796588063240,0.819988656044009
1149,MX13045,1149,393.000000000000000,0.006822916775833,0.265062183141708,7.534026145935059,7.268963962793350,1.072627330326853,1.046844971861274,421.542540818453119,0.756341040134430,2.170055723190308
1150,MX26044,1150,2834.000000000000000,0.049201389676111,0.029781980440021,3.596806049346924,3.567024068906903,0.070816891431551,0.115821606531303,200.695070317014881,0.063479032367468,0.075773442536592
1151,MX31055,1151,1296.000000000000000,0.022500000360000,0.059993755072355,5.307127952575684,5.247134197503328,0.178781816037371,0.345109395036351,231.701233584433339,0.106147538870573,0.244051091372967
1152,MX26045,1152,11968.000000000000000,0.207777781102222,0.040779065340757,17.213405609130859,17.172626543790102,0.101658266625694,0.311285885928901,1216.646134976300573,0.080945819616318,0.103755458444357
1153,MX26046,1153,4970.000000000000000,0.086284723602778,0.053652394562960,9.364801406860352,9.311149012297392,0.114160995852480,0.285929444570559,567.380149386823746,0.093933492898941,0.120579110831022
1154,MX21108,1154,1180.000000000000000,0.020486111438889,0.131813779473305,31.487232208251953,31.355418428778648,0.718930162640952,2.138122189218850,848.337591916323731,0.249056011438370,1.053726804256440
1155,MX30118,1155,140.000000000000000,0.002430555594444,0.831188321113586,44.923751831054688,44.092563509941101,22.503491250106272,13.593262958908914,3150.488775014878229,25.755015373229980,39.113957214355466
1156,MX07062,1156,2748.000000000000000,0.047708334096667,0.077082097530365,81.030220031738281,80.953137934207916,0.440596144741300,2.356444889570091,1210.758205749092212,0.207606829702854,0.495661979913712
1157,MX07063,1157,453.000000000000000,0.007864583459167,0.161611542105675,15.651812553405762,15.490201011300087,0.753314427949209,1.727367870984408,341.251435860991592,0.297483533620834,1.239222717285157
1158,MX10019,1158,8778.000000000000000,0.152395835771667,0.021048942580819,6.913570880889893,6.892521938309073,0.086660302155854,0.166409540698964,760.704132324082366,0.062817718833685,0.083343567699194
1159,MX30119,1159,228.000000000000000,0.003958333396667,0.177273094654083,9.081415176391602,8.904142081737518,0.745012321362371,1.213749331261716,169.862809270620488,0.441493451595306,0.978601175546646
1160,MX30120,1160,113.000000000000000,0.001961805586944,1.319329857826233,12.306014060974121,10.986684203147888,4.189093012725356,3.128672028170384,473.367510437965166,2.365515232086182,9.292797470092772
1161,MX23004,1161,42051.000000000000000,0.730052095014167,-0.002789235906675,34.778057098388672,34.780846334295347,0.215258287734449,1.587153802984837,9051.826257521326625,0.057849217206240,0.119099102914333
1162,MX15065,1162,704.000000000000000,0.012222222417778,0.410748124122620,40.272399902343750,39.861651778221130,3.664301086725164,5.512499967146512,2579.667965054515662,1.436301648616791,10.260838508605964
1163,MX15066,1163,777.000000000000000,0.013489583549167,0.052846543490887,4.749224185943604,4.696377642452717,0.206416555885298,0.380671121724624,160.385663922876319,0.121521763503551,0.281541109085083
1164,MX15067,1164,554.000000000000000,0.009618055709444,0.448938965797424,23.227025985717773,22.778087019920349,3.983174443191137,3.617789323323057,2206.678641527889795,3.094288468360901,8.626220798492431
1165,MX07064,1165,2033.000000000000000,0.035295139453611,0.050225771963596,10.535436630249023,10.485210858285427,0.321160181948206,0.647908938014274,652.918649900703258,0.172646313905716,0.609459900856018
1166,MX31056,1166,4296.000000000000000,0.074583334526667,0.023278824985027,11.100894927978516,11.077616102993488,0.179328742202500,0.656456901829886,770.396276501940292,0.070245891809464,0.172330148518085
1167,MX30121,1167,9807.000000000000000,0.170260419390833,0.042723439633846,7.723603248596191,7.680879808962345,0.129286052785078,0.210680755309542,1267.908319663259817,0.103756085038185,0.142793759703636
1168,MX15068,1168,239.000000000000000,0.004149305621944,0.634449005126953,45.080917358398438,44.446468353271484,5.509268454178602,7.675672240062770,1316.715160548685844,1.757705211639404,15.499643707275403
1169,MX01006,1169,993.000000000000000,0.017239583609167,0.183166474103928,38.829326629638672,38.646160155534744,1.897555251376025,4.360676491696402,1884.272364616392906,0.745314955711365,3.410279417037965
1170,MX13048,1170,761.000000000000000,0.013211805766944,0.464329749345779,64.487594604492188,64.023264855146408,15.267230455023222,15.794317772497918,11618.362376272672918,8.005186080932617,41.026817321777344
1171,MX13047,1171,1931.000000000000000,0.033524306091944,0.035406202077866,2.091744661331177,2.056338459253311,0.154432612837348,0.167516897006779,298.209375388919909,0.110109843313694,0.232282653450966
1172,MX28030,1172,6936.000000000000000,0.120416668593333,0.028024198487401,10.469099998474121,10.441075799986720,0.138315029456007,0.390012105430855,959.353044306864035,0.082984346896410,0.148556217551231
1173,MX21109,1173,494.000000000000000,0.008576389026111,0.157378926873207,6.659413337707520,6.502034410834312,0.693612714709058,0.799219575819851,342.644681066274643,0.429639071226120,1.419096827507019
1174,MX16062,1174,847.000000000000000,0.014704861346389,0.105480693280697,7.596475601196289,7.490994907915592,0.405050996352326,0.749741961393276,343.078193910419998,0.182548046112061,0.713107967376709
1175,MX30122,1175,1496.000000000000000,0.025972222637778,0.100200377404690,8.996432304382324,8.896231926977634,0.434343914207529,0.606207925649170,649.778495654462859,0.300289049744606,0.706096947193146
1176,MX07065,1176,14140.000000000000000,0.245486115038889,0.010993123985827,27.541645050048828,27.530651926063001,0.232506337882081,0.887508724790442,3287.639617652619563,0.102742575109005,0.332054778933525
1177,MX04007,1177,10675.000000000000000,0.185329864076389,0.022166812792420,27.146198272705078,27.124031459912658,0.180158938189022,0.739465921818452,1923.196665167807851,0.088105261325836,0.197227141261101
1178,MX21110,1178,1789.000000000000000,0.031059028274722,0.118215739727020,50.424633026123047,50.306417286396027,0.861910662324885,2.379253601732263,1541.958174899220012,0.306487828493118,1.727589654922486
1179,MX28031,1179,2434.000000000000000,0.042256945120556,0.028219111263752,5.512877941131592,5.484658829867840,0.100983122668260,0.237913326626137,245.792920574545889,0.069308172911406,0.123510657250881
1180,MX31057,1180,3344.000000000000000,0.058055556484444,0.048895590007305,17.135860443115234,17.086964853107929,0.147705305040186,0.639737342618552,493.926540054381348,0.084075465798378,0.119685605168343
1181,MX16063,1181,1431.000000000000000,0.024843750397500,0.084637567400932,12.787922859191895,12.703285291790962,0.610180307234358,1.268648157105127,873.168019652365956,0.191675707697868,1.537431955337524
1182,MX29024,1182,299.000000000000000,0.005190972305278,0.408380180597305,28.071390151977539,27.663009971380234,3.617361390570732,4.264172373190785,1081.591055780648958,1.819338321685791,8.670019721984863
1183,MX07066,1183,933.000000000000000,0.016197916925833,0.105252534151077,14.132568359375000,14.027315825223923,0.503687832037352,0.954837488277859,469.940747290849117,0.261040061712265,0.926835429668427
1184,MX07067,1184,521.000000000000000,0.009045139033611,0.081020303070545,6.451909065246582,6.370888762176037,0.516247200431042,0.768140940003290,268.964791424572866,0.220656961202621,1.231544852256775
1185,MX21111,1185,1099.000000000000000,0.019079861416389,0.118780441582203,3.916505098342896,3.797724656760693,0.375831756791654,0.348131284281530,413.039100714027711,0.276699453592300,0.608902013301850
1186,MX30123,1186,15956.000000000000000,0.277013893321111,0.047659795731306,62.317222595214844,62.269562799483538,0.300321209060921,1.365339012423676,4791.925211776047945,0.132597997784615,0.381232306361198
1187,MX32037,1187,3452.000000000000000,0.059930556514444,0.089117348194122,13.143568992614746,13.054451644420624,0.323474942774514,0.737391616441165,1116.635502457620760,0.181169934570789,0.396822550892830
1188,MX10020,1188,5262.000000000000000,0.091354168128333,0.034104600548744,21.775085449218750,21.740980848670006,0.160301026678281,0.697370405615003,843.504002381114333,0.083011344075203,0.146528038382530
1189,MX15069,1189,14.000000000000000,0.000243055559444,8.723698616027832,23.024894714355469,14.301196098327637,15.958969184330535,3.737205973501547,223.425568580627498,15.941466808319092,21.087844085693362
1190,MX29041,1190,116.000000000000000,0.002013888921111,0.840998172760010,22.895107269287109,22.054109096527100,9.584026643942140,6.969221157161202,1111.747090697288286,8.795241832733154,20.283255577087402
1191,MX30124,1191,7259.000000000000000,0.126024307571944,0.111464813351631,825.900756835937500,825.789292022585869,2.263912055582405,17.123666348075215,16433.737611472675781,0.604254484176636,2.405546951293945
1192,MX16065,1192,1213.000000000000000,0.021059028114722,0.062114994972944,12.764992713928223,12.702877718955278,0.525100438033291,1.303541728479847,636.946831334381841,0.155739396810532,0.979068613052368
1193,MX16064,1193,2489.000000000000000,0.043211806246944,0.055387262254953,6.269264221191406,6.213876958936453,0.220295520311513,0.452056002799307,548.315550055355629,0.121169760823250,0.295927554368973
1194,MX27014,1194,1713.000000000000000,0.029739583809167,0.148166552186012,1461.579711914062500,1461.431545361876488,5.486847894047685,45.152479005708990,9398.970442503683444,0.911412477493286,7.540564441680907
1195,MX19040,1195,6105.000000000000000,0.105989585029167,0.054437708109617,9.200507164001465,9.146069455891848,0.114328204917917,0.261370736179885,697.973691023885408,0.097452513873577,0.116537685692310
1196,MX05024,1196,54923.000000000000000,0.953524320811945,0.024685615673661,32.861358642578125,32.836673026904464,0.125950777198099,0.739575115845601,6917.594536051165051,0.084589041769505,0.124896341562271
1197,MX30126,1197,1917.000000000000000,0.033281250532500,0.087163016200066,16.560302734375000,16.473139718174934,0.552745077842589,1.026515564323095,1059.612314224243164,0.312598854303360,1.021333312988282
1198,MX30125,1198,1982.000000000000000,0.034409722772778,0.067222982645035,13.195375442504883,13.128152459859848,0.367861098293159,0.831468457553190,729.100696817040330,0.216242574155331,0.504478698968887
1199,MX16066,1199,2166.000000000000000,0.037604167268333,0.043946962803602,21.312017440795898,21.268070477992296,0.788318864153292,2.052039639221186,1707.498659756031202,0.206165634095669,1.596003174781799
1200,MX12047,1200,1449.000000000000000,0.025156250402500,0.047576609998941,0.996088802814484,0.948512192815542,0.110082115037039,0.057535105371731,159.508984688669301,0.099103376269341,0.137455233931541
1201,MX22012,1201,1610.000000000000000,0.027951389336111,0.243551552295685,40.124725341796875,39.881173789501190,2.711852974254894,4.504064165711008,4366.083288550380530,1.108043730258942,7.127318382263184
1202,MX22013,1202,3477.000000000000000,0.060364584299167,0.055716998875141,6.825972557067871,6.770255558192730,0.216260065026485,0.363560613225197,751.936246097087860,0.115998655557632,0.366426002979279
1203,MX16067,1203,1839.000000000000000,0.031927083844167,0.082093134522438,6.297990322113037,6.215897187590599,0.278891727101420,0.470994602330117,512.881886139511153,0.154877930879593,0.459719336032868
1204,MX11023,1204,7779.000000000000000,0.135052085494167,0.090480320155621,43.771011352539062,43.680531032383442,0.854357901067481,2.328567993223557,6646.050112403931053,0.337389200925827,1.579632759094238
1205,MX10021,1205,8655.000000000000000,0.150260419070833,0.032036989927292,11.510668754577637,11.478631764650345,0.123800084866036,0.450725649311501,1071.489734515543205,0.072724528610706,0.103976567089558
1206,MX16068,1206,1646.000000000000000,0.028576389346111,0.039245799183846,12.020333290100098,11.981087490916252,0.368698257853347,0.965829447784731,606.877332426609655,0.120526839047670,0.618778467178345
1207,MX30128,1207,3018.000000000000000,0.052395834171667,0.063200704753399,63.963520050048828,63.900319345295429,0.766511957781392,2.700141273073088,2313.333088584242432,0.208225533366203,1.352958297729494
1208,MX19041,1208,1673.000000000000000,0.029045139353611,0.271811902523041,75.343353271484375,75.071541368961334,3.791695673328212,7.647388567771046,6343.506861478098472,1.181868314743042,9.032992172241210
1209,MX12048,1209,9641.000000000000000,0.167378474900278,0.007442562840879,14.132142066955566,14.124699504114687,0.135188264118603,0.540532206382025,1303.350054367448593,0.064358286559582,0.145524576306343
1210,MX21112,1210,1136.000000000000000,0.019722222537778,0.055179513990879,7.156713485717773,7.101533971726894,0.255412509743596,0.538706031081181,290.148611068725586,0.114927392452955,0.490582123398781
1211,MX31058,1211,5266.000000000000000,0.091423612573889,0.030499378219247,19.727777481079102,19.697278102859855,0.202627957287782,0.972095298169247,1067.038823077458119,0.078171245753765,0.175532646477222
1212,MX21113,1212,1088.000000000000000,0.018888889191111,0.064638011157513,5.617615699768066,5.552977688610554,0.216054493979113,0.409365184196431,235.067289449274654,0.116260595619678,0.324718782305718
1213,MX07068,1213,2886.000000000000000,0.050104167468333,0.075572408735752,65.314544677734375,65.238972268998623,0.622538844287414,2.301238952829702,1796.647104613476131,0.333288490772247,0.767554193735123
1214,MX05025,1214,2527.000000000000000,0.043871528479722,0.111499980092049,55.532665252685547,55.421165272593498,3.901187715776996,9.760516260393867,9858.301357768468733,0.304906249046326,14.145145797729501
1215,MX14065,1215,4334.000000000000000,0.075243056759444,0.029463361948729,11.349546432495117,11.320083070546389,0.159189470100290,0.385167144375776,689.927163414655979,0.101053971797228,0.186457420885563
1216,MX07069,1216,8478.000000000000000,0.147187502355000,-0.017608797177672,28.660638809204102,28.678247606381774,0.216823517988897,1.016140272176260,1838.229785509872045,0.078756690025330,0.291475275158882
1217,MX12049,1217,799.000000000000000,0.013871527999722,0.154216051101685,10.540767669677734,10.386551618576050,0.535644947811121,0.909952873590501,427.980313301086085,0.264493644237518,0.988419795036317
1218,MX22002,1218,3565.000000000000000,0.061892362101389,0.057571358978748,7.884682655334473,7.827111296355724,0.197307304152893,0.320961765183513,703.400539305061784,0.124707542359829,0.334683579206467
1219,MX32038,1219,15987.000000000000000,0.277552087774167,0.050210874527693,30.943809509277344,30.893598634749651,0.203328804077144,0.618586526526313,3250.617590781294439,0.120088540017605,0.260712003707886
1220,MX20070,1220,326.000000000000000,0.005659722312778,0.067619889974594,6.314280033111572,6.246660143136978,0.307398613725155,0.771105816240865,100.211948074400453,0.132836952805519,0.316950589418411
1221,MX13049,1221,939.000000000000000,0.016302083594167,0.093716137111187,2.538383007049561,2.444666869938374,0.282669849733449,0.226773358149272,265.426988899708249,0.210799694061279,0.482849639654160
1222,MX26047,1222,52787.000000000000000,0.916440986885278,0.038200717419386,37.240421295166016,37.202220577746630,0.110771661792097,0.619417047221048,5847.303711019448201,0.084217436611652,0.103553581237793
1223,MX30129,1223,1238.000000000000000,0.021493055899444,0.080365538597107,6.654991626739502,6.574626088142395,0.268039514306144,0.480093281283198,331.832918711006812,0.157155714929104,0.405037021636963
1224,MX30130,1224,5840.000000000000000,0.101388890511111,0.059002891182899,26.488716125488281,26.429713234305382,0.270311944601317,0.890770653682675,1578.621756471691469,0.137294106185436,0.335254561901093
1225,MX02005,1225,2751.000000000000000,0.047760417430833,0.118004746735096,39.239269256591797,39.121264509856701,2.417906302209873,5.464788482780983,6651.660237379360296,0.282060861587524,7.043055057525635
1226,MX20071,1226,503.000000000000000,0.008732639028611,0.033961288630962,2.758838653564453,2.724877364933491,0.162676435578651,0.290327934652066,81.826247096061678,0.092987209558487,0.229315835237503
1227,MX10022,1227,5765.000000000000000,0.100086807156944,0.037358462810516,13.630368232727051,13.593009769916534,0.165004919583732,0.548125773109897,951.253361400214999,0.087002865970135,0.141192251443863
1228,MX15071,1228,632.000000000000000,0.010972222397778,0.263822644948959,15.016093254089355,14.752270609140396,1.475658891934760,1.644104451760785,932.616419702768212,1.036693394184113,2.806416654586792
1229,MX14066,1229,4160.000000000000000,0.072222223377778,0.084276489913464,43.023532867431641,42.939256377518177,0.583580000338574,2.015073997485371,2427.692801408469222,0.157352104783058,0.950820493698120
1230,MX30131,1230,317.000000000000000,0.005503472310278,1.448626041412354,1212.570556640625000,1211.121930599212646,32.060913927547567,92.972816178258583,10163.309715032579334,18.471759796142578,42.256483459472747
1231,MX08053,1231,2014.000000000000000,0.034965278337222,0.086043290793896,20.544584274291992,20.458540983498096,0.415483958412484,1.328295666756454,836.784692242742835,0.145353049039841,0.458215221762657
1232,MX05026,1232,15186.000000000000000,0.263645837551667,0.040362320840359,8.582402229309082,8.542039908468723,0.118796607287129,0.284360369370842,1804.045278262345391,0.091949880123138,0.118115790188313
1233,MX31059,1233,1800.000000000000000,0.031250000500000,0.121138267219067,49.159702301025391,49.038564033806324,1.614654019338391,5.384267200484365,2906.377234809104266,0.249539554119110,2.374916434288027
1234,MX13050,1234,455.000000000000000,0.007899305681944,0.196053236722946,26.666568756103516,26.470515519380569,1.732716805528808,3.798067268853924,788.386146515607834,0.470113188028336,3.846971082687383
1235,MX21114,1235,2698.000000000000000,0.046840278527222,0.244892314076424,180.501266479492188,180.256374165415764,17.233454593387567,19.982270488798296,46495.860492959654948,6.738404989242554,44.550693511962898
1236,MX10023,1236,35335.000000000000000,0.613454870926389,0.010561788454652,36.254943847656250,36.244382059201598,0.104300454745047,0.568914062757804,3685.456568416242135,0.064671158790588,0.088324993848801
1237,MX11024,1237,298.000000000000000,0.005173611193889,0.660250425338745,30.288221359252930,29.627970933914185,2.489791229467264,3.680397282420231,741.957786381244546,1.538446366786957,4.272248029708862
1238,MX07072,1238,1213.000000000000000,0.021059028114722,0.068610556423664,16.886035919189453,16.817425362765789,0.581498349090057,1.246114418450956,705.357497446238654,0.224207878112793,1.167223882675171
1239,MX30133,1239,1433.000000000000000,0.024878472620278,0.143265575170517,47.138565063476562,46.995299488306046,2.108234547156598,5.005447242869287,3021.100106075405165,0.470380008220673,4.883775997161862
1240,MX17017,1240,1462.000000000000000,0.025381944850556,0.122734904289246,28.288873672485352,28.166138768196106,1.879487761190586,3.853300626696057,2747.811106860637210,0.569840222597122,4.319434928894045
1241,MX30134,1241,1903.000000000000000,0.033038194973056,0.081895388662815,19.999290466308594,19.917395077645779,0.437767005035643,1.089061937625721,833.070610582828863,0.211876273155212,0.735564804077148
1242,MX26048,1242,33593.000000000000000,0.583211814886945,0.052628666162491,37.754219055175781,37.701590389013290,0.234477002075187,1.544548663413975,7876.785930711763285,0.114135168492794,0.144264611601830
1243,MX14067,1243,3401.000000000000000,0.059045139833611,0.056831233203411,57.588180541992188,57.531349308788776,2.539996593351554,6.981820025202748,8638.528413988635293,0.225559771060944,6.425771713256836
1244,MX12050,1244,626.000000000000000,0.010868055729444,0.092342361807823,21.204769134521484,21.112426772713661,1.251349024998306,2.852496996548756,783.344489648939657,0.278375402092934,3.086402893066406
1245,MX16070,1245,957.000000000000000,0.016614583599167,0.087056949734688,19.822923660278320,19.735866710543633,0.741217831879574,2.172264541709284,709.345465108752023,0.169998228549957,1.083943009376526
1246,MX11025,1246,1460.000000000000000,0.025347222627778,0.096465989947319,35.976226806640625,35.879760816693306,1.919433396962813,4.621718021012788,2802.372759565707838,0.452119842171669,3.968901038169865
1247,MX16071,1247,3581.000000000000000,0.062170139883611,0.081807211041451,22.106260299682617,22.024453088641167,0.493744897750030,1.340964442333886,1768.100478842856774,0.184975668787956,0.888762712478638
1248,MX20073,1248,1995.000000000000000,0.034635417220833,0.028728367760777,9.063620567321777,9.034892199561000,0.221611424145245,0.498033102905660,442.114791169763180,0.114327393472195,0.403308790922165
1249,MX21115,1249,922.000000000000000,0.016006944700556,0.153084412217140,12.538721084594727,12.385636672377586,1.319632642520612,1.967351115457150,1216.701296404003870,0.536754459142685,3.461670970916747
1250,MX12051,1250,4143.000000000000000,0.071927084484167,0.036496959626675,10.130040168762207,10.093543209135532,0.231534678378371,0.439634321512321,959.248172521590732,0.126528188586235,0.416939562559128
1251,MX16072,1251,1164.000000000000000,0.020208333656667,0.046643566340208,8.238905906677246,8.192262340337038,0.309942814412677,0.677356500797766,360.773435976355927,0.139117866754532,0.498413670063019
1252,MX22014,1252,3409.000000000000000,0.059184028724722,0.189145088195801,108.769622802734375,108.580477714538574,12.974657739422186,19.051689302879552,44230.608233690232737,2.350761175155640,47.239662933349614
1253,MX21116,1253,829.000000000000000,0.014392361341389,0.065642982721329,5.618341922760010,5.552698940038681,0.453501853287508,0.574631286287930,375.953036375343913,0.260496258735657,0.991107046604157
1254,MX31060,1254,514.000000000000000,0.008923611253889,0.046463951468468,2.959332942962646,2.912868991494179,0.124604004453360,0.255631493235739,64.046458289027186,0.083439595997334,0.112835281342268
1255,MX26049,1255,19909.000000000000000,0.345642366641389,0.030593102797866,7.738437652587891,7.707844549790025,0.082046446854357,0.119314329743855,1633.462710423401404,0.072667203843594,0.101496288180351
1256,MX16073,1256,1061.000000000000000,0.018420139183611,0.084833830595016,9.967670440673828,9.882836610078812,0.320716549346573,0.806589141965898,340.280258856713772,0.136438399553299,0.458173245191574
1257,MX14069,1257,3347.000000000000000,0.058107639818611,0.035226888954639,5.680389404296875,5.645162515342236,0.160614443634041,0.315301986931055,537.576542843136053,0.094657354056835,0.231838494539261
1258,MX30135,1258,125.000000000000000,0.002170138923611,0.319701641798019,29.079204559326172,28.759502917528152,5.884580264806748,7.131995839663511,735.572533100843430,2.121564865112305,15.146394729614265
1259,MX21117,1259,22.000000000000000,0.000381944450556,0.663133740425110,23.803054809570312,23.139921069145203,9.115136482498862,7.643246446968836,200.533002614974976,6.719422101974487,22.017803764343274
1260,MX30136,1260,58.000000000000000,0.001006944460556,0.471891254186630,7.129622459411621,6.657731205224991,1.952600630706754,1.680369109005931,113.250836580991745,1.157071352005005,4.220336675643926
1261,MX05027,1261,35046.000000000000000,0.608437509735000,0.035800635814667,72.073928833007812,72.038128197193146,0.382274082078484,2.727842862847182,13397.177480522539554,0.102086007595062,0.222768060863018
1262,MX07073,1262,327.000000000000000,0.005677083424167,0.094959244132042,12.302642822265625,12.207683578133583,0.606212395274676,1.346775471168716,198.231453254819002,0.305491924285889,0.811017560958863
1263,MX15072,1263,118.000000000000000,0.002048611143889,0.927574276924133,35.380313873291016,34.452739596366882,5.039906447216618,6.031783522650779,594.708960771560896,2.358342409133911,11.683667659759520
1264,MX24023,1264,3955.000000000000000,0.068663195543056,0.033025823533535,10.035750389099121,10.002724565565586,0.203757074561003,0.502612294679236,805.859229888766890,0.110894434154034,0.284582483768463
1265,MX26050,1265,4718.000000000000000,0.081909723532778,0.041686035692692,4.887678623199463,4.845992587506771,0.088155230939950,0.155376061601457,415.916379574685493,0.076866261661053,0.091656982153654
1266,MX19043,1266,3525.000000000000000,0.061197917645833,0.039644144475460,4.162365436553955,4.122721292078495,0.096197784472230,0.148268492578771,339.097190264611697,0.077059648931026,0.108526106178761
1267,MX07074,1267,2129.000000000000000,0.036961806146944,0.535135686397552,3504.136230468750000,3503.601094782352448,23.726318534045486,154.536001733827760,50513.332158982841065,2.956725597381592,27.167108535766602
1268,MX20075,1268,162.000000000000000,0.002812500045000,0.055096931755543,5.294099330902100,5.239002399146557,0.382074173976794,0.815409928845205,61.896016184240572,0.106618873775005,0.836332029104233
1269,MX20077,1269,57.000000000000000,0.000989583349167,0.284925311803818,10.236085891723633,9.951160579919815,2.449933242379573,2.194086195561940,139.646194815635653,1.674917340278625,6.145773696899414
1270,MX28032,1270,16158.000000000000000,0.280520837821667,0.058082714676857,1050.345581054687500,1050.287498340010643,2.807910834888574,16.126807186427822,45370.223270129572484,0.201255284249783,2.910045051574709
1271,MX01007,1271,1892.000000000000000,0.032847222747778,0.090229876339436,48.979515075683594,48.889285199344158,1.354277245582220,4.087024239605599,2562.292548641560643,0.300855994224548,2.568795561790467
1272,MX30138,1272,71.000000000000000,0.001232638908611,0.447873443365097,27.095468521118164,26.647595077753067,8.767649821412395,8.361876587694550,622.503137320279961,5.881152629852295,22.064903259277344
1273,MX28033,1273,8079.000000000000000,0.140260418910833,0.087189182639122,64.793739318847656,64.706550136208534,1.019826419383145,4.346662934300817,8239.177642196425950,0.204054802656174,1.157789921760559
1274,MX32039,1274,9390.000000000000000,0.163020835941667,0.044384423643351,37.965938568115234,37.921554144471884,0.371663896517711,1.711679205299252,3489.923988301309691,0.100902013480663,0.253445136547089
1275,MX31061,1275,1338.000000000000000,0.023229167038333,0.039082136005163,7.001303195953369,6.962221059948206,0.130112621309556,0.407461285807188,174.090687312185622,0.077743776142597,0.113722509145737
1276,MX24024,1276,15410.000000000000000,0.267534726502778,0.032653860747814,33.554672241210938,33.522018380463123,0.271006054411135,1.211234292375221,4176.203298475596966,0.102422125637531,0.314769321680069
1277,MX08054,1277,12041.000000000000000,0.209045142233611,0.044282171875238,9.759260177612305,9.714978005737066,0.136138928399020,0.219657218181965,1639.248836852605564,0.102885819971561,0.163949012756348
1278,MX10024,1278,7390.000000000000000,0.128298613163889,0.032647408545017,21.511577606201172,21.478930197656155,0.128176352463874,0.583269554977842,947.223244708031189,0.076561875641346,0.112175529450178
1279,MX20078,1279,61.000000000000000,0.001059027794722,0.292241424322128,3.200227022171021,2.907985597848892,0.675146564108426,0.665655568929147,41.183940410614014,0.399908006191254,1.411975145339966
1280,MX11026,1280,2203.000000000000000,0.038246528389722,0.157282158732414,46.053009033203125,45.895726874470711,1.058110828534669,2.863340290317367,2331.018155261875563,0.456085860729218,1.755696225166320
1281,MX08055,1281,10203.000000000000000,0.177135419500833,0.052190680056810,14.519491195678711,14.467300515621901,0.204446857343287,0.602281725266231,2085.971285473556236,0.109548367559910,0.216388157010078
1282,MX18010,1282,7698.000000000000000,0.133645835471667,0.035031620413065,14.831676483154297,14.796644862741232,0.168774147773253,0.406338582495077,1299.223389558498411,0.099338237196207,0.200116533041000
1283,MX08056,1283,6162.000000000000000,0.106979168378333,0.030071191489697,3.661868572235107,3.631797380745411,0.094505608101164,0.143999184530086,582.343557119371212,0.074504118412733,0.096139146387577
1284,MX25014,1284,13363.000000000000000,0.231996531489722,0.020120369270444,37.046131134033203,37.026010764762759,0.215871804205584,1.078493509080327,2884.694919599223795,0.089610420167446,0.229446738958359
1285,MX26051,1285,18595.000000000000000,0.322829866276389,0.022693423554301,23.776668548583984,23.753975125029683,0.093163930508828,0.380623248698287,1732.383287811651144,0.067750632762909,0.087318648397923
1286,MX18011,1286,2617.000000000000000,0.045434028504722,0.050655361264944,20.959726333618164,20.909070972353220,0.274202684009570,1.102081959718372,717.588424053043582,0.097011260688305,0.273191905021668
1287,MX07076,1287,1219.000000000000000,0.021163194783056,0.063431687653065,9.968164443969727,9.904732756316662,0.380560263667418,0.713460013553571,463.902961410581952,0.181842073798180,0.772807192802429
1288,MX05028,1288,10435.000000000000000,0.181163197343056,0.068240560591221,41.869247436523438,41.801006875932217,0.532324660402711,2.596729446117213,5554.807831302285194,0.131982058286667,0.384337806701660
1289,MX19044,1289,8050.000000000000000,0.139756946680556,0.052960827946663,31.321645736694336,31.268684908747673,0.392735481811514,1.887064211329267,3161.520628582689824,0.099644854664803,0.257642102241516
1290,MX31062,1290,1002.000000000000000,0.017395833611667,0.066484808921814,21.864347457885742,21.797862648963928,0.331126263718346,1.223865302949506,331.788516245782262,0.128344148397446,0.325509557127953
1291,MX05029,1291,1517.000000000000000,0.026336805976944,0.075061582028866,11.668710708618164,11.593649126589298,0.199422864838895,0.738114231358186,302.524485960602988,0.114961773157120,0.172342440485954
1292,MX26052,1292,26675.000000000000000,0.463107646298611,0.030694276094437,27.823642730712891,27.792948454618454,0.111057818855291,0.622973544114509,2962.467317964883932,0.069287635385990,0.087749060988426
1293,MX16076,1293,639.000000000000000,0.011093750177500,0.099692925810814,32.138576507568359,32.038883581757545,2.421864855970387,5.215871491078777,1547.571642965077444,0.408146083354950,7.113731479644777
1294,MX32040,1294,7189.000000000000000,0.124809029774722,0.047358706593513,9.610235214233398,9.562876507639885,0.165043039248689,0.450347120935321,1186.494409158824965,0.093467600643635,0.151349586248398
1295,MX11027,1295,3773.000000000000000,0.065503473270278,0.162460118532181,2164.140625000000000,2163.978164881467819,7.366258135381885,60.143605428611068,27792.891944795850577,1.272881269454956,9.405047607421876
1296,MX20079,1296,629.000000000000000,0.010920139063611,0.426088780164719,9522.668945312500000,9522.242856532335281,72.503647164718558,538.356974472141474,45604.794066607973946,4.820389270782471,49.068287658691403
1297,MX24025,1297,8768.000000000000000,0.152222224657778,0.040049888193607,32.629013061523438,32.588963173329830,0.234409967933214,1.132680963972529,2055.306598838416903,0.103812042623758,0.249134872853756
1298,MX19045,1298,8668.000000000000000,0.150486113518889,0.058701314032078,56.392013549804688,56.333312235772610,0.625656620195770,2.556460853000865,5423.191583856936631,0.139844246208668,0.587330734729767
1299,MX30139,1299,530.000000000000000,0.009201389036111,0.052257228642702,5.456898689270020,5.404641460627317,0.275403791251329,0.471310597334547,145.964009363204269,0.150318078696728,0.440371555089951
1300,MX05030,1300,28949.000000000000000,0.502586813596945,0.029785424470901,85.179466247558594,85.149680823087692,1.215889697472429,6.143049651609688,35198.790852129350242,0.087403155863285,0.380560117959976
1301,MX07077,1301,6015.000000000000000,0.104427085004167,0.037036415189505,9.292265892028809,9.255229476839304,0.215526833966164,0.436232831318705,1296.393906306477675,0.121939621865749,0.334565418958664
1302,MX25015,1302,4000.000000000000000,0.069444445555556,0.071478560566902,54.113632202148438,54.042153641581535,0.973297714017334,4.134002178595110,3893.190856069335496,0.171934098005295,0.931937170028686
1303,MX16079,1303,2419.000000000000000,0.041996528449722,0.061235554516315,12.467640876770020,12.406405322253704,0.324443962227872,0.832672561683459,784.829944629222837,0.137660726904869,0.492825078964234
1304,MX11028,1304,2947.000000000000000,0.051163195263056,0.134855970740318,51.049774169921875,50.914918199181557,1.475026710279359,3.657807979701353,4346.903715193272546,0.447835385799408,3.255532121658327
1305,MX31063,1305,807.000000000000000,0.014010416890833,0.073127605021000,5.836547851562500,5.763420246541500,0.302461644567669,0.533199469804047,244.086547166108971,0.142662301659584,0.467751193046570
1306,MX20080,1306,268.000000000000000,0.004652777852222,0.041909355670214,1.988394141197205,1.946484785526991,0.167994613620216,0.288180501561913,45.022556450217955,0.087803177535534,0.203485742211342
1307,MX20081,1307,476.000000000000000,0.008263889021111,0.038244012743235,2.543968200683594,2.505724187940359,0.132434372383193,0.229325402691766,63.038761254400065,0.074594818055630,0.198495469987392
1308,MX20082,1308,736.000000000000000,0.012777777982222,0.018604239448905,2.743891716003418,2.725287476554513,0.137598346025460,0.223023069078493,101.272382674738623,0.085847433656454,0.193499870598316
1309,MX20083,1309,126.000000000000000,0.002187500035000,0.349674403667450,14.786981582641602,14.437307178974152,1.986116857046172,3.157419478651693,250.250723987817736,0.704371064901352,6.680725097656250
1310,MX20084,1310,271.000000000000000,0.004704861186389,0.077838778495789,7.411761760711670,7.333922982215881,0.605350581152413,1.158602690519544,164.050007492303905,0.169243857264519,1.656755924224854
1311,MX20085,1311,1631.000000000000000,0.028315972675278,0.014778383076191,4.070095062255859,4.055316679179668,0.129813265588744,0.276050537522934,211.725436175241981,0.076257564127445,0.179649308323860
1312,MX13036,1312,1227.000000000000000,0.021302083674167,0.098026305437088,8.269869804382324,8.171843498945236,0.316063347696870,0.522141468183294,387.809727624059576,0.180951192975044,0.555042254924775
1313,MX20086,1313,251.000000000000000,0.004357638958611,0.040676247328520,2.666536092758179,2.625859845429659,0.169618893963882,0.325985411055406,42.574342384934418,0.091445371508598,0.191611304879189
1314,MX13052,1314,1474.000000000000000,0.025590278187222,0.298590451478958,18.921426773071289,18.622836321592331,1.599984961780474,2.325872735359220,2358.377833664418176,0.701651066541672,3.753086781501771
1315,MX20087,1315,32.000000000000000,0.000555555564444,2.813194274902344,13.104935646057129,10.291741371154785,7.072601020336151,2.820200862345831,226.323232650756836,6.842139959335327,11.220324993133547
1316,MX20088,1316,1272.000000000000000,0.022083333686667,0.028760477900505,1.239985227584839,1.211224749684334,0.088565650816316,0.086633172962366,112.655507838353543,0.074740305542946,0.107250832766294
1317,MX21119,1317,290.000000000000000,0.005034722302778,3.048767328262329,61.969997406005859,58.921230077743530,24.248594075235829,13.970971639988241,7032.092281818390802,22.539144515991211,45.684615707397469
1318,MX20089,1318,483.000000000000000,0.008385416800833,0.037885032594204,1.843774318695068,1.805889286100864,0.117610144774057,0.173486024196489,56.805699925869682,0.078462831676006,0.137495851516724
1319,MX07118,1319,193.000000000000000,0.003350694498056,0.107936322689056,11.194995880126953,11.087059557437897,0.677139824343160,1.465886594345271,130.687986098229942,0.191495478153229,1.434150958061218
1320,MX20090,1320,431.000000000000000,0.007482639008611,0.069549888372421,8.835631370544434,8.766081482172012,0.392092965975438,0.868411041307819,168.992068335413990,0.165607020258904,0.748080492019653
1321,MX20091,1321,134.000000000000000,0.002326388926111,0.134295612573624,12.028532028198242,11.894236415624619,1.222385246362260,2.142556240189440,163.799623012542781,0.334484890103340,3.256649279594422
1322,MX20092,1322,138.000000000000000,0.002395833371667,0.098519615828991,3.705610275268555,3.607090659439564,0.485320526890564,0.612368672269492,66.974232710897894,0.254009753465652,1.183833110332489
1323,MX20093,1323,247.000000000000000,0.004288194513056,0.032334275543690,1.379911422729492,1.347577147185802,0.108198823339423,0.154322384253270,26.725109364837408,0.069014638662338,0.149297645688057
1324,MX20094,1324,313.000000000000000,0.005434027864722,0.037533842027187,0.723714590072632,0.686180748045444,0.105456144081804,0.086591506418232,33.007773097604527,0.081672459840775,0.149120545387268
1325,MX20095,1325,275.000000000000000,0.004774305631944,0.046197563409805,2.029268741607666,1.983071178197861,0.239767205335877,0.290367664530566,65.935981467366290,0.134671643376350,0.507879900932312
1326,MX20096,1326,110.000000000000000,0.001909722252778,0.074449606239796,2.383130550384521,2.308680944144726,0.308782157911496,0.410759519794266,33.966037370264530,0.138920426368713,0.704646861553192
1327,MX20097,1327,236.000000000000000,0.004097222287778,0.044234823435545,2.491186857223511,2.446952033787966,0.199542646959298,0.301222588185334,47.092064682394287,0.106310248374939,0.416003942489624
1328,MX30140,1328,111.000000000000000,0.001927083364167,0.288552790880203,4.614957809448242,4.326405018568039,1.027575842163584,1.025101594087045,114.060918480157838,0.549786210060120,2.827522754669189
1329,MX20098,1329,713.000000000000000,0.012378472420278,0.040485139936209,1.458060860633850,1.417575720697641,0.117850734122087,0.119834807652878,84.027573429048076,0.091642171144485,0.147420185804367
1330,MX20099,1330,70.000000000000000,0.001215277797222,0.080164663493633,2.030450582504272,1.950285919010639,0.260418029874563,0.349791471121682,18.229262091219425,0.116400416940451,0.625552541017533
1331,MX30141,1331,4712.000000000000000,0.081805556864444,0.048109129071236,23.739099502563477,23.690990373492241,0.416452070494959,1.334663934969472,1962.322156172248015,0.136005379259586,0.717729079723358
1332,MX20100,1332,201.000000000000000,0.003489583389167,0.040820021182299,1.141870021820068,1.101050000637770,0.122668826887708,0.134340160070533,24.656434204429388,0.091380901634693,0.165457576513290
1333,MX20101,1333,33.000000000000000,0.000572916675833,0.096867725253105,2.421854734420776,2.324987009167671,0.500448162582787,0.561088112544119,16.514789365231987,0.190108865499496,1.326356482505799
1334,MX20102,1334,336.000000000000000,0.005833333426667,0.044554885476828,5.158831119537354,5.114276234060526,0.389523355711606,0.702452661810508,130.879847519099741,0.135371260344982,0.892995655536652
1335,MX20103,1335,57.000000000000000,0.000989583349167,0.315755009651184,14.712740898132324,14.396985888481140,2.484513033900345,3.592297943354013,141.617242932319670,0.710965454578400,9.207176589965821
1336,MX20104,1336,515.000000000000000,0.008940972365278,0.015938246622682,1.362463712692261,1.346525466069579,0.086571588251487,0.120207419242856,44.584367949515602,0.058304160833359,0.117944845557213
1337,MX20105,1337,534.000000000000000,0.009270833481667,0.023209169507027,1.869732499122620,1.846523329615593,0.129845965667610,0.204014274493273,69.337745666503864,0.065695974975824,0.241392742097378
1338,MX24026,1338,480.000000000000000,0.008333333466667,0.113848760724068,1.979395270347595,1.865546509623528,0.280037447018549,0.188822993526044,134.417974568903560,0.220999300479889,0.482611021399498
1339,MX20106,1339,81.000000000000000,0.001406250022500,0.067634224891663,0.807258605957031,0.739624381065369,0.206678485428845,0.183102447492819,16.740957319736477,0.121000140905380,0.530488491058350
1340,MX21120,1340,394.000000000000000,0.006840277887222,0.112089917063713,3.695280790328979,3.583190873265266,0.414993971680778,0.469421108834602,163.507624842226562,0.244901232421398,0.934985446929931
1341,MX20107,1341,55.000000000000000,0.000954861126389,0.588171124458313,21.657043457031250,21.068872332572937,7.216738627173686,6.523229763616586,396.920624494552726,5.628773212432861,16.349138641357420
1342,MX20108,1342,930.000000000000000,0.016145833591667,0.022183781489730,2.146565914154053,2.124382132664323,0.092254496756340,0.162974203456041,85.796681983396411,0.057967603206635,0.122811857610941
1343,MX15073,1343,120.000000000000000,0.002083333366667,1.125281572341919,33.109283447265625,31.984001874923706,6.268471655249595,7.709960266903370,752.216598629951363,2.404396891593933,19.834624099731457
1344,MX20109,1344,379.000000000000000,0.006579861216389,0.041563827544451,1.203703045845032,1.162139218300581,0.127696712710219,0.144203223497461,48.397054117173006,0.086329922080040,0.198071950674057
1345,MX20110,1345,140.000000000000000,0.002430555594444,0.040391147136688,1.667362809181213,1.626971662044525,0.198270531397845,0.253651326706380,27.757874395698302,0.115312114357948,0.337895041704178
1346,MX20111,1346,336.000000000000000,0.005833333426667,0.037951048463583,3.645466566085815,3.607515517622232,0.183561314296510,0.369862982169906,61.676601603627233,0.096982717514038,0.228172883391380
1347,MX20112,1347,451.000000000000000,0.007829861236389,0.057483006268740,5.356301784515381,5.298818778246641,0.185310150114633,0.468860254495467,83.574877701699691,0.093909554183483,0.170676112174988
1348,MX20113,1348,588.000000000000000,0.010208333496667,0.020799933001399,2.105921506881714,2.085121573880315,0.100026956816413,0.203619229441433,58.815850608050816,0.054732581600547,0.128972294926644
1349,MX20114,1349,150.000000000000000,0.002604166708333,0.061574734747410,1.250287294387817,1.188712559640408,0.219882263094187,0.207016361257742,32.982339464128003,0.127105213701725,0.480069038271904
1350,MX20115,1350,153.000000000000000,0.002656250042500,0.369772464036942,38.432811737060547,38.063039273023605,3.787074995975867,6.163959266054325,579.422474384307634,0.898904740810394,13.199975776672369
1351,MX20121,1351,370.000000000000000,0.006423611213889,0.041801281273365,0.568422973155975,0.526621691882610,0.111106662432084,0.078185306690133,41.109465099871151,0.081857390701771,0.206554375588894
1352,MX13053,1352,1798.000000000000000,0.031215278277222,0.094727173447609,5.531778335571289,5.437051162123680,0.203886766479795,0.298335350739391,366.588406130671501,0.144411258399487,0.266848012804985
1353,MX20122,1353,456.000000000000000,0.007916666793333,0.012287963181734,2.625863790512085,2.613575827330351,0.085531221782348,0.215138695311255,39.002237132750473,0.050453221425414,0.083603665232658
1354,MX20116,1354,282.000000000000000,0.004895833411667,0.048684757202864,2.011430263519287,1.962745506316423,0.153472357475800,0.217900330896524,43.279204808175564,0.099776275455952,0.236092156171799
1355,MX20117,1355,761.000000000000000,0.013211805766944,0.010076871141791,7.092700958251953,7.082624087110162,0.100420804931715,0.409147268935937,76.420232553035049,0.051304608583450,0.084451973438263
1356,MX20118,1356,115.000000000000000,0.001996527809722,0.072698682546616,6.228948116302490,6.156249433755875,0.667211061521717,1.148705482065849,76.729272074997439,0.247857302427292,1.746601271629334
1357,MX20119,1357,415.000000000000000,0.007204861226389,0.027866272255778,1.221866846084595,1.194000573828816,0.080706682388323,0.110104784796541,33.493273191153968,0.060163486748934,0.085266962647438
1358,MX20120,1358,43.000000000000000,0.000746527789722,0.079676866531372,2.361103773117065,2.281426906585693,0.481069807396379,0.535457921992605,20.686001718044277,0.221530184149742,1.280575621128084
1359,MX10025,1359,11999.000000000000000,0.208315975555278,0.034032460302114,7.831782341003418,7.797749880701303,0.088237961482389,0.159596558951696,1058.767299827190300,0.075516626238823,0.093785303831100
1360,MX20123,1360,530.000000000000000,0.009201389036111,0.021785711869597,2.424410343170166,2.402624631300569,0.128887103684247,0.217604984548348,68.310164952650652,0.081476557999849,0.162392613291740
1361,MX18012,1361,5414.000000000000000,0.093993057059444,0.006451705005020,20.184608459472656,20.178156754467636,0.274232282373029,0.894519076863538,1484.693576767580453,0.122379317879677,0.343812930583954
1362,MX20124,1362,1021.000000000000000,0.017725694728056,0.145206615328789,18.577783584594727,18.432576969265938,0.525013941684035,1.084639850530419,536.039234459399722,0.279650241136551,0.953843593597412
1363,MX05031,1363,34007.000000000000000,0.590399315001945,0.043685685843229,30.728027343750000,30.684341657906771,0.129602018508014,0.734876134253900,4407.375843402016471,0.089071258902550,0.109669883549213
1364,MX28034,1364,14947.000000000000000,0.259496531929722,0.017893033102155,4.845674991607666,4.827781958505511,0.071024513010300,0.083257855132126,1061.603395964947140,0.066185317933559,0.082645936310291
1365,MX20125,1365,11235.000000000000000,0.195052086454167,-0.004448963329196,3.661580562591553,3.666029525920749,0.058816581868687,0.088301766555411,660.804297294702337,0.048953786492348,0.073569031059742
1366,MX24027,1366,3215.000000000000000,0.055815973115278,0.040579538792372,6.238740444183350,6.198160905390978,0.132622125901247,0.283147704915543,426.380134772509393,0.094786711037159,0.157002714276314
1367,MX20126,1367,668.000000000000000,0.011597222407778,0.029398050159216,2.864053487777710,2.834655437618494,0.122881263452666,0.237861853349099,82.084683986380753,0.077766090631485,0.138688315451146
1368,MX20127,1368,159.000000000000000,0.002760416710833,0.074680380523205,1.806236505508423,1.731556124985218,0.282926755693723,0.257019908360088,44.985354155302034,0.181351289153099,0.571543920040131
1369,MX14071,1369,2617.000000000000000,0.045434028504722,0.046774867922068,4.601884841918945,4.555109973996878,0.181617632751696,0.260898561027816,475.293344911188001,0.127494767308235,0.249727174639702
1370,MX07078,1370,1920.000000000000000,0.033333333866667,0.031772740185261,171.596817016601562,171.565044276416302,3.514975803269759,10.957434913665345,6748.753542277938323,0.566915273666382,8.356581115722658
1371,MX20128,1371,82.000000000000000,0.001423611133889,0.063392534852028,2.603648662567139,2.540256127715111,0.352396870168244,0.521716076127395,28.896543353796005,0.135752238333225,0.975872379541398
1372,MX20129,1372,259.000000000000000,0.004496527849722,0.059984810650349,5.224647998809814,5.164663188159466,0.222976085244458,0.493025155513540,57.750806078314739,0.102354586124420,0.298321050405502
1373,MX29049,1373,50.000000000000000,0.000868055569444,1.327244400978088,18.745210647583008,17.417966246604919,4.706270310878754,4.500049633794677,235.313515543937683,2.299511909484863,11.004313087463382
1374,MX14072,1374,1759.000000000000000,0.030538194933056,0.100917518138885,15.868036270141602,15.767118752002716,0.344399168159794,0.921295939907962,605.798136793076992,0.199375286698341,0.427835845947266
1375,MX11029,1375,5085.000000000000000,0.088281251412500,0.073432758450508,22.524976730346680,22.451543971896172,0.336204780353968,0.764285542118047,1709.601308099927110,0.171937629580498,0.607630169391633
1376,MX21121,1376,655.000000000000000,0.011371527959722,0.139025777578354,2.448822736740112,2.309796959161758,0.263385728047094,0.216715044274343,172.517651870846805,0.210676312446594,0.324830782413483
1377,MX10026,1377,28067.000000000000000,0.487274313351945,0.016885740682483,12.665359497070312,12.648473756387830,0.074317022570949,0.203350497777200,2085.855872498822009,0.060525801032782,0.077070997655392
1378,MX20130,1378,1098.000000000000000,0.019062500305000,0.046056229621172,7.826767921447754,7.780711691826582,0.249915469593906,0.693475642001679,274.407185614108982,0.098667580634356,0.228227530419827
1379,MX20131,1379,1520.000000000000000,0.026388889311111,0.025974215939641,8.791666984558105,8.765692768618464,0.185412756171028,0.581788708293771,281.827389379963108,0.080217458307743,0.178569142520428
1380,MX20132,1380,46.000000000000000,0.000798611123889,0.207976654171944,3.793943405151367,3.585966750979424,0.808826253142046,0.864407400250840,37.206007644534111,0.525679290294647,1.722490847110748
1381,MX20133,1381,539.000000000000000,0.009357639038611,0.031484741717577,1.353200793266296,1.321716051548719,0.124323806440344,0.125937968629758,67.010531671345319,0.088474236428738,0.237749683856964
1382,MX11030,1382,15094.000000000000000,0.262048615303889,0.065836928784847,59.523372650146484,59.457535721361637,0.382412268171918,1.573974589091643,5772.130775786934464,0.165828749537468,0.514431971311569
1383,MX31065,1383,1831.000000000000000,0.031788194953056,0.049418959766626,6.298002719879150,6.248583760112524,0.087709416678569,0.191442653529527,160.595941938459845,0.078220181167126,0.092447936534882
1384,MX26053,1384,813.000000000000000,0.014114583559167,0.042051918804646,4.051798820495605,4.009746901690960,0.116348449502777,0.283353940085074,94.591289445757866,0.076496869325638,0.099173834919930
1385,MX15074,1385,1826.000000000000000,0.031701389396111,0.264745414257050,20.342948913574219,20.078203499317169,1.383860366922872,1.560798851591709,2526.929030001164392,0.941746085882187,2.672844171524048
1386,MX20134,1386,657.000000000000000,0.011406250182500,0.075985454022884,8.058165550231934,7.982180096209049,0.547641468646864,0.735161613046338,359.800444900989817,0.347740679979324,1.062044191360473
1387,MX13046,1387,1624.000000000000000,0.028194444895556,0.085141554474831,7.714282989501953,7.629141435027122,0.357834676354022,0.527626136961368,581.123514398932230,0.223465174436569,0.597847992181778
1388,MX20135,1388,486.000000000000000,0.008437500135000,0.080741688609123,3.274629831314087,3.193888142704964,0.312095482638221,0.352252607398165,151.678404562175217,0.175655812025070,0.689019888639450
1389,MX21122,1389,194.000000000000000,0.003368055609444,0.264842510223389,13.796389579772949,13.531547069549561,1.936350709998730,2.548167610899596,375.652037739753723,0.740864217281342,4.920626592636109
1390,MX21123,1390,229.000000000000000,0.003975694508056,0.172399491071701,1.691241145133972,1.518841654062271,0.315479741151156,0.204537928724839,72.244860723614636,0.245712146162987,0.517837405204773
1391,MX20136,1391,2192.000000000000000,0.038055556164444,0.014899478293955,3.950337648391724,3.935438170097768,0.127082036860392,0.210150930075280,278.563824797979976,0.089863773435354,0.171840962767601
1392,MX07079,1392,1750.000000000000000,0.030381944930556,0.076146483421326,20.355764389038086,20.279617905616760,0.733675281375646,1.630722547872286,1283.931742407380852,0.280294016003609,1.335586917400361
1393,MX28035,1393,30342.000000000000000,0.526770841761667,0.023847879841924,421.049591064453125,421.025743184611201,0.342874993101016,4.629370920061627,10403.513040671014096,0.095730599015951,0.211748085916042
1394,MX20137,1394,1369.000000000000000,0.023767361491389,-0.005475140642375,1.222513556480408,1.227988697122782,0.059934603705783,0.083936793392150,82.050472473216303,0.047419682145119,0.074807019531727
1395,MX20138,1395,219.000000000000000,0.003802083394167,0.043719001114368,2.431509494781494,2.387790493667126,0.143640107896230,0.228859467925061,31.457183629274358,0.088977321982384,0.182948014140129
1396,MX20139,1396,303.000000000000000,0.005260416750833,0.022129138931632,0.458388298749924,0.436259159818292,0.091737583015274,0.053944660580625,27.796487653627970,0.077957354485989,0.135952350497246
1397,MX20140,1397,113.000000000000000,0.001961805586944,0.052703022956848,1.320519328117371,1.267816305160522,0.260374019730144,0.293840838876661,29.422264229506244,0.132442355155945,0.675438714027405
1398,MX08057,1398,6965.000000000000000,0.120920140823611,0.026075597852468,5.715826034545898,5.689750436693430,0.084849656572230,0.150143423135273,590.977858025579053,0.071523785591125,0.092072522640228
1399,MX08058,1399,4627.000000000000000,0.080329862396389,0.049981255084276,9.989367485046387,9.939386229962111,0.156210595349372,0.404490842524889,722.786424681546237,0.099539682269096,0.159193837642670
1400,MX01011,1400,709.000000000000000,0.012309027974722,0.241834223270416,62.260471343994141,62.018637120723724,5.151435992529430,9.332048340377678,3652.368118703365326,1.305160880088806,15.429507255554217
1401,MX20141,1401,2136.000000000000000,0.037083333926667,0.002093659946695,9.391706466674805,9.389612806728110,0.115751037960903,0.471459940376878,247.244217084487872,0.056247351691127,0.121883254498243
1402,MX08059,1402,2506.000000000000000,0.043506945140556,0.048209823668003,31.001239776611328,30.953029952943325,0.321734699925314,1.688904207578038,806.267158012835694,0.098476059734821,0.255345955491066
1403,MX11031,1403,2126.000000000000000,0.036909722812778,0.179674506187439,61.060211181640625,60.880536675453186,2.461649626044881,6.562957975403205,5233.467104971417029,0.606067270040512,4.231197834014893
1404,MX20142,1404,71.000000000000000,0.001232638908611,0.096413627266884,1.365198969841003,1.268785342574120,0.307224649043990,0.275762942783152,21.812950082123287,0.191453218460083,0.682034492492676
1405,MX20143,1405,1029.000000000000000,0.017864583619167,0.027167903259397,6.462280273437500,6.435112370178103,0.217051881281306,0.538965566394632,223.346385838463817,0.091441728174686,0.324725466966629
1406,MX20144,1406,234.000000000000000,0.004062500065000,0.056320868432522,1.946133375167847,1.889812506735325,0.174929869783103,0.226404725599891,40.933589529246092,0.115359697490931,0.241499558091164
1407,MX20145,1407,56.000000000000000,0.000972222237778,0.484107732772827,5.665676116943359,5.181568384170532,2.212221445781845,1.290185511263532,123.884400963783307,2.161759614944458,3.949900150299072
1408,MX20146,1408,197.000000000000000,0.003420138943611,0.054552696645260,2.006375312805176,1.951822616159916,0.189363420671467,0.246046397028045,37.304593872278943,0.115668237209320,0.312451696395874
1409,MX20147,1409,113.000000000000000,0.001961805586944,0.045669976621866,1.179196119308472,1.133526142686605,0.161356941986400,0.190663584894592,18.233334444463253,0.094596438109875,0.322960984706879
1410,MX20148,1410,241.000000000000000,0.004184027844722,0.015372637659311,0.689568459987640,0.674195822328329,0.062844720526108,0.074558488473421,15.145577646791940,0.042257856577635,0.115001618862152
1411,MX20149,1411,524.000000000000000,0.009097222367778,0.032266490161419,6.080343246459961,6.048076756298542,0.121818363410598,0.384355267055610,63.832822427153580,0.068565223366022,0.134301212430000
1412,MX20150,1412,951.000000000000000,0.016510416930833,0.021655591204762,13.353407859802246,13.331752268597484,0.287142159113686,1.112921533345225,273.072193317115421,0.073813758790493,0.235697686672211
1413,MX20151,1413,422.000000000000000,0.007326389006111,0.030405124649405,1.215616583824158,1.185211459174752,0.082408271681394,0.105413035433120,34.776290649548173,0.064609777182341,0.093192880600691
1414,MX29050,1414,198.000000000000000,0.003437500055000,0.262245208024979,16.313680648803711,16.051435440778732,1.554151757648497,2.850939516109773,307.722048014402333,0.388220116496086,5.779564285278321
1415,MX20152,1415,488.000000000000000,0.008472222357778,0.036155868321657,1.606643795967102,1.570487927645445,0.117735107505663,0.155252201578975,57.454732462763772,0.078940462321043,0.184270060062409
1416,MX14113,1416,3711.000000000000000,0.064427084364167,0.050102286040783,11.668100357055664,11.617998071014881,0.213552128660112,0.550274888089534,792.491949457674878,0.114718802273273,0.253036022186279
1417,MX21124,1417,538.000000000000000,0.009340277927222,0.067848190665245,14.759133338928223,14.691285148262978,0.898877074214938,2.065530343379848,483.595865927636851,0.243922568857670,2.032073521614075
1418,MX20153,1418,865.000000000000000,0.015017361351389,0.018914211541414,5.433436393737793,5.414522182196379,0.124681098298358,0.352998191724670,107.849150028079876,0.069089703261852,0.146017977595329
1419,MX21125,1419,57.000000000000000,0.000989583349167,1.359670877456665,14.193137168884277,12.833466291427612,5.667516202257391,3.425076840499248,323.048423528671321,5.193563461303711,10.288357162475585
1420,MX25016,1420,25906.000000000000000,0.449756951640556,0.019030617550015,25.423084259033203,25.404053641483188,0.103113910730831,0.424856836967044,2671.268971392898948,0.070960249751806,0.103173047304153
1421,MX14125,1421,1134.000000000000000,0.019687500315000,0.088775634765625,32.171150207519531,32.082374572753906,0.883568519663979,2.334798405182318,1001.966701298951648,0.338682204484940,1.547385537624359
1422,MX26072,1422,6176.000000000000000,0.107222223937778,0.042771544307470,17.809888839721680,17.767117295414209,0.178797668561465,0.704579338523693,1104.254401035606634,0.095456313341856,0.184301309287548
1423,MX20154,1423,295.000000000000000,0.005121527859722,0.042279977351427,1.131798624992371,1.089518647640944,0.143575212738271,0.146259729578275,42.354687757790082,0.099768131971359,0.270200937986375
1424,MX20155,1424,193.000000000000000,0.003350694498056,0.041456405073404,4.777329444885254,4.735873039811850,0.185899864032942,0.477728728764420,35.878673758357770,0.073430173099041,0.211976718902588
1425,MX20156,1425,462.000000000000000,0.008020833461667,0.046585250645876,3.720754623413086,3.674169372767210,0.170430238056299,0.323649098439492,78.738769982010112,0.097990080714226,0.268670323491097
1426,MX20157,1426,20.000000000000000,0.000347222227778,16.836717605590820,25.458635330200195,8.621917724609375,20.921802425384527,2.303555137268921,418.436048507690543,20.854699134826660,23.980646705627443
1427,MX20158,1427,314.000000000000000,0.005451388976111,0.030626328662038,1.622401833534241,1.591775504872203,0.102329715944020,0.167654554552835,32.131530806422226,0.064143050462008,0.130854620039463
1428,MX26054,1428,2853.000000000000000,0.049531250792500,0.037494644522667,3.015568017959595,2.978073373436928,0.073574495074511,0.097868114697346,209.908034447580405,0.067554563283920,0.079975187778473
1429,MX20159,1429,2842.000000000000000,0.049340278567222,0.001334944157861,1.235967040061951,1.234632095904090,0.055394042197398,0.064963588358598,157.429867925006135,0.045943344011903,0.073448596149683
1430,MX20160,1430,289.000000000000000,0.005017361191389,0.046538073569536,2.882238626480103,2.835700552910566,0.235991091013058,0.345738191638401,68.201425302773742,0.117219544947147,0.482554799318314
1431,MX20161,1431,1076.000000000000000,0.018680555854444,0.024052079766989,1.097289443016052,1.073237363249063,0.087987202460286,0.075861657244820,94.674229847267284,0.070814717561007,0.128603972494602
1432,MX20162,1432,350.000000000000000,0.006076388986111,0.051344219595194,3.045765638351440,2.994421418756247,0.169511663796646,0.315646204903696,59.329082328826210,0.097337156534195,0.190030960738659
1433,MX20163,1433,85.000000000000000,0.001475694468056,0.084837548434734,3.876160144805908,3.791322596371174,0.558604504606303,0.616578876711680,47.481382891535780,0.346991747617722,0.912156021595002
1434,MX21126,1434,204.000000000000000,0.003541666723333,0.707190215587616,13.939377784729004,13.232187569141388,1.961653374573764,1.993257238595517,400.177288413047791,1.264184772968292,3.682776021957398
1435,MX20550,1435,180.000000000000000,0.003125000050000,0.179468512535095,5.773064613342285,5.593596100807190,0.835284654961691,1.019543226715556,150.351237893104440,0.407319173216820,2.290739798545837
1436,MX21127,1436,707.000000000000000,0.012274305751944,0.057869486510754,12.579907417297363,12.522037930786610,0.440428142247477,1.024836800059391,311.382696568965912,0.157733082771301,0.848316633701324
1437,MX29051,1437,39.000000000000000,0.000677083344167,1.477201938629150,20.570760726928711,19.093558788299561,5.559080829987158,5.142292881213860,216.804152369499150,2.781769752502441,13.207109260559090
1438,MX22015,1438,1378.000000000000000,0.023923611493889,0.051772367209196,14.112919807434082,14.061147440224886,0.287455613496450,0.781638119764890,396.113835398107710,0.137248128652573,0.450079676508903
1439,MX20164,1439,274.000000000000000,0.004756944520556,0.037105478346348,3.116647720336914,3.079542241990566,0.207416220493343,0.416095900698179,56.832044415175893,0.073794398456812,0.484864479303361
1440,MX20165,1440,106.000000000000000,0.001840277807222,0.056993205100298,2.694385290145874,2.637392085045576,0.265927000182136,0.416282903269599,28.188262019306428,0.120571773499250,0.546034723520279
1441,MX21128,1441,872.000000000000000,0.015138889131111,0.169220536947250,13.173810958862305,13.004590421915054,0.938332733467495,1.706648734639561,818.226143583655357,0.388293236494064,1.890818893909454
1442,MX20166,1442,953.000000000000000,0.016545139153611,0.057044126093388,3.995004892349243,3.937960766255856,0.289299484377518,0.389817017041691,275.702408611774217,0.177975475788116,0.506223881244660
1443,MX01008,1443,4357.000000000000000,0.075642362321389,0.049119014292955,23.258302688598633,23.209183674305677,0.230380918271454,0.900538708318120,1003.769660908724859,0.127286553382874,0.232922491431236
1444,MX20167,1444,141.000000000000000,0.002447916705833,0.064093045890331,1.340906858444214,1.276813812553883,0.308965439967653,0.252592848467953,43.564127035439007,0.206005990505219,0.683279335498810
1445,MX20072,1445,532.000000000000000,0.009236111258889,0.039271239191294,15.629750251770020,15.590479012578726,0.533573696067683,1.252311694825345,283.861206308007297,0.161632262170315,1.048136949539186
1446,MX15124,1446,2429.000000000000000,0.042170139563611,0.090907968580723,7.429593563079834,7.338685594499111,0.779893084136657,0.692956329587563,1894.360301367940110,0.598922789096832,1.646561074256899
1447,MX20168,1447,321.000000000000000,0.005572916755833,0.036539983004332,1.928632378578186,1.892092395573854,0.105834848122712,0.192805530306191,33.972986247390530,0.069201059639454,0.108485281467438
1448,MX20169,1448,263.000000000000000,0.004565972295278,0.095642678439617,2.228363037109375,2.132720358669758,0.291346488371775,0.310723154562166,76.624126441776767,0.170798555016518,0.633957946300507
1449,MX11032,1449,2737.000000000000000,0.047517361871389,0.125574305653572,67.126022338867188,67.000448033213615,1.985635134983895,4.757081894122527,5434.683364450920635,0.704029202461243,3.376070022583009
1450,MX20170,1450,380.000000000000000,0.006597222327778,0.029306208714843,2.600995302200317,2.571689093485475,0.150537269988931,0.241390182093713,57.204162595793598,0.085018344223499,0.246455602347851
1451,MX21129,1451,1646.000000000000000,0.028576389346111,0.036411058157682,8.692418098449707,8.656007040292025,0.250447198010773,0.530778592881177,412.236087925732136,0.108443260192871,0.389196842908859
1452,MX29052,1452,176.000000000000000,0.003055555604444,0.309203088283539,8.767463684082031,8.458260595798492,1.299597464840520,1.546654341401661,228.729153811931553,0.706406205892563,3.511604785919189
1453,MX20171,1453,1270.000000000000000,0.022048611463889,0.026601651683450,1.836122512817383,1.809520861133933,0.166987898416348,0.137192588534887,212.074630988761925,0.131301119923592,0.280903509259224
1454,MX20172,1454,174.000000000000000,0.003020833381667,0.034727048128843,0.938723146915436,0.903996098786592,0.123543537810616,0.140539337081064,21.496575579047221,0.074966251850128,0.268196566402913
1455,MX21130,1455,477.000000000000000,0.008281250132500,0.144032463431358,9.563097953796387,9.419065490365028,0.438262925395426,0.899817871510761,209.051415413617974,0.216234028339386,0.544194626808167
1456,MX20173,1456,659.000000000000000,0.011440972405278,0.020213883370161,1.574060201644897,1.553846318274736,0.083380564428267,0.125902197630205,54.947791958227761,0.061553493142128,0.102737748622894
1457,MX21131,1457,120.000000000000000,0.002083333366667,0.161753952503204,5.131552696228027,4.969798743724823,0.479955001051227,0.780185647413275,57.594600126147277,0.211206182837486,0.880958890914918
1458,MX20175,1458,2068.000000000000000,0.035902778352222,0.015693014487624,2.016187667846680,2.000494653359056,0.061414722173080,0.077622951394091,127.005645453929844,0.053250417113304,0.071142745018005
1459,MX20176,1459,1404.000000000000000,0.024375000390000,0.028572067618370,2.673490047454834,2.644917979836464,0.110566523440840,0.156688134602911,155.235398910939807,0.076450705528259,0.158670166134834
1460,MX20177,1460,2437.000000000000000,0.042309028454722,0.019507611170411,6.183500766754150,6.163993155583739,0.113642280279312,0.290911154571532,276.946237040683911,0.064721554517746,0.135378855466843
1461,MX20178,1461,257.000000000000000,0.004461805626944,0.070907942950726,8.388981819152832,8.318073876202106,0.599125596944692,1.143257827309158,153.975278414785805,0.166073665022850,1.477138209342957
1462,MX20179,1462,559.000000000000000,0.009704861266389,0.022833840921521,3.940800189971924,3.917966349050403,0.170256039594202,0.439695157860653,95.173126133158846,0.072154641151428,0.186503872275352
1463,MX20180,1463,346.000000000000000,0.006006944540556,0.075228333473206,4.165856361389160,4.090628027915955,0.227720278083761,0.442280626818552,78.791216216981340,0.122978217899799,0.238537572324276
1464,MX20181,1464,450.000000000000000,0.007812500125000,0.031100532040000,1.127221107482910,1.096120575442910,0.088762256614864,0.103404284140892,39.943015476688750,0.066778827458620,0.105555000901222
1465,MX20183,1465,433.000000000000000,0.007517361231389,0.030198225751519,1.145256757736206,1.115058531984687,0.124582995920857,0.144260412008525,53.944437233731158,0.085877425968647,0.187155038118362
1466,MX20182,1466,248.000000000000000,0.004305555624444,0.058213640004396,1.324240088462830,1.266026448458433,0.152627028900409,0.158457947444714,37.851503167301374,0.104649044573307,0.236193481087685
1467,MX20184,1467,4257.000000000000000,0.073906251182500,0.083467617630959,22.364381790161133,22.280914172530174,1.028182387301235,2.255314779790538,4376.972422741357150,0.343268364667892,1.991082453727722
1468,MX20559,1468,3359.000000000000000,0.058315973155278,0.036919310688972,9.137549400329590,9.100630089640617,0.224738038773558,0.466054405655148,754.895072240381296,0.124020092189312,0.348049789667130
1469,MX20185,1469,989.000000000000000,0.017170139163611,0.032480400055647,4.568607330322266,4.536126930266619,0.183914998755296,0.374172322764587,181.891933768987485,0.103231348097324,0.248111897706986
1470,MX07112,1470,847.000000000000000,0.014704861346389,0.073448590934277,10.365607261657715,10.292158670723438,0.441064307424367,0.745141966517082,373.581468388438452,0.274509191513062,0.760985183715820
1471,MX20191,1471,97.000000000000000,0.001684027804722,0.056045562028885,1.138562679290771,1.082517117261887,0.139691740620075,0.160674170661971,13.550098840147253,0.087895199656487,0.228131395578384
1472,MX20192,1472,25.000000000000000,0.000434027784722,0.330743700265884,2.948073387145996,2.617329686880112,1.067101812362671,0.785380558822213,26.677545309066769,0.766125917434692,2.434135198593140
1473,MX20186,1473,440.000000000000000,0.007638889011111,0.038782462477684,2.256609201431274,2.217826738953590,0.114329578050158,0.191546363322414,50.305014342069605,0.080390240997076,0.106282368302345
1474,MX20187,1474,325.000000000000000,0.005642361201389,0.045283142477274,1.858083486557007,1.812800344079733,0.171794825952787,0.227084202065177,55.833318434655659,0.099031575024128,0.317134088277817
1475,MX20188,1475,605.000000000000000,0.010503472390278,0.018776221200824,7.447988033294678,7.429211812093854,0.242751936700719,0.622459801110681,146.864921703934812,0.115007311105728,0.355003637075424
1476,MX20189,1476,490.000000000000000,0.008506944580556,0.054271887987852,0.692109227180481,0.637837339192629,0.110217720498236,0.071293719646560,54.006683044135556,0.093672744929790,0.136619096994400
1477,MX20190,1477,6767.000000000000000,0.117482640768611,0.038894359022379,8.400209426879883,8.361315067857504,0.159600007817760,0.318242284452478,1080.013252902779641,0.109706737101078,0.190167406201363
1478,MX10027,1478,12389.000000000000000,0.215086808996944,0.032410845160484,13.597818374633789,13.565407529473305,0.099656085377059,0.281596420918160,1234.639241736379745,0.078289754688740,0.104466262459755
1479,MX20206,1479,586.000000000000000,0.010173611273889,0.039190560579300,1.999316930770874,1.960126370191574,0.111610078688317,0.161884600045701,65.403506111353607,0.079647455364466,0.133225776255131
1480,MX14073,1480,4259.000000000000000,0.073940973405278,0.110406033694744,63.216808319091797,63.106402285397053,0.893163665775740,3.572940611816362,3803.984052538876313,0.277264088392258,0.964162445068360
1481,MX05032,1481,4244.000000000000000,0.073680556734444,0.056270696222782,48.232269287109375,48.175998590886593,0.685930661746528,3.434227783883556,2911.089728452266627,0.118455037474632,0.461455065011978
1482,MX20193,1482,647.000000000000000,0.011232639068611,0.033964719623327,2.487549543380737,2.453584823757410,0.124637464173656,0.230675240570262,80.640439320355696,0.078366704285145,0.142138481140137
1483,MX10028,1483,7191.000000000000000,0.124843751997500,0.035113625228405,6.282672405242920,6.247558780014515,0.117642408188423,0.301398634564933,845.966557282952181,0.075261697173119,0.103505603969097
1484,MX20194,1484,345.000000000000000,0.005989583429167,0.032194994390011,3.300915718078613,3.268720723688602,0.128271772615287,0.288439576850710,44.253761552274185,0.073684081435204,0.128699952363968
1485,MX22016,1485,3837.000000000000000,0.066614584399167,0.164596423506737,65.023178100585938,64.858581677079201,3.246752430707925,6.967582085613482,12457.789076626308088,0.848643183708191,7.739694595336916
1486,MX20195,1486,170.000000000000000,0.002951388936111,0.032560423016548,1.706902742385864,1.674342319369316,0.190008108624641,0.299189652847982,32.301378466188922,0.067182786762714,0.564304387569427
1487,MX30142,1487,6196.000000000000000,0.107569446165556,0.084031745791435,902.364318847656250,902.280287101864815,0.982227260951524,16.067125671945245,6085.880108855641993,0.205823995172977,0.680658102035522
1488,MX20196,1488,86.000000000000000,0.001493055579444,0.060857415199280,1.579193472862244,1.518336057662964,0.207647310959738,0.298349691759451,17.857668742537498,0.105139087885618,0.358683854341507
1489,MX20197,1489,155.000000000000000,0.002690972265278,0.210605591535568,5.045280456542969,4.834674865007401,0.594796836280054,0.831753299058498,92.193509623408332,0.311202675104141,1.235957026481628
1490,MX20198,1490,3891.000000000000000,0.067552084414167,0.036129269748926,7.018917560577393,6.982788290828466,0.208334437683244,0.348761636813243,810.629297025501842,0.123820967972279,0.326070666313171
1491,MX29053,1491,21.000000000000000,0.000364583339167,1.957026124000549,24.423776626586914,22.466750502586365,13.233607627096632,7.229521438700282,277.905760169029236,13.258659362792969,21.961404800415039
1492,MX20199,1492,253.000000000000000,0.004392361181389,0.046562206000090,1.973338603973389,1.926776397973299,0.154843134488984,0.269822144776439,39.175313025712953,0.083792679011822,0.188526985049248
1493,MX20200,1493,1545.000000000000000,0.026822917095833,0.020004868507385,2.250753641128540,2.230748772621155,0.092984006510487,0.136350415985653,143.660290058702117,0.070032253861427,0.114431256055832
1494,MX20201,1494,277.000000000000000,0.004809027854722,0.037167824804783,2.054975748062134,2.017807923257351,0.126805063175703,0.215966569002935,35.125002499669783,0.070619739592075,0.213790580630303
1495,MX20202,1495,1013.000000000000000,0.017586805836944,-0.000270106655080,4.972894668579102,4.973164775234181,0.105903491164766,0.259546358997403,107.280236549908253,0.061617247760296,0.154495170712471
1496,MX20203,1496,520.000000000000000,0.009027777922222,0.029729954898357,1.202112197875977,1.172382242977619,0.112768341163890,0.100284150706011,58.639537405222704,0.085218790918589,0.166926556825638
1497,MX20204,1497,516.000000000000000,0.008958333476667,0.014416829682887,1.794559001922607,1.780142172239721,0.081991454891413,0.126846224200632,42.307590723968993,0.053938848897815,0.128043539822102
1498,MX20205,1498,3413.000000000000000,0.059253473170278,0.039546240121126,2.221812009811401,2.182265769690275,0.146296718503561,0.147317995453643,499.310700252653078,0.114640995860100,0.198199719190598
1499,MX20207,1499,7970.000000000000000,0.138368057769444,0.021493263542652,3.995500802993774,3.974007539451122,0.113604661072119,0.128913829653781,905.429148744790041,0.093372769653797,0.134683492779732
1500,MX20208,1500,1758.000000000000000,0.030520833821667,0.022722356021404,4.422223567962646,4.399501211941242,0.156475517474987,0.288078992436129,275.083959721027895,0.083324223756790,0.289964267611504
1501,MX20209,1501,370.000000000000000,0.006423611213889,-0.001762729487382,2.091349840164185,2.093112569651566,0.079622688044077,0.194916419274146,29.460394576308342,0.047352982684970,0.079789528995752
1502,MX20210,1502,1041.000000000000000,0.018072916955833,0.012590870261192,1.602657914161682,1.590067043900490,0.119544503485693,0.152870397395460,124.445828128605925,0.065564833581448,0.264884173870087
1503,MX20211,1503,1003.000000000000000,0.017413194723056,-0.004827449563891,1.038991808891296,1.043819258455187,0.049291881841543,0.075253614081409,49.439757487067254,0.036921612918377,0.062078786641359
1504,MX20212,1504,921.000000000000000,0.015989583589167,0.029216127470136,0.591598212718964,0.562382085248828,0.096639119266622,0.049872786332204,89.004628844559150,0.088554069399834,0.120830208063126
1505,MX20213,1505,994.000000000000000,0.017256944720556,0.013636035844684,2.253705978393555,2.240069942548871,0.079621159733916,0.168547445754394,79.143432775512267,0.050957290455699,0.081220126897097
1506,MX20214,1506,999.000000000000000,0.017343750277500,0.021957954391837,2.432262659072876,2.410304704681039,0.082575663308929,0.142997845792055,82.493087645620093,0.064855247735977,0.087852469086647
1507,MX20215,1507,72.000000000000000,0.001250000020000,0.101643905043602,2.777994394302368,2.676350489258766,0.470825216422478,0.521286758550505,33.899415582418420,0.262552157044411,1.053390228748322
1508,MX20216,1508,96.000000000000000,0.001666666693333,0.059464905411005,2.215117454528809,2.155652549117804,0.201714755928454,0.380157856079590,19.364616569131616,0.094857800751925,0.207862406969070
1509,MX20217,1509,1758.000000000000000,0.030520833821667,0.015048934146762,1.346862316131592,1.331813381984830,0.065910627745490,0.063448485124373,115.870883576571956,0.058463267982006,0.080257900059223
1510,MX20218,1510,346.000000000000000,0.006006944540556,0.038639798760414,0.780467629432678,0.741827830672264,0.078204933532401,0.067736871645369,27.058907002210631,0.066770449280739,0.090734414756298
1511,MX20219,1511,202.000000000000000,0.003506944500556,0.098599262535572,3.226495504379272,3.127896241843700,0.347941201881017,0.517726863446382,70.284122779965443,0.184697784483433,0.577058804035187
1512,MX20220,1512,1256.000000000000000,0.021805555904444,0.019725028425455,1.297254443168640,1.277529414743185,0.080744207016590,0.091862773383076,101.414724012836871,0.063338916748762,0.092236321419477
1513,MX20221,1513,431.000000000000000,0.007482639008611,0.044500604271889,1.387357473373413,1.342856869101524,0.123260429954446,0.135992293318679,53.125245310366132,0.084533937275410,0.195737957954407
1514,MX20222,1514,188.000000000000000,0.003263888941111,0.060955967754126,1.565000653266907,1.504044685512781,0.160150862041306,0.167680762467069,30.108362063765522,0.107836786657572,0.273731371760369
1515,MX20223,1515,141.000000000000000,0.002447916705833,0.043437771499157,0.607191860675812,0.563754089176655,0.106818966408993,0.076192738375919,15.061474263668055,0.084914520382881,0.137626528739929
1516,MX20224,1516,114.000000000000000,0.001979166698333,0.056324325501919,1.669869661331177,1.613545335829258,0.202679931529258,0.244493370601000,23.105512194335461,0.125287853181362,0.365918892621994
1517,MX14007,1517,966.000000000000000,0.016770833601667,0.093417026102543,10.896624565124512,10.803207539021969,0.431867636215736,1.016563528488043,417.184136584401074,0.187253892421722,0.598535507917404
1518,MX14074,1518,1305.000000000000000,0.022656250362500,0.084188163280487,29.308763504028320,29.224575340747833,0.586595558686273,2.243134326645467,765.507204085585954,0.181121006608009,0.516958451271057
1519,MX20225,1519,283.000000000000000,0.004913194523056,0.067581497132778,3.423787355422974,3.356205858290195,0.327368175946571,0.526774412571804,92.645193792879539,0.138287723064423,0.711003708839417
1520,MX20226,1520,653.000000000000000,0.011336805736944,0.042128957808018,2.037628650665283,1.995499692857265,0.131558789256932,0.184029629000577,85.907889384776325,0.085275068879128,0.170983934402466
1521,MX29054,1521,22.000000000000000,0.000381944450556,1.570045232772827,24.120210647583008,22.550165414810181,6.776190849867735,7.658947613694791,149.076198697090177,2.266621828079224,21.303496932983411
1522,MX20227,1522,134.000000000000000,0.002326388926111,0.385674715042114,21.734390258789062,21.348715543746948,3.225792647297703,3.879967678860225,432.256214737892151,1.545007884502411,8.223674964904788
1523,MX20228,1523,45.000000000000000,0.000781250012500,0.078208304941654,1.199515461921692,1.121307156980038,0.246935701866945,0.253480915643656,11.112106584012507,0.144227325916290,0.603627181053162
1524,MX20229,1524,671.000000000000000,0.011649305741944,0.013476497493684,2.082228660583496,2.068752163089812,0.112240190789847,0.169489231689104,75.313168019987572,0.067591436207294,0.191300332546234
1525,MX20230,1525,254.000000000000000,0.004409722292778,0.024542134255171,1.140847682952881,1.116305548697710,0.104948888965479,0.142390220975087,26.657017797231692,0.070566568523645,0.121851669996977
1526,MX07110,1526,464.000000000000000,0.008055555684444,0.118067800998688,4.858531951904297,4.740464150905609,0.305280427159421,0.425306649702549,141.650118201971139,0.198515668511391,0.531180399656296
1527,MX16077,1527,2305.000000000000000,0.040017361751389,0.040182489901781,8.154660224914551,8.114477735012770,0.201767379105285,0.431675806863551,465.073808837682122,0.111361771821976,0.311692047119141
1528,MX20231,1528,495.000000000000000,0.008593750137500,0.013278604485095,1.808821082115173,1.795542477630079,0.114565368378629,0.155808175214794,56.709857347421291,0.087769657373428,0.134325245022774
1529,MX20232,1529,2245.000000000000000,0.038975695068056,0.063920348882675,5.759284019470215,5.695363670587540,0.227121620149018,0.356638048727817,509.888037234544925,0.150700196623802,0.330381411314011
1530,MX20233,1530,252.000000000000000,0.004375000070000,0.064615018665791,4.982773303985596,4.918158285319805,0.266922867280387,0.564043549317621,67.264562554657459,0.124564532190561,0.352223774790764
1531,MX29055,1531,145.000000000000000,0.002517361151389,0.255127459764481,5.476269721984863,5.221142262220383,0.897095496695618,0.955842290170522,130.078847020864544,0.524481236934662,2.167488145828246
1532,MX20234,1532,322.000000000000000,0.005590277867222,0.085604935884476,2.163640737533569,2.078035801649094,0.473012458764433,0.368918466719568,152.310011722147436,0.368342906236649,0.942701858282090
1533,MX12052,1533,5354.000000000000000,0.092951390376111,0.026245027780533,14.307949066162109,14.281704038381577,0.189546035086408,0.559816783871675,1014.829471852629922,0.082855127751827,0.265126180648804
1534,MX20235,1534,1406.000000000000000,0.024409722612778,0.026219021528959,2.198705434799194,2.172486413270235,0.105010780369383,0.133624472476163,147.645157199353093,0.073540624231100,0.168997980654240
1535,MX11033,1535,10194.000000000000000,0.176979169498333,0.032152373343706,54.557010650634766,54.524858277291059,0.584400238735281,2.691308844407447,5957.376033667455886,0.149614103138447,0.833394110202791
1536,MX10029,1536,3126.000000000000000,0.054270834201667,0.046271756291389,10.623784065246582,10.577512308955193,0.115915175327127,0.396603017244420,362.350838072597639,0.082481414079666,0.112411994487047
1537,MX24028,1537,7491.000000000000000,0.130052085414167,0.079767502844334,76.864471435546875,76.784703932702541,4.562001064806683,11.177498574314230,34173.949976466865337,0.374562203884125,15.362629890441895
1538,MX26055,1538,48571.000000000000000,0.843246541269722,0.068688809871674,106.987373352050781,106.918684542179108,0.507470980243336,3.690928920168446,24648.372981399053970,0.135730847716331,0.251890242099762
1539,MX20236,1539,261.000000000000000,0.004531250072500,0.023647103458643,1.203603148460388,1.179956045001745,0.076763709207776,0.123329059201752,20.035328103229411,0.049381911754608,0.092529386281967
1540,MX12053,1540,5635.000000000000000,0.097829862676389,0.054046567529440,16.471992492675781,16.417945925146341,0.267012021543843,0.759238225116535,1504.612741399554352,0.131557956337929,0.387668377161026
1541,MX14075,1541,1521.000000000000000,0.026406250422500,0.050437871366739,15.881686210632324,15.831248339265585,0.187338655355297,0.802176725165439,284.942094795406263,0.093628458678722,0.143986433744431
1542,MX20237,1542,634.000000000000000,0.011006944620556,0.032745920121670,4.111878871917725,4.079132951796055,0.148290709260416,0.317067354412373,94.016309671103926,0.084825810045004,0.176589304208756
1543,MX24029,1543,2074.000000000000000,0.036006945020556,0.081832997500896,7.223913192749023,7.142080195248127,0.254661004839460,0.344994281976881,528.166924037039962,0.162798054516315,0.459825375676155
1544,MX14076,1544,3463.000000000000000,0.060121528739722,0.030184082686901,8.044044494628906,8.013860411942005,0.098671954602257,0.329436532829047,341.700978787615725,0.066496752202511,0.092032621800900
1545,MX15075,1545,349.000000000000000,0.006059027874722,0.891414999961853,48.713161468505859,47.821746468544006,4.966553514700565,6.600254309403238,1733.327176630497206,2.817604303359985,10.126777076721183
1546,MX20238,1546,40.000000000000000,0.000694444455556,0.100803516805172,1.762413740158081,1.661610223352909,0.457783188857138,0.436263994302487,18.311327554285530,0.253706455230713,1.068770051002503
1547,MX14077,1547,1708.000000000000000,0.029652778252222,0.065910108387470,10.320934295654297,10.255024187266827,0.464678142738879,0.905789048412755,793.670267798006080,0.212740384042263,0.855998808145523
1548,MX20239,1548,208.000000000000000,0.003611111168889,0.054313626140356,0.951457023620605,0.897143397480249,0.165911726528206,0.146197813488772,34.509639117866747,0.109326418489218,0.307348543405533
1549,MX20240,1549,308.000000000000000,0.005347222307778,0.049962490797043,5.758631229400635,5.708668738603592,0.244999859917474,0.558162582599323,75.459956854581904,0.096693098545074,0.478621041774750
1550,MX20241,1550,52.000000000000000,0.000902777792222,0.082806065678596,2.033957242965698,1.951151177287102,0.400357017866694,0.443328723302831,20.818564929068089,0.186807557940483,0.958307105302811
1551,MX20242,1551,1187.000000000000000,0.020607639218611,0.018600169569254,5.737635135650635,5.719034966081381,0.195889497811340,0.412876303917757,232.520833902060843,0.094856373965740,0.344646382331848
1552,MX21132,1552,439.000000000000000,0.007621527899722,0.937847793102264,37.233203887939453,36.295356094837189,8.731779989050311,7.917790771972186,3833.251415193086814,6.003777980804443,20.296575164794920
1553,MX20243,1553,121.000000000000000,0.002100694478056,0.239689439535141,2.729006767272949,2.489317327737808,0.462698971560179,0.410877837767374,55.986575558781638,0.316498458385468,0.869192421436310
1554,MX21133,1554,38.000000000000000,0.000659722232778,0.215804487466812,9.467595100402832,9.251790612936020,1.094813511167702,1.955966388248043,41.602913424372673,0.341319575905800,2.413804936409004
1555,MX20244,1555,312.000000000000000,0.005416666753333,0.071411170065403,2.987341165542603,2.915929995477200,0.244587057580550,0.332973838821327,76.311161965131731,0.138689398765564,0.478864711523056
1556,MX20245,1556,212.000000000000000,0.003680555614444,0.051181573420763,2.423171520233154,2.371989946812391,0.207386011749787,0.324468581123040,43.965834490954890,0.097879018634558,0.366149592399597
1557,MX15076,1557,92.000000000000000,0.001597222247778,3.611550092697144,30.926382064819336,27.314831972122192,17.640430307906598,5.538181389379432,1622.919588327406927,18.856575012207031,22.824958610534669
1558,MX20246,1558,74.000000000000000,0.001284722242778,0.073796026408672,1.369333863258362,1.295537836849689,0.223081278035770,0.264618270708961,16.508014574646950,0.124346029013395,0.457122448086739
1559,MX20248,1559,406.000000000000000,0.007048611223889,0.182572588324547,16.422811508178711,16.240238919854164,1.901127523095737,2.456281547934497,771.857774376869202,1.012974739074707,4.622950553894043
1560,MX20250,1560,115.000000000000000,0.001996527809722,0.054701332002878,1.602776169776917,1.548074837774038,0.382705184882102,0.284069020960548,44.011096261441729,0.289439737796783,0.691747176647186
1561,MX20251,1561,312.000000000000000,0.005416666753333,0.055194497108459,2.080351114273071,2.025156617164612,0.134990469588397,0.198824895145338,42.117026511579752,0.094481192529202,0.153599499166012
1562,MX20252,1562,277.000000000000000,0.004809027854722,0.036154694855213,1.723103404045105,1.686948709189892,0.142952139102703,0.213111291285665,39.597742531448638,0.084544785320759,0.248914119601250
1563,MX20253,1563,786.000000000000000,0.013645833551667,0.012323185801506,1.759882330894470,1.747559145092964,0.083445899797551,0.141204918130339,65.588477240875264,0.057144064456224,0.104650318622589
1564,MX20254,1564,1038.000000000000000,0.018020833621667,-0.002336949808523,2.169108629226685,2.171445579035208,0.082036628386298,0.156351813709491,85.154020264977618,0.052273456007242,0.110688458383083
1565,MX20255,1565,701.000000000000000,0.012170139083611,0.020773990079761,1.549129128456116,1.528355138376355,0.076999027701825,0.098447994139781,53.976318418979673,0.062407121062279,0.088655337691307
1566,MX20256,1566,117.000000000000000,0.002031250032500,0.060436017811298,0.913227319717407,0.852791301906109,0.182893018628287,0.167677678916048,21.398483179509633,0.115937665104866,0.389983719587326
1567,MX20249,1567,32.000000000000000,0.000555555564444,0.281431198120117,2.712052106857300,2.430620908737183,1.050981719046831,0.660488310202299,33.631415009498596,0.795168966054916,1.898855245113373
1568,MX20566,1568,975.000000000000000,0.016927083604167,0.002503263298422,1.249611616134644,1.247108352836221,0.060648967912659,0.077788850100190,59.132743714842981,0.046131901443005,0.082996326684952
1569,MX21134,1569,250.000000000000000,0.004340277847222,0.394227206707001,19.055253982543945,18.661026775836945,2.373964664101600,2.944179063897606,593.491166025399934,1.113564372062683,5.484243106842040
1570,MX20257,1570,168.000000000000000,0.002916666713333,0.055841583758593,1.393099904060364,1.337258320301771,0.165540404839530,0.205848345509150,27.810788013041030,0.101580433547497,0.278630617260933
1571,MX20258,1571,332.000000000000000,0.005763888981111,0.032484814524651,1.205937027931213,1.173452213406563,0.112979842181576,0.147796886355789,37.509307604283066,0.070712752640247,0.209803651273251
1572,MX20259,1572,425.000000000000000,0.007378472340278,0.036753494292498,2.862664699554443,2.825911205261946,0.126664843822227,0.240225222811877,53.832558624446442,0.077536985278130,0.139882960915566
1573,MX20260,1573,696.000000000000000,0.012083333526667,0.025554254651070,9.564054489135742,9.538500234484673,0.138530997195463,0.539302044701454,96.417574048042326,0.063041832298040,0.117195270955563
1574,MX20261,1574,878.000000000000000,0.015243055799444,0.042332116514444,5.339300155639648,5.296968039125204,0.181159794288168,0.326700969698538,159.058299385011168,0.095915425568819,0.323871695995331
1575,MX20262,1575,302.000000000000000,0.005243055639444,0.029066039249301,1.454087495803833,1.425021456554532,0.118481973525359,0.185071329192739,35.781556004658334,0.070244565606117,0.145614799857140
1576,MX20264,1576,298.000000000000000,0.005173611193889,0.042399041354656,2.112060546875000,2.069661505520344,0.151854238504131,0.244947876403156,45.252563074231176,0.086745303124189,0.208083653450012
1577,MX20265,1577,5779.000000000000000,0.100329862716389,-0.021620109677315,2.766196727752686,2.787816837430000,0.084417513664737,0.148102707722865,487.848811468515635,0.058143559843302,0.122241145372391
1578,MX20263,1578,601.000000000000000,0.010434027944722,0.015148192644119,2.338073968887329,2.322925776243210,0.082514243504147,0.176091638207301,49.591060345992446,0.058081302791834,0.086181089282036
1579,MX11003,1579,7772.000000000000000,0.134930557714444,0.140145272016525,72.881309509277344,72.741164237260818,1.075157958943237,3.731900454907517,8356.127656906837728,0.349417328834534,1.655437219142915
1580,MX26056,1580,5978.000000000000000,0.103784723882778,0.050134554505348,21.272811889648438,21.222677335143089,0.182868943721998,0.618724377819182,1093.190545570106451,0.102288600057364,0.219102787971497
1581,MX20266,1581,2518.000000000000000,0.043715278477222,0.005602909717709,2.893168449401855,2.887565539684147,0.071215060128068,0.129647626697431,179.319521402474493,0.052203690633178,0.085903353989124
1582,MX20267,1582,53.000000000000000,0.000920138903611,0.054096717387438,0.900472998619080,0.846376281231642,0.166631160760825,0.181126977564417,8.831451520323752,0.090065144002438,0.378829139471054
1583,MX20268,1583,52.000000000000000,0.000902777792222,0.140758782625198,3.252140045166016,3.111381262540817,0.502103699514499,0.666339176212205,26.109392374753959,0.223267376422882,1.377189719676971
1584,MX14078,1584,3936.000000000000000,0.068333334426667,0.071723848581314,27.055795669555664,26.984071820974350,0.381295134029465,1.496302620558374,1500.777647539974851,0.157079435884953,0.389380007982254
1585,MX20269,1585,509.000000000000000,0.008836805696944,0.020989434793591,4.696204662322998,4.675215227529407,0.253621064166745,0.432531883763437,129.093121660873322,0.116203799843788,0.526459205150604
1586,MX20270,1586,318.000000000000000,0.005520833421667,0.033986631780863,1.986630320549011,1.952643688768148,0.102894420214232,0.158463291570522,32.720425628125675,0.070456102490425,0.114455387741327
1587,MX21135,1587,355.000000000000000,0.006163194543056,0.045182049274445,3.006118059158325,2.960936009883881,0.125099999268710,0.245278277002206,44.410499740391977,0.085805699229240,0.118470470607281
1588,MX20271,1588,355.000000000000000,0.006163194543056,0.039443366229534,2.247467279434204,2.208023913204670,0.152809223920946,0.252070572222067,54.247274491935961,0.083892025053501,0.237529161572457
1589,MX20272,1589,706.000000000000000,0.012256944640556,0.003508156631142,3.752262353897095,3.748754197265953,0.090490705463587,0.280618306099532,63.886438057292210,0.050981843844056,0.077821798622608
1590,MX20273,1590,537.000000000000000,0.009322916815833,0.027839330956340,3.772088527679443,3.744249196723104,0.143654711124811,0.287259551716926,77.142579874023767,0.078038655221462,0.243169897794724
1591,MX20274,1591,318.000000000000000,0.005520833421667,0.022587642073631,0.688408076763153,0.665820434689522,0.069829117413025,0.059050830799263,22.205659337341803,0.057313777506351,0.097115457803011
1592,MX20275,1592,1016.000000000000000,0.017638889171111,0.020097445696592,2.722387790679932,2.702290344983339,0.131133609537519,0.218409655035589,133.231747290119529,0.094754148274660,0.141792766749859
1593,MX20276,1593,101.000000000000000,0.001753472250278,0.037559453397989,1.652725458145142,1.615166004747152,0.202767959251852,0.253495086342428,20.479563884437077,0.108746044337749,0.448734194040298
1594,MX20278,1594,3641.000000000000000,0.063211806566944,0.054613146930933,14.399293899536133,14.344680752605200,0.383311177189780,0.939388547453077,1395.635996147987953,0.164784654974937,0.616039335727692
1595,MX20279,1595,337.000000000000000,0.005850694538056,0.025166966021061,2.980852127075195,2.955685161054134,0.169462038613082,0.358338480098746,57.108707012608697,0.058571096509695,0.371907395124435
1596,MX20281,1596,95.000000000000000,0.001649305581944,0.051470141857862,1.688545823097229,1.637075681239367,0.209369741223360,0.325753067203176,19.890125416219234,0.088856697082520,0.469070804119110
1597,MX20282,1597,1003.000000000000000,0.017413194723056,0.020731033757329,1.744707584381104,1.723976550623775,0.074731057507923,0.093682003191689,74.955250680446582,0.065666086971760,0.085853582620621
1598,MX20283,1598,799.000000000000000,0.013871527999722,0.028919050469995,3.684367656707764,3.655448606237769,0.135383028926349,0.278128058202218,108.171040112152710,0.085767745971680,0.162852406501770
1599,MX20284,1599,349.000000000000000,0.006059027874722,0.058547727763653,6.040472030639648,5.981924302875996,0.248390897019716,0.637262189025423,86.688423059880748,0.112936727702618,0.269603490829468
1600,MX20285,1600,504.000000000000000,0.008750000140000,0.040530610829592,4.735153675079346,4.694623064249754,0.207673681412070,0.387387908408594,104.667535431683135,0.119634609669447,0.315893137454987
1601,MX20286,1601,270.000000000000000,0.004687500075000,0.048767261207104,2.324642658233643,2.275875397026539,0.187676164907990,0.300241961122600,50.672564525157171,0.088840998709202,0.407078936696052
1602,MX12054,1602,11637.000000000000000,0.202031253232500,0.005087981000543,5.093958854675293,5.088870873674750,0.089775276222289,0.176912487061280,1044.714889398774403,0.062767982482910,0.107210841774940
1603,MX20287,1603,228.000000000000000,0.003958333396667,0.057092748582363,1.278539419174194,1.221446670591831,0.134467168564075,0.154787855838933,30.658514432609056,0.094293843954802,0.177521133422852
1604,MX21136,1604,42.000000000000000,0.000729166678333,1.727150440216064,59.270156860351562,57.543006420135498,14.100617244130088,14.599055941147110,592.225924253463745,8.667063713073730,28.866757965087892
1605,MX20288,1605,195.000000000000000,0.003385416720833,0.028965029865503,1.199685811996460,1.170720782130957,0.100584376823062,0.129547573096503,19.613953480497003,0.069361761212349,0.132318666577339
1606,MX20289,1606,147.000000000000000,0.002552083374167,0.052961260080338,0.906236410140991,0.853275150060654,0.202948611508421,0.175023714535783,29.833445891737941,0.132019385695457,0.456148785352707
1607,MX28036,1607,2798.000000000000000,0.048576389666111,0.023983994498849,0.680247485637665,0.656263491138816,0.072482167427602,0.032533395176790,202.805104462429796,0.068714611232281,0.085879942029715
1608,MX21137,1608,1045.000000000000000,0.018142361401389,0.117012128233910,12.681276321411133,12.564264193177223,0.571323290289019,1.027031225002744,597.032838352025237,0.238377854228020,1.234139466285705
1609,MX19046,1609,313.000000000000000,0.005434027864722,12.906361579895020,155.418365478515625,142.512003898620605,47.249142652883314,12.564979411823986,14788.981650352478027,46.133728027343750,53.465445709228518
1610,MX21138,1610,803.000000000000000,0.013940972445278,-1.500000000000000,76.007415771484375,77.507415771484375,0.673977801244553,3.865870258323072,541.204174399375916,0.268203139305115,0.551444590091706
1611,MX20290,1611,57.000000000000000,0.000989583349167,0.074208334088326,2.249664306640625,2.175455972552299,0.362030977219866,0.468595943895070,20.635765701532367,0.161655187606812,0.844091391563415
1612,MX24030,1612,3488.000000000000000,0.060555556524444,0.048104651272297,2.622555971145630,2.574451319873333,0.140216746043901,0.129539168464541,489.076010201125541,0.114550404250622,0.171861772239208
1613,MX21139,1613,478.000000000000000,0.008298611243889,0.066220000386238,5.340141773223877,5.273921772837639,0.307160763389521,0.575845043593535,146.822844900190915,0.142035335302353,0.550804907083512
1614,MX20291,1614,918.000000000000000,0.015937500255000,0.009185986593366,1.493638277053833,1.484452290460467,0.084035552998554,0.129141405639336,77.144637652672785,0.056525064632297,0.103978022187948
1615,MX20292,1615,584.000000000000000,0.010138889051111,0.027116170153022,0.619593381881714,0.592477211728692,0.105888618338113,0.063935503873878,61.838953109458039,0.096593443304300,0.177085591852665
1616,MX29025,1616,289.000000000000000,0.005017361191389,0.497625678777695,27.406148910522461,26.908523231744766,4.909417431762889,6.696757293534848,1418.821637779474941,1.450142741203308,16.904205703735350
1617,MX20293,1617,219.000000000000000,0.003802083394167,0.122492104768753,26.978412628173828,26.855920523405075,2.406187841677229,4.111091903708006,526.955137327313196,0.478627651929855,6.451691246032721
1618,MX20294,1618,494.000000000000000,0.008576389026111,0.046011827886105,5.587395668029785,5.541383840143681,0.402158314618565,0.777537285952704,198.666207421571016,0.110928073525429,1.155325770378113
1619,MX20295,1619,214.000000000000000,0.003715277837222,0.079827390611172,8.776702880859375,8.696875490248203,0.876138048020200,1.502749576491332,187.493542276322870,0.247298426926136,2.778853154182439
1620,MX20296,1620,735.000000000000000,0.012760416870833,0.019973576068878,1.884571909904480,1.864598333835602,0.080372559808853,0.129563859948378,59.073831459507296,0.060588259249926,0.083754868805408
1621,MX20297,1621,573.000000000000000,0.009947916825833,0.034820556640625,1.728949069976807,1.694128513336182,0.144961025201785,0.164144597553508,83.062667440623031,0.086371943354607,0.299136263132096
1622,MX20298,1622,1374.000000000000000,0.023854167048333,0.032560735940933,14.918945312500000,14.886384576559067,0.345264253525126,1.143205948242562,474.393084343522787,0.090951427817345,0.500172713398934
1623,MX20299,1623,174.000000000000000,0.003020833381667,0.045702178031206,2.443916797637939,2.398214619606733,0.153873547162304,0.298965004618812,26.773997206240903,0.078333333134651,0.177930110692978
1624,MX05033,1624,37144.000000000000000,0.644861121428889,0.032509308308363,53.329021453857422,53.296512145549059,0.262791886985672,1.580158658297867,9761.141850195806910,0.100728396326303,0.250930410623551
1625,MX20300,1625,594.000000000000000,0.010312500165000,0.034910861402750,10.393799781799316,10.358888920396566,0.227772173600315,0.715743328177828,135.296671118587341,0.098865803331137,0.284649634361267
1626,MX20301,1626,40.000000000000000,0.000694444455556,0.189277395606041,3.740997076034546,3.551719680428505,0.849601774662733,0.883971544382400,33.984070986509323,0.442673832178116,2.498897957801819
1627,MX20302,1627,362.000000000000000,0.006284722322778,0.048439607024193,5.137248516082764,5.088808909058571,0.225007125346288,0.526050111750508,81.452579375356422,0.098859284073114,0.320436045527458
1628,MX20303,1628,16.000000000000000,0.000277777782222,0.190917670726776,3.047919034957886,2.857001364231110,1.091649269685149,0.735478561202274,17.466388314962387,0.897994548082352,1.889065206050873
1629,MX21140,1629,375.000000000000000,0.006510416770833,0.938075125217438,61.008964538574219,60.070889413356781,11.277617349465691,11.456944253390970,4229.106506049633936,7.447259426116943,28.202009201049812
1630,MX20305,1630,230.000000000000000,0.003993055619444,0.129835888743401,4.961586475372314,4.831750586628914,0.355216782313326,0.653503977811750,81.699859932064982,0.177448585629463,0.426790356636047
1631,MX20304,1631,460.000000000000000,0.007986111238889,0.021680284291506,0.832481801509857,0.810801517218351,0.074855236401377,0.067270353496718,34.433408744633248,0.061856871470809,0.098077788949013
1632,MX26057,1632,11910.000000000000000,0.206770836641667,0.032385546714067,9.051387786865234,9.019002240151167,0.078317750486492,0.211039320684116,932.764408294114332,0.066330283880234,0.079562226682901
1633,MX10030,1633,9295.000000000000000,0.161371530359722,0.043206982314587,4.570213317871094,4.527006335556507,0.084336570720877,0.099134630020239,783.908424850555662,0.078272558748722,0.093244597315788
1634,MX20306,1634,361.000000000000000,0.006267361211389,0.020607732236385,1.090835213661194,1.070227481424809,0.117414211740826,0.139219218113481,42.386530438438079,0.071253769099712,0.218184798955917
1635,MX19019,1635,366.000000000000000,0.006354166768333,0.789125382900238,65.039497375488281,64.250371992588043,19.768520212727143,15.685778869481922,7235.278397858134667,18.576738357543945,41.498338699340820
1636,MX20307,1636,3375.000000000000000,0.058593750937500,0.011053308844566,4.176644802093506,4.165591493248940,0.090181363661256,0.210129798307871,304.362102356739570,0.057513903826475,0.096996845304966
1637,MX20308,1637,126.000000000000000,0.002187500035000,1.078360557556152,52.306404113769531,51.228043556213379,6.251483716661967,7.965903038470607,787.686948299407732,3.166132926940918,14.700851917266846
1638,MX20309,1638,508.000000000000000,0.008819444585556,0.106593944132328,3.979525566101074,3.872931621968746,0.399197675771718,0.476014858761722,202.792419292032662,0.258323192596436,0.684843051433563
1639,MX20310,1639,115.000000000000000,0.001996527809722,0.163523316383362,4.739000797271729,4.575477480888367,0.984404937339866,0.860264157563448,113.206567794084563,0.802527487277985,2.380964279174806
1640,MX20311,1640,256.000000000000000,0.004444444515556,0.031464628875256,1.012781500816345,0.981316871941090,0.087963995640166,0.109754749903710,22.518782883882533,0.065192870795727,0.098625324666500
1641,MX20312,1641,415.000000000000000,0.007204861226389,0.069923974573612,7.384450912475586,7.314526937901974,0.417072189608252,0.845566767287335,173.084958687424574,0.169753089547157,0.840725696086884
1642,MX20313,1642,340.000000000000000,0.005902777872222,0.037143845111132,1.903470635414124,1.866326790302992,0.109532660969040,0.194084374681553,37.241104729473619,0.071700606495142,0.107532571256161
1643,MX20314,1643,285.000000000000000,0.004947916745833,0.002414377406240,2.019543647766113,2.017129270359874,0.108953302481065,0.205107591613132,31.051691207103417,0.062178548425436,0.138636982440949
1644,MX18013,1644,2577.000000000000000,0.044739584049167,0.030475622043014,7.699502944946289,7.669027322903275,0.150791433919185,0.374635535967234,388.589525209740600,0.091174386441708,0.185234266519547
1645,MX20315,1645,39.000000000000000,0.000677083344167,0.293716549873352,3.196232795715332,2.902516245841980,0.899111319810916,0.769635680090548,35.065341472625732,0.611371695995331,1.810999202728273
1646,MX20316,1646,587.000000000000000,0.010190972385278,0.028608642518520,3.380029201507568,3.351420558989048,0.108296005109252,0.298643128528940,63.569754999130978,0.064324557781219,0.093058192729950
1647,MX20317,1647,398.000000000000000,0.006909722332778,0.025561401620507,3.487927198410034,3.462365796789527,0.147998824214853,0.322564100795248,58.903532037511482,0.074046753346920,0.207524929940701
1648,MX20318,1648,1584.000000000000000,0.027500000440000,0.023144373670220,25.459005355834961,25.435860982164741,0.625466736573302,2.229707732144937,990.739310732110880,0.110701248049736,0.686880660057068
1649,MX20319,1649,753.000000000000000,0.013072916875833,-0.017897831276059,2.245699882507324,2.263597713783383,0.053086770214543,0.133181303674920,39.974337971550945,0.033010810613632,0.070248676836491
1650,MX20320,1650,130.000000000000000,0.002256944480556,0.045732934027910,1.306017279624939,1.260284345597029,0.154042409245784,0.176048659979791,20.025513201951977,0.094017826020718,0.275777915120125
1651,MX20321,1651,538.000000000000000,0.009340277927222,0.034154843539000,0.807758688926697,0.773603845387697,0.085279074874897,0.065109193508098,45.880142282694571,0.073148768395185,0.105487795174122
1652,MX20322,1652,31.000000000000000,0.000538194453056,0.154504641890526,2.206490755081177,2.051986113190651,0.574558892077015,0.507517741847745,17.811325654387478,0.339830368757248,1.154802203178406
1653,MX20323,1653,205.000000000000000,0.003559027834722,0.060536473989487,2.703730583190918,2.643194109201431,0.177922775650897,0.284857093055377,36.474169008433826,0.101830027997494,0.300765669345856
1654,MX20324,1654,2158.000000000000000,0.037465278377222,0.038777850568295,29.689619064331055,29.650841213762760,0.523317310974638,1.753649214539599,1129.318757083269020,0.148071169853210,0.774420464038849
1655,MX20325,1655,2753.000000000000000,0.047795139653611,0.013736313208938,7.236697196960449,7.222960883751512,0.133167096706296,0.352685591789699,366.609017232432905,0.068600796163082,0.142634591460228
1656,MX20326,1656,747.000000000000000,0.012968750207500,0.043392457067966,1.638264656066895,1.594872198998928,0.116328229806030,0.127267810711871,86.897187665104767,0.088959813117981,0.140021425485611
1657,MX20327,1657,3474.000000000000000,0.060312500965000,0.004450725391507,15.313558578491211,15.309107853099704,0.260881348402213,0.850684462799868,906.301804349289455,0.101486448198557,0.342353770136834
1658,MX20328,1658,482.000000000000000,0.008368055689444,0.029990177601576,1.349754810333252,1.319764632731676,0.087423626851306,0.098627562393629,42.138188142329462,0.073259077966213,0.095640125125647
1659,MX20329,1659,455.000000000000000,0.007899305681944,0.018937468528748,3.653669357299805,3.634731888771057,0.105571939276306,0.260547517188414,48.035232370719356,0.061516266316175,0.116515621542931
1660,MX20330,1660,729.000000000000000,0.012656250202500,0.053837757557631,1.271095395088196,1.217257637530565,0.121647512680750,0.108375983338974,88.681036744266635,0.097909718751907,0.152411991357803
1661,MX20331,1661,223.000000000000000,0.003871527839722,0.027219707146287,4.246727466583252,4.219507759436965,0.264343448292314,0.572993145603439,58.948588969185970,0.068011172115803,0.730702877044678
1662,MX14098,1662,588.000000000000000,0.010208333496667,3.063757896423340,72.717987060546875,69.654229164123535,31.967672144069148,16.130756387891914,18796.991220712658105,35.173263549804688,50.743287658691408
1663,MX20332,1663,161.000000000000000,0.002795138933611,0.044347226619720,0.826817452907562,0.782470226287842,0.121363555746419,0.124010353083076,19.539532475173480,0.077460296452045,0.247481793165207
1664,MX20333,1664,1964.000000000000000,0.034097222767778,0.025838041678071,6.721893787384033,6.696055745705962,0.136949871093900,0.389192240533657,268.969546828419482,0.069041803479195,0.140122531354427
1665,MX20337,1665,838.000000000000000,0.014548611343889,0.036503706127405,10.598749160766602,10.562245454639196,0.260997911826274,0.787724422070347,218.716250110417690,0.103006459772587,0.367117312550545
1666,MX20339,1666,876.000000000000000,0.015208333576667,0.031234005466104,4.862377166748047,4.831143161281943,0.150707972323156,0.364655151074985,132.020183755084844,0.069693129509687,0.242256253957748
1667,MX20340,1667,891.000000000000000,0.015468750247500,0.031729526817799,1.879760384559631,1.848030857741833,0.115753381704341,0.163354228805699,103.136263098567724,0.077044069766998,0.145194709300995
1668,MX20335,1668,141.000000000000000,0.002447916705833,0.034371361136436,1.132350564002991,1.097979202866554,0.135548073085064,0.160050191707466,19.112278304994092,0.081246875226498,0.297428637742996
1669,MX21141,1669,863.000000000000000,0.014982639128611,0.033199705183506,4.770370006561279,4.737170301377773,0.199154227838214,0.426459156195883,171.870098624378613,0.087734140455723,0.268849748373032
1670,MX20336,1670,809.000000000000000,0.014045139113611,0.025754753500223,1.287000298500061,1.261245544999838,0.091706777270077,0.105593065164028,74.190782811492610,0.073416396975517,0.102807039022446
1671,MX20341,1671,143.000000000000000,0.002482638928611,0.040861733257771,1.734676480293274,1.693814747035503,0.121296030970720,0.211167709036363,17.345332428812981,0.069149248301983,0.127234444022179
1672,MX30211,1672,1443.000000000000000,0.025052083734167,0.085956819355488,12.536940574645996,12.450983755290508,0.563103010267411,1.111995163707366,812.557643815874258,0.226496547460556,1.180201220512390
1673,MX20342,1673,41.000000000000000,0.000711805566944,1.086651086807251,10.807801246643066,9.721150159835815,2.995876454725499,2.266414920673745,122.830934643745437,2.166043281555176,5.192770481109619
1674,MX13054,1674,1026.000000000000000,0.017812500285000,0.191529467701912,12.118847846984863,11.927318379282951,1.593695061902206,1.757324909120746,1635.131133511663393,0.824958294630051,3.994303107261658
1675,MX21142,1675,1089.000000000000000,0.018906250302500,0.148556366562843,20.410522460937500,20.261966094374657,0.755502793592417,1.929697952432097,822.742542222141992,0.259920567274094,1.147280001640320
1676,MX21143,1676,554.000000000000000,0.009618055709444,0.215164631605148,18.654012680053711,18.438848048448563,1.717294111525107,2.881288430465547,951.380937784909179,0.360876962542534,5.348716926574705
1677,MX21144,1677,118.000000000000000,0.002048611143889,0.680596768856049,22.944444656372070,22.263847887516022,4.243949765371063,4.785993898003824,500.786072313785439,2.373964905738831,11.052320575714109
1678,MX20343,1678,74.000000000000000,0.001284722242778,0.252378821372986,3.750554561614990,3.498175740242004,0.918396108456560,0.871044735533888,67.961312025785446,0.402116924524307,2.091071724891663
1679,MX20344,1679,1009.000000000000000,0.017517361391389,0.012330598197877,1.877653956413269,1.865323358215392,0.089647107397652,0.158629980250958,90.453931364230911,0.054635301232338,0.136393377184868
1680,MX14080,1680,5581.000000000000000,0.096892362661389,0.030316404998302,6.212025165557861,6.181708760559559,0.098976395103084,0.194913211790831,552.387261070310501,0.076815053820610,0.105876319110394
1681,MX20345,1681,481.000000000000000,0.008350694578056,0.053828671574593,4.700524806976318,4.646696135401726,0.260920640468412,0.511093073330342,125.502828065306076,0.117393881082535,0.439107775688171
1682,MX20346,1682,216.000000000000000,0.003750000060000,0.034500036388636,2.437776565551758,2.403276529163122,0.141646468718709,0.302169609609305,30.595637243241079,0.067595414817333,0.143069572746754
1683,MX20347,1683,518.000000000000000,0.008993055699444,0.015169125981629,1.494653701782227,1.479484575800598,0.114837613379274,0.168564919865275,59.485883730463712,0.071280606091022,0.166875378787518
1684,MX20348,1684,1132.000000000000000,0.019652778092222,0.020915443077683,4.848986148834229,4.828070705756545,0.147289120169297,0.328478365160272,166.731284031644492,0.076102741062641,0.234866675734520
1685,MX20349,1685,151.000000000000000,0.002621527819722,0.246390506625175,4.783981800079346,4.537591293454170,0.568962029076570,0.748306328377023,85.913266390562043,0.333301216363907,0.963150441646576
1686,MX21145,1686,1151.000000000000000,0.019982639208611,0.058750875294209,2.378872871398926,2.320121996104717,0.177079312173208,0.164754577743430,203.818288311361982,0.139357164502144,0.273476868867874
1687,MX20350,1687,35.000000000000000,0.000607638898611,0.856679260730743,37.013702392578125,36.157023131847382,11.163205407346993,10.469456548323871,390.712189257144757,6.653467178344727,24.959117507934572
1688,MX20351,1688,246.000000000000000,0.004270833401667,0.059891350567341,1.451485633850098,1.391594283282757,0.228426138590264,0.212659356212319,56.192830093204975,0.146754369139671,0.483239218592644
1689,MX15077,1689,650.000000000000000,0.011284722402778,0.089687295258045,2.476422071456909,2.386734776198864,0.255026366206316,0.270673345019946,165.767138034105386,0.167806565761566,0.442628005146980
1690,MX20352,1690,223.000000000000000,0.003871527839722,0.070086404681206,6.390570163726807,6.320483759045601,0.396277363023683,0.781911977309478,88.369851954281387,0.132128641009331,0.695697247982026
1691,MX20534,1691,518.000000000000000,0.008993055699444,0.022168606519699,3.642851114273071,3.620682507753372,0.128408376648878,0.304282233693460,66.515539104118957,0.072937961667776,0.123160608857870
1692,MX20535,1692,668.000000000000000,0.011597222407778,0.013093495741487,3.499065399169922,3.485971903428435,0.112835946211223,0.274350754303754,75.374412069097204,0.061620311811566,0.150064660608768
1693,MX20536,1693,346.000000000000000,0.006006944540556,0.020447248592973,1.157586812973022,1.137139564380050,0.081819284260488,0.105260534686445,28.309472354128957,0.062280554324389,0.086391523480415
1694,MX24034,1694,2610.000000000000000,0.045312500725000,0.059754516929388,10.534393310546875,10.474638793617487,0.196819744173480,0.486145119799804,513.699532292783715,0.113898895680904,0.251887547969818
1695,MX31064,1695,131.000000000000000,0.002274305591944,0.134465008974075,10.383869171142578,10.249404162168503,0.673147682583969,1.582535093601149,88.182346418499947,0.220274403691292,0.907501995563507
1696,MX29020,1696,499.000000000000000,0.008663194583056,0.227677449584007,11.998219490051270,11.770542040467262,0.680966769675454,1.163035768715817,339.802418068051338,0.371294736862183,1.045245313644409
1697,MX20353,1697,266.000000000000000,0.004618055629444,0.044919755309820,1.467909812927246,1.422990057617426,0.159075711412649,0.199168642808144,42.314139235764713,0.087857104837894,0.330234706401825
1698,MX26058,1698,7996.000000000000000,0.138819446665556,0.053744547069073,39.663612365722656,39.609867818653584,0.271244389467172,1.559110607066041,2168.870138179507649,0.100842699408531,0.183046899735928
1699,MX20354,1699,75.000000000000000,0.001302083354167,0.078416995704174,0.656478226184845,0.578061230480671,0.152021925250689,0.112215648431306,11.401644393801687,0.114764347672462,0.221401515603066
1700,MX20355,1700,203.000000000000000,0.003524305611944,0.072210088372231,0.984790146350861,0.912580057978630,0.124983209070607,0.099732160935636,25.371591441333290,0.103678584098816,0.143648415803909
1701,MX20356,1701,135.000000000000000,0.002343750037500,0.094610124826431,5.395141601562500,5.300531476736069,0.619334813455741,0.978561041709977,83.610199816525011,0.232914865016937,1.749794101715089
1702,MX16078,1702,511.000000000000000,0.008871527919722,0.170528143644333,9.280316352844238,9.109788209199905,0.607206519073470,0.957031339987254,310.282531246542931,0.269399493932724,1.352841258049011
1703,MX29056,1703,49.000000000000000,0.000850694458056,1.141209006309509,19.514167785644531,18.372958779335022,5.875805324437667,5.118721382807359,287.914460897445679,3.780715703964233,14.431845092773440
1704,MX20357,1704,842.000000000000000,0.014618055789444,0.012849779799581,3.104572057723999,3.091722277924418,0.076100777576936,0.185612641059272,64.076854719780371,0.054387619718909,0.081764097511768
1705,MX20358,1705,223.000000000000000,0.003871527839722,0.058463815599680,2.581783771514893,2.523319955915213,0.275593682873008,0.400601953298576,61.457391280680888,0.128505975008011,0.609851169586182
1706,MX20359,1706,228.000000000000000,0.003958333396667,0.050414446741343,3.322265386581421,3.271850939840078,0.161327684755649,0.333462143751232,36.782712124288061,0.088694512844086,0.162510550022125
1707,MX20360,1707,132.000000000000000,0.002291666703333,0.256219953298569,4.468917369842529,4.212697416543961,0.657723658915722,0.697582530816764,86.819522976875277,0.369584798812866,1.420042788982391
1708,MX29057,1708,36.000000000000000,0.000625000010000,1.232831239700317,24.401042938232422,23.168211698532104,6.656229956282510,6.021373246144207,239.624278426170349,3.924269795417786,16.172405719757080
1709,MX08060,1709,1809.000000000000000,0.031406250502500,0.063337683677673,40.976284027099609,40.912946343421936,0.536900391247209,2.474445154099615,971.252807766200476,0.147368580102921,0.586594736576081
1710,MX20361,1710,248.000000000000000,0.004305555624444,0.022634305059910,0.867081940174103,0.844447635114193,0.071025914324808,0.081377994794521,17.614426752552401,0.054491808637977,0.085175508260727
1711,MX11034,1711,977.000000000000000,0.016961805826944,0.083849921822548,9.938039779663086,9.854189857840538,0.339993876247774,0.747136792337036,332.174017094074941,0.158196747303009,0.570412552356720
1712,MX19048,1712,4733.000000000000000,0.082170140203611,0.103463508188725,61.811649322509766,61.708185814321041,2.637924996224946,8.932256883316942,12485.299007132669431,0.225412771105766,2.615229368209846
1713,MX24031,1713,3221.000000000000000,0.055920139783611,0.038333687931299,0.915654003620148,0.877320315688848,0.123916469867122,0.070576077060896,399.134949441999481,0.106054320931435,0.172058552503586
1714,MX29058,1714,47.000000000000000,0.000815972235278,2.171419858932495,22.398130416870117,20.226710557937622,8.036507804343040,5.187176012836667,377.715866804122925,7.548140048980713,15.468288421630859
1715,MX20362,1715,124.000000000000000,0.002152777812222,0.060962110757828,2.473585128784180,2.412623018026352,0.344999600802699,0.475100583376740,42.779950499534628,0.164553023874760,0.742938190698624
1716,MX20363,1716,1078.000000000000000,0.018715278077222,0.045584224164486,1.789815306663513,1.744231082499027,0.116543270616424,0.102000911808997,125.633645724505200,0.095655865967274,0.158481863141060
1717,MX20364,1717,3095.000000000000000,0.053732639748611,0.004254742059857,19.625692367553711,19.621437625493854,0.115049014958630,0.609471512585311,356.076701296958390,0.057241044938564,0.108177849650383
1718,MX20365,1718,495.000000000000000,0.008593750137500,0.034413300454617,1.335622906684875,1.301209606230259,0.094035121015828,0.098885913687281,46.547384902834885,0.077490188181400,0.110354334115982
1719,MX20366,1719,613.000000000000000,0.010642361281389,0.016675854101777,2.863303899765015,2.846628045663238,0.092910093436136,0.217714788687341,56.953887276351409,0.053987883031368,0.105844956636429
1720,MX20367,1720,249.000000000000000,0.004322916735833,0.063230998814106,6.923075199127197,6.859844200313091,0.321647826866453,0.834529316706096,80.090308889746709,0.136151760816574,0.264252656698227
1721,MX20368,1721,178.000000000000000,0.003090277827222,0.098338462412357,3.490680694580078,3.392342232167721,0.386886369269551,0.549779102425057,68.865773729979992,0.178745612502098,0.819581454992295
1722,MX20369,1722,101.000000000000000,0.001753472250278,0.281984359025955,16.424160003662109,16.142175644636154,1.312363016723406,2.404853367049141,132.548664689063997,0.517855763435364,2.530941009521484
1723,MX20074,1723,187.000000000000000,0.003246527829722,0.017968248575926,1.046014547348022,1.028046298772097,0.088005851505992,0.132865332817756,16.457094231620427,0.059278219938278,0.125700131058693
1724,MX20370,1724,187.000000000000000,0.003246527829722,0.043045736849308,1.528460502624512,1.485414765775204,0.138590578706985,0.180205943429203,25.916438218206167,0.084909789264202,0.238129225373268
1725,MX20371,1725,145.000000000000000,0.002517361151389,0.064728230237961,1.878287196159363,1.813558965921402,0.224626916595574,0.265907664889478,32.570902906358256,0.145159721374512,0.397244924306869
1726,MX21146,1726,238.000000000000000,0.004131944510556,0.105397947132587,7.005945682525635,6.900547735393047,0.391077711395606,0.898429483755479,93.076495312154307,0.171719431877136,0.433401256799698
1727,MX20372,1727,184.000000000000000,0.003194444495556,0.057518526911736,4.093307971954346,4.035789445042610,0.383547903686438,0.501774971991478,70.572814278304577,0.229717828333378,0.691966325044632
1728,MX20373,1728,585.000000000000000,0.010156250162500,0.026761462911963,0.754956185817719,0.728194722905755,0.073486187079778,0.058803557973677,42.989419441670208,0.064536109566689,0.088014078140259
1729,MX10031,1729,5058.000000000000000,0.087812501405000,0.036834690719843,15.313811302185059,15.276976611465216,0.147224801947897,0.581395810856395,744.663048252464478,0.084414824843407,0.117984380573034
1730,MX26059,1730,5425.000000000000000,0.094184029284722,0.073693774640560,16.440402984619141,16.366709209978580,0.158034241268163,0.579253273667014,857.335758879781679,0.109454743564129,0.129251357913017
1731,MX20374,1731,37.000000000000000,0.000642361121389,0.173768743872643,2.046757459640503,1.872988715767860,0.480706058241225,0.430552287210594,17.786124154925343,0.287164747714996,1.146958398818969
1732,MX20375,1732,11.000000000000000,0.000190972225278,7.550262928009033,24.922420501708984,17.372157573699951,16.593968868255615,6.067861580492779,182.533657550811768,19.225049972534180,23.841690063476562
1733,MX20376,1733,91.000000000000000,0.001579861136389,0.034341551363468,0.992099821567535,0.957758270204067,0.120527962693474,0.162280878731301,10.968044605106119,0.072420008480549,0.189069658517838
1734,MX11035,1734,2138.000000000000000,0.037118056149444,0.169834092259407,48.008670806884766,47.838836714625359,1.600600681439305,3.890908949455147,3422.084256917233233,0.647165030241013,2.821745276451111
1735,MX20377,1735,2756.000000000000000,0.047847222987778,0.008285871706903,4.226725578308105,4.218439706601202,0.103580728137436,0.205713161034299,285.468486746772840,0.065825924277306,0.130809083580971
1736,MX20378,1736,222.000000000000000,0.003854166728333,0.038965608924627,2.258552312850952,2.219586703926325,0.281914941110724,0.416987127734756,62.585116926580632,0.120608877390623,0.759417736530304
1737,MX20379,1737,212.000000000000000,0.003680555614444,0.060113333165646,2.013134241104126,1.953020907938480,0.260547486502888,0.263321079444894,55.236067138612270,0.180669993162155,0.486088863015175
1738,MX20380,1738,71.000000000000000,0.001232638908611,0.230411022901535,4.061328887939453,3.830917865037918,0.667860697902424,0.782371104539331,47.418109551072128,0.328478544950485,1.850903511047363
1739,MX29059,1739,28.000000000000000,0.000486111118889,1.276686787605286,16.910263061523438,15.633576273918152,7.284782473530088,4.474916332776320,203.973909258842468,6.649410247802734,13.383812332153322
1740,MX20381,1740,137.000000000000000,0.002378472260278,0.048193726688623,3.610592603683472,3.562398876994848,0.353817755206876,0.620550216534520,48.473032463341973,0.109584026038647,1.003372049331665
1741,MX20382,1741,233.000000000000000,0.004045138953611,0.027150433510542,1.090838432312012,1.063687998801470,0.098244082726250,0.125093080882901,22.890871275216352,0.068386435508728,0.133707439899445
1742,MX20383,1742,109.000000000000000,0.001892361141389,0.043998148292303,0.702120423316956,0.658122275024652,0.161620612469835,0.135385996183755,17.616646759212017,0.102652810513973,0.350046610832214
1743,MX29026,1743,130.000000000000000,0.002256944480556,1.125709414482117,16.235401153564453,15.109691739082336,6.065559952075668,3.224366892659142,788.522793769836767,5.676083087921143,10.310371017456054
1744,MX20384,1744,275.000000000000000,0.004774305631944,0.048613965511322,4.328290939331055,4.279676973819733,0.335258455466140,0.577226659322786,92.196075253188567,0.157294854521751,0.636351037025451
1745,MX20385,1745,211.000000000000000,0.003663194503056,0.757444024085999,33.951557159423828,33.194113135337830,8.638550580395341,7.334563224528359,1822.734172463417053,6.098142147064209,18.823839187622070
1746,MX20386,1746,2355.000000000000000,0.040885417320833,0.018924236297607,1.875520110130310,1.856595873832703,0.078738271137363,0.090589302202848,185.428628528490435,0.058035362511873,0.123829457163811
1747,MX31066,1747,2555.000000000000000,0.044357639598611,0.031874317675829,8.156270980834961,8.124396663159132,0.118936098254707,0.362150232101552,303.881731040776117,0.081265181303024,0.114636334776878
1748,MX20387,1748,147.000000000000000,0.002552083374167,0.116623595356941,4.377130508422852,4.260506913065910,0.553340021039353,0.751562833053691,81.340983092784867,0.249019175767899,1.219843983650208
1749,MX21147,1749,1411.000000000000000,0.024496528169722,0.049324471503496,13.036414146423340,12.987089674919844,0.256943057847627,0.912028527863170,362.546654623001075,0.099878601729870,0.232646092772484
1750,MX20569,1750,409.000000000000000,0.007100694558056,0.049505557864904,2.108946084976196,2.059440527111292,0.136737791916998,0.176824239105173,55.925756894052014,0.095407441258430,0.188225221633911
1751,MX20388,1751,241.000000000000000,0.004184027844722,0.074645303189754,1.021383643150330,0.946738339960575,0.183384316992710,0.135180505237924,44.195620395243161,0.143696352839470,0.293944180011749
1752,MX20389,1752,11.000000000000000,0.000190972225278,0.365459948778152,3.380733489990234,3.015273541212082,1.589727176861329,0.861710610960908,17.486998945474625,1.453841686248779,2.436362266540527
1753,MX08024,1753,3547.000000000000000,0.061579862096389,0.058127753436565,8.302601814270020,8.244474060833454,0.195566064099174,0.423806988639546,693.672829359768912,0.111075066030025,0.213381221890450
1754,MX21148,1754,165.000000000000000,0.002864583379167,0.853167176246643,18.584196090698242,17.731028914451599,3.744710467078470,3.293355049541815,617.877227067947615,2.528541564941406,6.920166397094727
1755,MX29060,1755,28.000000000000000,0.000486111118889,6.153114318847656,20.266597747802734,14.113483428955078,9.277639763695852,3.011149926378904,259.773913383483887,8.838228225708008,10.728129196166993
1756,MX20390,1756,45.000000000000000,0.000781250012500,5.117791652679443,43.031433105468750,37.913641452789307,20.486156792110869,7.950963490627809,921.877055644989127,18.817428588867188,30.887509536743167
1757,MX20391,1757,336.000000000000000,0.005833333426667,0.030158126726747,1.689774751663208,1.659616624936461,0.124849430423984,0.178120208162541,41.949408622458606,0.073431506752968,0.208810232579708
1758,MX20392,1758,763.000000000000000,0.013246527989722,0.021227046847343,2.316600561141968,2.295373514294624,0.135968395534458,0.162736179619374,103.743885792791772,0.092036090791225,0.218027937412262
1759,MX20393,1759,56.000000000000000,0.000972222237778,0.150712609291077,3.507707834243774,3.356995224952698,0.701925532892346,0.854268828326736,39.307829841971376,0.269671320915222,1.936850607395172
1760,MX20047,1760,136.000000000000000,0.002361111148889,0.053664196282625,1.198722958564758,1.145058762282133,0.129888080416576,0.163918071096306,17.664778936654333,0.083738494664431,0.179863259196281
1761,MX20394,1761,478.000000000000000,0.008298611243889,0.054564379155636,5.308358192443848,5.253793813288212,0.213375852127641,0.429382856768650,101.993657317012577,0.116310317069292,0.294623282551765
1762,MX20395,1762,400.000000000000000,0.006944444555556,0.027974251657724,1.047782778739929,1.019808527082205,0.104315409795381,0.120068209648104,41.726163918152452,0.068062189966440,0.186714147031307
1763,MX20399,1763,153.000000000000000,0.002656250042500,0.480036795139313,22.525310516357422,22.045273721218109,4.772862746824624,5.160530359270449,730.248000264167558,1.983828544616699,12.109927749633789
1764,MX20400,1764,466.000000000000000,0.008090277907222,0.038629487156868,3.349191427230835,3.310561940073967,0.146947963211222,0.329517246219044,68.477750856429395,0.084883749485016,0.158423796296120
1765,MX20404,1765,305.000000000000000,0.005295138973611,0.037050306797028,2.012733936309814,1.975683629512787,0.131406085119873,0.189103013970401,40.078855961561217,0.078957885503769,0.218356260657311
1766,MX20406,1766,1403.000000000000000,0.024357639278611,0.062688529491425,3.158422231674194,3.095733702182770,0.190765700193490,0.198584424377067,267.644277371466046,0.136012017726898,0.303126651048660
1767,MX20407,1767,22220.000000000000000,0.385763895061111,-0.011955418623984,3.649306535720825,3.661261954344809,0.092999771103103,0.063911337577014,2066.454913910946743,0.089469194412231,0.120996010303497
1768,MX20401,1768,2008.000000000000000,0.034861111668889,0.025571534410119,24.735235214233398,24.709663679823279,0.326767687530876,1.340391394601816,656.149516561999690,0.107023183256388,0.411676371097565
1769,MX20402,1769,401.000000000000000,0.006961805666944,0.038408976048231,2.387869596481323,2.349460620433092,0.151823869685728,0.249605308535108,60.881371743977105,0.091266162693501,0.203165665268898
1770,MX20403,1770,33.000000000000000,0.000572916675833,0.986203610897064,15.314342498779297,14.328138887882233,5.187685281941387,4.525087651783503,171.193614304065761,3.304048538208008,13.841404342651368
1771,MX32058,1771,1400.000000000000000,0.024305555944444,0.045681592077017,8.775169372558594,8.729487780481577,0.167334637753665,0.497564110932993,234.268492855131569,0.093475513160229,0.186567980051041
1772,MX14081,1772,1317.000000000000000,0.022864583699167,0.065109431743622,4.566702842712402,4.501593410968781,0.210183916790248,0.361563886923208,276.812218412756977,0.108295634388924,0.383661133050919
1773,MX14056,1773,3854.000000000000000,0.066909723292778,0.022277219220996,3.549011707305908,3.526734488084912,0.079810225584587,0.103656108525673,307.588609402999680,0.070563908666372,0.093480536341667
1774,MX18014,1774,5480.000000000000000,0.095138890411111,0.046291396021843,18.736640930175781,18.690349534153938,0.227925459031749,0.655504191640223,1249.031515493984443,0.113167423754930,0.285392081737519
1775,MX24032,1775,8562.000000000000000,0.148645835711667,0.034736745059490,20.445314407348633,20.410577662289143,0.215918951043700,0.748787393800812,1848.698058836157315,0.109221138060093,0.299631461501122
1776,MX20408,1776,121.000000000000000,0.002100694478056,0.048518810421228,0.697554886341095,0.649036075919867,0.125923723043982,0.089846320003310,15.236770488321781,0.097658954560757,0.200184121727943
1777,MX20409,1777,82.000000000000000,0.001423611133889,0.428862422704697,23.944442749023438,23.515580326318741,2.950401659782339,4.693749551872830,241.932936102151814,0.685524076223373,10.691097164154071
1778,MX20410,1778,2627.000000000000000,0.045607639618611,0.005491402931511,1.307974338531494,1.302482935599983,0.058161824111705,0.080319477224073,152.791111941449429,0.045125856995583,0.066633918881416
1779,MX20411,1779,36.000000000000000,0.000625000010000,0.309596180915833,3.223023653030396,2.913427472114563,0.773763544857502,0.708016727228291,27.855487614870071,0.408172667026520,1.594720304012299
1780,MX20412,1780,1906.000000000000000,0.033090278307222,0.015524710528553,2.650824546813965,2.635299836285412,0.080989556555643,0.115418190503971,154.366094795055687,0.063874531537294,0.108013387769461
1781,MX20413,1781,2478.000000000000000,0.043020834021667,0.024126727133989,31.056076049804688,31.031949322670698,0.727016226004410,2.711342113008971,1801.546208038927716,0.129466697573662,0.924040436744690
1782,MX20414,1782,1336.000000000000000,0.023194444815556,0.016524799168110,8.986793518066406,8.970268718898296,0.192556270088689,0.579668221023145,257.255176838487955,0.086640171706676,0.217153452336788
1783,MX20415,1783,819.000000000000000,0.014218750227500,0.029688075184822,2.541075229644775,2.511387154459953,0.123849152749966,0.221196535614127,101.432456102222076,0.072511978447437,0.165839564800263
1784,MX20416,1784,868.000000000000000,0.015069444685556,0.020401339977980,11.132397651672363,11.111996311694384,0.140815090407373,0.673478389914646,122.227498473599695,0.064203802496195,0.101356697827578
1785,MX20417,1785,1589.000000000000000,0.027586805996944,0.054811365902424,4.036365509033203,3.981554143130779,0.208454433193253,0.291799910864415,331.234094344079665,0.132546946406364,0.335931193828583
1786,MX20418,1786,3548.000000000000000,0.061597223207778,0.018067529425025,15.230760574340820,15.212693044915795,0.139775105600330,0.630572323028661,495.922074669972176,0.067934624850750,0.143241718411446
1787,MX20419,1787,260.000000000000000,0.004513888961111,0.033937823027372,1.252442359924316,1.218504536896944,0.114588373354994,0.136452609911387,29.792977072298545,0.084574684500694,0.147246319055557
1788,MX20396,1788,34.000000000000000,0.000590277787222,0.276318460702896,3.614245653152466,3.337927192449570,1.224686066893970,0.948802897548034,41.639326274394989,0.904866188764572,2.774492096900940
1789,MX20420,1789,248.000000000000000,0.004305555624444,0.024043729528785,6.807470321655273,6.783426592126489,0.218354739984798,0.682399097222234,54.151975516229854,0.061049636453390,0.219775201380253
1790,MX20421,1790,718.000000000000000,0.012465277977222,0.053385175764561,8.765463829040527,8.712078653275967,0.311965159252078,0.757304530086154,223.990984342992220,0.139211259782314,0.425341674685479
1791,MX20422,1791,213.000000000000000,0.003697916725833,0.055172529071569,0.891412436962128,0.836239907890558,0.175110850500669,0.155009855052231,37.298611156642437,0.117043040692806,0.333254551887512
1792,MX20423,1792,378.000000000000000,0.006562500105000,0.030461687594652,0.652671039104462,0.622209351509809,0.083379303193873,0.071289823537739,31.517376607283975,0.065128065645695,0.129429167509079
1793,MX20424,1793,704.000000000000000,0.012222222417778,0.014511014334857,1.436062455177307,1.421551440842450,0.076380348831828,0.110379312865844,53.771765577606892,0.052251931279898,0.102591492980719
1794,MX20425,1794,270.000000000000000,0.004687500075000,0.029127243906260,2.016687631607056,1.987560387700796,0.125813596474904,0.221442139028713,33.969671048223951,0.073918133974075,0.185505723953247
1795,MX20426,1795,1143.000000000000000,0.019843750317500,0.023377737030387,1.545225262641907,1.521847525611520,0.092461455419451,0.092345876741452,105.683443544432507,0.071469262242317,0.132770293951035
1796,MX20427,1796,752.000000000000000,0.013055555764444,0.092901535332203,14.748064041137695,14.655162505805492,0.819936180586352,1.666676405952669,616.592007800936813,0.329406291246414,1.580031156539917
1797,MX20428,1797,783.000000000000000,0.013593750217500,0.002010962227359,1.119209170341492,1.117198208114132,0.062138981765997,0.083588632803509,48.654822722775862,0.046077933162451,0.072721512615681
1798,MX20429,1798,252.000000000000000,0.004375000070000,0.032368119806051,0.894436180591583,0.862068060785532,0.106577518203902,0.115519481373823,26.857534587383253,0.066407151520252,0.204346908628941
1799,MX20430,1799,180.000000000000000,0.003125000050000,0.030145784839988,0.689422905445099,0.659277120605111,0.082702859418674,0.083214616548764,14.886514695361258,0.066306240856647,0.096567299962044
1800,MX20431,1800,1818.000000000000000,0.031562500505000,0.013254546560347,3.134248495101929,3.120993948541582,0.077077084954017,0.152182088156114,140.126140446402275,0.060501281172037,0.084527984261513
1801,MX20432,1801,63.000000000000000,0.001093750017500,0.068152658641338,1.037503361701965,0.969350703060627,0.176388856437471,0.177844814816346,11.112497955560682,0.115187592804432,0.334472507238388
1802,MX20433,1802,169.000000000000000,0.002934027824722,0.025120846927166,0.817986071109772,0.792865224182606,0.121688135850006,0.115711117400897,20.565294958651073,0.083247072994709,0.238447821140289
1803,MX20434,1803,181.000000000000000,0.003142361161389,0.071373738348484,2.697550296783447,2.626176558434963,0.437067374628222,0.399650730652778,79.109194807708263,0.326860785484314,0.817378640174866
1804,MX20435,1804,413.000000000000000,0.007170139003611,0.027582651004195,4.238777160644531,4.211194509640336,0.203158394183251,0.430438741392176,83.904416797682757,0.087221108376980,0.373580503463745
1805,MX20436,1805,175.000000000000000,0.003038194493056,0.024090977385640,1.357813596725464,1.333722619339824,0.097648359941585,0.145531348677055,17.088462989777319,0.064908042550087,0.116737273335457
1806,MX20437,1806,748.000000000000000,0.012986111318889,0.036474514752626,4.947184085845947,4.910709571093321,0.227687435060301,0.408540044917241,170.310201425105362,0.115927312523127,0.438936313986779
1807,MX20438,1807,121.000000000000000,0.002100694478056,0.038304734975100,1.155085086822510,1.116780351847410,0.132753693922000,0.160423090371512,16.063196964561943,0.087541483342648,0.197895213961601
1808,MX20439,1808,2531.000000000000000,0.043940972925278,0.030974285677075,5.055607795715332,5.024633510038257,0.224257041234707,0.402892913082915,567.594571365043635,0.109367124736309,0.399961441755295
1809,MX20440,1809,556.000000000000000,0.009652777932222,0.009847612120211,1.276213407516479,1.266365795396268,0.075966058727756,0.111853731943772,42.237128652632236,0.057108031585813,0.086705334484577
1810,MX20441,1810,428.000000000000000,0.007430555674444,0.155365362763405,12.020618438720703,11.865253075957298,0.645911782631807,1.350548568231789,276.450242966413612,0.278320878744125,0.868169230222702
1811,MX20442,1811,234.000000000000000,0.004062500065000,0.030791405588388,1.605341792106628,1.574550386518240,0.104568105859634,0.181348551355687,24.468936771154411,0.066857971251011,0.103458491712809
1812,MX20443,1812,426.000000000000000,0.007395833451667,0.024924108758569,1.617440223693848,1.592516114935279,0.091805734571087,0.156509584150470,39.109242927283077,0.062356449663639,0.099324192851782
1813,MX20444,1813,90.000000000000000,0.001562500025000,0.035475380718708,0.592038452625275,0.556563071906567,0.086481121016873,0.081629433582077,7.783300891518594,0.066062770783901,0.110840319097042
1814,MX20445,1814,165.000000000000000,0.002864583379167,0.041038036346436,0.795654714107513,0.754616677761078,0.153378810846444,0.134550032876666,25.307503789663311,0.102816477417946,0.313871031999588
1815,MX20446,1815,361.000000000000000,0.006267361211389,0.047750897705555,1.189402937889099,1.141652040183544,0.190491276713207,0.155246228950377,68.767350893467665,0.132089778780937,0.387629061937332
1816,MX20447,1816,2448.000000000000000,0.042500000680000,0.026436459273100,11.583437919616699,11.557001460343599,0.174331496390545,0.530530629989699,426.763503164053020,0.092367082834244,0.244790939986706
1817,MX20448,1817,774.000000000000000,0.013437500215000,-0.002917836885899,1.439613103866577,1.442530940752476,0.059715939719093,0.091853459709578,46.220137342577857,0.047882623970509,0.070507851988077
1818,MX20449,1818,2035.000000000000000,0.035329861676389,0.025023836642504,2.868791103363037,2.843767266720533,0.073265579320875,0.110092100707042,149.095453917980251,0.062926515936852,0.084431578218937
1819,MX19049,1819,3824.000000000000000,0.066388889951111,0.070824429392815,18.938882827758789,18.868058398365974,0.733743125426674,1.714397657272542,2805.833711631602000,0.162331260740757,1.577240860462190
1820,MX20450,1820,1008.000000000000000,0.017500000280000,0.012615750543773,1.650262713432312,1.637646962888539,0.108069505499092,0.109187627016284,108.934061543084638,0.075994621962309,0.194573362171650
1821,MX20451,1821,420.000000000000000,0.007291666783333,0.027998721227050,1.355332374572754,1.327333653345704,0.088967730087184,0.106669187889588,37.366446636617177,0.065931420773268,0.114390676468611
1822,MX20452,1822,82.000000000000000,0.001423611133889,0.178037911653519,11.449752807617188,11.271714895963669,1.604122735196497,2.266114395254552,131.538064286112728,0.413493931293488,4.687529230117801
1823,MX20453,1823,902.000000000000000,0.015659722472778,0.012975469231606,7.642648696899414,7.629673227667809,0.138946812965406,0.479157422650294,125.330025294795846,0.064408708363771,0.119075760990381
1824,MX20454,1824,347.000000000000000,0.006024305651944,0.045018441975117,1.625736832618713,1.580718390643597,0.175383395662998,0.222232401897760,60.858038295060368,0.097004808485508,0.346347540616990
1825,MX20455,1825,452.000000000000000,0.007847222347778,0.042454149574041,3.624566316604614,3.582112167030573,0.182627804140536,0.341934419949217,82.547767471522107,0.097241796553135,0.277929535508156
1826,MX20456,1826,187.000000000000000,0.003246527829722,0.038886521011591,5.135413646697998,5.096527125686407,0.276065371113824,0.581270532616609,51.624224398285122,0.126165285706520,0.381403160095215
1827,MX20457,1827,1532.000000000000000,0.026597222647778,0.040659517049789,1.983850836753845,1.943191319704056,0.112886995522126,0.134779750541640,172.942877139896382,0.089350644499063,0.126590371131897
1828,MX20459,1828,1595.000000000000000,0.027690972665278,0.040977977216244,5.541760444641113,5.500782467424870,0.138428862761928,0.289226901281753,220.794036105275580,0.088090144097805,0.170888066291809
1829,MX20460,1829,1514.000000000000000,0.026284722642778,0.033739428967237,1.943305373191833,1.909565944224596,0.113469332887187,0.117389225593483,171.792569991201333,0.093363892287016,0.139769896864891
1830,MX20458,1830,1000.000000000000000,0.017361111388889,0.020601684227586,3.195866346359253,3.175264662131667,0.102997932726517,0.188786488772092,102.997932726517490,0.080761205404997,0.113223362714052
1831,MX13055,1831,1274.000000000000000,0.022118055909444,0.101116716861725,50.301773071289062,50.200656354427338,0.810004418566706,2.316721568738898,1031.945629253983498,0.368097424507141,1.449168395996094
1832,MX20461,1832,183.000000000000000,0.003177083384167,0.037724301218987,1.024466276168823,0.986741974949837,0.124145685893590,0.162586419360400,22.718660518527031,0.071830324828625,0.234265279769898
1833,MX07119,1833,82.000000000000000,0.001423611133889,0.243278771638870,11.531281471252441,11.288002699613571,1.855593511244146,2.376667857700326,152.158667922019987,0.673659861087799,4.838066148757935
1834,MX20462,1834,540.000000000000000,0.009375000150000,0.045479062944651,6.694079875946045,6.648600813001394,0.361210822596870,0.697028480374068,195.053844202309875,0.167783804237843,0.635936594009400
1835,MX20463,1835,494.000000000000000,0.008576389026111,0.026314325630665,3.293854713439941,3.267540387809277,0.111418244421392,0.249438930988656,55.040612744167419,0.067547194659710,0.130637063086033
1836,MX20464,1836,220.000000000000000,0.003819444505556,0.042877536267042,1.845886707305908,1.803009171038866,0.124469626220790,0.161041843036018,27.383317768573768,0.091159008443356,0.160630962252617
1837,MX20465,1837,593.000000000000000,0.010295139053611,0.033906497061253,1.093679308891296,1.059772811830044,0.099409646054645,0.095467030118242,58.949920110404442,0.082002863287926,0.120680323243141
1838,MX18015,1838,7119.000000000000000,0.123593751977500,0.024775549769402,31.420244216918945,31.395468667149544,0.341058137694623,1.406575523910970,2427.992882248018759,0.119788885116577,0.465782105922699
1839,MX20466,1839,2217.000000000000000,0.038489583949167,0.020260959863663,3.162141561508179,3.141880601644516,0.134633388457653,0.223905866235621,298.482222210616271,0.074628375470638,0.247991833090782
1840,MX20467,1840,3104.000000000000000,0.053888889751111,0.005297408904880,9.421722412109375,9.416425003204495,0.135746932537361,0.488840071390826,421.358478595968279,0.063276469707489,0.166627666354180
1841,MX20468,1841,3034.000000000000000,0.052673611953889,0.050272222608328,3.737909317016602,3.687637094408274,0.142341919293677,0.184721057154261,431.865383137017318,0.106876607984304,0.177463698387146
1842,MX20469,1842,3796.000000000000000,0.065902778832222,0.007653159089386,8.727458000183105,8.719804841093719,0.174076987901757,0.435609375275089,660.796246075070712,0.082377355545759,0.292358338832855
1843,MX20470,1843,2110.000000000000000,0.036631945030556,0.014372671023011,3.292689323425293,3.278316652402282,0.100514475527215,0.170438456002732,212.085543362423977,0.071932699531317,0.126045696437359
1844,MX20471,1844,126.000000000000000,0.002187500035000,0.055030960589647,1.253296375274658,1.198265414685011,0.140178835581219,0.166619085599575,17.662533283233646,0.095989108085632,0.220207482576370
1845,MX20472,1845,1284.000000000000000,0.022291667023333,0.013417365029454,3.607359409332275,3.593942044302821,0.108559399995535,0.234194124605117,139.390269594267068,0.073476329445839,0.117078343033791
1846,MX20473,1846,575.000000000000000,0.009982639048611,0.019391190260649,1.348845481872559,1.329454291611910,0.096014904350690,0.133455093440809,55.208570001646848,0.065875992178917,0.105804698169232
1847,MX20474,1847,533.000000000000000,0.009253472370278,0.047883685678244,3.653735399246216,3.605851713567972,0.177594459421695,0.344637111297795,94.657846871763454,0.098067291080952,0.208319717645645
1848,MX11036,1848,416.000000000000000,0.007222222337778,0.215686649084091,21.139049530029297,20.923362880945206,1.244851658478953,2.384528405269126,517.858289927244527,0.463149234652519,2.847942113876343
1849,MX20475,1849,897.000000000000000,0.015572916915833,0.043748714029789,9.061494827270508,9.017746113240719,0.301573555468018,0.706250246817708,270.511479254811945,0.131760269403458,0.500596863031387
1850,MX21149,1850,464.000000000000000,0.008055555684444,0.135776147246361,13.067237854003906,12.931461706757545,1.427187464617449,2.162059973851858,662.214983582496188,0.540201663970947,3.757953596115112
1851,MX20476,1851,257.000000000000000,0.004461805626944,0.040762558579445,1.301781892776489,1.261019334197044,0.100385079240057,0.130956517472787,25.798965364694606,0.072745397686958,0.120185416936874
1852,MX20477,1852,964.000000000000000,0.016736111378889,0.015417942777276,0.960135698318481,0.944717755541205,0.076498467488701,0.065575358074736,73.744522659108128,0.063113797456026,0.097623439878225
1853,MX20478,1853,1005.000000000000000,0.017447916945833,0.018854800611734,1.299282312393188,1.280427511781454,0.087117325258789,0.110853664726606,87.552911885082707,0.061649605631828,0.113933904469013
1854,MX20479,1854,100.000000000000000,0.001736111138889,0.044512193650007,0.656315147876740,0.611802954226732,0.108797840625048,0.110192651494527,10.879784062504770,0.076266419142485,0.199696762859821
1855,MX20066,1855,2677.000000000000000,0.046475695188056,0.023980369791389,8.626756668090820,8.602776298299432,0.137737194480438,0.381865919143595,368.722469624131350,0.085477113723755,0.159789684414864
1856,MX20480,1856,343.000000000000000,0.005954861206389,0.036213345825672,0.947659134864807,0.911445789039135,0.099909130646779,0.088402835315314,34.268831811845288,0.079861730337143,0.135219660401344
1857,MX20481,1857,278.000000000000000,0.004826388966111,0.059081204235554,1.233861684799194,1.174780480563641,0.171894739093862,0.139784356876001,47.786737468093634,0.123836986720562,0.320195251703262
1858,MX10032,1858,32973.000000000000000,0.572447925825833,0.023284940049052,49.887382507324219,49.864097567275167,0.134339728733832,0.900413730799798,4429.583875540656663,0.069636940956116,0.106595176458359
1859,MX20482,1859,3834.000000000000000,0.066562501065000,0.014133559539914,18.551101684570312,18.536968125030398,0.347732782258954,1.335898595742652,1333.207487180828593,0.094916116446257,0.428960335254669
1860,MX30212,1860,1961.000000000000000,0.034045139433611,0.069556079804897,4.796306133270264,4.726750053465366,0.203954950951454,0.321968884631210,399.955658815800803,0.132875367999077,0.281387865543365
1861,MX20483,1861,470.000000000000000,0.008159722352778,0.048487462103367,5.129487514495850,5.081000052392483,0.455406021905389,0.847126894008321,214.040830295532743,0.125683128833771,1.403328990936279
1862,MX20484,1862,986.000000000000000,0.017118055829444,0.036241516470909,4.340567588806152,4.304326072335243,0.135507608244373,0.294900294487878,133.610501728951874,0.080711062997580,0.138659335672855
1863,MX20485,1863,627.000000000000000,0.010885416840833,0.025455750524998,2.312028408050537,2.286572657525539,0.117952179187460,0.216758142746760,73.956016350537553,0.074640654027462,0.127734681963921
1864,MX20487,1864,529.000000000000000,0.009184027924722,0.034682858735323,0.927762508392334,0.893079649657011,0.112101043998801,0.088303423331372,59.301452275365591,0.085804119706154,0.175414726138115
1865,MX20488,1865,68.000000000000000,0.001180555574444,0.077419951558113,0.936101555824280,0.858681604266167,0.208235679851735,0.170357333887381,14.160026229918005,0.130842730402946,0.402840316295624
1866,MX20489,1866,1417.000000000000000,0.024600694838056,0.015649823471904,2.352662563323975,2.337012739852071,0.096767728280699,0.133763621201917,137.119870973750864,0.066517233848572,0.135799643397331
1867,MX20490,1867,82.000000000000000,0.001423611133889,0.069630429148674,0.629463791847229,0.559833362698555,0.269265817432869,0.130279494001987,22.079797029495243,0.231640927493572,0.469395107030869
1868,MX20491,1868,1222.000000000000000,0.021215278117222,-0.006642825435847,1.095918536186218,1.102561361622065,0.045725134195608,0.069885168216513,55.876113987033072,0.033280698582530,0.059834438934922
1869,MX20492,1869,1215.000000000000000,0.021093750337500,0.009954845532775,1.353793263435364,1.343838417902589,0.084559918766067,0.087367552610010,102.740301300771534,0.065459139645100,0.126574778556824
1870,MX20493,1870,86.000000000000000,0.001493055579444,0.063547112047672,1.316041707992554,1.252494595944881,0.222012075833803,0.224565000883312,19.093038521707058,0.140625409781933,0.514704644680023
1871,MX20494,1871,310.000000000000000,0.005381944530556,0.041020005941391,1.780633568763733,1.739613562822342,0.197171859791683,0.211644852951919,61.123276535421653,0.129607208073139,0.379970589280129
1872,MX13056,1872,318.000000000000000,0.005520833421667,0.281424164772034,23.606885910034180,23.325461745262146,3.815982072420840,4.534261942169136,1213.482299029827118,1.985940337181091,9.969019412994392
1873,MX30143,1873,3045.000000000000000,0.052864584179167,0.062526695430279,19.042598724365234,18.980072028934956,0.310578489981359,0.891805651907287,945.711501993238357,0.154449880123138,0.464478540420532
1874,MX20495,1874,671.000000000000000,0.011649305741944,0.007350764237344,1.266369223594666,1.259018459357321,0.075034222626662,0.102677233466654,50.347963382489986,0.052370771765709,0.104735270142555
1875,MX20496,1875,308.000000000000000,0.005347222307778,0.022773675620556,1.902466654777527,1.879692979156971,0.157597689599089,0.230302801417215,48.540088396519458,0.084229607135057,0.354066905379295
1876,MX20497,1876,202.000000000000000,0.003506944500556,0.018563214689493,3.526611089706421,3.508047875016928,0.220486818250306,0.541430870499560,44.538337286561735,0.064162336289883,0.344222566485405
1877,MX20498,1877,5023.000000000000000,0.087204862506389,0.054029978811741,4.215569019317627,4.161539040505886,0.146177987129582,0.147535144447614,734.252029351888837,0.120012678205967,0.186629232764244
1878,MX20499,1878,333.000000000000000,0.005781250092500,0.041813265532255,5.839755535125732,5.797942269593477,0.224691410221763,0.594802340936812,74.822239603847223,0.089834839105606,0.311342155933380
1879,MX20500,1879,1624.000000000000000,0.028194444895556,0.004273253493011,2.384889364242554,2.380616110749543,0.077329926724371,0.124552760515315,125.583801000379026,0.057524653151631,0.107861951738596
1880,MX20501,1880,246.000000000000000,0.004270833401667,0.027152551338077,2.079271554946899,2.052119003608823,0.140728481537927,0.248486911037016,34.619206458330126,0.072704385966063,0.198910512030125
1881,MX20502,1881,1044.000000000000000,0.018125000290000,0.033069424331188,3.140040397644043,3.106970973312855,0.127419871217446,0.202806857782567,133.026345551013947,0.088672641664743,0.130899877846241
1882,MX20503,1882,43.000000000000000,0.000746527789722,0.063486494123936,1.426113963127136,1.362627469003201,0.234257283945416,0.283338354640662,10.073063209652901,0.106894314289093,0.679475629329682
1883,MX24033,1883,21992.000000000000000,0.381805561664445,0.027425875887275,13.081624031066895,13.054198155179620,0.098955791042971,0.227634462373695,2176.235756617026709,0.076852653175592,0.107294243574142
1884,MX20506,1884,215.000000000000000,0.003732638948611,0.036363989114761,2.332479476928711,2.296115487813950,0.127340000451997,0.232735823435435,27.378100097179409,0.079358533024788,0.129056087136269
1885,MX20507,1885,699.000000000000000,0.012135416860833,0.023324036970735,4.413667678833008,4.390343641862273,0.127225905568879,0.319683993985689,88.930907992646070,0.072382733225822,0.124812462925911
1886,MX20508,1886,340.000000000000000,0.005902777872222,0.043090112507343,3.141855001449585,3.098764888942242,0.179776576983140,0.308330864894642,61.124036174267530,0.093715351074934,0.268552118539810
1887,MX20509,1887,508.000000000000000,0.008819444585556,0.055437441915274,4.434592247009277,4.379154805094004,0.227103541539175,0.342744838138811,115.368599101900955,0.133897542953491,0.391416963934899
1888,MX20505,1888,972.000000000000000,0.016875000270000,0.035592768341303,8.254013061523438,8.218420293182135,0.313565848437387,0.677569196537972,304.786004681140241,0.151338219642639,0.416640350222588
1889,MX20510,1889,86.000000000000000,0.001493055579444,0.028601082041860,1.091381072998047,1.062779990956187,0.133419242839134,0.177345652648340,11.474054884165527,0.076122432947159,0.241416975855827
1890,MX20511,1890,716.000000000000000,0.012430555754444,0.036097910255194,0.807480931282043,0.771383021026850,0.087365228651539,0.062402981280173,62.553503714501929,0.073620844632387,0.116901196539402
1891,MX20512,1891,310.000000000000000,0.005381944530556,-0.013614922761917,1.508944511413574,1.522559434175491,0.068598853494416,0.142048212490423,21.265644583269044,0.042457273229957,0.074841797351837
1892,MX20513,1892,1658.000000000000000,0.028784722682778,0.034560367465019,7.534067153930664,7.499506786465645,0.164957339690034,0.408057564413582,273.499269206077031,0.106010884046555,0.213096366822720
1893,MX20514,1893,277.000000000000000,0.004809027854722,0.041017368435860,0.817528367042542,0.776510998606682,0.112446134862917,0.101809349214343,31.147579357028022,0.086755186319351,0.155840790271759
1894,MX20515,1894,5824.000000000000000,0.101111112728889,0.020591249689460,26.466945648193359,26.446354398503900,0.476095578560970,1.618531746842779,2772.780649539091883,0.134813278913498,0.793528115749359
1895,MX20516,1895,1091.000000000000000,0.018940972525278,0.005283340346068,2.646282434463501,2.640999094117433,0.078361055814157,0.146472344721365,85.491911893244904,0.056495852768421,0.091565839946270
1896,MX20517,1896,558.000000000000000,0.009687500155000,0.031716760247946,4.316305160522461,4.284588400274515,0.275699453248132,0.495037410401268,153.840294912457693,0.109264481812716,0.634412008523941
1897,MX20518,1897,55.000000000000000,0.000954861126389,0.062632761895657,0.679531097412109,0.616898335516453,0.140390231934461,0.116597081435919,7.721462756395342,0.096371926367283,0.266728395223618
1898,MX20519,1898,149.000000000000000,0.002586805596944,0.124916613101959,16.164806365966797,16.039889752864838,1.171616954391435,2.313118498736313,174.570926204323769,0.318179965019226,2.855851078033447
1899,MX20520,1899,810.000000000000000,0.014062500225000,0.041379850357771,4.318082332611084,4.276702482253313,0.194985951832783,0.388182275008419,157.938620984554262,0.087639950215816,0.305234020948410
1900,MX20521,1900,132.000000000000000,0.002291666703333,0.048638094216585,0.162318423390388,0.113680329173803,0.078659453852610,0.021216036782329,10.383047908544535,0.073820542544127,0.106635529547930
1901,MX20522,1901,271.000000000000000,0.004704861186389,0.030801065266132,3.015715122222900,2.984914056956768,0.120113961164912,0.297508516992009,32.550883475691037,0.067161932587624,0.121260657906532
1902,MX20523,1902,338.000000000000000,0.005868055649444,0.044734030961990,5.083400726318359,5.038666695356369,0.215532895717660,0.539157347880966,72.850118752568918,0.087865453213453,0.265370056033135
1903,MX20524,1903,179.000000000000000,0.003107638938611,0.030186675488949,1.033494234085083,1.003307558596134,0.088709876961049,0.112157460150064,15.879067976027731,0.065086849033833,0.090225693583489
1904,MX20525,1904,3142.000000000000000,0.054548611983889,0.005599195603281,16.092453002929688,16.086853807326406,0.226176588204146,0.905488122380143,710.646840137428171,0.082454562187195,0.210084567964077
1905,MX15078,1905,515.000000000000000,0.008940972365278,0.083579719066620,18.535909652709961,18.452329933643341,0.494005379239911,1.244799280964228,254.412770308554087,0.202186986804008,0.733289825916291
1906,MX21151,1906,99.000000000000000,0.001718750027500,0.609035372734070,16.790224075317383,16.181188702583313,3.066816326945718,3.261648391025177,303.614816367626133,1.654794454574585,7.279322242736821
1907,MX20530,1907,340.000000000000000,0.005902777872222,0.111196227371693,11.498091697692871,11.386895470321178,0.552194827970336,1.205285202106195,187.746241509914370,0.232844635844231,0.963439846038819
1908,MX20531,1908,218.000000000000000,0.003784722282778,0.061592888087034,4.438668251037598,4.377075362950563,0.269381481573122,0.592320483282367,58.725162982940674,0.124629713594913,0.267236527800560
1909,MX20532,1909,390.000000000000000,0.006770833441667,0.037311166524887,2.058719873428345,2.021408706903458,0.170905571039288,0.219278344035884,66.653172705322490,0.109650857746601,0.292196699976921
1910,MX20533,1910,327.000000000000000,0.005677083424167,0.047268386930227,2.610012292861938,2.562743905931711,0.201553592691910,0.297431776782735,65.908024810254588,0.103840708732605,0.387196421623230
1911,MX20526,1911,1096.000000000000000,0.019027778082222,0.024716829881072,6.009309768676758,5.984592938795686,0.173978337678161,0.408318250213199,190.680258095264321,0.081128794699907,0.271305814385414
1912,MX20527,1912,410.000000000000000,0.007118055669444,0.037396941334009,2.714782238006592,2.677385296672583,0.138281017514627,0.239233255588515,56.695217180997204,0.080994319170713,0.210191684961319
1913,MX20528,1913,259.000000000000000,0.004496527849722,0.028408102691174,2.406620979309082,2.378212876617908,0.118546993849245,0.235691319332568,30.703671406954530,0.070534437894821,0.113916125893593
1914,MX20529,1914,298.000000000000000,0.005173611193889,0.044378086924553,2.064310073852539,2.019931986927986,0.164188332468171,0.230851921149526,48.928123075515032,0.091498367488384,0.349977260828018
1915,MX26060,1915,7325.000000000000000,0.127170140923611,0.057854916900396,10.976640701293945,10.918785784393549,0.108823393478023,0.224433969073384,797.131357226521800,0.095982536673546,0.111319993436337
1916,MX08061,1916,18757.000000000000000,0.325642366321389,0.041492465883493,3.342827320098877,3.301334854215384,0.085327564638444,0.053464151582010,1600.489129923287919,0.080154217779636,0.098301675915718
1917,MX08062,1917,16058.000000000000000,0.278784726682778,0.054199803620577,28.252437591552734,28.198237787932158,0.225089487362537,0.979488659073846,3614.486988067618313,0.106845289468765,0.207496918737888
1918,MX14082,1918,1072.000000000000000,0.018611111408889,0.077528171241283,39.220275878906250,39.142747707664967,1.055986799737577,3.526778343052948,1132.017849318682693,0.191335014998913,1.476106107234954
1919,MX30144,1919,3241.000000000000000,0.056267362011389,0.077353417873383,17.046741485595703,16.969388067722321,0.373240065849128,0.922711982478899,1209.671053417024723,0.181860446929932,0.589372813701630
1920,MX16080,1920,1243.000000000000000,0.021579861456389,0.080945193767548,5.452620983123779,5.371675789356232,0.221062676694876,0.297871262936638,274.780907131731226,0.156869173049927,0.343872094154358
1921,MX31067,1921,879.000000000000000,0.015260416910833,0.136080339550972,11.937549591064453,11.801469251513481,0.444773340303200,0.998714746016283,390.955766126512628,0.246246010065079,0.449303227663040
1922,MX05034,1922,41663.000000000000000,0.723315983795278,0.045379776507616,52.615627288818359,52.570247512310743,0.114814383391708,0.594718282826098,4783.511655248743409,0.092716246843338,0.112104687094688
1923,MX20537,1923,2110.000000000000000,0.036631945030556,0.023328253999352,2.987591981887817,2.964263727888465,0.106596880094523,0.184591445035087,224.919416999444451,0.067718740552664,0.140827932953835
1924,MX11037,1924,2690.000000000000000,0.046701389636111,0.275090157985687,62.867626190185547,62.592536032199860,4.659576133325642,8.510836401169360,12534.259798645975025,1.622594416141510,10.961410617828365
1925,MX07080,1925,4242.000000000000000,0.073645834511667,-0.016681270673871,10.264084815979004,10.280766086652875,0.177998157049157,0.398752917663437,755.068182202522621,0.078448738902807,0.375959631800652
1926,MX07081,1926,1538.000000000000000,0.026701389316111,0.073711410164833,12.861743927001953,12.788032516837120,0.670633539601055,1.209700155662857,1031.434383906423136,0.289197936654091,1.417076492309570
1927,MX25017,1927,32821.000000000000000,0.569809036894722,0.023363109678030,21.120433807373047,21.097070697695017,0.138188709291432,0.438325300118988,4535.491627654076183,0.076119162142277,0.168256923556328
1928,MX31068,1928,671.000000000000000,0.011649305741944,0.079865768551826,5.656643867492676,5.576778098940849,0.244624039555182,0.530848181067506,164.142730541527186,0.127317771315575,0.251062184572220
1929,MX13057,1929,2088.000000000000000,0.036250000580000,0.175222724676132,17.546632766723633,17.371410042047501,0.594872946647563,0.997469940318500,1242.094712600110597,0.364776045084000,0.971940553188324
1930,MX07082,1930,515.000000000000000,0.008940972365278,0.093003205955029,8.409759521484375,8.316756315529346,0.393755010638422,0.652755574200079,202.783830478787252,0.222079917788506,0.677655053138733
1931,MX20538,1931,87.000000000000000,0.001510416690833,0.182150617241859,1.421717286109924,1.239566668868065,0.431033892878171,0.223224251455918,37.499948680400841,0.372034072875977,0.715764498710632
1932,MX30146,1932,78.000000000000000,0.001354166688333,0.227560967206955,2.304037570953369,2.076476603746414,0.643812917554989,0.367481648767191,50.217407569289179,0.573523581027985,0.983806467056274
1933,MX07083,1933,3081.000000000000000,0.053489584189167,-0.013937323354185,10.146807670593262,10.160744993947446,0.246912822843404,0.589169383013484,760.738407180527133,0.094320118427277,0.503039300441742
1934,MX30145,1934,474.000000000000000,0.008229166798333,0.220532819628716,12.016384124755859,11.795851305127144,1.047497026402236,1.872497947521068,496.513590514659995,0.467064365744591,1.625582337379455
1935,MX30147,1935,567.000000000000000,0.009843750157500,0.092252500355244,13.857209205627441,13.764956705272198,2.150589633818446,2.621897327600056,1219.384322375058673,0.883541703224182,5.947955322265625
1936,MX30148,1936,2052.000000000000000,0.035625000570000,0.096673212945461,16.909366607666016,16.812693394720554,0.404336776116003,0.998676559472023,829.699064590037210,0.227799683809280,0.579326766729355
1937,MX24035,1937,1545.000000000000000,0.026822917095833,0.096304155886173,67.928115844726562,67.831811688840389,4.739391996077354,9.993111985007801,7322.360633939512809,0.632768929004669,16.770479583740276
1938,MX20539,1938,61.000000000000000,0.001059027794722,0.262570053339005,5.923222541809082,5.660652488470078,1.957132128907032,1.556645317395180,119.385059863328962,1.544680714607239,4.391973018646240
1939,MX23008,1939,10548.000000000000000,0.183125002930000,0.032581292092800,73.407630920410156,73.375049628317356,0.996433592787464,4.967561666375468,10510.381536722165038,0.082492399960756,0.512275385856629
1940,MX07084,1940,758.000000000000000,0.013159722432778,0.096357986330986,7.108947277069092,7.012589290738106,0.338173758051798,0.501189106096153,256.335708603262788,0.212771728634834,0.611122363805771
1941,MX21152,1941,563.000000000000000,0.009774305711944,0.190107867121696,10.461570739746094,10.271462872624397,0.689195355158928,1.225586275155037,388.016984954476641,0.294308781623840,1.305874586105347
1942,MX32042,1942,18527.000000000000000,0.321649310701944,0.036288101226091,54.930927276611328,54.894639175385237,0.241855180442635,1.255640609180950,4480.850928060698607,0.098365865647793,0.214693602919579
1943,MX30149,1943,2369.000000000000000,0.041128472880278,0.061164863407612,13.227716445922852,13.166551582515240,0.503338509295474,1.107814743677539,1192.408928520977270,0.230882257223129,0.855456888675690
1944,MX28037,1944,32394.000000000000000,0.562395842331667,0.021883776411414,12.719410896301270,12.697527119889855,0.085772944470140,0.224142782463014,2778.528763165710643,0.072283424437046,0.092415285855532
1945,MX31069,1945,2729.000000000000000,0.047378472980278,0.043805785477161,9.347656250000000,9.303850464522839,0.148155224528307,0.471556764656514,404.315607737750156,0.084010019898415,0.120037396252155
1946,MX07085,1946,465.000000000000000,0.008072916795833,0.083273537456989,8.507726669311523,8.424453131854534,0.499186265052006,0.990573506671580,232.121613249182587,0.215676978230476,0.987746191024781
1947,MX15079,1947,725.000000000000000,0.012586805756944,0.228404834866524,10.294838905334473,10.066434070467949,0.979592195029916,1.115795190205682,710.204341396688733,0.613966882228851,1.808314847946167
1948,MX26061,1948,9140.000000000000000,0.158680558094444,0.034044776111841,146.936203002929688,146.902158226817846,0.190297342273172,2.863626012272727,1739.317708376796645,0.068558182567358,0.094158889353275
1949,MX26062,1949,4854.000000000000000,0.084270834681667,0.033622939139605,4.373401165008545,4.339778225868940,0.072337530525712,0.116470445808043,351.126373171807586,0.066681183874607,0.078504797816277
1950,MX07086,1950,1385.000000000000000,0.024045139273611,0.058882284909487,17.672237396240234,17.613355111330748,0.492470674743936,1.411594079080832,682.071884520351659,0.186061292886734,0.669747090339661
1951,MX07087,1951,1136.000000000000000,0.019722222537778,0.043189141899347,16.187765121459961,16.144575979560614,0.721020819127403,1.503875895242660,819.079650528729530,0.301744729280472,1.393401563167572
1952,MX10033,1952,7473.000000000000000,0.129739585409167,0.027909407392144,20.508253097534180,20.480343690142035,0.123315274860736,0.668216182122509,921.535049034279155,0.072043687105179,0.104684025049210
1953,MX31070,1953,1543.000000000000000,0.026788194873056,0.050943210721016,8.822932243347168,8.771989032626152,0.153014880226598,0.532219195042112,236.101960189640295,0.087836474180222,0.138688829541206
1954,MX31071,1954,1117.000000000000000,0.019392361421389,0.047092601656914,2.595713615417480,2.548621013760567,0.125046968416727,0.180065070286320,139.677463721483832,0.092796690762043,0.146230566501617
1955,MX15080,1955,2794.000000000000000,0.048506945220556,0.058707866817713,16.589626312255859,16.530918445438147,0.249107310388426,0.684493030580565,696.005825225263493,0.129299454391003,0.378833782672882
1956,MX31072,1956,437.000000000000000,0.007586805676944,0.093197509646416,3.160132884979248,3.066935375332832,0.235171079789065,0.327476683200367,102.769761867821202,0.161581754684448,0.269401931762695
1957,MX07088,1957,388.000000000000000,0.006736111218889,0.129444867372513,2.337883234024048,2.208438366651535,0.266181779775730,0.218894028046111,103.278530552983256,0.224591962993145,0.301860368251801
1958,MX32043,1958,1009.000000000000000,0.017517361391389,0.054672576487064,7.022212505340576,6.967539928853512,0.177339429824038,0.497905555054048,178.935484692454338,0.092637725174427,0.153211760520935
1959,MX16081,1959,1330.000000000000000,0.023090278147222,0.047421213239431,2.707922697067261,2.660501483827829,0.143445728467147,0.150438622070851,190.782818861305714,0.110280685126781,0.206772626936436
1960,MX32044,1960,2058.000000000000000,0.035729167238333,0.051644057035446,10.129305839538574,10.077661782503128,0.244792349120662,0.575270061378413,503.782654490321988,0.117188964039087,0.378167954087257
1961,MX16082,1961,3893.000000000000000,0.067586806636944,0.031923849135637,20.381650924682617,20.349727075546980,0.210815870504268,0.757144337271146,820.706183873116629,0.103427208960056,0.240988859534264
1962,MX27015,1962,3602.000000000000000,0.062534723222778,0.104674652218819,26.194286346435547,26.089611694216728,0.550854696208061,1.116437838922233,1984.178615741434669,0.272969782352448,1.059102356433869
1963,MX31073,1963,1200.000000000000000,0.020833333666667,0.028847588226199,6.981652736663818,6.952805148437619,0.129948333003559,0.402017598822378,155.937999604270203,0.071388341486454,0.126263657212258
1964,MX31074,1964,520.000000000000000,0.009027777922222,0.126712501049042,4.200054645538330,4.073342144489288,0.318381672553145,0.464542413127107,165.558469727635298,0.191041447222233,0.482515382766724
1965,MX14083,1965,2053.000000000000000,0.035642361681389,0.184439256787300,27.230110168457031,27.045670911669731,1.417006157378539,3.253777724948709,2909.113641098140306,0.419181555509567,2.828919839859009
1966,MX14084,1966,9944.000000000000000,0.172638891651111,0.016966754570603,13.725932121276855,13.708965366706252,0.091339325512274,0.311861755762223,908.278252894055527,0.070271257311106,0.094933772832155
1967,MX30150,1967,1285.000000000000000,0.022309028134722,0.055964834988117,26.618379592895508,26.562414757907391,0.479246917355386,1.699633925860835,615.832288801670529,0.147092014551163,0.524512302875520
1968,MX24036,1968,6659.000000000000000,0.115607640738611,0.035040847957134,5.018665790557861,4.983624942600727,0.149554545828187,0.203789867698002,995.883720669895411,0.105977110564709,0.222714716196060
1969,MX10034,1969,29886.000000000000000,0.518854174968333,0.022086959332228,12.561958312988281,12.539871353656054,0.087824036683475,0.159044652588992,2624.709160322346634,0.073826253414154,0.097674135118723
1970,MX14085,1970,6762.000000000000000,0.117395835211667,0.033214759081602,106.737655639648438,106.704440880566835,0.376617628881579,2.616752014459585,2546.688406497233700,0.119053270667791,0.421903109550477
1971,MX20031,1971,548.000000000000000,0.009513889041111,0.054469846189022,9.714442253112793,9.659972406923771,0.332416182900541,0.835108965814498,182.164068229496536,0.136390417814255,0.594682866334915
1972,MX24037,1972,1768.000000000000000,0.030694444935556,0.137403294444084,24.661066055297852,24.523662760853767,0.919634852103250,1.609329915509265,1625.914418518545745,0.544989496469498,1.533986568450928
1973,MX30151,1973,3748.000000000000000,0.065069445485556,0.031498625874519,38.514171600341797,38.482672974467278,0.215476688867277,1.079907970534370,807.606629874554528,0.117295965552330,0.256236171722412
1974,MX24038,1974,940.000000000000000,0.016319444705556,0.097437508404255,6.629864215850830,6.532426707446575,0.304070738845683,0.316041768012316,285.826494514941885,0.216602481901646,0.554719108343125
1975,MX24039,1975,1316.000000000000000,0.022847222587778,0.087300680577755,4.888160705566406,4.800860024988651,0.241542100634618,0.300881469897138,317.869404435157890,0.160674571990967,0.413262873888016
1976,MX28038,1976,573.000000000000000,0.009947916825833,0.452988088130951,46.629501342773438,46.176513254642487,13.557409137123335,13.955652654070956,7768.395435571670532,4.714247226715088,34.725416564941405
1977,MX30152,1977,4287.000000000000000,0.074427084524167,0.025407876819372,6.713692188262939,6.688284311443567,0.161060473456082,0.219621045990376,690.466249706222584,0.127057909965515,0.256411230564118
1978,MX24040,1978,9297.000000000000000,0.161406252582500,0.050934243947268,28.258554458618164,28.207620214670897,0.209278915527833,0.686831038454285,1945.666077662259795,0.114090174436569,0.251468575000763
1979,MX24012,1979,684.000000000000000,0.011875000190000,0.091675445437431,4.039690494537354,3.948015049099922,0.420567702600046,0.362790466517475,287.668308578431549,0.350581333041191,0.700693207979202
1980,MX16083,1980,3536.000000000000000,0.061388889871111,0.035975541919470,6.774324893951416,6.738349352031946,0.137464634340880,0.261971894552693,486.074947029353439,0.092316884547472,0.182092808187008
1981,MX30153,1981,783.000000000000000,0.013593750217500,0.102606438100338,31.767236709594727,31.664630271494389,0.387840005135019,1.354065494003315,303.678724020719585,0.187627851963043,0.575825715065003
1982,MX20541,1982,105.000000000000000,0.001822916695833,0.070258356630802,1.711295127868652,1.641036771237850,0.237512463402180,0.273630971754493,24.938808657228950,0.133680835366249,0.443579620122910
1983,MX16084,1983,1567.000000000000000,0.027204861546389,0.063922382891178,11.267271995544434,11.203349612653255,0.339362806017109,0.800636221705232,531.781517028809390,0.145503550767899,0.475086486339569
1984,MX16085,1984,1911.000000000000000,0.033177083864167,0.059283066540956,12.768695831298828,12.709412764757872,0.528079893412715,1.090279749527504,1009.160676311699149,0.202483385801315,1.151544570922852
1985,MX16086,1985,1128.000000000000000,0.019583333646667,0.102713488042355,12.116987228393555,12.014273740351200,0.479354363238663,1.010362651222403,540.711721733211448,0.218370966613293,0.809840691089630
1986,MX20542,1986,55.000000000000000,0.000954861126389,0.106065183877945,2.935301542282104,2.829236358404160,0.454809272831137,0.638365773050008,25.014510005712509,0.158789008855820,1.360543632507325
1987,MX24041,1987,1887.000000000000000,0.032760417190833,0.053164526820183,3.172220230102539,3.119055703282356,0.188222650728752,0.181031044451857,355.176141925155775,0.130603790283203,0.355910599231720
1988,MX24042,1988,727.000000000000000,0.012621527979722,0.087692826986313,11.109576225280762,11.021883398294449,0.519754663324996,1.185297877831005,377.861640237272240,0.205693513154984,0.810314393043518
1989,MX30154,1989,1669.000000000000000,0.028975694908056,0.055881947278976,2.505992889404297,2.450110942125320,0.191522145928417,0.159064337232360,319.650461554527624,0.146793991327286,0.318964910507202
1990,MX30155,1990,6531.000000000000000,0.113385418480833,0.057991251349449,16.604310989379883,16.546319738030434,0.297083865364041,0.890615885964453,1940.254724692553282,0.133395031094551,0.485025882720947
1991,MX07089,1991,4728.000000000000000,0.082083334646667,0.028414789587259,32.454830169677734,32.426415380090475,1.507497540057373,3.859340732441710,7127.448369391257984,0.438776522874832,2.343124914169312
1992,MX07090,1992,327.000000000000000,0.005677083424167,0.082932412624359,14.299999237060547,14.217066824436188,0.438261113400124,1.175781031515992,143.311384081840458,0.165664255619049,0.754497361183167
1993,MX14086,1993,3077.000000000000000,0.053420139743611,0.040247566998005,24.432340621948242,24.392093054950237,0.267197685140050,0.977232214438221,822.167277175933691,0.106587372720242,0.332932019233704
1994,MX07091,1994,206.000000000000000,0.003576388946111,0.111778259277344,18.978879928588867,18.867101669311523,1.157667714198237,2.309242226389570,238.479549124836865,0.561758667230606,1.919764518737793
1995,MX11038,1995,609.000000000000000,0.010572916835833,0.205714851617813,25.679843902587891,25.474129050970078,1.224194364301091,2.518347297070999,745.534367859364238,0.455038219690323,2.637949657440187
1996,MX16087,1996,918.000000000000000,0.015937500255000,0.069263912737370,5.244641780853271,5.175377868115902,0.304909135862243,0.477366408388915,279.906586721539441,0.179671116173267,0.455894124507904
1997,MX16088,1997,1273.000000000000000,0.022100694798056,0.145916894078255,24.046827316284180,23.900910422205925,1.828351852094107,3.506298067538112,2327.491907715797879,0.534916579723358,4.264778041839599
1998,MX11039,1998,1660.000000000000000,0.028819444905556,0.194555550813675,29.759563446044922,29.565007895231247,1.299622406092393,2.703530675025714,2157.373194113372392,0.460289940237999,2.957192516326905
1999,MX13058,1999,1193.000000000000000,0.020711805886944,0.105147272348404,8.191504478454590,8.086357206106186,0.538990484973711,0.838274424984672,643.015648573636895,0.281781315803528,1.143080878257751
2000,MX30209,2000,1459.000000000000000,0.025329861516389,0.047218251973391,13.234744071960449,13.187525819987059,0.249866312090116,0.748792521270471,364.554949339478867,0.135532319545746,0.326111638545990
2001,MX20543,2001,1071.000000000000000,0.018593750297500,0.016353089362383,5.416975975036621,5.400622885674238,0.121631512387084,0.326013423992605,130.267349766567179,0.065703950822353,0.131238996982574
2002,MX30156,2002,453.000000000000000,0.007864583459167,0.074268035590649,2.145919561386108,2.071651525795460,0.203935550850617,0.171711159221761,92.382804535329370,0.154557570815086,0.334879559278488
2003,MX12055,2003,3206.000000000000000,0.055659723112778,0.080758251249790,53.860874176025391,53.780115924775600,0.826814735718466,2.824067391612376,2650.768042713400973,0.262847796082497,1.361039221286774
2004,MX31075,2004,1120.000000000000000,0.019444444755556,0.060838464647532,6.786808967590332,6.725970502942801,0.189023843723616,0.484833986680991,211.706704970449522,0.097677145153284,0.202360077202320
2005,MX27016,2005,2059.000000000000000,0.035746528349722,0.141677096486092,32.788333892822266,32.646656796336174,1.108523676744535,2.637417111052391,2282.450250416996823,0.578170597553253,1.554189705848694
2006,MX21153,2006,866.000000000000000,0.015034722462778,0.265818506479263,28.664848327636719,28.399029821157455,1.510273884439856,2.642259684245807,1307.897183924915680,0.621414542198181,3.510200738906860
2007,MX14087,2007,6442.000000000000000,0.111840279567222,0.024549083784223,24.295215606689453,24.270666522905231,0.148378232197916,0.806615287043457,955.852571818978049,0.074524886906147,0.145455728471279
2008,MX15081,2008,775.000000000000000,0.013454861326389,1.795579433441162,116.643730163574219,114.848150730133057,23.001668462291864,21.924928347839941,17826.293058276194643,15.245267868041992,54.655105590820312
2009,MX21154,2009,896.000000000000000,0.015555555804444,0.272826671600342,30.033468246459961,29.760641574859619,2.736734291538599,3.861183823154008,2452.113925218584882,1.293578386306763,6.190107107162476
2010,MX02003,2010,14571.000000000000000,0.252968754047500,0.063948698341846,219.529556274414062,219.465607576072216,0.582906464994402,3.928321536503389,8493.530101433436357,0.150629848241806,0.486585646867752
2011,MX14089,2011,392.000000000000000,0.006805555664444,0.084425263106823,12.292697906494141,12.208272643387318,0.529389454527017,1.405929153897230,207.520666174590673,0.140305727720261,0.908937662839890
2012,MX12056,2012,3413.000000000000000,0.059253473170278,0.056379742920399,7.450094699859619,7.393714956939220,0.228125701209003,0.367402836018220,778.593018226325739,0.124754711985588,0.416441488265991
2013,MX31076,2013,1836.000000000000000,0.031875000510000,0.078219063580036,9.648235321044922,9.570016257464886,0.261271127193257,0.592985213758161,479.693789526819387,0.130311913788319,0.306137338280678
2014,MX14088,2014,3810.000000000000000,0.066145834391667,0.039455946534872,9.658087730407715,9.618631783872843,0.183628697777436,0.499133423605099,699.625338532031151,0.096381042152643,0.209525674581528
2015,MX30158,2015,2621.000000000000000,0.045503472950278,0.098772905766964,114.915885925292969,114.817113019526005,0.662792985608611,4.329139251852659,1737.180415280170564,0.229871958494186,0.854487955570221
2016,MX06009,2016,4522.000000000000000,0.078506945700556,0.007118902169168,39.246658325195312,39.239539423026145,0.817890903729598,2.957760996590691,3698.502666665243851,0.181271418929100,0.955296587944031
2017,MX21155,2017,713.000000000000000,0.012378472420278,0.072096019983292,13.643594741821289,13.571498721837997,0.370421127738825,1.058301535511612,264.110264077782574,0.137302353978157,0.529139089584351
2018,MX13059,2018,2623.000000000000000,0.045538195173056,0.104216299951077,23.056238174438477,22.952021874487400,0.571814413121014,1.150490203894829,1499.869205616419094,0.251995831727982,1.236061263084412
2019,MX12057,2019,13932.000000000000000,0.241875003870000,0.012625864706933,18.897596359252930,18.884970494545996,0.168652337471968,0.673310414337036,2349.664365659451505,0.068963665515184,0.209061461687088
2020,MX07092,2020,4981.000000000000000,0.086475695828056,0.051598828285933,8.826879501342773,8.775280673056841,0.193732686290699,0.371777241228073,964.982510413973046,0.133040174841881,0.240817427635193
2021,MX18016,2021,4068.000000000000000,0.070625001130000,0.037808440625668,26.689062118530273,26.651253677904606,0.305362794953951,1.222268004752268,1242.215849872673516,0.103918761014938,0.391259241104127
2022,MX21156,2022,2717.000000000000000,0.047170139643611,0.071392349898815,50.520908355712891,50.449516005814075,2.972350737245195,7.179638602227552,8075.876953095194949,0.371357351541519,7.984815979003910
2023,MX30159,2023,435.000000000000000,0.007552083454167,0.104237072169781,10.225026130676270,10.120789058506489,0.781958055564727,1.027099902091498,340.151754170656204,0.502284109592438,1.461358642578125
2024,MX21157,2024,2415.000000000000000,0.041927084004167,0.045341923832893,11.597308158874512,11.551966235041618,0.245271801368544,0.653671659923556,592.331400305034776,0.114081352949142,0.334929287433624
2025,MX15082,2025,3301.000000000000000,0.057309028694722,0.031915597617626,12.495405197143555,12.463489599525928,0.319064949417667,0.808415731213167,1053.233398027719204,0.146415576338768,0.456037223339081
2026,MX31077,2026,995.000000000000000,0.017274305831944,0.043295353651047,4.240412712097168,4.197117358446121,0.130409242048036,0.290976615496021,129.757195837795734,0.086928755044937,0.131059259176254
2027,MX31078,2027,402.000000000000000,0.006979166778333,0.105881951749325,8.589106559753418,8.483224608004093,0.426266848299634,0.992580848222816,171.359273016452875,0.166912883520126,0.642037475109101
2028,MX31079,2028,13758.000000000000000,0.238854170488333,0.014920174144208,29.993776321411133,29.978856147266924,0.159677709974113,0.903546576622356,2196.845933823847645,0.066314190626144,0.133817213773727
2029,MX31080,2029,1404.000000000000000,0.024375000390000,0.058388780802488,15.753533363342285,15.695144582539797,0.242053952489972,1.008100035366755,339.843749295920077,0.098991420120001,0.174417804181576
2030,MX31081,2030,1352.000000000000000,0.023472222597778,0.032806612551212,5.830451488494873,5.797644875943661,0.108025490543282,0.325611832048657,146.050463214516640,0.064957227557898,0.113662369549274
2031,MX31082,2031,294.000000000000000,0.005104166748333,0.096924655139446,12.124903678894043,12.027979023754597,0.674644447254891,1.731277375400179,198.345467492937956,0.183908239006996,0.920674449205398
2032,MX31083,2032,328.000000000000000,0.005694444535556,0.098337464034557,15.989187240600586,15.890849776566029,0.611427297633960,1.801950551622462,200.548153623938788,0.133321218192577,1.269366478919983
2033,MX12058,2033,4971.000000000000000,0.086302084714167,0.043483495712280,9.815544128417969,9.772060632705688,0.226824336626225,0.530947969687808,1127.543777368962083,0.112496048212051,0.334811419248581
2034,MX15083,2034,147.000000000000000,0.002552083374167,0.768524825572968,23.570615768432617,22.802090942859650,4.092563118253438,4.233064920997888,601.606778383255460,2.342252492904663,9.517530441284181
2035,MX15084,2035,815.000000000000000,0.014149305781944,0.646069109439850,18.986629486083984,18.340560376644135,3.008722528211910,3.251745332589136,2452.108860492706754,1.723411440849304,7.558772850036624
2036,MX15085,2036,1773.000000000000000,0.030781250492500,0.137561097741127,28.914545059204102,28.776983961462975,1.236806471898809,2.007257444955282,2192.857874676588835,0.547176897525787,2.896820211410522
2037,MX15086,2037,2800.000000000000000,0.048611111888889,0.086804591119289,20.813243865966797,20.726439274847507,0.657988283953497,1.375498404117079,1842.367195069792160,0.246053211390972,1.408244180679321
2038,MX31084,2038,1687.000000000000000,0.029288194913056,0.048262622207403,5.894132614135742,5.845869991928339,0.157671249413639,0.366764011435671,265.991397760808638,0.103044576942921,0.157466304302216
2039,MX17018,2039,512.000000000000000,0.008888889031111,0.489897251129150,28.122423171997070,27.632525920867920,7.064547906455117,7.654325873765045,3617.048528105020068,2.728193283081055,19.950494956970221
2040,MX17033,2040,181.000000000000000,0.003142361161389,0.693512439727783,18.883657455444336,18.190145015716553,2.993747799765338,3.760830624385323,541.868351757526284,1.043755650520325,7.741664409637451
2041,MX15087,2041,928.000000000000000,0.016111111368889,0.327682793140411,21.755994796752930,21.428312003612518,2.937224843186036,3.226720705707478,2725.744654476641244,1.749283075332642,7.493102645874025
2042,MX08063,2042,22738.000000000000000,0.394756950760556,0.028980843722820,8.470455169677734,8.441474325954914,0.079668432647310,0.141815599642651,1811.500821534540592,0.068677324801683,0.084800590574741
2043,MX31085,2043,3533.000000000000000,0.061336806536944,0.040997941046953,12.627555847167969,12.586557906121016,0.157772451656046,0.547417070544193,557.410071700810931,0.082960613071918,0.140604490041733
2044,MX30161,2044,5784.000000000000000,0.100416668273333,0.045095946639776,6.978575229644775,6.933479283004999,0.162398745822378,0.268035390884718,939.314345836637017,0.120723970234394,0.210101394355297
2045,MX04008,2045,5191.000000000000000,0.090121529219722,0.040286328643560,27.839145660400391,27.798859331756830,0.220995669307173,1.173215785171636,1147.188519373535655,0.095213167369366,0.155354589223862
2046,MX14090,2046,1404.000000000000000,0.024375000390000,0.046498354524374,5.184640407562256,5.138142053037882,0.156374202274380,0.320141939279332,219.549379993230048,0.095253586769104,0.182651248574257
2047,MX30162,2047,321.000000000000000,0.005572916755833,0.070767194032669,2.558409214019775,2.487642019987106,0.305533048960836,0.369038402761427,98.076108716428294,0.134958058595657,0.764194905757904
2048,MX21158,2048,698.000000000000000,0.012118055749444,0.129458338022232,2.397139787673950,2.267681449651718,0.245860879541639,0.231282040176407,171.610893920063830,0.190579354763031,0.319538974761963
2049,MX15088,2049,814.000000000000000,0.014131944670556,0.272272884845734,182.897628784179688,182.625355899333954,11.119492810210376,23.359138565264310,9051.267147511245639,3.564799308776855,21.975650787353523
2050,MX29027,2050,65.000000000000000,0.001128472240278,1.129775285720825,17.834653854370117,16.704878568649292,6.049353406979485,5.001810536789306,393.207971453666516,4.121009826660156,14.133028793334962
2051,MX13060,2051,882.000000000000000,0.015312500245000,0.118002250790596,5.570828914642334,5.452826663851738,0.369387180424061,0.460344181522590,325.799493134022214,0.236537471413612,0.592573881149292
2052,MX15089,2052,183.000000000000000,0.003177083384167,0.660482227802277,17.369482040405273,16.708999812602997,2.711636950409476,3.300016327143261,496.229561924934103,1.234427332878113,7.352974510192872
2053,MX15090,2053,1026.000000000000000,0.017812500285000,0.151880890130997,23.151533126831055,22.999652236700058,2.046294375382667,3.308164842002000,2099.498029142616360,0.728340893983841,6.132313489913940
2054,MX07093,2054,936.000000000000000,0.016250000260000,0.065159589052200,7.901772975921631,7.836613386869431,0.645177598588933,0.755806320851832,603.886232279241426,0.358360722661018,1.513511478900909
2055,MX30163,2055,429.000000000000000,0.007447916785833,0.070789322257042,1.284435868263245,1.213646546006203,0.157144189645083,0.146351765654167,67.414857357740402,0.116804465651512,0.211818116903305
2056,MX27017,2056,9104.000000000000000,0.158055558084444,0.005522921215743,59.530242919921875,59.524719998706132,0.411027169484871,2.420766794158684,3741.991350990262617,0.098518781363964,0.508425873517992
2057,MX14091,2057,4678.000000000000000,0.081215279077222,0.060652915388346,38.062301635742188,38.001648720353842,0.470809752804831,1.954110491337249,2202.448023620997446,0.155456878244877,0.583611232042313
2058,MX30164,2058,302.000000000000000,0.005243055639444,0.139174759387970,10.252012252807617,10.112837493419647,0.770613367687787,1.339266770219302,232.725237041711779,0.376350045204163,1.262006461620332
2059,MX20544,2059,653.000000000000000,0.011336805736944,0.027422199025750,2.194475650787354,2.167053451761603,0.104108754576827,0.184294272912510,67.983016738668098,0.071027643978596,0.106103435158730
2060,MX14092,2060,1665.000000000000000,0.028906250462500,0.075197637081146,9.134732246398926,9.059534609317780,0.297721012621312,0.582184979193467,495.705486014485246,0.144950255751610,0.507381987571717
2061,MX29028,2061,385.000000000000000,0.006684027884722,0.255769640207291,21.037925720214844,20.782156080007553,2.558827609443045,4.499347093170459,985.148629635572320,0.542459189891815,10.279058837890631
2062,MX15091,2062,156.000000000000000,0.002708333376667,2.497218608856201,51.149135589599609,48.651916980743408,18.277567788576462,11.505973553544921,2851.300575017928168,17.570642471313477,33.729198455810547
2063,MX21159,2063,1224.000000000000000,0.021250000340000,0.078249938786030,6.587260246276855,6.509010307490826,0.239134257032347,0.375401530781621,292.700330607593287,0.172891557216644,0.306838697195053
2064,MX07094,2064,1381.000000000000000,0.023975694828056,0.038284581154585,18.320594787597656,18.282310206443071,0.641519526735887,1.763155690535285,885.938466422259808,0.151403367519379,1.065747261047363
2065,MX15092,2065,415.000000000000000,0.007204861226389,1.608671784400940,33.754745483398438,32.146073698997498,8.734728425956634,7.972316776864774,3624.912296772003174,5.666036128997803,20.543429565429694
2066,MX20545,2066,716.000000000000000,0.012430555754444,0.044937755912542,9.409006118774414,9.364068362861872,0.353474250120532,0.954287408731442,253.087563086301202,0.089089423418045,0.665378093719482
2067,MX20546,2067,526.000000000000000,0.009131944590556,0.043089535087347,5.165009498596191,5.121919963508844,0.382687997483709,0.636495406027347,201.293886676430844,0.164209343492985,0.880220383405685
2068,MX21160,2068,673.000000000000000,0.011684027964722,0.064591191709042,8.594912528991699,8.530321337282658,0.257365941636010,0.537983778854897,173.207278721034498,0.136365801095963,0.348578709363938
2069,MX20547,2069,225.000000000000000,0.003906250062500,0.048712164163589,3.483360528945923,3.434648364782333,0.213068069020907,0.398980234201606,47.940315529704080,0.103295475244522,0.320069712400436
2070,MX26063,2070,4173.000000000000000,0.072447917825833,0.040346525609493,3.562346696853638,3.522000171244144,0.075053196067422,0.110557906271940,313.196987189353706,0.068045459687710,0.081140546500683
2071,MX31086,2071,547.000000000000000,0.009496527929722,0.066069848835468,3.862581729888916,3.796511881053448,0.175231749481322,0.343214939101945,95.851766966283321,0.108534149825573,0.211910352110863
2072,MX16089,2072,3936.000000000000000,0.068333334426667,0.036164831370115,42.375274658203125,42.339109826833010,0.292203653423963,1.246917042385219,1150.113579876720223,0.114943001419306,0.333901718258858
2073,MX17019,2073,1817.000000000000000,0.031545139393611,0.097000591456890,28.690166473388672,28.593165881931782,0.693751783450029,1.848771406761251,1260.546990528702736,0.293490201234818,0.964038860797882
2074,MX21161,2074,1117.000000000000000,0.019392361421389,0.096193589270115,9.778745651245117,9.682552061975002,0.841487659783426,1.348161789966015,939.941715978086563,0.309574574232101,2.032629489898681
2075,MX21162,2075,147.000000000000000,0.002552083374167,0.202494964003563,5.697090148925781,5.494595184922218,0.619400333790552,0.927731096366984,91.051849067211165,0.300110995769501,1.224199295043946
2076,MX14093,2076,7001.000000000000000,0.121545140833611,0.086983449757099,41.109714508056641,41.022731058299541,1.071221363847129,3.558149939088253,7499.620768293752008,0.270185112953186,1.380380272865295
2077,MX30165,2077,297.000000000000000,0.005156250082500,0.131333783268929,3.451832294464111,3.320498511195183,0.554427107426052,0.548024047910444,164.664850905537548,0.347436815500259,1.226191782951355
2078,MX21163,2078,308.000000000000000,0.005347222307778,0.219422966241837,11.788064956665039,11.568641990423203,0.989615969311494,1.929665091647990,304.801718547940141,0.346865072846413,1.967446923255922
2079,MX21164,2079,1079.000000000000000,0.018732639188611,0.202773064374924,20.691551208496094,20.488778144121170,2.088908031748555,2.787757789181403,2253.931766256690935,1.027854084968567,5.061168861389162
2080,MX13061,2080,1206.000000000000000,0.020937500335000,0.154946818947792,41.899780273437500,41.744833454489708,1.650414957817811,4.513210622268442,1990.400439128279913,0.321174070239067,2.742542862892151
2081,MX32045,2081,2734.000000000000000,0.047465278537222,0.039643984287977,9.991727828979492,9.952083844691515,0.158227863305282,0.455198777098871,432.594978276640404,0.092325948178768,0.190725168585777
2082,MX12059,2082,4193.000000000000000,0.072795140053611,0.039234004914761,5.742238044738770,5.703004039824009,0.232177749408541,0.443054949283186,973.521303270011117,0.118994481861591,0.341541427373886
2083,MX13062,2083,1736.000000000000000,0.030138889371111,0.079703070223331,3.089032888412476,3.009329818189144,0.274652438444270,0.294724346186154,476.796633139253231,0.179122917354107,0.513459652662277
2084,MX10035,2084,31384.000000000000000,0.544861119828889,0.024864055216312,16.327630996704102,16.302766941487789,0.083746629078895,0.236564396965140,2628.304207012054576,0.068730432540178,0.084957622736692
2085,MX13063,2085,1750.000000000000000,0.030381944930556,0.302547335624695,62.946846008300781,62.644298672676086,2.554342043519019,4.238306978835243,4470.098576158283322,1.306091904640198,5.760271453857428
2086,MX20548,2086,2822.000000000000000,0.048993056339444,0.025179648771882,2.253134012222290,2.227954363450408,0.094089178948628,0.136844067885589,265.519662993028078,0.068048428744078,0.137982332706451
2087,MX21165,2087,141.000000000000000,0.002447916705833,0.192616596817970,2.660933971405029,2.468317374587059,0.389382201412045,0.378343729851456,54.902890399098403,0.260850071907043,0.695250213146210
2088,MX21166,2088,651.000000000000000,0.011302083514167,0.173806786537170,9.713973045349121,9.540166258811951,0.524096276216243,0.877568425612839,341.186675816774425,0.275165766477585,0.876620054244995
2089,MX29019,2089,116.000000000000000,0.002013888921111,1.136703610420227,16.879991531372070,15.743287920951843,5.213442234129741,4.338084450803880,604.759299159049988,2.973192453384399,12.147952079772949
2090,MX13064,2090,733.000000000000000,0.012725694648056,0.200560614466667,7.518793106079102,7.318232491612434,0.897588976713515,1.100148179890497,657.932719931006318,0.453692585229874,1.923027586936952
2091,MX30166,2091,475.000000000000000,0.008246527909722,0.086681693792343,2.346620321273804,2.259938627481461,0.254851443265614,0.285013967495281,121.054435551166506,0.179780632257462,0.397981578111649
2092,MX15093,2092,888.000000000000000,0.015416666913333,0.337408334016800,24.024541854858398,23.687133520841599,2.893869498929196,4.038139926993899,2569.756115049126038,1.170884668827057,7.878604269027720
2093,MX15094,2093,212.000000000000000,0.003680555614444,0.544914245605469,28.873491287231445,28.328577041625977,3.634275547176040,5.204627697398695,770.466416001320454,1.458116114139557,9.587854862213138
2094,MX32046,2094,3656.000000000000000,0.063472223237778,0.050289753824472,13.656900405883789,13.606610652059317,0.203841930261407,0.595786055989834,745.246097035705588,0.109112434089184,0.241627521812916
2095,MX21167,2095,355.000000000000000,0.006163194543056,0.228327199816704,5.072072029113770,4.843744829297066,0.870218343801902,0.798209137872452,308.927512049675045,0.573737084865570,1.784707260131836
2096,MX30167,2096,1137.000000000000000,0.019739583649167,0.093923591077328,5.761812686920166,5.667889095842838,0.276436155080376,0.413206405103181,314.307908326387405,0.190573513507843,0.393697160482407
2097,MX21168,2097,573.000000000000000,0.009947916825833,0.168344140052795,5.936171054840088,5.767826914787292,0.431454998842500,0.651860560712332,247.223714336752749,0.264202326536179,0.544718658924104
2098,MX21169,2098,1927.000000000000000,0.033454861646389,0.049852982163429,19.352302551269531,19.302449569106102,0.418298572431389,1.098512043731020,806.061349075287012,0.163418501615524,0.699010717868805
2099,MX21170,2099,2234.000000000000000,0.038784722842778,0.076075077056885,9.315506935119629,9.239431858062744,0.311278849339902,0.586637077534700,695.396949425341631,0.157741114497185,0.470845863223076
2100,MX21171,2100,80.000000000000000,0.001388888911111,0.337854355573654,14.459688186645508,14.121833831071854,2.136020206287503,2.856633990340824,170.881616503000259,1.013807535171509,5.728184604644783
2101,MX29029,2101,82.000000000000000,0.001423611133889,1.711287021636963,20.158929824829102,18.447642803192139,8.164503330137677,4.206721088278967,669.489273071289517,8.461851596832275,13.858838462829596
2102,MX01009,2102,1181.000000000000000,0.020503472550278,0.188874766230583,32.958248138427734,32.769373372197151,1.248485209828812,2.741569611859407,1474.461032807826541,0.428423613309860,2.669754505157471
2103,MX18017,2103,8204.000000000000000,0.142430557834444,0.046691481024027,52.738098144531250,52.691406663507223,1.348144470602331,5.275268355973310,11060.177236821520637,0.146415010094643,1.210000908374786
2104,MX15095,2104,1024.000000000000000,0.017777778062222,0.541935861110687,42.612854003906250,42.070918142795563,5.773208499886096,8.183689605043551,5911.765503883361816,2.023115158081055,17.559974861145022
2105,MX17020,2105,1191.000000000000000,0.020677083664167,0.303494989871979,24.701797485351562,24.398302495479584,2.273216721017656,2.995086463577265,2707.401114732028418,1.286190390586853,5.066065311431885
2106,MX14094,2106,8480.000000000000000,0.147222224577778,0.036747876554728,38.896095275878906,38.859347399324179,0.243686629906033,1.356894644505922,2066.462621603161551,0.097914207726717,0.238427996635437
2107,MX30168,2107,491.000000000000000,0.008524305691944,0.258269667625427,9.073276519775391,8.815006852149963,0.873166665890066,0.988718992221863,428.724832952022211,0.566198825836182,1.466501593589783
2108,MX22017,2108,1839.000000000000000,0.031927083844167,0.261486619710922,39.990753173828125,39.729266554117203,1.878674263633940,3.790747440202837,3454.881970822816129,0.667862892150879,4.417151165008546
2109,MX15096,2109,606.000000000000000,0.010520833501667,0.909683287143707,26.730573654174805,25.820890367031097,3.586543686024033,3.913554749581658,2173.445473730563663,1.851049065589905,8.960905551910400
2110,MX29030,2110,772.000000000000000,0.013402777992222,0.181662172079086,17.175708770751953,16.994046598672867,0.879248424495903,1.899447944693061,678.779783710837364,0.340074285864830,1.612442839145660
2111,MX17021,2111,332.000000000000000,0.005763888981111,0.291993200778961,19.182155609130859,18.890162408351898,1.648767727236432,2.864654938656602,547.390885442495460,0.512068718671799,4.992616558074957
2112,MX21172,2112,1631.000000000000000,0.028315972675278,0.084341444075108,12.037748336791992,11.953406892716885,0.512909115073436,0.831849453955304,836.554766684773313,0.280047267675400,1.020114302635193
2113,MX17022,2113,488.000000000000000,0.008472222357778,0.182212293148041,14.861714363098145,14.679502069950104,1.342504626292673,2.017397345297477,655.142257630824588,0.542502850294113,3.424659967422486
2114,MX21173,2114,49.000000000000000,0.000850694458056,0.598100125789642,15.434916496276855,14.836816370487213,3.233523828642709,3.472410474552767,158.442667603492765,1.648488879203796,9.429697227478027
2115,MX13065,2115,221.000000000000000,0.003836805616944,0.508624970912933,17.564886093139648,17.056261122226715,3.064981382626754,3.681587419749246,677.360885560512656,1.143835783004761,8.303360939025879
2116,MX12060,2116,1075.000000000000000,0.018663194743056,0.082655973732471,3.666820764541626,3.584164790809155,0.293732342775478,0.328175098229298,315.762268483638820,0.196669444441795,0.534589922428131
2117,MX31087,2117,1692.000000000000000,0.029375000470000,0.057636208832264,9.425572395324707,9.367936186492443,0.200235644443484,0.551967380333297,338.798710398375476,0.106423243880272,0.277929744124413
2118,MX29031,2118,841.000000000000000,0.014600694678056,0.210590124130249,27.277805328369141,27.067215204238892,2.234964964417440,3.668893585642909,1879.605535075067337,0.590960323810577,6.751283645629883
2119,MX29032,2119,130.000000000000000,0.002256944480556,1.217932224273682,12.696767807006836,11.478835582733154,3.616849973568550,2.713490801210400,470.190496563911438,2.244714260101318,7.729811716079714
2120,MX14095,2120,1096.000000000000000,0.019027778082222,0.130656838417053,12.539894104003906,12.409237265586853,0.495957489771238,1.098728196994547,543.569408789276508,0.227345407009125,0.678150683641434
2121,MX32047,2121,3404.000000000000000,0.059097223167778,0.041537020355463,13.640566825866699,13.599029805511236,0.143230508523747,0.527118795864662,487.556651014835552,0.085487339645624,0.123634294420481
2122,MX15097,2122,740.000000000000000,0.012847222427778,0.088856995105743,6.143193244934082,6.054336249828339,0.533544960265627,0.624253554579116,394.823270596564100,0.349554166197777,1.155816614627838
2123,MX15098,2123,124.000000000000000,0.002152777812222,0.480911612510681,13.104232788085938,12.623321175575256,2.053625102245038,2.290186343438684,254.649512678384781,1.136813998222351,4.898446512222291
2124,MX30170,2124,975.000000000000000,0.016927083604167,0.087278284132481,4.271363735198975,4.184085451066494,0.205765985196982,0.278276072367730,200.621835567057303,0.143007889389992,0.305628520250321
2125,MX15099,2125,2115.000000000000000,0.036718750587500,0.276926338672638,55.219585418701172,54.942659080028534,7.906199221929477,10.142047276005531,16721.611354380846024,3.569642543792725,22.852722167968750
2126,MX30171,2126,211.000000000000000,0.003663194503056,0.126890137791634,5.983914852142334,5.857024714350700,0.548165077493654,0.816572093560650,115.662831351160989,0.308277994394302,0.905707955360413
2127,MX30172,2127,2186.000000000000000,0.037951389496111,0.097885876893997,15.810268402099609,15.712382525205612,0.407113313576086,0.823698765433248,889.949703477323624,0.233137987554073,0.626491278409958
2128,MX31088,2128,389.000000000000000,0.006753472330278,0.080369338393211,3.101633787155151,3.021264448761940,0.192383163156117,0.314451713205471,74.837050467729526,0.129197537899017,0.187381324172020
2129,MX21174,2129,458.000000000000000,0.007951389016111,0.137746602296829,22.693777084350586,22.556030482053757,2.776651362567228,4.166335963687127,1271.706324055790674,1.144395589828491,8.305756378173829
2130,MX30173,2130,2581.000000000000000,0.044809028494722,0.100801371037960,13.456852912902832,13.356051541864872,0.336932484163004,0.609065422383243,869.622741624713285,0.217442750930786,0.504698812961578
2131,MX13067,2131,812.000000000000000,0.014097222447778,0.221815302968025,16.128751754760742,15.906936451792717,2.250534580607574,2.585085631983892,1827.434079453349796,1.076389849185944,6.192875003814697
2132,MX15100,2132,84.000000000000000,0.001458333356667,8.030236244201660,61.726371765136719,53.696135520935059,27.270120507194882,11.757161142141603,2290.690122604370117,25.937011718750000,42.962629318237305
2133,MX21175,2133,656.000000000000000,0.011388889071111,0.236129045486450,27.647808074951172,27.411679029464722,1.144208776355698,2.267864815970487,750.600957289338112,0.486222803592682,2.298004031181335
2134,MX15101,2134,652.000000000000000,0.011319444625556,0.282926589250565,53.301231384277344,53.018304795026779,4.690618582024167,7.469451323811297,3058.283315479757221,1.808601737022400,12.331542205810544
2135,MX13068,2135,1273.000000000000000,0.022100694798056,0.073689624667168,14.305116653442383,14.231427028775215,0.427222295009472,0.922483176039287,543.853981547057742,0.211721599102020,0.778929328918457
2136,MX31089,2136,1687.000000000000000,0.029288194913056,0.056894142180681,30.982212066650391,30.925317924469709,0.691768571953043,2.381185364348005,1167.013580884783778,0.130528226494789,0.729583597183228
2137,MX11040,2137,2045.000000000000000,0.035503472790278,0.070293880999088,10.246005058288574,10.175711177289486,0.348720930217969,0.584468715059367,713.134302295747148,0.153105080127716,0.775097250938416
2138,MX30174,2138,7438.000000000000000,0.129131946510556,0.086554728448391,53.311862945556641,53.225308217108250,0.590992663401242,2.035306604841533,4395.803430378435223,0.256289526820183,0.771908938884735
2139,MX24043,2139,2402.000000000000000,0.041701389556111,0.037061814218760,15.735382080078125,15.698320265859365,0.215712993470122,0.821442176910803,518.142610315234151,0.099827062338591,0.218635065853596
2140,MX30175,2140,3593.000000000000000,0.062378473220278,0.120590791106224,542.853820800781250,542.733230009675026,2.987874364744246,16.640177286529862,10735.432592526074586,0.532739758491516,5.039054584503175
2141,MX02004,2141,6770.000000000000000,0.117534724102778,0.107084222137928,111.363494873046875,111.256410650908947,7.250704737398315,11.458681245504827,49087.271072186587844,0.685749739408493,25.022348213195805
2142,MX07096,2142,3922.000000000000000,0.068090278867222,0.052737981081009,15.325863838195801,15.273125857114792,0.349358611095702,0.765020404358856,1370.184472717344534,0.156132139265537,0.671781170368195
2143,MX21176,2143,414.000000000000000,0.007187500115000,0.168441176414490,3.178115129470825,3.009673953056335,0.592210726389562,0.606750425699086,245.175240725278655,0.340839684009552,1.497537946701049
2144,MX15102,2144,830.000000000000000,0.014409722452778,0.196232184767723,7.111450672149658,6.915218487381935,0.770668928127690,0.825302729385858,639.655210345982709,0.420709207653999,1.779921984672546
2145,MX31090,2145,681.000000000000000,0.011822916855833,0.099728688597679,8.582917213439941,8.483188524842262,0.425565358727252,0.758852643666105,289.810009293258588,0.240067154169083,0.586326062679291
2146,MX16090,2146,940.000000000000000,0.016319444705556,0.078831054270267,8.690491676330566,8.611660622060299,0.302475941165330,0.694988863171888,284.327384695410331,0.128809474408627,0.419697004556656
2147,MX16091,2147,859.000000000000000,0.014913194683056,0.064050376415253,8.850513458251953,8.786463081836700,0.287486988153391,0.611595396902874,246.951322823762752,0.134050115942955,0.465033346414566
2148,MX31091,2148,2339.000000000000000,0.040607639538611,0.042681448161602,11.058084487915039,11.015403039753437,0.191282654081580,0.607421676540330,447.410127896815652,0.089702412486076,0.179636490345001
2149,MX16092,2149,7368.000000000000000,0.127916668713333,0.014574679546058,8.359721183776855,8.345146504230797,0.100519945806202,0.260018311757861,740.630960700099649,0.073748245835304,0.107643875479698
2150,MX31092,2150,2512.000000000000000,0.043611111808889,0.029396550729871,4.792377948760986,4.762981398031116,0.089382407266593,0.196444983860853,224.528607053682094,0.064052909612656,0.087619962543249
2151,MX31093,2151,857.000000000000000,0.014878472460278,0.176712438464165,16.968439102172852,16.791726663708687,0.811005132740130,1.684336846931378,695.031398758291630,0.340836882591248,1.583215498924254
2152,MX31094,2152,1141.000000000000000,0.019809028094722,0.054096207022667,5.008329391479492,4.954233184456825,0.168434099544829,0.396630819332798,192.183307580649824,0.091515354812145,0.183611452579498
2153,MX31095,2153,354.000000000000000,0.006145833431667,0.290679812431335,8.252031326293945,7.961351513862610,1.110018132854317,1.112084862981910,392.946419030428160,0.689572572708130,2.274561262130737
2154,MX12061,2154,1914.000000000000000,0.033229167198333,0.061292886734009,26.677686691284180,26.616393804550171,0.492219392295884,1.677272337385507,942.107916854322639,0.181035399436951,0.605958884954453
2155,MX14096,2155,965.000000000000000,0.016753472490278,0.090666025876999,15.766911506652832,15.676245480775833,0.550747987072085,1.600682416000428,531.471807524561996,0.159376248717308,0.709048044681549
2156,MX13069,2156,384.000000000000000,0.006666666773333,1.495606422424316,94.392890930175781,92.897284507751465,17.180599303916107,15.513375012641424,6597.350132703784766,13.385103702545166,33.897579956054685
2157,MX31096,2157,19136.000000000000000,0.332222227537778,0.034654960036278,19.077800750732422,19.043145790696144,0.156894485536655,0.682039250677218,3002.332875229424644,0.079798433929682,0.129159942269325
2158,MX30180,2158,1124.000000000000000,0.019513889201111,0.089357480406761,2.656663417816162,2.567305937409401,0.186356212817848,0.168200951727647,209.464383207261648,0.147617846727371,0.249515584111214
2159,MX21179,2159,2091.000000000000000,0.036302083914167,-1.500000000000000,13.169484138488770,14.669484138488770,0.355247344881040,0.879223354488579,742.822198146254777,0.144294142723083,0.699478030204773
2160,MX12062,2160,3902.000000000000000,0.067743056639444,0.022268366068602,7.299561977386475,7.277293611317873,0.136207662391520,0.286769550888811,531.482298651710948,0.081825003027916,0.186922170221806
2161,MX12063,2161,1368.000000000000000,0.023750000380000,0.044923163950443,1.724500060081482,1.679576896131039,0.184917226341167,0.212163319915677,252.966765634715898,0.108702920377254,0.366272819042206
2162,MX30176,2162,488.000000000000000,0.008472222357778,0.155553162097931,10.799616813659668,10.644063651561737,0.433720142565301,0.973080105023740,211.655429571866733,0.228296436369419,0.520796781778336
2163,MX20551,2163,660.000000000000000,0.011458333516667,0.020999740809202,30.506954193115234,30.485954452306032,1.535925252648130,3.743355883102263,1013.710666747765458,0.253209337592125,4.093428182601933
2164,MX30177,2164,662.000000000000000,0.011493055739444,0.052077572792768,6.721803188323975,6.669725615531206,0.292476708660313,0.504493348610072,193.619581133127241,0.154539868235588,0.554377245903015
2165,MX30178,2165,2766.000000000000000,0.048020834101667,0.062105711549520,26.372341156005859,26.310235444456339,0.248133532111671,1.082593712892529,686.337349820883219,0.132185295224190,0.261202231049538
2166,MX21177,2166,1953.000000000000000,0.033906250542500,0.083486750721931,16.381149291992188,16.297662541270256,0.796945034393242,1.487805374397819,1556.433652170001096,0.283863991498947,1.925834155082703
2167,MX30179,2167,321.000000000000000,0.005572916755833,0.079534329473972,2.696357727050781,2.616823397576809,0.248463872901376,0.342264662791405,79.756903201341657,0.130840584635735,0.464682430028915
2168,MX20552,2168,279.000000000000000,0.004843750077500,0.031016461551189,2.069277763366699,2.038261301815510,0.122892383299100,0.218692240887574,34.286974940448985,0.073054961860180,0.142109113931656
2169,MX21178,2169,868.000000000000000,0.015069444685556,0.152879491448402,4.916115760803223,4.763236269354820,0.438817526801802,0.427540950085856,380.893613263964426,0.297261193394661,0.829670196771622
2170,MX09011,2170,426.000000000000000,0.007395833451667,3.335182428359985,62.816452026367188,59.481269598007202,21.996417314793565,16.258333895227917,9370.473776102058764,17.497113227844238,46.649942398071289
2171,MX10036,2171,24693.000000000000000,0.428697923525833,0.046279095113277,36.375167846679688,36.328888751566410,0.182181481849490,0.774247397376792,4498.607331309453002,0.108007356524467,0.194572359323502
2172,MX21180,2172,1547.000000000000000,0.026857639318611,0.256570786237717,9.956407546997070,9.699836760759354,0.835886132528339,1.206090195186825,1293.115847021340869,0.387083381414413,1.770859026908875
2173,MX13070,2173,144.000000000000000,0.002500000040000,0.880377113819122,37.220535278320312,36.340158164501190,6.015778844141296,7.384246751307626,866.272153556346666,2.281142592430115,15.396454238891625
2174,MX13071,2174,2660.000000000000000,0.046180556294444,0.059492960572243,3.650771856307983,3.591278895735741,0.159172315758310,0.185317540422490,423.398359917104187,0.119473330676556,0.221864786744118
2175,MX14097,2175,3563.000000000000000,0.061857639878611,0.243921265006065,88.963371276855469,88.719450011849403,7.953830033536541,12.326027789708428,28339.496409490697260,2.008889913558960,24.848205566406261
2176,MX12064,2176,2331.000000000000000,0.040468750647500,0.032769247889519,6.449436187744141,6.416666939854622,0.178539674919289,0.381506799741882,416.175982236861955,0.109023340046406,0.229923427104950
2177,MX30181,2177,4540.000000000000000,0.078819445705556,0.102300502359867,19.557624816894531,19.455324314534664,0.421711369879576,0.874461502611920,1914.569619253276642,0.233418591320515,0.680106610059738
2178,MX20553,2178,403.000000000000000,0.006996527889722,0.077764928340912,12.689522743225098,12.611757814884186,1.386343455880363,2.529202535468974,558.696412719786281,0.283344060182571,5.130557537078860
2179,MX12065,2179,582.000000000000000,0.010104166828333,0.057046722620726,6.668807029724121,6.611760307103395,0.345227172182188,0.719957830242545,200.922214210033360,0.131280146539211,0.639097690582275
2180,MX15103,2180,792.000000000000000,0.013750000220000,0.230749160051346,32.875328063964844,32.644578903913498,2.469241786597654,4.870128213026673,1955.639494985341798,0.605378031730652,7.339264631271362
2181,MX30182,2181,180.000000000000000,0.003125000050000,0.232515797019005,12.333507537841797,12.100991740822792,1.358876801613304,1.539018213204058,244.597824290394755,0.844711035490036,2.836123824119567
2182,MX17023,2182,536.000000000000000,0.009305555704444,0.323681026697159,16.458885192871094,16.135204166173935,0.899819210616510,1.576802242238800,482.303096890449240,0.453392907977104,1.433330118656158
2183,MX15104,2183,399.000000000000000,0.006927083444167,5.717311859130859,61.172317504882812,55.455005645751953,31.277896007499589,11.030643478047224,12479.880506992336450,32.827888488769531,42.067024993896482
2184,MX09012,2184,1550.000000000000000,0.026909722652778,0.299485325813293,49.758445739746094,49.458960413932800,8.330991760665350,12.057697349427484,12913.037229031293464,1.119270086288452,29.239028549194355
2185,MX16093,2185,980.000000000000000,0.017013889161111,0.095246769487858,16.022859573364258,15.927612803876400,0.544831670531812,0.957753478881104,533.935037121176265,0.319498926401138,1.030562114715576
2186,MX21181,2186,106.000000000000000,0.001840277807222,1.414594650268555,14.521191596984863,13.106596946716309,3.461753765367113,3.253438522786259,366.945899128913993,1.813841938972473,9.175660133361816
2187,MX32048,2187,3758.000000000000000,0.065243056599444,0.047373861074448,34.808479309082031,34.761105448007584,0.390917820527856,1.830378798227880,1469.069169543682392,0.110234227031469,0.428176307678223
2188,MX30024,2188,1375.000000000000000,0.023871528159722,0.065146252512932,3.135029792785645,3.069883540272713,0.214747233190320,0.235086604826616,295.277445636689777,0.143281012773514,0.397935986518860
2189,MX17024,2189,1172.000000000000000,0.020347222547778,0.281566500663757,17.900804519653320,17.619238018989563,1.959029675496315,2.726720329945520,2295.982779681681677,0.955427169799805,5.410509395599367
2190,MX13072,2190,410.000000000000000,0.007118055669444,0.177880674600601,17.709775924682617,17.531895250082016,0.979606713427276,1.601583913202666,401.638752505183277,0.486225783824921,2.073760628700257
2191,MX13073,2191,1965.000000000000000,0.034114583879167,0.082149542868137,6.992576122283936,6.910426579415798,0.341066241616966,0.467943200395115,670.195164777338391,0.196880400180817,0.639157593250275
2192,MX21182,2192,75.000000000000000,0.001302083354167,0.587093293666840,15.715290069580078,15.128196775913239,2.828584584395091,3.414440055878544,212.143843829631805,1.242254734039307,6.829792308807389
2193,MX21183,2193,715.000000000000000,0.012413194643056,0.220149561762810,8.730090141296387,8.509940579533577,0.706946344496487,0.809901431047470,505.466636314988193,0.432843744754791,1.412540197372437
2194,MX12066,2194,2989.000000000000000,0.051892361941389,0.038860194385052,25.152086257934570,25.113226063549519,0.611196244352984,1.881013451174856,1826.865574371069215,0.178005009889603,1.058873248100282
2195,MX21184,2195,310.000000000000000,0.005381944530556,0.172541901469231,2.549698829650879,2.377156928181648,0.410495436816446,0.345117593562881,127.253585413098278,0.277795091271400,0.823947185277939
2196,MX30183,2196,834.000000000000000,0.014479166898333,0.164908319711685,17.358030319213867,17.193121999502182,1.042025672803394,2.146508796327520,869.049411118030434,0.396850138902664,1.922640955448151
2197,MX21185,2197,416.000000000000000,0.007222222337778,0.191167056560516,5.132870674133301,4.941703617572784,0.556812026072294,0.619401891144489,231.633802846074190,0.312769860029221,1.227504134178162
2198,MX12067,2198,1398.000000000000000,0.024270833721667,0.085099257528782,17.461763381958008,17.376664124429226,0.538973264039117,1.359643662838216,753.484623126685619,0.174957700073719,1.039728856086731
2199,MX30184,2199,276.000000000000000,0.004791666743333,0.137235730886459,5.845223903656006,5.707988172769547,0.583671871032836,0.678506014120691,161.093436405062846,0.441123306751251,0.892518281936646
2200,MX17025,2200,2680.000000000000000,0.046527778522222,0.070982292294502,26.609083175659180,26.538100883364677,0.550039458939278,1.520326887383660,1474.105749957266198,0.187294892966747,0.942035770416259
2201,MX21186,2201,1463.000000000000000,0.025399305961944,0.118039615452290,15.572147369384766,15.454107753932476,0.738704823476968,1.163968690810526,1080.725156746804259,0.338557302951813,1.484120035171508
2202,MX15105,2202,3884.000000000000000,0.067430556634444,0.030783340334892,3.994906187057495,3.964122846722603,0.156075714139726,0.221849312509157,606.198073718696264,0.101539261639118,0.238411216437817
2203,MX29033,2203,257.000000000000000,0.004461805626944,0.926282942295074,39.562774658203125,38.636491715908051,12.988651180081796,10.427039079212987,3338.083353281021573,10.014987945556641,30.421481704711915
2204,MX21187,2204,271.000000000000000,0.004704861186389,0.157257720828056,1.831222057342529,1.673964336514473,0.340861925174829,0.272997969662838,92.373581722378788,0.236959248781204,0.644835114479065
2205,MX29034,2205,2858.000000000000000,0.049618056349444,0.132149398326874,21.885587692260742,21.753438293933868,0.858383823371250,1.935527524430645,2453.260967195032208,0.318791627883911,1.492733681201937
2206,MX13074,2206,213.000000000000000,0.003697916725833,1.140942335128784,27.231113433837891,26.090171098709106,5.180388657699729,4.785963133848287,1103.422784090042342,3.431522369384766,11.327111625671389
2207,MX17026,2207,281.000000000000000,0.004878472300278,0.897592961788177,16.436681747436523,15.539088785648346,2.969995559534569,2.477876320101592,834.568752229213828,2.111926078796387,5.689158916473389
2208,MX16094,2208,1007.000000000000000,0.017482639168611,0.083847999572754,3.825667858123779,3.741819858551025,0.236386357435759,0.334818208107605,238.041061937809019,0.143896788358688,0.379580873250961
2209,MX30185,2209,57.000000000000000,0.000989583349167,0.678011834621429,28.320184707641602,27.642172873020172,4.241863193219169,6.087140810836535,241.786202013492641,1.738558650016785,10.758734321594236
2210,MX29035,2210,71.000000000000000,0.001232638908611,0.506706476211548,8.593059539794922,8.086353063583374,2.080949798436233,2.363862922098607,147.747435688972530,0.784662246704102,6.860289573669434
2211,MX21188,2211,1090.000000000000000,0.018923611413889,0.163612127304077,13.943326950073242,13.779714822769165,0.729060145884479,1.224946944450085,794.675559014082523,0.322409480810165,1.733368480205536
2212,MX21189,2212,502.000000000000000,0.008715277917222,0.148403063416481,16.846311569213867,16.697908505797386,1.449500289036933,2.125953086911245,727.649145096540224,0.713006377220154,3.247569537162781
2213,MX16095,2213,2510.000000000000000,0.043576389586111,0.026643408462405,15.668894767761230,15.642251359298825,0.258446088931949,0.889496356200760,648.699683219193048,0.095201171934605,0.296170541644096
2214,MX13075,2214,584.000000000000000,0.010138889051111,0.316786974668503,29.123355865478516,28.806568890810013,1.966869846853901,3.357562258907646,1148.651990562678520,0.911173999309540,4.440843629837037
2215,MX14099,2215,2541.000000000000000,0.044114584039167,0.040612105280161,8.865089416503906,8.824477311223745,0.195891490727311,0.479640772616356,497.760277938097488,0.098903417587280,0.227248385548592
2216,MX22018,2216,3403.000000000000000,0.059079862056389,0.056963853538036,14.330617904663086,14.273654051125050,0.316542703739350,0.757862989606765,1077.194820825008492,0.138835832476616,0.538012003898622
2217,MX15106,2217,2125.000000000000000,0.036892361701389,0.149499341845512,64.404594421386719,64.255095079541206,12.663357647685437,12.688976674504396,26909.635001331553212,8.357821464538574,32.646177673339864
2218,MX14100,2218,14991.000000000000000,0.260260420830833,0.023430265486240,16.127880096435547,16.104449830949306,0.116607583244028,0.358084497325846,1748.064280411228538,0.079565182328224,0.122501187026501
2219,MX30186,2219,93.000000000000000,0.001614583359167,0.303679108619690,5.206984996795654,4.903305888175964,1.018751833387601,0.964167882869555,94.743920505046887,0.651077806949615,1.972413706779480
2220,MX07097,2220,7783.000000000000000,0.135121529939722,-0.008962506428361,32.194698333740234,32.203660840168595,0.424622356539858,1.754235135599116,3304.835800949716486,0.096213236451149,0.641189825534821
2221,MX14101,2221,833.000000000000000,0.014461805786944,0.906023085117340,108.329132080078125,107.423108994960785,16.968169342426833,15.680195928314189,14134.485062241552441,11.119061470031738,39.282501983642582
2222,MX15125,2222,44.000000000000000,0.000763888901111,5.937852382659912,24.501218795776367,18.563366413116455,12.529656854542822,4.839158628164848,551.304901599884147,11.005748748779297,19.325968551635743
2223,MX15107,2223,444.000000000000000,0.007708333456667,0.175618380308151,10.761767387390137,10.586149007081985,0.806077681347593,1.365915261965919,357.898490518331357,0.392306476831436,1.417837142944336
2224,MX14102,2224,1461.000000000000000,0.025364583739167,0.049367789179087,7.602182388305664,7.552814599126577,0.177190855589124,0.446787459153608,258.875840015709798,0.104145057499409,0.205023810267448
2225,MX30187,2225,251.000000000000000,0.004357638958611,0.077314540743828,3.590870380401611,3.513555839657784,0.305378216196341,0.376898398281264,76.649932265281663,0.162078231573105,0.621763408184052
2226,MX14103,2226,727.000000000000000,0.012621527979722,0.068637996912003,10.892479896545410,10.823841899633408,0.480013585607157,1.177580674279960,348.969876736403364,0.164272278547287,0.864909064769745
2227,MX10037,2227,8413.000000000000000,0.146059030114722,0.030757823958993,10.326663017272949,10.295905193313956,0.089564091061362,0.211932093540640,753.502698099241115,0.073118194937706,0.093706169724464
2228,MX05035,2228,6623.000000000000000,0.114982640728611,0.039070975035429,131.845764160156250,131.806693185120821,6.998857527150032,17.735945874596599,46353.433402314665727,0.096256688237190,30.780535888671889
2229,MX14104,2229,2958.000000000000000,0.051354167488333,0.037055470049381,9.825339317321777,9.788283847272396,0.154122704521648,0.474511864431580,455.894959975034624,0.085374828428030,0.180982194840908
2230,MX29036,2230,68.000000000000000,0.001180555574444,1.055104494094849,33.475055694580078,32.419951200485229,10.457272171974180,8.691574908305864,711.094507694244271,8.121303081512451,23.052684211730959
2231,MX07098,2231,820.000000000000000,0.014236111338889,0.049878340214491,2.829800605773926,2.779922265559435,0.180887319406540,0.243836976705826,148.327601913362713,0.121551752090454,0.226870147883892
2232,MX17027,2232,299.000000000000000,0.005190972305278,0.481305390596390,18.129196166992188,17.647890776395798,2.109762121203751,2.865771266143202,630.818874239921456,1.073752045631409,5.656877803802489
2233,MX21190,2233,768.000000000000000,0.013333333546667,0.049175489693880,3.143782615661621,3.094607125967741,0.140003462021317,0.248536496142671,107.522658832371150,0.088587909936905,0.170665886998177
2234,MX20554,2234,1310.000000000000000,0.022743055919444,0.021435080096126,4.791283607482910,4.769848527386785,0.124429160265522,0.263521052806599,163.002199947834271,0.080123197287321,0.147002734243870
2235,MX14105,2235,1679.000000000000000,0.029149306021944,0.133364886045456,19.058652877807617,18.925287991762161,0.614371972576786,1.480820565503876,1031.530541956424486,0.257226705551147,0.979931282997132
2236,MX30188,2236,487.000000000000000,0.008454861246389,0.124651715159416,2.448439598083496,2.323787882924080,0.372363494865949,0.305731120247390,181.341021999716986,0.278351306915283,0.630673813819886
2237,MX32057,2237,1114.000000000000000,0.019340278087222,0.134405687451363,30.875221252441406,30.740815564990044,0.719158997040248,2.308998058871039,801.143122702836195,0.227058030664921,0.951720172166825
2238,MX30207,2238,2696.000000000000000,0.046805556304444,0.119943268597126,16.567632675170898,16.447689406573772,0.621432808639609,1.421803671335882,1675.382852092386202,0.279443874955177,0.911046147346497
2239,MX26064,2239,16254.000000000000000,0.282187504515000,0.048807810992002,15.054745674133301,15.005937863141298,0.102701559618814,0.291084177591227,1669.311150044199167,0.087520543485880,0.103987535089254
2240,MX32011,2240,1540.000000000000000,0.026736111538889,0.054889507591724,6.131618499755859,6.076728992164135,0.147441965747963,0.340936404325787,227.060627251863252,0.095371771603823,0.153420354425907
2241,MX20555,2241,104.000000000000000,0.001805555584444,0.192704811692238,7.406843185424805,7.214138373732567,1.037228973725668,1.194186836818524,107.871813267469463,0.468742802739143,2.707392072677613
2242,MX26065,2242,9375.000000000000000,0.162760419270833,0.056807126849890,6.811940193176270,6.755133066326380,0.101416693460941,0.148825457511561,950.781501196325848,0.090836554765701,0.105547334253788
2243,MX28039,2243,15590.000000000000000,0.270659726552778,0.007827807217836,21.786907196044922,21.779079388827085,0.122711486307363,0.456197553380399,1913.072071531789561,0.079397346824408,0.136918000876904
2244,MX13076,2244,1674.000000000000000,0.029062500465000,0.237684026360512,1999.904907226562500,1999.667223200201988,9.799134932787771,68.225984308628526,16403.751877486727608,1.797034144401550,15.526480007171633
2245,MX13077,2245,1079.000000000000000,0.018732639188611,0.307925581932068,39.820518493652344,39.512592911720276,4.138742459798102,6.365204362408917,4465.703114122152328,1.491320610046387,10.855137062072757
2246,MX21191,2246,1366.000000000000000,0.023715278157222,0.059503939002752,30.070684432983398,30.011180493980646,0.409650599979420,1.802888526076659,559.582719571888219,0.112424101680517,0.436065018177032
2247,MX15108,2247,130.000000000000000,0.002256944480556,4.892323493957520,78.045387268066406,73.153063774108887,32.998465985518230,16.167066098360444,4289.800578117369696,33.695951461791992,54.074560546874999
2248,MX15109,2248,330.000000000000000,0.005729166758333,4.611526012420654,65.741035461425781,61.129509449005127,34.603838000153040,15.460045861284502,11419.266540050502954,36.988059997558594,52.793299484252934
2249,MX23009,2249,9850.000000000000000,0.171006947180556,0.019933829084039,42.301517486572266,42.281583657488227,0.218283148648284,1.337191354071836,2150.089014185593442,0.068866245448589,0.144599351286888
2250,MX07100,2250,1971.000000000000000,0.034218750547500,0.054340332746506,14.628708839416504,14.574368506669998,0.296772076641996,0.698251460093674,584.937763061374085,0.126839727163315,0.581975638866425
2251,MX16096,2251,10161.000000000000000,0.176406252822500,0.007026398554444,4.937850475311279,4.930824076756835,0.074714914210186,0.170065403791448,759.178243289702891,0.057540237903595,0.080433517694473
2252,MX31097,2252,2066.000000000000000,0.035868056129444,0.043124150484800,6.209828376770020,6.166704226285219,0.122435015544209,0.327399879573459,252.950742114335441,0.080405030399561,0.109924156218767
2253,MX16097,2253,7639.000000000000000,0.132621529899722,0.016590125858784,10.543471336364746,10.526881210505962,0.126257020150598,0.351559072839384,964.477376930414948,0.073443897068501,0.171081909537315
2254,MX14106,2254,2131.000000000000000,0.036996528369722,0.046114228665829,8.046387672424316,8.000273443758488,0.172984720472157,0.370619041867819,368.630439326167220,0.108629599213600,0.193047031760216
2255,MX14107,2255,655.000000000000000,0.011371527959722,0.094609536230564,9.287222862243652,9.192613326013088,0.428008770612815,0.925476221324401,280.345744751394022,0.155442893505096,0.879703688621521
2256,MX14108,2256,3583.000000000000000,0.062204862106389,0.044820502400398,19.680715560913086,19.635895058512688,0.364386192846034,1.145519146345319,1305.595728967338800,0.140998557209969,0.461422383785248
2257,MX16098,2257,1206.000000000000000,0.020937500335000,0.074497833848000,8.844515800476074,8.770017966628075,0.449039492947644,0.776781920341237,541.541628494859197,0.211141876876354,0.916281104087830
2258,MX18018,2258,1193.000000000000000,0.020711805886944,0.062439221888781,23.891410827636719,23.828971605747938,0.615118334521067,2.242290763418938,733.836173083633071,0.143807426095009,0.655770766735077
2259,MX30189,2259,4521.000000000000000,0.078489584589167,0.066038213670254,486.784881591796875,486.718843378126621,1.479495428789312,11.415501663293318,6688.798833556478712,0.272953420877457,1.682871341705322
2260,MX30190,2260,272.000000000000000,0.004722222297778,0.118319422006607,5.268102169036865,5.149782747030258,0.334993081769961,0.531177672568378,91.118118241429343,0.208544537425041,0.449902778863907
2261,MX07102,2261,794.000000000000000,0.013784722442778,0.293865531682968,10.122321128845215,9.828455597162247,1.540752497217818,1.227297560305059,1223.357482790947643,1.184466540813446,2.745919823646546
2262,MX07101,2262,1632.000000000000000,0.028333333786667,0.260955005884171,69.291000366210938,69.030045360326767,10.826914306711771,15.199867243703453,17669.524148553609848,2.482172369956970,38.954991531372073
2263,MX21192,2263,205.000000000000000,0.003559027834722,0.164031684398651,2.770055770874023,2.606024086475372,0.423731553627224,0.382501952313994,86.864968493580861,0.289921551942825,0.810047531127929
2264,MX07103,2264,835.000000000000000,0.014496528009722,0.100862070918083,9.960399627685547,9.859537556767464,0.805524969654168,1.088028325211236,672.613349661230473,0.429463773965836,1.705983614921570
2265,MX16099,2265,5052.000000000000000,0.087708334736667,0.029678707942367,5.023627758026123,4.993949050083756,0.119342927291904,0.193587992008956,602.920468678698512,0.089483879506588,0.145750543475151
2266,MX21193,2266,1381.000000000000000,0.023975694828056,0.132075786590576,6.084700107574463,5.952624320983887,0.402978499608141,0.510088579957968,556.513307958842574,0.255463987588882,0.714745998382568
2267,MX07104,2267,1742.000000000000000,0.030243056039444,0.029105756431818,43.469512939453125,43.440407183021307,0.462541707431049,2.099166271523494,805.747654344887565,0.143408298492432,0.670387941598892
2268,MX16100,2268,918.000000000000000,0.015937500255000,0.105385527014732,8.337384223937988,8.231998696923256,0.517013404640108,0.840070240187904,474.618305459618739,0.221066065132618,1.106837475299835
2269,MX16101,2269,4666.000000000000000,0.081006945740556,0.019586252048612,1.558670759201050,1.539084507152438,0.096173704342746,0.076431786298648,448.746504463255064,0.079988073557615,0.137954041361809
2270,MX29038,2270,191.000000000000000,0.003315972275278,0.539351582527161,28.258224487304688,27.718872904777527,6.015016387894518,5.111059160679934,1148.868130087852933,4.691606044769287,11.808257102966309
2271,MX31098,2271,3798.000000000000000,0.065937501055000,0.029408024623990,16.629398345947266,16.599990321323276,0.164816554016352,0.734774020999616,625.973272154105189,0.077809147536755,0.142298918962479
2272,MX31099,2272,939.000000000000000,0.016302083594167,0.051017608493567,7.137356758117676,7.086339149624109,0.153654431827025,0.428618032708924,144.281511485576658,0.089354291558266,0.160253965854645
2273,MX31100,2273,654.000000000000000,0.011354166848333,0.136060535907745,17.410369873046875,17.274309337139130,0.776451582390963,1.198663602442392,507.799334883689937,0.448064684867859,1.458783030509949
2274,MX31101,2274,1746.000000000000000,0.030312500485000,0.128944620490074,38.585220336914062,38.456275716423988,1.892996388979318,4.740592565425604,3305.171695157889189,0.502819359302521,3.749019503593445
2275,MX14109,2275,3644.000000000000000,0.063263889901111,0.089088961482048,19.376934051513672,19.287845090031624,0.397224637748251,0.917003333090993,1447.486579954626450,0.214507281780243,0.604620820283890
2276,MX14110,2276,2200.000000000000000,0.038194445055556,0.035651158541441,10.694205284118652,10.658554125577211,0.185830544301055,0.587339031823854,408.827197462320385,0.094663158059120,0.190308450162411
2277,MX20557,2277,551.000000000000000,0.009565972375278,0.089040763676167,12.667866706848145,12.578825943171978,0.635290425750824,1.616924012624156,350.045024588703939,0.203287154436111,0.861075341701508
2278,MX07105,2278,281.000000000000000,0.004878472300278,-0.017925996333361,6.881149291992188,6.899075288325548,0.662794148317435,0.939701115662372,186.245155677199278,0.363385409116745,1.425833821296692
2279,MX26066,2279,16542.000000000000000,0.287187504595000,0.038660500198603,18.934015274047852,18.895354773849249,0.113694920929617,0.409008078808276,1880.741382017731212,0.083936143666506,0.107947024703026
2280,MX11041,2280,584.000000000000000,0.010138889051111,0.261290311813354,28.495805740356445,28.234515428543091,3.481245026604764,5.328763275970736,2033.047095537182031,0.995462417602539,10.990236568450930
2281,MX08065,2281,17320.000000000000000,0.300694449255556,0.022373786196113,12.268750190734863,12.246376404538751,0.095925630506571,0.290870723575716,1661.431920373810044,0.065450754016638,0.086790295690298
2282,MX30191,2282,605.000000000000000,0.010503472390278,0.133944481611252,22.035285949707031,21.901341468095779,1.428909409588034,2.311252954130623,864.490192800760497,0.626895546913147,3.097628259658814
2283,MX08066,2283,14035.000000000000000,0.243663198343056,0.026965532451868,3.869332551956177,3.842367019504309,0.070559545594430,0.076408087577851,990.303222417828806,0.064563475549221,0.078813622891903
2284,MX16102,2284,5014.000000000000000,0.087048612503889,0.039752855896950,38.087192535400391,38.047439679503441,1.410518527608240,4.705329108597540,7072.339897427717005,0.138663671910763,1.593551957607269
2285,MX30210,2285,9321.000000000000000,0.161822919255833,0.031979665160179,6.349460124969482,6.317480459809303,0.154630999593309,0.240888198401689,1441.315547209233728,0.119162142276764,0.179718226194382
2286,MX20558,2286,265.000000000000000,0.004600694518056,0.048079099506140,1.938795804977417,1.890716705471277,0.179751681044417,0.282516523588848,47.634195476770380,0.089196473360062,0.337244302034378
2287,MX31102,2287,5376.000000000000000,0.093333334826667,0.033388629555702,33.329524993896484,33.296136364340782,0.586400085677659,2.496559301831103,3152.486860603095465,0.099603939801455,0.609972298145294
2288,MX15110,2288,1981.000000000000000,0.034392361661389,0.105144873261452,35.723377227783203,35.618232354521751,1.228475199887274,2.729848210966773,2433.609370976690116,0.442553281784058,2.556856632232666
2289,MX15122,2289,231.000000000000000,0.004010416730833,3.518147945404053,58.836204528808594,55.318056583404541,27.956935170408975,17.774691523053612,6458.052024364473255,32.723743438720703,49.335872650146484
2290,MX14111,2290,1766.000000000000000,0.030659722712778,0.077266104519367,18.142950057983398,18.065683953464031,0.318287982342771,1.007273457321043,562.096576817333812,0.149773038923740,0.405936941504478
2291,MX14112,2291,971.000000000000000,0.016857639158611,0.040669161826372,6.595839500427246,6.555170338600874,0.241947944796847,0.504496043253589,234.931454397738349,0.114203125238419,0.405536770820618
2292,MX11042,2292,4077.000000000000000,0.070781251132500,0.173432216048241,55.492630004882812,55.319197788834572,1.347162674554196,2.881447582993181,5492.382224157455312,0.625971913337708,2.600915813446046
2293,MX08067,2293,15537.000000000000000,0.269739587649167,0.042513333261013,5.356320381164551,5.313807047903538,0.086947163714285,0.102269316322750,1350.898082628842758,0.080653220415115,0.097189892828465
2294,MX28040,2294,4694.000000000000000,0.081493056859444,0.119269274175167,51.666774749755859,51.547505475580692,1.065356153034509,3.831756795353935,5000.781782343987288,0.275857076048851,1.081820929050445
2295,MX19050,2295,9218.000000000000000,0.160034724782778,0.045986168086529,6.987920284271240,6.941934116184711,0.133181665481078,0.260589803293509,1227.668592404572564,0.099100347608328,0.149518468976021
2296,MX32049,2296,28899.000000000000000,0.501718758027500,0.031598806381226,40.209472656250000,40.177873849868774,0.136943219941727,0.705267721880526,3957.522113095958957,0.077223584055901,0.119658359885216
2297,MX24044,2297,14315.000000000000000,0.248524309531944,0.030001681298018,27.402078628540039,27.372076947242022,0.101965011634424,0.442672979599354,1459.629141546782876,0.077083982527256,0.104053020477295
2298,MX30192,2298,1675.000000000000000,0.029079861576389,0.061218444257975,11.298114776611328,11.236896332353354,0.341503263843148,0.836517497287373,572.017966937273059,0.154338210821152,0.504462826251984
2299,MX24045,2299,6606.000000000000000,0.114687501835000,0.046689346432686,20.516414642333984,20.469725295901299,0.184802268218681,0.602482617893709,1220.803783852605420,0.104558784514666,0.267256230115891
2300,MX07106,2300,6618.000000000000000,0.114895835171667,-0.008132372051477,87.626289367675781,87.634421739727259,0.393049056916085,2.480630742593779,2601.198658670648001,0.119281202554703,0.584128397703171
2301,MX09017,2301,168.000000000000000,0.002916666713333,17.720033645629883,118.333953857421875,100.613920211791992,61.280044419424854,17.038453013259939,10295.047462463375268,61.814008712768555,80.527474975585946
2302,MX16103,2302,1127.000000000000000,0.019565972535278,0.127076208591461,20.990425109863281,20.863348901271820,0.674822934428040,1.779454508201641,760.525447100400811,0.245432823896408,1.124090337753296
2303,MX21194,2303,1580.000000000000000,0.027430555994444,0.188580736517906,241.036590576171875,240.848009839653969,4.693896179269007,15.304918442210164,7416.355963245031489,1.355863451957703,7.769092893600480
2304,MX30193,2304,1218.000000000000000,0.021145833671667,0.520241975784302,126.004669189453125,125.484427213668823,17.258533404916744,18.609721016063464,21020.893687188592594,9.100119590759277,44.703758621215819
2305,MX32050,2305,811.000000000000000,0.014079861336389,0.123857274651527,13.646988868713379,13.523131594061852,0.883542918982547,1.665516289749373,716.553307294845467,0.366884022951126,1.621913909912109
2306,MX10038,2306,1885.000000000000000,0.032725694968056,0.053662795573473,29.116231918334961,29.062569122761488,0.592178990284787,2.582213891244740,1116.257396686822858,0.122752100229263,0.486234915256501
2307,MX21195,2307,1293.000000000000000,0.022447917025833,0.082380816340446,10.120270729064941,10.037889912724495,0.447896312112644,0.734093179105892,579.129931561648277,0.232764527201653,0.912911057472229
2308,MX11043,2308,5255.000000000000000,0.091232640348611,0.049001663923264,9.782698631286621,9.733696967363358,0.192062978784631,0.371993809666085,1009.290953513233490,0.112710066139698,0.284834951162339
2309,MX28041,2309,7456.000000000000000,0.129444446515556,0.054318070411682,69.820304870605469,69.765986800193787,2.009397470844958,6.858467297220318,14982.067542620003223,0.177307955920696,2.150234580039978
2310,MX05036,2310,22708.000000000000000,0.394236117418889,0.026013527065516,15.523249626159668,15.497236099094152,0.172033233032279,0.473254181098022,3906.530655696986742,0.095218021422625,0.232716387510300
2311,MX30194,2311,256.000000000000000,0.004444444515556,0.160778433084488,22.380466461181641,22.219688028097153,1.098893151094670,2.175799041883435,281.316646680235635,0.504270523786545,2.342422008514404
2312,MX07071,2312,2168.000000000000000,0.037638889491111,-0.013290799222887,70.327743530273438,70.341034329496324,0.472228693109988,2.464230753354666,1023.791806662454746,0.197743780910969,0.662197947502136
2313,MX14114,2313,1585.000000000000000,0.027517361551389,0.088063858449459,19.393949508666992,19.305885650217533,0.593139889850413,1.513875598572924,940.126725412905330,0.239703193306923,0.839354991912842
2314,MX07107,2314,13410.000000000000000,0.232812503725000,-0.008804077282548,16.123344421386719,16.132148498669267,0.200476183542724,0.679995953853854,2688.385621307931615,0.076693058013916,0.308426728844643
2315,MX15111,2315,1530.000000000000000,0.026562500425000,0.097477726638317,43.963603973388672,43.866126246750355,0.862162061025894,2.281132730492293,1319.107953369617235,0.453115731477737,1.541465926170352
2316,MX06010,2316,1422.000000000000000,0.024687500395000,0.060464095324278,39.509857177734375,39.449393082410097,2.721457520798476,7.473326163371348,3869.912594575432649,0.215100072324276,6.431891250610363
2317,MX24056,2317,2971.000000000000000,0.051579861936389,0.060236729681492,10.589476585388184,10.529239855706692,0.262965141317532,0.606055104330981,781.269434854387782,0.130695745348930,0.406438738107681
2318,MX24046,2318,4413.000000000000000,0.076614584559167,0.080337315797806,14.204704284667969,14.124366968870163,0.207631455521221,0.477538952712028,916.277613215150268,0.137989088892937,0.248510906100273
2319,MX20405,2319,859.000000000000000,0.014913194683056,0.019416259601712,6.200726509094238,6.181310249492526,0.109923919743064,0.367258159160898,94.424647059291573,0.061795029789209,0.093409903347492
2320,MX32051,2320,33993.000000000000000,0.590156259442500,0.027921669185162,26.731218338012695,26.703296668827534,0.125367474048063,0.498869096206045,4261.616545315803705,0.078048512339592,0.126334971189499
2321,MX20338,2321,41.000000000000000,0.000711805566944,0.838274180889130,15.995723724365234,15.157449543476105,5.179633758416990,3.997837696464766,212.364984095096560,3.499530315399170,12.314292907714844
2322,MX24047,2322,9721.000000000000000,0.168767363811389,0.044086251407862,6.343956470489502,6.299870219081640,0.132788212544331,0.224774291901893,1290.834214143443205,0.090683802962303,0.167978256940842
2323,MX24048,2323,738.000000000000000,0.012812500205000,0.061874978244305,16.322355270385742,16.260480292141438,0.480681899935007,1.290946481088630,354.743242152035464,0.151381097733974,0.857369756698608
2324,MX24049,2324,12635.000000000000000,0.219357642398611,0.042629823088646,14.141976356506348,14.099346533417702,0.190036145355339,0.610048928061994,2401.106696564707818,0.111116141080856,0.179926413297653
2325,MX24050,2325,5125.000000000000000,0.088975695868056,0.072212114930153,73.206192016601562,73.133979901671410,0.645159399672254,2.536701787139064,3306.441923320300702,0.201688364148140,0.814721310138703
2326,MX20540,2326,707.000000000000000,0.012274305751944,0.033704999834299,15.912455558776855,15.878750558942556,0.386895386457359,1.449836583780853,273.535038225352594,0.094363898038864,0.340239244699478
2327,MX13066,2327,454.000000000000000,0.007881944570556,0.435095578432083,23.418573379516602,22.983477801084518,1.836138725674625,3.277205462830240,833.606981456279755,0.787827402353287,3.317995119094848
2328,MX20334,2328,5748.000000000000000,0.099791668263333,0.011433339677751,12.429047584533691,12.417614244855940,0.168960301088533,0.575093789844878,971.183810656889705,0.068912420421839,0.214476442337036
2329,MX20565,2329,398.000000000000000,0.006909722332778,0.146717518568039,39.650970458984375,39.504252940416336,3.703658887639117,7.224661788640809,1474.056237280368578,0.719069391489029,13.085017395019538
2330,MX15112,2330,1514.000000000000000,0.026284722642778,0.287684649229050,12.560384750366211,12.272700101137161,1.040608407228281,1.172994529190206,1575.481128543617160,0.661183655261993,2.063129138946533
2331,MX20560,2331,1383.000000000000000,0.024010417050833,0.029911441728473,4.144128322601318,4.114216880872846,0.160275038591682,0.328288681006673,221.660378372296691,0.078375399112701,0.259902834892273
2332,MX32052,2332,1730.000000000000000,0.030034722702778,0.088643513619900,22.303600311279297,22.214956797659397,0.424184293231006,1.145369438919125,733.838827289640790,0.208680219948292,0.613662570714951
2333,MX32053,2333,2188.000000000000000,0.037986111718889,0.076107233762741,28.676239013671875,28.600131779909134,0.390894436156565,1.572218959613598,855.277026310563201,0.149235159158707,0.320095756649971
2334,MX14115,2334,3398.000000000000000,0.058993056499444,0.032098937779665,19.466573715209961,19.434474777430296,0.117020888075347,0.581763742924211,397.636977680027769,0.071121037006378,0.099491938203573
2335,MX15113,2335,1136.000000000000000,0.019722222537778,0.161724984645844,67.562835693359375,67.401110708713531,7.780409565785723,10.583140747209896,8838.545266732580785,2.821556687355042,22.509589195251465
2336,MX14116,2336,2277.000000000000000,0.039531250632500,0.069283470511436,25.168281555175781,25.098998084664345,0.445148792577566,1.762846456799536,1013.603800699116618,0.147783920168877,0.443853873014451
2337,MX20038,2337,287.000000000000000,0.004982638968611,0.045488834381104,3.490420818328857,3.444931983947754,0.185075737938337,0.377754986066882,53.116736788302674,0.094061262905598,0.209386271238328
2338,MX24051,2338,7566.000000000000000,0.131354168768333,0.035757560282946,10.841641426086426,10.805883865803480,0.175295048946982,0.392792846325389,1326.282340332867761,0.105417896062136,0.224210239946842
2339,MX26067,2339,7940.000000000000000,0.137847224427778,0.042505901306868,16.519090652465820,16.476584751158953,0.106192157309624,0.349896329203386,843.165729038414042,0.079325418919325,0.099230924993753
2340,MX32054,2340,1895.000000000000000,0.032899306081944,0.077661126852036,26.737977981567383,26.660316854715347,0.517099463290936,1.505788132855927,979.903482936324167,0.180960848927498,0.893085205554962
2341,MX24052,2341,3238.000000000000000,0.056215278677222,0.044627428054810,6.125744819641113,6.081117391586304,0.187389672925400,0.383744422411476,606.767760932444958,0.113831732422113,0.223295743763447
2342,MX26068,2342,5990.000000000000000,0.103993057219444,0.033465769141912,9.387247085571289,9.353781316429377,0.092017929856735,0.295134633729617,551.187399841843103,0.069977965205908,0.085933839529753
2343,MX14068,2343,9162.000000000000000,0.159062502545000,0.019646806642413,9.908784866333008,9.889138059690595,0.093030148660295,0.240979491897510,852.342222025618526,0.073543667793274,0.098270221799612
2344,MX20277,2344,4740.000000000000000,0.082291667983333,-0.000337058037985,7.222369670867920,7.222706728905905,0.072544250258022,0.179979054085448,343.859746223023933,0.053820753470063,0.096906769275665
2345,MX20280,2345,299.000000000000000,0.005190972305278,0.046714536845684,2.142943382263184,2.096228845417500,0.161566309169882,0.224409086139874,48.308326441794613,0.104058749973774,0.249516761302948
2346,MX20486,2346,690.000000000000000,0.011979166858333,0.044702894985676,3.445066452026367,3.400363557040691,0.176884101784747,0.324619103277965,122.050030231475759,0.092111799865961,0.287899452447891
2347,MX05037,2347,9808.000000000000000,0.170277780502222,0.058876615017653,11.621264457702637,11.562387842684984,0.145923481701127,0.405188380604909,1431.217508524656068,0.107793711125851,0.156111265718937
2348,MX15114,2348,2107.000000000000000,0.036579861696389,0.151245728135109,6.416297435760498,6.265051707625389,0.836877568636848,0.602583991323132,1763.301037117839087,0.655975937843323,1.622042822837830
2349,MX07108,2349,9263.000000000000000,0.160815974795278,0.005037204362452,32.059780120849609,32.054742916487157,0.382034473099250,1.569244315147530,3538.785324318348557,0.118669837713242,0.471590995788575
2350,MX11044,2350,643.000000000000000,0.011163194623056,0.921302974224091,159.584838867187500,158.663535892963409,7.371589039940491,13.865367287049789,4739.931752681735816,2.623137474060059,19.078162002563506
2351,MX28042,2351,6607.000000000000000,0.114704862946389,0.025148369371891,4.871847629547119,4.846699260175228,0.094951784849139,0.158509871044168,627.346442498264423,0.072793476283550,0.115363235771656
2352,MX19051,2352,4587.000000000000000,0.079635417940833,0.059965483844280,11.340003967285156,11.280038483440876,0.160947410414551,0.486462457806108,738.265771571547020,0.100893668830395,0.148492696881294
2353,MX16104,2353,1745.000000000000000,0.030295139373611,0.084395937621593,4.734146595001221,4.649750657379627,0.290658992238578,0.403984711992982,507.199941456318413,0.186542272567749,0.440216350555420
2354,MX32055,2354,11005.000000000000000,0.191059030834722,0.046548984944820,24.692022323608398,24.645473338663578,0.262026225285658,0.968279982968340,2883.598609268669861,0.112726889550686,0.245428568124771
2355,MX16105,2355,736.000000000000000,0.012777777982222,0.140884742140770,12.155930519104004,12.015045776963234,0.708975173613947,1.260820929613426,521.805727779864924,0.302559301257133,1.306547522544861
2356,MX30087,2356,622.000000000000000,0.010798611283889,0.311118245124817,96.991699218750000,96.680580973625183,14.856484710978544,15.591821159152433,9240.733490228654773,8.540266513824463,35.502355957031241
2357,MX15043,2357,536.000000000000000,0.009305555704444,0.298917651176453,33.797191619873047,33.498273968696594,2.225539056778843,4.385976201009022,1192.888934433459781,0.514635264873505,6.222228050231934
2358,MX18008,2358,2524.000000000000000,0.043819445145556,0.061583798378706,46.447391510009766,46.385807711631060,0.633596020945528,2.832390661050820,1599.196356866511678,0.140651784837246,0.613701492547989
2359,MX29039,2359,203.000000000000000,0.003524305611944,0.363431304693222,13.178847312927246,12.815416008234024,2.627519048640293,2.871807944552669,533.386366873979455,1.252063751220703,7.618575763702394
2360,MX12069,2360,1107.000000000000000,0.019218750307500,0.073625050485134,6.133651256561279,6.060026206076145,0.371743654265206,0.629521900657174,411.520225271582490,0.159619495272636,0.879224550724029
2361,MX29040,2361,514.000000000000000,0.008923611253889,0.316640406847000,9.992752075195312,9.676111668348312,1.451535819801376,1.686553885177283,746.089411377907140,0.752718329429626,3.700549769401550
2362,MX21196,2362,295.000000000000000,0.005121527859722,0.052721064537764,3.058278560638428,3.005557496100664,0.243342562032453,0.419549680533301,71.786055799573646,0.099560372531414,0.533722937107087
2363,MX11045,2363,4569.000000000000000,0.079322917935833,0.032671093940735,9.411759376525879,9.379088282585144,0.140704285885024,0.268093610750496,642.877882208674919,0.097787015140057,0.216234204173088
2364,MX30092,2364,887.000000000000000,0.015399305801944,0.075372949242592,18.486621856689453,18.411248907446861,0.588622159768723,1.583101764432872,522.107855714857351,0.219757169485092,0.848479557037353
2365,MX29042,2365,35.000000000000000,0.000607638898611,2.184488296508789,22.457139968872070,20.272651672363281,10.252299458639959,5.933289524706696,358.830481052398568,9.785646438598633,18.997783660888672
2366,MX28043,2366,4419.000000000000000,0.076718751227500,0.040422927588224,8.884123802185059,8.843700874596834,0.237474738965648,0.575451526257161,1049.400871489198153,0.112124197185040,0.357697480916978
2367,MX21197,2367,1545.000000000000000,0.026822917095833,0.171750530600548,18.855251312255859,18.683500781655312,0.898529600528065,1.831711069929293,1388.228232815860110,0.373285770416260,1.681329512596133
2368,MX21198,2368,1008.000000000000000,0.017500000280000,0.027116654440761,2.058669567108154,2.031552912667394,0.090660024195954,0.149381528211179,91.385304389521352,0.068970333784819,0.095115082710981
2369,MX24054,2369,2001.000000000000000,0.034739583889167,0.050022237002850,18.503509521484375,18.453487284481525,0.480693332824869,1.014713933939844,961.867358982562337,0.294105887413025,0.858053088188171
2370,MX21199,2370,729.000000000000000,0.012656250202500,0.089552037417889,16.354530334472656,16.264978297054768,0.639259276495139,1.339530248502847,466.020012564956573,0.166804000735283,1.770487809181215
2371,MX31103,2371,551.000000000000000,0.009565972375278,0.071604944765568,6.604837417602539,6.533232472836971,0.236942909968960,0.531590183463042,130.555543392896823,0.127398163080215,0.261863917112350
2372,MX21200,2372,298.000000000000000,0.005173611193889,0.163175567984581,9.208232879638672,9.045057311654091,0.623859143097129,0.982577394747475,185.910024642944393,0.344698503613472,0.998833030462265
2373,MX13078,2373,680.000000000000000,0.011805555744444,0.095941483974457,2.030625581741333,1.934684097766876,0.297686404701980,0.259133631359438,202.426755197346239,0.197009317576885,0.568341356515884
2374,MX13079,2374,928.000000000000000,0.016111111368889,0.082728244364262,3.026484727859497,2.943756483495235,0.240839958720808,0.241609671424930,223.499481692910251,0.172700844705105,0.396531876921654
2375,MX12070,2375,1290.000000000000000,0.022395833691667,0.038008615374565,10.577986717224121,10.539978101849556,0.195311429937796,0.602778159306004,251.951744619756937,0.094201568514109,0.186642754077912
2376,MX21201,2376,232.000000000000000,0.004027777842222,0.121773809194565,6.672303676605225,6.550529867410660,0.455646351493638,0.858535333874869,105.709953546523977,0.185243427753448,0.969770252704620
2377,MX09013,2377,566.000000000000000,0.009826389046111,0.759724736213684,58.712764739990234,57.953040003776550,19.540698568517687,13.804984362745229,11060.035389781010963,17.283923149108887,39.137832641601562
2378,MX12071,2378,2220.000000000000000,0.038541667283333,0.024747643619776,8.942514419555664,8.917766775935888,0.211858436549166,0.457351651620984,470.325729139149189,0.093993853777647,0.457973417639732
2379,MX17028,2379,461.000000000000000,0.008003472350278,0.956264257431030,58.423847198486328,57.467582941055298,9.066212351823840,7.991294957175732,4179.523894190790088,6.769251346588135,19.536531448364258
2380,MX21202,2380,390.000000000000000,0.006770833441667,0.134021311998367,6.562313079833984,6.428291767835617,0.721763640374709,0.872960175502653,281.487819746136665,0.453474059700966,1.332310974597932
2381,MX21203,2381,804.000000000000000,0.013958333556667,0.074986778199673,8.835478782653809,8.760492004454136,0.304082550673713,0.717045400202739,244.482370741665363,0.179781876504421,0.277502483129501
2382,MX15115,2382,271.000000000000000,0.004704861186389,0.584721684455872,29.688819885253906,29.104098200798035,5.152579266646691,5.470618742022003,1396.348981261253130,3.273614168167114,12.233936309814453
2383,MX30195,2383,183.000000000000000,0.003177083384167,0.101210303604603,7.965378284454346,7.864167980849743,0.866571514984298,1.306792498367133,158.582587242126579,0.358102530241013,1.961057233810426
2384,MX13080,2384,772.000000000000000,0.013402777992222,0.091252058744431,3.033081293106079,2.941829234361649,0.321453695827275,0.320320610404525,248.162253178656528,0.206592097878456,0.582424688339233
2385,MX14118,2385,2820.000000000000000,0.048958334116667,0.060802359133959,27.250940322875977,27.190137963742018,0.402426088486421,1.371359932830878,1134.841569531707819,0.156161941587925,0.551385360956192
2386,MX07109,2386,1022.000000000000000,0.017743055839444,0.078313522040844,26.031744003295898,25.953430481255054,0.681732487327140,2.073065101110220,696.730602048336664,0.216738633811474,0.931056791543960
2387,MX30196,2387,437.000000000000000,0.007586805676944,0.236181199550629,9.205587387084961,8.969406187534332,1.046721434361330,1.154542152046658,457.417266815901030,0.651632070541382,2.175418615341187
2388,MX21204,2388,146.000000000000000,0.002534722262778,0.141396179795265,4.991531848907471,4.850135669112206,0.736692499522477,0.946306595564816,107.557104930281625,0.297459393739700,1.949717998504639
2389,MX29043,2389,178.000000000000000,0.003090277827222,1.066753029823303,41.300640106201172,40.233887076377869,9.075825699929441,8.041342798478148,1615.496974587440491,6.971002578735352,21.841928672790530
2390,MX17029,2390,950.000000000000000,0.016493055819444,0.552902758121490,34.051136016845703,33.498233258724213,5.933748830933322,6.434351590795593,5637.061389386655719,3.025765657424927,15.346562099456790
2391,MX31104,2391,7329.000000000000000,0.127239585369167,0.025798596441746,11.581141471862793,11.555342875421047,0.104139856590566,0.320107926655208,763.241008952258426,0.070877119898796,0.101134701073170
2392,MX20561,2392,293.000000000000000,0.005086805636944,0.038333442062140,4.191198825836182,4.152865383774042,0.204720776375548,0.470868873569686,59.983187478035696,0.087506778538227,0.252585065364838
2393,MX31105,2393,240.000000000000000,0.004166666733333,0.269309818744659,5.862454891204834,5.593145072460175,0.637730119625728,0.683617975956577,153.055228710174617,0.425555095076561,1.103082764148712
2394,MX17030,2394,873.000000000000000,0.015156250242500,0.562358796596527,28.127315521240234,27.564956724643707,2.930534593974331,3.873103075989853,2558.356700539591202,1.516390204429626,6.959973526000980
2395,MX26069,2395,14164.000000000000000,0.245902781712222,0.031793966889381,11.199904441833496,11.168110474944115,0.082281101324071,0.218981556543379,1165.429519154136642,0.068714041262865,0.083107639849186
2396,MX30197,2396,552.000000000000000,0.009583333486667,0.073580063879490,5.682798385620117,5.609218321740627,0.290598340211031,0.454460520266430,160.410283796489381,0.182389184832573,0.451140713691712
2397,MX21205,2397,626.000000000000000,0.010868055729444,0.153606623411179,17.607192993164062,17.453586369752884,1.163337170792083,1.939488110825848,728.249068915843623,0.459080561995506,2.768180251121521
2398,MX31106,2398,663.000000000000000,0.011510416850833,0.073369234800339,7.750205993652344,7.676836758852005,0.229280277457352,0.555560036362861,152.012823954224643,0.117646597325802,0.246933281421662
2399,MX20563,2399,320.000000000000000,0.005555555644444,0.042929425835609,3.577329397201538,3.534399971365929,0.205612191464752,0.386224390590235,65.795901268720627,0.091342870146036,0.432357963919640
2400,MX16106,2400,871.000000000000000,0.015121528019722,0.110494218766689,17.823717117309570,17.713222898542881,0.895291813265374,2.198474214526412,779.799169354140304,0.255732744932175,1.679751634597778
2401,MX11046,2401,3320.000000000000000,0.057638889811111,0.118876211345196,45.393230438232422,45.274354226887226,1.007677340334709,2.556744263546556,3345.488769911232339,0.360646903514862,2.082738089561462
2402,MX20564,2402,310.000000000000000,0.005381944530556,0.037157475948334,1.641858100891113,1.604700624942780,0.108121253646189,0.188595873446263,33.517588630318620,0.067839521914721,0.111788886040449
2403,MX21206,2403,1225.000000000000000,0.021267361451389,0.065213032066822,5.550588607788086,5.485375575721264,0.236152508301394,0.435708779974681,289.286822669207879,0.142607808113098,0.319019716978074
2404,MX21207,2404,871.000000000000000,0.015121528019722,0.159255892038345,20.136117935180664,19.976862043142319,1.312917369498040,1.811190244216065,1143.551028832793236,0.849702179431915,2.396533966064453
2405,MX16107,2405,2265.000000000000000,0.039322917295833,0.063301399350166,27.159166336059570,27.095864936709404,0.742509521201879,2.447767902043339,1681.784065522255787,0.140522614121437,1.154693126678467
2406,MX32056,2406,2241.000000000000000,0.038906250622500,0.103200383484364,147.354019165039062,147.250818781554699,3.772938335619427,12.012638138905791,8455.154810123136485,0.322115689516068,7.077451229095459
2407,MX29044,2407,147.000000000000000,0.002552083374167,1.241222620010376,32.658527374267578,31.417304754257202,9.100265649711195,9.439017519326315,1337.739050507545699,2.945094108581543,24.634395980834960
2408,MX17031,2408,131.000000000000000,0.002274305591944,1.226037263870239,36.922672271728516,35.696635007858276,9.307732471072946,8.062631517375696,1219.312953710555803,5.975002765655518,21.858261108398438
2409,MX21208,2409,2429.000000000000000,0.042170139563611,0.154463976621628,43.739112854003906,43.584648877382278,1.066315895922640,2.902398924757141,2590.081311196092884,0.426080942153931,1.641123151779175
2410,MX15116,2410,331.000000000000000,0.005746527869722,0.099623985588551,7.197644710540771,7.098020724952221,0.383932785460236,0.780613965658368,127.081751987338180,0.153634786605835,0.571499288082123
2411,MX14119,2411,2392.000000000000000,0.041527778442222,0.094114094972610,21.627075195312500,21.532961100339890,0.633964795803023,1.585238364722807,1516.443791560830277,0.230966843664646,1.022024679183960
2412,MX15117,2412,1440.000000000000000,0.025000000400000,0.060089383274317,9.057858467102051,8.997769083827734,0.316752304718830,0.589299573819455,456.123318795114983,0.182709328830242,0.557340139150620
2413,MX17032,2413,265.000000000000000,0.004600694518056,0.403605252504349,9.943514823913574,9.539909571409225,1.649066727116423,1.939946843843524,437.002682685851994,0.774985551834106,4.446306419372558
2414,MX30198,2414,1313.000000000000000,0.022795139253611,0.078154705464840,2.269276142120361,2.191121436655521,0.157165287126364,0.128391400919655,206.358021996915340,0.131252661347389,0.201040828227997
2415,MX13081,2415,1367.000000000000000,0.023732639268611,0.105366706848145,25.807264328002930,25.701897621154785,0.818598932291611,2.386120705846551,1119.024740442631810,0.243158176541328,1.255730485916138
2416,MX16108,2416,1676.000000000000000,0.029097222687778,0.110031843185425,35.060604095458984,34.950572252273560,2.275703959789366,5.099148570556820,3814.079836606977096,0.383524879813194,5.876267194747925
2417,MX14120,2417,5785.000000000000000,0.100434029384722,0.113935746252537,78.528327941894531,78.414392195641994,8.683085261796613,16.191597168313958,50231.648239493406436,0.785979151725769,39.648418426513672
2418,MX14121,2418,1255.000000000000000,0.021788194793056,0.083283230662346,21.391391754150391,21.308108523488045,0.953273378081058,2.254330700931682,1196.358089491727242,0.338564336299896,1.669558620452882
2419,MX21209,2419,2116.000000000000000,0.036736111698889,0.033842086791992,6.051798820495605,6.017956733703613,0.173207619120076,0.317618944073191,366.507322058081115,0.099972046911716,0.265785589814186
2420,MX21210,2420,104.000000000000000,0.001805555584444,0.237285539507866,2.623081445693970,2.385795906186104,0.571826348654353,0.455562730822804,59.469940260052681,0.366453543305397,1.105292224884033
2421,MX14122,2421,1522.000000000000000,0.026423611533889,0.050194911658764,4.924130439758301,4.873935528099537,0.158055160517722,0.261323438119760,240.559954307973612,0.109809219837189,0.205337965488434
2422,MX20567,2422,1500.000000000000000,0.026041667083333,0.043996348977089,3.389400959014893,3.345404610037804,0.128091278659801,0.221575984932140,192.136917989700919,0.084804207086563,0.156561245024204
2423,MX20568,2423,215.000000000000000,0.003732638948611,0.074693582952023,2.768797874450684,2.694104291498661,0.242601126501727,0.375051795597878,52.159242197871237,0.131702125072479,0.384829318523407
2424,MX12072,2424,1121.000000000000000,0.019461805866944,0.050315391272306,8.391723632812500,8.341408241540194,0.350898445353749,0.612135482269254,393.357157241552784,0.156303673982620,0.743680238723755
2425,MX13082,2425,579.000000000000000,0.010052083494167,0.388948202133179,21.133666992187500,20.744718790054321,2.399914747898646,3.686286779238195,1389.550639033316202,0.879479646682739,7.110651111602792
2426,MX14123,2426,1989.000000000000000,0.034531250552500,0.148718118667603,8.919917106628418,8.771198987960815,0.408394693721474,0.579427125165682,812.297045812011675,0.268224269151688,0.646997237205505
2427,MX14023,2427,1350.000000000000000,0.023437500375000,0.083238683640957,36.416740417480469,36.333501733839512,2.374354615603334,6.075535353199110,3205.378731064500698,0.346216842532158,4.973351907730120
2428,MX14124,2428,3589.000000000000000,0.062309028774722,0.184926718473434,40.188877105712891,40.003950387239456,1.395893316480339,2.832819191268853,5009.861112847935146,0.664555013179779,2.495064687728883
2429,MX05038,2429,42271.000000000000000,0.733871539519722,0.043323632329702,20.363077163696289,20.319753531366587,0.117630066791495,0.422092371264534,4972.340553343297870,0.091868661344051,0.131925523281097
2430,MX21211,2430,150.000000000000000,0.002604166708333,0.261832445859909,15.200922012329102,14.939089566469193,1.715013354221980,2.613586309265773,257.252003133297023,0.618124008178711,4.269527244567870
2431,MX24055,2431,3087.000000000000000,0.053593750857500,0.058576270937920,14.922648429870605,14.864072158932686,0.392744301704573,0.775500834549089,1212.401659362017199,0.213421583175659,0.645637011528015
2432,MX30199,2432,105.000000000000000,0.001822916695833,1.114485025405884,10.613257408142090,9.498772382736206,2.691189552488781,1.924712221321347,282.574903011322021,1.999220252037048,5.246223640441895
2433,MX21212,2433,1330.000000000000000,0.023090278147222,0.084558047354221,7.678155899047852,7.593597851693630,0.394056305255657,0.580639710149207,524.094885990023954,0.216377899050713,0.798858267068864
2434,MX13083,2434,1595.000000000000000,0.027690972665278,0.286526292562485,68.876708984375000,68.590182691812515,2.256183856333309,5.081398427327969,3598.613250851627527,0.789225757122040,4.823038291931153
2435,MX30200,2435,875.000000000000000,0.015190972465278,0.069164596498013,2.220432758331299,2.151268161833286,0.236165297823293,0.194060685308799,206.644635595381317,0.171711847186089,0.410223692655563
2436,MX12038,2436,7193.000000000000000,0.124878474220278,0.013102822005749,33.202239990234375,33.189137168228626,0.498053354754565,2.289196698394278,3582.497780749586582,0.070659786462784,0.473986124992371
2437,MX21213,2437,877.000000000000000,0.015225694688056,0.155192136764526,2.854835510253906,2.699643373489380,0.385993753626790,0.368291381060504,338.516521930694580,0.235803335905075,0.790594875812531
2438,MX29037,2438,383.000000000000000,0.006649305661944,0.203180149197578,25.085493087768555,24.882312938570976,1.234679756797947,2.976902441580954,472.882346853613740,0.399827003479004,2.257026243209840
2439,MX13084,2439,4359.000000000000000,0.075677084544167,0.061459153890610,22.873151779174805,22.811692625284195,0.489953527191580,1.277546643834765,2135.707425028097077,0.194838106632233,0.930369031429291
2440,MX20570,2440,1722.000000000000000,0.029895833811667,0.010403417982161,17.515953063964844,17.505549645982683,0.281852333087141,1.096020360551228,485.349717576056491,0.053802452981472,0.438995936512947
2441,MX07111,2441,946.000000000000000,0.016423611373889,0.097281426191330,58.088542938232422,57.991261512041092,2.107790542022180,5.575152161860860,1993.969852752982433,0.371386632323265,4.482668638229370
2442,MX15118,2442,1532.000000000000000,0.026597222647778,0.135990768671036,44.927253723144531,44.791262954473495,3.107188183989368,5.849304440175713,4760.212297871712508,0.416937232017517,9.799896717071535
2443,MX21214,2443,312.000000000000000,0.005416666753333,0.158430367708206,13.196052551269531,13.037622183561325,1.025981403505192,1.846510351431323,320.106197893619878,0.364218577742577,2.541871070861816
2444,MX16109,2444,566.000000000000000,0.009826389046111,0.107183746993542,4.851694107055664,4.744510360062122,0.306635831288546,0.482996340444767,173.555880509316978,0.171265102922916,0.515634179115295
2445,MX16110,2445,2961.000000000000000,0.051406250822500,0.096038423478603,41.903491973876953,41.807453550398350,0.717618124123583,1.922386384503465,2124.867265529928773,0.237072095274925,1.445179820060730
2446,MX16111,2446,795.000000000000000,0.013802083554167,0.092802509665489,4.185022354125977,4.092219844460487,0.397398241389098,0.475600291933110,315.931601904332695,0.216616243124008,0.792927682399750
2447,MX12073,2447,10544.000000000000000,0.183055558484444,0.014260973781347,11.813502311706543,11.799241337925196,0.106845275324568,0.296055736394730,1126.576583022246950,0.067746315151453,0.123748569190502
2448,MX16112,2448,2539.000000000000000,0.044079861816389,0.089971199631691,22.639205932617188,22.549234732985497,0.886970767581873,2.142384982778295,2252.018778890374506,0.275562435388565,1.729168653488159
2449,MX12074,2449,1496.000000000000000,0.025972222637778,0.042084507644176,9.872126579284668,9.830042071640491,0.282823956013722,0.575149569619816,423.104638196528356,0.125315420329571,0.575888991355896
2450,MX30201,2450,1402.000000000000000,0.024340278167222,0.128496721386909,7.949987411499023,7.821490690112114,0.451890918863313,0.434700463356422,633.551068246365048,0.350200682878494,0.766837942600251
2451,MX21215,2451,178.000000000000000,0.003090277827222,0.161262020468712,7.190254211425781,7.028992190957069,0.547186361270005,1.008735471929866,97.399172306060805,0.252811729907990,0.728833645582199
2452,MX30202,2452,1208.000000000000000,0.020972222557778,0.078477740287781,2.669488430023193,2.591010689735413,0.175570108286345,0.162012232628435,212.088690809905273,0.132291138172150,0.264261990785599
2453,MX21216,2453,91.000000000000000,0.001579861136389,0.170032009482384,2.149632215499878,1.979600206017494,0.506176598451950,0.358789958908897,46.062070459127433,0.377588689327240,0.945727825164795
2454,MX21217,2454,1327.000000000000000,0.023038194813056,0.063837148249149,4.973839759826660,4.910002611577511,0.332909771539523,0.404590970122412,441.771266832947163,0.185532242059708,0.705821120738984
2455,MX30203,2455,347.000000000000000,0.006024305651944,0.169778823852539,3.059031009674072,2.889252185821533,0.409454557024780,0.356117457912670,142.080731287598752,0.317128568887711,0.654697728157044
2456,MX15119,2456,998.000000000000000,0.017326389166111,0.160398140549660,24.916517257690430,24.756119117140770,0.950555381531228,1.683444205670226,948.654270768165929,0.359913840889931,2.094002676010132
2457,MX15120,2457,1114.000000000000000,0.019340278087222,1.157861113548279,67.816024780273438,66.658163666725159,10.126462572994955,10.733542711739767,11280.879306316379370,5.463451862335205,26.205753898620610
