OID_,ADM2_PCODE,ZONE_CODE,COUNT,AREA,MIN,MAX,RANGE,MEAN,STD,SUM,MEDIAN,PCT90
1,MX31001,1,1458.000000000000000,0.025312500405000,0.189315378665924,3.939162969589233,3.749847590923309,0.339105960559125,0.323944913469652,494.416490495204243,0.256211355328560,0.433646225929260
2,MX05001,2,3900.000000000000000,0.067708334416667,0.171312674880028,11.243681907653809,11.072369232773781,0.287601479761876,0.478835791654423,1121.645771071318222,0.244742758572102,0.296609735488892
3,MX11001,3,3062.000000000000000,0.053159723072778,0.343437433242798,25.320066452026367,24.976629018783569,1.243526676486008,1.770674236814208,3807.678683400157297,0.760820865631104,2.221978187561035
4,MX19001,4,239.000000000000000,0.004149305621944,0.592668473720551,10.064584732055664,9.471916258335114,1.723856482046917,1.730408738205640,412.001699209213257,1.042582511901855,3.544655895233159
5,MX28001,5,9508.000000000000000,0.165069447085556,0.154568731784821,27.659931182861328,27.505362451076508,0.234041380959685,0.393524224902435,2225.265450164682989,0.201952926814556,0.237007907032967
6,MX20001,6,616.000000000000000,0.010694444615556,0.138376533985138,2.920495033264160,2.782118499279022,0.208841224213119,0.199041720108695,128.646194115281133,0.176835142076015,0.208686806261539
7,MX07001,7,1207.000000000000000,0.020954861446389,0.110285297036171,11.082754135131836,10.972468838095665,0.441074571787521,0.784919418002188,532.377008147537481,0.225564524531364,0.753981518745424
8,MX21001,8,869.000000000000000,0.015086805796944,0.365828543901443,19.007812500000000,18.641983956098557,2.423268468525383,3.041806363150993,2105.820299148557751,1.116884469985962,6.875892066955573
9,MX30001,9,483.000000000000000,0.008385416800833,0.274535387754440,5.017921924591064,4.743386536836624,0.578112987442786,0.601004412474702,279.228572934865895,0.365333795547485,0.986144363880157
10,MX07002,10,2342.000000000000000,0.040659722872778,0.182833507657051,12.913385391235352,12.730551883578300,0.509964958024168,0.831383673913237,1194.337931692601160,0.336995556950569,0.700841093063355
11,MX11002,11,4363.000000000000000,0.075746528989722,0.226118057966232,25.337583541870117,25.111465483903885,0.831715050586971,1.773244432435699,3628.772765710954445,0.394542425870895,1.386832499504089
12,MX15001,12,2356.000000000000000,0.040902778432222,0.267213791608810,21.026210784912109,20.758996993303299,1.102636176770228,1.385422460710683,2597.810832470657715,0.704625576734543,2.155391812324524
13,MX31002,13,691.000000000000000,0.011996527969722,0.272507548332214,20.538845062255859,20.266337513923645,1.011995931610185,1.680051775208790,699.289188742637634,0.598299086093903,1.581935763359070
14,MX07003,14,2609.000000000000000,0.045295139613611,0.126179590821266,10.459438323974609,10.333258733153343,0.415805639424239,0.591286013132786,1084.836913257838887,0.291236788034439,0.669620919227600
15,MX18001,15,7160.000000000000000,0.124305557544444,0.124624267220497,21.206977844238281,21.082353577017784,0.324220054704884,0.863145826239112,2321.415591686968128,0.204460315406322,0.383038479089737
16,MX12001,16,8405.000000000000000,0.145920141223611,0.162277415394783,55.904098510742188,55.741821095347404,2.210627301853729,5.371964817733225,18580.322472080591979,0.440127432346344,5.002375316619884
17,MX21002,17,900.000000000000000,0.015625000250000,0.228319898247719,2.884746074676514,2.656426176428795,0.348173868705829,0.210373692936672,313.356481835246313,0.302169770002365,0.430763238668442
18,MX12076,18,3089.000000000000000,0.053628473080278,0.160416647791862,12.476759910583496,12.316343262791634,0.456309786373336,0.618153169058641,1409.540930107234544,0.301914900541306,0.807081627845764
19,MX14001,19,1695.000000000000000,0.029427083804167,0.236955225467682,13.562702178955078,13.325746953487396,0.795420184300713,0.960627854979518,1348.237212389708020,0.536050617694855,1.275511169433594
20,MX13001,20,1202.000000000000000,0.020868055889444,0.234004661440849,7.408355236053467,7.174350574612617,0.945556899796111,0.880018296406630,1136.559393554925464,0.647897273302078,1.835940957069398
21,MX21003,21,2998.000000000000000,0.052048611943889,0.140929341316223,26.589891433715820,26.448962092399597,0.604686491300736,1.503344652209138,1812.850100919607712,0.262529402971268,0.852810853719712
22,MX30002,22,91.000000000000000,0.001579861136389,0.305202424526215,5.085016250610352,4.779813826084137,0.741994260431646,0.796829898635210,67.521477699279785,0.497126430273056,1.168376803398132
23,MX14002,23,766.000000000000000,0.013298611323889,0.339982777833939,16.401968002319336,16.061985224485397,1.504945936581173,2.285172649339913,1152.788587421178136,0.641384184360504,3.377057909965515
24,MX20002,24,3714.000000000000000,0.064479167698333,0.173251092433929,8.244258880615234,8.071007788181305,0.404950409008246,0.414037947509753,1503.985819056627406,0.303275659680367,0.592857044935227
25,MX21004,25,691.000000000000000,0.011996527969722,0.291850835084915,29.415435791015625,29.123584955930710,2.141963136351401,3.550328680401235,1480.096527218818437,0.757921814918518,5.632949352264404
26,MX13002,26,1189.000000000000000,0.020642361441389,0.370449781417847,12.557358741760254,12.186908960342407,1.432513778905491,1.393270308578954,1703.258883118629001,0.945687472820282,3.109403276443482
27,MX30003,27,3213.000000000000000,0.055781250892500,0.224472463130951,29.024044036865234,28.799571573734283,0.757600684385599,2.070531824525615,2434.170998930931091,0.357847303152084,0.940416049957276
28,MX15002,28,429.000000000000000,0.007447916785833,1.844062209129333,66.362289428710938,64.518227219581604,14.531123197439943,13.510431132558418,6233.851851701735541,9.365924835205078,30.518924331665037
29,MX26001,29,1976.000000000000000,0.034305556104444,0.185338705778122,8.701892852783203,8.516554147005081,0.282023296710330,0.447650261291374,557.278034299611932,0.224911794066429,0.266573086380959
30,MX21005,30,371.000000000000000,0.006440972325278,0.316761434078217,5.985449314117432,5.668687880039215,0.620735724900932,0.660519813989131,230.292953938245631,0.432144135236740,0.879855275154114
31,MX13003,31,1359.000000000000000,0.023593750377500,0.203265085816383,35.211563110351562,35.008298024535179,1.975334552827348,3.922976547778293,2684.479657292366483,0.475922852754593,4.902554035186768
32,MX30004,32,4253.000000000000000,0.073836806736944,0.183894783258438,10.404342651367188,10.220447868108749,0.404688276783204,0.483470947353010,1721.139241158964523,0.297676950693130,0.575304830074310
33,MX29022,33,75.000000000000000,0.001302083354167,0.787006199359894,11.633136749267578,10.846130549907684,3.315807233651480,3.234623695310267,248.685542523860988,1.535399317741394,9.330787849426279
34,MX16001,34,873.000000000000000,0.015156250242500,0.161053627729416,6.273661613464355,6.112607985734940,0.446436932730784,0.558032159772134,389.739442273974419,0.294943124055862,0.696046781539917
35,MX30005,35,900.000000000000000,0.015625000250000,0.183283016085625,8.229113578796387,8.045830562710762,0.353411513831880,0.488018682474665,318.070362448691810,0.263693436980247,0.430822381377220
36,MX15003,36,2262.000000000000000,0.039270833961667,0.257980614900589,13.075784683227539,12.817804068326950,0.961722234937598,1.039366007486710,2175.415695428847357,0.646590590476990,1.721539282798767
37,MX30006,37,830.000000000000000,0.014409722452778,0.203088194131851,9.864464759826660,9.661376565694809,0.911500404416078,1.191653027571481,756.545335665344737,0.487119480967522,2.043117380142212
38,MX05002,38,60849.000000000000000,1.056406266902500,0.155826225876808,56.875976562500000,56.720150336623192,0.333079822565582,1.734044948766164,20267.574123293110461,0.206727609038353,0.231968730688095
39,MX13004,39,601.000000000000000,0.010434027944722,0.208118841052055,5.122486591339111,4.914367750287056,0.478283183051028,0.456929639629723,287.448193013668060,0.357312142848969,0.720831453800201
40,MX30204,40,1795.000000000000000,0.031163194943056,0.778571069240570,1618.371948242187500,1617.593377172946930,9.140946701941052,67.898101615276119,16407.999329984188080,1.763510465621948,8.841964912414554
41,MX26002,41,21434.000000000000000,0.372118061509444,0.175217702984810,76.598602294921875,76.423384591937065,0.475989852941473,2.459835540459334,10202.366507947524951,0.227797873318195,0.300639721751213
42,MX19002,42,5103.000000000000000,0.088593751417500,0.181168794631958,6.363580226898193,6.182411432266235,0.275589644984827,0.285532921498253,1406.333958357570282,0.233171179890633,0.283343404531479
43,MX01001,43,5938.000000000000000,0.103090279427222,0.233933404088020,114.936607360839844,114.702673956751823,7.407867077950081,15.181671374554748,43987.914708867581794,0.997694253921509,33.232527542114283
44,MX16002,44,6898.000000000000000,0.119756946360556,0.129480019211769,11.844777107238770,11.715297088027000,0.266880894208877,0.532534083874339,1840.944408252836183,0.195092268288136,0.280994728207588
45,MX25001,45,16923.000000000000000,0.293802088034167,0.172694742679596,102.256317138671875,102.083622395992279,1.288237683669171,4.574354011462114,21800.846320733387984,0.296580642461777,1.664265823364259
46,MX18002,46,2524.000000000000000,0.043819445145556,0.143092647194862,11.062870025634766,10.919777378439903,0.287033058454987,0.513042000917467,724.471439540387223,0.200730487704277,0.341219168901444
47,MX21006,47,456.000000000000000,0.007916666793333,0.271368980407715,9.072661399841309,8.801292419433594,0.810190758292090,0.908086954070191,369.446985781192893,0.476724401116371,1.732896685600281
48,MX12002,48,4282.000000000000000,0.074340278967222,0.133588239550591,8.353687286376953,8.220099046826363,0.243411359460289,0.275353637919964,1042.287441208955897,0.197168722748756,0.297921112179756
49,MX24001,49,3917.000000000000000,0.068003473310278,0.175419002771378,17.805759429931641,17.630340427160263,0.400674287510338,0.742165088320953,1569.441184177992909,0.241175517439842,0.653181195259094
50,MX14003,50,1366.000000000000000,0.023715278157222,0.202272057533264,22.483625411987305,22.281353354454041,0.665058950008619,1.745803294719597,908.470525711773803,0.293486490845680,0.831694185733795
51,MX21007,51,909.000000000000000,0.015781250252500,0.197639867663383,4.321311950683594,4.123672083020210,0.317404297941720,0.274419365937678,288.520506829023191,0.264463037252426,0.354526114463806
52,MX21008,52,303.000000000000000,0.005260416750833,0.382336020469666,13.676045417785645,13.293709397315979,1.916466483483612,2.028123593890334,580.689344495534556,1.211847305297852,4.092541217803956
53,MX21009,53,354.000000000000000,0.006145833431667,0.192464500665665,4.538384437561035,4.345919936895370,0.421355945242327,0.463707813656987,149.160004615783663,0.283256679773331,0.633172988891602
54,MX08001,54,91485.000000000000000,1.588281275412500,0.182690218091011,30.172332763671875,29.989642545580864,0.253611318839473,0.349192057971473,23201.631504029184725,0.238510206341743,0.266084694862366
55,MX13005,55,1190.000000000000000,0.020659722552778,0.401427686214447,12.668770790100098,12.267343103885651,1.065888793578670,1.430015628937195,1268.407664358617467,0.630045235157013,1.809357678890229
56,MX21010,56,1939.000000000000000,0.033663194983056,0.220840275287628,24.092458724975586,23.871618449687958,0.931898269573704,1.864613592543751,1806.950744703412738,0.476553142070770,1.617002272605896
57,MX12003,57,9798.000000000000000,0.170104169388333,0.135191932320595,18.451261520385742,18.316069588065147,0.352650971692735,0.570522142239402,3455.274220645422247,0.225905969738960,0.539914453029633
58,MX31003,58,385.000000000000000,0.006684027884722,0.230396658182144,11.600710868835449,11.370314210653305,0.821725168321040,1.556213726994748,316.364189803600254,0.354682028293610,1.423476243019107
59,MX30160,59,6359.000000000000000,0.110399307321944,0.195294171571732,40.569351196289062,40.374057024717331,0.619973795622340,1.714670299886330,3942.413366362457054,0.348743021488190,0.787656748294830
60,MX26003,60,33668.000000000000000,0.584513898241111,0.162097334861755,23.251031875610352,23.088934540748596,0.253933114477112,0.476590817200825,8549.420098215421604,0.215138003230095,0.252390679717064
61,MX24002,61,2955.000000000000000,0.051302084154167,0.149448290467262,4.281958103179932,4.132509812712669,0.253502322040032,0.181903793127801,749.099361628294218,0.216793656349182,0.305902308225632
62,MX21011,62,392.000000000000000,0.006805555664444,0.161230742931366,7.356657981872559,7.195427238941193,0.338107393674400,0.649332315642545,132.538098320364952,0.212553992867470,0.356133425235748
63,MX12004,63,2302.000000000000000,0.039965278417222,0.142492860555649,6.440917491912842,6.298424631357193,0.346552333042841,0.432985071108598,797.763470664619604,0.228829264640808,0.528101414442062
64,MX07113,64,131.000000000000000,0.002274305591944,0.337693184614182,6.772028446197510,6.434335261583328,1.487127176450409,1.117266306173721,194.813660115003586,1.179091215133667,2.762815237045288
65,MX08002,65,49188.000000000000000,0.853958346996667,0.173830032348633,41.317550659179688,41.143720626831055,0.283582534664959,0.711776349116998,13948.857715100024507,0.230582684278488,0.288104489445686
66,MX28002,66,18846.000000000000000,0.327187505235000,0.154780983924866,18.566612243652344,18.411831259727478,0.247531880123795,0.407186215200438,4664.985812813033590,0.213789731264114,0.265152722597122
67,MX13006,67,2169.000000000000000,0.037656250602500,0.217849656939507,7.166690349578857,6.948840692639351,0.499430943917658,0.465459153260145,1083.265717357399808,0.347634971141815,0.878842425346375
68,MX21012,68,258.000000000000000,0.004479166738333,0.297699838876724,11.596813201904297,11.299113363027573,1.092801210607668,1.654887341935475,281.942712336778357,0.481757834553719,2.539910602569580
69,MX05003,69,1335.000000000000000,0.023177083704167,0.185717701911926,19.360479354858398,19.174761652946472,0.903810140200323,2.352439096874638,1206.586537167430834,0.250131934881210,1.261734890937809
70,MX08003,70,11190.000000000000000,0.194270836441667,0.162907257676125,18.143716812133789,17.980809554457664,0.264724100637478,0.470340365633500,2962.262686133383340,0.215383529663086,0.274144423007965
71,MX19004,71,987.000000000000000,0.017135416940833,0.261440485715866,32.212833404541016,31.951392918825150,2.321430040589461,3.691512196696494,2291.251450061798096,0.985286712646484,5.584545898437501
72,MX13007,72,1358.000000000000000,0.023576389266111,0.209870412945747,10.464599609375000,10.254729196429253,0.515395111238395,0.670555219800342,699.906561061740490,0.337811931967735,0.821546185016632
73,MX15004,73,845.000000000000000,0.014670139123611,0.186475127935410,8.004650115966797,7.818174988031387,0.647638472420929,0.751503012949580,547.254509195685273,0.439339250326157,1.077658343315125
74,MX15005,74,2381.000000000000000,0.041336806216944,0.307945311069489,38.774303436279297,38.466358125209808,1.791992443992733,2.513617262194558,4266.734009146697645,0.973308980464935,3.690331220626831
75,MX15006,75,45.000000000000000,0.000781250012500,1.407225489616394,20.134387969970703,18.727162480354309,6.561994912889269,5.449417375556650,295.289771080017147,4.872156143188477,15.260783386230472
76,MX30008,76,349.000000000000000,0.006059027874722,0.195356845855713,3.553738355636597,3.358381509780884,0.567307978740394,0.447445154615294,197.990484580397492,0.436855822801590,1.029387879371643
77,MX12005,77,460.000000000000000,0.007986111238889,0.182441487908363,5.662881851196289,5.480440363287926,0.508758751691683,0.733277716476258,234.029025778174343,0.271915033459663,0.910075539350510
78,MX28003,78,8372.000000000000000,0.145347224547778,0.191569268703461,449.067718505859375,448.876149237155914,3.118944210921876,13.267665533170854,26111.800933837948833,0.346189871430397,6.044286108016974
79,MX07004,79,4662.000000000000000,0.080937501295000,0.134835273027420,20.511856079101562,20.377020806074142,0.367392781062323,0.915383862956271,1712.785145312552004,0.223386131227016,0.483025345206261
80,MX26004,80,24210.000000000000000,0.420312506725000,0.169195547699928,35.019256591796875,34.850061044096947,0.262530438233903,0.744942893465591,6355.861909642791034,0.217067830264568,0.256829181313515
81,MX21013,81,235.000000000000000,0.004079861176389,0.592506885528564,16.204242706298828,15.611735820770264,2.378748507702605,3.218998328012051,559.005899310112227,1.042509555816650,6.142323303222654
82,MX30009,82,3201.000000000000000,0.055572917555833,0.167247518897057,35.876380920410156,35.709133401513100,0.412105623175300,1.110100083952602,1319.150099784134682,0.240898430347443,0.478581845760345
83,MX30010,83,1622.000000000000000,0.028159722672778,0.187976092100143,17.172859191894531,16.984883099794388,0.690157580858902,1.184538827610302,1119.435596153139159,0.379291668534279,1.239547026157379
84,MX30011,84,3424.000000000000000,0.059444445395556,0.161437883973122,40.159152984619141,39.997715100646019,0.987754790943601,2.772882348098118,3382.072404190889301,0.299300834536552,1.315774869918824
85,MX09010,85,475.000000000000000,0.008246527909722,0.776946902275085,75.819480895996094,75.042533993721008,33.436626138561628,22.399597727030230,15882.397415816772991,36.163127899169922,62.514601135253905
86,MX16003,86,797.000000000000000,0.013836805776944,0.256026864051819,11.593166351318359,11.337139487266541,0.887035766314981,1.171113109911326,706.967505753039518,0.538669705390930,1.666534018516540
87,MX14004,87,622.000000000000000,0.010798611283889,0.198025584220886,5.971484661102295,5.773459076881409,0.481952233689200,0.613934965613708,299.774289354682480,0.295559152960777,0.838207417726515
88,MX17001,88,577.000000000000000,0.010017361271389,0.300325810909271,8.656291961669922,8.355966150760651,0.963678026581554,1.027489529631373,556.042221337556384,0.529178678989410,2.092327547073364
89,MX15007,89,1099.000000000000000,0.019079861416389,0.238883629441261,9.261228561401367,9.022344931960106,0.844545960399212,0.948948166620978,928.156010478734288,0.514450490474701,1.793053102493286
90,MX07005,90,1545.000000000000000,0.026822917095833,0.208509892225266,8.583590507507324,8.375080615282059,0.441108800494940,0.482460897700414,681.513096764683041,0.324018388986588,0.661790287494660
91,MX07006,91,1219.000000000000000,0.021163194783056,0.193836495280266,5.587078094482422,5.393241599202156,0.534846932490503,0.497265669440997,651.978410705922897,0.375150531530380,0.919441771507263
92,MX07007,92,741.000000000000000,0.012864583539167,0.195700213313103,6.727473258972168,6.531773045659065,0.482287204438537,0.583555237573754,357.374818488955782,0.318118095397949,0.753970623016357
93,MX15008,93,3134.000000000000000,0.054409723092778,0.150635689496994,7.174133777618408,7.023498088121414,0.295468164074170,0.353545682300301,925.997226208449774,0.220737166702747,0.395176661014557
94,MX14005,94,864.000000000000000,0.015000000240000,0.257149666547775,19.767526626586914,19.510376960039139,0.885111003458776,1.792941497794529,764.735906988382226,0.440861046314240,1.306665778160096
95,MX30012,95,648.000000000000000,0.011250000180000,0.213899895548820,3.874758243560791,3.660858348011971,0.404668417425804,0.328649514256927,262.225134491920755,0.305453181266785,0.602086818218232
96,MX18003,96,2585.000000000000000,0.044878472940278,0.142176955938339,4.810503482818604,4.668326526880264,0.245416829036099,0.264499101639868,634.402503058315801,0.197253450751305,0.276972687244415
97,MX30014,97,751.000000000000000,0.013038194653056,0.381024658679962,13.853587150573730,13.472562491893768,1.862072327998920,1.972345034886578,1398.416318327189174,1.111602187156677,4.394789218902588
98,MX29001,98,54.000000000000000,0.000937500015000,1.241272211074829,10.336246490478516,9.094974279403687,5.205846899085573,2.730026981980684,281.115732550620976,5.262714862823486,8.869545078277589
99,MX22001,99,3549.000000000000000,0.061614584319167,0.263927519321442,26.761411666870117,26.497484147548676,0.942698915631511,1.370705137720279,3345.638451576231091,0.633303284645081,1.660403203964234
100,MX14006,100,4195.000000000000000,0.072829862276389,0.159469082951546,29.099718093872070,28.940249010920525,0.699250470714577,2.113818252637717,2933.355724647652096,0.267127215862274,0.941332924365997
101,MX15009,101,870.000000000000000,0.015104166908333,0.336683481931686,24.797006607055664,24.460323125123978,2.116856668221542,3.679568976364867,1841.665301352741153,0.703138142824173,5.745697641372685
102,MX21014,102,219.000000000000000,0.003802083394167,0.258959889411926,3.774619579315186,3.515659689903259,0.558601078785718,0.504255428780985,122.333636254072189,0.401990056037903,0.854114115238191
103,MX21015,103,673.000000000000000,0.011684027964722,0.648511111736298,41.761611938476562,41.113100826740265,6.182701369097113,8.192856560200159,4160.958021402357190,2.390878438949585,18.559226226806643
104,MX19005,104,23826.000000000000000,0.413645839951667,0.172390714287758,35.050586700439453,34.878195986151695,0.314994045922171,0.976503484330277,7505.048138141638447,0.237403221428394,0.315228208899498
105,MX16004,105,1196.000000000000000,0.020763889221111,0.204081669449806,9.383847236633301,9.179765567183495,0.461889586532893,0.658027004678211,552.419945493340379,0.298394769430161,0.692368894815445
106,MX16005,106,378.000000000000000,0.006562500105000,0.202308788895607,7.798311710357666,7.596002921462059,0.659154292176325,0.931493716670625,249.160322442650937,0.355343446135521,1.443907117843628
107,MX07008,107,2822.000000000000000,0.048993056339444,0.117763184010983,15.544442176818848,15.426678992807865,0.331832035958851,0.791861743019930,936.430005475878716,0.193497419357300,0.407833957672119
108,MX30015,108,2128.000000000000000,0.036944445035556,0.147833168506622,10.248256683349609,10.100423514842987,0.365578301965182,0.544108784499655,777.950626581906704,0.254257902503014,0.521040803194046
109,MX25002,109,6640.000000000000000,0.115277779622222,0.162110894918442,19.751657485961914,19.589546591043472,0.515909333740283,1.117905564503062,3425.637976035479824,0.275875359773636,0.711625021696091
110,MX20174,110,15.000000000000000,0.000260416670833,2.686769008636475,10.738116264343262,8.051347255706787,7.037530040740966,2.408925609329354,105.562950611114488,6.874588489532471,10.430141067504882
111,MX28004,111,2941.000000000000000,0.051059028594722,0.174119278788567,9.194576263427734,9.020456984639168,0.304598733372365,0.413322348278780,895.824874848125546,0.240073725581169,0.352484941482544
112,MX13008,112,1591.000000000000000,0.027621528219722,0.244427576661110,36.589065551757812,36.344637975096703,1.275656441813143,2.845001037866214,2029.569398924709958,0.639668166637421,1.964131832122803
113,MX11004,113,1868.000000000000000,0.032430556074444,0.387277632951736,31.485685348510742,31.098407715559006,1.922217615172106,2.779545571519292,3590.702505141493020,1.049371063709259,3.757902812957764
114,MX11005,114,2098.000000000000000,0.036423611693889,0.545398354530334,54.537784576416016,53.992386221885681,3.733325522978944,5.530902489002214,7832.516947209825048,1.706220388412476,8.649909210205074
115,MX16006,115,8098.000000000000000,0.140590280027222,0.129445567727089,38.323520660400391,38.194075092673302,0.479913426559927,1.542142087362521,3886.338928282285451,0.209173783659935,0.542780655622482
116,MX15010,116,375.000000000000000,0.006510416770833,0.657913088798523,32.444881439208984,31.786968350410461,5.033411482652033,5.785383568945249,1887.529305994512470,2.424433708190918,12.510755920410158
117,MX12006,117,3085.000000000000000,0.053559028634722,0.143762633204460,9.965876579284668,9.822113946080208,0.291847589133817,0.528845136425159,900.349812477824344,0.200584858655930,0.345265817642212
118,MX30017,118,333.000000000000000,0.005781250092500,0.305300116539001,31.522634506225586,31.217334389686584,1.362558257561905,3.485537421108483,453.731899768114260,0.560545027256012,1.745886969566347
119,MX29002,119,59.000000000000000,0.001024305571944,1.649659752845764,33.579460144042969,31.929800391197205,10.810738125089873,7.659132112354028,637.833549380302543,9.116612434387207,22.235665893554689
120,MX29005,120,218.000000000000000,0.003784722282778,0.770772576332092,44.949054718017578,44.178282141685486,11.340776119210297,11.087664398585224,2472.289193987844556,6.266608238220215,29.432931709289551
121,MX19006,121,1170.000000000000000,0.020312500325000,2.337948322296143,91.374526977539062,89.036578655242920,26.518336367810875,18.166966954654885,31026.453550338723289,26.233879089355469,50.540299987792977
122,MX16007,122,288.000000000000000,0.005000000080000,0.215847983956337,4.435483455657959,4.219635471701622,0.424453040377961,0.485544967974004,122.242475628852816,0.311643555760384,0.497085052728653
123,MX32001,123,1469.000000000000000,0.025503472630278,0.166185185313225,12.886261940002441,12.720076754689217,0.516666638934345,1.149234952767594,758.983292594552040,0.242227569222450,0.675522637367248
124,MX32002,124,1016.000000000000000,0.017638889171111,0.180765211582184,2.888202428817749,2.707437217235565,0.321956782917103,0.211833201105888,327.108091443776971,0.273496702313423,0.402453646063805
125,MX16008,125,11129.000000000000000,0.193211808646944,0.131219446659088,4.741342067718506,4.610122621059418,0.203767957691877,0.146537548491370,2267.733601152893698,0.179059311747551,0.230747094750405
126,MX30018,126,102.000000000000000,0.001770833361667,0.331806331872940,4.295702457427979,3.963896125555038,0.650414459845599,0.615661150774536,66.342274904251113,0.449542790651321,1.073864120244981
127,MX08004,127,2623.000000000000000,0.045538195173056,0.259619086980820,92.202583312988281,91.942964226007462,1.181758189992144,4.282911837673713,3099.751732349393478,0.417833864688873,1.402890062332153
128,MX24003,128,4003.000000000000000,0.069496528889722,0.174414932727814,4.739153385162354,4.564738452434540,0.353019338137443,0.244555131548693,1413.136410564184189,0.278660982847214,0.540795755386353
129,MX21016,129,836.000000000000000,0.014513889121111,0.206241816282272,3.632698535919189,3.426456719636917,0.473636179645523,0.335351676527343,395.959846183657589,0.363404646515846,0.888368725776672
130,MX19007,130,13763.000000000000000,0.238940976045278,0.139516294002533,11.725690841674805,11.586174547672272,0.244123051656651,0.366320522851557,3359.865559950485022,0.200914502143860,0.251493334770203
131,MX14008,131,4746.000000000000000,0.082395834651667,0.185908347368240,26.208536148071289,26.022627800703049,0.700179664334114,1.827977544509288,3323.052686929703668,0.310247495770454,0.868603438138962
132,MX12007,132,3707.000000000000000,0.064357639918611,0.153375551104546,15.565897941589355,15.412522390484810,0.432752340304456,0.883906352198008,1604.212925508619719,0.262518018484116,0.594075477123261
133,MX16009,133,3451.000000000000000,0.059913195403056,0.160679116845131,13.421126365661621,13.260447248816490,0.348018116089650,0.704417260204634,1201.010518625381110,0.231165960431099,0.435301423072815
134,MX26005,134,3872.000000000000000,0.067222223297778,0.170750930905342,4.984842777252197,4.814091846346855,0.223618905090781,0.146873828692273,865.852400511502083,0.212604604661465,0.230606664717197
135,MX26006,135,16617.000000000000000,0.288489587949167,0.174723044037819,8.299274444580078,8.124551400542259,0.229069754041015,0.135266395499522,3806.452102899542751,0.220946788787842,0.241189625859261
136,MX24004,136,3151.000000000000000,0.054704861986389,0.173979595303535,6.851311206817627,6.677331611514091,0.344238742098320,0.262408836499372,1084.696276351804954,0.287779092788696,0.467393249273300
137,MX06001,137,2013.000000000000000,0.034947917225833,0.188467085361481,19.519884109497070,19.331417024135590,0.547928706766418,1.290858143384101,1102.980486720799490,0.292953252792358,0.591086053848267
138,MX07009,138,3895.000000000000000,0.067621528859722,0.125695794820786,25.551757812500000,25.426062017679214,0.520683266840328,1.390110549413165,2028.061324343077786,0.250483751296997,0.671057188510895
139,MX22003,139,3674.000000000000000,0.063784723242778,0.155781924724579,7.398217678070068,7.242435753345490,0.324824512430715,0.433817623199047,1193.405258670447665,0.236310586333275,0.424818205833435
140,MX05004,140,8449.000000000000000,0.146684030124722,0.179918274283409,47.109180450439453,46.929262176156044,0.740870936301168,2.383145118604897,6259.618540808572106,0.315698057413101,0.876227295398712
141,MX16010,141,16928.000000000000000,0.293888893591111,0.121673077344894,8.405512809753418,8.283839732408524,0.196184657730201,0.215701928065981,3321.013886056841329,0.177462354302406,0.203671015799046
142,MX08005,142,70001.000000000000000,1.215295158333611,0.174947321414948,121.803962707519531,121.629015386104584,0.276949198947819,0.932575167006667,19386.720875546292518,0.236967355012894,0.286981046199799
143,MX01002,143,2761.000000000000000,0.047934028544722,0.252788960933685,21.620029449462891,21.367240488529205,1.157204821333425,1.833574635073969,3195.042511701585681,0.554651439189911,2.526862859725952
144,MX30019,144,145.000000000000000,0.002517361151389,0.325188785791397,7.178246974945068,6.853058189153671,1.335734928270866,1.212640374415003,193.681564599275589,0.939357042312622,2.230903768539429
145,MX20003,145,374.000000000000000,0.006493055659444,0.169522836804390,1.598879575729370,1.429356738924980,0.276697687366430,0.160055556195871,103.484935075044689,0.229477629065514,0.398249152302742
146,MX20004,146,410.000000000000000,0.007118055669444,0.143758028745651,1.826297044754028,1.682539016008377,0.234261338485450,0.170406942287153,96.047148779034600,0.200946234166622,0.252920296788216
147,MX20005,147,3211.000000000000000,0.055746528669722,0.161859452724457,10.026895523071289,9.865036070346832,0.403121198274309,0.526324160055415,1294.422167658805620,0.275403469800949,0.612062871456146
148,MX20006,148,1683.000000000000000,0.029218750467500,0.142084345221519,13.859944343566895,13.717859998345375,0.419022810234247,0.971383583507269,705.215389624237559,0.224403515458107,0.537801873683929
149,MX20007,149,23.000000000000000,0.000399305561944,0.371991544961929,4.630501747131348,4.258510202169418,1.683399156383846,1.229853615433864,38.718180596828461,1.417416453361511,3.444333124160766
150,MX20008,150,924.000000000000000,0.016041666923333,0.135319486260414,1.625755429267883,1.490435943007469,0.177754992191797,0.089130568467062,164.245612785220288,0.166167207062244,0.187585376203060
151,MX11006,151,1580.000000000000000,0.027430555994444,0.153063297271729,2.091080665588379,1.938017368316650,0.269154111135609,0.160367858075918,425.263495594262565,0.215931974351406,0.403349801898003
152,MX14010,152,1763.000000000000000,0.030607639378611,0.171427592635155,8.721838951110840,8.550411358475685,0.315194072291653,0.560649563024392,555.687149450184052,0.225813090801239,0.333403742313385
153,MX21017,153,241.000000000000000,0.004184027844722,0.324781060218811,24.138620376586914,23.813839316368103,2.780250240411008,3.284488048190668,670.040307939052809,1.727398991584778,5.497664451599121
154,MX12008,154,2749.000000000000000,0.047725695208056,0.142449975013733,6.255995273590088,6.113545298576355,0.296072450951256,0.440645328754833,813.903167665003821,0.210682973265648,0.331184870004655
155,MX15011,155,438.000000000000000,0.007604166788333,3.689558267593384,59.090587615966797,55.401029348373413,11.708195681985648,10.577992496592369,5128.189708709714068,6.401056528091431,28.334615516662602
156,MX14011,156,2195.000000000000000,0.038107639498611,0.129100829362869,3.133093357086182,3.003992527723312,0.223834225467506,0.194907966607446,491.316124901174931,0.187337026000023,0.248125863075256
157,MX14012,157,3043.000000000000000,0.052829861956389,0.128127336502075,4.354416847229004,4.226289510726929,0.209971415229703,0.204062725216789,638.943016543985095,0.180151134729385,0.224958336353302
158,MX21018,158,1631.000000000000000,0.028315972675278,0.166568830609322,7.133902072906494,6.967333242297173,0.386946698608463,0.580438829712537,631.110065430402528,0.243881538510323,0.514535605907440
159,MX26007,159,1636.000000000000000,0.028402778232222,0.182282850146294,6.316475391387939,6.134192541241646,0.258128453938695,0.307676520100363,422.298150643705469,0.226817615330219,0.250493064522743
160,MX13010,160,310.000000000000000,0.005381944530556,1.011572360992432,979.992309570312500,978.980737209320068,24.555173751231159,82.312314036485432,7612.103862881659552,8.377183437347412,39.982583999633789
161,MX15012,161,43.000000000000000,0.000746527789722,1.572218179702759,19.914476394653320,18.342258214950562,7.538186544595762,5.512246517565399,324.142021417617741,5.927350521087646,15.542453384399419
162,MX15013,162,461.000000000000000,0.008003472350278,2.074267148971558,55.839523315429688,53.765256166458130,25.560772647050868,15.134109490772021,11783.516190290451050,24.603910446166992,45.056373596191406
163,MX15014,163,1286.000000000000000,0.022326389246111,0.380066215991974,49.866512298583984,49.486446082592010,3.258241217299529,5.020843190532851,4190.098205447193322,1.450099229812622,7.476005554199219
164,MX30020,164,304.000000000000000,0.005277777862222,0.328621953725815,6.328311443328857,5.999689489603043,1.573739782465916,1.132476516229992,478.416893869638500,1.171423792839050,3.306605148315429
165,MX12009,165,717.000000000000000,0.012447916865833,0.177360773086548,2.525117158889771,2.347756385803223,0.411998015920653,0.316156144313550,295.402577415108453,0.303670048713684,0.679544174671173
166,MX29003,166,537.000000000000000,0.009322916815833,0.325055897235870,5.613330364227295,5.288274466991425,0.669775836072599,0.558012412301553,359.669623970985583,0.481333106756210,1.129467463493348
167,MX13011,167,711.000000000000000,0.012343750197500,0.240164682269096,4.631743907928467,4.391579225659370,0.516384674086852,0.413533420329078,367.149503275752068,0.390328645706177,0.857395589351654
168,MX17002,168,391.000000000000000,0.006788194553056,0.718136608600616,11.587810516357422,10.869673907756805,3.589556458661014,2.648608538375396,1403.516575336456754,2.627342462539673,7.875440120697021
169,MX15015,169,822.000000000000000,0.014270833561667,-1.500000000000000,22.235643386840820,23.735643386840820,1.496118773364093,2.788649876143487,1229.809631705284346,0.571679919958115,3.543193960189819
170,MX21080,170,65.000000000000000,0.001128472240278,0.315548837184906,2.565737009048462,2.250188171863556,0.728888492859327,0.515765678982089,47.377752035856247,0.482626855373383,1.493598294258118
171,MX21019,171,1449.000000000000000,0.025156250402500,0.310188978910446,44.362579345703125,44.052390366792679,3.988230158206587,5.633652743756468,5778.945499241343896,1.580302953720093,10.321496963500977
172,MX12010,172,2804.000000000000000,0.048680556334444,0.157066792249680,6.110830783843994,5.953763991594315,0.311830011365161,0.280125681491662,874.371351867912267,0.229660578072071,0.464155897498131
173,MX29004,173,933.000000000000000,0.016197916925833,0.270439982414246,17.286685943603516,17.016245961189270,0.991468763012850,1.420812538279745,925.040355890988849,0.579663217067719,1.775257086753847
174,MX32003,174,1416.000000000000000,0.024583333726667,0.155548647046089,4.720631122589111,4.565082475543022,0.276463496219894,0.288784048567195,391.472310647369284,0.217164762318134,0.372461333870888
175,MX13013,175,608.000000000000000,0.010555555724444,1.001954436302185,54.830741882324219,53.828787446022034,8.542127606311906,8.359615978860258,5193.613584637639178,5.614465713500977,20.301462173461939
176,MX14013,176,2558.000000000000000,0.044409722932778,0.242675617337227,27.146402359008789,26.903726741671562,1.004651031531892,2.169249394296797,2569.897338658579429,0.428510531783104,1.665948164463044
177,MX13012,177,2286.000000000000000,0.039687500635000,0.193945020437241,13.268090248107910,13.074145227670670,0.574313788204629,0.888080971819357,1312.881319835782733,0.326065674424171,1.058247268199921
178,MX14014,178,2242.000000000000000,0.038923611733889,0.185128614306450,18.100267410278320,17.915138795971870,0.427548736067992,0.771273733274205,958.564266264438174,0.297079578042030,0.521995550394058
179,MX30021,179,604.000000000000000,0.010486111278889,0.282393068075180,17.326610565185547,17.044217497110367,1.010662169004514,1.784362826861439,610.439950078726383,0.534021347761154,1.648738992214204
180,MX12011,180,7098.000000000000000,0.123229168638333,0.129507645964622,13.355861663818359,13.226354017853737,0.335974913605857,0.591806626216921,2384.749936774370781,0.209588631987572,0.464017572999001
181,MX21020,181,127.000000000000000,0.002204861146389,0.373528689146042,14.196891784667969,13.823363095521927,2.050482513163034,2.755273108954367,260.411279171705246,0.825072586536407,5.301319313049319
182,MX30022,182,319.000000000000000,0.005538194533056,0.446084231138229,11.718878746032715,11.272794514894485,1.390465426127364,1.575005789861098,443.558470934629156,0.765384912490845,2.976633739471435
183,MX21021,183,56.000000000000000,0.000972222237778,0.437508732080460,2.714802265167236,2.277293533086777,0.712291276348489,0.492829731003704,39.888311475515366,0.503567606210709,1.225282549858093
184,MX30023,184,2594.000000000000000,0.045034722942778,0.213046953082085,11.676939964294434,11.463893011212349,0.470536509107973,0.597078506907557,1220.571704626082465,0.349580198526382,0.660741007328034
185,MX21022,185,635.000000000000000,0.011024305731944,0.318447619676590,8.075532913208008,7.757085293531418,0.770463774758061,0.789869071779382,489.244496971368676,0.522145450115204,1.426109147071839
186,MX21023,186,650.000000000000000,0.011284722402778,-1.500000000000000,6.954325199127197,8.454325199127197,0.465758593999423,0.640131633051107,302.743086099624747,0.298855721950531,0.755013847351074
187,MX14015,187,3509.000000000000000,0.060920139863611,0.139791533350945,24.757764816284180,24.617973282933235,0.633177613474835,1.887699621770780,2221.820245683195026,0.236477479338646,0.757326149940492
188,MX15016,188,1422.000000000000000,0.024687500395000,0.457129806280136,29.451078414916992,28.993948608636856,2.156983399651054,2.992462806948175,3067.230394303798676,1.071742534637451,4.791081237792969
189,MX17003,189,701.000000000000000,0.012170139083611,0.344791829586029,13.874256134033203,13.529464304447174,1.141385642080945,1.558423065695613,800.111335098742416,0.594061136245728,2.283792972564697
190,MX24053,190,957.000000000000000,0.016614583599167,0.260195851325989,8.131796836853027,7.871600985527039,0.663031893432951,0.602990814191323,634.521522015333858,0.501224517822266,1.068031501770019
191,MX21024,191,927.000000000000000,0.016093750257500,0.160998880863190,4.120988845825195,3.959989964962006,0.255953259275826,0.289860362513937,237.268671348690361,0.199786797165871,0.268089538812637
192,MX30025,192,861.000000000000000,0.014947916905833,0.197043314576149,4.688522815704346,4.491479501128197,0.450165781496432,0.502081399216852,387.592737868428287,0.285975605249405,0.777529239654541
193,MX17004,193,1865.000000000000000,0.032378472740278,0.327082425355911,41.085926055908203,40.758843630552292,1.705726892107619,2.564358135262773,3181.180653780709690,0.830938875675201,3.878096771240238
194,MX15017,194,251.000000000000000,0.004357638958611,0.871655821800232,18.020788192749023,17.149132370948792,2.835480016303726,3.134866580594778,711.705484092235224,1.360089421272278,6.757722854614258
195,MX20398,195,519.000000000000000,0.009010416810833,0.156967401504517,4.747066020965576,4.590098619461060,0.325214822168295,0.532697450448448,168.786492705345154,0.199546456336975,0.355837082862854
196,MX14016,196,2150.000000000000000,0.037326389486111,0.220371529459953,13.367624282836914,13.147252753376961,0.631816086055234,0.995350124502416,1358.404585018753323,0.362320482730865,1.025040400028230
197,MX21025,197,529.000000000000000,0.009184027924722,0.250229567289352,4.067956447601318,3.817726880311966,0.445271261642020,0.336072718011009,235.548497408628663,0.361458897590637,0.599173820018768
198,MX20009,198,770.000000000000000,0.013368055769444,0.153173297643661,3.692081212997437,3.538907915353775,0.276391732112154,0.300017365380250,212.821633726358300,0.210598282516003,0.322942855954170
199,MX14017,199,4405.000000000000000,0.076475695668056,0.134304478764534,14.994755744934082,14.860451266169548,0.254294019237278,0.500030109278320,1120.165154740211392,0.186777815222740,0.278063720464706
200,MX12012,200,5137.000000000000000,0.089184029204722,0.154856413602829,14.798722267150879,14.643865853548050,0.396161224049818,0.638593689659694,2035.080207943912683,0.270538985729218,0.580896413326263
201,MX09002,201,165.000000000000000,0.002864583379167,31.106857299804688,70.652282714843750,39.545425415039062,55.344473497795327,7.714735732513484,9131.838127136228650,56.506443023681641,64.118968200683582
202,MX12013,202,1924.000000000000000,0.033402778312222,0.174784809350967,5.660259723663330,5.485474914312363,0.314163817894372,0.350758904664006,604.451185628771100,0.239510312676430,0.386549481749535
203,MX31004,203,546.000000000000000,0.009479166818333,0.252967596054077,10.061185836791992,9.808218240737915,0.727147863898085,1.037040560474020,397.022733688354265,0.429508566856384,1.163615286350250
204,MX26008,204,5717.000000000000000,0.099253473810278,0.177562981843948,6.399793624877930,6.222230643033981,0.226247676471449,0.144876513354537,1293.457966387272336,0.219322085380554,0.235672593116760
205,MX23010,205,29961.000000000000000,0.520156258322500,0.116011239588261,21.299844741821289,21.183833502233028,0.220381944991153,0.462762273941708,6602.863453879925146,0.177710413932800,0.215948387980461
206,MX26009,206,6018.000000000000000,0.104479168338333,0.167813628911972,3.638911247253418,3.471097618341446,0.216095199103409,0.078997098250225,1300.460908204316183,0.212037973105907,0.227909460663795
207,MX26010,207,7277.000000000000000,0.126336807576944,0.175545424222946,4.795166969299316,4.619621545076370,0.224241371711024,0.112707231631253,1631.804461941118689,0.218440189957619,0.234733778238297
208,MX08006,208,5061.000000000000000,0.087864584739167,0.181601896882057,7.050467491149902,6.868865594267845,0.307534315202858,0.386836151725423,1556.431169241666339,0.233696743845940,0.325839579105377
209,MX26011,209,6673.000000000000000,0.115850696298056,0.173124834895134,12.011312484741211,11.838187649846077,0.243089412878732,0.287141454844589,1622.135652139778358,0.224950775504112,0.245491528511047
210,MX26012,210,8285.000000000000000,0.143836807856944,0.178918510675430,16.137577056884766,15.958658546209335,0.368112166305948,0.761254486502050,3049.809297844776211,0.232219815254211,0.455834287405014
211,MX25003,211,25018.000000000000000,0.434340284727222,0.152323916554451,16.928657531738281,16.776333615183830,0.236785457154665,0.291942506005531,5923.898567095404360,0.206348523497581,0.251164031028748
212,MX18020,212,3844.000000000000000,0.066736112178889,0.145223006606102,41.781234741210938,41.636011734604836,1.885455183735221,4.567161566016229,7247.689726278191301,0.313920617103577,5.188020181655887
213,MX27001,213,17530.000000000000000,0.304340282647222,0.135315939784050,28.225252151489258,28.089936211705208,0.305533737675231,0.783177991481940,5356.006421446797503,0.209609962999821,0.345704892277718
214,MX08007,214,28074.000000000000000,0.487395841131667,0.143309846520424,15.764334678649902,15.621024832129478,0.213424624574103,0.210203289791522,5991.682910293356144,0.198066927492619,0.221389088034630
215,MX26013,215,4365.000000000000000,0.075781251212500,0.177598044276237,31.526445388793945,31.348847344517708,0.298307222459050,0.877787761528463,1302.111026033755252,0.221519589424133,0.266347521543503
216,MX30026,216,100.000000000000000,0.001736111138889,1.076540470123291,23.074541091918945,21.998000621795654,6.081217414140702,5.857438250351955,608.121741414070129,3.365922451019287,16.593296623229982
217,MX08008,217,11169.000000000000000,0.193906253102500,0.162571668624878,3.786704063415527,3.624132394790649,0.213239149117024,0.075444770082064,2381.668056488037109,0.206639036536217,0.225494223833084
218,MX26014,218,4527.000000000000000,0.078593751257500,0.175747334957123,7.065551280975342,6.889803946018219,0.252024298403367,0.281539508399347,1140.913998872042384,0.219073966145515,0.253055906295776
219,MX26015,219,9312.000000000000000,0.161666669253333,0.175227850675583,3.788258075714111,3.613030225038528,0.224909805607921,0.094969998517871,2094.360109820964681,0.219249747693539,0.235545691847801
220,MX07010,220,382.000000000000000,0.006631944550556,0.196544557809830,5.168016910552979,4.971472352743149,0.494812437494076,0.420854318375280,189.018351122737016,0.406331166625023,0.707202738523484
221,MX07011,221,1046.000000000000000,0.018159722512778,0.169916987419128,4.795798301696777,4.625881314277649,0.427664558914264,0.373814462845604,447.337128624319746,0.312487095594406,0.730382323265076
222,MX07114,222,5118.000000000000000,0.088854168088333,0.133883401751518,7.270294189453125,7.136410787701607,0.255710712668602,0.358988186345374,1308.727427437904453,0.192821681499481,0.285046383738518
223,MX09014,223,132.000000000000000,0.002291666703333,47.556571960449219,87.306694030761719,39.750122070312500,60.366469469937435,7.378261729065757,7968.373970031741010,59.799583435058594,69.604832458496091
224,MX12014,224,1125.000000000000000,0.019531250312500,0.167390823364258,9.565141677856445,9.397750854492188,0.411167114006149,0.670612183797289,462.563003256917227,0.247091114521027,0.574551725387573
225,MX23005,225,10529.000000000000000,0.182795141813611,0.165562704205513,117.615287780761719,117.449725076556206,3.574874640712670,11.103527218480849,37639.855092063698976,0.278051406145096,5.946524524688729
226,MX26071,226,1709.000000000000000,0.029670139363611,0.212905451655388,18.708827972412109,18.495922520756721,0.717947060677166,1.813911103792658,1226.971526697277341,0.313726246356964,0.795627427101136
227,MX29045,227,125.000000000000000,0.002170138923611,0.325042873620987,9.374003410339355,9.048960536718369,0.900352245807648,1.535281972652721,112.544030725955963,0.429215192794800,1.336501336097718
228,MX30027,228,1161.000000000000000,0.020156250322500,0.201263308525085,2.534781217575073,2.333517909049988,0.340574120789843,0.179717406041131,395.406554237007981,0.283736199140549,0.517157793045044
229,MX32004,229,1655.000000000000000,0.028732639348611,0.146510332822800,6.407578468322754,6.261068135499954,0.249904716879219,0.324764826836685,413.592306435108185,0.201260492205620,0.274704664945602
230,MX26016,230,7613.000000000000000,0.132170141003611,0.176900699734688,28.795650482177734,28.618749782443047,0.283593952084251,0.919530805885206,2159.000757217404498,0.223933801054955,0.248804974555969
231,MX07012,231,1716.000000000000000,0.029791667143333,0.190327897667885,27.916669845581055,27.726341947913170,1.397116716351958,2.863976003020374,2397.452285259959353,0.444222733378410,3.186472415924072
232,MX30028,232,184.000000000000000,0.003194444495556,1.975618600845337,51.585338592529297,49.609719991683960,23.916792335717592,15.198683284842167,4400.689789772036420,25.558369636535645,42.728848648071292
233,MX07013,233,1785.000000000000000,0.030989583829167,0.197238907217979,19.518957138061523,19.321718230843544,0.677090753911256,1.386366023026034,1208.606995731592633,0.325115799903870,1.133856630325320
234,MX08009,234,14277.000000000000000,0.247864587299167,0.165452077984810,13.744888305664062,13.579436227679253,0.253247479900405,0.411331983763040,3615.614270538085748,0.211003914475441,0.249912357330322
235,MX31005,235,359.000000000000000,0.006232638988611,0.254888176918030,4.872201442718506,4.617313265800476,0.440263383318787,0.525762743080408,158.054554611444502,0.309463798999786,0.542008066177368
236,MX14019,236,4361.000000000000000,0.075711806766944,0.146038830280304,6.642212867736816,6.496174037456512,0.240054783724613,0.317327224268152,1046.878911823035196,0.194453328847885,0.257006615400314
237,MX16011,237,342.000000000000000,0.005937500095000,0.265772640705109,14.733070373535156,14.467297732830048,1.246892680550179,2.209739442673796,426.437296748161145,0.406931400299072,3.319487285614016
238,MX31006,238,3281.000000000000000,0.056961806466944,0.154484614729881,10.850308418273926,10.695823803544044,0.268963889622791,0.549900740018370,882.470521852375782,0.200288027524948,0.252221047878265
239,MX08010,239,42643.000000000000000,0.740329872956389,0.171482637524605,17.591413497924805,17.419930860400200,0.265770684239218,0.473021642361878,11333.259288012983234,0.227766230702400,0.256122410297394
240,MX16012,240,4569.000000000000000,0.079322917935833,0.166676908731461,13.731747627258301,13.565070718526840,0.434625267248677,0.770514417406951,1985.802846059207241,0.275199204683304,0.586339879035949
241,MX12015,241,1500.000000000000000,0.026041667083333,0.248290330171585,11.990256309509277,11.741965979337692,0.576027275939782,0.911300932993971,864.040913909672327,0.345434382557869,0.844491857290270
242,MX28005,242,9813.000000000000000,0.170364586059167,0.141946181654930,6.195675373077393,6.053729191422462,0.215233923665953,0.145691492085179,2112.090492933992664,0.201247870922089,0.230290502309799
243,MX19008,243,2446.000000000000000,0.042465278457222,0.168756231665611,17.449069976806641,17.280313745141029,0.332590864814410,0.916739424040990,813.517255336046333,0.216349087655544,0.283738046884537
244,MX28006,244,7388.000000000000000,0.128263890941111,0.147920459508896,7.571724414825439,7.423803955316544,0.228464046050454,0.220265646959596,1687.892372220751213,0.203043915331364,0.239498157799244
245,MX14020,245,7674.000000000000000,0.133229168798333,0.126199871301651,6.702849388122559,6.576649516820908,0.211141377079680,0.209273711036377,1620.298927709462532,0.183645509183407,0.229284462332726
246,MX26017,246,57923.000000000000000,1.005607654978611,0.169669285416603,68.697380065917969,68.527710780501366,0.378158443369504,1.746004025270308,21904.071515291765536,0.232473924756050,0.304739117622376
247,MX07015,247,838.000000000000000,0.014548611343889,0.153627425432205,14.930744171142578,14.777116745710373,0.935175222080192,1.493773183974939,783.676836103200912,0.451349243521690,1.998668110370637
248,MX31007,248,508.000000000000000,0.008819444585556,0.271286338567734,11.932319641113281,11.661033302545547,0.655840736909175,1.244729688726457,333.167094349861031,0.355150312185287,0.813708251714707
249,MX22004,249,6724.000000000000000,0.116736112978889,0.167149722576141,30.898302078247070,30.731152355670929,0.591388338714715,1.216624976384885,3976.495189517740982,0.310190409421921,0.985772716999054
250,MX19009,250,5892.000000000000000,0.102291668303333,0.309696793556213,2898.439453125000000,2898.129756331443787,5.995120650735231,72.981936604433173,35323.250874131983437,1.019197940826416,4.490045499801640
251,MX26018,251,25612.000000000000000,0.444652784892222,0.170087918639183,63.862380981445312,63.692293062806129,0.935764370086730,3.968998591252777,23966.797046661322383,0.229998923838139,0.813293331861496
252,MX04010,252,68933.000000000000000,1.196753491370278,0.114214323461056,22.828548431396484,22.714334107935429,0.187183722835935,0.242458978074804,12903.135566249480689,0.172474250197411,0.194469892978668
253,MX30029,253,662.000000000000000,0.011493055739444,-1.500000000000000,4.850316047668457,6.350316047668457,0.449406574006837,0.551145707136063,297.507151992526133,0.275468304753304,1.016281127929688
254,MX32005,254,1949.000000000000000,0.033836806096944,0.204224348068237,39.150146484375000,38.945922136306763,1.235136317650193,3.498445561840293,2407.280683100225815,0.361585050821304,1.566906285285950
255,MX20011,255,330.000000000000000,0.005729166758333,0.154268935322762,1.887130856513977,1.732861921191216,0.250924276763743,0.202270741588444,82.805011332035050,0.196249648928642,0.310985329747200
256,MX15018,256,512.000000000000000,0.008888889031111,0.332598209381104,39.948577880859375,39.615979671478271,4.312472863763105,5.774027374393683,2207.986106246709824,1.934132277965546,11.459134769439711
257,MX04001,257,9986.000000000000000,0.173368058329444,0.126567289233208,50.339794158935547,50.213226869702339,0.480153647108737,1.722709363072836,4794.814320027851863,0.204454444348812,0.464217662811279
258,MX13014,258,1055.000000000000000,0.018315972515278,0.198091655969620,4.130676269531250,3.932584613561630,0.346448825292677,0.293858376447531,365.503510683774607,0.272092610597610,0.494511014223099
259,MX31008,259,1446.000000000000000,0.025104167068333,0.161130562424660,5.552580833435059,5.391450271010399,0.257098897281689,0.318040817500974,371.765005469322205,0.208156563341618,0.268736481666565
260,MX21026,260,330.000000000000000,0.005729166758333,0.368554830551147,12.169998168945312,11.801443338394165,1.603020298119748,1.955856678303281,528.996698379516829,0.948174566030502,3.464574193954469
261,MX29006,261,1253.000000000000000,0.021753472570278,0.395917356014252,26.399091720581055,26.003174364566803,1.451959782210903,2.943138613936604,1819.305607110261008,0.622250378131866,2.490872049331665
262,MX21027,262,1930.000000000000000,0.033506944980556,0.140486687421799,3.477106809616089,3.336620122194290,0.223622050626599,0.159935129941556,431.590557709336110,0.193196326494217,0.264725190401077
263,MX01003,263,4692.000000000000000,0.081458334636667,0.178453534841537,36.550365447998047,36.371911913156509,0.574796073538874,1.622301918462841,2696.943177044394361,0.259512856602669,0.738982063531876
264,MX08011,264,72654.000000000000000,1.261354186848334,0.139770284295082,50.943214416503906,50.803444132208824,0.255557334668650,1.007752367463490,18567.262593016079336,0.203382849693298,0.228724713623524
265,MX28007,265,4767.000000000000000,0.082760417990833,0.200276434421539,20.834890365600586,20.634613931179047,0.602708686403390,1.346980702569856,2873.112308084960205,0.306355983018875,0.910901069641114
266,MX30007,266,613.000000000000000,0.010642361281389,0.221147820353508,3.521354675292969,3.300206854939461,0.369328574172629,0.291197031666878,226.398415967821848,0.291707754135132,0.520152556896210
267,MX30030,267,104.000000000000000,0.001805555584444,0.893226385116577,39.313686370849609,38.420459985733032,8.710166933444830,9.996847481119413,905.857361078262329,3.741976499557495,25.836233139038086
268,MX21028,268,78.000000000000000,0.001354166688333,0.268757015466690,4.026990413665771,3.758233398199081,0.645549541482558,0.665727108142601,50.352864235639551,0.385112985968590,1.323871457576752
269,MX04002,269,16063.000000000000000,0.278871532239722,0.139621362090111,95.493644714355469,95.354023352265358,1.059669280266665,5.306068124966318,17021.467648923433444,0.220077380537987,0.702555239200593
270,MX21099,270,1210.000000000000000,0.021006944780556,0.224541753530502,9.694630622863770,9.470088869333267,0.631413310261305,0.752879334121852,764.010105416178931,0.389933988451958,1.118393218517304
271,MX14117,271,1363.000000000000000,0.023663194823056,0.203950166702271,18.223846435546875,18.019896268844604,0.446348637921882,1.048787242958416,608.373193487524986,0.269969999790192,0.522741520404815
272,MX26019,272,12597.000000000000000,0.218697920165833,0.180242210626602,71.966415405273438,71.786173194646835,0.726508296408085,2.919629179482575,9151.825009852651419,0.253325998783112,0.558864665031433
273,MX10001,273,17925.000000000000000,0.311197921645833,0.148548871278763,27.223058700561523,27.074509829282761,0.252062693143488,0.557117421080201,4518.223774597021475,0.202589362859726,0.250408363342285
274,MX05005,274,11072.000000000000000,0.192222225297778,0.159155413508415,6.718648910522461,6.559493497014046,0.219134917508306,0.157024463713785,2426.261806651958977,0.209743589162827,0.231599564850330
275,MX04011,275,27909.000000000000000,0.484531257752500,0.129453182220459,30.147642135620117,30.018188953399658,0.257421915103552,0.625598287740307,7184.388228625037300,0.194854721426964,0.271407210826874
276,MX20012,276,877.000000000000000,0.015225694688056,0.155147030949593,2.549922227859497,2.394775196909904,0.246637144732367,0.158858673808980,216.300775930285454,0.218977928161621,0.289336299896240
277,MX10002,277,4597.000000000000000,0.079809029054722,0.147180333733559,4.335666656494141,4.188486322760582,0.236013667902299,0.179178470522453,1084.954831346869014,0.201546937227249,0.276602596044541
278,MX32006,278,2290.000000000000000,0.039756945080556,0.158314302563667,18.869632720947266,18.711318418383598,0.360237589094576,0.996972884885523,824.944079026580198,0.219768434762955,0.322183054685593
279,MX31009,279,656.000000000000000,0.011388889071111,0.200390934944153,10.242430686950684,10.042039752006531,0.411581028798005,0.851000047837115,269.997154891491050,0.250153340399265,0.413944184780121
280,MX31010,280,1781.000000000000000,0.030920139383611,0.163172766566277,3.430482387542725,3.267309620976448,0.257545799995860,0.238552040946305,458.689069792626015,0.212198987603188,0.289390355348587
281,MX20247,281,182.000000000000000,0.003159722272778,0.161976039409637,4.454716682434082,4.292740643024445,0.397338711544053,0.596868947735388,72.315645501017570,0.218351259827614,0.585891032218933
282,MX15019,282,102.000000000000000,0.001770833361667,1.744599699974060,29.901182174682617,28.156582474708557,8.595314136907170,6.390779130593086,876.722041964531400,6.577447652816772,17.152342414855958
283,MX16013,283,4534.000000000000000,0.078715279037222,0.128472149372101,4.652464389801025,4.523992240428925,0.199226417140415,0.167080500860895,903.292575314639976,0.178758829832077,0.214494438469410
284,MX26020,284,13875.000000000000000,0.240885420520833,0.177514940500259,17.079570770263672,16.902055829763412,0.249827382533400,0.328289615762196,3466.354932650931005,0.229435116052628,0.256582272052765
285,MX24005,285,1974.000000000000000,0.034270833881667,0.172020852565765,16.034116744995117,15.862095892429352,0.421194898336371,1.047938183901988,831.438729315997307,0.241907693445683,0.459350663423538
286,MX27002,286,9170.000000000000000,0.159201391436111,0.207643643021584,2824.557617187500000,2824.349973544478416,3.304973306094952,44.736023229439290,30306.605216890704469,0.604585528373718,3.460960531234742
287,MX13015,287,2958.000000000000000,0.051354167488333,0.179864034056664,4.770161628723145,4.590297594666481,0.409674351167203,0.335409595930355,1211.816730752586182,0.309259817004204,0.673629063367845
288,MX08012,288,13681.000000000000000,0.237517364911389,0.164846062660217,7.927928447723389,7.763082385063171,0.227172055107905,0.183695550968593,3107.940885931246612,0.209692612290382,0.234301328659058
289,MX30208,289,1191.000000000000000,0.020677083664167,0.239935770630836,28.739278793334961,28.499343022704124,0.758748380328107,1.790377351186986,903.669320970774947,0.394004195928574,0.927964806556702
290,MX04003,290,31186.000000000000000,0.541423619773889,0.129824265837669,3681.189941406250000,3681.060117140412331,1.157155940206322,33.184210967050895,36087.065151274357049,0.204089708626270,0.448895812034607
291,MX30031,291,1234.000000000000000,0.021423611453889,0.233674377202988,5.517827987670898,5.284153610467911,0.606676276223780,0.404118554462641,748.638524860143889,0.485445499420166,1.137281823158264
292,MX28008,292,15363.000000000000000,0.266718754267500,0.147089958190918,15.173223495483398,15.026133537292480,0.224606163487927,0.220362289072216,3450.624489665029614,0.207331255078316,0.249338304996491
293,MX08013,293,20232.000000000000000,0.351250005620000,0.163311913609505,12.442000389099121,12.278688475489616,0.244705397511226,0.318048874529673,4950.879602447133038,0.216230355203152,0.252183568477631
294,MX14021,294,2593.000000000000000,0.045017361831389,0.156641080975533,11.127947807312012,10.971306726336479,0.367226277585430,0.713104317051426,952.217737779020808,0.221954897046089,0.427140581607819
295,MX05006,295,17450.000000000000000,0.302951393736111,0.156895950436592,30.358469009399414,30.201573058962822,0.366159707169477,1.284821177098208,6389.486890107380532,0.217864640057087,0.341147589683533
296,MX30157,296,1353.000000000000000,0.023489583709167,0.269219011068344,128.254257202148438,127.985038191080093,1.312332044001077,6.446247218564528,1775.585255533456575,0.458175599575043,1.306684541702270
297,MX07016,297,3090.000000000000000,0.053645834191667,0.174913823604584,14.972799301147461,14.797885477542877,0.407221069107356,0.722838208292434,1258.313103541730470,0.261775001883507,0.572403085231781
298,MX30032,298,3179.000000000000000,0.055190973105278,0.165533527731895,16.862459182739258,16.696925655007362,0.387980441977371,0.933006844140870,1233.389825046063834,0.238042354583740,0.474580675363541
299,MX24006,299,9925.000000000000000,0.172309030534722,0.151931941509247,10.501616477966309,10.349684536457062,0.255201159113601,0.358808329350264,2532.871504202492360,0.203807756304741,0.272846585512161
300,MX21029,300,71.000000000000000,0.001232638908611,0.348801195621490,3.545480966567993,3.196679770946503,0.687139745749218,0.623812375855063,48.786921948194504,0.450805753469467,1.179501414299011
301,MX30033,301,1327.000000000000000,0.023038194813056,0.237013459205627,5.732820987701416,5.495807528495789,0.472162448324561,0.370386574562241,626.559568926692350,0.372390657663345,0.702628684043885
302,MX24007,302,5969.000000000000000,0.103628473880278,0.157594799995422,20.531534194946289,20.373939394950867,0.356771009691617,0.954928169791472,2129.566156849262825,0.227180272340775,0.401069700717926
303,MX11007,303,2760.000000000000000,0.047916667433333,0.519331753253937,83.948127746582031,83.428795993328094,8.940246414814316,13.868552467386470,24675.080104887514608,2.476416468620300,30.773316955566401
304,MX31011,304,2559.000000000000000,0.044427084044167,0.146648898720741,19.175954818725586,19.029305920004845,0.282118915841886,0.934768586528208,721.942305639386973,0.191670611500740,0.234100747108459
305,MX31012,305,2717.000000000000000,0.047170139643611,0.156773298978806,8.482513427734375,8.325740128755569,0.241081920992288,0.408752355545833,655.019579336047173,0.194484636187553,0.222348204255104
306,MX27003,306,12601.000000000000000,0.218767364611389,0.183016672730446,444.692840576171875,444.509823903441429,0.795264981835478,6.836748937113116,10021.134036108856890,0.288600623607635,0.939809679985046
307,MX27004,307,8343.000000000000000,0.144843752317500,0.262607961893082,15099.305664062500000,15099.043056100606918,13.355063287364228,260.007404076872263,111421.293006479754695,1.489245533943176,9.856494331359865
308,MX19011,308,5230.000000000000000,0.090798612563889,0.191828221082687,11.090956687927246,10.899128466844559,0.333602019554684,0.598850315019588,1744.738562270998500,0.250366419553757,0.319180271029472
309,MX24008,309,4859.000000000000000,0.084357640238611,0.154427692294121,18.445470809936523,18.291043117642403,0.426650790176806,1.071134835870959,2073.096189469101319,0.237823992967606,0.541525042057037
310,MX30034,310,458.000000000000000,0.007951389016111,0.231659054756165,88.415138244628906,88.183479189872742,2.501508020092304,6.980141246022880,1145.690673202275320,0.609728157520294,6.156560087203980
311,MX24009,311,619.000000000000000,0.010746527949722,0.314329415559769,12.098907470703125,11.784578055143356,1.495494508300344,2.024041223380908,925.711100637913205,0.617726266384125,4.164719390869142
312,MX30054,312,1409.000000000000000,0.024461805946944,0.199756801128387,27.099983215332031,26.900226414203644,0.559053097626179,1.370429120647949,787.705814555286906,0.327342092990875,0.767944228649140
313,MX31016,313,569.000000000000000,0.009878472380278,0.177049785852432,7.750447750091553,7.573397964239120,0.343059412676756,0.638281790678814,195.200805813074027,0.224469378590584,0.346559202671051
314,MX20025,314,112.000000000000000,0.001944444475556,0.210194364190102,13.024635314941406,12.814440950751305,1.918451472185553,2.754511215509283,214.866564884781951,0.401951760053635,6.218865823745728
315,MX20026,315,655.000000000000000,0.011371527959722,0.152233481407166,7.263994693756104,7.111761212348938,0.499493009193253,0.641312519081650,327.167921021580980,0.304522186517715,0.873230898380280
316,MX21045,316,1931.000000000000000,0.033524306091944,-1.500000000000000,20.314374923706055,21.814374923706055,0.751164758401420,1.623500283643518,1450.499148473142668,0.357791543006897,1.306710481643677
317,MX07022,317,908.000000000000000,0.015763889141111,0.222594916820526,9.173271179199219,8.950676262378693,0.593415005780790,0.688080232776582,538.820825248957135,0.407932698726654,0.927467757463456
318,MX32009,318,4579.000000000000000,0.079496529049722,0.140381023287773,22.655527114868164,22.515146091580391,0.381983329220014,1.064364708636830,1749.101664498445871,0.205458864569664,0.430236035585403
319,MX15025,319,1117.000000000000000,0.019392361421389,0.508374273777008,61.933811187744141,61.425436913967133,11.033052105079726,13.596812082127565,12323.919201374053955,4.121458053588867,29.117317581176756
320,MX30055,320,756.000000000000000,0.013125000210000,0.187319189310074,5.402855873107910,5.215536683797836,0.512572666640004,0.569510083902000,387.504935979843253,0.343306064605713,0.834451198577881
321,MX04004,321,33891.000000000000000,0.588385426080833,0.126089140772820,67.178878784179688,67.052789643406868,0.303868443177443,1.112828546686750,10298.405407726730118,0.191296204924583,0.294577747583389
322,MX07023,322,1677.000000000000000,0.029114583799167,0.248529210686684,18.088842391967773,17.840313181281090,1.361899630390395,1.365637471743208,2283.905680164692512,0.940463364124298,2.762008571624756
323,MX07024,323,1987.000000000000000,0.034496528329722,0.135177478194237,9.064980506896973,8.929803028702736,0.308392435409762,0.590320005502464,612.775769159197466,0.204058602452278,0.341853326559067
324,MX31017,324,2225.000000000000000,0.038628472840278,0.158702298998833,5.579423904418945,5.420721605420113,0.262378234541818,0.359138467168395,583.791571855544362,0.199597626924515,0.258620184659958
325,MX15026,325,1445.000000000000000,0.025086805956944,0.317324757575989,7.836874961853027,7.519550204277039,1.067867897352957,1.049206050695478,1543.069111675023350,0.595863997936249,2.446197319030762
326,MX31018,326,842.000000000000000,0.014618055789444,0.184537470340729,5.288403987884521,5.103866517543793,0.336026911816235,0.409261448803470,282.934659749269485,0.246449455618858,0.388627684116364
327,MX14030,327,3134.000000000000000,0.054409723092778,0.231411159038544,23.528982162475586,23.297571003437042,0.940339679237223,2.051982107944227,2947.024554729455758,0.360129237174988,1.606868004798891
328,MX13017,328,1380.000000000000000,0.023958333716667,0.239402472972870,4.748977184295654,4.509574711322784,0.517027549596800,0.476604032191187,713.498018443583760,0.362737953662872,0.894847774505616
329,MX21046,329,430.000000000000000,0.007465277897222,0.232258573174477,6.314157962799072,6.081899389624596,0.719252603345139,0.988696856430559,309.278619438409748,0.349892973899841,1.728023493289948
330,MX13018,330,1163.000000000000000,0.020190972545278,0.212703928351402,4.932841300964355,4.720137372612953,0.447981452798393,0.341315891957782,521.002429604530676,0.352694809436798,0.723425543308258
331,MX07025,331,890.000000000000000,0.015451389136111,0.202639818191528,8.095799446105957,7.893159627914429,0.356273698471905,0.515011380822086,317.083591639995461,0.268643006682396,0.425880816578865
332,MX15027,332,59.000000000000000,0.001024305571944,1.994631171226501,14.797805786132812,12.803174614906311,6.188194236512911,3.340069829241866,365.103459954261723,5.607247352600098,10.953714942932132
333,MX16021,333,1164.000000000000000,0.020208333656667,0.176790922880173,7.210221290588379,7.033430367708206,0.374867247129531,0.621303557198782,436.345475658774603,0.233229771256447,0.413808017969131
334,MX24015,334,10945.000000000000000,0.190017364151389,0.144021049141884,21.692062377929688,21.548041328787804,0.265403120513102,0.592270095670824,2904.837154015896431,0.202522456645966,0.272659790515900
335,MX16022,335,1604.000000000000000,0.027847222667778,0.203643724322319,26.152740478515625,25.949096754193306,0.847679017014112,1.453353318783900,1359.677143290636423,0.481787726283073,1.460140466690063
336,MX16023,336,754.000000000000000,0.013090277987222,0.242136269807816,12.240188598632812,11.998052328824997,0.634978585083541,1.094075441761735,478.773853152990057,0.362020283937454,0.911764758825302
337,MX31019,337,6990.000000000000000,0.121354168608333,0.139839038252831,13.774146080017090,13.634307041764259,0.300554102565427,0.624218065028793,2100.873176932337628,0.203289970755577,0.306295067071915
338,MX07026,338,1230.000000000000000,0.021354167008333,0.237076714634895,13.022765159606934,12.785688444972038,1.262729536966096,1.242156127398984,1553.157330468297914,0.934779495000839,2.312375688552858
339,MX16024,339,1101.000000000000000,0.019114583639167,0.173340484499931,11.522439002990723,11.349098518490791,0.486155798985241,1.082150957244741,535.257534682750247,0.233654320240021,0.613540828227997
340,MX07027,340,4052.000000000000000,0.070347223347778,0.171745687723160,29.315006256103516,29.143260568380356,1.083647694732895,2.192558572958306,4390.940459057688713,0.485384836792946,2.083663487434387
341,MX07028,341,255.000000000000000,0.004427083404167,0.219764858484268,3.705825567245483,3.486060708761215,0.519821089506149,0.504790562986911,132.554377824068098,0.352288246154785,0.811005437374115
342,MX29010,342,385.000000000000000,0.006684027884722,0.540729105472565,40.630153656005859,40.089424550533295,5.660698918398322,7.774511503786349,2179.369083583354040,1.949206590652466,15.820330429077160
343,MX15028,343,102.000000000000000,0.001770833361667,3.342442274093628,40.573661804199219,37.231219530105591,16.848028662157994,8.707944743139828,1718.498923540115356,15.853259086608887,27.970694351196290
344,MX21047,344,3954.000000000000000,0.068645834431667,0.148586407303810,11.305117607116699,11.156531199812889,0.300371932407552,0.522965358995235,1187.670620739460674,0.207440175116062,0.362528476119041
345,MX21048,345,400.000000000000000,0.006944444555556,0.347637295722961,9.588772773742676,9.241135478019714,1.577472603097560,1.610017680604956,630.989041239024004,1.061409056186676,3.649081587791446
346,MX31021,346,2347.000000000000000,0.040746528429722,0.145692110061646,11.099076271057129,10.953384160995483,0.261677780581070,0.516060846836664,614.157751023770402,0.189895033836365,0.270640856027603
347,MX21050,347,540.000000000000000,0.009375000150000,0.208428174257278,4.536093711853027,4.327665537595749,0.750473818928003,0.552166393102580,405.255862221121504,0.555213034152985,1.401800382137299
348,MX07029,348,566.000000000000000,0.009826389046111,0.202804177999496,9.476319313049316,9.273515135049820,0.496857447227193,0.781636805868976,281.221315130591336,0.299227967858315,0.711106747388840
349,MX15029,349,210.000000000000000,0.003645833391667,1.314285278320312,70.010604858398438,68.696319580078125,23.165218441826951,22.260693273036505,4864.695872783659979,10.451195716857910,59.412699508666989
350,MX07030,350,4836.000000000000000,0.083958334676667,0.116002038121223,13.180055618286133,13.064053580164909,0.325539120296564,0.577504782574155,1574.307185754183593,0.203537769615650,0.476171284914017
351,MX30056,351,467.000000000000000,0.008107639018611,0.227217689156532,1.612639904022217,1.385422214865685,0.363259814950843,0.180930383056841,169.642333582043818,0.295996546745300,0.565898668766022
352,MX15030,352,34.000000000000000,0.000590277787222,18.950309753417969,45.802635192871094,26.852325439453125,32.436174729291125,8.074082232669042,1102.829940795898210,33.687765121459961,43.981884002685547
353,MX21049,353,448.000000000000000,0.007777777902222,0.234636843204498,7.477864742279053,7.243227899074554,0.760141749134553,0.830387069784676,340.543503612279608,0.466446772217751,1.518905174732208
354,MX30057,354,672.000000000000000,0.011666666853333,0.198954939842224,5.303593158721924,5.104638218879700,0.405514637895283,0.431731820416935,272.505836665630170,0.287282258272171,0.630233854055404
355,MX30058,355,4685.000000000000000,0.081336806856944,0.162449419498444,141.465118408203125,141.302668988704681,0.434381960801534,3.006068106503229,2035.079486355185509,0.256130754947662,0.428945702314377
356,MX31020,356,223.000000000000000,0.003871527839722,0.333904713392258,7.324202060699463,6.990297347307205,1.068152016722033,1.318327603869421,238.197899729013415,0.620504081249237,2.297449779510501
357,MX21051,357,1597.000000000000000,0.027725694888056,0.213366180658340,22.847051620483398,22.633685439825058,0.880391688181149,1.760203602427961,1405.985526025294121,0.405340254306793,1.605295014381410
358,MX21052,358,126.000000000000000,0.002187500035000,0.290334463119507,5.882495880126953,5.592161417007446,0.745000464102578,0.982312564990824,93.870058476924825,0.390212312340736,1.310044050216675
359,MX21053,359,3769.000000000000000,0.065434028824722,0.209446907043457,22.946674346923828,22.737227439880371,0.645030413138261,1.288161270502497,2431.119627118106109,0.328079849481583,1.062427973747254
360,MX21054,360,736.000000000000000,0.012777777982222,0.210353985428810,12.548890113830566,12.338536128401756,0.792424440728096,1.413714252677914,583.224388375878789,0.299404129385948,1.760079801082611
361,MX08019,361,44744.000000000000000,0.776805567984445,0.179456830024719,113.025833129882812,112.846376299858093,1.632249773258366,7.336233773498083,73033.383854672341840,0.244829215109348,0.738621914386752
362,MX31022,362,2364.000000000000000,0.041041667323333,0.152633875608444,5.058672428131104,4.906038552522659,0.221880544399348,0.228937029285404,524.525606960058326,0.188693344593048,0.217756986618042
363,MX21055,363,630.000000000000000,0.010937500175000,0.194261640310287,7.105429172515869,6.911167532205582,0.505443977954842,0.664848190479730,318.429706111550388,0.308397978544235,0.826420372724533
364,MX21056,364,689.000000000000000,0.011961805746944,0.159129351377487,3.418071508407593,3.258942157030106,0.242007214678735,0.227453145129795,166.742970913648719,0.199273616075516,0.254157042503357
365,MX12028,365,3681.000000000000000,0.063906251022500,0.154629752039909,16.420225143432617,16.265595391392708,0.544110794012004,1.028675799021219,2002.871832758185974,0.311166644096375,0.896392822265625
366,MX16025,366,1520.000000000000000,0.026388889311111,0.174693688750267,6.223453044891357,6.048759356141090,0.553916610081338,0.756919572457310,841.953247323633150,0.310365766286850,0.998629939556122
367,MX21058,367,720.000000000000000,0.012500000200000,0.169315472245216,7.569655895233154,7.400340422987938,0.561410502240889,0.709018151226301,404.215561613440286,0.288258567452431,1.198925697803497
368,MX13019,368,1108.000000000000000,0.019236111418889,0.258335143327713,6.003329277038574,5.744994133710861,0.780395308986898,0.693047108896367,864.678002357482910,0.504178345203400,1.722039389610291
369,MX07031,369,8205.000000000000000,0.142447918945833,0.143745139241219,20.077991485595703,19.934246346354485,0.446756273046781,0.720302165259512,3665.635220348835901,0.294474124908447,0.716649746894837
370,MX12029,370,10682.000000000000000,0.185451391856111,0.133133873343468,38.094680786132812,37.961546912789345,0.706522618290517,2.552612526657602,7547.074608579306187,0.228066392242908,0.793623572587966
371,MX15031,371,270.000000000000000,0.004687500075000,4.680409431457520,83.219383239746094,78.538973808288574,52.533038460766832,17.521716619991640,14183.920384407045276,56.207252502441406,71.838491821289068
372,MX14031,372,3290.000000000000000,0.057118056469444,0.149048522114754,3.239732027053833,3.090683504939079,0.210519917658035,0.132173958409825,692.610529094933781,0.191856391727924,0.225972281396389
373,MX19013,373,22052.000000000000000,0.382847228347778,0.153760969638824,19.678636550903320,19.524875581264496,0.248481421122075,0.497515440127731,5479.512298584003474,0.209703214466572,0.254945227503777
374,MX30059,374,858.000000000000000,0.014895833571667,0.445918142795563,13.225286483764648,12.779368340969086,1.413368088833657,1.522925973445973,1212.669820219277881,1.058666348457336,2.272620010375977
375,MX30060,375,704.000000000000000,0.012222222417778,0.205030426383018,7.059518814086914,6.854488387703896,0.644543187967925,0.856978231427751,453.758404329418852,0.385438248515129,1.045149409770966
376,MX21059,376,438.000000000000000,0.007604166788333,0.164445385336876,7.104743957519531,6.940298572182655,0.429852507600229,0.700016165643748,188.275398328900422,0.256859481334686,0.670877474546433
377,MX16026,377,5051.000000000000000,0.087690973625278,0.134494364261627,6.279175758361816,6.144681394100189,0.222670308822241,0.228078386010360,1124.707729861139796,0.195350661873817,0.245841011404991
378,MX08020,378,10467.000000000000000,0.181718752907500,0.165908753871918,23.983200073242188,23.817291319370270,0.252241088906514,0.502070433064015,2640.207477584477601,0.210495859384537,0.235330128669739
379,MX20027,379,177.000000000000000,0.003072916715833,0.173768296837807,2.360623598098755,2.186855301260948,0.312085573787743,0.296788404546542,55.239146560430527,0.220312386751175,0.399665343761444
380,MX14032,380,1485.000000000000000,0.025781250412500,0.159786716103554,4.977934837341309,4.818148121237755,0.246929391987797,0.270475772364991,366.690147101878722,0.204167783260345,0.260106223821640
381,MX30062,381,218.000000000000000,0.003784722282778,0.320405393838882,16.782041549682617,16.461636155843735,1.375435306254876,2.124872634917606,299.844896763562986,0.719479709863663,2.447395324707032
382,MX31023,382,1454.000000000000000,0.025243055959444,0.173003435134888,8.194287300109863,8.021283864974976,0.395411986206879,0.568519364443383,574.929027944802669,0.256255343556404,0.507900184392929
383,MX25007,383,16800.000000000000000,0.291666671333333,0.157499745488167,26.144216537475586,25.986716791987419,0.270356819293507,0.611006442279766,4541.994564130911385,0.214417964220047,0.278168484568596
384,MX30063,384,1961.000000000000000,0.034045139433611,0.161410763859749,4.438876152038574,4.277465388178825,0.285681728431304,0.237020415212920,560.221869453787576,0.226325407624245,0.396056860685349
385,MX16027,385,957.000000000000000,0.016614583599167,0.194397285580635,5.335876941680908,5.141479656100273,0.403868154127271,0.401890498753982,386.501823499798661,0.281538337469101,0.665466392040253
386,MX30064,386,115.000000000000000,0.001996527809722,0.297864168882370,1.424824237823486,1.126960068941116,0.480369735023250,0.217496849592069,55.242519527673721,0.398351043462753,0.715089488029480
387,MX31024,387,418.000000000000000,0.007256944560556,0.199633449316025,11.970314979553223,11.770681530237198,0.533941345601276,1.224072878058564,223.187482461333332,0.251623392105103,0.526708745956421
388,MX16028,388,1147.000000000000000,0.019913194763056,0.199227973818779,6.968264102935791,6.769036129117012,0.395926477135838,0.434050974037573,454.127669274806692,0.289871782064438,0.570095360279084
389,MX16029,389,5464.000000000000000,0.094861112628889,0.108702935278416,4.558938026428223,4.450235091149807,0.192455187523097,0.148658894759953,1051.575144626201109,0.174263164401054,0.213631118834019
390,MX19012,390,719.000000000000000,0.012482639088611,0.484872549772263,57.214660644531250,56.729788094758987,5.421458434950826,8.277120738297052,3898.028614729643778,1.539467453956604,16.403693771362306
391,MX20013,391,54.000000000000000,0.000937500015000,0.602731227874756,4.587582588195801,3.984851360321045,1.607051796383328,1.073569949012349,86.780797004699707,1.181372880935669,3.115789580345154
392,MX14022,392,2460.000000000000000,0.042708334016667,0.156156450510025,15.208461761474609,15.052305310964584,0.525715031408198,1.290425963329972,1293.258977264166560,0.223702192306519,0.585029911994934
393,MX07017,393,11902.000000000000000,0.206631947750556,0.137740656733513,23.741174697875977,23.603434041142464,0.387244932183225,1.169743593947592,4608.989182844738025,0.218039236962795,0.448450601100921
394,MX30035,394,403.000000000000000,0.006996527889722,0.186776131391525,7.018015384674072,6.831239253282547,0.445528542433424,0.617821911639102,179.548002600669889,0.275181561708450,0.693595278263092
395,MX24010,395,15917.000000000000000,0.276336809976944,0.135498255491257,11.660946846008301,11.525448590517044,0.239933060235343,0.302426765829899,3819.014519765960813,0.205996766686440,0.253350746631622
396,MX24011,396,2620.000000000000000,0.045486111838889,0.177605211734772,18.470304489135742,18.292699277400970,0.638551591279853,1.449626426584556,1673.005169153214638,0.273823559284210,0.994303625822066
397,MX20014,397,1430.000000000000000,0.024826389286111,0.152928784489632,19.095630645751953,18.942701861262321,0.779384973832777,2.004147416851066,1114.520512580871809,0.241646192967892,1.099345076084138
398,MX28009,398,233.000000000000000,0.004045138953611,6.243501186370850,2158.155761718750000,2151.912260532379150,110.297135608902352,258.441782340545899,25699.232596874247974,43.197738647460938,183.554147338867324
399,MX24013,399,12198.000000000000000,0.211770836721667,0.169340282678604,29.750427246093750,29.581086963415146,0.600520837517581,1.792553406205512,7325.153176039454593,0.271266311407089,0.652998125553131
400,MX15020,400,176.000000000000000,0.003055555604444,4.731537818908691,77.412559509277344,72.681021690368652,35.554001361131654,22.537656791786581,6257.504239559170856,43.939872741699219,60.119848251342773
401,MX30036,401,221.000000000000000,0.003836805616944,0.220485240221024,6.368721008300781,6.148235768079758,0.677689953829368,0.930480232775740,149.769479796290369,0.397037416696548,1.037228465080261
402,MX16014,402,1806.000000000000000,0.031354167168333,0.148240223526955,6.884203433990479,6.735963210463524,0.356953657346706,0.555982711509664,644.658305168151514,0.233195833861828,0.493062883615494
403,MX12016,403,13029.000000000000000,0.226197920285833,0.109165258705616,7.694293498992920,7.585128240287304,0.191991912940873,0.161075640862965,2501.462633706632005,0.172405332326889,0.212264451384544
404,MX30037,404,206.000000000000000,0.003576388946111,0.263729333877563,1.862060904502869,1.598331570625305,0.455374471192221,0.293353100329599,93.807141065597492,0.340978905558586,0.803756803274155
405,MX16015,405,13942.000000000000000,0.242048614983889,0.123528547585011,13.191247940063477,13.067719392478466,0.216065335630828,0.402883439864635,3012.382909365002888,0.177140958607197,0.219186325371265
406,MX07018,406,759.000000000000000,0.013177083544167,0.188649594783783,10.829133987426758,10.640484392642975,0.511319784366565,0.832037107164871,388.091716334222895,0.305687695741653,0.794416606426239
407,MX20015,407,583.000000000000000,0.010121527939722,0.175583556294441,2.280534744262695,2.104951187968254,0.279883434213251,0.205835206454121,163.172042146325055,0.225535929203033,0.349806129932404
408,MX21030,408,63.000000000000000,0.001093750017500,0.261610239744186,1.512931466102600,1.251321226358414,0.466823282222899,0.274046960823287,29.409866780042652,0.353788375854492,0.742174005508423
409,MX30038,409,995.000000000000000,0.017274305831944,0.246775642037392,18.033260345458984,17.786484703421593,1.749054375919864,2.692167792423982,1740.309104040264401,0.816652178764343,3.905516052246094
410,MX15021,410,1420.000000000000000,0.024652778172222,0.224310040473938,38.544525146484375,38.320215106010437,1.918349181976118,3.545777924582737,2724.055838406087332,0.670762538909912,4.955673980712891
411,MX17005,411,414.000000000000000,0.007187500115000,0.435653090476990,106.294120788574219,105.858467698097229,3.248727415206929,9.625917058441583,1344.973149895668485,0.907185226678848,6.543003702163697
412,MX30039,412,1442.000000000000000,0.025034722622778,0.500685691833496,1272.084350585937500,1271.583664894104004,22.719571746462115,72.700055768160738,32761.622458398371236,6.097176074981689,41.009436035156256
413,MX21031,413,562.000000000000000,0.009756944600556,0.191386789083481,4.262974739074707,4.071587949991226,0.367850060034477,0.468024418650794,206.731733739376324,0.244989231228828,0.463551703095436
414,MX30040,414,1385.000000000000000,0.024045139273611,0.379184007644653,413.027496337890625,412.648312330245972,5.117509874905916,19.819032586732426,7087.751176744693112,1.591391563415527,9.977789688110354
415,MX12078,415,3034.000000000000000,0.052673611953889,0.157315313816071,8.590563774108887,8.433248460292816,0.398181625403066,0.483091295910119,1208.083051472900934,0.263026937842369,0.685681635141373
416,MX15022,416,71.000000000000000,0.001232638908611,2.658516168594360,33.638816833496094,30.980300664901733,10.401591435284679,7.033082094977564,738.512991905212175,8.101154327392578,20.392705917358398
417,MX12017,417,2185.000000000000000,0.037934028384722,0.157743945717812,38.095695495605469,37.937951549887657,0.534894746344204,1.490072372780367,1168.745020762085005,0.253061324357986,0.808496665954590
418,MX14024,418,1654.000000000000000,0.028715278237222,0.185525283217430,15.588603019714355,15.403077736496925,0.799041605359698,1.490459094162892,1321.614815264940034,0.392530128359795,1.410971856117249
419,MX16016,419,1956.000000000000000,0.033958333876667,0.184526294469833,6.833996772766113,6.649470478296280,0.443383795748215,0.494804765334826,867.258704483509177,0.288999438285828,0.759115189313889
420,MX30041,420,46.000000000000000,0.000798611123889,0.411615461111069,2.623258352279663,2.211642891168594,0.879067122936249,0.521245858721997,40.437087655067451,0.630974352359772,1.577486097812653
421,MX21032,421,1187.000000000000000,0.020607639218611,0.158127054572105,7.139562606811523,6.981435552239418,0.298715974981783,0.427887481689051,354.575862303376141,0.212463483214378,0.342248028516769
422,MX21033,422,232.000000000000000,0.004027777842222,0.398871004581451,7.334271430969238,6.935400426387787,0.949239056300501,0.896858270205919,220.223461061716137,0.629575401544571,2.030551528930665
423,MX20016,423,620.000000000000000,0.010763889061111,0.157548964023590,2.727585792541504,2.570036828517914,0.327531063220193,0.284725121032006,203.069259196519795,0.246146492660046,0.522587740421295
424,MX16074,424,652.000000000000000,0.011319444625556,0.189322322607040,14.683613777160645,14.494291454553604,0.555263829080423,1.215308107043805,362.032016560435693,0.283276498317719,0.717868006229401
425,MX06002,425,3692.000000000000000,0.064097223247778,0.162753924727440,49.273612976074219,49.110859051346779,2.091448176975082,6.311720220075035,7721.626669392002441,0.323006287217140,2.462247824668885
426,MX30042,426,648.000000000000000,0.011250000180000,0.198611721396446,3.880038261413574,3.681426540017128,0.328505654623847,0.305011820918800,212.871664196252709,0.263434678316116,0.409430134296417
427,MX22005,427,4056.000000000000000,0.070416667793333,0.212636962532997,42.921348571777344,42.708711609244347,1.393359946939337,2.811348587780810,5651.467944785952568,0.518330425024033,3.075555801391602
428,MX14025,428,3269.000000000000000,0.056753473130278,0.145029932260513,21.607402801513672,21.462372869253159,0.391946397040299,1.092092011211270,1281.272771924737071,0.215855643153191,0.412391763925553
429,MX06003,429,1552.000000000000000,0.026944444875556,0.156301274895668,18.438480377197266,18.282179102301598,0.716962836615587,1.514016876167014,1112.726322427391324,0.321753755211830,1.215271151065827
430,MX27005,430,3786.000000000000000,0.065729167718333,0.256754755973816,215.048660278320312,214.791905522346497,2.266262111954129,6.265991652215342,8580.068355858331415,1.292334377765656,3.359257817268372
431,MX30043,431,1544.000000000000000,0.026805555984444,0.178012609481812,2.144641637802124,1.966629028320312,0.309962654389788,0.170198254186139,478.582338377833139,0.253899976611137,0.454047334194184
432,MX07019,432,4754.000000000000000,0.082534723542778,0.158765166997910,41.307846069335938,41.149080902338028,1.285950682938197,3.698185312361627,6113.409546688189039,0.340554729104042,2.142744421958923
433,MX03001,433,88267.000000000000000,1.532413218963056,0.146024256944656,33.071144104003906,32.925119847059250,0.254015465351001,0.818177062245339,22421.183080136772332,0.206928536295891,0.235600394010544
434,MX11009,434,2439.000000000000000,0.042343750677500,0.291493326425552,29.863124847412109,29.571631520986557,1.510995865430240,2.469377497397558,3685.318915784356250,0.630128979682922,3.475321578979493
435,MX18004,435,9428.000000000000000,0.163680558174444,0.142756029963493,23.048604965209961,22.905848935246468,0.369834374228636,0.994111849584411,3486.798480227576874,0.214084878563881,0.385134562849998
436,MX20018,436,1109.000000000000000,0.019253472530278,0.131843179464340,1.804908990859985,1.673065811395645,0.189859102353306,0.093112761772621,210.553744509815829,0.176102459430695,0.200745287537575
437,MX14026,437,1326.000000000000000,0.023020833701667,0.178482905030251,18.409660339355469,18.231177434325218,0.404743164350723,1.086118038120637,536.689435929059186,0.242042101919651,0.405587777495384
438,MX32007,438,12405.000000000000000,0.215364586779167,0.146036237478256,27.330745697021484,27.184709459543228,0.257101083928565,0.614072434127376,3189.338946133847458,0.201610803604126,0.255284166336060
439,MX20019,439,852.000000000000000,0.014791666903333,0.141617447137833,2.191025018692017,2.049407571554184,0.214689640302054,0.141979307515692,182.915573537349815,0.184836484491825,0.245639143884182
440,MX25004,440,11023.000000000000000,0.191371530839722,0.140654981136322,38.918704986572266,38.778050005435944,0.344260128152938,0.882421939737507,3794.779392629840004,0.219419091939926,0.399460417032242
441,MX10003,441,5544.000000000000000,0.096250001540000,0.148782908916473,4.951258659362793,4.802475750446320,0.212934039662153,0.143397285844352,1180.506315886977063,0.197767116129398,0.221592275798321
442,MX31013,442,320.000000000000000,0.005555555644444,0.570798754692078,18.547067642211914,17.976268887519836,3.216041550971569,3.298608203957897,1029.133296310902097,2.095286488533020,7.252876520156863
443,MX20020,443,277.000000000000000,0.004809027854722,0.158973947167397,2.369218349456787,2.210244402289391,0.313005202083381,0.237326640106669,86.702440977096558,0.232223838567734,0.477396458387375
444,MX16017,444,1882.000000000000000,0.032673611633889,0.218007057905197,15.014656066894531,14.796649008989334,0.706829966682303,0.971828224082439,1330.253997296093985,0.427106186747551,1.321241378784180
445,MX29018,445,126.000000000000000,0.002187500035000,0.728016078472137,19.670335769653320,18.942319691181183,6.100567330443671,4.978074455914645,768.671483635902632,4.945292234420776,14.718978404998779
446,MX07021,446,1670.000000000000000,0.028993056019444,0.172630995512009,9.872970581054688,9.700339585542679,0.395303612313942,0.555766054527145,660.157032564282645,0.260383203625679,0.622168260812760
447,MX12018,447,1445.000000000000000,0.025086805956944,0.152076885104179,9.567244529724121,9.415167644619942,0.414332608925018,0.664280049018776,598.710619896650428,0.250243812799454,0.624940896034242
448,MX12019,448,3600.000000000000000,0.062500001000000,0.138972923159599,5.315768241882324,5.176795318722725,0.254757489611705,0.284154172846629,917.126962602136246,0.193060114979744,0.310357546806335
449,MX12020,449,1505.000000000000000,0.026128472640278,0.170463636517525,8.053365707397461,7.882902070879936,0.447165244689019,0.505205837123793,672.983693256973766,0.296451896429062,0.778129398822784
450,MX16018,450,853.000000000000000,0.014809028014722,0.267691105604172,5.324091911315918,5.056400805711746,0.520365105424369,0.505084962236742,443.871434926986751,0.349567443132401,0.891129851341248
451,MX06004,451,2612.000000000000000,0.045347222947778,0.176173150539398,19.684333801269531,19.508160650730133,0.480388327058158,1.122603314178862,1254.774310275907965,0.266845077276230,0.665822631120682
452,MX30044,452,795.000000000000000,0.013802083554167,0.364387392997742,48.085632324218750,47.721244931221008,5.326155491070174,8.326147113808275,4234.293615400788440,1.467571258544922,19.377108764648440
453,MX08014,453,9863.000000000000000,0.171232641628611,0.160610899329185,14.625216484069824,14.464605584740639,0.214840825717746,0.260939421103664,2118.975064054132417,0.201145172119141,0.220377060770988
454,MX21034,454,184.000000000000000,0.003194444495556,2.307894229888916,39.964202880859375,37.656308650970459,11.453595547572435,7.199904361284394,2107.461580753328235,9.725681781768799,22.462089157104497
455,MX11010,455,622.000000000000000,0.010798611283889,0.281076520681381,9.133630752563477,8.852554231882095,0.743275248544393,0.842852665970140,462.317204594612576,0.537725031375885,1.125732600688934
456,MX22006,456,1178.000000000000000,0.020451389216111,0.530086517333984,60.543365478515625,60.013278961181641,9.302086460772511,12.878515001621793,10957.857850790018347,2.788706421852112,31.318911743164062
457,MX11011,457,1673.000000000000000,0.029045139353611,0.401221364736557,35.945796966552734,35.544575601816177,2.440721805303733,4.735606989126400,4083.327580273145031,0.964225649833679,4.374601840972898
458,MX25005,458,11141.000000000000000,0.193420141983611,0.155305922031403,37.982883453369141,37.827577531337738,0.286191297313349,0.789339605477379,3188.457243368022773,0.213264763355255,0.292212545871735
459,MX30045,459,2505.000000000000000,0.043489584029167,0.195461824536324,21.779924392700195,21.584462568163872,0.697560998482142,1.376246821080925,1747.390301197764757,0.382812976837158,1.034134960174560
460,MX30046,460,381.000000000000000,0.006614583439167,0.276582747697830,3.739460706710815,3.462877959012985,0.508518789540438,0.349337314641054,193.745658814907017,0.413523077964783,0.737383604049683
461,MX30047,461,788.000000000000000,0.013680555774444,0.236293569207191,23.338415145874023,23.102121576666832,0.959416210670307,1.970205465174096,756.019974008202325,0.494717776775360,1.428594386577607
462,MX01004,462,657.000000000000000,0.011406250182500,0.235431075096130,26.274963378906250,26.039532303810120,1.415471839124573,2.597868384540326,929.964998304844244,0.587219417095184,3.278983926773071
463,MX20021,463,561.000000000000000,0.009739583489167,0.244506329298019,12.735486030578613,12.490979701280594,0.679027630816381,1.006659068188574,380.934500887989827,0.381703376770020,1.167058706283569
464,MX30048,464,1321.000000000000000,0.022934028144722,0.665818333625793,70.550971984863281,69.885153651237488,5.368317103088125,6.542928442805529,7091.546893179413019,3.192130088806152,11.388851165771484
465,MX20022,465,553.000000000000000,0.009600694598056,0.157045125961304,1.710272312164307,1.553227186203003,0.225285340983010,0.121302133173667,124.582793563604312,0.198463723063469,0.250511980056763
466,MX30049,466,2654.000000000000000,0.046076389626111,0.220626831054688,70.430053710937500,70.209426879882812,0.696605103220944,2.246467843045254,1848.789943948385144,0.411817714571953,1.012142086029054
467,MX16019,467,2516.000000000000000,0.043680556254444,0.155797541141510,16.074565887451172,15.918768346309662,0.373666912317276,0.885078333018480,940.145951390266987,0.231008082628250,0.444569230079651
468,MX21035,468,1229.000000000000000,0.021336805896944,0.183654561638832,17.315837860107422,17.132183298468590,0.639238419985752,1.249717546050696,785.624018162489619,0.336428731679916,1.017102265357971
469,MX24014,469,459.000000000000000,0.007968750127500,0.246281504631042,4.432262897491455,4.185981392860413,0.570941319717561,0.379191144116029,262.062065750360603,0.506027996540070,0.718973267078399
470,MX30050,470,398.000000000000000,0.006909722332778,0.300340175628662,3.572142124176025,3.271801948547363,0.536800642708438,0.371348304139665,213.646655797958147,0.417215272784233,0.803473412990570
471,MX08015,471,62584.000000000000000,1.086527795162222,0.172341912984848,7.601537227630615,7.429195314645767,0.232006617131386,0.082605264147377,14519.902126550667163,0.228912435472012,0.249676157534122
472,MX09003,472,266.000000000000000,0.004618055629444,21.356662750244141,121.640701293945312,100.284038543701172,58.617888414770121,13.711658144833144,15592.358318328851965,58.446392059326172,75.259616851806641
473,MX21036,473,1130.000000000000000,0.019618055869444,0.150556132197380,3.786546468734741,3.635990336537361,0.341465351051461,0.271773723492229,385.855846688151416,0.261257752776146,0.547938752174378
474,MX15023,474,200.000000000000000,0.003472222277778,1.168270826339722,50.248249053955078,49.079978227615356,9.574584865570069,10.971762276775923,1914.916973114013672,4.135200738906860,26.128753662109364
475,MX21037,475,658.000000000000000,0.011423611293889,0.173444077372551,8.607236862182617,8.433792784810066,0.542043270945188,0.813674477724165,356.664472281933513,0.327361032366753,0.748109549283985
476,MX12021,476,8702.000000000000000,0.151076391306111,0.145295828580856,18.293352127075195,18.148056298494339,0.406061561201543,0.621045707378239,3533.547705575825148,0.256979331374168,0.644475430250168
477,MX12022,477,16511.000000000000000,0.286649310141945,0.124075308442116,7.975535392761230,7.851460084319115,0.266296293915678,0.294121837528238,4396.818108841762296,0.198539748787880,0.359418928623199
478,MX30051,478,1169.000000000000000,0.020295139213611,0.250114649534225,5.295351028442383,5.045236378908157,0.446865573487188,0.347891043686116,522.385855406522978,0.360483407974243,0.632928681373596
479,MX23001,479,2377.000000000000000,0.041267361771389,0.146013304591179,45.152812957763672,45.006799653172493,1.487873710927013,5.121339049329574,3536.675810873509818,0.270947486162186,1.558865833282471
480,MX28010,480,9707.000000000000000,0.168524308251944,0.151810243725777,7.814929485321045,7.663119241595268,0.225711678192473,0.203105204063465,2190.983260214331040,0.208452135324478,0.233195325732231
481,MX09004,481,352.000000000000000,0.006111111208889,0.717253804206848,79.627433776855469,78.910179972648621,18.825227745385309,19.099895632139905,6626.480166375628869,11.301966667175293,47.965939712524417
482,MX12023,482,3072.000000000000000,0.053333334186667,0.144389942288399,12.192854881286621,12.048464938998222,0.343240215991197,0.671270974555563,1054.433943524955794,0.216558262705803,0.404011920094490
483,MX12024,483,1171.000000000000000,0.020329861436389,0.163323879241943,4.836419582366943,4.673095703125000,0.304353362291314,0.320204111877932,356.397787243128164,0.224133759737015,0.410531491041183
484,MX29008,484,424.000000000000000,0.007361111228889,0.395938009023666,24.042320251464844,23.646382242441177,1.784679479967311,3.050211949248365,756.704099506139869,0.761448651552200,3.528170585632322
485,MX21038,485,115.000000000000000,0.001996527809722,1.095993876457214,18.223848342895508,17.127854466438293,4.570949436270673,3.896953823343428,525.659185171127319,3.031535387039185,10.050843620300293
486,MX05007,486,55738.000000000000000,0.967673626593889,0.142338454723358,22.707933425903320,22.565594971179962,0.208622087363292,0.313651708855529,11628.177905455169821,0.195520944893360,0.220184917747974
487,MX06005,487,2042.000000000000000,0.035451389456111,0.181365877389908,14.626558303833008,14.445192426443100,0.811335476668120,1.305826954262034,1656.747043356301447,0.450210407376289,1.398916637897492
488,MX08017,488,19197.000000000000000,0.333281255332500,0.178831592202187,67.679367065429688,67.500535473227501,0.866358534997407,3.274372035263441,16631.484796345226641,0.275696486234665,1.001545786857605
489,MX09015,489,165.000000000000000,0.002864583379167,48.305999755859375,146.149581909179688,97.843582153320312,75.095328544847916,16.476230894470124,12390.729209899905982,72.115745544433594,93.077815246582020
490,MX32008,490,1632.000000000000000,0.028333333786667,0.191123560070992,24.277065277099609,24.085941717028618,0.578823930255192,1.590415917910490,944.640654176473276,0.280104413628578,0.596130537986755
491,MX21039,491,304.000000000000000,0.005277777862222,0.276773244142532,6.343265533447266,6.066492289304733,0.754830862444483,0.669726173095295,229.468582183122720,0.541996568441391,1.303314781188965
492,MX12025,492,1536.000000000000000,0.026666667093333,0.177517384290695,7.342369079589844,7.164851695299149,0.391278538212645,0.504603546904608,601.003834694623492,0.270617693662643,0.542888879776001
493,MX13016,493,1951.000000000000000,0.033871528319722,0.268174141645432,15.273453712463379,15.005279570817947,1.240255126673280,1.808389647350181,2419.737752139569238,0.595155060291290,2.784887552261353
494,MX21040,494,790.000000000000000,0.013715277997222,0.627126812934875,19.724531173706055,19.097404360771179,1.802242568022088,1.676162776659423,1423.771628737449646,1.159185469150543,3.526091980934143
495,MX15024,495,210.000000000000000,0.003645833391667,3.730034828186035,70.575195312500000,66.845160484313965,29.735428306034628,18.014802854087829,6244.439944267272040,26.556577682495117,54.112297821044919
496,MX14027,496,6898.000000000000000,0.119756946360556,0.146333262324333,7.416983127593994,7.270649865269661,0.248331286998185,0.275832378951363,1712.989217713479547,0.203763909637928,0.289057421684265
497,MX15121,497,541.000000000000000,0.009392361261389,6.669973373413086,97.387962341308594,90.717988967895508,37.171890113358174,16.801217458215238,20109.992551326773537,38.524330139160156,56.762512207031250
498,MX14028,498,2071.000000000000000,0.035954861686389,0.130324184894562,6.645764827728271,6.515440642833710,0.223007421521448,0.309403407223087,461.848369970917815,0.179827198386192,0.217273026704788
499,MX17006,499,479.000000000000000,0.008315972355278,0.980070114135742,28.839311599731445,27.859241485595703,9.403345445999260,7.322101991052644,4504.202468633645367,7.327079772949219,20.664513778686526
500,MX21041,500,188.000000000000000,0.003263888941111,7.439362525939941,65.405067443847656,57.965704917907715,25.957673435515552,11.990166428103171,4880.042605876923517,23.480947494506836,43.150562286376967
501,MX29009,501,84.000000000000000,0.001458333356667,1.159085035324097,4.822082996368408,3.662997961044312,2.647930671771368,0.959714628432031,222.426176428794946,2.511632919311523,4.048770189285278
502,MX21042,502,980.000000000000000,0.017013889161111,0.174348756670952,3.617882728576660,3.443533971905708,0.279751532509619,0.241030970260032,274.156501859426953,0.225375726819038,0.344479584693909
503,MX26022,503,8534.000000000000000,0.148159724592778,0.177902460098267,55.600456237792969,55.422553777694702,0.308846032971139,1.193046686081168,2635.692045375702946,0.226310402154922,0.256151086091995
504,MX10004,504,27490.000000000000000,0.477256952080556,0.152599602937698,42.322711944580078,42.170112341642380,0.288340520683136,0.870234848162175,7926.480913579411208,0.207750096917152,0.270998314023018
505,MX11012,505,1303.000000000000000,0.022621528139722,0.255074590444565,32.523967742919922,32.268893152475357,1.209566262279760,2.686350431102755,1576.064839750527653,0.509019017219543,2.295541143417358
506,MX17007,506,979.000000000000000,0.016996528049722,0.469143688678741,51.707145690917969,51.238002002239227,8.360344712927830,9.267382181252305,8184.777473956345602,2.324620008468628,21.881307983398436
507,MX12026,507,1839.000000000000000,0.031927083844167,0.146535947918892,4.539817810058594,4.393281862139702,0.272967044201281,0.285524382851571,501.986394286156042,0.208653062582016,0.337849223613739
508,MX21043,508,904.000000000000000,0.015694444695556,0.230125337839127,13.726364135742188,13.496238797903061,0.809957966917252,0.978798653212236,732.202002093196029,0.615869551897049,1.289978933334351
509,MX30052,509,167.000000000000000,0.002899305601944,0.407146900892258,7.246442317962646,6.839295417070389,1.258829594550732,1.277794248317055,210.224542289972192,0.777614712715149,2.795137643814088
510,MX20023,510,241.000000000000000,0.004184027844722,0.334820151329041,12.336327552795410,12.001507401466370,2.212949256926650,2.454803467691639,533.320770919322626,1.116131901741028,6.027029037475586
511,MX30053,511,745.000000000000000,0.012934027984722,0.357431411743164,11.211250305175781,10.853818893432617,1.323284437672405,1.412586693882063,985.846906065941766,0.792051255702972,2.915820169448852
512,MX16020,512,1270.000000000000000,0.022048611463889,0.253694713115692,14.159327507019043,13.905632793903351,0.634143690283844,0.956254525253413,805.362486660481409,0.355633839964867,1.146791696548462
513,MX25006,513,30874.000000000000000,0.536006953020556,0.152619615197182,89.252105712890625,89.099486097693443,1.441623294630333,5.429638964216391,44508.677598416907131,0.301746383309364,1.385112714767456
514,MX26023,514,10831.000000000000000,0.188038197453056,0.174938529729843,21.133520126342773,20.958581596612930,0.263567846398772,0.521152075580993,2854.703344345099595,0.223492667078972,0.248902544379234
515,MX31014,515,684.000000000000000,0.011875000190000,0.169188037514687,4.730029582977295,4.560841545462608,0.278144365296378,0.305322312465560,190.250745862722425,0.224677443504333,0.299233201146126
516,MX27006,516,2907.000000000000000,0.050468750807500,0.726490557193756,1152.181396484375000,1151.454905927181244,6.354696793780949,38.222229469354147,18473.103579521219217,2.428219079971313,6.772388076782231
517,MX14029,517,3213.000000000000000,0.055781250892500,0.187524124979973,13.881711006164551,13.694186881184578,0.431062095583765,0.546279461071390,1385.002513110635846,0.322358191013336,0.601185309886932
518,MX08018,518,8515.000000000000000,0.147829863476389,0.180266022682190,3.565525054931641,3.385259032249451,0.300976457455126,0.200698234059155,2562.814535230400452,0.248521029949188,0.394559919834137
519,MX12027,519,6589.000000000000000,0.114392362941389,0.135409235954285,8.340085029602051,8.204675793647766,0.244567587019587,0.265074114105894,1611.455830872061142,0.198922023177147,0.301762115955353
520,MX20024,520,388.000000000000000,0.006736111218889,0.157059371471405,1.745283246040344,1.588223874568939,0.281877379480404,0.207318275550295,109.368423238396588,0.218985699117184,0.389495742321014
521,MX21044,521,1499.000000000000000,0.026024305971944,0.191386580467224,5.706482887268066,5.515096306800842,0.507569210739276,0.590727595945515,760.846246898174854,0.301673322916031,1.031489992141724
522,MX31015,522,464.000000000000000,0.008055555684444,0.202790960669518,12.703942298889160,12.501151338219643,0.534127605950524,1.043138889273996,247.835209161042940,0.290996506810188,0.760996180772781
523,MX14033,523,2125.000000000000000,0.036892361701389,0.222899109125137,22.038961410522461,21.816062301397324,0.711468234139330,1.507685975854059,1511.869997546076092,0.355263382196426,1.218753719329835
524,MX18009,524,25937.000000000000000,0.450295146093611,0.133744180202484,9.158751487731934,9.025007307529449,0.219051038622098,0.209447337502810,5681.526788741366545,0.187906667590141,0.235343599319458
525,MX08021,525,2824.000000000000000,0.049027778562222,0.197504177689552,41.539268493652344,41.341764315962791,2.772488557562098,6.275325455825469,7829.507686555365581,0.653843462467194,5.953195858001721
526,MX26024,526,2073.000000000000000,0.035989583909167,0.176826536655426,10.376623153686523,10.199796617031097,0.249740571358672,0.413118669810374,517.712204426526910,0.217309623956680,0.237193134427071
527,MX19014,527,25804.000000000000000,0.447986118278889,0.146075084805489,22.316635131835938,22.170560047030449,0.267679772386393,0.592419386479638,6907.208846658478251,0.209997914731503,0.288120749592781
528,MX19015,528,3740.000000000000000,0.064930556594444,0.185092523694038,8.881153106689453,8.696060582995415,0.328603544464723,0.413965334966198,1228.977256298064503,0.252968043088913,0.391246613860130
529,MX19016,529,3189.000000000000000,0.055364584219167,0.232966944575310,13.110626220703125,12.877659276127815,0.489308113376524,0.689426195017280,1560.403573557733580,0.361266076564789,0.635356354713440
530,MX11013,530,1152.000000000000000,0.020000000320000,0.274158835411072,22.342605590820312,22.068446755409241,1.352174963853838,1.875828884626334,1557.705558359621364,0.823355555534363,2.381272220611573
531,MX11014,531,8296.000000000000000,0.144027780082222,0.203031525015831,81.674369812011719,81.471338286995888,1.087905632874415,3.622726639813286,9025.265130326148210,0.491263329982758,1.513617098331451
532,MX21060,532,78.000000000000000,0.001354166688333,0.996663570404053,10.158591270446777,9.161927700042725,3.092280357311932,2.123137012657524,241.197867870330697,2.239824533462524,5.880040264129637
533,MX15032,533,955.000000000000000,0.016579861376389,0.227447941899300,6.242489337921143,6.015041396021843,0.892647102662406,0.781741398197869,852.477983042597657,0.600403904914856,1.905336618423462
534,MX08022,534,5459.000000000000000,0.094774307071944,0.176671013236046,7.417182922363281,7.240511909127235,0.287501514785061,0.387000415246554,1569.470769211646939,0.225920632481575,0.290189468860626
535,MX10005,535,47447.000000000000000,0.823732652068611,0.137766808271408,111.612190246582031,111.474423438310623,0.779985479435942,4.193678154075353,37007.971042797158589,0.200495988130569,0.468281584978104
536,MX31025,536,400.000000000000000,0.006944444555556,0.213786363601685,10.033818244934082,9.820031881332397,0.623745783902705,1.120669023756650,249.498313561081943,0.320039510726929,0.824037611484528
537,MX31026,537,876.000000000000000,0.015208333576667,0.203203648328781,8.479021072387695,8.275817424058914,0.429359020401626,0.719503513894954,376.118501871824378,0.263869866728783,0.518618226051331
538,MX31027,538,1032.000000000000000,0.017916666953333,0.174248665571213,11.741169929504395,11.566921263933182,0.394281211850601,0.880956019684817,406.898210629820255,0.225458912551403,0.379531469941139
539,MX31028,539,1504.000000000000000,0.026111111528889,0.145829737186432,6.627607345581055,6.481777608394623,0.246919542778917,0.362093250142329,371.366992339491560,0.193376302719116,0.266140300035477
540,MX31029,540,2547.000000000000000,0.044218750707500,0.159089595079422,12.098719596862793,11.939630001783371,0.270762347319709,0.615770750948199,689.631698623299826,0.196346953511238,0.255372351408005
541,MX31030,541,1551.000000000000000,0.026927083764167,0.149964034557343,6.225215911865234,6.075251877307892,0.243897554645379,0.348625152916443,378.285107254982279,0.197075948119164,0.237011730670929
542,MX31031,542,670.000000000000000,0.011631944630556,0.172214031219482,6.979767322540283,6.807553291320801,0.317568319657845,0.528453151344821,212.770774170756056,0.216154135763645,0.352973270416260
543,MX24016,543,3521.000000000000000,0.061128473200278,0.181575015187263,16.596311569213867,16.414736554026604,0.457154618203217,1.005229089098512,1609.641410693528314,0.254558056592941,0.512236177921295
544,MX15033,544,773.000000000000000,0.013420139103611,4.744152069091797,75.101112365722656,70.356960296630859,43.127037102624051,16.653719926702859,33337.199680328390968,48.314224243164062,58.716198730468754
545,MX15034,545,266.000000000000000,0.004618055629444,0.338656485080719,13.544057846069336,13.205401360988617,1.509949768508287,2.119473213674263,401.646638423204422,0.819247961044312,3.364127516746521
546,MX16030,546,1510.000000000000000,0.026215278197222,0.225210294127464,11.863368988037109,11.638158693909645,0.517087711314887,0.791633500368104,780.802444085479351,0.309774622321129,0.770775705575945
547,MX12075,547,6133.000000000000000,0.106475696148056,0.156015604734421,27.049226760864258,26.893211156129837,0.464813412402052,1.210270664930110,2850.700658261785520,0.241336315870285,0.584817647933960
548,MX14034,548,1476.000000000000000,0.025625000410000,0.148840054869652,4.427394390106201,4.278554335236549,0.231681261342877,0.204504369975600,341.961541742086297,0.202614165842533,0.255045607686043
549,MX13009,549,685.000000000000000,0.011892361301389,0.410778045654297,13.589566230773926,13.178788185119629,1.727376984723292,1.686243536886128,1183.253234535455249,1.107606172561646,3.515385293960572
550,MX14009,550,560.000000000000000,0.009722222377778,0.315266072750092,18.150787353515625,17.835521280765533,1.678025776413934,2.327287581630774,939.694434791803019,0.853304803371429,3.731722521781922
551,MX20010,551,1235.000000000000000,0.021440972565278,0.179713010787964,36.515064239501953,36.335351228713989,0.998691428323023,2.436699242138690,1233.383913978933151,0.422945767641068,1.686193203926087
552,MX07014,552,772.000000000000000,0.013402777992222,0.297452390193939,14.032995223999023,13.735542833805084,1.081319015106389,1.549754545234542,834.778279662132263,0.547443985939026,2.332784986495971
553,MX19010,553,543.000000000000000,0.009427083484167,0.650565743446350,74.830642700195312,74.180076956748962,8.925045829012472,12.511366076602734,4846.299885153772266,3.838757038116455,24.239455795288091
554,MX29007,554,285.000000000000000,0.004947916745833,0.362560868263245,18.661090850830078,18.298529982566833,1.924000593758466,3.246827802242507,548.340169221162796,0.592825770378113,4.989096450805673
555,MX20030,555,277.000000000000000,0.004809027854722,0.326565116643906,23.475133895874023,23.148568779230118,1.962489424091814,3.404569679641753,543.609570473432655,0.822109103202820,4.657798004150392
556,MX25010,556,21693.000000000000000,0.376614589359167,0.153205975890160,73.960365295410156,73.807159319519997,0.401201615993319,1.175374463979468,8703.266655743071169,0.239720627665520,0.502019917964935
557,MX14037,557,879.000000000000000,0.015260416910833,0.153237491846085,13.310645103454590,13.157407611608505,0.629885596677712,1.385595042885861,553.669439479708558,0.285648703575134,0.889825642108918
558,MX30205,558,1973.000000000000000,0.034253472770278,0.187905117869377,18.319156646728516,18.131251528859138,0.455240501797990,0.953285814878246,898.189510047434851,0.272257655858994,0.672166395187378
559,MX14054,559,566.000000000000000,0.009826389046111,0.163177028298378,5.349421977996826,5.186244949698448,0.421185909885611,0.555408012787195,238.391224995255584,0.249256074428558,0.757770240306854
560,MX01010,560,2561.000000000000000,0.044461806266944,0.222588181495667,24.026514053344727,23.803925871849060,0.877686441171592,1.371282698102309,2247.754975840448424,0.533089637756348,1.492624402046204
561,MX28021,561,8282.000000000000000,0.143784724522778,0.166672497987747,30.021141052246094,29.854468554258347,0.590751827329907,1.835786754128839,4892.606633946292277,0.250408351421356,0.730274337530136
562,MX22011,562,3739.000000000000000,0.064913195483056,0.237207576632500,69.375877380371094,69.138669803738594,4.819391856719769,8.050391034788015,18019.706152275219210,1.519452810287476,13.575762939453135
563,MX24058,563,4162.000000000000000,0.072256945600556,0.165214791893959,21.540626525878906,21.375411733984947,0.324226041827020,0.673935336126647,1349.428786084055673,0.225663051009178,0.385428401827812
564,MX10018,564,18258.000000000000000,0.316979171738333,0.140436396002769,13.145110130310059,13.004673734307289,0.218686363575022,0.298398228207360,3992.775626152750192,0.197659753262997,0.220217986404896
565,MX15064,565,681.000000000000000,0.011822916855833,0.407784104347229,20.181764602661133,19.773980498313904,2.010971556544830,2.136907937102912,1369.471630007029489,1.420835018157959,3.692864894866943
566,MX32015,566,1782.000000000000000,0.030937500495000,0.153660833835602,3.316347837448120,3.162687003612518,0.239035783517441,0.183460186973623,425.961766228079853,0.204157635569572,0.279670563340187
567,MX07070,567,401.000000000000000,0.006961805666944,0.202511072158813,10.365811347961426,10.163300275802612,0.692150449477824,0.921012708553856,277.552330240607262,0.495534449815750,1.053277015686035
568,MX14070,568,405.000000000000000,0.007031250112500,2.043965578079224,78.580352783203125,76.536387205123901,21.145126167933135,16.051934546060288,8563.776098012920556,17.791934967041016,44.394567108154305
569,MX32041,569,3195.000000000000000,0.055468750887500,0.141099184751511,5.971342086791992,5.830242902040482,0.220889880185210,0.231671514611699,705.743167191745215,0.194395452737808,0.225578036904335
570,MX08064,570,2446.000000000000000,0.042465278457222,0.165692314505577,6.225207805633545,6.059515491127968,0.280155776298543,0.340579259157751,685.261028826236952,0.217746384441853,0.310156047344208
571,MX25008,571,8260.000000000000000,0.143402780072222,0.160529404878616,43.217235565185547,43.056706160306931,0.474897382561720,1.644057972508159,3922.652379959806694,0.238126374781132,0.561820429563522
572,MX13020,572,1203.000000000000000,0.020885417000833,0.167080342769623,1.381878256797791,1.214797914028168,0.233870171474994,0.095922788145097,281.345816284418049,0.211852043867111,0.272178381681442
573,MX21061,573,488.000000000000000,0.008472222357778,0.250955909490585,4.239007472991943,3.988051563501358,0.565013245480960,0.361234308521316,275.726463794708422,0.471540018916130,0.853050857782364
574,MX20029,574,175.000000000000000,0.003038194493056,0.206481486558914,1.896232604980469,1.689751118421555,0.475478448016303,0.329672654572153,83.208728402853026,0.344475716352463,0.881006896495819
575,MX13021,575,607.000000000000000,0.010538194613056,0.445882737636566,31.328140258789062,30.882257521152496,1.524957003860536,2.902390024120335,925.648901343345528,0.619614422321320,2.695595598220823
576,MX17008,576,335.000000000000000,0.005815972315278,1.255295276641846,27.832168579101562,26.576873302459717,9.736668479620525,7.378114771676214,3261.783940672875815,7.647251605987549,20.023921585083016
577,MX27007,577,2912.000000000000000,0.050555556364444,0.155739367008209,32.733001708984375,32.577262341976166,0.608690547429354,2.167815695765306,1772.506874114277934,0.238150261342525,0.622260886430741
578,MX29046,578,249.000000000000000,0.004322916735833,0.242461606860161,15.797986030578613,15.555524423718452,0.810766784002982,1.557757247181119,201.880929216742572,0.394306629896164,1.291967177391055
579,MX30065,579,2064.000000000000000,0.035833333906667,0.287353605031967,27.415336608886719,27.127983003854752,1.347052520328713,2.568553752560315,2780.316401958463757,0.631899386644363,2.544575786590576
580,MX26025,580,3117.000000000000000,0.054114584199167,0.216965541243553,111.153259277343750,110.936293736100197,1.542710822100704,5.669656848392827,4808.629632487895833,0.374917834997177,1.692887854576111
581,MX14035,581,6300.000000000000000,0.109375001750000,0.210171326994896,42.516708374023438,42.306537047028542,0.755323011768714,2.135640412173070,4758.534974142895408,0.377552077174187,0.999162894487381
582,MX02001,582,284403.000000000000000,4.937552162334168,0.154057413339615,66.864212036132812,66.710154622793198,0.290188301474545,1.127590993078845,82530.423504265083466,0.209259137511253,0.244569426774979
583,MX21062,583,258.000000000000000,0.004479166738333,0.303214997053146,3.986993074417114,3.683778077363968,0.645228692958522,0.554853308067326,166.469002783298635,0.410513013601303,1.310974967479706
584,MX13022,584,706.000000000000000,0.012256944640556,0.565092563629150,17.018383026123047,16.453290462493896,1.815963083893990,1.825314062304150,1282.069937229156494,1.166909277439117,3.808206081390381
585,MX16031,585,2112.000000000000000,0.036666667253333,0.209506601095200,9.246211051940918,9.036704450845718,0.467636697699852,0.491265127970847,987.648705542087100,0.361789062619209,0.671601551771164
586,MX16032,586,1211.000000000000000,0.021024305891944,0.185822710394859,6.213496208190918,6.027673497796059,0.417669981028992,0.490756724676824,505.798347026109809,0.252002120018005,0.756728708744049
587,MX04009,587,23595.000000000000000,0.409635423220833,0.125549480319023,39.456348419189453,39.330798938870430,0.285954441081849,1.037497810053611,6747.095037326234888,0.188501715660095,0.265048569440842
588,MX05008,588,5376.000000000000000,0.093333334826667,0.157031372189522,12.370530128479004,12.213498756289482,0.280742676596024,0.491605704176926,1509.272629380225681,0.220444202423096,0.277112632989883
589,MX25009,589,6810.000000000000000,0.118229168558333,0.158709198236465,38.957881927490234,38.799172729253769,0.520135877612927,1.880347686293490,3542.125326544033669,0.240244708955288,0.488606977462769
590,MX07032,590,2019.000000000000000,0.035052083894167,0.112203426659107,28.644903182983398,28.532699756324291,0.502375866503719,1.149197451632341,1014.296874471007982,0.306971907615662,0.797663521766663
591,MX29012,591,689.000000000000000,0.011961805746944,0.365557730197906,7.546928882598877,7.181371152400970,0.715621284805292,0.566009794062002,493.063065230846291,0.517366647720337,1.222632741928101
592,MX21063,592,392.000000000000000,0.006805555664444,0.294811904430389,21.248542785644531,20.953730881214142,1.383335255694633,2.466325912682186,542.267420232295990,0.645357817411423,2.463360881805420
593,MX30066,593,1202.000000000000000,0.020868055889444,0.269795089960098,4.892885684967041,4.623090595006943,0.513359194314618,0.388575557768964,617.057751566171078,0.396180793642998,0.773977094888687
594,MX31032,594,3674.000000000000000,0.063784723242778,0.150450631976128,14.661699295043945,14.511248663067818,0.309964096000257,0.735977992160898,1138.808088704943202,0.204957820475101,0.282957068085671
595,MX26026,595,4882.000000000000000,0.084756945800556,0.196827501058578,21.254053115844727,21.057225614786148,0.605458345186362,1.218229460325784,2955.847641199818099,0.322667211294174,0.922335559129715
596,MX14036,596,1696.000000000000000,0.029444444915556,0.159467443823814,25.383981704711914,25.224514260888100,0.582622029458367,1.883519818277175,988.126961961390293,0.233198262751102,0.554153770208359
597,MX22007,597,1505.000000000000000,0.026128472640278,0.304730236530304,23.442102432250977,23.137372195720673,1.532672770573846,2.274970487780245,2306.672519713637939,0.757058739662170,3.169271183013919
598,MX23002,598,63566.000000000000000,1.103576406546111,0.119220107793808,47.636177062988281,47.516956955194473,0.229998814296225,0.734510210133002,14620.104629553829000,0.178120441734791,0.208151325583458
599,MX30067,599,215.000000000000000,0.003732638948611,0.265845596790314,2.958403348922729,2.692557752132416,0.498235127953596,0.407914741452643,107.120552510023046,0.346227556467056,0.826045358181000
600,MX12030,600,1221.000000000000000,0.021197917005833,0.166867762804031,15.224420547485352,15.057552784681320,0.545212744543729,1.132720772424531,665.704761087893644,0.305264443159103,0.715990304946899
601,MX30068,601,301.000000000000000,0.005225694528056,0.558915674686432,26.491651535034180,25.932735860347748,4.921758628564820,5.132595660581010,1481.449347198010855,2.571860790252686,12.103879928588867
602,MX05009,602,14631.000000000000000,0.254010420730833,0.152080014348030,53.974906921386719,53.822826907038689,0.538993372986675,2.380468964449768,7886.012040168048770,0.208000823855400,0.542390525341034
603,MX13023,603,485.000000000000000,0.008420139023611,0.482383668422699,21.236925125122070,20.754541456699371,2.756774312257765,2.823880213557520,1337.035541445015724,1.785821437835693,5.745951843261719
604,MX07033,604,1025.000000000000000,0.017795139173611,0.190947547554970,2.354224681854248,2.163277134299278,0.330769750272355,0.222176129760193,339.038994029164201,0.269803702831268,0.436960643529892
605,MX21064,605,2148.000000000000000,0.037291667263333,0.234766662120819,159.396865844726562,159.162099182605743,0.985413551989603,5.742038038997088,2116.668309673666499,0.374385520815849,0.895209908485412
606,MX32010,606,25895.000000000000000,0.449565979415278,0.147757858037949,64.563499450683594,64.415741592645645,0.582571338031670,2.070589196025570,15085.684798330101330,0.245069384574890,0.668184196949005
607,MX20032,607,298.000000000000000,0.005173611193889,0.163569793105125,1.254695415496826,1.091125622391701,0.243817983257691,0.143560396502466,72.657759010791807,0.200557701289654,0.344559544324875
608,MX05010,608,2393.000000000000000,0.041545139553611,0.247579962015152,54.852233886718750,54.604653924703598,2.489723947784965,7.049062080667442,5957.909407049422043,0.512215733528137,3.661150693893448
609,MX07034,609,3709.000000000000000,0.064392362141389,0.158531174063683,15.682188987731934,15.523657813668251,0.622235402034986,1.042127939656375,2307.871106147764749,0.327388316392899,1.218726587295532
610,MX07035,610,451.000000000000000,0.007829861236389,0.373520791530609,5.712812423706055,5.339291632175446,0.788859428032539,0.628242121589545,355.775602042675018,0.604215383529663,1.215207457542419
611,MX26027,611,14236.000000000000000,0.247152781732222,0.173423081636429,25.995294570922852,25.821871489286423,0.271184190063119,0.751388602104437,3860.578129738555162,0.225373201072216,0.252749413251877
612,MX16033,612,1809.000000000000000,0.031406250502500,0.164748176932335,11.982058525085449,11.817310348153114,0.437634804223768,0.790631684721165,791.681360840796742,0.266222268342972,0.622834265232086
613,MX08023,613,9319.000000000000000,0.161788197033056,0.174885407090187,16.094936370849609,15.920050963759422,0.270595928184563,0.433922332267216,2521.683454751945646,0.230073422193527,0.265843123197556
614,MX19017,614,36338.000000000000000,0.630868065649445,0.145426377654076,17.223270416259766,17.077844038605690,0.290366351269020,0.486615854242129,10551.332472413667347,0.212304219603539,0.330877420306206
615,MX19018,615,5359.000000000000000,0.093038195933056,0.248086243867874,53.908527374267578,53.660441130399704,3.415425111546096,8.078491075329742,18303.263172775528801,0.539302706718445,9.487446022033669
616,MX32012,616,4028.000000000000000,0.069930556674444,0.163929834961891,9.153427124023438,8.989497289061546,0.328013192481235,0.421328442071930,1321.237139314412616,0.245334908366203,0.400090619921684
617,MX19020,617,9786.000000000000000,0.169895836051667,0.167961731553078,31.069904327392578,30.901942595839500,0.312652903071655,0.722812122699476,3059.621309459217628,0.239885956048965,0.316854119300842
618,MX12031,618,1281.000000000000000,0.022239583689167,0.139742016792297,3.823809623718262,3.684067606925964,0.220786478827002,0.174088823017212,282.827479377389125,0.195583626627922,0.265074402093887
619,MX05011,619,13657.000000000000000,0.237100698238056,0.160962536931038,16.420770645141602,16.259808108210564,0.261001359332296,0.353772517892814,3564.495564401162028,0.225357264280319,0.292964506149292
620,MX32013,620,1002.000000000000000,0.017395833611667,0.239580303430557,14.038393020629883,13.798812717199326,0.698119690660350,1.140253610078761,699.515930041671027,0.354743614792824,1.270994961261749
621,MX19021,621,768.000000000000000,0.013333333546667,0.623744904994965,61.080547332763672,60.456802427768707,23.537483237528566,16.316772507598007,18076.787126421939320,22.119873046875000,46.674049377441413
622,MX21065,622,454.000000000000000,0.007881944570556,0.280741959810257,14.629507064819336,14.348765105009079,1.327513127600044,2.025113479314186,602.690959930420149,0.580433130264282,3.339105510711669
623,MX32014,623,24751.000000000000000,0.429704867986389,0.139470130205154,15.514781951904297,15.375311821699142,0.220920445989982,0.261652031357649,5468.001958698043381,0.194664850831032,0.231745466589928
624,MX12032,624,8473.000000000000000,0.147100696798056,0.132321596145630,12.402504920959473,12.270183324813843,0.235354106827988,0.291302191391572,1994.155347153544653,0.191442161798477,0.296047180891037
625,MX32016,625,2240.000000000000000,0.038888889511111,0.211496740579605,9.944146156311035,9.732649415731430,0.591665378665286,0.867372759003981,1325.330448210240093,0.328455701470375,1.081426548957825
626,MX26070,626,19968.000000000000000,0.346666672213333,0.170460566878319,41.324005126953125,41.153544560074806,0.308084353553102,1.093134544067516,6151.828371748347308,0.230165205895901,0.263726532459259
627,MX10006,627,11242.000000000000000,0.195173614233889,0.149648815393448,8.613441467285156,8.463792651891708,0.234394345328469,0.259281558470089,2635.061230182644067,0.202380821108818,0.238510388135910
628,MX19022,628,12795.000000000000000,0.222135420220833,0.163442313671112,8.750484466552734,8.587042152881622,0.268462588429312,0.277751647537583,3434.978818953047266,0.219299435615540,0.326551216840744
629,MX19023,629,2017.000000000000000,0.035017361671389,0.185120567679405,5.028233528137207,4.843112960457802,0.276527186550004,0.280710711987615,557.755335271358945,0.239900454878807,0.272849977016449
630,MX19024,630,6675.000000000000000,0.115885418520833,0.140197873115540,9.961649894714355,9.821452021598816,0.219264904872309,0.297808475507237,1463.593240022660893,0.188334852457047,0.215252640843391
631,MX19025,631,953.000000000000000,0.016545139153611,0.414188027381897,93.785995483398438,93.371807456016541,8.028670693088054,12.739179317969262,7651.323170512915567,2.497241973876953,24.051895141601570
632,MX08025,632,4570.000000000000000,0.079340279047222,0.177909120917320,11.311880111694336,11.133970990777016,0.329453879904564,0.623492760813413,1505.604231163857548,0.231598839163780,0.300213053822517
633,MX14079,633,1764.000000000000000,0.030625000490000,0.179316297173500,8.812322616577148,8.633006319403648,0.451287720698753,0.801967820835546,796.071539312600407,0.258069455623627,0.608964288234711
634,MX28011,634,3699.000000000000000,0.064218751027500,0.133782327175140,4.794446945190430,4.660664618015289,0.257416275855850,0.202518748165797,952.182804390787624,0.219212889671326,0.328324294090271
635,MX10007,635,4356.000000000000000,0.075625001210000,0.380459189414978,116.847434997558594,116.466975808143616,5.824189972737936,12.117743447327655,25370.171521246447810,1.611652553081512,12.149254322052002
636,MX28012,636,16421.000000000000000,0.285086810116944,0.161572873592377,23.681653976440430,23.520081102848053,0.305050221414224,0.609399993867137,5009.229685842978142,0.232390344142914,0.338303536176682
637,MX08026,637,2581.000000000000000,0.044809028494722,0.210850730538368,6.772164344787598,6.561313614249229,0.343077803370520,0.385212525076234,885.483810499311289,0.269532799720764,0.391756296157837
638,MX26028,638,1959.000000000000000,0.034010417210833,0.175877436995506,5.021105766296387,4.845228329300880,0.235715227575251,0.220305717668980,461.766130819916498,0.217771396040916,0.235674768686295
639,MX14038,639,4184.000000000000000,0.072638890051111,0.129206851124763,8.878128051757812,8.748921200633049,0.209544870941891,0.284543564325533,876.735740020871390,0.182736299932003,0.215339843928814
640,MX08027,640,36571.000000000000000,0.634913204603056,0.159414589405060,23.545654296875000,23.386239707469940,0.225999159320521,0.380380901175842,8265.015255510757925,0.206523314118385,0.227610945701599
641,MX14039,641,754.000000000000000,0.013090277987222,2.423879384994507,112.288146972656250,109.864267587661743,45.984732462493440,14.313513336021845,34672.488276720054273,47.304105758666992,60.491604995727542
642,MX24017,642,18993.000000000000000,0.329739588609167,0.139419972896576,8.405239105224609,8.265819132328033,0.257533201786480,0.261967040735274,4891.328101530611093,0.210852056741714,0.299320328235626
643,MX08028,643,32483.000000000000000,0.563940981245278,0.186963155865669,66.094299316406250,65.907336160540581,0.275345130434174,0.638280317350621,8944.035871893258445,0.239820972084999,0.274275529384613
644,MX19026,644,611.000000000000000,0.010607639058611,2.633512020111084,85.925582885742188,83.292070865631104,33.712126282740321,14.663305201766963,20598.109158754337841,37.040405273437500,48.433654785156250
645,MX21066,645,754.000000000000000,0.013090277987222,0.159494757652283,7.379585742950439,7.220090985298157,0.440248921928576,0.659880691357506,331.947687134146577,0.250587895512581,0.674287384748459
646,MX32017,646,4138.000000000000000,0.071840278927222,0.194215700030327,64.241691589355469,64.047475889325142,2.177711214414678,6.784842218034139,9011.369005247936002,0.357616856694221,3.208996939659119
647,MX20034,647,154.000000000000000,0.002673611153889,0.182932481169701,3.468866109848022,3.285933628678322,0.448548983250346,0.507041429615754,69.076543420553222,0.266969382762909,0.857823497056962
648,MX20033,648,19.000000000000000,0.000329861116389,1.332107901573181,6.576975345611572,5.244867444038391,3.590280990851553,1.771002854557441,68.215338826179504,3.694819450378418,6.195886039733886
649,MX10008,649,6761.000000000000000,0.117378474100278,0.154519915580750,47.091571807861328,46.937051892280579,0.491023636312990,2.018092483920441,3319.810805112123035,0.218856900930405,0.392761260271072
650,MX21067,650,1130.000000000000000,0.019618055869444,0.226935654878616,24.823085784912109,24.596150130033493,0.790207999522708,1.747632418828576,892.935039460660050,0.393602952361107,1.242029190063477
651,MX08029,651,50023.000000000000000,0.868454875006389,0.146914660930634,55.756687164306641,55.609772503376007,0.217421339646399,0.521769297516928,10876.067673131799893,0.197945281863213,0.223078674077988
652,MX10009,652,28487.000000000000000,0.494565980135278,0.139113560318947,17.295204162597656,17.156090602278709,0.199313496659946,0.231871677381494,5677.843579351885637,0.186156988143921,0.205938816070557
653,MX11015,653,5079.000000000000000,0.088177084744167,0.224107012152672,97.118682861328125,96.894575849175453,2.032473871371812,5.807980798900238,10322.934792697435114,0.560362398624420,3.242084503173828
654,MX25011,654,13163.000000000000000,0.228524309211944,0.180314853787422,53.784488677978516,53.604173824191093,0.952137487961930,2.779152720345019,12532.985754042887493,0.379092574119568,1.372273254394532
655,MX26029,655,41602.000000000000000,0.722256956000556,0.170912459492683,59.589851379394531,59.418938919901848,0.426119750080588,1.903807816740190,17727.433842852609814,0.225496992468834,0.304108887910843
656,MX08030,656,9575.000000000000000,0.166232641548611,0.152999103069305,16.049791336059570,15.896792232990265,0.236275908853616,0.342375793875348,2262.341827273368835,0.211654737591743,0.241757589578629
657,MX20035,657,22.000000000000000,0.000381944450556,0.257773905992508,2.128718852996826,1.870944947004318,0.732058293440125,0.566875187549023,16.105282455682755,0.476564869284630,1.685362493991852
658,MX28013,658,6181.000000000000000,0.107309029494722,0.163756549358368,15.228735923767090,15.064979374408722,0.368933854859983,0.470662267128493,2280.380156889551927,0.270999521017075,0.508016049861908
659,MX05012,659,15458.000000000000000,0.268368059849445,0.167932808399200,13.749164581298828,13.581231772899628,0.260115111945347,0.286212372164734,4020.859400451171041,0.231814824044704,0.284887149930000
660,MX08031,660,30398.000000000000000,0.527743063999444,0.157428056001663,22.371780395507812,22.214352339506149,0.287926267228343,0.569953193850217,8752.382671207182284,0.217070549726486,0.298839277029037
661,MX28014,661,12596.000000000000000,0.218680559054444,0.175207689404488,20.062620162963867,19.887412473559380,0.290295603416834,0.498342413374643,3656.563420638447042,0.252682313323021,0.312090635299683
662,MX20036,662,1373.000000000000000,0.023836805936944,0.138633161783218,5.132576465606689,4.993943303823471,0.279536333328516,0.222169011889073,383.803385660052413,0.227818712592125,0.385437119007110
663,MX09005,663,432.000000000000000,0.007500000120000,5.061048030853271,86.009613037109375,80.948565006256104,55.361185110277553,17.745625171416545,23916.031967639901268,59.232206344604492,72.315663909912118
664,MX28015,664,2199.000000000000000,0.038177083944167,0.253114998340607,29.208011627197266,28.954896628856659,0.813853253487188,2.035233118476763,1789.663304418326561,0.409323543310165,1.028765058517456
665,MX30069,665,860.000000000000000,0.014930555794444,0.266719639301300,19.357524871826172,19.090805232524872,0.976016491201036,1.676730670193372,839.374182432890507,0.559906452894211,1.626094412803651
666,MX31033,666,2935.000000000000000,0.050954861926389,0.144462466239929,25.178474426269531,25.034011960029602,0.446430147521744,1.247201892264092,1310.272482976318770,0.211994305253029,0.501709675788879
667,MX04005,667,6321.000000000000000,0.109739585089167,0.142027810215950,26.474758148193359,26.332730337977409,0.340100599957632,0.948160339561057,2149.775892332193507,0.199902147054672,0.325285971164703
668,MX21068,668,252.000000000000000,0.004375000070000,0.286095052957535,3.171266794204712,2.885171741247177,0.574469448555084,0.426536900037582,144.766301035881042,0.421521499752998,0.961636644601822
669,MX26030,669,90117.000000000000000,1.564531275032500,0.165046393871307,143.769088745117188,143.604042351245880,0.981478485987001,5.682003937714801,88447.896721690616687,0.249580994248390,0.534898018836976
670,MX20028,670,1551.000000000000000,0.026927083764167,0.148962557315826,8.741236686706543,8.592274129390717,0.416504912429052,0.629457908726890,645.999119177460329,0.269620746374130,0.661368668079376
671,MX20039,671,1613.000000000000000,0.028003472670278,0.175579488277435,41.095882415771484,40.920302927494049,2.161921280173509,5.430038931509012,3487.179024919870244,0.377666473388672,5.240121746063231
672,MX20043,672,2305.000000000000000,0.040017361751389,0.166639402508736,34.926128387451172,34.759488984942436,1.453139897049635,4.050346800566943,3349.487462699408752,0.416281908750534,1.986144495010375
673,MX20397,673,1700.000000000000000,0.029513889361111,0.170533180236816,27.685951232910156,27.515418052673340,0.753416948958356,1.901736552860105,1280.808813229205043,0.304799377918243,1.061301648616793
674,MX20549,674,2386.000000000000000,0.041423611773889,0.135064750909805,3.941732168197632,3.806667417287827,0.280362117951244,0.290672164073140,668.944013431668850,0.210761778056622,0.371664881706238
675,MX05013,675,5939.000000000000000,0.103107640538611,0.177907362580299,18.426435470581055,18.248528108000755,0.301561428214850,0.676725444058774,1790.973322167992137,0.242346256971359,0.288126647472382
676,MX10010,676,24375.000000000000000,0.423177090104167,0.152521759271622,9.318558692932129,9.166036933660507,0.211115819879678,0.160237121833689,5145.948109567149004,0.201269552111626,0.219008225202560
677,MX16034,677,5667.000000000000000,0.098385418240833,0.134392306208611,20.939163208007812,20.804770901799202,0.550375385799905,1.391197112086838,3118.977311328060296,0.236944794654846,0.806141066551210
678,MX19047,678,890.000000000000000,0.015451389136111,0.233514592051506,21.548852920532227,21.315338328480721,1.225660961849637,2.554987158501871,1090.838256046176639,0.502130001783371,2.092733526229858
679,MX28016,679,10935.000000000000000,0.189843753037500,0.150077387690544,7.514156818389893,7.364079430699348,0.246352561629685,0.244706079834144,2693.865261420610750,0.210266783833504,0.281649214029312
680,MX08032,680,10085.000000000000000,0.175086808356944,0.154849261045456,58.635440826416016,58.480591565370560,0.619161528409502,2.807060754508826,6244.244014009823331,0.209466740489006,0.387717646360398
681,MX30070,681,5173.000000000000000,0.089809029214722,0.190153598785400,4.642385482788086,4.452231884002686,0.298195105352094,0.153432934914146,1542.563279986381076,0.267908483743668,0.387230664491653
682,MX19028,682,2301.000000000000000,0.039947917305833,0.210345402359962,17.260873794555664,17.050528392195702,0.421822356995112,0.784939421273840,970.613243445753596,0.310563266277313,0.573152124881744
683,MX31034,683,474.000000000000000,0.008229166798333,0.246144756674767,8.837996482849121,8.591851726174355,0.544287756682699,0.893062474461578,257.992396667599564,0.314737901091576,0.698575407266617
684,MX31035,684,606.000000000000000,0.010520833501667,0.215231746435165,8.793391227722168,8.578159481287003,0.496487292421139,0.903983019403108,300.871299207210313,0.283461138606071,0.617974549531937
685,MX31036,685,992.000000000000000,0.017222222497778,0.178861826658249,10.493400573730469,10.314538747072220,0.396608490692151,0.813993697748127,393.435622766613676,0.232257805764675,0.422570180892944
686,MX21057,686,319.000000000000000,0.005538194533056,0.313664197921753,8.882602691650391,8.568938493728638,0.686983259587452,0.609878866222055,219.147659808397123,0.591272056102753,1.000065708160400
687,MX04006,687,38534.000000000000000,0.668993066259445,0.117997914552689,21.033803939819336,20.915806025266647,0.211438208173611,0.385128174745440,8147.559913761908319,0.178072959184647,0.210897630453110
688,MX14040,688,3787.000000000000000,0.065746528829722,0.153603836894035,18.364994049072266,18.211390212178230,0.288925089538177,0.524099151132513,1094.159314081075991,0.215594723820686,0.340587121248245
689,MX26031,689,6455.000000000000000,0.112065974015278,0.176242396235466,4.807365417480469,4.631123021245003,0.224712685311514,0.124098128846601,1450.520383685824754,0.216508284211159,0.233082774281502
690,MX18005,690,11337.000000000000000,0.196822919815833,0.133199021220207,6.749875068664551,6.616676047444344,0.198919643972867,0.147104485180309,2255.152003720395896,0.186266526579857,0.212366309762001
691,MX19029,691,653.000000000000000,0.011336805736944,0.216341987252235,21.184282302856445,20.967940315604210,0.879270606918137,2.055067838935587,574.163706317543415,0.381185501813889,1.136270403862000
692,MX29013,692,1718.000000000000000,0.029826389366111,0.351231843233109,49.427951812744141,49.076719969511032,2.042636006064407,4.541337377348081,3509.248658418650848,0.764514029026031,3.726643919944763
693,MX12033,693,1349.000000000000000,0.023420139263611,0.170866683125496,7.500624179840088,7.329757496714592,0.383099585749469,0.582255445833126,516.801341176033020,0.234169960021973,0.584602332115174
694,MX16036,694,482.000000000000000,0.008368055689444,0.224629193544388,8.483140945434570,8.258511751890182,0.774684055124823,1.187515987628235,373.397714570164737,0.333534657955170,1.779309976100922
695,MX11016,695,632.000000000000000,0.010972222397778,0.434816569089890,15.257613182067871,14.822796612977982,1.298660958680925,1.564865405437023,820.753725886344569,0.784304827451706,2.391957783699035
696,MX16037,696,997.000000000000000,0.017309028054722,0.191356286406517,4.195829391479492,4.004473105072975,0.407469232438680,0.387051248509754,406.246824741363923,0.282641351222992,0.666253173351288
697,MX32018,697,1882.000000000000000,0.032673611633889,0.162659868597984,6.855108737945557,6.692448869347572,0.310130672527360,0.391602627343087,583.665925696491172,0.230330966413021,0.413281330466271
698,MX21069,698,1148.000000000000000,0.019930555874444,0.288037806749344,12.241917610168457,11.953879803419113,0.882899282208096,0.941086769314463,1013.568375974894479,0.545356422662735,1.850563263893126
699,MX26032,699,4423.000000000000000,0.076788195673056,0.182015627622604,8.486796379089355,8.304780751466751,0.238182537087536,0.254638081041098,1053.481361538171086,0.220931142568588,0.238920083642006
700,MX13024,700,1515.000000000000000,0.026302083754167,0.215828508138657,5.392903327941895,5.177074819803238,0.738731311187886,0.590164094686649,1119.177936449647632,0.508155167102814,1.451592087745667
701,MX26033,701,9201.000000000000000,0.159739585889167,0.180650085210800,29.490354537963867,29.309704452753067,0.467943583706929,1.324705222830105,4305.548913687453023,0.252323895692825,0.580353021621704
702,MX21070,702,831.000000000000000,0.014427083564167,0.256940633058548,9.065976142883301,8.809035509824753,0.759334457838722,0.842903462992036,631.006934463977814,0.422689050436020,1.643195986747742
703,MX30071,703,1001.000000000000000,0.017378472500278,0.213225394487381,21.710695266723633,21.497469872236252,1.080992644944870,2.292414180498938,1082.073637589815007,0.553583323955536,1.347597956657410
704,MX21071,704,1244.000000000000000,0.021597222567778,0.291764587163925,41.865226745605469,41.573462158441544,2.358658089419269,4.607274502552356,2934.170663237570807,0.831286668777466,5.231562662124634
705,MX20040,705,230.000000000000000,0.003993055619444,0.200139224529266,2.951704502105713,2.751565277576447,0.538422560303108,0.411212805021778,123.837188869714780,0.384304806590080,0.970914900302887
706,MX13025,706,1460.000000000000000,0.025347222627778,0.209965646266937,4.465131282806396,4.255165636539459,0.385745104014466,0.286695923036734,563.187851861119725,0.303603887557983,0.566373980045319
707,MX20041,707,730.000000000000000,0.012673611313889,0.188576906919479,10.660446166992188,10.471869260072708,0.671551534921339,0.985470571209334,490.232620492577382,0.381953716278076,1.170448911190033
708,MX30072,708,2602.000000000000000,0.045173611833889,0.165011852979660,7.053034305572510,6.888022452592850,0.298304125798334,0.339287016418162,776.187335327265941,0.234890989959240,0.381654769182205
709,MX13026,709,538.000000000000000,0.009340277927222,0.220623984932899,2.283300638198853,2.062676653265953,0.362654764412947,0.185205707091903,195.108263254165649,0.306704282760620,0.511880499124527
710,MX07037,710,1472.000000000000000,0.025555555964444,0.185261979699135,16.438896179199219,16.253634199500084,0.749665953370783,1.153428477567113,1103.508283361791882,0.506175786256790,1.109914970397950
711,MX13027,711,1066.000000000000000,0.018506944740556,0.202852055430412,4.438968658447266,4.236116603016853,0.426967945893419,0.409564566110002,455.147830322384380,0.299740850925446,0.701354235410690
712,MX21072,712,235.000000000000000,0.004079861176389,0.296651035547256,2.847066879272461,2.550415843725204,0.648145094577303,0.434311285499388,152.314097225666103,0.508320629596710,1.232131052017212
713,MX24018,713,361.000000000000000,0.006267361211389,0.294158697128296,3.414015293121338,3.119856595993042,0.666893669607897,0.430837626777397,240.748614728450690,0.545797705650330,1.008840918540955
714,MX21073,714,681.000000000000000,0.011822916855833,0.181582212448120,5.804541110992432,5.622958898544312,0.385487818135914,0.576720869428233,262.517204150557518,0.249821633100510,0.485481470823288
715,MX21150,715,888.000000000000000,0.015416666913333,0.249651476740837,6.293732166290283,6.044080689549446,0.532975462256923,0.599391388431109,473.282210484147299,0.366138830780983,0.797678220272064
716,MX15035,716,595.000000000000000,0.010329861276389,0.806373059749603,64.149520874023438,63.343147814273834,10.460057806367637,11.956049340857129,6223.734394788743884,4.342670917510986,30.151402664184573
717,MX08033,717,4477.000000000000000,0.077725695688056,0.162571027874947,3.188735485076904,3.026164457201958,0.219180474197169,0.099668832555985,981.270982980726671,0.205422833561897,0.234352582693100
718,MX21074,718,855.000000000000000,0.014843750237500,0.341830193996429,44.942356109619141,44.600525915622711,4.461835778108116,6.304102991890562,3814.869590282439731,2.070076704025269,11.798577880859376
719,MX14041,719,1560.000000000000000,0.027083333766667,0.162602931261063,9.457817077636719,9.295214146375656,0.377936767204067,0.637824410680225,589.581356838345073,0.226644217967987,0.530497139692307
720,MX14042,720,3904.000000000000000,0.067777778862222,0.132605344057083,17.615036010742188,17.482430666685104,0.287534136626655,0.786813777097667,1122.533269390460873,0.188512824475765,0.305022999644280
721,MX13028,721,1979.000000000000000,0.034357639438611,0.235114231705666,22.310678482055664,22.075564250349998,0.993068393814920,1.789055570461110,1965.282351359726363,0.528006553649902,1.516025424003602
722,MX26034,722,2252.000000000000000,0.039097222847778,0.176741749048233,4.391221523284912,4.214479774236679,0.243743790760240,0.184370762440379,548.911016792059968,0.221067294478416,0.251185837388039
723,MX16038,723,10158.000000000000000,0.176354169488333,0.124746397137642,15.533336639404297,15.408590242266655,0.257146483038936,0.545113704849719,2612.093974709510348,0.182877227663994,0.293191513419152
724,MX21075,724,375.000000000000000,0.006510416770833,0.226597100496292,6.296885967254639,6.070288866758347,0.577552694638570,0.681583974956376,216.582260489463806,0.316041022539139,1.194770407676698
725,MX30073,725,3489.000000000000000,0.060572917635833,0.191530540585518,27.652942657470703,27.461412116885185,0.528962547063622,1.129052703959284,1845.550326704978033,0.320436030626297,0.726667475700378
726,MX29014,726,871.000000000000000,0.015121528019722,0.304407268762589,11.827162742614746,11.522755473852158,0.763532120174163,1.019570381420793,665.036476671696164,0.453664749860764,1.385132908821106
727,MX15036,727,1172.000000000000000,0.020347222547778,0.430768132209778,21.568222045898438,21.137453913688660,2.252662237822602,3.085047873427126,2640.120142728088922,1.199310600757599,5.291337299346927
728,MX21076,728,1584.000000000000000,0.027500000440000,0.214542508125305,10.358895301818848,10.144352793693542,0.468636586029798,0.582752758023157,742.320352271199340,0.338580891489983,0.696118152141571
729,MX21077,729,209.000000000000000,0.003628472280278,0.259179234504700,2.660109281539917,2.400930047035217,0.438646129158695,0.299546861989626,91.677040994167342,0.355412125587463,0.560694968700409
730,MX31037,730,987.000000000000000,0.017135416940833,0.175630122423172,6.501311779022217,6.325681656599045,0.306988752872627,0.470427809704956,302.997899085282711,0.225219115614891,0.314002758264542
731,MX13029,731,3298.000000000000000,0.057256945360556,0.227831199765205,31.354879379272461,31.127048179507256,0.867749343077800,1.940339754380950,2861.837333470583417,0.436605468392372,1.437689054012299
732,MX30074,732,93.000000000000000,0.001614583359167,1.127158403396606,28.370288848876953,27.243130445480347,5.573035851601631,5.786030402007674,518.292334198951721,2.754765987396240,15.006283378601072
733,MX27008,733,18020.000000000000000,0.312847227227778,0.194984048604965,3021.084228515625000,3020.889244467020035,3.390471905973474,38.643319288925944,61096.303745642006106,0.725049912929535,2.995181989669800
734,MX22008,734,1939.000000000000000,0.033663194983056,0.363967359066010,17.610082626342773,17.246115267276764,1.903248586809593,2.008129466953577,3690.399009823800498,1.267002582550049,3.924061536788940
735,MX16039,735,396.000000000000000,0.006875000110000,0.236284509301186,4.594376087188721,4.358091577887535,0.534422413718821,0.464929344696472,211.631275832653273,0.378232449293137,0.863868564367294
736,MX07039,736,1668.000000000000000,0.028958333796667,0.215943351387978,9.800298690795898,9.584355339407921,0.600392198819908,0.732196034723162,1001.454187631607169,0.397511929273605,0.978140956163406
737,MX17009,737,936.000000000000000,0.016250000260000,0.390688061714172,17.472410202026367,17.081722140312195,1.180099497525356,1.678371288019270,1104.573129683733669,0.567649304866791,2.534847497940063
738,MX21078,738,342.000000000000000,0.005937500095000,0.258665651082993,6.153244972229004,5.894579321146011,0.779448371271640,0.811095430805285,266.571342974901029,0.511110186576843,1.476349127292634
739,MX21079,739,250.000000000000000,0.004340277847222,0.289431422948837,5.633777141571045,5.344345718622208,0.991366280317306,1.056099927315832,247.841570079326573,0.503490000963211,2.475550365447998
740,MX12034,740,6526.000000000000000,0.113298612923889,0.143358916044235,11.516536712646484,11.373177796602249,0.365385785278754,0.578645687045042,2384.507634729147412,0.240104511380196,0.480816200375557
741,MX15037,741,697.000000000000000,0.012100694638056,1.172537803649902,67.322731018066406,66.150193214416504,13.819961110522801,12.627316729425624,9632.512894034392957,9.309319496154785,32.200687408447251
742,MX07038,742,1523.000000000000000,0.026440972645278,0.170977711677551,12.633421897888184,12.462444186210632,0.564379831510630,0.704847840392753,859.550483390689124,0.401076674461365,0.932923018932343
743,MX07040,743,1912.000000000000000,0.033194444975556,0.153159245848656,22.475675582885742,22.322516337037086,0.783154027902805,1.763396220865243,1497.390501350162367,0.366140186786652,1.194858920574189
744,MX31038,744,3760.000000000000000,0.065277778822222,0.160935506224632,39.206832885742188,39.045897379517555,0.689884760365525,1.993181869011490,2593.966698974373685,0.259475320577621,0.875939911603927
745,MX30075,745,1861.000000000000000,0.032309028294722,0.195746943354607,34.251575469970703,34.055828526616096,0.607305647768301,1.396782637007002,1130.195810496807326,0.314484864473343,1.034320473670959
746,MX08034,746,15372.000000000000000,0.266875004270000,0.169344007968903,11.344884872436523,11.175540864467621,0.241261344398183,0.271250519394859,3708.669386088861756,0.216287009418011,0.241282543540001
747,MX12035,747,2812.000000000000000,0.048819445225556,0.162415325641632,25.602024078369141,25.439608752727509,1.235446897363171,3.154306007341869,3474.076675385238104,0.322465077042580,2.076041936874390
748,MX12036,748,948.000000000000000,0.016458333596667,0.193924814462662,5.103151321411133,4.909226506948471,0.399024437657137,0.434844784930056,378.275166898965722,0.271296784281731,0.617427790164948
749,MX30076,749,776.000000000000000,0.013472222437778,0.197414040565491,2.013546228408813,1.816132187843323,0.341912323013716,0.199340156773773,265.323962658643779,0.271818056702614,0.553141683340073
750,MX12081,750,1175.000000000000000,0.020399305881944,0.147991314530373,3.370177507400513,3.222186192870140,0.275465587681913,0.210067532111758,323.672065526247252,0.218595162034035,0.411164665222168
751,MX26035,751,11790.000000000000000,0.204687503275000,0.183929368853569,17.042961120605469,16.859031751751900,0.297167865437811,0.593686919748970,3503.609133511790333,0.232633829116821,0.283711254596710
752,MX16040,752,874.000000000000000,0.015173611353889,0.210824653506279,11.411659240722656,11.200834587216377,0.647736553384045,1.034494358631868,566.121747657655192,0.386835053563118,1.063689279556274
753,MX10011,753,12994.000000000000000,0.225590281387222,0.143411412835121,6.954626083374023,6.811214670538902,0.218864888761279,0.181396095819862,2843.930364564057982,0.198874488472939,0.225614918768406
754,MX11017,754,4255.000000000000000,0.073871528959722,0.345084846019745,85.704795837402344,85.359710991382599,5.828187839678119,11.122773905914620,24798.939257830395945,1.614185810089111,15.538548660278316
755,MX16041,755,635.000000000000000,0.011024305731944,0.223579958081245,4.840328693389893,4.616748735308647,0.612839072379541,0.570381924757758,389.152810961008299,0.420566797256470,1.212566804885864
756,MX15038,756,394.000000000000000,0.006840277887222,0.449381351470947,13.950686454772949,13.501305103302002,2.173169533840290,2.691323078721219,856.228796333074342,0.760056197643280,6.349502897262573
757,MX30077,757,4560.000000000000000,0.079166667933333,0.188345178961754,17.870437622070312,17.682092443108559,0.409614844714994,0.948666074506292,1867.843691900372733,0.263697445392609,0.486697268486023
758,MX23003,758,4307.000000000000000,0.074774306751944,0.149046316742897,38.792644500732422,38.643598183989525,0.581956233413225,2.089021434891055,2506.485497310758092,0.218193784356117,0.497851240634918
759,MX19030,759,2886.000000000000000,0.050104167468333,0.158837705850601,7.275977611541748,7.117139905691147,0.235088580384159,0.287297533788165,678.465642988682703,0.202344529330730,0.240742035210133
760,MX21081,760,1515.000000000000000,0.026302083754167,0.150343284010887,9.085133552551270,8.934790268540382,0.266430686006058,0.354373260874957,403.642489299177782,0.201427519321442,0.313379770517349
761,MX21082,761,528.000000000000000,0.009166666813333,0.237001329660416,13.861771583557129,13.624770253896713,1.042002133150220,1.667442830452109,550.177126303315958,0.466671273112297,2.148317980766297
762,MX12037,762,1046.000000000000000,0.018159722512778,0.167408108711243,3.231667518615723,3.064259409904480,0.278125815036534,0.224082697580389,290.919602528214568,0.223440706729889,0.344878822565079
763,MX30078,763,889.000000000000000,0.015434028024722,0.187302991747856,4.079677104949951,3.892374113202095,0.320784161208853,0.291044269532576,285.177119314670449,0.258456885814667,0.416705948114395
764,MX30079,764,744.000000000000000,0.012916666873333,0.191897317767143,5.654926300048828,5.463028982281685,0.371831677092980,0.382902759970042,276.642767757177467,0.285971537232399,0.497938278317452
765,MX07042,765,467.000000000000000,0.008107639018611,0.214847177267075,10.655193328857422,10.440346151590347,0.684497566147841,1.144143618569011,319.660363391041869,0.353227138519287,1.064284276962282
766,MX30083,766,3341.000000000000000,0.058003473150278,0.191219404339790,4.589179039001465,4.397959634661674,0.371040725281624,0.255285249910286,1239.647063165904456,0.293009668588638,0.559253156185150
767,MX30080,767,641.000000000000000,0.011128472400278,0.264784812927246,8.342860221862793,8.078075408935547,0.624209394878976,0.690392058856191,400.118222117423329,0.445666879415512,0.932325899600983
768,MX30082,768,757.000000000000000,0.013142361321389,0.905424535274506,19.048379898071289,18.142955362796783,3.310345102962761,2.510636206016593,2505.931242942810059,2.639958143234253,5.819028568267822
769,MX30081,769,258.000000000000000,0.004479166738333,0.387703686952591,27.853897094726562,27.466193407773972,2.270148835787477,3.856492674589489,585.698399633169174,0.649732321500778,5.880058002471925
770,MX31039,770,693.000000000000000,0.012031250192500,0.246437802910805,8.969109535217285,8.722671732306480,0.460896863630324,0.699404271535366,319.401526495814664,0.302421808242798,0.595291960239412
771,MX30084,771,1644.000000000000000,0.028541667123333,0.191693902015686,17.627685546875000,17.435991644859314,0.373696617800243,0.540400895115152,614.357239663599785,0.271306410431862,0.511076295375824
772,MX13030,772,2434.000000000000000,0.042256945120556,0.231082350015640,24.466575622558594,24.235493272542953,1.336543288954283,2.115734764039927,3253.146365314724790,0.693144351243973,2.736959052085879
773,MX20065,773,355.000000000000000,0.006163194543056,0.149594128131866,1.261088490486145,1.111494362354279,0.250239655879182,0.145615526461390,88.835077837109651,0.206573367118835,0.328505158424377
774,MX21083,774,2774.000000000000000,0.048159722992778,0.198920011520386,3.866950273513794,3.668030261993408,0.387982479572598,0.318292995306738,1076.263398334386466,0.293613627552986,0.575286531448365
775,MX07043,775,616.000000000000000,0.010694444615556,0.235649585723877,6.155155658721924,5.919506072998047,0.449805190738339,0.449050329757280,277.079997494816951,0.364512056112289,0.586301863193512
776,MX29015,776,802.000000000000000,0.013923611333889,0.414245426654816,22.494064331054688,22.079818904399872,2.035077445227606,2.726491677958298,1632.132111072539828,0.946603864431381,5.262628412246704
777,MX30085,777,679.000000000000000,0.011788194633056,0.575846076011658,34.189868927001953,33.614022850990295,4.223878512677458,5.120706632859950,2868.013510107994080,2.311095952987671,9.222274589538578
778,MX07044,778,1370.000000000000000,0.023784722602778,0.256238818168640,9.997572898864746,9.741334080696106,0.774823205205645,0.899789297303286,1061.507791131733939,0.495369270443916,1.404112708568573
779,MX15039,779,1610.000000000000000,0.027951389336111,0.431081265211105,53.726551055908203,53.295469790697098,8.063714140968298,13.503577414242677,12982.579766958959226,1.483462691307068,32.890045928955104
780,MX15040,780,563.000000000000000,0.009774305711944,0.353123605251312,26.462377548217773,26.109253942966461,2.784223720669535,3.671726269302479,1567.517954736948241,1.426615953445435,6.498060321807862
781,MX15041,781,488.000000000000000,0.008472222357778,0.216281548142433,7.676603317260742,7.460321769118309,0.552407309657237,0.648247973186413,269.574767112731763,0.368936181068420,0.923439919948578
782,MX07045,782,524.000000000000000,0.009097222367778,0.253880441188812,3.692433834075928,3.438553392887115,0.472966677758075,0.381480251646120,247.834539145231105,0.372280851006508,0.676271218061447
783,MX29016,783,222.000000000000000,0.003854166728333,0.358026921749115,22.265283584594727,21.907256662845612,1.514750688328399,3.007884026818477,336.274652808904591,0.606411010026932,2.514139747619629
784,MX21084,784,97.000000000000000,0.001684027804722,0.331556171178818,4.196944713592529,3.865388542413712,0.744685495637127,0.670427206591173,72.234493076801328,0.463395625352859,1.329863119125366
785,MX15042,785,1671.000000000000000,0.029010417130833,0.432466536760330,34.967288970947266,34.534822434186935,2.475320809512421,2.702499480421725,4136.261072695255280,1.665943026542664,4.794877529144287
786,MX06006,786,1854.000000000000000,0.032187500515000,0.161438465118408,6.218204021453857,6.056765556335449,0.275616459492213,0.297106263547207,510.992915898562160,0.231732778251171,0.308167588710785
787,MX14044,787,1008.000000000000000,0.017500000280000,0.429040879011154,40.402786254882812,39.973745375871658,3.549798598513006,5.162433336510151,3578.196987301110312,1.659081459045410,9.155082130432131
788,MX14045,788,4162.000000000000000,0.072256945600556,0.175033137202263,17.353681564331055,17.178648427128792,0.643489956307989,0.845489267961870,2678.205198153850688,0.423630788922310,1.169215703010559
789,MX16042,789,620.000000000000000,0.010763889061111,0.248366594314575,8.736845016479492,8.488478422164917,0.646879293264881,0.928778703823569,401.065161824226323,0.348324418067932,1.325546276569366
790,MX20042,790,2747.000000000000000,0.047690972985278,0.130062401294708,7.436072349548340,7.306009948253632,0.220363407225925,0.287797265943778,605.338279649615401,0.184998586773872,0.232289758324623
791,MX18006,791,2467.000000000000000,0.042829861796389,0.152220115065575,23.449329376220703,23.297109261155128,0.511912181260715,1.738855469142479,1262.887351170182910,0.208977743983269,0.494799262285233
792,MX31040,792,2289.000000000000000,0.039739583969167,0.166566357016563,29.360496520996094,29.193930163979530,0.593779114642589,1.784166821536458,1359.160393416885427,0.260466396808624,0.594264996051789
793,MX09006,793,112.000000000000000,0.001944444475556,49.934623718261719,102.303382873535156,52.368759155273438,70.709038189479330,10.464403314326695,7919.412277221685144,69.283638000488281,85.592524719238284
794,MX09007,794,563.000000000000000,0.009774305711944,11.088422775268555,116.256904602050781,105.168481826782227,63.733407488089490,15.776149447236250,35881.908415794379835,64.412078857421875,79.848123168945321
795,MX21085,795,2647.000000000000000,0.045954861846389,0.172476187348366,24.644489288330078,24.472013100981712,0.849074452124679,1.970274396905068,2247.500074774025961,0.334227204322815,1.498100209236145
796,MX13031,796,2212.000000000000000,0.038402778392222,0.168301820755005,8.968523979187012,8.800222158432007,0.296796661382288,0.399623204026602,656.514214977621805,0.228027850389481,0.364210140705109
797,MX16043,797,587.000000000000000,0.010190972385278,0.282059490680695,23.635469436645508,23.353409945964813,2.542980436876643,4.244133747362222,1492.729516446589741,0.755999267101288,8.215875053405753
798,MX18007,798,2527.000000000000000,0.043871528479722,0.143828198313713,23.737112045288086,23.593283846974373,0.351680599108816,1.093432790373336,888.696873947979043,0.195977568626404,0.379703861474991
799,MX30086,799,1037.000000000000000,0.018003472510278,0.217899754643440,15.957662582397461,15.739762827754021,0.796084950750795,1.229205882871351,825.540093928574720,0.459944248199463,1.524174928665161
800,MX27009,800,2915.000000000000000,0.050607639698611,0.340419560670853,86.855369567871094,86.514950007200241,0.920813697412941,2.293087497365656,2684.171927958721881,0.661707997322083,1.198881649971008
801,MX30088,801,359.000000000000000,0.006232638988611,0.246388092637062,4.676314353942871,4.429926261305809,0.434191315328511,0.434351459830795,155.874682202935361,0.320278704166412,0.592021751403809
802,MX14046,802,2621.000000000000000,0.045503472950278,0.202375426888466,42.442413330078125,42.240037903189659,0.855825626545396,2.473169210152957,2243.118967175484158,0.383081138134003,1.163044810295105
803,MX32019,803,3600.000000000000000,0.062500001000000,0.152007341384888,21.210203170776367,21.058195829391479,0.445210657330850,1.217227907703221,1602.758366391059781,0.222546607255936,0.543747854232788
804,MX27010,804,1817.000000000000000,0.031545139393611,0.348372608423233,312.067565917968750,311.719193309545517,3.303938769431447,14.056563857677974,6003.256744056938260,1.674257397651672,3.977053785324098
805,MX21086,805,1028.000000000000000,0.017847222507778,0.223185017704964,2.870050668716431,2.646865651011467,0.460795983164807,0.340704663667262,473.698270693421762,0.347270488739014,0.764040058851243
806,MX22009,806,5958.000000000000000,0.103437501655000,0.152450159192085,20.043420791625977,19.890970632433891,0.332235125226437,0.745822778279472,1979.456876099111923,0.237048916518688,0.408358550071716
807,MX15044,807,23.000000000000000,0.000399305561944,7.669399738311768,57.424873352050781,49.755473613739014,21.364094920780346,12.519577079841060,491.374183177947941,17.618104934692383,37.012342834472662
808,MX30089,808,1527.000000000000000,0.026510417090833,0.289867311716080,21.874454498291016,21.584587186574936,1.133159237647258,2.206275085766456,1730.334155887363067,0.571962952613831,1.756456184387210
809,MX13032,809,193.000000000000000,0.003350694498056,0.350978136062622,5.253239631652832,4.902261495590210,1.071860607423931,0.866440444587586,206.869097232818632,0.742482125759125,1.967345905303957
810,MX30090,810,652.000000000000000,0.011319444625556,0.333755314350128,8.686418533325195,8.352663218975067,0.825007810868733,0.829261110379142,537.905092686413695,0.569377183914185,1.574870979785919
811,MX14047,811,811.000000000000000,0.014079861336389,0.225600615143776,15.733009338378906,15.507408723235130,0.943450987173654,1.782031062396761,765.138750597833791,0.416456252336502,1.676247000694275
812,MX08035,812,40204.000000000000000,0.697986122278889,0.174513697624207,16.711095809936523,16.536582112312317,0.242292451132884,0.234975462033431,9741.125705346466930,0.226253025233746,0.251658177375793
813,MX17010,813,509.000000000000000,0.008836805696944,0.384980291128159,13.473949432373047,13.088969141244888,1.763683973630425,2.104213676853723,897.715142577886354,0.938328266143799,4.004665374755858
814,MX11018,814,877.000000000000000,0.015225694688056,0.412476390600204,21.991989135742188,21.579512745141983,1.373550680915198,2.233854553816131,1204.603947162628401,0.722391963005066,2.484410715103149
815,MX28017,815,13561.000000000000000,0.235434031544722,0.141664937138557,9.393338203430176,9.251673266291618,0.230457294002438,0.262033785738606,3125.231363967056495,0.203082948923111,0.246367424726486
816,MX11019,816,4385.000000000000000,0.076128473440278,0.229816988110542,16.547922134399414,16.318105146288872,0.571462233974561,0.740207760917226,2505.861895978450320,0.398400038480759,0.859032821655273
817,MX32020,817,7817.000000000000000,0.135711807726944,0.172327190637589,49.955017089843750,49.782689899206161,0.597194206540021,2.146605185294631,4668.267112523340074,0.260745733976364,0.675674617290497
818,MX30091,818,6887.000000000000000,0.119565974135278,0.180405825376511,10.459856986999512,10.279451161623001,0.300657617584081,0.297977393207709,2070.629012301562852,0.252409338951111,0.361219388246536
819,MX01005,819,2532.000000000000000,0.043958334036667,0.236945271492004,56.396179199218750,56.159233927726746,3.089435596048454,7.449078014480455,7822.450929194684250,0.496459364891052,7.469928073883057
820,MX14048,820,3316.000000000000000,0.057569445365556,0.193848684430122,16.634140014648438,16.440291330218315,0.498022739522708,0.961060698094634,1651.443404257298880,0.304287582635880,0.668075948953629
821,MX15045,821,2836.000000000000000,0.049236111898889,0.309117406606674,42.097644805908203,41.788527399301529,1.483185155782189,2.371781413399214,4206.313101798286880,0.807576388120651,2.933899521827698
822,MX30093,822,274.000000000000000,0.004756944520556,0.482634484767914,9.565877914428711,9.083243429660797,1.278970725344916,0.971071125701536,350.437978744506893,1.001375138759613,2.137492394447327
823,MX14049,823,7301.000000000000000,0.126753474250278,0.130199626088142,101.271492004394531,101.141292378306389,0.316416519455364,2.057143598881271,2310.157008543611482,0.197061315178871,0.278806179761887
824,MX15046,824,578.000000000000000,0.010034722382778,0.608209073543549,16.606281280517578,15.998072206974030,2.357210980876504,2.488698030691606,1362.467946946619577,1.559068858623505,5.350338220596317
825,MX05014,825,11707.000000000000000,0.203246531029722,0.168430387973785,7.628626823425293,7.460196435451508,0.264334990083791,0.224459491288748,3094.569728910940285,0.232494235038757,0.287370210886002
826,MX08036,826,56467.000000000000000,0.980329876796389,0.147556111216545,45.469753265380859,45.322197154164314,0.260200926073226,0.969415009541207,14692.765692576842412,0.201364085078239,0.238906365633011
827,MX16044,827,969.000000000000000,0.016822916935833,0.203391581773758,7.338232517242432,7.134840935468674,0.527296376655839,0.645271772327425,510.950188979507516,0.323769450187683,0.976890003681183
828,MX28018,828,8554.000000000000000,0.148506946820556,0.151503548026085,58.255474090576172,58.103970542550087,0.258336414295378,0.958893382844273,2209.809687882664093,0.208894163370132,0.241201217472553
829,MX32021,829,5951.000000000000000,0.103315973875278,0.128494560718536,9.228111267089844,9.099616706371307,0.211144015315681,0.262836065788051,1256.518035143619500,0.178317725658417,0.214269056916237
830,MX16045,830,1206.000000000000000,0.020937500335000,0.209917947649956,24.064590454101562,23.854672506451607,1.224785505823337,2.813625353972398,1477.091320022944274,0.369313225150108,2.441490769386292
831,MX07046,831,6346.000000000000000,0.110173612873889,0.119882903993130,16.161039352416992,16.041156448423862,0.394692498753819,0.666158637807871,2504.718597091737138,0.261348471045494,0.578383415937424
832,MX15047,832,1369.000000000000000,0.023767361491389,0.408972442150116,12.011731147766113,11.602758705615997,1.624020334161747,1.442025970034415,2223.283837467431113,1.109087109565735,3.258353042602539
833,MX07047,833,1152.000000000000000,0.020000000320000,0.192913711071014,19.902519226074219,19.709605515003204,0.757467741702889,1.530947353228419,872.602838441728409,0.368525907397270,1.226441872119904
834,MX17011,834,283.000000000000000,0.004913194523056,1.962721347808838,47.864234924316406,45.901513576507568,15.447486374487724,9.108988574103794,4371.638643980026245,14.178523063659668,27.834932327270511
835,MX14050,835,1610.000000000000000,0.027951389336111,0.246333852410316,26.652933120727539,26.406599268317223,1.210498219348999,2.346427946569770,1948.902133151888847,0.502413868904114,2.583505797386171
836,MX15048,836,1367.000000000000000,0.023732639268611,0.386133968830109,21.452896118164062,21.066762149333954,2.160581764223463,2.196710832507939,2953.515271693473551,1.439792275428772,4.340014934539798
837,MX17012,837,763.000000000000000,0.013246527989722,0.356061816215515,30.580152511596680,30.224090695381165,2.817298278544554,3.458010297315591,2149.598586529494696,1.517225980758667,6.869240570068368
838,MX21087,838,2951.000000000000000,0.051232639708611,0.149292260408401,7.404719829559326,7.255427569150925,0.270256133639623,0.370608392592989,797.525850370528929,0.208728238940239,0.300975918769836
839,MX17013,839,446.000000000000000,0.007743055679444,0.411670982837677,6.789462566375732,6.377791583538055,1.116765419530761,1.163962528927193,498.077377110719624,0.690267771482468,2.375906229019165
840,MX21088,840,153.000000000000000,0.002656250042500,0.299246460199356,1.768885254859924,1.469638794660568,0.525094919344958,0.239002070019701,80.339522659778623,0.442858338356018,0.782935893535614
841,MX27011,841,7923.000000000000000,0.137552085534167,0.151447340846062,19.299604415893555,19.148157075047493,0.360106420245388,0.631214126677474,2853.123167604209357,0.256633043289185,0.456897407770157
842,MX21089,842,846.000000000000000,0.014687500235000,0.240399405360222,5.524667263031006,5.284267857670784,0.441476967846248,0.422372996960322,373.489514797926006,0.325259327888489,0.644439101219177
843,MX15049,843,231.000000000000000,0.004010416730833,0.567405819892883,13.620227813720703,13.052821993827820,1.900346110135445,2.316767484054567,438.979951441287881,0.901833772659302,4.584477424621582
844,MX30169,844,2628.000000000000000,0.045625000730000,0.190346524119377,9.268880844116211,9.078534319996834,0.369435842881827,0.476479070262225,970.877395093441351,0.276958748698235,0.487220519781113
845,MX12079,845,641.000000000000000,0.011128472400278,0.168973356485367,5.107281684875488,4.938308328390121,0.522179704792972,0.470367491034044,334.717190772295169,0.376982092857361,0.979580819606781
846,MX23006,846,23758.000000000000000,0.412465284377222,0.120684452354908,14.048665046691895,13.927980594336987,0.213177922727689,0.337359996230041,5064.681088164430548,0.179970763623714,0.215119639039040
847,MX16113,847,1104.000000000000000,0.019166666973333,0.243554905056953,10.819548606872559,10.575993701815605,0.771692668033791,0.893938742990757,851.948705509305114,0.470399037003517,1.525794053077698
848,MX32022,848,3192.000000000000000,0.055416667553333,0.165803506970406,17.953046798706055,17.787243291735649,0.456930074089191,1.210985075894168,1458.520796492696491,0.224766373634338,0.468773812055588
849,MX21090,849,112.000000000000000,0.001944444475556,2.064421892166138,13.698570251464844,11.634148359298706,6.165057195084436,2.760042510255962,690.486405849456787,5.858725070953369,9.617996215820314
850,MX21091,850,118.000000000000000,0.002048611143889,0.464732021093369,28.552459716796875,28.087727695703506,3.614148585220515,5.819737976233946,426.469533056020737,1.075994610786438,10.405133819580076
851,MX21092,851,1106.000000000000000,0.019201389196111,0.191004008054733,3.096541404724121,2.905537396669388,0.330834643521210,0.276669691827807,365.903115734458027,0.256956279277802,0.424601599574089
852,MX12039,852,2000.000000000000000,0.034722222777778,0.170258998870850,9.767929077148438,9.597670078277588,0.373344285704196,0.577969174293920,746.688571408392590,0.257335513830185,0.489777287840843
853,MX30094,853,4873.000000000000000,0.084600695798056,0.196359619498253,13.392727851867676,13.196368232369423,0.421441058841742,0.657936115971727,2053.682279735809516,0.298437684774399,0.536018621921539
854,MX14051,854,683.000000000000000,0.011857639078611,0.546550154685974,36.468368530273438,35.921818375587463,2.185111037023246,3.386037101167812,1492.430838286876906,1.196529865264893,3.890114593505865
855,MX05015,855,12943.000000000000000,0.224704864706389,0.156608179211617,6.426706790924072,6.270098611712456,0.228191844598040,0.165662779335837,2953.487044632434845,0.215700566768646,0.242106953263283
856,MX07048,856,3652.000000000000000,0.063402778792222,0.448852270841599,450.548126220703125,450.099273949861526,4.177663332702096,20.184157212370447,15256.826491028054079,0.973720908164978,5.019879436492920
857,MX08037,857,19272.000000000000000,0.334583338686667,0.228735432028770,117.927017211914062,117.698281779885292,5.235399733534544,15.015593419468056,100896.623664677739725,0.427966937422752,9.874523067474376
858,MX16046,858,692.000000000000000,0.012013889081111,0.165079966187477,6.412749767303467,6.247669801115990,0.421182501608926,0.502002524483039,291.458291113376447,0.273550078272820,0.695010745525360
859,MX19031,859,1285.000000000000000,0.022309028134722,0.938047409057617,60.073024749755859,59.134977340698242,11.805919721850177,13.587504955542116,15170.606842577477437,3.325451374053955,33.748795318603520
860,MX13033,860,555.000000000000000,0.009635416820833,0.167659357190132,2.771229982376099,2.603570625185966,0.317365639354731,0.292826329564783,176.137929841875973,0.228652790188789,0.467843317985535
861,MX32023,861,1705.000000000000000,0.029600694918056,0.169166222214699,19.567148208618164,19.397981986403465,0.516760885400856,1.274646330901566,881.077309608459927,0.229520425200462,0.723384809494019
862,MX30095,862,940.000000000000000,0.016319444705556,0.182825788855553,3.085774660110474,2.902948871254921,0.314894647515835,0.214562387799586,296.000968664884965,0.266300395131111,0.424837979674339
863,MX12080,863,1227.000000000000000,0.021302083674167,0.159337535500526,16.652877807617188,16.493540272116661,0.336596987115336,0.639812996315518,413.004503190517596,0.227901130914688,0.433809870481491
864,MX15050,864,657.000000000000000,0.011406250182500,0.476151794195175,34.272823333740234,33.796671539545059,1.542526505989571,3.348109053190901,1013.439914435148012,0.684162318706512,1.986338543891906
865,MX14052,865,1216.000000000000000,0.021111111448889,0.152649208903313,5.412401676177979,5.259752467274666,0.282132821990863,0.366547585791876,343.073511540889399,0.210965692996979,0.324400767683983
866,MX08038,866,21866.000000000000000,0.379618061629445,0.165913805365562,12.407479286193848,12.241565480828285,0.236078491583187,0.230385707633970,5162.092296957976941,0.214796684682369,0.246067591011524
867,MX16047,867,1320.000000000000000,0.022916667033333,0.162911415100098,5.595736026763916,5.432824611663818,0.476501071656293,0.575377520176342,628.981414586306755,0.277415931224823,0.893547439575195
868,MX31041,868,509.000000000000000,0.008836805696944,0.637504816055298,43.780433654785156,43.142928838729858,7.696317165445953,8.893355880259270,3917.425437211990356,2.785011768341064,21.884054565429686
869,MX31042,869,1001.000000000000000,0.017378472500278,0.183521836996078,4.835188865661621,4.651667028665543,0.316310892184893,0.424399161338894,316.627203077077866,0.220974326133728,0.367791116237640
870,MX31043,870,694.000000000000000,0.012048611303889,0.170293986797333,10.694008827209473,10.523714840412140,0.391664560723202,0.781058399663633,271.815205141901913,0.228361740708351,0.438504409790039
871,MX31044,871,1777.000000000000000,0.030850694938056,0.169391632080078,10.327966690063477,10.158575057983398,0.332730715168817,0.649349916731441,591.262480854987984,0.221568465232849,0.370361536741257
872,MX31045,872,779.000000000000000,0.013524305771944,0.178941205143929,8.141769409179688,7.962828204035759,0.372731387270890,0.597065352076387,290.357750684022903,0.248337864875793,0.481023240089417
873,MX30016,873,641.000000000000000,0.011128472400278,0.431301116943359,25.516119003295898,25.084817886352539,1.875336455945477,3.210868771293592,1202.090668261050496,0.822885334491730,3.252315759658813
874,MX14018,874,2077.000000000000000,0.036059028354722,0.247762724757195,19.784532546997070,19.536769822239876,1.004793446419557,1.934063572627640,2086.955988213419459,0.416099846363068,1.981822800636292
875,MX26021,875,21928.000000000000000,0.380694450535556,0.167163088917732,10.907773017883301,10.740609928965569,0.245585773573065,0.209524621523414,5385.204842910170555,0.222537405788898,0.276229450106621
876,MX20017,876,507.000000000000000,0.008802083474167,0.156732618808746,1.033504247665405,0.876771628856659,0.269539336863119,0.116261963001120,136.656443789601354,0.237494558095932,0.365650391578674
877,MX07020,877,12504.000000000000000,0.217083336806667,0.115808807313442,20.069921493530273,19.954112686216831,0.263535513928112,0.492578835169939,3295.248066157118501,0.192035868763924,0.331736528873444
878,MX08016,878,5569.000000000000000,0.096684029324722,0.165034845471382,7.981377124786377,7.816342279314995,0.262187273741775,0.319246142870499,1460.120927467943829,0.221207380294800,0.272064220905304
879,MX07036,879,233.000000000000000,0.004045138953611,0.239025637507439,4.437894821166992,4.198869183659554,0.720504014085291,0.590827901873488,167.877435281872692,0.534318029880524,1.194959521293640
880,MX16035,880,9634.000000000000000,0.167256947120556,0.121452637016773,7.437992572784424,7.316539935767651,0.229592444353890,0.242248386570079,2211.893608905376368,0.192105121910572,0.275297480821610
881,MX14043,881,9954.000000000000000,0.172812502765000,0.123690120875835,13.855021476745605,13.731331355869770,0.228383864550999,0.369148148251641,2273.332987740639965,0.177891924977303,0.245208305120468
882,MX07041,882,2493.000000000000000,0.043281250692500,0.176788434386253,18.511344909667969,18.334556475281715,0.717327792919213,1.352911019989030,1788.298187747599059,0.370529741048813,1.195350384712220
883,MX07050,883,2236.000000000000000,0.038819445065556,0.149166733026505,5.912478446960449,5.763311713933945,0.257673485794359,0.287447526639435,576.157914236187708,0.209856092929840,0.289238706231117
884,MX09008,884,316.000000000000000,0.005486111198889,0.652552962303162,59.303913116455078,58.651360154151917,14.322149617385243,19.943574944190754,4525.799279093736914,1.557983577251434,48.241422653198242
885,MX29048,885,58.000000000000000,0.001006944460556,4.476503372192383,16.117313385009766,11.640810012817383,10.300074067609069,3.383508309483358,597.404295921326025,10.602817058563232,14.491467857360844
886,MX21095,886,60.000000000000000,0.001041666683333,0.317156076431274,3.357307434082031,3.040151357650757,0.620791566868623,0.607045026172774,37.247494012117372,0.392165228724480,1.516443753242493
887,MX14057,887,668.000000000000000,0.011597222407778,0.211982876062393,9.832284927368164,9.620302051305771,0.448255459794741,0.813159340069765,299.434647142887286,0.261867254972458,0.628110373020172
888,MX13040,888,1165.000000000000000,0.020225694768056,0.174882292747498,2.052098989486694,1.877216696739197,0.332565218696267,0.163096399232893,387.438479781150932,0.273493587970734,0.504504871368408
889,MX03003,889,78587.000000000000000,1.364357660718611,0.139513939619064,88.867767333984375,88.728253394365311,0.439577079292208,2.710256000512783,34545.043930336752965,0.199035033583641,0.257311058044434
890,MX15070,890,183.000000000000000,0.003177083384167,7.139183044433594,81.308181762695312,74.168998718261719,42.704281150317584,14.401697010935495,7814.883450508117676,45.578979492187500,58.465830993652347
891,MX20069,891,128.000000000000000,0.002222222257778,0.203532934188843,3.507752418518066,3.304219484329224,0.474841061979532,0.526123702998909,60.779655933380106,0.282443180680275,0.900553548336029
892,MX30127,892,682.000000000000000,0.011840277967222,-1.500000000000000,17.436380386352539,18.936380386352539,0.810473096989166,1.296372725186867,552.742652146611590,0.407066777348518,1.811948347091675
893,MX16069,893,1423.000000000000000,0.024704861506389,0.254599571228027,38.748973846435547,38.494374275207520,2.650137878582669,5.239102927220785,3771.146201223137723,0.657424807548523,6.792601966857911
894,MX20076,894,909.000000000000000,0.015781250252500,0.158192425966263,1.748177528381348,1.589985102415085,0.240548642030512,0.140250459662315,218.658715605735750,0.200201943516731,0.317042183876038
895,MX20556,895,52.000000000000000,0.000902777792222,0.171129047870636,1.035662651062012,0.864533603191376,0.341728123334738,0.174816804815659,17.769862413406372,0.272422507405281,0.583818328380585
896,MX07099,896,7709.000000000000000,0.133836807696944,0.159139081835747,17.882930755615234,17.723791673779488,0.486315253222711,0.831087934488710,3749.004287093881430,0.266712397336960,0.742811238765717
897,MX12068,897,8631.000000000000000,0.149843752397500,0.131238892674446,19.558092117309570,19.426853224635124,0.294944176668986,0.594542253230830,2545.663188830013951,0.198631420731544,0.350649863481522
898,MX18019,898,21677.000000000000000,0.376336811576944,0.134287148714066,12.572554588317871,12.438267439603806,0.199182866457156,0.202058075657435,4317.686996191767321,0.183426707983017,0.206678017973900
899,MX21093,899,886.000000000000000,0.015381944690556,0.155391946434975,4.734293937683105,4.578901991248131,0.451847246332981,0.491729209798613,400.336660251021101,0.303125217556953,0.744420528411865
900,MX14053,900,12623.000000000000000,0.219149309061944,0.180622413754463,71.316413879394531,71.135791465640068,0.873102127813946,3.036165368745307,11021.168159395441762,0.328906714916229,1.041736888885499
901,MX16048,901,357.000000000000000,0.006197916765833,0.266831278800964,8.938062667846680,8.671231389045715,0.888622834068052,1.116910192546653,317.238351762294712,0.442409038543701,1.922679924964909
902,MX24019,902,2687.000000000000000,0.046649306301944,0.163211196660995,1.935029864311218,1.771818667650223,0.261468918883849,0.109848770113338,702.566985040903319,0.236163318157196,0.317030793428421
903,MX05016,903,3528.000000000000000,0.061250000980000,0.152618616819382,13.642324447631836,13.489705830812454,0.257253833554364,0.647983396679149,907.591524779796146,0.198266290128231,0.230549408495426
904,MX19032,904,17946.000000000000000,0.311562504985000,0.166720688343048,23.423511505126953,23.256790816783905,0.244358207227946,0.501422530357463,4385.252386912710790,0.215747661888599,0.239795513451099
905,MX22010,905,3599.000000000000000,0.062482639888611,0.157873854041100,6.442669868469238,6.284796014428139,0.335668179613081,0.327508761014259,1208.069778427480287,0.246806547045708,0.520418143272400
906,MX30096,906,85.000000000000000,0.001475694468056,0.204647988080978,2.667162418365479,2.462514430284500,0.438587432398516,0.454481734983628,37.279931753873825,0.262231290340424,0.754163718223572
907,MX07049,907,732.000000000000000,0.012708333536667,0.252759635448456,21.529592514038086,21.276832878589630,1.158381690825921,1.765191886720644,847.935397684574241,0.666321247816086,2.292127728462218
908,MX30061,908,17168.000000000000000,0.298055560324444,0.158191308379173,24.413595199584961,24.255403891205788,0.371574309194514,0.833992297074265,6379.187740251416471,0.256582856178284,0.460342931747437
909,MX07052,909,14688.000000000000000,0.255000004080000,0.125256910920143,20.035175323486328,19.909918412566185,0.326037595874360,0.688449576285012,4788.840208202600479,0.213927857577801,0.417100989818573
910,MX30107,910,255.000000000000000,0.004427083404167,0.263379395008087,1.099588274955750,0.836208879947662,0.413482171998304,0.124097205239019,105.437953859567600,0.378803372383118,0.558950960636139
911,MX07075,911,1144.000000000000000,0.019861111428889,0.163151949644089,16.680225372314453,16.517073422670364,0.646830803825409,1.453063365871778,739.974439576268196,0.330905541777611,0.803087961673737
912,MX30132,912,495.000000000000000,0.008593750137500,0.284522980451584,11.472066879272461,11.187543898820877,0.918280638950039,1.358823924633001,454.548916280269509,0.487239003181458,1.686428046226503
913,MX16052,913,5601.000000000000000,0.097239584889167,0.141930744051933,182.089080810546875,181.947150066494942,1.593324348705621,6.927338502324017,8924.209677100185218,0.215863317251205,1.907659173011780
914,MX23007,914,16527.000000000000000,0.286927087924167,0.149607226252556,22.689340591430664,22.539733365178108,0.242394090997133,0.482582817324958,4006.047141909613401,0.197126060724258,0.233371219038963
915,MX29047,915,126.000000000000000,0.002187500035000,0.296899169683456,7.564937591552734,7.268038421869278,0.916868637715067,1.209684757941283,115.525448352098422,0.493824809789658,1.818994045257568
916,MX11020,916,6118.000000000000000,0.106215279477222,0.277909934520721,84.554077148437500,84.276167213916779,10.582097118125477,17.914255695430331,64741.270168691662548,1.782509148120880,43.113590240478523
917,MX12040,917,3537.000000000000000,0.061406250982500,0.143872797489166,8.730250358581543,8.586377561092377,0.286134200325988,0.405135888346958,1012.056666553020250,0.207571849226952,0.370580023527145
918,MX10012,918,11113.000000000000000,0.192934030864722,0.185762077569962,66.007835388183594,65.822073310613632,1.124336289595731,3.968655303694677,12494.749186277358604,0.311422586441040,1.357640027999879
919,MX30097,919,413.000000000000000,0.007170139003611,0.174971133470535,8.927909851074219,8.752938717603683,0.777515395718106,1.304408311479499,321.113858431577967,0.291854500770569,1.820983433723451
920,MX15051,920,1141.000000000000000,0.019809028094722,1.058511972427368,57.606838226318359,56.548326253890991,6.018941182927222,7.610791955269382,6867.611889719960345,3.084674119949341,13.264439582824707
921,MX21094,921,1363.000000000000000,0.023663194823056,0.238058447837830,20.017448425292969,19.779389977455139,0.937157527880467,1.858951070712123,1277.345710501075928,0.454074412584305,1.440332722663878
922,MX19033,922,12908.000000000000000,0.224097225807778,0.161605373024940,30.714548110961914,30.552942737936974,0.426672200150244,1.472084759751584,5507.484759539347579,0.223030418157578,0.409269201755524
923,MX28019,923,13067.000000000000000,0.226857642518611,0.146378457546234,7.981609344482422,7.835230886936188,0.244848961927571,0.183313908546184,3199.441385507571795,0.222708702087402,0.268067550659180
924,MX13034,924,885.000000000000000,0.015364583579167,0.185587808489799,2.869483709335327,2.683895900845528,0.395348239719531,0.302301053439979,349.883192151784840,0.287601500749588,0.642690825462341
925,MX20044,925,2396.000000000000000,0.041597222887778,0.190233319997787,13.091325759887695,12.901092439889908,0.513200635578676,1.086359730872233,1229.628722846508026,0.288900196552277,0.649814695119858
926,MX08039,926,7060.000000000000000,0.122569446405556,0.162518531084061,13.179433822631836,13.016915291547775,0.247272797821686,0.343066196930416,1745.745952621100969,0.213621623814106,0.255792140960693
927,MX03009,927,23988.000000000000000,0.416458339996667,0.160219311714172,28.331840515136719,28.171621203422546,0.246921027501324,0.732482604529023,5923.141607701757493,0.203050859272480,0.221216896176338
928,MX32024,928,2164.000000000000000,0.037569445045556,0.230151742696762,69.528816223144531,69.298664480447769,1.646659401581104,4.727321294669953,3563.370945021510124,0.482377126812935,3.100510096549989
929,MX19003,929,3609.000000000000000,0.062656251002500,0.166705191135406,10.487016677856445,10.320311486721039,0.310450098134864,0.583522841739937,1120.414404168724104,0.234180510044098,0.274439507722855
930,MX03008,930,19056.000000000000000,0.330833338626667,0.149755433201790,85.589195251464844,85.439439818263054,1.279577399243537,5.768820610318926,24383.626919984839333,0.214892044663429,0.717959761619568
931,MX19027,931,2581.000000000000000,0.044809028494722,0.192530110478401,12.592222213745117,12.399692103266716,0.342714676176656,0.615802281170350,884.546579211950075,0.250188618898392,0.340259581804276
932,MX19042,932,6943.000000000000000,0.120538196373056,0.197129651904106,20.987655639648438,20.790525987744331,0.366734309516601,0.578918978657616,2546.236310973763011,0.296234548091888,0.455190354585648
933,MX16075,933,2384.000000000000000,0.041388889551111,0.167696878314018,18.427022933959961,18.259326055645943,0.650142031946788,1.717231515821294,1549.938604161143530,0.264427572488785,0.865584361553195
934,MX30137,934,170.000000000000000,0.002951388936111,0.323641449213028,2.745087623596191,2.421446174383163,0.718182918254067,0.378950836297674,122.091096103191333,0.590699672698975,1.085187697410583
935,MX21118,935,151.000000000000000,0.002621527819722,0.995551884174347,16.941316604614258,15.945764720439911,5.424492155084548,4.391349003360888,819.098315417766685,3.489212989807129,12.198240280151367
936,MX32025,936,897.000000000000000,0.015572916915833,0.273511379957199,29.166728973388672,28.893217593431473,1.043293237121342,2.129353850087895,935.834033697844120,0.481670886278152,1.854395842552185
937,MX15123,937,3476.000000000000000,0.060347223187778,0.138156712055206,7.383754253387451,7.245597541332245,0.258126740432821,0.331856294879264,897.248549744485899,0.195190779864788,0.328590452671051
938,MX27012,938,11850.000000000000000,0.205729169958333,0.205776408314705,5595.252929687500000,5595.047153279185295,3.759721600003390,76.946825991760505,44552.700960040172504,0.539269566535950,2.521562290191651
939,MX08040,939,46755.000000000000000,0.811718762987500,0.168344065546989,21.286336898803711,21.117992833256721,0.244107595339152,0.404183599126804,11413.250620082035311,0.216274514794350,0.237347459793091
940,MX16049,940,5058.000000000000000,0.087812501405000,0.138381242752075,7.377470970153809,7.239089727401733,0.236701611466279,0.249125299255311,1197.236750796436809,0.200316861271858,0.283849728107452
941,MX14055,941,1465.000000000000000,0.025434028184722,0.157959863543510,21.372165679931641,21.214205816388130,0.570262582167831,1.535262265913461,835.434682875872227,0.274949699640274,0.658442151546478
942,MX26036,942,6718.000000000000000,0.116631946310556,0.189100444316864,42.746826171875000,42.557725727558136,0.579153754580104,2.326658049911115,3890.754923269137180,0.249619506299496,0.463648018240929
943,MX30098,943,67.000000000000000,0.001163194463056,0.539009213447571,5.569403648376465,5.030394434928894,1.395642219194725,1.097477140046729,93.508028686046586,0.912715971469879,2.713994884490966
944,MX20045,944,130.000000000000000,0.002256944480556,0.356680929660797,8.862424850463867,8.505743920803070,1.713349215571697,1.895917372116748,222.735398024320574,0.927103430032730,3.766518878936768
945,MX20046,945,1153.000000000000000,0.020017361431389,0.144944861531258,2.644513368606567,2.499568507075310,0.248215261998636,0.149784360159284,286.192197084427050,0.216048389673233,0.325663733482361
946,MX20048,946,202.000000000000000,0.003506944500556,0.158906370401382,1.622064232826233,1.463157862424850,0.266024364619562,0.168587292831581,53.736921653151526,0.224203228950500,0.334086346626282
947,MX20049,947,48.000000000000000,0.000833333346667,0.315045148134232,4.496500968933105,4.181455820798874,0.925483524799347,0.920462946868664,44.423209190368638,0.514857828617096,2.093771982192993
948,MX20050,948,416.000000000000000,0.007222222337778,0.188023269176483,1.581734299659729,1.393711030483246,0.310399603850853,0.151428641155734,129.126235201954813,0.261790379881859,0.445383518934250
949,MX20051,949,195.000000000000000,0.003385416720833,0.199731454253197,5.710316181182861,5.510584726929665,0.606427646141786,0.832714481051489,118.253390997648268,0.314859449863434,1.170164775848388
950,MX20052,950,4102.000000000000000,0.071215278917222,0.127144441008568,6.689538002014160,6.562393561005592,0.206148640345737,0.257915899539716,845.621722698211897,0.172975920140743,0.218847791850567
951,MX20053,951,605.000000000000000,0.010503472390278,0.152306601405144,3.717064857482910,3.564758256077766,0.253245134540826,0.264248665321444,153.213306397199489,0.203364387154579,0.294364911317825
952,MX20562,952,194.000000000000000,0.003368055609444,0.143743708729744,1.896183848381042,1.752440139651299,0.307750314550916,0.300350698376056,59.703561022877665,0.193938449025154,0.595605212450028
953,MX20054,953,121.000000000000000,0.002100694478056,0.194309651851654,1.779082894325256,1.584773242473602,0.398013962571286,0.294725802626060,48.159689471125581,0.305274665355682,0.665530502796173
954,MX08041,954,5305.000000000000000,0.092100695918056,0.172071143984795,3.189768314361572,3.017697170376778,0.215220092288960,0.079372529720380,1141.742589592932291,0.210513189435005,0.227041780948639
955,MX28020,955,1873.000000000000000,0.032517361631389,0.163688272237778,3.798981666564941,3.635293394327164,0.252077638736970,0.163137328352513,472.141417354345378,0.223429188132286,0.291878157854080
956,MX15052,956,1039.000000000000000,0.018038194733056,0.385910332202911,12.143174171447754,11.757263839244843,1.408891080547916,1.564787629208919,1463.837832689285278,0.830705285072327,3.141113567352297
957,MX12041,957,2312.000000000000000,0.040138889531111,0.149482443928719,3.453049421310425,3.303566977381706,0.313395274648359,0.265382822433675,724.569874987006756,0.238056935369968,0.476682555675507
958,MX30099,958,553.000000000000000,0.009600694598056,0.307146877050400,93.941413879394531,93.634267002344131,2.433214289154756,6.689917795494755,1345.567501902579806,0.971237480640411,3.953951597213747
959,MX31046,959,496.000000000000000,0.008611111248889,0.188882753252983,6.110329151153564,5.921446397900581,0.374147527100098,0.591867186036891,185.577173441648569,0.242781057953835,0.438164353370667
960,MX31047,960,630.000000000000000,0.010937500175000,0.209565401077271,8.985995292663574,8.776429891586304,0.437532520128622,0.690178087406402,275.645487681031682,0.286246359348297,0.504189825057983
961,MX30100,961,1223.000000000000000,0.021232639228611,0.331696569919586,11.680557250976562,11.348860681056976,0.967739107515221,0.898090495297449,1183.544928491115570,0.752618730068207,1.451058864593505
962,MX08042,962,26705.000000000000000,0.463628479640278,0.156072705984116,11.554548263549805,11.398475557565689,0.210079957964692,0.169568051121762,5610.185277447097178,0.203040078282356,0.219897821545601
963,MX11008,963,4098.000000000000000,0.071145834471667,0.212974831461906,33.852432250976562,33.639457419514656,0.640778774485581,1.672332883567213,2625.911417841909952,0.366679251194000,0.888388335704803
964,MX06007,964,6677.000000000000000,0.115920140743611,0.157724395394325,135.875411987304688,135.717687591910362,1.920726049918514,6.893760834739056,12824.687835305920089,0.334087878465652,2.586589765548709
965,MX07051,965,5921.000000000000000,0.102795140533611,0.110896900296211,12.727957725524902,12.617060825228691,0.325380168677765,0.654362708721753,1926.575978741047720,0.212243333458900,0.442214161157608
966,MX10013,966,40187.000000000000000,0.697690983385278,0.146509572863579,48.743892669677734,48.597383096814156,0.265881516663238,0.894869722073119,10684.980510145534936,0.210190847516060,0.267485052347183
967,MX16050,967,3463.000000000000000,0.060121528739722,0.200231045484543,35.528434753417969,35.328203707933426,0.771096823585884,1.806865801144248,2670.308300077917011,0.396696865558624,1.137686443328858
968,MX07115,968,2629.000000000000000,0.045642361841389,0.129076153039932,3.412395000457764,3.283318847417831,0.238038615684583,0.160177002554651,625.803520634769711,0.206486597657204,0.284868514537811
969,MX16051,969,1161.000000000000000,0.020156250322500,0.201894596219063,13.741130828857422,13.539236232638359,0.471060769772037,0.947616923344789,546.901553705335118,0.267450273036957,0.630347192287445
970,MX30101,970,346.000000000000000,0.006006944540556,0.261903822422028,28.186048507690430,27.924144685268402,2.049538092030954,3.318638905060216,709.140179842710268,1.022523045539856,4.591744899749756
971,MX19034,971,1379.000000000000000,0.023940972605278,0.225238323211670,17.644937515258789,17.419699192047119,1.192569062113761,1.739943936459395,1644.552736654876981,0.798272013664246,1.906175732612610
972,MX20055,972,708.000000000000000,0.012291666863333,0.153543666005135,3.992806434631348,3.839262768626213,0.285934300156636,0.305026478895380,202.441484510898363,0.215055808424950,0.363500976562500
973,MX12077,973,1018.000000000000000,0.017673611393889,0.162294104695320,9.112977981567383,8.950683876872063,0.360094056675148,0.696679913768740,366.575749695301170,0.220090359449387,0.464127334952355
974,MX07116,974,4455.000000000000000,0.077343751237500,0.134898707270622,4.589798450469971,4.454899743199348,0.213879637582401,0.189324329756946,952.833785429598038,0.185541346669197,0.235995844006538
975,MX30102,975,1983.000000000000000,0.034427083884167,0.214940160512924,23.415391921997070,23.200451761484146,1.087955716353019,2.529864772693527,2157.416185528036294,0.363671332597733,1.676560306549072
976,MX12042,976,3023.000000000000000,0.052482639728611,0.155154481530190,14.933104515075684,14.777950033545494,0.309775406532322,0.458151825919775,936.451053947209175,0.216086551547050,0.401124578714371
977,MX20056,977,281.000000000000000,0.004878472300278,0.205554574728012,1.265859127044678,1.060304552316666,0.301940929316966,0.156390551724942,84.845401138067317,0.251324862241745,0.415940403938293
978,MX14058,978,9189.000000000000000,0.159531252552500,0.123273231089115,16.124193191528320,16.000919960439205,0.233061637265215,0.381774661731350,2141.603384830058530,0.189676776528358,0.283324229717255
979,MX08043,979,3871.000000000000000,0.067204862186389,0.176815986633301,8.377646446228027,8.200830459594727,0.258535620324589,0.312914650425895,1000.791386276482740,0.220300912857056,0.264065802097321
980,MX05017,980,4169.000000000000000,0.072378473380278,0.338763326406479,50.614379882812500,50.275616556406021,2.455412461220659,4.634125417217970,10236.614550828928259,1.104086637496948,5.036156177520753
981,MX08044,981,6172.000000000000000,0.107152779492222,0.156412258744240,10.064459800720215,9.908047541975975,0.258962327156913,0.350986547080026,1598.315483212468962,0.217067740857601,0.282961553335190
982,MX28022,982,19686.000000000000000,0.341770838801667,0.172065556049347,70.696296691894531,70.524231135845184,1.508303779688971,5.766127399592095,29692.468206957088114,0.335021212697029,1.274827182292938
983,MX24020,983,6630.000000000000000,0.115104168508333,0.166727587580681,85.492820739746094,85.326093152165413,1.184359181689195,5.175345261890219,7852.301374599359406,0.309639498591423,1.237206828594209
984,MX20057,984,6632.000000000000000,0.115138890731111,0.165243357419968,21.700149536132812,21.534906178712845,0.381198418417674,0.991333026725346,2528.107910946014272,0.239463776350021,0.406843739748002
985,MX24057,985,590.000000000000000,0.010243055719444,0.279871672391891,7.690018177032471,7.410146504640579,0.962390230772858,0.838955583128708,567.810236155986445,0.749620348215103,1.638675749301911
986,MX31048,986,4540.000000000000000,0.078819445705556,0.140617057681084,13.167388916015625,13.026771858334541,0.296354346853653,0.522463487961564,1345.448734715583669,0.215558469295502,0.316593950986862
987,MX31049,987,468.000000000000000,0.008125000130000,0.182668939232826,6.201816558837891,6.019147619605064,0.344975758980737,0.607290701186882,161.448655202984753,0.223242357373238,0.341028824448586
988,MX14059,988,1437.000000000000000,0.024947917065833,0.174463450908661,21.222944259643555,21.048480808734894,0.498742448522469,1.190751511916309,716.692898526788213,0.250608325004578,0.658797335624695
989,MX07053,989,522.000000000000000,0.009062500145000,0.167092725634575,4.787158966064453,4.620066240429878,0.492961880262099,0.428274443850232,257.326101496815795,0.358024567365646,0.846914994716644
990,MX32026,990,62083.000000000000000,1.077829878356389,0.143319457769394,226.542678833007812,226.399359375238419,0.275307620670063,1.771747378076115,17091.923014059510024,0.195943892002106,0.233000850677490
991,MX21096,991,276.000000000000000,0.004791666743333,0.315043568611145,7.970853328704834,7.655809760093689,0.740387262641520,0.853578517130742,204.346884489059420,0.469120219349861,1.195922613143921
992,MX07054,992,1839.000000000000000,0.031927083844167,0.152467712759972,15.241138458251953,15.088670745491982,0.522924276142745,0.879641462571323,961.657743826507954,0.332952350378036,0.837874102592468
993,MX26037,993,3634.000000000000000,0.063090278787222,0.177757635712624,7.013523101806641,6.835765466094017,0.243119528542755,0.255337685272901,883.496366724371683,0.221772328019142,0.239905372262001
994,MX29017,994,71.000000000000000,0.001232638908611,0.848363757133484,19.879207611083984,19.030843853950500,3.667587349952107,4.542529096834642,260.398701846599579,1.560939669609070,11.691953659057617
995,MX17014,995,287.000000000000000,0.004982638968611,0.468084096908569,11.326092720031738,10.858008623123169,1.694811027016789,1.930307109597043,486.410764753818398,0.870039761066437,4.207552623748788
996,MX25012,996,12797.000000000000000,0.222170142443611,0.135020792484283,176.086013793945312,175.950993001461029,1.987866899457541,8.094997141378931,25438.732712358149001,0.267720878124237,1.635771036148071
997,MX20058,997,894.000000000000000,0.015520833581667,0.156436592340469,2.061942815780640,1.905506223440170,0.359214192802207,0.190742600090802,321.137488365173226,0.300594776868820,0.573090475797653
998,MX30103,998,217.000000000000000,0.003767361171389,0.308825850486755,3.615833520889282,3.307007670402527,0.600164988073885,0.496881250164610,130.235802412033109,0.461590498685837,0.801815176010132
999,MX30104,999,1451.000000000000000,0.025190972625278,0.165309116244316,14.479812622070312,14.314503505825996,0.596069988630953,0.959829579558569,864.897553503512881,0.442316800355911,0.832604348659515
1000,MX30105,1000,1963.000000000000000,0.034079861656389,0.257945537567139,31.443368911743164,31.185423374176025,1.875344227177721,3.510600611054827,3681.300717949866339,0.719300627708435,4.080653476715087
1001,MX15053,1001,69.000000000000000,0.001197916685833,9.109906196594238,53.243293762207031,44.133387565612793,32.202362475187883,11.250597259159239,2221.963010787963867,33.141281127929688,46.515635681152347
1002,MX19035,1002,1079.000000000000000,0.018732639188611,0.192182749509811,4.541465759277344,4.349283009767532,0.357857278657799,0.394178949917476,386.128003671765384,0.257723420858383,0.488018327951432
1003,MX32027,1003,9685.000000000000000,0.168142363801389,0.154666513204575,11.125709533691406,10.971043020486832,0.230113367946356,0.273549100572611,2228.647968560454046,0.202843025326729,0.236547183990479
1004,MX28023,1004,13083.000000000000000,0.227135420300833,0.152238443493843,7.576848506927490,7.424610063433647,0.228401062157434,0.142624793545634,2988.171096205712729,0.214817851781845,0.247140514850616
1005,MX08045,1005,2273.000000000000000,0.039461806186944,0.263188630342484,95.164222717285156,94.901034086942673,1.676982084835777,5.189702783169716,3811.780278831721716,0.560186862945557,2.216495132446289
1006,MX31050,1006,4418.000000000000000,0.076701390116111,0.268067210912704,95.753845214843750,95.485778003931046,13.120316026099058,18.246170491816169,57965.556203305641247,2.640563726425171,45.947459411621104
1007,MX20037,1007,854.000000000000000,0.014826389126111,0.159638762474060,1.895773768424988,1.736135005950928,0.272436825414592,0.150476372289858,232.661048904061431,0.229079589247704,0.380125734210014
1008,MX07055,1008,113.000000000000000,0.001961805586944,0.599009931087494,6.728305816650391,6.129295885562897,1.476095594663536,1.158761352851436,166.798802196979523,1.039811253547668,2.757232093811035
1009,MX13035,1009,724.000000000000000,0.012569444645556,0.255715131759644,7.602227687835693,7.346512556076050,0.888785225745722,0.756790591403287,643.480503439902805,0.705949991941452,1.563903009891511
1010,MX15054,1010,328.000000000000000,0.005694444535556,2.304713726043701,49.526859283447266,47.222145557403564,21.658259988557994,11.221315443877302,7103.909276247021808,20.392693519592285,37.082365036010742
1011,MX12043,1011,2952.000000000000000,0.051250000820000,0.156377941370010,7.053374767303467,6.896996825933456,0.339997482963088,0.353451091849674,1003.672569707035336,0.241276390850544,0.550804615020752
1012,MX13037,1012,3973.000000000000000,0.068975695548056,0.166754230856895,7.836689949035645,7.669935718178749,0.312220284823594,0.325773287397776,1240.451191604137875,0.236670419573784,0.451394468545914
1013,MX02002,1013,85128.000000000000000,1.477916690313334,0.164160221815109,120.563728332519531,120.399568110704422,1.221816717592835,6.103850081373526,104010.813535242836224,0.238911315798759,0.907839167118073
1014,MX15055,1014,60.000000000000000,0.001041666683333,2.266862392425537,22.309364318847656,20.042501926422119,8.301240432262418,5.347139481862625,498.074425935745069,7.120232105255127,14.729666328430175
1015,MX24021,1015,4434.000000000000000,0.076979167898333,0.208476021885872,10.880750656127930,10.672274634242058,0.752267481499579,0.895228982113070,3335.554012969131691,0.425461381673813,1.520538985729218
1016,MX14060,1016,1438.000000000000000,0.024965278177222,0.207411557435989,12.451262474060059,12.243850916624069,0.445752603847725,0.735659979213657,640.992244333028793,0.288121372461319,0.609835040569305
1017,MX10014,1017,42477.000000000000000,0.737447928465833,0.131431102752686,9.056940078735352,8.925508975982666,0.200999687346533,0.153294460452890,8537.863719418675828,0.181200250983238,0.212100443243980
1018,MX32028,1018,2438.000000000000000,0.042326389566111,0.156030818820000,6.085867881774902,5.929837062954903,0.243502116477127,0.243405212418234,593.658159971236273,0.211815901100636,0.267094185948372
1019,MX14061,1019,16962.000000000000000,0.294479171378333,0.127424091100693,11.183112144470215,11.055688053369522,0.207734629910674,0.230406107922430,3523.594792544852680,0.184188559651375,0.216188673675060
1020,MX17015,1020,1066.000000000000000,0.018506944740556,0.432727277278900,12.718223571777344,12.285496294498444,1.279550139636752,1.536121853327929,1364.000448852777936,0.731228768825531,2.576130270957947
1021,MX30106,1021,146.000000000000000,0.002534722262778,0.185414478182793,5.088866710662842,4.903452232480049,0.571672192583345,0.671382241427341,83.464140117168441,0.350302487611771,0.986454695463181
1022,MX20059,1022,2277.000000000000000,0.039531250632500,0.135340124368668,106.859878540039062,106.724538415670395,0.898256897376619,4.706171572193352,2045.330955326562162,0.288616508245468,1.102325034141541
1023,MX28024,1023,4778.000000000000000,0.082951390216111,0.193498641252518,19.460886001586914,19.267387360334396,0.353626441988624,0.873557331534837,1689.627139821647233,0.249935746192932,0.350596883893013
1024,MX19036,1024,5077.000000000000000,0.088142362521389,0.139176204800606,8.971189498901367,8.832013294100761,0.237590922669723,0.305436024488130,1206.249114394186108,0.198885545134544,0.246300780773163
1025,MX28025,1025,3291.000000000000000,0.057135417580833,0.190747529268265,45.547142028808594,45.356394499540329,0.844940506064468,3.089907828236823,2780.699205458163306,0.275041967630386,0.788095235824585
1026,MX32029,1026,5658.000000000000000,0.098229168238333,0.157620325684547,23.986890792846680,23.829270467162132,0.408136467486567,1.177680169430861,2309.236133038998560,0.222635351121426,0.397118875384331
1027,MX09016,1027,229.000000000000000,0.003975694508056,15.671206474304199,100.569190979003906,84.897984504699707,53.668039092850989,21.193894912484776,12289.980952262876599,56.122173309326172,79.776982116699244
1028,MX09009,1028,1474.000000000000000,0.025590278187222,0.402070790529251,60.392978668212891,59.990907877683640,4.630039230878661,8.598920196277076,6824.677826315146376,0.797578990459442,16.228713226318362
1029,MX19037,1029,20082.000000000000000,0.348645838911667,0.158021524548531,17.612865447998047,17.454843923449516,0.261209144027820,0.400380447525185,5245.602030366676445,0.221645861864090,0.293487450480461
1030,MX06008,1030,2052.000000000000000,0.035625000570000,0.167108744382858,14.293875694274902,14.126766949892044,0.521364615812578,1.124152936381112,1069.840191647410393,0.246679328382015,0.683910471200944
1031,MX30108,1031,10199.000000000000000,0.177065975055278,0.176544249057770,3756.749267578125000,3756.572723329067230,6.659844836895714,93.802349040351075,67923.757491499389289,0.346621423959732,2.654325103759773
1032,MX13051,1032,567.000000000000000,0.009843750157500,0.925079166889191,83.540618896484375,82.615539729595184,15.047417075125185,14.172784997608421,8531.885481595980309,9.572216987609863,35.602409362792969
1033,MX13038,1033,956.000000000000000,0.016597222487778,0.284308850765228,6.753588199615479,6.469279348850250,0.708411619659498,0.698815664783419,677.241508394480093,0.490164458751678,1.275012314319611
1034,MX13039,1034,267.000000000000000,0.004635416740833,0.405250251293182,28.117805480957031,27.712555229663849,2.354588800378507,3.962681822936128,628.675209701061362,1.128294825553894,3.808852672576904
1035,MX28026,1035,4512.000000000000000,0.078333334586667,0.145147964358330,6.446787357330322,6.301639392971992,0.219951271290845,0.246206811940433,992.420136064291114,0.193766988813877,0.225455881655216
1036,MX30109,1036,2603.000000000000000,0.045190972945278,0.196132346987724,17.362871170043945,17.166738823056221,0.541914711857684,1.078838640243456,1410.603994965550555,0.340042740106583,0.713362312316895
1037,MX07056,1037,180.000000000000000,0.003125000050000,0.483813285827637,6.554817199707031,6.071003913879395,1.862980740269025,1.137526013038472,335.336533248424530,1.599952161312103,3.181257033348083
1038,MX20060,1038,329.000000000000000,0.005711805646944,0.154162228107452,1.353349328041077,1.199187099933624,0.247325334369593,0.153111886289537,81.370035007595959,0.200482398271561,0.344310736656189
1039,MX13041,1039,672.000000000000000,0.011666666853333,0.512575209140778,26.854667663574219,26.342092454433441,2.800587738110198,3.722009772208107,1881.994960010053092,1.453282535076141,6.314310503005981
1040,MX21097,1040,47.000000000000000,0.000815972235278,0.774711132049561,7.606299400329590,6.831588268280029,2.768739557012598,1.808289688127764,130.130759179592104,2.013577938079834,5.692611026763916
1041,MX30110,1041,326.000000000000000,0.005659722312778,0.289130836725235,5.592405319213867,5.303274482488632,0.630675723581958,0.643670419231670,205.600285887718286,0.447300568223000,0.906262636184692
1042,MX14062,1042,3149.000000000000000,0.054670139763611,0.137282758951187,9.309330940246582,9.172048181295395,0.218446631078002,0.299671064056409,687.888441264628796,0.182856470346451,0.226913955807686
1043,MX12044,1043,2501.000000000000000,0.043420139583611,0.169644311070442,7.177567005157471,7.007922694087029,0.332006402245192,0.353928365781729,830.348012015224754,0.248946160078049,0.470407575368881
1044,MX31051,1044,237.000000000000000,0.004114583399167,0.263157755136490,5.390045642852783,5.126887887716293,0.824527704766028,0.761037718360683,195.413066029548617,0.605462431907654,1.514454174041748
1045,MX25013,1045,14461.000000000000000,0.251059031794722,0.173093244433403,34.947250366210938,34.774157121777534,0.383301285175308,0.885361111223648,5542.919884920126606,0.257886797189713,0.477165728807449
1046,MX24022,1046,6527.000000000000000,0.113315974035278,0.140814408659935,12.337862968444824,12.197048559784889,0.295383834847542,0.407134238492462,1927.970290049908044,0.224397122859955,0.373711043596268
1047,MX26038,1047,10087.000000000000000,0.175121530579722,0.175057724118233,26.496179580688477,26.321121856570244,0.251523345892028,0.616054998953620,2537.115990012882321,0.217760771512985,0.237945964932442
1048,MX13042,1048,991.000000000000000,0.017204861386389,0.188034266233444,8.597131729125977,8.409097462892532,0.387494716090343,0.559523227285964,384.007263645529463,0.261189073324203,0.520439565181732
1049,MX21098,1049,774.000000000000000,0.013437500215000,0.198909997940063,5.880432128906250,5.681522130966187,0.488746897637536,0.638586152805564,378.290098771452506,0.300063356757164,0.752353584766388
1050,MX30111,1050,1230.000000000000000,0.021354167008333,0.704742431640625,329.656921386718750,328.952178955078125,3.450708218512499,16.326401700561874,4244.371108770373212,1.394208788871765,3.859448003768924
1051,MX32030,1051,812.000000000000000,0.014097222447778,0.165047243237495,4.114217281341553,3.949170038104057,0.269757725280053,0.273036098861603,219.043272927403393,0.214982613921165,0.343048882484436
1052,MX05018,1052,6549.000000000000000,0.113697918485833,0.176354005932808,359.336730957031250,359.160376951098442,2.801086777659344,13.138368542130143,18344.317306891043700,0.273343026638031,2.186299848556518
1053,MX20061,1053,108.000000000000000,0.001875000030000,0.329193085432053,1.925896763801575,1.596703678369522,0.626463936158904,0.294422042109617,67.658105105161667,0.525253474712372,1.036757731437683
1054,MX32031,1054,8079.000000000000000,0.140260418910833,0.142566472291946,11.972240447998047,11.829673975706100,0.242142649773457,0.391640095029652,1956.270467519761723,0.197305455803871,0.265278989076614
1055,MX07117,1055,960.000000000000000,0.016666666933333,0.123494602739811,6.752021789550781,6.628527186810970,0.271069808498335,0.388462576889459,260.227016158401852,0.195862695574760,0.370447230339050
1056,MX19038,1056,9633.000000000000000,0.167239586009167,0.161046102643013,43.000370025634766,42.839323922991753,0.635444018947647,2.065681330261593,6121.232234522685758,0.253055632114410,0.875890374183655
1057,MX19039,1057,1682.000000000000000,0.029201389356111,0.481869518756866,80.598518371582031,80.116648852825165,23.877103539978886,19.266812953213925,40161.288154244488396,25.933388710021973,47.219270706176772
1058,MX16053,1058,5896.000000000000000,0.102361112748889,0.194418996572495,64.980514526367188,64.786095529794693,3.722211058616757,7.807925674235605,21946.156401604403072,0.514588832855225,13.570027828216553
1059,MX05019,1059,3382.000000000000000,0.058715278717222,0.167905867099762,15.205280303955078,15.037374436855316,0.382385460821783,0.898491153517543,1293.227628499271077,0.223309852182865,0.452361080050469
1060,MX08046,1060,11396.000000000000000,0.197847225387778,0.160566151142120,2.729573249816895,2.569007098674774,0.218141881455482,0.074321070393708,2485.944881066677681,0.208847463130951,0.230981469154358
1061,MX15056,1061,1168.000000000000000,0.020277778102222,0.306987732648849,11.500747680664062,11.193759948015213,1.207592237970398,1.278716360439679,1410.467733949425337,0.723751306533813,2.605309891700743
1062,MX16054,1062,912.000000000000000,0.015833333586667,0.195175752043724,3.727924585342407,3.532748833298683,0.347353092329414,0.267312345635250,316.786020204425142,0.271849155426025,0.495249742269516
1063,MX32032,1063,918.000000000000000,0.015937500255000,0.231915324926376,34.338653564453125,34.106738239526749,1.773347433680802,3.642364091379872,1627.932944118976593,0.604892641305923,4.081485414505006
1064,MX08047,1064,9566.000000000000000,0.166076391546111,0.172651618719101,4.721911907196045,4.549260288476944,0.224067496321589,0.120539291388614,2143.429669812317570,0.213328540325165,0.232172943651676
1065,MX11021,1065,790.000000000000000,0.013715277997222,0.260911196470261,42.293754577636719,42.032843381166458,1.659082074255883,4.648218597481709,1310.674838662147295,0.466907963156700,2.122602963447571
1066,MX07057,1066,2835.000000000000000,0.049218750787500,0.116293318569660,25.855438232421875,25.739144913852215,0.640719216291972,1.546640629131738,1816.438978187741668,0.363129436969757,0.922435772418976
1067,MX31052,1067,1594.000000000000000,0.027673611553889,0.214382424950600,25.559679031372070,25.345296606421471,0.901289561331048,1.886081360238947,1436.655560761691049,0.366069942712784,1.796074926853180
1068,MX32033,1068,2704.000000000000000,0.046944445195556,0.165400013327599,16.333311080932617,16.167911067605019,0.353476405072097,0.738649535800913,955.800199314949964,0.224598228931427,0.418228343129158
1069,MX16055,1069,1863.000000000000000,0.032343750517500,0.161422431468964,13.637582778930664,13.476160347461700,0.566251176462912,1.119436841957178,1054.925941750404945,0.291024535894394,0.834634006023407
1070,MX03002,1070,161917.000000000000000,2.811059072754722,0.146020501852036,48.498878479003906,48.352857977151871,0.234402226910991,0.490159186757496,37953.705374746939924,0.209427163004875,0.243414875864983
1071,MX31053,1071,1980.000000000000000,0.034375000550000,0.176176577806473,13.448879241943359,13.272702664136887,0.392490749505132,0.881594710259643,777.131684020160719,0.228297106921673,0.442001593112946
1072,MX29011,1072,178.000000000000000,0.003090277827222,0.318814069032669,4.584032058715820,4.265217989683151,0.807941832569208,0.756353964573943,143.813646197319031,0.522533714771271,1.691202795505524
1073,MX31054,1073,359.000000000000000,0.006232638988611,0.319535166025162,7.778319358825684,7.458784192800522,0.651263385513035,0.755398633782110,233.803555399179601,0.431852161884308,1.021669721603393
1074,MX05020,1074,43951.000000000000000,0.763038206653056,0.143987879157066,24.975852966308594,24.831865087151527,0.268947165516947,0.844062378144336,11820.496871635350544,0.199086278676987,0.231005266308784
1075,MX27013,1075,2603.000000000000000,0.045190972945278,0.319028705358505,35.702068328857422,35.383039623498917,2.114602592384820,3.636474479660706,5504.310547977687747,1.112492442131042,3.899513578414918
1076,MX26039,1076,6653.000000000000000,0.115503474070278,0.185343787074089,23.840600967407227,23.655257180333138,0.297804021531167,0.703811486329547,1981.290155246850873,0.235521689057350,0.280174255371094
1077,MX26040,1077,15209.000000000000000,0.264045143113611,0.171707004308701,5.051622390747070,4.879915386438370,0.219702796030658,0.079803764941552,3341.459824830282741,0.216280207037926,0.233106610178947
1078,MX26041,1078,9377.000000000000000,0.162795141493611,0.175558254122734,160.296127319335938,160.120569065213203,0.525867350687919,3.361181370685197,4931.058147400617599,0.235501065850258,0.360384023189544
1079,MX05021,1079,3753.000000000000000,0.065156251042500,0.140535384416580,12.386209487915039,12.245674103498459,0.339778651285578,0.677088354889080,1275.189278274773869,0.211620330810547,0.435572320222855
1080,MX16056,1080,1505.000000000000000,0.026128472640278,0.160860538482666,11.926299095153809,11.765438556671143,0.520756126737278,0.992345197018289,783.737970739603611,0.265669584274292,0.710414528846741
1081,MX08048,1081,25993.000000000000000,0.451267368331389,0.166692703962326,21.642620086669922,21.475927382707596,0.310428196333500,0.617457441766288,8068.960107296671595,0.228095710277557,0.312428194284439
1082,MX29021,1082,535.000000000000000,0.009288194593056,0.368579387664795,32.178974151611328,31.810394763946533,1.267400796725372,2.883378249397540,678.059426248073805,0.494005322456360,1.980183601379397
1083,MX30206,1083,133.000000000000000,0.002309027814722,4.537621974945068,652.669006347656250,648.131384372711182,36.673992017158021,88.821561119312591,4877.640938282016577,12.075675964355469,52.278192901611320
1084,MX30112,1084,541.000000000000000,0.009392361261389,0.325890541076660,8.535596847534180,8.209706306457520,0.806513762683392,0.885678411555440,436.323945611715317,0.554066479206085,1.263993859291077
1085,MX30113,1085,90.000000000000000,0.001562500025000,0.601802647113800,3.469430446624756,2.867627799510956,1.178420269489288,0.570441798150086,106.057824254035935,1.018430113792419,1.831611585617066
1086,MX30013,1086,685.000000000000000,0.011892361301389,0.251836568117142,22.149948120117188,21.898111552000046,1.274181331639743,2.412168520380201,872.814212173223837,0.473380535840988,2.862850427627564
1087,MX20062,1087,12.000000000000000,0.000208333336667,0.269963115453720,3.223272323608398,2.953309208154678,1.146050167580446,1.035517542067783,13.752602010965349,0.549070626497269,2.860495913028717
1088,MX29023,1088,266.000000000000000,0.004618055629444,1.242794513702393,43.847343444824219,42.604548931121826,5.150296351515260,4.796823098085021,1369.978829503059387,3.120745062828064,11.348398208618164
1089,MX15057,1089,785.000000000000000,0.013628472440278,1.032647728919983,90.532798767089844,89.500151038169861,21.062278511417869,17.468423462184425,16533.888631463025376,16.702632904052734,44.963200378417966
1090,MX21100,1090,302.000000000000000,0.005243055639444,0.318057358264923,3.942024230957031,3.623966872692108,0.930700253275846,0.758545942187250,281.071476489305383,0.604158729314804,2.086421382427219
1091,MX30114,1091,1769.000000000000000,0.030711806046944,0.187344700098038,9.991516113281250,9.804171413183212,0.390926590051402,0.543147442182173,691.549137800930794,0.281395703554153,0.503553819656372
1092,MX21101,1092,140.000000000000000,0.002430555594444,0.285457015037537,4.369329452514648,4.083872437477112,0.731805854610035,0.584584393897483,102.452819645404844,0.543945580720901,1.322175884246827
1093,MX05022,1093,4819.000000000000000,0.083663195783056,0.238424330949783,90.275627136230469,90.037202805280685,1.401384066934902,4.774862054425310,6753.269818559293526,0.436419695615768,1.610745477676391
1094,MX26042,1094,14689.000000000000000,0.255017365191389,0.177453771233559,59.553874969482422,59.376421198248863,0.812214283557809,3.094277559993044,11930.615611180652195,0.281860023736954,0.824169731140137
1095,MX25018,1095,9464.000000000000000,0.164305558184444,0.185389429330826,38.223133087158203,38.037743657827377,0.806247206001732,1.980177879066859,7630.323557600388995,0.317659944295883,1.391830480098728
1096,MX20063,1096,21.000000000000000,0.000364583339167,1.312610149383545,6.169013023376465,4.856402873992920,3.065904577573140,1.394418975779585,64.383996129035950,2.565509319305420,4.693681716918945
1097,MX10015,1097,12317.000000000000000,0.213836808976944,0.150463193655014,13.315117835998535,13.164654642343521,0.240881055683016,0.326240984803737,2966.931962847711475,0.206759631633759,0.241506859660149
1098,MX21102,1098,92.000000000000000,0.001597222247778,0.702237784862518,9.136928558349609,8.434690773487091,2.153681545801784,2.023509739160630,198.138702213764134,1.074059486389160,5.835410118103029
1099,MX20064,1099,2461.000000000000000,0.042725695128056,0.118920400738716,4.999287128448486,4.880366727709770,0.239617248428686,0.275288827336533,589.698048382997172,0.181389480829239,0.299693971872330
1100,MX15059,1100,272.000000000000000,0.004722222297778,3.200603008270264,54.083045959472656,50.882442951202393,12.095699154278812,9.232047180799922,3290.030169963836670,8.540853977203369,24.677901840209959
1101,MX15058,1101,317.000000000000000,0.005503472310278,8.153817176818848,90.535987854003906,82.382170677185059,45.956002103041421,14.550841465771835,14568.052666664130811,50.261981964111328,58.551236724853524
1102,MX21103,1102,532.000000000000000,0.009236111258889,0.197273164987564,5.189690589904785,4.992417424917221,0.509633465649042,0.689925817499135,271.125003725290242,0.295041844248772,0.952543503046038
1103,MX13043,1103,1243.000000000000000,0.021579861456389,0.184020638465881,3.565133094787598,3.381112456321716,0.336300931181624,0.221937969933730,418.022057458758638,0.276016414165497,0.492617362737656
1104,MX15060,1104,1153.000000000000000,0.020017361431389,0.429415136575699,52.706451416015625,52.277036279439926,9.823084184349046,13.155147803096241,11326.016064554449258,3.315325021743774,33.623764801025388
1105,MX07058,1105,144.000000000000000,0.002500000040000,0.198997899889946,5.843323230743408,5.644325330853462,0.551189349446859,0.938094860165206,79.371266320347715,0.257627204060555,1.068943214416509
1106,MX32034,1106,4403.000000000000000,0.076440973445278,0.157155603170395,26.936775207519531,26.779619604349136,0.389972218966555,1.095965390159751,1717.047680109740668,0.235355123877525,0.437132298946381
1107,MX16057,1107,2696.000000000000000,0.046805556304444,0.139442697167397,3.854125976562500,3.714683279395103,0.210921117886680,0.174592178829729,568.643333822489012,0.186569653451443,0.227272965013981
1108,MX26043,1108,9532.000000000000000,0.165486113758889,0.190902903676033,62.429267883300781,62.238364979624748,1.414398739754564,5.828079037161672,13482.048787340507261,0.273115411400795,0.840702772140503
1109,MX30115,1109,316.000000000000000,0.005486111198889,0.447996526956558,26.475839614868164,26.027843087911606,3.021415940945661,4.847070917499874,954.767437338828813,1.042804837226868,7.420167207717896
1110,MX10016,1110,6043.000000000000000,0.104913196123056,0.143604829907417,12.692504882812500,12.548900052905083,0.317719539651783,0.582100235542275,1919.979178115726427,0.219451561570168,0.346599739789963
1111,MX08049,1111,10518.000000000000000,0.182604169588333,0.154456168413162,9.488525390625000,9.334069222211838,0.217747219350315,0.196167336005447,2290.265253126615789,0.204120643436909,0.223823562264442
1112,MX13044,1112,1696.000000000000000,0.029444444915556,0.254223167896271,10.462594032287598,10.208370864391327,0.732104205245257,0.712654325991445,1241.648732095956120,0.527725428342819,1.253334641456604
1113,MX15061,1113,410.000000000000000,0.007118055669444,0.581790685653687,22.179441452026367,21.597650766372681,2.209582129338893,3.412015500477904,905.928673028946150,0.986352443695068,4.920463943481449
1114,MX21104,1114,830.000000000000000,0.014409722452778,0.366024851799011,22.138654708862305,21.772629857063293,1.465365237859361,2.274620098189934,1216.253147423269866,0.727108925580978,2.892692232131958
1115,MX32035,1115,2064.000000000000000,0.035833333906667,0.219400539994240,15.993133544921875,15.773733004927635,0.527956881906924,0.848529855067525,1089.703004255892210,0.305627837777138,0.892144095897675
1116,MX08050,1116,14086.000000000000000,0.244548615023889,0.182847753167152,29.233911514282227,29.051063761115074,0.407725083232180,1.423694711061694,5743.215522408487232,0.230775147676468,0.308246225118637
1117,MX10039,1117,9524.000000000000000,0.165347224867778,0.155707091093063,22.466535568237305,22.310828477144241,0.285186756234843,0.675316281980050,2716.118666380646573,0.209954664111137,0.295605644583702
1118,MX28027,1118,6325.000000000000000,0.109809029534722,0.259452283382416,90.701957702636719,90.442505419254303,5.720639810406649,14.123012032058330,36183.046800822055957,0.675168454647064,15.506877326965341
1119,MX28028,1119,1534.000000000000000,0.026631944870556,0.175000220537186,4.590213298797607,4.415213078260422,0.290326471580131,0.269641561433896,445.360807403921683,0.239776551723480,0.340386107563972
1120,MX16058,1120,1158.000000000000000,0.020104166988333,0.168909981846809,5.992712497711182,5.823802515864372,0.339514982901089,0.429675340860664,393.158350199460529,0.235837869346142,0.456034874916077
1121,MX16059,1121,1636.000000000000000,0.028402778232222,0.166447654366493,2.798352956771851,2.631905302405357,0.286065304128130,0.191389344492073,468.002837553619997,0.233258172869682,0.382396727800369
1122,MX20504,1122,495.000000000000000,0.008593750137500,0.160388290882111,2.517065763473511,2.356677472591400,0.249245390777636,0.186545587027004,123.376468434929947,0.214466959238052,0.278893673419952
1123,MX16060,1123,383.000000000000000,0.006649305661944,0.265102505683899,11.804080963134766,11.538978457450867,1.085220340104389,1.346352850678800,415.639390259981042,0.633089601993561,2.192110586166383
1124,MX20067,1124,439.000000000000000,0.007621527899722,0.358680427074432,110.781089782714844,110.422409355640411,14.789557513112628,16.602548044690849,6492.615748256444022,10.483173370361328,36.196400451660153
1125,MX05023,1125,137393.000000000000000,2.385295177053611,0.143311619758606,64.743553161621094,64.600241541862488,0.208802953796941,0.385837885130191,28688.064231023163302,0.200747311115265,0.219624847173691
1126,MX08051,1126,9510.000000000000000,0.165104169308333,0.169093638658524,28.869981765747070,28.700888127088547,0.324259447034540,0.849495637142404,3083.707341298477786,0.219446130096912,0.294414699077606
1127,MX10017,1127,18992.000000000000000,0.329722227497778,0.143919676542282,16.113988876342773,15.970069199800491,0.225990830676625,0.329659093440681,4292.017856210465652,0.201049834489822,0.227172026038170
1128,MX11022,1128,5156.000000000000000,0.089513890321111,0.177573546767235,157.627502441406250,157.449928894639015,0.604998790155417,4.271993815968884,3119.373762041332611,0.256501168012619,0.540367275476456
1129,MX16061,1129,706.000000000000000,0.012256944640556,0.218568950891495,6.813908100128174,6.595339149236679,0.607155550408465,0.663410102304259,428.651818588376216,0.347002267837524,1.284879624843597
1130,MX28029,1130,7478.000000000000000,0.129826390966111,0.160110533237457,5.170868396759033,5.010757863521576,0.243421977397337,0.167765853499798,1820.309546977287255,0.222850054502487,0.269399955868721
1131,MX07059,1131,46570.000000000000000,0.808506957380556,0.116258174180984,31.122234344482422,31.005976170301437,0.262354905917260,0.660768047457204,12217.867968566793934,0.186929494142532,0.304511365294456
1132,MX07060,1132,297.000000000000000,0.005156250082500,0.197495207190514,11.685090065002441,11.487594857811928,0.803253996352154,1.333423307152672,238.566436916589709,0.370172500610352,1.582298207283021
1133,MX21105,1133,329.000000000000000,0.005711805646944,0.229570493102074,6.524728775024414,6.295158281922340,0.717718041821816,0.893569939201312,236.129235759377423,0.401271939277649,1.567853403091430
1134,MX14063,1134,1210.000000000000000,0.021006944780556,0.269301831722260,31.107261657714844,30.837959825992584,2.380856039258075,5.159398914332485,2880.835807502270200,0.608217537403107,4.599457311630260
1135,MX20068,1135,590.000000000000000,0.010243055719444,0.226060524582863,24.431957244873047,24.205896720290184,1.139658446231131,2.360696785944083,672.398483276367074,0.483930945396423,1.974508535861972
1136,MX15062,1136,688.000000000000000,0.011944444635556,0.624938368797302,34.923408508300781,34.298470139503479,4.089291484549993,5.520706697332668,2813.432541370395484,1.596769094467163,11.649112033844004
1137,MX21106,1137,594.000000000000000,0.010312500165000,0.514938771724701,45.921665191650391,45.406726419925690,5.099925909881234,7.297405348513908,3029.355990469452991,1.854416608810425,13.098398590087895
1138,MX07061,1138,9928.000000000000000,0.172361113868889,0.136623471975327,24.979261398315430,24.842637926340103,0.430758696747379,0.919908190475797,4276.572341307983152,0.254679501056671,0.641352313756943
1139,MX15063,1139,1899.000000000000000,0.032968750527500,0.398664355278015,13.185301780700684,12.786637425422668,1.117104922943583,1.397057130731503,2121.382248669865021,0.659175455570221,2.096889877319336
1140,MX17016,1140,424.000000000000000,0.007361111228889,0.549085795879364,8.390568733215332,7.841482937335968,1.530107257922866,1.282996700360862,648.765477359295232,0.999065160751343,3.126265454292297
1141,MX08052,1141,36280.000000000000000,0.629861121188889,0.163888886570930,50.017280578613281,49.853391692042351,0.312698768016850,1.364871925645962,11344.711303651309208,0.223260521888733,0.263060805201530
1142,MX32036,1142,3267.000000000000000,0.056718750907500,0.241256341338158,38.193531036376953,37.952274695038795,0.768406800791177,1.977746009555555,2510.385018184774253,0.344701468944550,1.133826613426209
1143,MX14064,1143,5810.000000000000000,0.100868057169444,0.184417083859444,19.806159973144531,19.621742889285088,0.391578478667494,0.903462383542585,2275.070961058140711,0.246854521334171,0.390349599719048
1144,MX12045,1144,3470.000000000000000,0.060243056519444,0.145290404558182,10.529919624328613,10.384629219770432,0.302589019853890,0.478438669465538,1049.983898892999832,0.205229282379150,0.419221416115761
1145,MX21107,1145,310.000000000000000,0.005381944530556,0.276349663734436,5.213737010955811,4.937387347221375,0.518075699190939,0.500338240739198,160.603466749191142,0.402793109416962,0.708448511362076
1146,MX30116,1146,385.000000000000000,0.006684027884722,0.363568872213364,18.492286682128906,18.128717809915543,1.809424196435258,2.773323180829448,696.628315627574352,0.834348142147064,3.793860673904422
1147,MX30117,1147,1047.000000000000000,0.018177083624167,0.275296717882156,9.182035446166992,8.906738728284836,0.623417154822673,0.613166261720522,652.717761099338986,0.474436819553375,0.965130257606506
1148,MX12046,1148,2919.000000000000000,0.050677084144167,0.196839421987534,15.067283630371094,14.870444208383560,0.553895154623963,1.034556544483943,1616.819956347348352,0.316149771213531,0.796531426906586
1149,MX13045,1149,393.000000000000000,0.006822916775833,0.352123320102692,6.446631908416748,6.094508588314056,1.195097808771158,0.915400246692064,469.673438847065029,0.914835393428802,2.347448778152466
1150,MX26044,1150,2834.000000000000000,0.049201389676111,0.172977805137634,3.773326635360718,3.600348830223083,0.221631780808336,0.123782654379798,628.104466810823055,0.212528169155121,0.230548730492592
1151,MX31055,1151,1296.000000000000000,0.022500000360000,0.184335201978683,4.941519260406494,4.757184058427811,0.356945699632720,0.426158689754714,462.601626724005087,0.236890412867069,0.506941348314285
1152,MX26045,1152,11968.000000000000000,0.207777781102222,0.170211210846901,20.213623046875000,20.043411836028099,0.245661593200439,0.379963863324037,2940.077947422854322,0.221556775271893,0.244925719499588
1153,MX26046,1153,4970.000000000000000,0.086284723602778,0.185939177870750,12.521614074707031,12.335674896836281,0.253327364236177,0.327414043368905,1259.037000253799306,0.229598671197891,0.266179126501083
1154,MX21108,1154,1180.000000000000000,0.020486111438889,0.262779980897903,29.338834762573242,29.076054781675339,0.928969861895354,2.208988457673850,1096.184437036517238,0.416929006576538,1.298686921596529
1155,MX30118,1155,140.000000000000000,0.002430555594444,0.902382671833038,47.736896514892578,46.834513843059540,23.477992042899135,14.118557074214459,3286.918886005878903,27.187438964843750,39.647755050659178
1156,MX07062,1156,2748.000000000000000,0.047708334096667,0.191984340548515,548.554870605468750,548.362886264920235,1.894591960887888,18.603145998486955,5206.338708519915599,0.430684715509415,1.583415710926057
1157,MX07063,1157,453.000000000000000,0.007864583459167,0.269080340862274,13.865180969238281,13.596100628376007,0.728885540504329,1.403432114475112,330.185149848461094,0.396945297718048,0.920841848850251
1158,MX10019,1158,8778.000000000000000,0.152395835771667,0.143014922738075,5.816386699676514,5.673371776938438,0.198575853447582,0.140384234943979,1743.098841562871485,0.186146140098572,0.204685498774052
1159,MX30119,1159,228.000000000000000,0.003958333396667,0.369373321533203,15.839428901672363,15.470055580139160,1.205982536861771,1.989104117958703,274.964018404483852,0.687543272972107,1.809003782272340
1160,MX30120,1160,113.000000000000000,0.001961805586944,1.869091510772705,13.996878623962402,12.127787113189697,5.273814496740830,3.308561108818607,595.941038131713867,3.870846986770630,10.495764350891111
1161,MX23004,1161,42051.000000000000000,0.730052095014167,0.118670850992203,37.197841644287109,37.079170793294907,0.321186794941641,1.397875597872099,13506.225914090948208,0.175929442048073,0.251120120286942
1162,MX15065,1162,704.000000000000000,0.012222222417778,0.506733059883118,36.011707305908203,35.504974246025085,3.787869356318638,5.153650194220028,2666.660026848321195,1.724475502967834,9.697874546051025
1163,MX15066,1163,777.000000000000000,0.013489583549167,0.162455111742020,4.383048534393311,4.220593422651291,0.306442570828256,0.304609593977046,238.105877533555258,0.238610729575157,0.426004540920257
1164,MX15067,1164,554.000000000000000,0.009618055709444,0.597451388835907,21.754289627075195,21.156838238239288,4.127367776869003,3.676621922260801,2286.561748385428018,3.237331151962280,8.470399475097654
1165,MX07064,1165,2033.000000000000000,0.035295139453611,0.168999105691910,20.625461578369141,20.456462472677231,0.490636280038296,1.072429605355623,997.463557317855930,0.308602750301361,0.724378335475922
1166,MX31056,1166,4296.000000000000000,0.074583334526667,0.135981529951096,13.446227073669434,13.310245543718338,0.319751366428351,0.750610783061702,1373.651870176194279,0.194256246089935,0.297868117690086
1167,MX30121,1167,9807.000000000000000,0.170260419390833,0.159114480018616,7.981403827667236,7.822289347648621,0.252060917670773,0.235073492813047,2471.961419597268559,0.219210386276245,0.275869315862656
1168,MX15068,1168,239.000000000000000,0.004149305621944,0.737236320972443,34.749599456787109,34.012363135814667,4.809692700038887,6.262330627863220,1149.516555309294063,1.680501461029053,13.892627525329596
1169,MX01006,1169,993.000000000000000,0.017239583609167,0.320152789354324,58.130752563476562,57.810599774122238,2.698540322580124,5.853074812835728,2679.650540322063080,1.114917039871216,4.956660842895511
1170,MX13048,1170,761.000000000000000,0.013211805766944,0.516863465309143,62.759235382080078,62.242371916770935,16.489770844480830,16.174259991459973,12548.715612649912146,9.254211425781250,41.831535339355469
1171,MX13047,1171,1931.000000000000000,0.033524306091944,0.159857779741287,2.235421657562256,2.075563877820969,0.258236812957206,0.144251339072967,498.655285820365009,0.220222949981689,0.341293811798096
1172,MX28030,1172,6936.000000000000000,0.120416668593333,0.147258326411247,10.195608139038086,10.048349812626839,0.267773092022936,0.353547743044318,1857.274166271085051,0.215151801705360,0.286691725254059
1173,MX21109,1173,494.000000000000000,0.008576389026111,0.248656138777733,6.385601520538330,6.136945381760597,0.806936808473427,0.738503812986442,398.626783385873068,0.566192805767059,1.510079896450042
1174,MX16062,1174,847.000000000000000,0.014704861346389,0.253848254680634,11.252079963684082,10.998231709003448,0.657676699908875,1.031138766416266,557.052164822817076,0.342463403940201,1.170530772209167
1175,MX30122,1175,1496.000000000000000,0.025972222637778,0.231816828250885,13.869057655334473,13.637240827083588,0.643843495291982,0.779820094159782,963.189868956804617,0.490031197667122,0.938760578632355
1176,MX07065,1176,14140.000000000000000,0.245486115038889,0.141343861818314,26.401351928710938,26.260008066892624,0.363255724812498,0.854791345652805,5136.435948848715270,0.230460233986378,0.484861287474632
1177,MX04007,1177,10675.000000000000000,0.185329864076389,0.144054219126701,17.102592468261719,16.958538249135017,0.308010300798493,0.469644081349079,3288.009961023915821,0.235121175646782,0.384147351980209
1178,MX21110,1178,1789.000000000000000,0.031059028274722,0.270492762327194,85.601905822753906,85.331413060426712,1.270664056564190,3.440979549613340,2273.217997193336487,0.528406679630280,2.340085268020630
1179,MX28031,1179,2434.000000000000000,0.042256945120556,0.155073136091232,19.356376647949219,19.201303511857986,0.271760202068820,0.643718533357936,661.464331835508801,0.203998237848282,0.289292830228806
1180,MX31057,1180,3344.000000000000000,0.058055556484444,0.144977688789368,12.970819473266602,12.825841784477234,0.248678390235244,0.502329043813014,831.580536946655457,0.196311421692371,0.234187227487564
1181,MX16063,1181,1431.000000000000000,0.024843750397500,0.199947118759155,10.087005615234375,9.887058496475220,0.626795981456816,0.963703812545721,896.945049464703061,0.310041248798370,1.357438921928406
1182,MX29024,1182,299.000000000000000,0.005190972305278,0.483983576297760,23.243204116821289,22.759220540523529,3.310308177036589,3.742627365775378,989.782144933940003,1.800344347953796,7.516902923583977
1183,MX07066,1183,933.000000000000000,0.016197916925833,0.255046725273132,15.251706123352051,14.996659398078918,0.713504799149556,0.973550000565785,665.699977606535413,0.464062422513962,1.196388959884644
1184,MX07067,1184,521.000000000000000,0.009045139033611,0.211314186453819,7.437789916992188,7.226475730538368,0.724478085216085,0.842122726008433,377.453082397580260,0.407506942749023,1.484043121337891
1185,MX21111,1185,1099.000000000000000,0.019079861416389,0.233837276697159,30.694408416748047,30.460571140050888,0.558281187283331,1.488772170849393,613.551024824380875,0.343384116888046,0.664916682243347
1186,MX30123,1186,15956.000000000000000,0.277013893321111,0.164111524820328,26.056869506835938,25.892757982015610,0.432342848918192,1.048412400924543,6898.462497338664434,0.275888904929161,0.553272187709808
1187,MX32037,1187,3452.000000000000000,0.059930556514444,0.206632912158966,11.212082862854004,11.005449950695038,0.456692227793734,0.677826415929135,1576.501570343970798,0.306860297918320,0.579820692539215
1188,MX10020,1188,5262.000000000000000,0.091354168128333,0.166004180908203,27.890405654907227,27.724401473999023,0.309337666314145,0.804598916455789,1627.734800145032068,0.216652460396290,0.293526759743691
1189,MX15069,1189,14.000000000000000,0.000243055559444,10.608279228210449,23.285633087158203,12.677353858947754,16.495676721845353,3.368095339794829,230.939474105834933,16.557047843933105,20.838734054565432
1190,MX29041,1190,116.000000000000000,0.002013888921111,1.038243889808655,29.914857864379883,28.876613974571228,9.696075285303181,6.949458359057697,1124.744733095169067,8.798976421356201,19.341147422790527
1191,MX30124,1191,7259.000000000000000,0.126024307571944,0.225125938653946,221.105865478515625,220.880739539861679,1.810793612425876,7.274470919427777,13144.550832599432397,0.676735877990723,2.226648426055908
1192,MX16065,1192,1213.000000000000000,0.021059028114722,0.172317177057266,10.288855552673340,10.116538375616074,0.644976436416177,1.157216553733326,782.356417372822534,0.297930538654327,1.170870137214661
1193,MX16064,1193,2489.000000000000000,0.043211806246944,0.179075196385384,16.183584213256836,16.004509016871452,0.450982957653321,0.917269490484551,1122.496581599114961,0.268078029155731,0.587496066093445
1194,MX27014,1194,1713.000000000000000,0.029739583809167,0.239879176020622,409.123260498046875,408.883381322026253,3.529971186382620,13.984529630958237,6046.840642273428784,0.959738433361053,6.310641860961913
1195,MX19040,1195,6105.000000000000000,0.105989585029167,0.177600100636482,6.469077587127686,6.291477486491203,0.243836107513243,0.177519500727664,1488.619436368348943,0.232154741883278,0.256446832418442
1196,MX05024,1196,54923.000000000000000,0.953524320811945,0.147343069314957,28.141748428344727,27.994405359029770,0.250656880376062,0.673893933553961,13766.827840894451583,0.207551747560501,0.247741183638573
1197,MX30126,1197,1917.000000000000000,0.033281250532500,0.202854171395302,13.197407722473145,12.994553551077843,0.654856274587510,0.823812016304904,1255.359478384255908,0.442571371793747,1.165212035179138
1198,MX30125,1198,1982.000000000000000,0.034409722772778,0.211228042840958,11.297842979431152,11.086614936590195,0.481332754015201,0.668848159286087,954.001518458128317,0.361995786428452,0.635041832923889
1199,MX16066,1199,2166.000000000000000,0.037604167268333,0.162227988243103,20.525920867919922,20.363692879676819,0.951183470346151,1.966846538081313,2060.263396769762949,0.365580335259438,1.842658638954163
1200,MX12047,1200,1449.000000000000000,0.025156250402500,0.148545801639557,0.814238727092743,0.665692925453186,0.203249209858040,0.038407747329479,294.508105084299871,0.197320684790611,0.225300464034080
1201,MX22012,1201,1610.000000000000000,0.027951389336111,0.404952436685562,36.439064025878906,36.034111589193344,2.960327017159195,4.182494751465125,4766.126497626304626,1.462305426597595,7.248450422286990
1202,MX22013,1202,3477.000000000000000,0.060364584299167,0.159242630004883,13.653423309326172,13.494180679321289,0.373889689674177,0.544047992134993,1300.014450997114636,0.247052013874054,0.535655462741852
1203,MX16067,1203,1839.000000000000000,0.031927083844167,0.195125043392181,4.651626586914062,4.456501543521881,0.388438517054570,0.375911254845747,714.338432863355138,0.280691951513290,0.589244723320007
1204,MX11023,1204,7779.000000000000000,0.135052085494167,0.203719794750214,30.541297912597656,30.337578117847443,0.935929713872987,2.011233490644723,7280.597244217961816,0.488162606954575,1.572829627990723
1205,MX10021,1205,8655.000000000000000,0.150260419070833,0.150953218340874,10.247401237487793,10.096448019146919,0.242395635771311,0.366491833944057,2097.934227600699614,0.201308950781822,0.229330354928970
1206,MX16068,1206,1646.000000000000000,0.028576389346111,0.166106998920441,11.807682037353516,11.641575038433075,0.574251902440192,1.071980646733520,945.218631416556036,0.249595463275909,1.067279875278473
1207,MX30128,1207,3018.000000000000000,0.052395834171667,0.198433205485344,62.443794250488281,62.245361045002937,1.226885678714438,3.819199625157198,3702.740978360173358,0.407821506261826,1.712797904014588
1208,MX19041,1208,1673.000000000000000,0.029045139353611,0.459670960903168,66.968650817871094,66.508979856967926,6.089893137364778,10.036445238981640,10188.391218811273575,2.186480760574341,18.441514587402342
1209,MX12048,1209,9641.000000000000000,0.167378474900278,0.138463690876961,9.951934814453125,9.813471123576164,0.278966909156414,0.421126903523125,2689.519971176985109,0.205544143915176,0.335939437150955
1210,MX21112,1210,1136.000000000000000,0.019722222537778,0.168637439608574,7.564888477325439,7.396251037716866,0.420836200963863,0.598128072058529,478.069924294948294,0.247892551124096,0.721976697444916
1211,MX31058,1211,5266.000000000000000,0.091423612573889,0.155689045786858,18.264829635620117,18.109140589833260,0.330250886756681,0.887176319486254,1739.101169660684036,0.207090690732002,0.329286739230156
1212,MX21113,1212,1088.000000000000000,0.018888889191111,0.177446037530899,5.663967609405518,5.486521571874619,0.343852039412870,0.408573006733691,374.111018881202199,0.242218486964703,0.470607361197472
1213,MX07068,1213,2886.000000000000000,0.050104167468333,0.213864371180534,262.797698974609375,262.583834603428841,1.074060255234346,7.384216484611666,3099.737896606323375,0.498448640108109,0.944908231496811
1214,MX05025,1214,2527.000000000000000,0.043871528479722,0.214415103197098,58.110569000244141,57.896153897047043,3.965273547860109,9.477935373914969,10020.246255442494657,0.436822444200516,14.389459419250493
1215,MX14065,1215,4334.000000000000000,0.075243056759444,0.153059199452400,7.794280052185059,7.641220852732658,0.264217438404054,0.288394411251757,1145.118378043169969,0.212783433496952,0.314830261468887
1216,MX07069,1216,8478.000000000000000,0.147187502355000,0.112784117460251,27.254001617431641,27.141217499971390,0.374618885259592,1.013510994528677,3176.018909230819645,0.220483243465424,0.502353662252426
1217,MX12049,1217,799.000000000000000,0.013871527999722,0.257688194513321,10.227088928222656,9.969400733709335,0.622423735443731,0.809467686708535,497.316564619541111,0.379856139421463,1.069742512702942
1218,MX22002,1218,3565.000000000000000,0.061892362101389,0.160232469439507,11.085411071777344,10.925178602337837,0.316416208891180,0.402011889919469,1128.023784697055817,0.237498357892036,0.455087608098984
1219,MX32038,1219,15987.000000000000000,0.277552087774167,0.161341637372971,29.216554641723633,29.055213004350662,0.325486612796614,0.597746547289591,5203.554478779465171,0.237620517611504,0.406845736503601
1220,MX20070,1220,326.000000000000000,0.005659722312778,0.212144583463669,4.568117141723633,4.355972558259964,0.397163785719798,0.484115444013168,129.475394144654302,0.276427477598190,0.480051875114441
1221,MX13049,1221,939.000000000000000,0.016302083594167,0.209116205573082,5.528436183929443,5.319319978356361,0.447479808514619,0.339732539764625,420.183540195226897,0.363068342208862,0.664279258251190
1222,MX26047,1222,52787.000000000000000,0.916440986885278,0.168439477682114,78.095306396484375,77.926866918802261,0.255008021223673,0.740563219112540,13461.108416334011054,0.222882732748985,0.247088074684143
1223,MX30129,1223,1238.000000000000000,0.021493055899444,0.194007620215416,9.144568443298340,8.950560823082924,0.416969730956585,0.647358880334977,516.208526924252737,0.279855042695999,0.545469188690185
1224,MX30130,1224,5840.000000000000000,0.101388890511111,0.162050247192383,14.656113624572754,14.494063377380371,0.311890819245210,0.514205727242211,1821.442384392024223,0.234285011887550,0.372580233216286
1225,MX02005,1225,2751.000000000000000,0.047760417430833,0.291374534368515,68.515922546386719,68.224548012018204,3.166671316403125,6.450348386446113,8711.512791424996976,0.632270038127899,8.246500015258789
1226,MX20071,1226,503.000000000000000,0.008732639028611,0.161683827638626,4.768267631530762,4.606583803892136,0.316852847547465,0.395237248604992,159.376982316374836,0.232246398925781,0.379624348878861
1227,MX10022,1227,5765.000000000000000,0.100086807156944,0.147097125649452,13.877550125122070,13.730452999472618,0.294105620089038,0.591618655235382,1695.518899813301232,0.202988028526306,0.287752670049667
1228,MX15071,1228,632.000000000000000,0.010972222397778,0.372416377067566,14.886688232421875,14.514271855354309,1.653433066002931,1.600321818552005,1044.969697713852611,1.250129282474518,3.063848423957825
1229,MX14066,1229,4160.000000000000000,0.072222223377778,0.187147229909897,32.481708526611328,32.294561296701431,0.734065876206239,1.823248249000512,3053.714045017954959,0.286615923047066,1.193279242515564
1230,MX30131,1230,317.000000000000000,0.005503472310278,1.699548721313477,1999.954467773437500,1998.254919052124023,50.586266103979177,166.523590381816035,16035.846354961398902,20.982299804687500,53.676702117919945
1231,MX08053,1231,2014.000000000000000,0.034965278337222,0.222400754690170,22.838665008544922,22.616264253854752,0.596150111270164,1.538677247119051,1200.646324098109744,0.278386652469635,0.690379297733307
1232,MX05026,1232,15186.000000000000000,0.263645837551667,0.157659411430359,17.787631988525391,17.629972577095032,0.254265546363033,0.451968789114036,3861.276587069025027,0.215261332690716,0.252666816115379
1233,MX31059,1233,1800.000000000000000,0.031250000500000,0.230875506997108,45.785385131835938,45.554509624838829,1.547172710895539,4.096065271732644,2784.910879611969449,0.422437116503716,2.883353805541997
1234,MX13050,1234,455.000000000000000,0.007899305681944,0.318305909633636,29.326618194580078,29.008312284946442,1.872153180313635,3.944619404422552,851.829697042703856,0.632001340389252,3.480787992477418
1235,MX21114,1235,2698.000000000000000,0.046840278527222,0.390373677015305,147.018707275390625,146.628333598375320,20.906792506851705,22.684626902411573,56406.526183485897491,9.029429912567139,53.460893249511727
1236,MX10023,1236,35335.000000000000000,0.613454870926389,0.127578258514404,23.214000701904297,23.086422443389893,0.220900464940142,0.410954510859857,7805.517928659918653,0.185043394565582,0.226286011934280
1237,MX11024,1237,298.000000000000000,0.005173611193889,0.877733230590820,25.574741363525391,24.697008132934570,2.529698549101016,2.786862504146476,753.850167632102739,1.782142162322998,3.890692567825319
1238,MX07072,1238,1213.000000000000000,0.021059028114722,0.212979897856712,19.577440261840820,19.364460363984108,0.727031109420012,1.343962187917434,881.888735726474920,0.395435690879822,1.197045826911926
1239,MX30133,1239,1433.000000000000000,0.024878472620278,0.293536484241486,61.687500000000000,61.393963515758514,2.514856384109140,5.807143499623820,3603.789198428398322,0.664485156536102,5.572821617126460
1240,MX17017,1240,1462.000000000000000,0.025381944850556,0.225112184882164,16.577013015747070,16.351900830864906,1.443345741528085,2.239766272444432,2110.171474114060857,0.647343248128891,3.336432790756226
1241,MX30134,1241,1903.000000000000000,0.033038194973056,0.196416437625885,14.914892196655273,14.718475759029388,0.520501341441713,0.897196778069768,990.514052763580025,0.323812663555145,0.813044607639313
1242,MX26048,1242,33593.000000000000000,0.583211814886945,0.171777188777924,46.416870117187500,46.245092928409576,0.401551910312743,1.969100123471953,13489.333323135986575,0.239220544695854,0.277217739820480
1243,MX14067,1243,3401.000000000000000,0.059045139833611,0.178927898406982,55.434352874755859,55.255424976348877,2.922325578709628,7.308439446878816,9938.829293191445686,0.407970637083054,7.166262626647949
1244,MX12050,1244,626.000000000000000,0.010868055729444,0.212202772498131,22.354860305786133,22.142657533288002,1.272519850192930,2.578328149528413,796.597426220774196,0.443818271160126,2.583603620529175
1245,MX16070,1245,957.000000000000000,0.016614583599167,0.224928379058838,19.466207504272461,19.241279125213623,0.892114404491621,2.048396948438810,853.753485098481406,0.339892446994781,1.288195919990538
1246,MX11025,1246,1460.000000000000000,0.025347222627778,0.206693932414055,46.745121002197266,46.538427069783211,2.270060320678234,5.035703690688837,3314.288068190222020,0.639646083116531,4.739090919494642
1247,MX16071,1247,3581.000000000000000,0.062170139883611,0.208114951848984,23.853483200073242,23.645368248224258,0.697317924264155,1.488337947956280,2497.095486789939059,0.347315996885300,1.159804344177246
1248,MX20073,1248,1995.000000000000000,0.034635417220833,0.155806452035904,18.909164428710938,18.753357976675034,0.395347927521942,0.820039949974023,788.719115406274909,0.257831156253815,0.568094694614410
1249,MX21115,1249,922.000000000000000,0.016006944700556,0.276583731174469,13.849103927612305,13.572520196437836,1.629102690618105,2.159885668713964,1502.032680749892506,0.821998476982117,4.074534416198730
1250,MX12051,1250,4143.000000000000000,0.071927084484167,0.158947303891182,8.771772384643555,8.612825080752373,0.358856105848323,0.403444933473998,1486.740846529601868,0.257726311683655,0.544747149944306
1251,MX16072,1251,1164.000000000000000,0.020208333656667,0.167028278112411,8.724987030029297,8.557958751916885,0.431779237944133,0.634913324079496,502.591032966970829,0.263238281011581,0.658186870813370
1252,MX22014,1252,3409.000000000000000,0.059184028724722,0.354434460401535,115.932632446289062,115.578197985887527,13.485223145980081,18.522047914728056,45971.125704646095983,3.028340101242065,45.452367401123055
1253,MX21116,1253,829.000000000000000,0.014392361341389,0.190126478672028,3.738273143768311,3.548146665096283,0.543530446592949,0.444349422959813,450.586740225554365,0.389893680810928,1.075151538848877
1254,MX31060,1254,514.000000000000000,0.008923611253889,0.160663262009621,2.374594688415527,2.213931426405907,0.234668983008843,0.210139579595092,120.619857266545139,0.198266714811325,0.242018811404705
1255,MX26049,1255,19909.000000000000000,0.345642366641389,0.167649462819099,5.904751777648926,5.737102314829826,0.230383182207854,0.097358825438685,4586.698774576168944,0.218582406640053,0.260452300310135
1256,MX16073,1256,1061.000000000000000,0.018420139183611,0.187712252140045,9.634457588195801,9.446745336055756,0.498045441131902,0.852259410779423,528.426213040948028,0.258038699626923,0.770277917385101
1257,MX14069,1257,3347.000000000000000,0.058107639818611,0.151062250137329,7.923599720001221,7.772537469863892,0.271096518979452,0.342537551323995,907.360049024226100,0.207562923431396,0.338770943880081
1258,MX30135,1258,125.000000000000000,0.002170138923611,0.526314556598663,52.152690887451172,51.626376330852509,8.312037087440491,10.710769183120959,1039.004635930061340,2.660452365875244,21.640312194824219
1259,MX21117,1259,22.000000000000000,0.000381944450556,1.250557065010071,29.653264999389648,28.402707934379578,11.145128813656893,9.464917569272911,245.192833900451632,8.039510965347290,26.459079933166514
1260,MX30136,1260,58.000000000000000,0.001006944460556,0.673704743385315,8.746762275695801,8.073057532310486,2.511408029959120,2.152611089033959,145.661665737628965,1.548429489135742,6.028181171417238
1261,MX05027,1261,35046.000000000000000,0.608437509735000,0.140949666500092,214.810455322265625,214.669505655765533,0.594912705892289,3.779150949177189,20849.310690701146086,0.220629535615444,0.426346704363823
1262,MX07073,1262,327.000000000000000,0.005677083424167,0.227158442139626,16.922655105590820,16.695496663451195,0.870431941173492,1.764838789395742,284.631244763731900,0.502920210361481,0.983127462863922
1263,MX15072,1263,118.000000000000000,0.002048611143889,1.107285499572754,15.334210395812988,14.226924896240234,4.438113874298032,3.684460138998512,523.697437167167777,2.674404144287109,9.947606468200680
1264,MX24023,1264,3955.000000000000000,0.068663195543056,0.176450580358505,7.491422176361084,7.314971596002579,0.327708259160841,0.392370068793661,1296.086164981127240,0.248425409197807,0.417492741346359
1265,MX26050,1265,4718.000000000000000,0.081909723532778,0.174470484256744,7.539900302886963,7.365429818630219,0.233542625377394,0.207919943885214,1101.854106530546233,0.218780711293221,0.238143938779831
1266,MX19043,1266,3525.000000000000000,0.061197917645833,0.156438305974007,5.558592796325684,5.402154490351677,0.242310734277076,0.204466100455058,854.145338326694059,0.209166362881660,0.260687059164047
1267,MX07074,1267,2129.000000000000000,0.036961806146944,0.867783963680267,6482.995605468750000,6482.127821505069733,41.911679866645436,287.419220683612991,89229.966436088128830,4.999566555023193,45.828201293945312
1268,MX20075,1268,162.000000000000000,0.002812500045000,0.172259017825127,5.067532539367676,4.895273521542549,0.507727656007549,0.781917133653712,82.251880273222937,0.231509372591972,0.875183188915253
1269,MX20077,1269,57.000000000000000,0.000989583349167,0.504538059234619,10.138620376586914,9.634082317352295,2.794473724407062,2.043376830277427,159.285002291202545,2.083069562911987,5.891751194000244
1270,MX28032,1270,16158.000000000000000,0.280520837821667,0.180824443697929,432.079895019531250,431.899070575833321,3.031000454012440,11.100263080786629,48974.905335933006427,0.343287304043770,3.229983019828803
1271,MX01007,1271,1892.000000000000000,0.032847222747778,0.200441598892212,53.546886444091797,53.346444845199585,1.617976777153149,4.316227897171760,3061.212062373757362,0.462885856628418,3.111140608787545
1272,MX30138,1272,71.000000000000000,0.001232638908611,0.605587840080261,30.954627990722656,30.349040150642395,9.466966606361764,9.568870843477654,672.154629051685220,5.474753379821777,25.165039062500000
1273,MX28033,1273,8079.000000000000000,0.140260418910833,0.207384303212166,61.094856262207031,60.887471958994865,1.204642430842396,4.364744748791545,9732.306198775713710,0.348085671663284,1.446220088005066
1274,MX32039,1274,9390.000000000000000,0.163020835941667,0.157492354512215,58.986812591552734,58.829320237040520,0.605859721344879,2.521136384165364,5689.022783428414186,0.227847315371037,0.496551504731179
1275,MX31061,1275,1338.000000000000000,0.023229167038333,0.160599753260612,8.643553733825684,8.482953980565071,0.281357738803321,0.577398586063333,376.456654518843550,0.196744792163372,0.256396913528442
1276,MX24024,1276,15410.000000000000000,0.267534726502778,0.152514949440956,39.030250549316406,38.877735599875450,0.467266611154403,1.636956809549629,7200.578477889349415,0.239533312618732,0.517161095142365
1277,MX08054,1277,12041.000000000000000,0.209045142233611,0.180794551968575,7.857529163360596,7.676734611392021,0.286779459628065,0.204541021873146,3453.111473381532051,0.253560245037079,0.320972800254822
1278,MX10024,1278,7390.000000000000000,0.128298613163889,0.153555974364281,24.820718765258789,24.667162790894508,0.271454568759756,0.713103770509106,2006.049263134598277,0.200553223490715,0.258744978904724
1279,MX20078,1279,61.000000000000000,0.001059027794722,0.555217921733856,4.939989089965820,4.384771168231964,1.126028945211505,0.899818749227795,68.687765657901778,0.761052012443542,1.974235653877258
1280,MX11026,1280,2203.000000000000000,0.038246528389722,0.316424667835236,53.832210540771484,53.515785872936249,1.548564637026568,3.653019207183001,3411.487895369528815,0.750126659870148,2.473264694213867
1281,MX08055,1281,10203.000000000000000,0.177135419500833,0.170988708734512,13.914772987365723,13.743784278631210,0.333879633711258,0.547318964505361,3406.573902755966628,0.239332512021065,0.358462047576904
1282,MX18010,1282,7698.000000000000000,0.133645835471667,0.127476200461388,14.259378433227539,14.131902232766151,0.279202487309062,0.413477079788350,2149.300747305160257,0.207795545458794,0.327397167682648
1283,MX08056,1283,6162.000000000000000,0.106979168378333,0.155329987406731,4.395339488983154,4.240009501576424,0.224724651879883,0.138481445589563,1384.753304883840656,0.205319471657276,0.232299697399139
1284,MX25014,1284,13363.000000000000000,0.231996531489722,0.150360614061356,72.309272766113281,72.158912152051926,0.390257294833870,1.639543112443189,5215.008230865010773,0.220889240503311,0.417977607250214
1285,MX26051,1285,18595.000000000000000,0.322829866276389,0.166549116373062,21.262166976928711,21.095617860555649,0.234005652519123,0.332179148883596,4351.335108593098084,0.213043659925461,0.233833932876587
1286,MX18011,1286,2617.000000000000000,0.045434028504722,0.137322261929512,15.833850860595703,15.696528598666191,0.349529915619863,0.838048220653582,914.719789177182292,0.205085396766663,0.391417008638382
1287,MX07076,1287,1219.000000000000000,0.021163194783056,0.209104493260384,14.969121932983398,14.760017439723015,0.595243861114910,1.033652596428185,725.602266699075813,0.346892207860947,0.944152402877808
1288,MX05028,1288,10435.000000000000000,0.181163197343056,0.183537989854813,42.729866027832031,42.546328037977219,0.666429391764662,2.513702206275392,6954.190703064244190,0.254984617233276,0.590150070190430
1289,MX19044,1289,8050.000000000000000,0.139756946680556,0.171821340918541,25.284832000732422,25.113010659813881,0.509641746373280,1.677709088878907,4102.616058304904982,0.232043743133545,0.422335207462311
1290,MX31062,1290,1002.000000000000000,0.017395833611667,0.186500996351242,9.774951934814453,9.588450938463211,0.391283216902953,0.661191363896136,392.065783336758784,0.256542474031448,0.470386895537376
1291,MX05029,1291,1517.000000000000000,0.026336805976944,0.181339159607887,14.071534156799316,13.890194997191429,0.337505146193127,0.840934331711602,511.995306774973415,0.236967712640762,0.311315083503723
1292,MX26052,1292,26675.000000000000000,0.463107646298611,0.166042461991310,22.919765472412109,22.753723010420799,0.257588363076999,0.575681170598790,6871.169585078950149,0.213271915912628,0.236570343375206
1293,MX16076,1293,639.000000000000000,0.011093750177500,0.215090766549110,47.270679473876953,47.055588707327843,3.554087941052392,7.845248843693446,2271.062194332478612,0.607481479644775,9.953221130371094
1294,MX32040,1294,7189.000000000000000,0.124809029774722,0.148774251341820,11.173680305480957,11.024906054139137,0.299834913718863,0.495227003600759,2155.513194724908317,0.213291674852371,0.309882783889770
1295,MX11027,1295,3773.000000000000000,0.065503473270278,0.292472958564758,2440.895019531250000,2440.602546572685242,8.168112799015793,72.299041643592460,30818.289590686585143,1.629520773887634,10.502050018310554
1296,MX20079,1296,629.000000000000000,0.010920139063611,0.422084778547287,3491.937500000000000,3491.515415221452713,38.983465463728521,244.309610309752117,24520.599776685241523,3.900830268859863,34.837690734863287
1297,MX24025,1297,8768.000000000000000,0.152222224657778,0.145172595977783,31.341375350952148,31.196202754974365,0.352543115335430,1.071125825370216,3091.098035261046334,0.219656221568584,0.396569588780403
1298,MX19045,1298,8668.000000000000000,0.150486113518889,0.183622390031815,67.419593811035156,67.235971421003342,0.942457260999762,3.244138100949451,8169.219538345938417,0.270854383707047,0.967716348171234
1299,MX30139,1299,530.000000000000000,0.009201389036111,0.186207711696625,4.932527542114258,4.746319830417633,0.404985971776945,0.461957776453694,214.642565041780585,0.276535481214523,0.607067126035690
1300,MX05030,1300,28949.000000000000000,0.502586813596945,0.147911801934242,96.606048583984375,96.458136782050133,1.581030683028003,6.919405422151216,45769.257242977648275,0.221141293644905,0.749523353576661
1301,MX07077,1301,6015.000000000000000,0.104427085004167,0.163329884409904,11.628388404846191,11.465058520436287,0.358869211949215,0.484101026909220,2158.598309874529150,0.254351228475571,0.508951997756958
1302,MX25015,1302,4000.000000000000000,0.069444445555556,0.194625392556190,53.746520996093750,53.551895603537560,1.211386702917516,4.355203668093376,4845.546811670065836,0.338535383343697,1.278104555606842
1303,MX16079,1303,2419.000000000000000,0.041996528449722,0.167078852653503,10.331678390502930,10.164599537849426,0.447999610819320,0.746098399258592,1083.711058571934927,0.269218653440475,0.617022299766541
1304,MX11028,1304,2947.000000000000000,0.051163195263056,0.243062064051628,57.781177520751953,57.538115456700325,1.593001856449339,3.683275494533231,4694.576470956202684,0.633336603641510,3.186028671264649
1305,MX31063,1305,807.000000000000000,0.014010416890833,0.197745427489281,7.240426540374756,7.042681112885475,0.464774581320962,0.552460062983542,375.073087126016560,0.306701362133026,0.668457210063934
1306,MX20080,1306,268.000000000000000,0.004652777852222,0.162205532193184,3.794015169143677,3.631809636950493,0.379886846989393,0.437290182359220,101.809674993157373,0.248832032084465,0.660446709394455
1307,MX20081,1307,476.000000000000000,0.008263889021111,0.164165079593658,4.231073379516602,4.066908299922943,0.303019333223836,0.380257436738512,144.237202614545794,0.210546575486660,0.402554675936699
1308,MX20082,1308,736.000000000000000,0.012777777982222,0.156717821955681,2.277491092681885,2.120773270726204,0.254151846342923,0.173957837046853,187.055758908391283,0.218357391655445,0.309711128473282
1309,MX20083,1309,126.000000000000000,0.002187500035000,0.631417572498322,15.129001617431641,14.497584044933319,2.692564485565064,3.511636395862119,339.263125181198063,1.217515826225281,7.469381809234619
1310,MX20084,1310,271.000000000000000,0.004704861186389,0.230905205011368,6.335434913635254,6.104529708623886,0.826455116216986,1.082985911992057,223.969336494803315,0.372263699769974,2.145768880844116
1311,MX20085,1311,1631.000000000000000,0.028315972675278,0.149795502424240,2.838379144668579,2.688583642244339,0.247940165966585,0.175130272071089,404.390410691499426,0.213105231523514,0.311086952686310
1312,MX13036,1312,1227.000000000000000,0.021302083674167,0.176815360784531,9.008949279785156,8.832133919000626,0.413293302034885,0.545345894873164,507.110881596804006,0.275629341602325,0.663019955158234
1313,MX20086,1313,251.000000000000000,0.004357638958611,0.161893278360367,1.969034910202026,1.807141631841660,0.269890150047868,0.220651431605731,67.742427662014919,0.215897917747498,0.314075499773026
1314,MX13052,1314,1474.000000000000000,0.025590278187222,0.418698042631149,26.180498123168945,25.761800080537796,1.819871632202833,2.779050009382538,2682.490785866975330,0.793599188327789,4.226651620864869
1315,MX20087,1315,32.000000000000000,0.000555555564444,3.854550838470459,12.989043235778809,9.134492397308350,7.803568094968796,2.639743194375005,249.714179039001465,7.536765098571777,11.911159992218018
1316,MX20088,1316,1272.000000000000000,0.022083333686667,0.150740876793861,2.654200553894043,2.503459677100182,0.210047422129215,0.092123998207532,267.180320948362009,0.198160201311111,0.235341297090054
1317,MX21119,1317,290.000000000000000,0.005034722302778,3.503893375396729,74.968643188476562,71.464749813079834,25.436542255302953,13.053423948344216,7376.597254037856146,23.160056114196777,44.239324569702156
1318,MX20089,1318,483.000000000000000,0.008385416800833,0.161911979317665,2.057486772537231,1.895574793219566,0.263042476143896,0.186134133668256,127.049515977501869,0.222777232527733,0.318425899744034
1319,MX07118,1319,193.000000000000000,0.003350694498056,0.254962533712387,15.536489486694336,15.281526952981949,0.979558227130168,1.884545670705170,189.054737836122428,0.382938653230667,1.843067359924317
1320,MX20090,1320,431.000000000000000,0.007482639008611,0.200452759861946,7.170535564422607,6.970082804560661,0.492402427607235,0.682912325352763,212.225446298718310,0.305080145597458,0.730734586715698
1321,MX20091,1321,134.000000000000000,0.002326388926111,0.319878399372101,11.297326087951660,10.977447688579559,1.664207109542036,2.280258426065205,223.003752678632765,0.595567286014557,4.768698596954347
1322,MX20092,1322,138.000000000000000,0.002395833371667,0.229818865656853,4.095794200897217,3.865975335240364,0.641568961458794,0.651339413637364,88.536516681313529,0.413956001400948,1.257767152786255
1323,MX20093,1323,247.000000000000000,0.004288194513056,0.153548315167427,1.302513003349304,1.148964688181877,0.226122199222144,0.130883975552654,55.852183207869516,0.191414818167686,0.288442766666412
1324,MX20094,1324,313.000000000000000,0.005434027864722,0.169777259230614,2.100058317184448,1.930281057953835,0.248416128249976,0.169759748170676,77.754248142242432,0.210469231009483,0.298480278253555
1325,MX20095,1325,275.000000000000000,0.004774305631944,0.155901387333870,1.552654266357422,1.396752879023552,0.326050766760653,0.199284910173262,89.663960859179483,0.259349465370178,0.545372128486633
1326,MX20096,1326,110.000000000000000,0.001909722252778,0.202474057674408,1.874648332595825,1.672174274921417,0.381730429828167,0.290863508158949,41.990347281098366,0.254594743251801,0.648184525966645
1327,MX20097,1327,236.000000000000000,0.004097222287778,0.165545031428337,2.080643892288208,1.915098860859871,0.305248034455009,0.250033753982505,72.038536131382074,0.220619358122349,0.520464807748795
1328,MX30140,1328,111.000000000000000,0.001927083364167,0.453496992588043,3.627466201782227,3.173969209194183,1.151585074158402,0.770309667892144,127.825943231582642,0.831324338912964,2.631888866424561
1329,MX20098,1329,713.000000000000000,0.012378472420278,0.145978420972824,1.035785079002380,0.889806658029556,0.223010239038528,0.094584361595118,159.006300434470262,0.200763776898384,0.255072313547134
1330,MX20099,1330,70.000000000000000,0.001215277797222,0.169120326638222,1.825027823448181,1.655907496809959,0.376361565930503,0.303356396776438,26.345309615135196,0.246504269540310,0.837092268466950
1331,MX30141,1331,4712.000000000000000,0.081805556864444,0.152668356895447,24.955783843994141,24.803115487098694,0.523700727548303,1.283563877833870,2467.677828207605671,0.252207085490227,0.867318964004517
1332,MX20100,1332,201.000000000000000,0.003489583389167,0.157368749380112,0.957837283611298,0.800468534231186,0.237418432882176,0.112446513702411,47.721105009317384,0.204248920083046,0.309189885854721
1333,MX20101,1333,33.000000000000000,0.000572916675833,0.192269429564476,1.870962381362915,1.678692951798439,0.538334627043117,0.407388700589273,17.765042692422870,0.332716047763824,1.129682779312134
1334,MX20102,1334,336.000000000000000,0.005833333426667,0.169434785842896,5.706607818603516,5.537173032760620,0.595181068627252,0.810362715458228,199.980839058756743,0.267652615904808,1.380928933620453
1335,MX20103,1335,57.000000000000000,0.000989583349167,0.489503860473633,11.214771270751953,10.725267410278320,2.524449060883439,2.679840400649167,143.893596470356016,1.322235941886902,7.108649635314942
1336,MX20104,1336,515.000000000000000,0.008940972365278,0.139030233025551,1.992983341217041,1.853953108191490,0.219769988245177,0.168350514549001,113.181543946266146,0.182464867830276,0.261023736000061
1337,MX20105,1337,534.000000000000000,0.009270833481667,0.157989904284477,1.823714971542358,1.665725067257881,0.256740063317260,0.180656703141710,137.099193811416768,0.197714239358902,0.392388916015625
1338,MX24026,1338,480.000000000000000,0.008333333466667,0.220347657799721,2.325046300888062,2.104698643088341,0.441473488509655,0.232509923109016,211.907274484634343,0.394153743982315,0.683105373382568
1339,MX20106,1339,81.000000000000000,0.001406250022500,0.200893729925156,0.770282447338104,0.569388717412949,0.306969086697072,0.137887113973998,24.864496022462841,0.247067168354988,0.551175475120544
1340,MX21120,1340,394.000000000000000,0.006840277887222,0.247390225529671,3.285987615585327,3.038597390055656,0.582211363171866,0.436241717813815,229.391277089715061,0.426513850688934,1.114061450958252
1341,MX20107,1341,55.000000000000000,0.000954861126389,1.086256623268127,21.905988693237305,20.819732069969177,8.530836993997747,6.666628678249585,469.196034669876099,7.468346118927002,17.781685638427735
1342,MX20108,1342,930.000000000000000,0.016145833591667,0.141179502010345,2.935090541839600,2.793911039829254,0.219326766043581,0.180460324728667,203.973892420530092,0.182959459722042,0.237478487193584
1343,MX15073,1343,120.000000000000000,0.002083333366667,1.374137163162231,25.558057785034180,24.183920621871948,5.768131188551584,6.117108933259595,692.175742626190186,2.701911926269531,16.428966140747086
1344,MX20109,1344,379.000000000000000,0.006579861216389,0.172282353043556,1.508426070213318,1.336143717169762,0.258458941427888,0.169461407138820,97.955938801169467,0.210050091147423,0.338134920597076
1345,MX20110,1345,140.000000000000000,0.002430555594444,0.174276843667030,1.244318366050720,1.070041522383690,0.309333038649389,0.165724959830126,43.306625410914435,0.250923767685890,0.455847215652466
1346,MX20111,1346,336.000000000000000,0.005833333426667,0.184450790286064,3.199798345565796,3.015347555279732,0.331640723826630,0.337570785427387,111.431283205747533,0.242721207439899,0.408915132284164
1347,MX20112,1347,451.000000000000000,0.007829861236389,0.177111297845840,4.159139156341553,3.982027858495712,0.304444918413120,0.385415944129333,137.304658204317008,0.224495470523834,0.309271246194839
1348,MX20113,1348,588.000000000000000,0.010208333496667,0.134352892637253,1.769470930099487,1.635118037462234,0.212416236421891,0.151252947403976,124.900747016072188,0.182822957634926,0.237642525136471
1349,MX20114,1349,150.000000000000000,0.002604166708333,0.183533400297165,1.322074890136719,1.138541489839554,0.370156692961852,0.219878902948113,55.523503944277778,0.279022514820099,0.741949594020843
1350,MX20115,1350,153.000000000000000,0.002656250042500,0.599708378314972,27.839113235473633,27.239404857158661,4.050889268809675,5.617774941992220,619.786058127880210,1.377696990966797,11.808081054687507
1351,MX20121,1351,370.000000000000000,0.006423611213889,0.146235719323158,0.744783163070679,0.598547443747520,0.221904755967695,0.070598417490306,82.104759708046984,0.201923340559006,0.268903821706772
1352,MX13053,1352,1798.000000000000000,0.031215278277222,0.179955035448074,6.703594207763672,6.523639172315598,0.316288174068901,0.352696563563750,568.686136975883869,0.239084057509899,0.406223431229591
1353,MX20122,1353,456.000000000000000,0.007916666793333,0.122763834893703,2.579373598098755,2.456609763205051,0.206843550447701,0.196245240051532,94.320659004151807,0.172108873724937,0.220662705600262
1354,MX20116,1354,282.000000000000000,0.004895833411667,0.150837704539299,1.432704329490662,1.281866624951363,0.248844907216146,0.144850394143037,70.174263834953294,0.210931323468685,0.311623382568359
1355,MX20117,1355,761.000000000000000,0.013211805766944,0.148729294538498,4.643188953399658,4.494459658861160,0.234686599239100,0.279140201579964,178.596502020955143,0.192487090826035,0.271934002637863
1356,MX20118,1356,115.000000000000000,0.001996527809722,0.217514693737030,6.377597808837891,6.160083115100861,0.905043407626774,1.167615786714580,104.079991877079053,0.476299017667770,2.351249742507935
1357,MX20119,1357,415.000000000000000,0.007204861226389,0.152566567063332,0.805449068546295,0.652882501482964,0.203274198109845,0.064790340568705,84.358792215585694,0.189850956201553,0.225195708870888
1358,MX20120,1358,43.000000000000000,0.000746527789722,0.201357007026672,2.409805536270142,2.208448529243469,0.611842193575792,0.556536800719661,26.309214323759072,0.401926666498184,1.435473346710206
1359,MX10025,1359,11999.000000000000000,0.208315975555278,0.142096340656281,6.028505802154541,5.886409461498260,0.205707667535649,0.115724546257991,2468.286302760247509,0.196400016546249,0.219370624423027
1360,MX20123,1360,530.000000000000000,0.009201389036111,0.148697957396507,1.821420431137085,1.672722473740578,0.251122203525507,0.167367911349580,133.094767868518773,0.209089651703835,0.307551109790802
1361,MX18012,1361,5414.000000000000000,0.093993057059444,0.136431276798248,23.044588088989258,22.908156812191010,0.361242144570542,0.843089081354085,1955.764970704914276,0.234623663127422,0.450394478440284
1362,MX20124,1362,1021.000000000000000,0.017725694728056,0.236780270934105,17.257873535156250,17.021093264222145,0.677571708115727,1.130515777711627,691.800713986157348,0.409898370504379,1.015229225158691
1363,MX05031,1363,34007.000000000000000,0.590399315001945,0.146447584033012,44.685920715332031,44.539473131299019,0.244185855594357,0.826500221683369,8304.028391197296514,0.199627950787544,0.225362640619278
1364,MX28034,1364,14947.000000000000000,0.259496531929722,0.145888611674309,5.922677993774414,5.776789382100105,0.206587158883743,0.088239025553498,3087.858263835312755,0.202067986130714,0.223463273048401
1365,MX20125,1365,11235.000000000000000,0.195052086454167,0.106735959649086,2.299790859222412,2.193054899573326,0.177786438490052,0.064198205353848,1997.430636435738052,0.168403625488281,0.197372090816498
1366,MX24027,1366,3215.000000000000000,0.055815973115278,0.145440384745598,7.343924999237061,7.198484614491463,0.270293766881221,0.393679133835593,868.994460523127032,0.211315065622330,0.305046701431274
1367,MX20126,1367,668.000000000000000,0.011597222407778,0.147708296775818,2.183573007583618,2.035864710807800,0.242417933742800,0.171549096049116,161.935179740190591,0.206473708152771,0.286475369334221
1368,MX20127,1368,159.000000000000000,0.002760416710833,0.194434195756912,1.178968667984009,0.984534472227097,0.377871314965704,0.167329202606058,60.081539079546914,0.327184379100800,0.591209304332733
1369,MX14071,1369,2617.000000000000000,0.045434028504722,0.178734913468361,6.025872707366943,5.847137793898582,0.347980376021252,0.443517128771167,910.664644047617685,0.252719759941101,0.411643594503403
1370,MX07078,1370,1920.000000000000000,0.033333333866667,0.184280529618263,77.025413513183594,76.841132983565331,3.450253142175886,7.689977939291362,6624.486032977700233,0.813027411699295,8.477260017395029
1371,MX20128,1371,82.000000000000000,0.001423611133889,0.187540203332901,2.170770168304443,1.983229964971542,0.390052154660225,0.392737561727077,31.984276682138439,0.233103111386299,0.756192857027054
1372,MX20129,1372,259.000000000000000,0.004496527849722,0.155851379036903,3.735510826110840,3.579659447073936,0.321472796981859,0.416008818795971,83.261454418301540,0.215233653783798,0.354858291149140
1373,MX29049,1373,50.000000000000000,0.000868055569444,1.454821586608887,18.093809127807617,16.638987541198730,4.799583742618560,4.390440770417840,239.979187130927983,2.497121691703796,10.472716045379642
1374,MX14072,1374,1759.000000000000000,0.030538194933056,0.212677836418152,12.018094062805176,11.805416226387024,0.494398128908421,0.800208436466659,869.646308749913260,0.356821119785309,0.646555614471436
1375,MX11029,1375,5085.000000000000000,0.088281251412500,0.177362725138664,23.957605361938477,23.780242636799812,0.475715536620531,0.860561657780422,2419.013503715399111,0.298268765211105,0.755427491664887
1376,MX21121,1376,655.000000000000000,0.011371527959722,0.254310101270676,2.670762777328491,2.416452676057816,0.404055000215996,0.226613165358596,264.656025141477585,0.350211173295975,0.506623160839081
1377,MX10026,1377,28067.000000000000000,0.487274313351945,0.134741485118866,26.406286239624023,26.271544754505157,0.200795801670006,0.349739259229545,5635.735765472055391,0.182290539145470,0.201852539181709
1378,MX20130,1378,1098.000000000000000,0.019062500305000,0.148998230695724,3.615568161010742,3.466569930315018,0.275202912507487,0.300448174032203,302.172797933220750,0.209645628929138,0.339015182852745
1379,MX20131,1379,1520.000000000000000,0.026388889311111,0.156738877296448,7.358291149139404,7.201552271842957,0.317273980565369,0.516370199612120,482.256450459360849,0.207145974040031,0.360079157352448
1380,MX20132,1380,46.000000000000000,0.000798611123889,0.433618456125259,4.569557666778564,4.135939210653305,1.175661237991375,0.968434648544206,54.080416947603233,0.837283492088318,2.020578980445862
1381,MX20133,1381,539.000000000000000,0.009357639038611,0.160125374794006,3.392980337142944,3.232854962348938,0.269754985019095,0.254755696035869,145.397936925292072,0.217753499746323,0.338385623693466
1382,MX11030,1382,15094.000000000000000,0.262048615303889,0.195945650339127,52.310272216796875,52.114326566457748,0.558711900740437,1.547037045144436,8433.197429776149875,0.308367982506752,0.769314026832581
1383,MX31065,1383,1831.000000000000000,0.031788194953056,0.149308726191521,5.904767513275146,5.755458787083626,0.198861462245672,0.183861440942326,364.115337371826058,0.189057484269142,0.204837769269943
1384,MX26053,1384,813.000000000000000,0.014114583559167,0.178467556834221,3.076000928878784,2.897533372044563,0.250056075782207,0.212071082496209,203.295589610934087,0.218856498599052,0.240765875577927
1385,MX15074,1385,1826.000000000000000,0.031701389396111,0.378136605024338,28.922468185424805,28.544331580400467,1.812277181908442,2.028396300321811,3309.218134164814728,1.272862672805786,3.315259814262390
1386,MX20134,1386,657.000000000000000,0.011406250182500,0.161076739430428,7.263640403747559,7.102563664317131,0.596282184192035,0.661094554012857,391.757395014167003,0.437535643577576,1.009042406082153
1387,MX13046,1387,1624.000000000000000,0.028194444895556,0.215770512819290,6.731287479400635,6.515516966581345,0.487047992802679,0.521071029479176,790.965940311550867,0.353241652250290,0.733535724878311
1388,MX20135,1388,486.000000000000000,0.008437500135000,0.206979557871819,2.695927381515503,2.488947823643684,0.453526064784194,0.332622527451622,220.413667485118197,0.313959181308746,0.855979830026627
1389,MX21122,1389,194.000000000000000,0.003368055609444,0.387643277645111,11.939811706542969,11.552168428897858,1.951559137745001,2.221194336125846,378.602472722530194,0.836975216865540,4.669178152084351
1390,MX21123,1390,229.000000000000000,0.003975694508056,0.266129046678543,1.616939425468445,1.350810378789902,0.431171076787091,0.211872459821798,98.738176584243760,0.350874572992325,0.667411136627198
1391,MX20136,1391,2192.000000000000000,0.038055556164444,0.123953975737095,3.048492193222046,2.924538217484951,0.239739832308578,0.177005750822013,525.509712420404071,0.203821495175362,0.317656546831131
1392,MX07079,1392,1750.000000000000000,0.030381944930556,0.173510164022446,14.648199081420898,14.474688917398453,0.724801824195044,1.161712109868547,1268.403192341326758,0.373030692338943,1.304805910587311
1393,MX28035,1393,30342.000000000000000,0.526770841761667,0.149213925004005,34.800399780273438,34.651185855269432,0.333605072413614,1.036098439549772,10122.245107173876022,0.224166430532932,0.312794926762581
1394,MX20137,1394,1369.000000000000000,0.023767361491389,0.129509896039963,0.928806185722351,0.799296289682388,0.182111377205354,0.051125453548955,249.310475394129980,0.174374401569366,0.198909243941307
1395,MX20138,1395,219.000000000000000,0.003802083394167,0.148530364036560,2.083060503005981,1.934530138969421,0.247109527933543,0.189142236618412,54.116986617445946,0.192508429288864,0.334159648418427
1396,MX20139,1396,303.000000000000000,0.005260416750833,0.152138769626617,0.508155405521393,0.356016635894775,0.206346421106027,0.050451451668800,62.522965595126145,0.191034853458405,0.258498144149780
1397,MX20140,1397,113.000000000000000,0.001961805586944,0.185895591974258,1.468274831771851,1.282379239797592,0.395823623886151,0.273366492631210,44.728069499135010,0.275459825992584,0.824504435062408
1398,MX08057,1398,6965.000000000000000,0.120920140823611,0.166733041405678,9.966050148010254,9.799317106604576,0.232138730997417,0.231547600897271,1616.846261397007538,0.215606778860092,0.238551676273346
1399,MX08058,1399,4627.000000000000000,0.080329862396389,0.168878927826881,5.911851406097412,5.742972478270531,0.262462486384340,0.249944574244705,1214.413924500339590,0.222636431455612,0.282145047187805
1400,MX01011,1400,709.000000000000000,0.012309027974722,0.421636551618576,51.415485382080078,50.993848830461502,5.843334952471785,9.110454840218136,4142.924481302495224,1.819597482681274,17.084014892578143
1401,MX20141,1401,2136.000000000000000,0.037083333926667,0.121763020753860,7.493513584136963,7.371750563383102,0.233879391857412,0.408423332436944,499.566381007432824,0.175247810781002,0.249140277504921
1402,MX08059,1402,2506.000000000000000,0.043506945140556,0.165630713105202,28.552339553833008,28.386708840727806,0.394484029712671,1.416575083141700,988.576978459952898,0.215378023684025,0.369075968861580
1403,MX11031,1403,2126.000000000000000,0.036909722812778,0.336007773876190,59.630828857421875,59.294821083545685,2.863385010331952,6.552111173136137,6087.556531965729846,0.915064126253128,5.049291133880615
1404,MX20142,1404,71.000000000000000,0.001232638908611,0.220524147152901,1.156248211860657,0.935724064707756,0.406561496811853,0.203418595200324,28.865866273641590,0.327054262161255,0.750443994998932
1405,MX20143,1405,1029.000000000000000,0.017864583619167,0.144205331802368,6.798544406890869,6.654339075088501,0.331067997162150,0.521884254510788,340.668969079852161,0.210914403200150,0.472794705629349
1406,MX20144,1406,234.000000000000000,0.004062500065000,0.189590424299240,1.350442767143250,1.160852342844009,0.286964476044871,0.151343943035984,67.149687394499736,0.241859450936317,0.375819611549378
1407,MX20145,1407,56.000000000000000,0.000972222237778,0.882426261901855,8.525776863098145,7.643350601196289,3.148311081741536,1.786557672842863,176.305420577526036,2.828726053237915,5.653752565383911
1408,MX20146,1408,197.000000000000000,0.003420138943611,0.178993538022041,1.208770275115967,1.029776737093925,0.292190615825242,0.148784950990907,57.561551317572615,0.240276783704758,0.441563057899475
1409,MX20147,1409,113.000000000000000,0.001961805586944,0.170026659965515,2.017997264862061,1.847970604896545,0.313713427270408,0.264553005858989,35.449617281556137,0.232430294156075,0.405937749147415
1410,MX20148,1410,241.000000000000000,0.004184027844722,0.141502186655998,0.897929131984711,0.756426945328712,0.199889053323952,0.086267121590808,48.173261851072319,0.175918549299240,0.245672762393951
1411,MX20149,1411,524.000000000000000,0.009097222367778,0.162196144461632,6.355964660644531,6.193768516182899,0.298632034875509,0.421262336742201,156.483186274766922,0.217527136206627,0.355948972702026
1412,MX20150,1412,951.000000000000000,0.016510416930833,0.132608279585838,9.640434265136719,9.507825985550880,0.337673330673660,0.771798444406654,321.127337470650559,0.186290502548218,0.331300288438797
1413,MX20151,1413,422.000000000000000,0.007326389006111,0.143813073635101,1.137093544006348,0.993280470371246,0.195994208174012,0.083857084124133,82.709555849432903,0.182021498680115,0.208404627442360
1414,MX29050,1414,198.000000000000000,0.003437500055000,0.407791614532471,14.246362686157227,13.838571071624756,1.688178102626945,2.626478548950656,334.259264320135060,0.546585559844971,5.806498908996585
1415,MX20152,1415,488.000000000000000,0.008472222357778,0.151352837681770,1.994760632514954,1.843407794833183,0.248470807264818,0.175526740870342,121.253753945231367,0.205330148339272,0.314012736082077
1416,MX14113,1416,3711.000000000000000,0.064427084364167,0.170107945799828,12.519561767578125,12.349453821778297,0.371746112228372,0.570088888839995,1379.549822479487602,0.255431413650513,0.475251227617264
1417,MX21124,1417,538.000000000000000,0.009340277927222,0.180741667747498,16.173603057861328,15.992861390113831,1.109774688971974,2.200519062242734,597.058782666922070,0.394561901688576,2.285032725334168
1418,MX20153,1418,865.000000000000000,0.015017361351389,0.150835573673248,2.636644124984741,2.485808551311493,0.224328064126087,0.178410859486848,194.043775469065054,0.191534250974655,0.253543293476105
1419,MX21125,1419,57.000000000000000,0.000989583349167,1.969508171081543,17.193073272705078,15.223565101623535,7.882059195585416,4.172145162952006,449.277374148368722,7.650963306427002,13.650323486328123
1420,MX25016,1420,25906.000000000000000,0.449756951640556,0.138748109340668,22.115001678466797,21.976253569126129,0.237365535247659,0.424717649586524,6149.191556125858369,0.194839328527451,0.248115874826908
1421,MX14125,1421,1134.000000000000000,0.019687500315000,0.207101359963417,25.127113342285156,24.920011982321739,1.037029177121280,1.973719945151996,1175.991086855531876,0.528926044702530,1.819769167900085
1422,MX26072,1422,6176.000000000000000,0.107222223937778,0.171425282955170,15.730072975158691,15.558647692203522,0.323945309679685,0.606613405405688,2000.686232581733520,0.243266493082047,0.350111201405525
1423,MX20154,1423,295.000000000000000,0.005121527859722,0.152804672718048,1.333763718605042,1.180959045886993,0.277453954543098,0.142172524596452,81.848916590213818,0.236754789948463,0.422749072313309
1424,MX20155,1424,193.000000000000000,0.003350694498056,0.157177418470383,6.151404857635498,5.994227439165115,0.324609366954917,0.547893362870698,62.649607822299025,0.201051041483879,0.411960858106613
1425,MX20156,1425,462.000000000000000,0.008020833461667,0.141057044267654,2.514472246170044,2.373415201902390,0.266011390302862,0.226629568076425,122.897262319922362,0.209553465247154,0.362508177757263
1426,MX20157,1426,20.000000000000000,0.000347222227778,14.737022399902344,22.113414764404297,7.376392364501953,18.223770618438717,2.056600454514662,364.475412368774357,18.340241432189941,21.632084274291994
1427,MX20158,1427,314.000000000000000,0.005451388976111,0.156703203916550,2.016346693038940,1.859643489122391,0.252501624072813,0.199406047347984,79.285509958863287,0.201234422624111,0.314983069896698
1428,MX26054,1428,2853.000000000000000,0.049531250792500,0.176028311252594,3.918376207351685,3.742347896099091,0.222313046888891,0.124370279701529,634.259122774005505,0.214318215847015,0.230660116672516
1429,MX20159,1429,2842.000000000000000,0.049340278567222,0.122759133577347,1.033061265945435,0.910302132368088,0.179806265982627,0.053413884797747,511.009407922626110,0.170336686074734,0.198954395949841
1430,MX20160,1430,289.000000000000000,0.005017361191389,0.209980413317680,3.419602394104004,3.209621980786324,0.439245735536810,0.448900769502127,126.942017570137949,0.263053208589554,0.815003705024719
1431,MX20161,1431,1076.000000000000000,0.018680555854444,0.138438284397125,0.903096139431000,0.764657855033875,0.207123972877140,0.067366530605094,222.865394815802432,0.190271317958832,0.248117603361607
1432,MX20162,1432,350.000000000000000,0.006076388986111,0.178492292761803,3.645391464233398,3.466899171471596,0.331275287951742,0.361300892229749,115.946350783109679,0.250110447406769,0.382326143980026
1433,MX20163,1433,85.000000000000000,0.001475694468056,0.232876688241959,2.320155382156372,2.087278693914413,0.547065882472431,0.338883423267727,46.500600010156639,0.440833270549774,0.781355571746826
1434,MX21126,1434,204.000000000000000,0.003541666723333,0.820508182048798,11.296781539916992,10.476273357868195,2.147877730867443,1.568930518908518,438.167057096958331,1.694004774093628,3.975859165191652
1435,MX20550,1435,180.000000000000000,0.003125000050000,0.373168498277664,6.370610713958740,5.997442215681076,1.116054786245028,1.032698329341158,200.889861524105044,0.707352668046951,2.318909239768980
1436,MX21127,1436,707.000000000000000,0.012274305751944,0.184062063694000,8.355263710021973,8.171201646327972,0.499307511993479,0.680685179720728,353.010410979389746,0.309113234281540,0.821076059341431
1437,MX29051,1437,39.000000000000000,0.000677083344167,1.751905560493469,16.822921752929688,15.071016192436218,4.951709035115366,3.854302528188628,193.116652369499263,3.209347963333130,10.016077995300300
1438,MX22015,1438,1378.000000000000000,0.023923611493889,0.160732328891754,11.456698417663574,11.295966088771820,0.380340823695518,0.641525399061717,524.109655052423932,0.242535427212715,0.576466023921966
1439,MX20164,1439,274.000000000000000,0.004756944520556,0.139323383569717,2.867872476577759,2.728549093008041,0.338032917058381,0.379692056186157,92.621019273996367,0.203123033046722,0.590314108133316
1440,MX20165,1440,106.000000000000000,0.001840277807222,0.184112429618835,2.855687856674194,2.671575427055359,0.425194427511602,0.465232000256865,45.070609316229827,0.245948620140553,0.849592745304108
1441,MX21128,1441,872.000000000000000,0.015138889131111,0.313042104244232,60.191684722900391,59.878642618656158,2.428505765359613,5.967765641045452,2117.657027393582666,0.618594646453857,5.601073169708238
1442,MX20166,1442,953.000000000000000,0.016545139153611,0.163047149777412,3.706893444061279,3.543846294283867,0.378713274833914,0.336323928664021,360.913750916720119,0.283289074897766,0.580438756942749
1443,MX01008,1443,4357.000000000000000,0.075642362321389,0.169957622885704,31.056167602539062,30.886209979653358,0.375886633229523,1.113669171592994,1637.738060981033641,0.246641114354134,0.384175074100494
1444,MX20167,1444,141.000000000000000,0.002447916705833,0.155131846666336,0.936745166778564,0.781613320112228,0.403300521221567,0.171751003624119,56.865373492240892,0.365035355091095,0.628635168075562
1445,MX20072,1445,532.000000000000000,0.009236111258889,0.182731822133064,16.708414077758789,16.525682255625725,0.716639621141262,1.366995983450260,381.252278447151525,0.345219239592552,1.272104597091675
1446,MX15124,1446,2429.000000000000000,0.042170139563611,0.186152830719948,9.225052833557129,9.038900002837181,1.079299962437168,0.854726522936962,2621.619608759880066,0.895159065723419,2.132731723785401
1447,MX20168,1447,321.000000000000000,0.005572916755833,0.157852977514267,1.587449073791504,1.429596096277237,0.232657154726091,0.145949943421781,74.682946667075171,0.202941730618477,0.251344472169876
1448,MX20169,1448,263.000000000000000,0.004565972295278,0.200008273124695,1.636250138282776,1.436241865158081,0.350659899215281,0.194342634030790,92.223553493618965,0.277677237987518,0.597985148429871
1449,MX11032,1449,2737.000000000000000,0.047517361871389,0.278845787048340,66.197166442871094,65.918320655822754,2.496169998887947,5.198451490866587,6832.017286956311182,1.046425223350525,4.620812511444092
1450,MX20170,1450,380.000000000000000,0.006597222327778,0.151415929198265,2.741542816162109,2.590126886963844,0.286580198336589,0.255176544560306,108.900475367903653,0.220631569623947,0.390819111466408
1451,MX21129,1451,1646.000000000000000,0.028576389346111,0.138090386986732,9.030112266540527,8.892021879553795,0.384811753418436,0.565939145881594,633.400146126745540,0.230355426669121,0.593297064304352
1452,MX29052,1452,176.000000000000000,0.003055555604444,0.481673747301102,11.652702331542969,11.171028584241867,1.895362173122438,2.194164579795484,333.583742469549179,1.027359008789062,5.168400526046753
1453,MX20171,1453,1270.000000000000000,0.022048611463889,0.156427919864655,1.648616194725037,1.492188274860382,0.272641109997832,0.124278694832481,346.254209697246779,0.239563614130020,0.373920258879662
1454,MX20172,1454,174.000000000000000,0.003020833381667,0.163065463304520,0.908602297306061,0.745536834001541,0.246915038032778,0.113213856434612,42.963216617703445,0.206404127180576,0.338232210278511
1455,MX21130,1455,477.000000000000000,0.008281250132500,0.264906406402588,7.347361087799072,7.082454681396484,0.515374647871253,0.722113921519048,245.833707034587832,0.324469119310379,0.620766830444336
1456,MX20173,1456,659.000000000000000,0.011440972405278,0.138042390346527,1.899293541908264,1.761251151561737,0.205612862711611,0.144918698404947,135.498876526951705,0.178107962012291,0.226638427376747
1457,MX21131,1457,120.000000000000000,0.002083333366667,0.288564711809158,5.819200038909912,5.530635327100754,0.664289846767982,0.855733970122499,79.714781612157807,0.368133485317230,1.275939130783082
1458,MX20175,1458,2068.000000000000000,0.035902778352222,0.124376371502876,1.633563399314880,1.509187027812004,0.173991370297666,0.059042673321848,359.814153775573175,0.167451404035091,0.186542384326458
1459,MX20176,1459,1404.000000000000000,0.024375000390000,0.124673001468182,6.446978569030762,6.322305567562580,0.244995710946768,0.310844403450369,343.973978169262296,0.189177654683590,0.287012672424316
1460,MX20177,1460,2437.000000000000000,0.042309028454722,0.127068877220154,7.370500087738037,7.243431210517883,0.235917477136662,0.342630720551132,574.930891782044341,0.176158368587494,0.270430094003677
1461,MX20178,1461,257.000000000000000,0.004461805626944,0.226560190320015,11.112906455993652,10.886346265673637,0.948437859981904,1.503428126513736,243.748530015349417,0.362293213605881,2.292515802383423
1462,MX20179,1462,559.000000000000000,0.009704861266389,0.140667080879211,2.735113382339478,2.594446301460266,0.249459254560402,0.284868932557742,139.447723299264908,0.181152805685997,0.278604125976562
1463,MX20180,1463,346.000000000000000,0.006006944540556,0.198186472058296,3.780817508697510,3.582631036639214,0.355545666176460,0.409457987126054,123.018800497055082,0.254597425460815,0.413240864872932
1464,MX20181,1464,450.000000000000000,0.007812500125000,0.138239204883575,1.256201982498169,1.117962777614594,0.211948802802298,0.098946657513532,95.376961261034026,0.190222196280956,0.242675735056400
1465,MX20183,1465,433.000000000000000,0.007517361231389,0.149568796157837,1.759866952896118,1.610298156738281,0.265470446257338,0.180710269560060,114.948703229427352,0.209614247083664,0.365173763036728
1466,MX20182,1466,248.000000000000000,0.004305555624444,0.150213167071342,0.973621666431427,0.823408499360085,0.236694492760205,0.110176304590950,58.700234204530730,0.205231666564941,0.306990325450897
1467,MX20184,1467,4257.000000000000000,0.073906251182500,0.181710958480835,24.392835617065430,24.211124658584595,0.979256820739613,2.026094444743938,4168.696285888533566,0.426917821168900,1.628169345855713
1468,MX20559,1468,3359.000000000000000,0.058315973155278,0.135674044489861,6.285161495208740,6.149487450718880,0.285678102372834,0.293870207013952,959.592745870349518,0.222141906619072,0.386395359039307
1469,MX20185,1469,989.000000000000000,0.017170139163611,0.176001802086830,4.973481178283691,4.797479376196861,0.362296579204146,0.412922389027471,358.311316832900332,0.251838415861130,0.523421895503998
1470,MX07112,1470,847.000000000000000,0.014704861346389,0.235513389110565,11.394665718078613,11.159152328968048,0.778099816727948,0.880092962849396,659.050544768572308,0.544427394866943,1.320760226249695
1471,MX20191,1471,97.000000000000000,0.001684027804722,0.179501637816429,1.101605296134949,0.922103658318520,0.259480088488343,0.137767959633399,25.169568583369252,0.215628847479820,0.307795816659927
1472,MX20192,1472,25.000000000000000,0.000434027784722,0.586230814456940,3.589903593063354,3.003672778606415,1.362633059024811,0.838667504974478,34.065826475620263,0.968588292598724,2.522656726837158
1473,MX20186,1473,440.000000000000000,0.007638889011111,0.156908512115479,1.858317971229553,1.701409459114075,0.238197710094127,0.165390400242131,104.806992441415773,0.196342952549458,0.289972618222237
1474,MX20187,1474,325.000000000000000,0.005642361201389,0.158022448420525,1.490591287612915,1.332568839192390,0.270013153002812,0.172815939165932,87.754274725914001,0.214469447731972,0.397709077596664
1475,MX20188,1475,605.000000000000000,0.010503472390278,0.163240626454353,5.592031955718994,5.428791329264641,0.341973175835019,0.430574244593185,206.893771380186223,0.252173244953156,0.460188788175583
1476,MX20189,1476,490.000000000000000,0.008506944580556,0.142249032855034,0.639395117759705,0.497146084904671,0.202038637533480,0.055032935150618,98.998932391405077,0.189129069447517,0.238818134367466
1477,MX20190,1477,6767.000000000000000,0.117482640768611,0.155918866395950,5.236279487609863,5.080360621213913,0.293460129698412,0.239726160662265,1985.844697669154812,0.239464312791824,0.381133079528809
1478,MX10027,1478,12389.000000000000000,0.215086808996944,0.148972526192665,9.260315895080566,9.111343368887901,0.213074926438185,0.200636337774442,2639.785263642676910,0.196707040071487,0.221497148275375
1479,MX20206,1479,586.000000000000000,0.010173611273889,0.157217472791672,2.617815732955933,2.460598260164261,0.251959222499218,0.221327781390225,147.648104384541512,0.205495446920395,0.291460052132607
1480,MX14073,1480,4259.000000000000000,0.073940973405278,0.230196639895439,53.854549407958984,53.624352768063545,1.095069957635973,3.375253599182271,4663.902949571609497,0.453745514154434,1.312795686721802
1481,MX05032,1481,4244.000000000000000,0.073680556734444,0.152268305420876,42.187038421630859,42.034770116209984,0.792508273379320,3.370619099152771,3363.405112221834770,0.236148796975613,0.578395122289658
1482,MX20193,1482,647.000000000000000,0.011232639068611,0.148666411638260,3.479334115982056,3.330667704343796,0.271405921031187,0.353195519836619,175.599630907178010,0.192907020449638,0.296374207735062
1483,MX10028,1483,7191.000000000000000,0.124843751997500,0.157111838459969,15.748894691467285,15.591782853007317,0.301169252146138,0.528189424943566,2165.708092182876499,0.214861646294594,0.307498425245285
1484,MX20194,1484,345.000000000000000,0.005989583429167,0.148732021450996,3.185365200042725,3.036633178591728,0.257333423046098,0.272954487475135,88.780030950903821,0.198832526803017,0.308344286680222
1485,MX22016,1485,3837.000000000000000,0.066614584399167,0.302976518869400,71.797348022460938,71.494371503591537,4.097277169197158,7.995699862968837,15721.252498209494661,1.216211795806885,10.302104187011720
1486,MX20195,1486,170.000000000000000,0.002951388936111,0.150457367300987,1.600954890251160,1.450497522950172,0.309219076265307,0.274690263959975,52.567242965102160,0.197416543960571,0.636346119642258
1487,MX30142,1487,6196.000000000000000,0.107569446165556,0.194371148943901,266.954620361328125,266.760249212384224,0.588372126993649,4.840488256767171,3645.553698852648722,0.291255414485931,0.599214017391205
1488,MX20196,1488,86.000000000000000,0.001493055579444,0.170402884483337,1.697351455688477,1.526948571205139,0.310326006869937,0.269452348629312,26.688036590814583,0.206679537892342,0.496429473161697
1489,MX20197,1489,155.000000000000000,0.002690972265278,0.377751529216766,5.806238174438477,5.428486645221710,0.891076590937953,1.007824440173772,138.116871595382719,0.514601469039917,1.701223850250243
1490,MX20198,1490,3891.000000000000000,0.067552084414167,0.158215418457985,5.731564044952393,5.573348626494408,0.312069310052969,0.268077487307870,1214.261685416102864,0.239216133952141,0.435825884342194
1491,MX29053,1491,21.000000000000000,0.000364583339167,2.266381025314331,19.962430953979492,17.696049928665161,10.949020431155249,5.387044007786234,229.929429054260225,11.506755828857422,17.286470413208008
1492,MX20199,1492,253.000000000000000,0.004392361181389,0.159717634320259,10.434705734252930,10.274988099932671,0.323717865489217,0.682790479327760,81.900619968771977,0.204950287938118,0.418396818637848
1493,MX20200,1493,1545.000000000000000,0.026822917095833,0.127338111400604,3.454077243804932,3.326739132404327,0.200097059808117,0.161249713085969,309.149957403541009,0.177872970700264,0.222615191340446
1494,MX20201,1494,277.000000000000000,0.004809027854722,0.149316176772118,1.902334094047546,1.753017917275429,0.238306007230325,0.170982619566543,66.010764002799931,0.192133799195290,0.303033041954041
1495,MX20202,1495,1013.000000000000000,0.017586805836944,0.137850433588028,2.152046918869019,2.014196485280991,0.222910482153252,0.144788486686787,225.808318421244678,0.191964566707611,0.265009731054306
1496,MX20203,1496,520.000000000000000,0.009027777922222,0.148931860923767,1.139667749404907,0.990735888481140,0.222611584371099,0.083822713771465,115.758023872971549,0.203010238707066,0.271788749098778
1497,MX20204,1497,516.000000000000000,0.008958333476667,0.136504054069519,1.426097393035889,1.289593338966370,0.204974880456462,0.106833334477424,105.767038315534634,0.178863160312176,0.249142810702324
1498,MX20205,1498,3413.000000000000000,0.059253473170278,0.142852514982224,1.937779545783997,1.794927030801773,0.248392628677737,0.130783994878630,847.764041677115415,0.217376053333282,0.320649689435959
1499,MX20207,1499,7970.000000000000000,0.138368057769444,0.154807463288307,4.011818408966064,3.857010945677757,0.291226587982070,0.201754549162940,2321.075906217097327,0.236504822969437,0.403058233857155
1500,MX20208,1500,1758.000000000000000,0.030520833821667,0.139751344919205,3.281223773956299,3.141472429037094,0.258714512032927,0.209496491798707,454.820112153886441,0.206550270318985,0.355468243360519
1501,MX20209,1501,370.000000000000000,0.006423611213889,0.090930849313736,1.534873008728027,1.443942159414291,0.199709672521095,0.151674885365714,73.892578832805114,0.174105532467365,0.208516466617584
1502,MX20210,1502,1041.000000000000000,0.018072916955833,0.146265640854836,1.261502027511597,1.115236386656761,0.226077120497064,0.102025576953998,235.346282437443904,0.189721703529358,0.334998518228531
1503,MX20211,1503,1003.000000000000000,0.017413194723056,0.114861316978931,1.019607305526733,0.904745988547802,0.175223982680295,0.054633730710338,175.749654628336117,0.165426596999168,0.193751114606857
1504,MX20212,1504,921.000000000000000,0.015989583589167,0.123602680861950,0.572135806083679,0.448533125221729,0.188630823341242,0.047542880024196,173.728988297283649,0.179609954357147,0.219563916325569
1505,MX20213,1505,994.000000000000000,0.017256944720556,0.133480519056320,1.684925794601440,1.551445275545120,0.202004597640373,0.126010359248655,200.792570054531240,0.178360857069492,0.217586886882782
1506,MX20214,1506,999.000000000000000,0.017343750277500,0.129424631595612,2.587448120117188,2.458023488521576,0.198704515223031,0.141810604435484,198.505810707807626,0.177298977971077,0.221249020099640
1507,MX20215,1507,72.000000000000000,0.001250000020000,0.245665535330772,2.938459634780884,2.692794099450111,0.628464620353447,0.577859633747252,45.249452665448189,0.395342662930489,1.202225649356843
1508,MX20216,1508,96.000000000000000,0.001666666693333,0.166583910584450,1.572675943374634,1.406092032790184,0.283454095944762,0.247906141866060,27.211593210697174,0.219657205045223,0.305862903594971
1509,MX20217,1509,1758.000000000000000,0.030520833821667,0.148368880152702,0.877159237861633,0.728790357708931,0.190806511641227,0.044802602304821,335.437847465276775,0.183711588382721,0.207898034155369
1510,MX20218,1510,346.000000000000000,0.006006944540556,0.155582323670387,0.831008672714233,0.675426349043846,0.205457571054125,0.063882436041291,71.088319584727230,0.194062478840351,0.222363106906414
1511,MX20219,1511,202.000000000000000,0.003506944500556,0.222420945763588,3.712065219879150,3.489644274115562,0.558228323807811,0.561737156801445,112.762121409177794,0.393655911087990,0.875941830873490
1512,MX20220,1512,1256.000000000000000,0.021805555904444,0.138374820351601,1.000925183296204,0.862550362944603,0.196131338466220,0.070946921454445,246.340961113571922,0.181293211877346,0.216515153646469
1513,MX20221,1513,431.000000000000000,0.007482639008611,0.152497082948685,1.411914706230164,1.259417623281479,0.241401497871029,0.125083073492869,104.044045582413659,0.209011778235435,0.314386457204819
1514,MX20222,1514,188.000000000000000,0.003263888941111,0.165399372577667,1.096455693244934,0.931056320667267,0.271390313242978,0.140999006290171,51.021378889679930,0.218447335064411,0.421149435639381
1515,MX20223,1515,141.000000000000000,0.002447916705833,0.164881274104118,0.606240153312683,0.441358879208565,0.227846363123427,0.072095426094097,32.126337200403228,0.208536833524704,0.259558320045471
1516,MX20224,1516,114.000000000000000,0.001979166698333,0.177184671163559,1.474801182746887,1.297616511583328,0.320774496778062,0.207987453262784,36.568292632699034,0.252597495913506,0.507076191902161
1517,MX14007,1517,966.000000000000000,0.016770833601667,0.192941606044769,9.567490577697754,9.374548971652985,0.522264931250680,0.844260551273242,504.507923588157269,0.307412996888161,0.772213190793991
1518,MX14074,1518,1305.000000000000000,0.022656250362500,0.195005238056183,24.394252777099609,24.199247539043427,0.691528427212630,1.932907606970305,902.444597512482233,0.308318823575974,0.671803891658783
1519,MX20225,1519,283.000000000000000,0.004913194523056,0.212345689535141,2.955488920211792,2.743143230676651,0.414457991613937,0.378439359304553,117.291611626744299,0.286211758852005,0.640564584732056
1520,MX20226,1520,653.000000000000000,0.011336805736944,0.150090634822845,2.972590446472168,2.822499811649323,0.288663083684572,0.248155510865681,188.496993646025544,0.225731804966927,0.371538388729095
1521,MX29054,1521,22.000000000000000,0.000381944450556,1.736076116561890,18.095199584960938,16.359123468399048,5.280052390965548,4.939615867837279,116.161152601242065,2.646741867065430,14.299899959564216
1522,MX20227,1522,134.000000000000000,0.002326388926111,0.587449133396149,23.114727020263672,22.527277886867523,3.801650842623925,4.129574724470923,509.421212911606005,2.125276923179626,9.099682331085207
1523,MX20228,1523,45.000000000000000,0.000781250012500,0.207257449626923,1.968969821929932,1.761712372303009,0.473257701264487,0.413622977608538,21.296596556901932,0.294835388660431,1.074881482124329
1524,MX20229,1524,671.000000000000000,0.011649305741944,0.151519343256950,1.432956218719482,1.281436875462532,0.243680557177781,0.115811629053745,163.509653866291217,0.204182207584381,0.343466401100159
1525,MX20230,1525,254.000000000000000,0.004409722292778,0.145184859633446,1.259323120117188,1.114138260483742,0.231817776293267,0.150672448184993,58.881715178489713,0.195213496685028,0.247738453745842
1526,MX07110,1526,464.000000000000000,0.008055555684444,0.237064689397812,15.719949722290039,15.482885032892227,0.621976851871044,1.327595740260373,288.597259268164464,0.356130301952362,0.962712949514389
1527,MX16077,1527,2305.000000000000000,0.040017361751389,0.139266058802605,8.151570320129395,8.012304261326790,0.326137292507931,0.411602329389332,751.746459230780488,0.239228487014771,0.445172345638275
1528,MX20231,1528,495.000000000000000,0.008593750137500,0.148622691631317,1.732035636901855,1.583412945270538,0.281835157732771,0.175775418316730,139.508403077721709,0.228098511695862,0.455500233173371
1529,MX20232,1529,2245.000000000000000,0.038975695068056,0.163309961557388,3.391223669052124,3.227913707494736,0.302366619286664,0.200858101754726,678.813060298561709,0.253591239452362,0.415388524532318
1530,MX20233,1530,252.000000000000000,0.004375000070000,0.189457505941391,4.911392688751221,4.721935182809830,0.427420494220560,0.557388261457572,107.709964543581023,0.275408431887627,0.620932018756866
1531,MX29055,1531,145.000000000000000,0.002517361151389,0.333918511867523,10.605607986450195,10.271689474582672,1.315368107269550,1.778624787697674,190.728375554084721,0.664534568786621,3.028000688552855
1532,MX20234,1532,322.000000000000000,0.005590277867222,0.215755373239517,1.980221509933472,1.764466136693954,0.515588334165745,0.284510266965603,166.019443601369773,0.423597306013107,0.844154405593872
1533,MX12052,1533,5354.000000000000000,0.092951390376111,0.158961057662964,14.311086654663086,14.152125597000122,0.403530273899619,0.589813175175766,2160.501086458559712,0.263991013169289,0.617979764938354
1534,MX20235,1534,1406.000000000000000,0.024409722612778,0.143556237220764,2.367004394531250,2.223448157310486,0.227413902570564,0.146200873155794,319.743947014212779,0.188596427440643,0.311171203851700
1535,MX11033,1535,10194.000000000000000,0.176979169498333,0.151562333106995,56.125232696533203,55.973670363426208,0.790631043061988,2.853821588132452,8059.692852973900699,0.290662959218025,1.139992594718935
1536,MX10029,1536,3126.000000000000000,0.054270834201667,0.150449976325035,10.397999763488770,10.247549787163734,0.234704692839089,0.363738416825917,733.686869814992292,0.202169738709927,0.233093224465847
1537,MX24028,1537,7491.000000000000000,0.130052085414167,0.195368632674217,87.922531127929688,87.727162495255470,5.561705068296851,12.344823456464015,41662.732666611707828,0.567618131637573,21.735517501831055
1538,MX26055,1538,48571.000000000000000,0.843246541269722,0.186064362525940,112.843605041503906,112.657540678977966,0.707722758826706,4.174257276204416,34374.802118971929303,0.258253693580627,0.438244163990021
1539,MX20236,1539,261.000000000000000,0.004531250072500,0.146331399679184,1.267387270927429,1.121055871248245,0.214213435848554,0.118683606885723,55.909706756472559,0.187758699059486,0.231938838958740
1540,MX12053,1540,5635.000000000000000,0.097829862676389,0.152168720960617,13.410746574401855,13.258577853441238,0.363120645432739,0.566731114188317,2046.184837013482138,0.255728870630264,0.497969651222229
1541,MX14075,1541,1521.000000000000000,0.026406250422500,0.155521735548973,15.836460113525391,15.680938377976418,0.302768226313716,0.828473960314204,460.510472223162651,0.199296459555626,0.258263796567917
1542,MX20237,1542,634.000000000000000,0.011006944620556,0.171751827001572,4.313392639160156,4.141640812158585,0.316898791078325,0.390214234200721,200.913833543658257,0.230990961194038,0.382825434207916
1543,MX24029,1543,2074.000000000000000,0.036006945020556,0.183718726038933,5.336971759796143,5.153253033757210,0.371706155285944,0.291528847026774,770.918566063046910,0.283175826072693,0.564663678407669
1544,MX14076,1544,3463.000000000000000,0.060121528739722,0.139594644308090,11.528511047363281,11.388916403055191,0.235606019332717,0.444568043274961,815.903644949198906,0.190517902374268,0.228857120871544
1545,MX15075,1545,349.000000000000000,0.006059027874722,0.946202576160431,48.139873504638672,47.193670928478241,5.357415923245656,6.739682391606869,1869.738157212733768,3.114709615707397,10.823124122619625
1546,MX20238,1546,40.000000000000000,0.000694444455556,0.263707667589188,1.347647190093994,1.083939522504807,0.546304797381163,0.293161701008106,21.852191895246513,0.423951312899590,0.929600322246552
1547,MX14077,1547,1708.000000000000000,0.029652778252222,0.179208293557167,28.951587677001953,28.772379383444786,0.722750472720600,1.622466829193767,1234.457807406784013,0.365814313292503,1.127811264991760
1548,MX20239,1548,208.000000000000000,0.003611111168889,0.175558507442474,1.127012968063354,0.951454460620880,0.288981205568864,0.138923105737575,60.108090758323669,0.246589787304401,0.417019352316856
1549,MX20240,1549,308.000000000000000,0.005347222307778,0.163921028375626,2.814010858535767,2.650089830160141,0.321529266751045,0.308813353249999,99.031014159321771,0.216030187904835,0.562786841392517
1550,MX20241,1550,52.000000000000000,0.000902777792222,0.197164326906204,2.828626155853271,2.631461828947067,0.593412554607942,0.572587526857751,30.857452839612964,0.340993583202362,1.304348337650299
1551,MX20242,1551,1187.000000000000000,0.020607639218611,0.152884334325790,5.512222766876221,5.359338432550430,0.308230962048786,0.338395717914861,365.870151951908952,0.223003521561623,0.450103837251664
1552,MX21132,1552,439.000000000000000,0.007621527899722,0.952688276767731,43.005840301513672,42.053152024745941,9.282497345315027,8.419375359548926,4075.016334593296961,6.389804363250732,19.871237182617186
1553,MX20243,1553,121.000000000000000,0.002100694478056,0.431191176176071,3.137665510177612,2.706474334001541,0.726242976986672,0.468040962843501,87.875400215387330,0.520351290702820,1.209473609924316
1554,MX21133,1554,38.000000000000000,0.000659722232778,0.351250737905502,7.086753845214844,6.735503107309341,0.980420634150505,1.327983678008905,37.255984097719200,0.493763998150826,1.819889044761661
1555,MX20244,1555,312.000000000000000,0.005416666753333,0.193983316421509,5.467874050140381,5.273890733718872,0.449196856564436,0.564681298710059,140.149419248104039,0.296526536345482,0.637907296419144
1556,MX20245,1556,212.000000000000000,0.003680555614444,0.178546801209450,2.513613224029541,2.335066422820091,0.379109831210577,0.377538087575636,80.371284216642323,0.238131128251553,0.616596567630768
1557,MX15076,1557,92.000000000000000,0.001597222247778,5.041339397430420,45.810581207275391,40.769241809844971,21.349728573923521,8.143365596807422,1964.175028800963901,21.216189384460449,30.388088798522958
1558,MX20246,1558,74.000000000000000,0.001284722242778,0.172687515616417,1.338411450386047,1.165723934769630,0.328366625751998,0.232248043983773,24.299130305647850,0.240017868578434,0.507424783706665
1559,MX20248,1559,406.000000000000000,0.007048611223889,0.281588703393936,10.890968322753906,10.609379619359970,1.684956189006421,1.865225316929349,684.092212736606825,0.967870712280273,4.213549375534058
1560,MX20250,1560,115.000000000000000,0.001996527809722,0.209382489323616,1.816172599792480,1.606790110468864,0.527513769916866,0.292593105344803,60.664083540439648,0.443251997232437,0.821657836437225
1561,MX20251,1561,312.000000000000000,0.005416666753333,0.166028112173080,1.711238741874695,1.545210629701614,0.248405548003622,0.160791978814195,77.502530977129936,0.212582714855671,0.281757193803787
1562,MX20252,1562,277.000000000000000,0.004809027854722,0.167269408702850,1.902851819992065,1.735582411289215,0.273238800923317,0.219564835760887,75.687147855758724,0.208601176738739,0.365527534484863
1563,MX20253,1563,786.000000000000000,0.013645833551667,0.149492859840393,1.163704037666321,1.014211177825928,0.206545097132524,0.074744962103221,162.344446346163636,0.191625647246838,0.236719638109207
1564,MX20254,1564,1038.000000000000000,0.018020833621667,0.136508524417877,2.522676229476929,2.386167705059052,0.211200320924523,0.164198849017582,219.225933119655053,0.178399160504341,0.244375535845757
1565,MX20255,1565,701.000000000000000,0.012170139083611,0.142160296440125,1.758653759956360,1.616493463516235,0.204317458643553,0.108902753837792,143.226538509130592,0.186600059270859,0.214534074068069
1566,MX20256,1566,117.000000000000000,0.002031250032500,0.176568046212196,0.835203230381012,0.658635184168816,0.280273441448171,0.138449758087304,32.791992649436004,0.227762937545776,0.458622306585312
1567,MX20249,1567,32.000000000000000,0.000555555564444,0.357255041599274,2.488055706024170,2.130800664424896,0.981458623893559,0.510915822214929,31.406675964593887,0.829304218292236,1.700706362724304
1568,MX20566,1568,975.000000000000000,0.016927083604167,0.131515607237816,1.681410193443298,1.549894586205482,0.194547019998232,0.106983095030715,189.683344498276654,0.177201300859451,0.218613055348396
1569,MX21134,1569,250.000000000000000,0.004340277847222,0.465171486139297,20.238582611083984,19.773411124944687,2.733400043606758,3.179815207899888,683.350010901689416,1.295907855033875,6.078910923004150
1570,MX20257,1570,168.000000000000000,0.002916666713333,0.163014054298401,1.284466147422791,1.121452093124390,0.259509507211901,0.144841295596669,43.597597211599364,0.217543438076973,0.367906743288040
1571,MX20258,1571,332.000000000000000,0.005763888981111,0.159379154443741,1.663008928298950,1.503629773855209,0.251162883567523,0.171503350706045,83.386077344417529,0.201894313097000,0.355477333068848
1572,MX20259,1572,425.000000000000000,0.007378472340278,0.147967308759689,2.793073177337646,2.645105868577957,0.276356941601810,0.300052463353627,117.451700180769038,0.201237469911575,0.325661116838455
1573,MX20260,1573,696.000000000000000,0.012083333526667,0.135654538869858,4.340731143951416,4.205076605081558,0.211921021256639,0.250189271789192,147.497030794620571,0.174015499651432,0.213117636740208
1574,MX20261,1574,878.000000000000000,0.015243055799444,0.166282996535301,2.923563718795776,2.757280722260475,0.303828949299652,0.236784186382373,266.761817485094127,0.225407451391220,0.483039566874504
1575,MX20262,1575,302.000000000000000,0.005243055639444,0.163510158658028,1.497424602508545,1.333914443850517,0.245795200745396,0.165108545013137,74.230150625109687,0.200140774250031,0.293800804018975
1576,MX20264,1576,298.000000000000000,0.005173611193889,0.153340622782707,2.348827123641968,2.195486500859261,0.270136090583049,0.239368499782732,80.500554993748580,0.206800475716591,0.337942269444466
1577,MX20265,1577,5779.000000000000000,0.100329862716389,0.113707609474659,5.013418197631836,4.899710588157177,0.229047218136854,0.192646225799662,1323.663873612879343,0.190632015466690,0.283148163557053
1578,MX20263,1578,601.000000000000000,0.010434027944722,0.130608305335045,2.257782936096191,2.127174630761147,0.203271274360365,0.159489944687800,122.166035890579280,0.174520164728165,0.220076814293861
1579,MX11003,1579,7772.000000000000000,0.134930557714444,0.267656683921814,57.187671661376953,56.920014977455139,1.372619250188214,3.674117757035756,10667.996812462797607,0.541602462530136,2.138859724998480
1580,MX26056,1580,5978.000000000000000,0.103784723882778,0.184499040246010,17.244882583618164,17.060383543372154,0.323273509469130,0.544259974285661,1932.529039606456536,0.246918633580208,0.369491106271744
1581,MX20266,1581,2518.000000000000000,0.043715278477222,0.134244382381439,3.218665122985840,3.084420740604401,0.197312701821943,0.125438361799152,496.833383187652259,0.178445011377335,0.215518011152744
1582,MX20267,1582,53.000000000000000,0.000920138903611,0.181033208966255,1.263785839080811,1.082752630114555,0.300116009307357,0.208269778519363,15.906148493289948,0.215825647115707,0.531224024295807
1583,MX20268,1583,52.000000000000000,0.000902777792222,0.259933710098267,2.816357851028442,2.556424140930176,0.620213780838710,0.536604458034983,32.251116603612914,0.450892835855484,1.113063538074493
1584,MX14078,1584,3936.000000000000000,0.068333334426667,0.200228497385979,27.751409530639648,27.551181033253670,0.541954580444569,1.633751549281669,2133.133228629822497,0.288830921053886,0.541112959384918
1585,MX20269,1585,509.000000000000000,0.008836805696944,0.151293203234673,4.662394523620605,4.511101320385933,0.395480942866657,0.435495510430380,201.299799919128418,0.257783234119415,0.680854344367981
1586,MX20270,1586,318.000000000000000,0.005520833421667,0.129920721054077,0.487236708402634,0.357315987348557,0.188562874055509,0.049659583595207,59.962993949651739,0.176306098699570,0.218371106684208
1587,MX21135,1587,355.000000000000000,0.006163194543056,0.152575045824051,3.467245101928711,3.314670056104660,0.278322706843766,0.292984843615052,98.804560929536805,0.217790007591248,0.324370235204697
1588,MX20271,1588,355.000000000000000,0.006163194543056,0.140397787094116,1.605106472969055,1.464708685874939,0.257289069597150,0.173177850975433,91.337619706988320,0.206157073378563,0.368775349855423
1589,MX20272,1589,706.000000000000000,0.012256944640556,0.141269654035568,4.147748947143555,4.006479293107986,0.230705600748994,0.295017176708903,162.878154128789816,0.178890153765678,0.241348095238209
1590,MX20273,1590,537.000000000000000,0.009322916815833,0.144694089889526,2.004610300064087,1.859916210174561,0.256667390188247,0.168924264520015,137.830388531088772,0.207914948463440,0.373533946275711
1591,MX20274,1591,318.000000000000000,0.005520833421667,0.149119928479195,1.063357830047607,0.914237901568413,0.203798285211032,0.083226332614996,64.807854697108311,0.184794239699841,0.235736896097660
1592,MX20275,1592,1016.000000000000000,0.017638889171111,0.117949135601521,1.466411352157593,1.348462216556072,0.253110181210254,0.123222264871130,257.159944109618380,0.221085488796234,0.341861113905907
1593,MX20276,1593,101.000000000000000,0.001753472250278,0.163816526532173,1.380772352218628,1.216955825686455,0.276745967788271,0.187503626501349,27.951342746615421,0.209245666861534,0.425799190998077
1594,MX20278,1594,3641.000000000000000,0.063211806566944,0.159549489617348,7.375432491302490,7.215883001685143,0.380840180786027,0.501168459636471,1386.639098241926149,0.257534891366959,0.580043852329254
1595,MX20279,1595,337.000000000000000,0.005850694538056,0.154905989766121,2.686975240707397,2.532069250941277,0.294445784403238,0.295533229355840,99.228229343891215,0.199047937989235,0.523491609096528
1596,MX20281,1596,95.000000000000000,0.001649305581944,0.178900256752968,2.073661804199219,1.894761547446251,0.356031931701459,0.372118541667900,33.823033511638627,0.216290831565857,0.664920210838318
1597,MX20282,1597,1003.000000000000000,0.017413194723056,0.133844092488289,1.450429677963257,1.316585585474968,0.184539074540614,0.075617323192164,185.092691764235525,0.175274387001991,0.198080599308014
1598,MX20283,1598,799.000000000000000,0.013871527999722,0.147396922111511,2.815276384353638,2.667879462242126,0.238740841013022,0.203992067987336,190.753931969404192,0.200596123933792,0.273495811223984
1599,MX20284,1599,349.000000000000000,0.006059027874722,0.179533541202545,4.453076362609863,4.273542821407318,0.383452233450119,0.486053558519916,133.824829474091558,0.264203339815140,0.523504364490509
1600,MX20285,1600,504.000000000000000,0.008750000140000,0.187548145651817,7.519955635070801,7.332407489418983,0.378893353015421,0.604621226877867,190.962249919772262,0.264218136668205,0.442371240258217
1601,MX20286,1601,270.000000000000000,0.004687500075000,0.160451799631119,2.764340877532959,2.603889077901840,0.336847113348819,0.318477782589439,90.948720604181204,0.228921338915825,0.572536897659302
1602,MX12054,1602,11637.000000000000000,0.202031253232500,0.133420079946518,6.516404151916504,6.382984071969986,0.248481810139024,0.230114964416913,2891.582824587823779,0.193033561110497,0.342611187696457
1603,MX20287,1603,228.000000000000000,0.003958333396667,0.166270509362221,1.396383285522461,1.230112776160240,0.243762438103818,0.138357102443389,55.577835887670552,0.209112852811813,0.269026315212250
1604,MX21136,1604,42.000000000000000,0.000729166678333,1.977003812789917,52.462028503417969,50.485024690628052,12.246186074756441,11.489599319348169,514.339815139770508,9.129387855529785,24.216987991333010
1605,MX20288,1605,195.000000000000000,0.003385416720833,0.148956730961800,0.889552354812622,0.740595623850822,0.212614118365141,0.088341593528429,41.459753081202543,0.189589977264404,0.267376041412353
1606,MX20289,1606,147.000000000000000,0.002552083374167,0.163239747285843,0.732772588729858,0.569532841444016,0.269313220365518,0.110270714016024,39.589043393731117,0.234732985496521,0.411119598150253
1607,MX28036,1607,2798.000000000000000,0.048576389666111,0.157800406217575,1.425427317619324,1.267626911401749,0.216311823222534,0.056951546384077,605.240481376648859,0.210225634276867,0.234428822994232
1608,MX21137,1608,1045.000000000000000,0.018142361401389,0.236412554979324,8.693773269653320,8.457360714673996,0.623584669514707,0.783509343711811,651.645979642868838,0.372818291187286,1.167968702316284
1609,MX19046,1609,313.000000000000000,0.005434027864722,11.926391601562500,84.533699035644531,72.607307434082031,46.012629777097835,7.420192668154163,14401.953120231622961,45.106685638427734,53.651525115966805
1610,MX21138,1610,803.000000000000000,0.013940972445278,-1.500000000000000,13.933083534240723,15.433083534240723,0.595258835336636,1.128985963113265,477.992844775319099,0.373505473136902,0.807402670383453
1611,MX20290,1611,57.000000000000000,0.000989583349167,0.232127517461777,2.378068447113037,2.145940929651260,0.511161774658320,0.451387813881533,29.136221155524254,0.314717948436737,0.962425100803375
1612,MX24030,1612,3488.000000000000000,0.060555556524444,0.158752754330635,2.325212955474854,2.166460201144218,0.269914721685606,0.129313646564580,941.462549239393866,0.242772765457630,0.308814945816994
1613,MX21139,1613,478.000000000000000,0.008298611243889,0.186178222298622,2.923811435699463,2.737633213400841,0.369081447469889,0.328510106403662,176.420931890606880,0.276112735271454,0.528168761730194
1614,MX20291,1614,918.000000000000000,0.015937500255000,0.126437142491341,1.903964519500732,1.777527377009392,0.200676498800711,0.104617378184930,184.221025899052535,0.177260600030422,0.229767099022865
1615,MX20292,1615,584.000000000000000,0.010138889051111,0.137864559888840,0.776101768016815,0.638237208127975,0.242167924798718,0.082339152290056,141.426068082451565,0.224988013505936,0.322152000665665
1616,MX29025,1616,289.000000000000000,0.005017361191389,0.675651967525482,28.070598602294922,27.394946634769440,5.578156165804420,6.893310764666961,1612.087131917477336,2.213154315948486,18.149640274047851
1617,MX20293,1617,219.000000000000000,0.003802083394167,0.310034811496735,23.902368545532227,23.592333734035492,2.674149158474517,3.858488526710018,585.638665705919266,0.792480647563934,6.621225929260255
1618,MX20294,1618,494.000000000000000,0.008576389026111,0.155007436871529,6.446679592132568,6.291672155261040,0.602222006179785,0.945503066839674,297.497671052813644,0.236963078379631,1.493698728084564
1619,MX20295,1619,214.000000000000000,0.003715277837222,0.233150154352188,7.477217674255371,7.244067519903183,1.102672595844091,1.434096236323281,235.971935510635575,0.441283091902733,2.947321009635927
1620,MX20296,1620,735.000000000000000,0.012760416870833,0.140410944819450,1.952186822891235,1.811775878071785,0.198691448163824,0.120864796253865,146.038214400410652,0.180068045854568,0.207398959994316
1621,MX20297,1621,573.000000000000000,0.009947916825833,0.145884871482849,1.672727346420288,1.526842474937439,0.277699127819318,0.156088422988460,159.121600240468979,0.219306319952011,0.434950667619705
1622,MX20298,1622,1374.000000000000000,0.023854167048333,0.151552692055702,20.685100555419922,20.533547863364220,0.502502684249629,1.321970086318228,690.438688158990090,0.217955984175205,0.688083165884018
1623,MX20299,1623,174.000000000000000,0.003020833381667,0.154229804873466,2.003371000289917,1.849141195416451,0.253176435400015,0.228301507170438,44.052699759602540,0.190723970532417,0.320848518610001
1624,MX05033,1624,37144.000000000000000,0.644861121428889,0.141352877020836,46.072704315185547,45.931351438164711,0.386596390791759,1.469844292993101,14359.736339569113625,0.209850683808327,0.420888605713844
1625,MX20300,1625,594.000000000000000,0.010312500165000,0.184566766023636,4.754805088043213,4.570238322019577,0.328587381526678,0.401515717241085,195.180904626846456,0.242777712643147,0.395293167233467
1626,MX20301,1626,40.000000000000000,0.000694444455556,0.375762313604355,3.325407505035400,2.949645191431046,0.964779874682426,0.763917791647570,38.591194987297051,0.607020407915115,2.246436524391175
1627,MX20302,1627,362.000000000000000,0.006284722322778,0.161680653691292,3.943904161453247,3.782223507761955,0.331520167956366,0.384500306868319,120.010300800204334,0.239049948751926,0.442608368396760
1628,MX20303,1628,16.000000000000000,0.000277777782222,0.297127336263657,2.455793619155884,2.158666282892227,0.993678843602538,0.575148920598585,15.898861497640610,0.917027562856674,1.658698320388794
1629,MX21140,1629,375.000000000000000,0.006510416770833,1.217489600181580,77.766159057617188,76.548669457435608,13.039683380762737,14.353339809266615,4889.881267786026001,7.132202148437500,35.065846252441418
1630,MX20305,1630,230.000000000000000,0.003993055619444,0.214148744940758,5.097952365875244,4.883803620934486,0.487826196654983,0.697560654106767,112.200025230646162,0.283218070864677,0.650540673732757
1631,MX20304,1631,460.000000000000000,0.007986111238889,0.138601332902908,1.351620674133301,1.213019341230392,0.204542649731688,0.097400481919780,94.089618876576452,0.185412473976612,0.230801846086979
1632,MX26057,1632,11910.000000000000000,0.206770836641667,0.172695413231850,10.171768188476562,9.999072775244713,0.224627191634063,0.208199632439525,2675.309852361684534,0.212752744555473,0.230099946260452
1633,MX10030,1633,9295.000000000000000,0.161371530359722,0.148017331957817,6.641221523284912,6.493204191327095,0.205981920174593,0.128411087871939,1914.601948022843999,0.198861047625542,0.216866514086723
1634,MX20306,1634,361.000000000000000,0.006267361211389,0.164124652743340,1.072198748588562,0.908074095845222,0.267742915620764,0.119138996067629,96.655192539095950,0.229284450411797,0.388488441705704
1635,MX19019,1635,366.000000000000000,0.006354166768333,1.087542891502380,76.253570556640625,75.166027665138245,22.379268721478859,17.946131737034801,8190.812352061262573,19.779717445373535,47.408420562744141
1636,MX20307,1636,3375.000000000000000,0.058593750937500,0.123755738139153,4.558838844299316,4.435083106160164,0.205180660746716,0.204633301494821,692.484730020166580,0.172742664813995,0.222859239578247
1637,MX20308,1637,126.000000000000000,0.002187500035000,0.878003716468811,17.176717758178711,16.298714041709900,4.227950058286152,3.870557498432150,532.721707344055176,2.524880051612854,9.081986904144287
1638,MX20309,1638,508.000000000000000,0.008819444585556,0.197595685720444,3.548506736755371,3.350911051034927,0.461316922518212,0.398758775564251,234.348996639251567,0.341660365462303,0.670568042993546
1639,MX20310,1639,115.000000000000000,0.001996527809722,0.302726060152054,7.469593048095703,7.166866987943649,2.080232281270235,1.786736961456594,239.226712346077051,1.615607738494873,5.104685115814209
1640,MX20311,1640,256.000000000000000,0.004444444515556,0.127658486366272,0.759744107723236,0.632085621356964,0.188758479198441,0.067295981182420,48.322170674800859,0.175927460193634,0.213458545506001
1641,MX20312,1641,415.000000000000000,0.007204861226389,0.185213401913643,4.933769226074219,4.748555824160576,0.462294552268752,0.547228200872786,191.852239191532135,0.294447392225266,0.753860366344452
1642,MX20313,1642,340.000000000000000,0.005902777872222,0.141663596034050,1.632052302360535,1.490388706326485,0.212752969606834,0.164113058679691,72.336009666323648,0.177446261048317,0.219483503699303
1643,MX20314,1643,285.000000000000000,0.004947916745833,0.150459930300713,1.750450730323792,1.599990800023079,0.232279107183741,0.186915643950715,66.199545547366185,0.188774704933167,0.262368190288544
1644,MX18013,1644,2577.000000000000000,0.044739584049167,0.149346873164177,11.519285202026367,11.369938328862190,0.309940438123465,0.549878201219805,798.716509044168106,0.213615283370018,0.362357711791992
1645,MX20315,1645,39.000000000000000,0.000677083344167,0.548637092113495,2.711814403533936,2.163177311420441,1.084621288837531,0.593503273089017,42.300230264663696,0.896888136863708,2.056132745742798
1646,MX20316,1646,587.000000000000000,0.010190972385278,0.135246515274048,1.761807799339294,1.626561284065247,0.195736006613078,0.116953778389195,114.897035881876874,0.178737238049507,0.204456505179405
1647,MX20317,1647,398.000000000000000,0.006909722332778,0.154087334871292,2.044737815856934,1.890650480985641,0.246368705365226,0.200936147140901,98.054744735360089,0.197689257562160,0.308577892184258
1648,MX20318,1648,1584.000000000000000,0.027500000440000,0.151265412569046,26.006338119506836,25.855072706937790,0.735533880662511,2.239917122014633,1165.085666969418071,0.239033550024033,0.806727176904679
1649,MX20319,1649,753.000000000000000,0.013072916875833,0.078274890780449,1.766057848930359,1.687782958149910,0.172324883856701,0.100331548462311,129.760637544095573,0.158394828438759,0.188437464833260
1650,MX20320,1650,130.000000000000000,0.002256944480556,0.176279485225677,1.283804655075073,1.107525169849396,0.289808205457834,0.177140670184867,37.675066709518440,0.222088649868965,0.470017829537392
1651,MX20321,1651,538.000000000000000,0.009340277927222,0.157460838556290,1.282422780990601,1.124961942434311,0.229227945374733,0.087168480014372,123.324634611606612,0.214856646955013,0.266170176863670
1652,MX20322,1652,31.000000000000000,0.000538194453056,0.309172362089157,3.302285671234131,2.993113309144974,0.919055687804376,0.793066351917224,28.490726321935647,0.631426930427551,2.037961006164551
1653,MX20323,1653,205.000000000000000,0.003559027834722,0.172509133815765,1.182770252227783,1.010261118412018,0.262919145967902,0.129097503336531,53.898424923419967,0.221303105354309,0.330324733257294
1654,MX20324,1654,2158.000000000000000,0.037465278377222,0.175148084759712,22.961431503295898,22.786283418536186,0.581099255906420,1.316522562301117,1254.012194246053241,0.299680471420288,0.850106453895569
1655,MX20325,1655,2753.000000000000000,0.047795139653611,0.131323501467705,6.717002868652344,6.585679367184639,0.221497120031911,0.300835764260051,609.781571447849956,0.175955384969711,0.239306145906448
1656,MX20326,1656,747.000000000000000,0.012968750207500,0.145106390118599,1.507413148880005,1.362306758761406,0.223725552619541,0.119536426712469,167.122987806797113,0.195695832371712,0.276811307668686
1657,MX20327,1657,3474.000000000000000,0.060312500965000,0.137079432606697,14.015546798706055,13.878467366099358,0.373359955594192,0.757597287419438,1297.052485734223865,0.232850745320320,0.497498539090157
1658,MX20328,1658,482.000000000000000,0.008368055689444,0.142941579222679,1.616305947303772,1.473364368081093,0.211224863916265,0.111932956537294,101.810384407639589,0.193450883030891,0.228725357353687
1659,MX20329,1659,455.000000000000000,0.007899305681944,0.152287214994431,3.305583477020264,3.153296262025833,0.233713431705485,0.240087771134710,106.339611425995898,0.190451279282570,0.253355699777603
1660,MX20330,1660,729.000000000000000,0.012656250202500,0.156283020973206,0.914851665496826,0.758568644523621,0.229662533364015,0.088851641400156,167.423986822366800,0.207923591136932,0.267307657003403
1661,MX20331,1661,223.000000000000000,0.003871527839722,0.158588886260986,1.961109757423401,1.802520871162415,0.295304334684872,0.273005126189590,65.852866634726510,0.196475759148598,0.473770916461945
1662,MX14098,1662,588.000000000000000,0.010208333496667,3.919714689254761,69.501457214355469,65.581742525100708,34.313836838517879,15.497066854831587,20176.536061048511328,37.148490905761719,52.537263870239272
1663,MX20332,1663,161.000000000000000,0.002795138933611,0.177639022469521,0.746623933315277,0.568984910845757,0.238035202118921,0.081107755356591,38.323667541146278,0.207534536719322,0.305135518312454
1664,MX20333,1664,1964.000000000000000,0.034097222767778,0.135630041360855,7.462190628051758,7.326560586690903,0.241778803993084,0.357496865009255,474.853571042417684,0.182579323649406,0.243710739910603
1665,MX20337,1665,838.000000000000000,0.014548611343889,0.141353324055672,6.841405868530273,6.700052544474602,0.333056468881116,0.528807062774371,279.101320922374839,0.222458712756634,0.444035616517067
1666,MX20339,1666,876.000000000000000,0.015208333576667,0.152711182832718,5.288654804229736,5.135943621397018,0.296332096060117,0.409981442050590,259.586916148662624,0.203694730997086,0.400749221444130
1667,MX20340,1667,891.000000000000000,0.015468750247500,0.151104956865311,2.314128398895264,2.163023442029953,0.245775282148828,0.177341158670058,218.985776394605779,0.201100140810013,0.314489543437958
1668,MX20335,1668,141.000000000000000,0.002447916705833,0.142510145902634,0.782412767410278,0.639902621507645,0.221992203318481,0.097020171402895,31.300900667905818,0.191107898950577,0.319226294755936
1669,MX21141,1669,863.000000000000000,0.014982639128611,0.159601926803589,3.740090608596802,3.580488681793213,0.312054113261531,0.333916586357782,269.302699744701101,0.209870651364326,0.452329158782959
1670,MX20336,1670,809.000000000000000,0.014045139113611,0.140493690967560,1.641653537750244,1.501159846782684,0.204236901255856,0.114174389483100,165.227653115987550,0.183502167463303,0.222536888718605
1671,MX20341,1671,143.000000000000000,0.002482638928611,0.147476568818092,1.230251908302307,1.082775339484215,0.230668149940617,0.140581217956032,32.985545441508300,0.191815495491028,0.276044380664826
1672,MX30211,1672,1443.000000000000000,0.025052083734167,0.215857610106468,13.672298431396484,13.456440821290016,0.671536893736795,1.081883865271780,969.027737662195705,0.345987170934677,1.264446377754211
1673,MX20342,1673,41.000000000000000,0.000711805566944,1.806291937828064,10.904770851135254,9.098478913307190,4.565927845675770,2.459750362037338,187.203041672706547,3.903184413909912,8.675985336303711
1674,MX13054,1674,1026.000000000000000,0.017812500285000,0.311574012041092,11.051347732543945,10.739773720502853,1.584212079876580,1.502376197645687,1625.401593953371503,0.964962929487228,3.594855666160583
1675,MX21142,1675,1089.000000000000000,0.018906250302500,0.261165201663971,17.886093139648438,17.624927937984467,0.950182424377585,1.808832620731117,1034.748660147190094,0.460520625114441,1.519907522201539
1676,MX21143,1676,554.000000000000000,0.009618055709444,-1.500000000000000,14.773193359375000,16.273193359375000,1.914647730679290,2.760054199531800,1060.714842796326820,0.557047486305237,6.005957269668579
1677,MX21144,1677,118.000000000000000,0.002048611143889,1.032106161117554,22.331546783447266,21.299440622329712,4.673970941769872,4.801620332867121,551.528571128844987,2.530743241310120,11.813559722900390
1678,MX20343,1678,74.000000000000000,0.001284722242778,0.478058159351349,3.780096530914307,3.302038371562958,1.208773305287233,0.879469739755339,89.449224591255216,0.678198486566544,2.461834478378296
1679,MX20344,1679,1009.000000000000000,0.017517361391389,0.124536253511906,1.928062558174133,1.803526304662228,0.196333773434162,0.118576717901967,198.100777395069684,0.176016390323639,0.217378017306328
1680,MX14080,1680,5581.000000000000000,0.096892362661389,0.130398049950600,6.197710990905762,6.067312940955162,0.210748260045453,0.204489752361857,1176.186039313670790,0.185776174068451,0.224627226591110
1681,MX20345,1681,481.000000000000000,0.008350694578056,0.193747892975807,3.671499013900757,3.477751120924950,0.351151833570177,0.336926084280532,168.904031947255049,0.256118327379227,0.487940669059753
1682,MX20346,1682,216.000000000000000,0.003750000060000,0.157528072595596,2.332757234573364,2.175229161977768,0.265697620602117,0.247658081000333,57.390686050057333,0.199959062039852,0.347706496715546
1683,MX20347,1683,518.000000000000000,0.008993055699444,0.149223923683167,1.050987720489502,0.901763796806335,0.227025255215674,0.104377756202408,117.599082201719298,0.196403659880161,0.309209117293358
1684,MX20348,1684,1132.000000000000000,0.019652778092222,0.150513261556625,3.723816394805908,3.573303133249283,0.271043905744809,0.281783152996143,306.821701303124144,0.209968633949757,0.352769300341606
1685,MX20349,1685,151.000000000000000,0.002621527819722,0.484741866588593,4.011597156524658,3.526855289936066,0.786815521140762,0.579404024351817,118.809143692255034,0.604109346866608,1.097161889076233
1686,MX21145,1686,1151.000000000000000,0.019982639208611,0.161378547549248,2.389946937561035,2.228568390011787,0.282858290160147,0.161942574945702,325.569891974329607,0.248519107699394,0.367038100957870
1687,MX20350,1687,35.000000000000000,0.000607638898611,1.487819790840149,37.388019561767578,35.900199770927429,12.751022645405364,10.296057409908025,446.285792589187736,9.967782974243164,27.115163803100593
1688,MX20351,1688,246.000000000000000,0.004270833401667,0.154299110174179,1.146798491477966,0.992499381303787,0.313834809614876,0.160066901408519,77.203363165259375,0.267432048916817,0.481276288628578
1689,MX15077,1689,650.000000000000000,0.011284722402778,0.193635717034340,2.833655357360840,2.640019640326500,0.362204716343146,0.273893427039055,235.433065623045195,0.273759588599205,0.552490729093552
1690,MX20352,1690,223.000000000000000,0.003871527839722,0.173915877938271,4.882141590118408,4.708225712180138,0.450306911171819,0.575934072268484,100.418441191315637,0.255217343568802,0.671788573265076
1691,MX20534,1691,518.000000000000000,0.008993055699444,0.139532014727592,2.949243307113647,2.809711292386055,0.230980609058183,0.251248106424780,119.647955492138976,0.180910542607307,0.240673322975636
1692,MX20535,1692,668.000000000000000,0.011597222407778,0.136122077703476,2.517732381820679,2.381610304117203,0.230309860836603,0.188411958650407,153.846987038850699,0.185533091425896,0.307707467675209
1693,MX20536,1693,346.000000000000000,0.006006944540556,0.156016513705254,2.017751932144165,1.861735418438911,0.224705771688437,0.180490775109049,77.748197004199028,0.192494258284569,0.243274018168449
1694,MX24034,1694,2610.000000000000000,0.045312500725000,0.176861256361008,10.535331726074219,10.358470469713211,0.343185598423198,0.558565271251937,895.714411884546621,0.248898811638355,0.399205332994461
1695,MX31064,1695,131.000000000000000,0.002274305591944,0.242828279733658,9.200668334960938,8.957840055227280,0.755578694111518,1.266209120912341,98.980808928608909,0.376692712306976,1.362892866134644
1696,MX29020,1696,499.000000000000000,0.008663194583056,0.334828913211823,14.565307617187500,14.230478703975677,0.930135264425335,1.453387931852391,464.137496948241960,0.516577541828156,1.354124140739441
1697,MX20353,1697,266.000000000000000,0.004618055629444,0.146788403391838,1.559695363044739,1.412906959652901,0.287126267594951,0.232080767195306,76.375587180256844,0.192842364311218,0.538868516683578
1698,MX26058,1698,7996.000000000000000,0.138819446665556,0.180639296770096,35.133228302001953,34.952589005231857,0.393215746296874,1.387890623410108,3144.153107389803608,0.237614847719669,0.341769143939018
1699,MX20354,1699,75.000000000000000,0.001302083354167,0.186075538396835,1.130670547485352,0.944595009088516,0.272240172227224,0.154683214792981,20.418012917041782,0.222165420651436,0.414054220914841
1700,MX20355,1700,203.000000000000000,0.003524305611944,0.168425083160400,0.924198091030121,0.755773007869720,0.240049478602527,0.093612061454391,48.730044156312950,0.216703101992607,0.267083966732025
1701,MX20356,1701,135.000000000000000,0.002343750037500,0.266627013683319,5.337793827056885,5.071166813373566,0.829129721500255,1.025366269762837,111.932512402534471,0.428925752639771,1.974744510650638
1702,MX16078,1702,511.000000000000000,0.008871527919722,0.274801462888718,8.280233383178711,8.005431920289993,0.713972123809990,0.861299911524382,364.839755266905001,0.427195429801941,1.466926932334900
1703,MX29056,1703,49.000000000000000,0.000850694458056,1.326197743415833,16.094562530517578,14.768364787101746,6.121085325065923,4.637728461847299,299.933180928230229,4.312879085540771,13.416830825805668
1704,MX20357,1704,842.000000000000000,0.014618055789444,0.132418289780617,2.669408559799194,2.536990270018578,0.194766000514925,0.152514696324849,163.992972433567189,0.174519523978233,0.209517358243465
1705,MX20358,1705,223.000000000000000,0.003871527839722,0.190249398350716,3.019546508789062,2.829297110438347,0.414499885231390,0.359861630121270,92.433474406599984,0.285170465707779,0.758772110939026
1706,MX20359,1706,228.000000000000000,0.003958333396667,0.151197955012321,3.010411977767944,2.859214022755623,0.266795921221114,0.307369685162082,60.829470038413959,0.195242211222649,0.285034286975861
1707,MX20360,1707,132.000000000000000,0.002291666703333,0.464611262083054,3.532479763031006,3.067868500947952,0.836645273096634,0.553054551120759,110.437176048755674,0.619878560304642,1.409999942779541
1708,MX29057,1708,36.000000000000000,0.000625000010000,1.356534838676453,19.618299484252930,18.261764645576477,6.073510696490606,4.739881773906257,218.646385073661833,3.894796729087830,12.683467388153076
1709,MX08060,1709,1809.000000000000000,0.031406250502500,0.169306963682175,32.523532867431641,32.354225903749466,0.653153540812652,2.305116807016213,1181.554755330088028,0.283133804798126,0.695080959796906
1710,MX20361,1710,248.000000000000000,0.004305555624444,0.147442027926445,3.526060104370117,3.378618076443672,0.289990084125630,0.351023537204773,71.917540863156304,0.196141704916954,0.389714223146439
1711,MX11034,1711,977.000000000000000,0.016961805826944,0.204288080334663,8.024360656738281,7.820072576403618,0.485723883889714,0.697671618450669,474.552234560251065,0.299351632595062,0.719427704811096
1712,MX19048,1712,4733.000000000000000,0.082170140203611,0.250023752450943,72.348579406738281,72.098555654287338,3.042616052447966,9.346165791347961,14400.701776236224759,0.413729071617126,3.258837461471559
1713,MX24031,1713,3221.000000000000000,0.055920139783611,0.180246233940125,1.150297641754150,0.970051407814026,0.264592077954332,0.075508355194974,852.251083090902284,0.246493682265282,0.316645354032516
1714,MX29058,1714,47.000000000000000,0.000815972235278,2.419606208801270,14.854757308959961,12.435151100158691,6.688151511740175,3.295975941391066,314.343121051788216,6.387684345245361,11.281853675842285
1715,MX20362,1715,124.000000000000000,0.002152777812222,0.146766275167465,2.997827291488647,2.851061016321182,0.496185530457766,0.510453355636884,61.527005776762941,0.268024116754532,0.994511103630066
1716,MX20363,1716,1078.000000000000000,0.018715278077222,0.161757513880730,2.091795206069946,1.930037692189217,0.262356764794170,0.114385261830174,282.820592448115121,0.239732772111893,0.322916534543037
1717,MX20364,1717,3095.000000000000000,0.053732639748611,0.138536348938942,16.695411682128906,16.556875333189964,0.238722043752862,0.536291593722162,738.844725415108428,0.181720227003098,0.250773847103119
1718,MX20365,1718,495.000000000000000,0.008593750137500,0.162335544824600,1.113038063049316,0.950702518224716,0.231220028466649,0.092073555833079,114.453914090991049,0.211563557386398,0.265116286277771
1719,MX20366,1719,613.000000000000000,0.010642361281389,0.142249763011932,2.959966659545898,2.817716896533966,0.231544281053699,0.240790862405039,141.936644285917453,0.182732179760933,0.271639466285706
1720,MX20367,1720,249.000000000000000,0.004322916735833,0.205489873886108,5.413801670074463,5.208311796188354,0.426481142400738,0.646779701373467,106.193804457783699,0.280316025018692,0.461563056707383
1721,MX20368,1721,178.000000000000000,0.003090277827222,0.231275081634521,3.982964277267456,3.751689195632935,0.613120790445403,0.596856867746585,109.135500699281735,0.373526528477669,1.133334362506867
1722,MX20369,1722,101.000000000000000,0.001753472250278,0.486523181200027,9.324945449829102,8.838422268629074,1.243900754369131,1.450627459137441,125.633976191282272,0.716256439685822,2.331696510314941
1723,MX20074,1723,187.000000000000000,0.003246527829722,0.143167063593864,0.815970063209534,0.672802999615669,0.220471914997075,0.094294120037215,41.228248104453080,0.193859994411469,0.288151216506958
1724,MX20370,1724,187.000000000000000,0.003246527829722,0.177505820989609,1.373770117759705,1.196264296770096,0.270663070567152,0.161590221921002,50.613994196057341,0.219576984643936,0.356355178356171
1725,MX20371,1725,145.000000000000000,0.002517361151389,0.177112519741058,1.594264030456543,1.417151510715485,0.354477636670244,0.212774803891178,51.399257317185423,0.303517341613770,0.439889866113663
1726,MX21146,1726,238.000000000000000,0.004131944510556,0.247286662459373,5.149366855621338,4.902080193161964,0.514980635159656,0.669217024404140,122.565391167998229,0.330905169248581,0.617486906051636
1727,MX20372,1727,184.000000000000000,0.003194444495556,0.170149832963943,2.668860673904419,2.498710840940475,0.403927135564711,0.302885569978939,74.322592943906798,0.334719255566597,0.600312733650208
1728,MX20373,1728,585.000000000000000,0.010156250162500,0.134929955005646,0.785797238349915,0.650867283344269,0.183677939064482,0.050455018064311,107.451594352722196,0.176661863923073,0.198021194338799
1729,MX10031,1729,5058.000000000000000,0.087812501405000,0.152445971965790,8.290618896484375,8.138172924518585,0.242112285835015,0.340333863758192,1224.603941753506433,0.200763605535030,0.241155223548412
1730,MX26059,1730,5425.000000000000000,0.094184029284722,0.188702762126923,18.996828079223633,18.808125317096710,0.297726692911666,0.697495295804526,1615.167309045788443,0.239442035555840,0.265397560596466
1731,MX20374,1731,37.000000000000000,0.000642361121389,0.312051564455032,2.154593944549561,1.842542380094528,0.660784876829869,0.463643081564545,24.449040442705144,0.447159051895142,1.468208670616150
1732,MX20375,1732,11.000000000000000,0.000190972225278,10.402226448059082,27.252664566040039,16.850438117980957,18.979129010980785,4.989902846531264,208.770419120788631,20.029067993164062,24.123775482177734
1733,MX20376,1733,91.000000000000000,0.001579861136389,0.164503335952759,1.282766103744507,1.118262767791748,0.264099681606660,0.193865763644559,24.033071026206017,0.205033391714096,0.355821102857590
1734,MX11035,1734,2138.000000000000000,0.037118056149444,0.304009258747101,33.780246734619141,33.476237475872040,1.551172060817061,2.731833191129657,3316.405866026877447,0.819490134716034,2.917842507362365
1735,MX20377,1735,2756.000000000000000,0.047847222987778,0.147580608725548,3.796015024185181,3.648434415459633,0.237509418641189,0.182601884187600,654.575957775116990,0.198119886219501,0.292163953185081
1736,MX20378,1736,222.000000000000000,0.003854166728333,0.173009797930717,2.082839727401733,1.909829929471016,0.398994289808445,0.382376521658881,88.576732337474795,0.234976999461651,0.893163311481476
1737,MX20379,1737,212.000000000000000,0.003680555614444,0.197264388203621,2.227532625198364,2.030268236994743,0.431647848267601,0.291320907234126,91.509343832731332,0.349982142448425,0.694941174983978
1738,MX20380,1738,71.000000000000000,0.001232638908611,0.420363873243332,3.573313713073730,3.152949839830399,0.855021697534642,0.667838451211845,60.706540524959550,0.566107988357544,1.874103426933289
1739,MX29059,1739,28.000000000000000,0.000486111118889,1.721741557121277,13.489074707031250,11.767333149909973,7.424118029219763,3.783595805533656,207.875304818153381,7.620707988739014,12.158997631072999
1740,MX20381,1740,137.000000000000000,0.002378472260278,0.163778305053711,3.264611005783081,3.100832700729370,0.444985813468042,0.555806046889629,60.963056445121765,0.235045447945595,0.856386530399323
1741,MX20382,1741,233.000000000000000,0.004045138953611,0.156674742698669,1.057831645011902,0.901156902313232,0.217383524315040,0.099425095251020,50.650361165404313,0.191461831331253,0.259811794757843
1742,MX20383,1742,109.000000000000000,0.001892361141389,0.180289342999458,0.898217022418976,0.717927679419518,0.305261798818177,0.142911249505929,33.273536071181297,0.245573461055756,0.499962007999420
1743,MX29026,1743,130.000000000000000,0.002256944480556,1.238058090209961,19.949272155761719,18.711214065551758,6.076384603060208,3.614201802989316,789.929998397827035,5.113610982894897,10.071781444549565
1744,MX20384,1744,275.000000000000000,0.004774305631944,0.154836356639862,3.179793119430542,3.024956762790680,0.433810235261917,0.448477356653164,119.297814697027164,0.291278392076492,0.792680728435516
1745,MX20385,1745,211.000000000000000,0.003663194503056,1.101358294487000,36.067749023437500,34.966390728950500,10.143442556756369,7.955407719955401,2140.266379475594022,8.416529655456543,20.664714813232422
1746,MX20386,1746,2355.000000000000000,0.040885417320833,0.136463403701782,2.558935880661011,2.422472476959229,0.214291184754635,0.112928747879567,504.655740097165392,0.186921954154968,0.274891692399979
1747,MX31066,1747,2555.000000000000000,0.044357639598611,0.154837623238564,6.402497291564941,6.247659668326378,0.233878772115288,0.290235372256676,597.560262754560085,0.202085196971893,0.233151140809059
1748,MX20387,1748,147.000000000000000,0.002552083374167,0.252720654010773,4.193547248840332,3.940826594829559,0.729978652835703,0.708571160558256,107.306861966848331,0.452830582857132,1.456144857406616
1749,MX21147,1749,1411.000000000000000,0.024496528169722,0.168385297060013,13.652498245239258,13.484112948179245,0.386231923878488,0.891411396943817,544.973244592546962,0.227285668253899,0.419477581977844
1750,MX20569,1750,409.000000000000000,0.007100694558056,0.166998684406281,1.390179276466370,1.223180592060089,0.242402665626740,0.114123670864139,99.142690241336766,0.213846325874329,0.290878248214722
1751,MX20388,1751,241.000000000000000,0.004184027844722,0.204440996050835,0.968779802322388,0.764338806271553,0.305362058811168,0.095615606731831,73.592256173491464,0.279878586530685,0.407793849706650
1752,MX20389,1752,11.000000000000000,0.000190972225278,0.702288448810577,3.160305738449097,2.458017289638519,1.761138065294786,0.771034132140727,19.372518718242645,1.571773052215576,2.640197753906250
1753,MX08024,1753,3547.000000000000000,0.061579862096389,0.198711290955544,8.327983856201172,8.129272565245628,0.339721499714072,0.398436379103934,1204.992159485814000,0.261428505182266,0.381405675411224
1754,MX21148,1754,165.000000000000000,0.002864583379167,0.936837017536163,20.787921905517578,19.851084887981415,4.271331704385355,3.560770821114907,704.769731223583676,3.172518491744995,8.292534828186035
1755,MX29060,1755,28.000000000000000,0.000486111118889,5.905140876770020,16.778429031372070,10.873288154602051,8.791225978306361,2.223519903622647,246.154327392578125,8.421929836273193,10.297368240356446
1756,MX20390,1756,45.000000000000000,0.000781250012500,6.951274871826172,47.281223297119141,40.329948425292969,23.062262662251786,8.929913462283615,1037.801819801330339,23.616769790649414,34.517094421386716
1757,MX20391,1757,336.000000000000000,0.005833333426667,0.142233937978745,1.321420669555664,1.179186731576920,0.215298133857903,0.122548244507482,72.340172976255403,0.185245446860790,0.262701511383057
1758,MX20392,1758,763.000000000000000,0.013246527989722,0.156238317489624,1.890351295471191,1.734112977981567,0.265244779021993,0.168444848769311,202.381766393780737,0.219804137945175,0.353903740644455
1759,MX20393,1759,56.000000000000000,0.000972222237778,0.343165546655655,4.162200450897217,3.819034904241562,1.036044250109366,1.037915488495038,58.018478006124489,0.544567912817001,2.598719477653503
1760,MX20047,1760,136.000000000000000,0.002361111148889,0.168595373630524,1.546426773071289,1.377831399440765,0.256149463136407,0.192962674519635,34.836326986551292,0.206446371972561,0.335662469267845
1761,MX20394,1761,478.000000000000000,0.008298611243889,0.169984012842178,2.065311193466187,1.895327180624008,0.284928941265310,0.189152889053853,136.196033924818181,0.232723891735077,0.392243304848671
1762,MX20395,1762,400.000000000000000,0.006944444555556,0.148447468876839,0.733070373535156,0.584622904658318,0.209698005840182,0.072849766087813,83.879202336072879,0.187548771500587,0.263321781158447
1763,MX20399,1763,153.000000000000000,0.002656250042500,0.707849264144897,20.490802764892578,19.782953500747681,5.499805509264951,5.300806632355227,841.470242917537576,2.832818031311035,14.587442398071291
1764,MX20400,1764,466.000000000000000,0.008090277907222,0.152821019291878,2.546379566192627,2.393558546900749,0.265999458634290,0.222543730325706,123.955747723579364,0.218805365264416,0.291098952293396
1765,MX20404,1765,305.000000000000000,0.005295138973611,0.145839259028435,2.097337961196899,1.951498702168465,0.251875017558942,0.189471475366827,76.821880355477319,0.200264349579811,0.338664174079895
1766,MX20406,1766,1403.000000000000000,0.024357639278611,0.175598651170731,3.113256454467773,2.937657803297043,0.291151514010011,0.161416490246319,408.485574156045402,0.250490576028824,0.394035261869430
1767,MX20407,1767,22220.000000000000000,0.385763895061111,0.113300435245037,4.326349735260010,4.213049300014973,0.200582436076177,0.081935012614295,4456.941729612650306,0.190917991101742,0.230184601247311
1768,MX20401,1768,2008.000000000000000,0.034861111668889,0.153504565358162,15.948951721191406,15.795447155833244,0.463081592701346,1.059972959334356,929.867838144302141,0.240066528320312,0.609858828783035
1769,MX20402,1769,401.000000000000000,0.006961805666944,0.155544131994247,1.758450746536255,1.602906614542007,0.266323109443051,0.168311734146128,106.795566886663380,0.224664270877838,0.325336784124374
1770,MX20403,1770,33.000000000000000,0.000572916675833,1.475722789764404,14.014394760131836,12.538671970367432,5.188163042068481,3.803072408843752,171.209380388259859,4.230480194091797,11.571676063537597
1771,MX32058,1771,1400.000000000000000,0.024305555944444,0.157459557056427,8.029137611389160,7.871678054332733,0.282921037312065,0.445146696824766,396.089452236890963,0.211748406291008,0.316979613900185
1772,MX14081,1772,1317.000000000000000,0.022864583699167,0.167235448956490,4.475298881530762,4.308063432574272,0.292783819189919,0.302808132075634,385.596289873123794,0.216223090887070,0.416494160890579
1773,MX14056,1773,3854.000000000000000,0.066909723292778,0.135428443551064,2.283899068832397,2.148470625281334,0.192319099298864,0.069144727660881,741.197808697819937,0.184963881969452,0.208492730557919
1774,MX18014,1774,5480.000000000000000,0.095138890411111,0.146274298429489,12.534836769104004,12.388562470674515,0.341358687701452,0.565327826758649,1870.645608603954543,0.230515174567699,0.431889331340790
1775,MX24032,1775,8562.000000000000000,0.148645835711667,0.149293199181557,13.446719169616699,13.297425970435143,0.344032203697261,0.575186107223480,2945.603728055952615,0.236022032797337,0.477356863021851
1776,MX20408,1776,121.000000000000000,0.002100694478056,0.180831626057625,0.736091554164886,0.555259928107262,0.254161108870152,0.077008921246195,30.753494173288356,0.227275133132935,0.330701023340225
1777,MX20409,1777,82.000000000000000,0.001423611133889,0.825512468814850,14.584952354431152,13.759439885616302,3.353737511285921,3.685963736737049,275.006475925445557,1.230474054813385,9.734317779541016
1778,MX20410,1778,2627.000000000000000,0.045607639618611,0.117400087416172,1.157176733016968,1.039776645600796,0.175325627086686,0.069850552186067,460.580422356724114,0.163925752043724,0.189537277817726
1779,MX20411,1779,36.000000000000000,0.000625000010000,0.551969528198242,3.116258859634399,2.564289331436157,0.989188962512546,0.629431205995087,35.610802650451653,0.644551157951355,1.886588513851166
1780,MX20412,1780,1906.000000000000000,0.033090278307222,0.134073480963707,2.785130023956299,2.651056542992592,0.209698101906312,0.130434335374055,399.684582233430149,0.187082014977932,0.234425477683544
1781,MX20413,1781,2478.000000000000000,0.043020834021667,0.155438795685768,23.571149826049805,23.415711030364037,0.796376311004499,2.088333777654994,1973.420498669148174,0.291190415620804,1.112220585346222
1782,MX20414,1782,1336.000000000000000,0.023194444815556,0.152915090322495,7.068037033081055,6.915121942758560,0.306406055582676,0.441979968216772,409.358490258455788,0.223158180713654,0.356869459152222
1783,MX20415,1783,819.000000000000000,0.014218750227500,0.151324078440666,1.973876237869263,1.822552159428596,0.257773336673540,0.170399196117213,211.116362735629224,0.215187802910805,0.320332306623459
1784,MX20416,1784,868.000000000000000,0.015069444685556,0.126961722970009,4.843872070312500,4.716910347342491,0.217461158191004,0.307108047785707,188.756285309791451,0.173087619245052,0.212428125739098
1785,MX20417,1785,1589.000000000000000,0.027586805996944,0.153996363282204,4.135531425476074,3.981535062193871,0.283077240618540,0.229458656333608,449.809735342860165,0.226783618330956,0.393880206346512
1786,MX20418,1786,3548.000000000000000,0.061597223207778,0.130640998482704,12.400853157043457,12.270212158560753,0.258414055950511,0.533989756642126,916.853070512411932,0.190392903983593,0.272372281551361
1787,MX20419,1787,260.000000000000000,0.004513888961111,0.167022451758385,1.554102301597595,1.387079849839211,0.243375168454189,0.173010390051322,63.277543798089035,0.203729093074799,0.266476309299469
1788,MX20396,1788,34.000000000000000,0.000590277787222,0.385060489177704,2.390248537063599,2.005188047885895,1.041197309599203,0.572105892258782,35.400708526372910,0.809052318334579,2.006300520896911
1789,MX20420,1789,248.000000000000000,0.004305555624444,0.132294550538063,4.334829807281494,4.202535256743431,0.298799827694893,0.482736194546813,74.102357268333421,0.182869635522366,0.370005136728287
1790,MX20421,1790,718.000000000000000,0.012465277977222,0.169927045702934,8.535956382751465,8.366029337048531,0.392183797958003,0.678069382732232,281.587966933846360,0.247737422585487,0.476218637824059
1791,MX20422,1791,213.000000000000000,0.003697916725833,0.159372195601463,0.978222966194153,0.818850770592690,0.279019008989625,0.144712495330272,59.431048914790146,0.223452672362328,0.433785963058472
1792,MX20423,1792,378.000000000000000,0.006562500105000,0.161506056785583,0.585057735443115,0.423551678657532,0.210046171156502,0.051737406843567,79.397452697157831,0.196855127811432,0.246391868591309
1793,MX20424,1793,704.000000000000000,0.012222222417778,0.146537184715271,1.281758666038513,1.135221481323242,0.208803235299208,0.097280281366696,146.997477650642338,0.183332331478596,0.252430498600006
1794,MX20425,1794,270.000000000000000,0.004687500075000,0.155733853578568,2.128673076629639,1.972939223051071,0.246915568742487,0.225403255923590,66.667203560471535,0.196140050888062,0.282425385713577
1795,MX20426,1795,1143.000000000000000,0.019843750317500,0.159275203943253,1.399123787879944,1.239848583936691,0.222260230586702,0.082123157846704,254.043443560600082,0.201610326766968,0.275980252027512
1796,MX20427,1796,752.000000000000000,0.013055555764444,0.239351779222488,11.589576721191406,11.350224941968918,0.861483257462052,1.295598980751160,647.835409611463092,0.457763731479645,1.537836408615112
1797,MX20428,1797,783.000000000000000,0.013593750217500,0.131930068135262,0.811075091362000,0.679145023226738,0.177950124002965,0.055182780700167,139.334947094321251,0.166934877634048,0.195040819048882
1798,MX20429,1798,252.000000000000000,0.004375000070000,0.146209463477135,1.479859590530396,1.333650127053261,0.255430225696828,0.174398341843958,64.368416875600758,0.194526381790638,0.417774680256844
1799,MX20430,1799,180.000000000000000,0.003125000050000,0.152844220399857,0.873590052127838,0.720745831727982,0.212756191111273,0.085214258792687,38.296114400029182,0.193996295332909,0.221422673761845
1800,MX20431,1800,1818.000000000000000,0.031562500505000,0.123819462954998,4.536083221435547,4.412263758480549,0.195976663634951,0.195431532166018,356.285574488341240,0.175211250782013,0.202907255291939
1801,MX20432,1801,63.000000000000000,0.001093750017500,0.193956911563873,0.904795110225677,0.710838198661804,0.279494869094046,0.141735414027211,17.608176752924916,0.224038481712341,0.414358139038086
1802,MX20433,1802,169.000000000000000,0.002934027824722,0.146376967430115,0.708401322364807,0.562024354934692,0.241684868490908,0.088618621926174,40.844742774963372,0.212986096739769,0.343194991350174
1803,MX20434,1803,181.000000000000000,0.003142361161389,0.200452983379364,2.510021209716797,2.309568226337433,0.564715945506623,0.358623709398103,102.213586136698794,0.468878477811813,0.955450892448425
1804,MX20435,1804,413.000000000000000,0.007170139003611,0.143360972404480,2.681037664413452,2.537676692008972,0.296171593067144,0.282729950431866,122.318867936730456,0.209259793162346,0.458083665370941
1805,MX20436,1805,175.000000000000000,0.003038194493056,0.140519902110100,1.639224171638489,1.498704269528389,0.222363897476877,0.181129437212090,38.913682058453553,0.177342146635056,0.247497922182083
1806,MX20437,1806,748.000000000000000,0.012986111318889,0.134659618139267,6.455261707305908,6.320602089166641,0.325995795747494,0.433611465081678,243.844855219125662,0.221349775791168,0.508198058605194
1807,MX20438,1807,121.000000000000000,0.002100694478056,0.157892271876335,1.085567712783813,0.927675440907478,0.237393936711895,0.131348976466299,28.724666342139241,0.200421914458275,0.281526565551758
1808,MX20439,1808,2531.000000000000000,0.043940972925278,0.165312498807907,4.453993797302246,4.288681298494339,0.343084641681128,0.317963196620191,868.347228094935531,0.250786185264587,0.526543915271759
1809,MX20440,1809,556.000000000000000,0.009652777932222,0.128123179078102,1.393120288848877,1.264997109770775,0.184765949711311,0.091370804649055,102.729868039488750,0.171438612043858,0.195475213229656
1810,MX20441,1810,428.000000000000000,0.007430555674444,0.263036638498306,15.258395195007324,14.995358556509018,0.721731968781101,1.270715845800399,308.901282638311216,0.400627315044403,0.993504482507706
1811,MX20442,1811,234.000000000000000,0.004062500065000,0.138927236199379,1.787130951881409,1.648203715682030,0.224075392270700,0.196684326341826,52.433641791343682,0.184220485389233,0.215115432441235
1812,MX20443,1812,426.000000000000000,0.007395833451667,0.142251312732697,1.588734507560730,1.446483194828033,0.212690274235508,0.136875710835649,90.606056824326615,0.185494117438793,0.233050085604191
1813,MX20444,1813,90.000000000000000,0.001562500025000,0.155342355370522,0.533043026924133,0.377700671553612,0.198002682295110,0.054638222490727,17.820241406559937,0.184020876884460,0.218514002859593
1814,MX20445,1814,165.000000000000000,0.002864583379167,0.177261084318161,1.046472430229187,0.869211345911026,0.307952435359810,0.151021546348404,50.812151834368677,0.251508921384811,0.483185642957687
1815,MX20446,1815,361.000000000000000,0.006267361211389,0.178318083286285,0.893884181976318,0.715566098690033,0.286195443649041,0.106234854021247,103.316555157303810,0.243694707751274,0.420929968357086
1816,MX20447,1816,2448.000000000000000,0.042500000680000,0.151891291141510,5.047956943511963,4.896065652370453,0.250553714921028,0.221636710865256,613.355494126677286,0.211874626576900,0.306358343362808
1817,MX20448,1817,774.000000000000000,0.013437500215000,0.151832357048988,2.778478145599365,2.626645788550377,0.245947936785622,0.171443142505009,190.363703072071047,0.206820003688335,0.333789297938347
1818,MX20449,1818,2035.000000000000000,0.035329861676389,0.141186594963074,2.814360380172729,2.673173785209656,0.191183121564640,0.108994978646382,389.057652384043365,0.178997725248337,0.202369201183319
1819,MX19049,1819,3824.000000000000000,0.066388889951111,0.211116537451744,22.181905746459961,21.970789209008217,1.056175121078931,2.146610512683139,4038.813663005830222,0.318091332912445,2.115945076942446
1820,MX20450,1820,1008.000000000000000,0.017500000280000,0.146819502115250,2.148356437683105,2.001536935567856,0.246782668097507,0.127975079531992,248.756929442286605,0.214844718575478,0.333990040421486
1821,MX20451,1821,420.000000000000000,0.007291666783333,0.135893642902374,0.910512030124664,0.774618387222290,0.200504295953683,0.061732722500465,84.211804300546660,0.187983788549900,0.224197246134281
1822,MX20452,1822,82.000000000000000,0.001423611133889,0.366527229547501,6.716259956359863,6.349732726812363,1.439948684558636,1.444619788499653,118.075792133808136,0.700890183448792,3.611312294006348
1823,MX20453,1823,902.000000000000000,0.015659722472778,0.131567999720573,4.328185558319092,4.196617558598518,0.229264351818091,0.268747563949293,206.796445339918279,0.180352807044983,0.255347323417664
1824,MX20454,1824,347.000000000000000,0.006024305651944,0.142960757017136,1.150801897048950,1.007841140031815,0.241619412639643,0.114727652245215,83.841936185956015,0.204234063625336,0.344314384460449
1825,MX20455,1825,452.000000000000000,0.007847222347778,0.169361367821693,3.577481269836426,3.408119902014732,0.327279679839853,0.360873711514443,147.930415287613698,0.228186257183552,0.442705669999123
1826,MX20456,1826,187.000000000000000,0.003246527829722,0.219330936670303,4.069782733917236,3.850451797246933,0.439146352722683,0.464904068802402,82.120367959141731,0.315988361835480,0.600246489048005
1827,MX20457,1827,1532.000000000000000,0.026597222647778,0.133173048496246,1.225681185722351,1.092508137226105,0.204711712021429,0.079737618511622,313.618342816829511,0.190043650567532,0.232206273078919
1828,MX20459,1828,1595.000000000000000,0.027690972665278,0.160026967525482,5.271143913269043,5.111116945743561,0.270647264414446,0.289855475650134,431.682386741042023,0.212902456521988,0.320098048448563
1829,MX20460,1829,1514.000000000000000,0.026284722642778,0.119156576693058,1.084676265716553,0.965519689023495,0.195240760657596,0.069071372482242,295.594511635601066,0.181107938289642,0.227283468842506
1830,MX20458,1830,1000.000000000000000,0.017361111388889,0.141476616263390,1.585993289947510,1.444516673684120,0.201491947516799,0.090577280693947,201.491947516798973,0.187611497938633,0.224183051288128
1831,MX13055,1831,1274.000000000000000,0.022118055909444,0.198294997215271,32.495857238769531,32.297562241554260,0.859178521861929,1.589033388925750,1094.593436852097057,0.459953486919403,1.617824256420136
1832,MX20461,1832,183.000000000000000,0.003177083384167,0.146523967385292,1.572312831878662,1.425788864493370,0.260091768180737,0.199220808756169,47.596793577074941,0.197499155998230,0.389755046367646
1833,MX07119,1833,82.000000000000000,0.001423611133889,0.351238906383514,9.843268394470215,9.492029488086700,1.801314639972478,2.010408413939604,147.707800477743206,0.847632020711899,4.374762916564944
1834,MX20462,1834,540.000000000000000,0.009375000150000,0.205205291509628,7.618011951446533,7.412806659936905,0.632457952642882,0.790780404132955,341.527294427156278,0.404560148715973,1.032778382301331
1835,MX20463,1835,494.000000000000000,0.008576389026111,0.146642804145813,1.756260156631470,1.609617352485657,0.211817527710185,0.131489575766538,104.637858688831344,0.182195723056793,0.241278408467770
1836,MX20464,1836,220.000000000000000,0.003819444505556,0.138793393969536,1.689152956008911,1.550359562039375,0.234212570705197,0.150494927639745,51.526765555143356,0.198923751711845,0.320637592673302
1837,MX20465,1837,593.000000000000000,0.010295139053611,0.172865733504295,1.461282968521118,1.288417235016823,0.261882970093876,0.127654511030572,155.296601265668727,0.226184517145157,0.315891557931900
1838,MX18015,1838,7119.000000000000000,0.123593751977500,0.139569118618965,30.579107284545898,30.439538165926933,0.454452740838812,1.308033235267509,3235.249062031499761,0.237537950277328,0.600250768661499
1839,MX20466,1839,2217.000000000000000,0.038489583949167,0.139512315392494,2.805816888809204,2.666304573416710,0.226270169268388,0.139032436709863,501.640965268015350,0.191717252135277,0.295264959335327
1840,MX20467,1840,3104.000000000000000,0.053888889751111,0.130456373095512,10.906527519226074,10.776071146130562,0.272513537614884,0.580969463730113,845.882020756599559,0.190847203135490,0.305887490510941
1841,MX20468,1841,3034.000000000000000,0.052673611953889,0.133064687252045,2.620785474777222,2.487720787525177,0.237068537369754,0.142368153195194,719.265942379832381,0.205855458974838,0.286112707853317
1842,MX20469,1842,3796.000000000000000,0.065902778832222,0.142995208501816,18.299945831298828,18.156950622797012,0.331701147280736,0.577754660814817,1259.137555077673369,0.220872431993484,0.485667169094086
1843,MX20470,1843,2110.000000000000000,0.036631945030556,0.135392010211945,2.348440647125244,2.213048636913300,0.222224487950451,0.131458263901526,468.893669575452009,0.191834896802902,0.275308996438980
1844,MX20471,1844,126.000000000000000,0.002187500035000,0.174706056714058,0.985218346118927,0.810512289404869,0.244585188963110,0.100745249222545,30.817733809351907,0.217434249818325,0.285300493240356
1845,MX20472,1845,1284.000000000000000,0.022291667023333,0.141555801033974,4.337332725524902,4.195776924490929,0.224759554020434,0.257504877803661,288.591267362236749,0.186639741063118,0.231734661757946
1846,MX20473,1846,575.000000000000000,0.009982639048611,0.133367687463760,3.359737396240234,3.226369708776474,0.241009527574415,0.271010254177149,138.580478355288449,0.183562368154526,0.267544978857040
1847,MX20474,1847,533.000000000000000,0.009253472370278,0.182814940810204,3.336845397949219,3.154030457139015,0.351684949942646,0.366267440502115,187.448078319430351,0.251622527837753,0.435083323717117
1848,MX11036,1848,416.000000000000000,0.007222222337778,0.344940900802612,19.506317138671875,19.161376237869263,1.339454112144617,2.128645905537153,557.212910652160758,0.671488732099533,2.682446122169495
1849,MX20475,1849,897.000000000000000,0.015572916915833,0.185257941484451,7.392191886901855,7.206933945417404,0.449888834769244,0.707002542269866,403.550284788012107,0.266847074031830,0.647003006935119
1850,MX21149,1850,464.000000000000000,0.008055555684444,0.286173909902573,18.075307846069336,17.789133936166763,1.867074334865501,2.674545635827871,866.322491377592428,0.766824245452881,4.971389913558959
1851,MX20476,1851,257.000000000000000,0.004461805626944,0.162039384245872,1.644140958786011,1.482101574540138,0.247102933808987,0.165484698981363,63.505453988909700,0.203097522258759,0.313956433534622
1852,MX20477,1852,964.000000000000000,0.016736111378889,0.145837858319283,0.655156135559082,0.509318277239799,0.194553204669126,0.043183269395457,187.549289301037930,0.184966407716274,0.222179648280144
1853,MX20478,1853,1005.000000000000000,0.017447916945833,0.137792080640793,1.378335833549500,1.240543752908707,0.198581929793998,0.095783532288224,199.574839442968397,0.176276177167892,0.225761651992798
1854,MX20479,1854,100.000000000000000,0.001736111138889,0.171894147992134,0.943198204040527,0.771304056048393,0.243867528587580,0.136654805621932,24.386752858757973,0.198883011937141,0.354146665334702
1855,MX20066,1855,2677.000000000000000,0.046475695188056,0.146044865250587,6.567025184631348,6.420980319380760,0.249028447206937,0.309157388477674,666.649153172969363,0.204069480299950,0.280013841390610
1856,MX20480,1856,343.000000000000000,0.005954861206389,0.156277015805244,1.947794079780579,1.791517063975334,0.230329453814829,0.153063176420442,79.003002658486338,0.201731458306313,0.263464683294296
1857,MX20481,1857,278.000000000000000,0.004826388966111,0.175823763012886,1.034701466560364,0.858877703547478,0.273234108422729,0.110628773826787,75.959082141518650,0.241624504327774,0.378267294168472
1858,MX10032,1858,32973.000000000000000,0.572447925825833,0.139343485236168,41.150726318359375,41.011382833123207,0.262901871823436,0.874952342175084,8668.663419634169259,0.194041103124619,0.240682855248451
1859,MX20482,1859,3834.000000000000000,0.066562501065000,0.151005014777184,15.806822776794434,15.655817762017250,0.447644325061646,1.132078231420041,1716.268342286349707,0.225049130618572,0.534164232015610
1860,MX30212,1860,1961.000000000000000,0.034045139433611,0.177970603108406,4.186241626739502,4.008271023631096,0.293149556328241,0.243423153569309,574.866279959680810,0.238455444574356,0.363739162683487
1861,MX20483,1861,470.000000000000000,0.008159722352778,0.176873475313187,4.719109058380127,4.542235583066940,0.591384385843226,0.773604346404491,277.950661346316224,0.258345171809196,1.680748617649079
1862,MX20484,1862,986.000000000000000,0.017118055829444,0.148916676640511,4.007796764373779,3.858880087733269,0.264997759512786,0.282793378094922,261.287790879607428,0.205252386629581,0.300624325871468
1863,MX20485,1863,627.000000000000000,0.010885416840833,0.145006299018860,2.331957817077637,2.186951518058777,0.238694479234481,0.201189440345572,149.661438480019513,0.197213575243950,0.273659652471542
1864,MX20487,1864,529.000000000000000,0.009184027924722,0.152201846241951,1.267423033714294,1.115221187472343,0.236337309467319,0.102786525386778,125.022436708211913,0.205453410744667,0.319637948274612
1865,MX20488,1865,68.000000000000000,0.001180555574444,0.179962486028671,1.158127188682556,0.978164702653885,0.336298191372086,0.195275266495757,22.868277013301842,0.239096440374851,0.567751950025558
1866,MX20489,1866,1417.000000000000000,0.024600694838056,0.126836866140366,1.902586817741394,1.775749951601028,0.216822916309263,0.113985921275379,307.238072410225584,0.188375607132912,0.274383306503296
1867,MX20490,1867,82.000000000000000,0.001423611133889,0.220522210001945,2.294217586517334,2.073695376515388,0.738662538913692,0.448960373861832,60.570328190922723,0.581654042005539,1.313796269893646
1868,MX20491,1868,1222.000000000000000,0.021215278117222,0.138259857892990,1.474582314491272,1.336322456598282,0.193870185403406,0.081246740986561,236.909366562962532,0.178448036313057,0.213490389287472
1869,MX20492,1869,1215.000000000000000,0.021093750337500,0.150434717535973,1.800429344177246,1.649994626641273,0.225268347175033,0.136064461789189,273.701041817665384,0.196119621396065,0.271267491579056
1870,MX20493,1870,86.000000000000000,0.001493055579444,0.209616884589195,1.664653301239014,1.455036416649818,0.387993002353713,0.296229710124516,33.367398202419288,0.263884305953979,0.701655060052872
1871,MX20494,1871,310.000000000000000,0.005381944530556,0.181507930159569,1.321134448051453,1.139626517891884,0.304076147656287,0.156556716197278,94.263605773448887,0.257609173655510,0.429894390702248
1872,MX13056,1872,318.000000000000000,0.005520833421667,0.375646382570267,19.806249618530273,19.430603235960007,3.840233698768433,4.032254587240974,1221.194316208361897,2.408590435981750,9.981056690216064
1873,MX30143,1873,3045.000000000000000,0.052864584179167,0.176428720355034,13.728354454040527,13.551925733685493,0.385230495527460,0.627299870119292,1173.026858881114322,0.266701340675354,0.539110946655273
1874,MX20495,1874,671.000000000000000,0.011649305741944,0.141868993639946,1.013943433761597,0.872074440121651,0.199909848378952,0.068058464172001,134.139508262276593,0.185228481888771,0.223652765154839
1875,MX20496,1875,308.000000000000000,0.005347222307778,0.160667300224304,1.952123641967773,1.791456341743469,0.284485288399767,0.218741756186818,87.621468827128339,0.216137014329433,0.450179573893547
1876,MX20497,1876,202.000000000000000,0.003506944500556,0.145403876900673,3.378863573074341,3.233459696173668,0.351794239022944,0.493656720947257,71.062436282634721,0.196169145405293,0.595747369527817
1877,MX20498,1877,5023.000000000000000,0.087204862506389,0.158523559570312,3.768013954162598,3.609490394592285,0.254912702781661,0.138485179781762,1280.426506072284155,0.226991325616837,0.308710718154907
1878,MX20499,1878,333.000000000000000,0.005781250092500,0.162966057658195,4.952847480773926,4.789881423115730,0.345179512828320,0.505003086980785,114.944777771830616,0.214967936277390,0.463382470607758
1879,MX20500,1879,1624.000000000000000,0.028194444895556,0.125224262475967,4.174205303192139,4.048981040716171,0.216609806822512,0.198411547196087,351.774326279758952,0.188911862671375,0.262065741419792
1880,MX20501,1880,246.000000000000000,0.004270833401667,0.152589350938797,2.774820566177368,2.622231215238571,0.272540838556077,0.274852559915503,67.045046284794822,0.199151873588562,0.340099737048149
1881,MX20502,1881,1044.000000000000000,0.018125000290000,0.137034326791763,2.474755287170410,2.337720960378647,0.221733348522607,0.155939734574909,231.489615857601336,0.191447794437408,0.250339925289154
1882,MX20503,1882,43.000000000000000,0.000746527789722,0.197958335280418,1.167716860771179,0.969758525490761,0.343343985288642,0.210922620751107,14.763791367411613,0.250691115856171,0.629195618629456
1883,MX24033,1883,21992.000000000000000,0.381805561664445,0.148032069206238,6.872296810150146,6.724264740943909,0.213771857491334,0.157132234557191,4701.270689949417829,0.197448439896107,0.227291151881218
1884,MX20506,1884,215.000000000000000,0.003732638948611,0.157480850815773,1.752094149589539,1.594613298773766,0.233999939505444,0.184138214938228,50.309986993670485,0.191697150468826,0.260499483346939
1885,MX20507,1885,699.000000000000000,0.012135416860833,0.160533487796783,3.412445306777954,3.251911818981171,0.242900996142532,0.248948693121154,169.787796303630131,0.197869017720222,0.253495991230011
1886,MX20508,1886,340.000000000000000,0.005902777872222,0.148812681436539,2.877251625061035,2.728438943624496,0.325295664895983,0.314394216690911,110.600526064634309,0.215411409735680,0.527935242652893
1887,MX20509,1887,508.000000000000000,0.008819444585556,0.179870218038559,3.528836250305176,3.348966032266617,0.367643947500413,0.278989288976726,186.763125330209874,0.287672549486160,0.559247887134552
1888,MX20505,1888,972.000000000000000,0.016875000270000,0.166172891855240,6.410523414611816,6.244350522756577,0.396512480797591,0.521253826419424,385.410131335258200,0.270531669259071,0.579077970981598
1889,MX20510,1889,86.000000000000000,0.001493055579444,0.163078948855400,0.788191914558411,0.625112965703011,0.247403009166551,0.114592348728360,21.276658788323388,0.206444233655930,0.373891726136208
1890,MX20511,1890,716.000000000000000,0.012430555754444,0.158888578414917,1.242069721221924,1.083181142807007,0.214815378313957,0.077744582129394,153.807810872793311,0.197688229382038,0.247576683759689
1891,MX20512,1891,310.000000000000000,0.005381944530556,0.099012851715088,1.250888824462891,1.151875972747803,0.200658017324825,0.114717013213681,62.203985370695605,0.174814537167549,0.242961098253727
1892,MX20513,1892,1658.000000000000000,0.028784722682778,0.135864704847336,5.466200351715088,5.330335646867752,0.276719131312626,0.293935548895466,458.800319716334343,0.226587057113647,0.342666715383530
1893,MX20514,1893,277.000000000000000,0.004809027854722,0.137961298227310,1.037918329238892,0.899957031011581,0.207078133356700,0.099747076179650,57.360642939805999,0.183729693293571,0.251104652881622
1894,MX20515,1894,5824.000000000000000,0.101111112728889,0.131521761417389,23.822687149047852,23.691165387630463,0.551587913940140,1.569296233805408,3212.448010787372368,0.238519333302975,0.770428431034088
1895,MX20516,1895,1091.000000000000000,0.018940972525278,0.150066539645195,2.014335632324219,1.864269092679024,0.214218134458299,0.133000249757321,233.711984694004258,0.191842213273048,0.225972667336464
1896,MX20517,1896,558.000000000000000,0.009687500155000,0.148907810449600,3.678817510604858,3.529909700155258,0.320884163180987,0.361288005470135,179.053363054990626,0.213052362203598,0.474280148744583
1897,MX20518,1897,55.000000000000000,0.000954861126389,0.168717533349991,0.555538773536682,0.386821240186691,0.253731028871103,0.083764310628068,13.955206587910649,0.224122479557991,0.366579240560532
1898,MX20519,1898,149.000000000000000,0.002586805596944,0.288497149944305,9.173777580261230,8.885280430316925,1.445138058206379,1.800016255805050,215.325570672750473,0.668257892131805,3.721087217330936
1899,MX20520,1899,810.000000000000000,0.014062500225000,0.170012101531029,5.338939189910889,5.168927088379860,0.348191324336293,0.439091300601376,282.034972712397519,0.226082205772400,0.470689511299134
1900,MX20521,1900,132.000000000000000,0.002291666703333,0.167399913072586,0.285432279109955,0.118032366037369,0.199244845997203,0.019546298498138,26.300319671630856,0.196424163877964,0.219814400374889
1901,MX20522,1901,271.000000000000000,0.004704861186389,0.136889219284058,2.143714427947998,2.006825208663940,0.219057862884004,0.193359135827178,59.364680841565146,0.181211113929749,0.246028438210487
1902,MX20523,1902,338.000000000000000,0.005868055649444,0.160138592123985,5.621347904205322,5.461209312081337,0.344664599768509,0.586359662762798,116.496634721755953,0.216806210577488,0.424203941226006
1903,MX20524,1903,179.000000000000000,0.003107638938611,0.157235339283943,1.138119101524353,0.980883762240410,0.216678744088338,0.100492421364492,38.785495191812515,0.193878009915352,0.237557977437973
1904,MX20525,1904,3142.000000000000000,0.054548611983889,0.131258234381676,8.901081085205078,8.769822850823402,0.274834561317609,0.482388214582276,863.530191659928960,0.200243569910526,0.303563702106476
1905,MX15078,1905,515.000000000000000,0.008940972365278,0.191143289208412,13.708814620971680,13.517671331763268,0.616322199927950,1.293169725268042,317.405932962894440,0.299850165843964,0.885081279277803
1906,MX21151,1906,99.000000000000000,0.001718750027500,0.721934378147125,13.064672470092773,12.342738091945648,2.715257330976352,2.532348504013552,268.810475766658897,1.537285327911377,6.018095684051515
1907,MX20530,1907,340.000000000000000,0.005902777872222,0.232610255479813,4.205633640289307,3.973023384809494,0.574612256358651,0.479570932805636,195.368167161941386,0.422806099057198,0.962838256359100
1908,MX20531,1908,218.000000000000000,0.003784722282778,0.185233429074287,3.754057884216309,3.568824455142021,0.377977713464050,0.485345916158451,82.399141535162983,0.244429677724838,0.430075290799141
1909,MX20532,1909,390.000000000000000,0.006770833441667,0.172310337424278,1.186700582504272,1.014390245079994,0.301722890406082,0.127844056814588,117.671927258372136,0.258868902921677,0.441375458240509
1910,MX20533,1910,327.000000000000000,0.005677083424167,0.149460241198540,2.213034152984619,2.063573911786079,0.322298323296991,0.272303712165691,105.391551718115920,0.221312433481216,0.562222528457642
1911,MX20526,1911,1096.000000000000000,0.019027778082222,0.146523445844650,5.937630653381348,5.791107207536697,0.314891492784784,0.429211193329129,345.121076092123758,0.205764703452587,0.425811022520065
1912,MX20527,1912,410.000000000000000,0.007118055669444,0.156476795673370,2.248697280883789,2.092220485210419,0.248779788758696,0.176878612548953,101.999713391065526,0.204208254814148,0.301344138383865
1913,MX20528,1913,259.000000000000000,0.004496527849722,0.156908854842186,2.176667690277100,2.019758835434914,0.241815260651029,0.212842197795560,62.630152508616476,0.192658185958862,0.263138890266419
1914,MX20529,1914,298.000000000000000,0.005173611193889,0.177883028984070,1.956669569015503,1.778786540031433,0.316809385764919,0.220115668666185,94.409196957945781,0.232755079865456,0.568445676565170
1915,MX26060,1915,7325.000000000000000,0.127170140923611,0.175994172692299,8.527688026428223,8.351693853735924,0.233015526270704,0.199629497350073,1706.838729932903561,0.219771087169647,0.237507992982864
1916,MX08061,1916,18757.000000000000000,0.325642366321389,0.163258463144302,21.687891006469727,21.524632543325424,0.230512925048064,0.385437364330457,4323.730935126532131,0.210089579224586,0.234000343084335
1917,MX08062,1917,16058.000000000000000,0.278784726682778,0.162099048495293,28.081710815429688,27.919611766934395,0.346871845090111,0.914143916412990,5570.068088456998339,0.230155996978283,0.362024286389351
1918,MX14082,1918,1072.000000000000000,0.018611111408889,0.190575197339058,31.704225540161133,31.513650342822075,1.194201963522765,3.276654735628547,1280.184504896404633,0.321240812540054,1.918013679981232
1919,MX30144,1919,3241.000000000000000,0.056267362011389,0.208647415041924,17.128744125366211,16.920096710324287,0.461627265142460,0.829030487438298,1496.133966326711970,0.302147686481476,0.640502095222473
1920,MX16080,1920,1243.000000000000000,0.021579861456389,0.178093463182449,4.224191665649414,4.046098202466965,0.330743507342000,0.230593582402343,411.114179626106534,0.277639597654343,0.472718095779419
1921,MX31067,1921,879.000000000000000,0.015260416910833,0.255586475133896,15.206063270568848,14.950476795434952,0.677299753492602,1.189847366978066,595.346483319997333,0.445849895477295,0.802006387710571
1922,MX05034,1922,41663.000000000000000,0.723315983795278,0.147736981511116,43.057636260986328,42.909899279475212,0.221603119783272,0.517887399753811,9232.650779530460568,0.201274812221527,0.221730506420136
1923,MX20537,1923,2110.000000000000000,0.036631945030556,0.133061423897743,3.608455896377563,3.475394472479820,0.239686634211461,0.214293308638415,505.738798186183772,0.193906292319298,0.293345308303833
1924,MX11037,1924,2690.000000000000000,0.046701389636111,0.489788651466370,71.118133544921875,70.628344893455505,5.934666969397249,9.787073498181142,15964.254147678599111,2.447278499603271,14.345653629302962
1925,MX07080,1925,4242.000000000000000,0.073645834511667,0.112406037747860,7.637276172637939,7.524870134890079,0.297646474059828,0.321344966341678,1262.616342961790906,0.206597648561001,0.501510357856751
1926,MX07081,1926,1538.000000000000000,0.026701389316111,0.190837845206261,15.669911384582520,15.479073539376259,0.882211927678168,1.324616009344633,1356.841944769022575,0.489043593406677,1.648543357849121
1927,MX25017,1927,32821.000000000000000,0.569809036894722,0.163320690393448,21.039983749389648,20.876663058996201,0.290261216273015,0.444073656598348,9526.663379296624043,0.219614654779434,0.344173818826675
1928,MX31068,1928,671.000000000000000,0.011649305741944,0.192508503794670,5.773599624633789,5.581091120839119,0.372351463123512,0.513802403898138,249.847831755876228,0.246526852250099,0.455854177474976
1929,MX13057,1929,2088.000000000000000,0.036250000580000,0.269421726465225,15.331614494323730,15.062192767858505,0.706905670264215,0.890238679147786,1476.019039511681285,0.508766084909439,1.090680670738220
1930,MX07082,1930,515.000000000000000,0.008940972365278,0.235025852918625,5.625187397003174,5.390161544084549,0.555303729564241,0.524186222512809,285.981420725584144,0.394691377878189,0.880483257770538
1931,MX20538,1931,87.000000000000000,0.001510416690833,0.309836924076080,1.544726014137268,1.234889090061188,0.624329931777099,0.245870716105545,54.316704064607634,0.554610848426819,0.967631852626801
1932,MX30146,1932,78.000000000000000,0.001354166688333,0.409503281116486,3.083453655242920,2.673950374126434,0.833878775055592,0.492961940718097,65.042544454336195,0.711724311113358,1.312716066837311
1933,MX07083,1933,3081.000000000000000,0.053489584189167,0.126357182860374,8.960255622863770,8.833898440003395,0.418780430953095,0.621298187526985,1290.262507766484532,0.235253185033798,0.750828087329865
1934,MX30145,1934,474.000000000000000,0.008229166798333,0.422599077224731,10.915775299072266,10.493176221847534,1.108421638922350,1.642437350214428,525.391856849193687,0.601939678192139,1.541465234756469
1935,MX30147,1935,567.000000000000000,0.009843750157500,0.217703387141228,11.675385475158691,11.457682088017464,1.843662083175235,1.994543099323481,1045.356401160358473,0.960434675216675,4.794374561309814
1936,MX30148,1936,2052.000000000000000,0.035625000570000,0.217265546321869,13.598026275634766,13.380760729312897,0.474422122920060,0.775048477120037,973.514196231962501,0.347548782825470,0.606493979692459
1937,MX24035,1937,1545.000000000000000,0.026822917095833,0.218381881713867,65.478981018066406,65.260599136352539,5.785893184766416,11.302226367401909,8939.204970464112193,0.869965672492981,22.585180664062502
1938,MX20539,1938,61.000000000000000,0.001059027794722,0.436515867710114,8.588785171508789,8.152269303798676,2.855746781728307,2.219117839482490,174.200553685426712,2.541671276092529,6.299215316772461
1939,MX23008,1939,10548.000000000000000,0.183125002930000,0.148931190371513,86.746543884277344,86.597612693905830,1.454102727035362,6.292689588130654,15337.875564769001357,0.204902671277523,0.717251211404801
1940,MX07084,1940,758.000000000000000,0.013159722432778,0.211151957511902,4.214280605316162,4.003128647804260,0.404315143980892,0.351662607597063,306.470879137515794,0.315622419118881,0.568680351972580
1941,MX21152,1941,563.000000000000000,0.009774305711944,0.314178496599197,8.604926109313965,8.290747612714767,0.778201201034058,1.008897824875062,438.127276182174910,0.457863330841064,1.279577302932740
1942,MX32042,1942,18527.000000000000000,0.321649310701944,0.142673522233963,46.628444671630859,46.485771149396896,0.371882058381262,1.292447752371793,6889.858895629648941,0.215040609240532,0.382725453376770
1943,MX30149,1943,2369.000000000000000,0.041128472880278,0.176830008625984,9.953712463378906,9.776882454752922,0.546073707895423,0.764996824243721,1293.648614004257752,0.358533918857574,0.898209691047668
1944,MX28037,1944,32394.000000000000000,0.562395842331667,0.146091952919960,23.838075637817383,23.691983684897423,0.218833973909676,0.341643749425275,7088.907750830047007,0.199516832828522,0.225447244942188
1945,MX31069,1945,2729.000000000000000,0.047378472980278,0.159661069512367,9.854550361633301,9.694889292120934,0.272365282332341,0.428960691333881,743.284855484959849,0.207709893584251,0.262818801403046
1946,MX07085,1946,465.000000000000000,0.008072916795833,0.235152170062065,7.380991458892822,7.145839288830757,0.572357593781204,0.825474243129217,266.146281108259984,0.332805156707764,0.975922894477844
1947,MX15079,1947,725.000000000000000,0.012586805756944,0.353280007839203,20.649757385253906,20.296477377414703,1.446630557117790,2.017566223565654,1048.807153910398029,0.799433410167694,2.676592397689820
1948,MX26061,1948,9140.000000000000000,0.158680558094444,0.172232717275620,5.397686481475830,5.225453764200211,0.225587353972755,0.137536823274408,2061.868415310979799,0.213797636330128,0.231442876160145
1949,MX26062,1949,4854.000000000000000,0.084270834681667,0.167766079306602,7.300208568572998,7.132442489266396,0.222786404078862,0.195021426951855,1081.405205398798444,0.211470603942871,0.228228837251663
1950,MX07086,1950,1385.000000000000000,0.024045139273611,0.179839968681335,19.823507308959961,19.643667340278625,0.726446298302726,1.672830972938593,1006.128123149275325,0.315559893846512,1.086292695999146
1951,MX07087,1951,1136.000000000000000,0.019722222537778,0.198301821947098,20.653528213500977,20.455226391553879,0.942360103746849,1.647198389421549,1070.521077856421016,0.494956731796265,1.661426007747650
1952,MX10033,1952,7473.000000000000000,0.129739585409167,0.132893800735474,10.551448822021484,10.418555021286011,0.211327331289938,0.334425045646121,1579.249146729708627,0.182007044553757,0.215300834178925
1953,MX31070,1953,1543.000000000000000,0.026788194873056,0.164599791169167,8.179184913635254,8.014585122466087,0.274726896435119,0.515583839678609,423.903601199388277,0.204715967178345,0.258062160015106
1954,MX31071,1954,1117.000000000000000,0.019392361421389,0.157423228025436,2.891071319580078,2.733648091554642,0.250613488290282,0.171846425422679,279.935266420244886,0.215837702155113,0.289484792947769
1955,MX15080,1955,2794.000000000000000,0.048506945220556,0.163119658827782,17.149448394775391,16.986328735947609,0.404730830701573,0.696715505761250,1130.817940980195317,0.268626794219017,0.613103616237640
1956,MX31072,1956,437.000000000000000,0.007586805676944,0.227931320667267,3.711242914199829,3.483311593532562,0.417161055710550,0.400378266012332,182.299381345510511,0.310494035482407,0.529674375057220
1957,MX07088,1957,388.000000000000000,0.006736111218889,0.353241533041000,3.305784225463867,2.952542692422867,0.543633479893822,0.282224431111900,210.929790198802948,0.489440485835075,0.650637608766556
1958,MX32043,1958,1009.000000000000000,0.017517361391389,0.158026307821274,5.282923698425293,5.124897390604019,0.280809491813715,0.427418665688127,283.336777240037975,0.196605488657951,0.271245688199997
1959,MX16081,1959,1330.000000000000000,0.023090278147222,0.149668186903000,2.233103990554810,2.083435803651810,0.258465143814123,0.148728624661340,343.758641272783905,0.220771335065365,0.350765821337700
1960,MX32044,1960,2058.000000000000000,0.035729167238333,0.156183615326881,10.284101486206055,10.127917870879173,0.350971112938270,0.645753078614409,722.298550426959537,0.222979560494423,0.473276361823082
1961,MX16082,1961,3893.000000000000000,0.067586806636944,0.149813756346703,14.740870475769043,14.591056719422340,0.360271228096983,0.736513623801586,1402.535890981554076,0.235705628991127,0.456845664978027
1962,MX27015,1962,3602.000000000000000,0.062534723222778,0.247374504804611,21.721549987792969,21.474175482988358,0.680055753679025,0.929673773886582,2449.560824751849850,0.443246275186539,1.187768340110779
1963,MX31073,1963,1200.000000000000000,0.020833333666667,0.159669131040573,9.633367538452148,9.473698407411575,0.275197988487780,0.517942541616041,330.237586185335942,0.204462096095085,0.266897276043892
1964,MX31074,1964,520.000000000000000,0.009027777922222,0.252077072858810,3.999582290649414,3.747505217790604,0.447006244842823,0.373458395067814,232.443247318267879,0.340944051742554,0.645062273740769
1965,MX14083,1965,2053.000000000000000,0.035642361681389,0.296494901180267,29.052675247192383,28.756180346012115,1.629114874385942,3.325724415357157,3344.572837114338654,0.591047763824463,3.134676218032836
1966,MX14084,1966,9944.000000000000000,0.172638891651111,0.124876432120800,12.641109466552734,12.516233034431934,0.211356540805453,0.326826907884437,2101.729441769423374,0.178618878126144,0.225041930377483
1967,MX30150,1967,1285.000000000000000,0.022309028134722,0.171494275331497,7.043407440185547,6.871913164854050,0.377857397583672,0.521982729055177,485.546755895018407,0.243083626031876,0.511982393264771
1968,MX24036,1968,6659.000000000000000,0.115607640738611,0.159753710031509,6.500733375549316,6.340979665517807,0.277704504950840,0.252142195989354,1849.234298467642247,0.235503181815147,0.339490419626236
1969,MX10034,1969,29886.000000000000000,0.518854174968333,0.145541384816170,10.395864486694336,10.250323101878166,0.212027751060404,0.146976578479772,6336.661368191234033,0.197806172072887,0.230386249721050
1970,MX14085,1970,6762.000000000000000,0.117395835211667,0.146635204553604,14.038431167602539,13.891795963048935,0.347798100030571,0.639837138939666,2351.810752406722258,0.225339658558369,0.443724974989891
1971,MX20031,1971,548.000000000000000,0.009513889041111,0.164598718285561,6.375950336456299,6.211351618170738,0.399705659652496,0.519395828878043,219.038701489567757,0.259275406599045,0.692347574234009
1972,MX24037,1972,1768.000000000000000,0.030694444935556,0.290370762348175,19.579383850097656,19.289013087749481,1.061362741203195,1.604143778888290,1876.489326447248686,0.678758859634399,1.530310213565826
1973,MX30151,1973,3748.000000000000000,0.065069445485556,0.144293695688248,12.885751724243164,12.741458028554916,0.399792346256520,0.508066360838918,1498.421713769435428,0.260390058159828,0.742314487695694
1974,MX24038,1974,940.000000000000000,0.016319444705556,0.213876843452454,4.887463569641113,4.673586726188660,0.406514148556806,0.335171131242018,382.123299643397161,0.335470706224442,0.561287695169449
1975,MX24039,1975,1316.000000000000000,0.022847222587778,0.199970081448555,4.966645240783691,4.766675159335136,0.368291196455799,0.275985900653363,484.671214535831837,0.289601519703865,0.548705995082855
1976,MX28038,1976,573.000000000000000,0.009947916825833,0.687073230743408,76.294784545898438,75.607711315155029,15.765631610810434,16.342459549357962,9033.706912994379309,5.739756584167480,39.404635620117190
1977,MX30152,1977,4287.000000000000000,0.074427084524167,0.143212318420410,6.279232501983643,6.136020183563232,0.305697993121838,0.226143561326683,1310.527296513319925,0.260440438985825,0.425110208988190
1978,MX24040,1978,9297.000000000000000,0.161406252582500,0.166211605072021,14.593188285827637,14.426976680755615,0.357690492982094,0.648952139502606,3325.448513254529189,0.246969103813171,0.439503860473633
1979,MX24012,1979,684.000000000000000,0.011875000190000,0.225617915391922,4.372862815856934,4.147244900465012,0.555515434723674,0.387334276522120,379.972557350993327,0.471939235925674,0.838706547021866
1980,MX16083,1980,3536.000000000000000,0.061388889871111,0.152946189045906,6.027828216552734,5.874882027506828,0.293194197177280,0.319651789747822,1036.734681218863216,0.228360034525394,0.381396010518074
1981,MX30153,1981,783.000000000000000,0.013593750217500,0.181397870182991,11.274014472961426,11.092616602778435,0.415993510458814,0.642933216088780,325.722918689251287,0.286686033010483,0.629224288463592
1982,MX20541,1982,105.000000000000000,0.001822916695833,0.187094017863274,2.071601867675781,1.884507849812508,0.351945342336382,0.279543619765249,36.954260945320136,0.252308964729309,0.566125810146332
1983,MX16084,1983,1567.000000000000000,0.027204861546389,0.192371547222137,10.468934059143066,10.276562511920929,0.475276062651357,0.741178521069709,744.757590174677148,0.283406794071198,0.710297536849976
1984,MX16085,1984,1911.000000000000000,0.033177083864167,0.169908061623573,17.101671218872070,16.931763157248497,0.744071610907434,1.261512661466440,1421.920848444106468,0.397468030452728,1.434485912322998
1985,MX16086,1985,1128.000000000000000,0.019583333646667,0.221725285053253,11.155650138854980,10.933924853801727,0.629480391199178,0.878493418732163,710.053881272673152,0.387805506587029,1.069210410118103
1986,MX20542,1986,55.000000000000000,0.000954861126389,0.215315014123917,1.469024419784546,1.253709405660629,0.444888792525638,0.321571337181397,24.468883588910110,0.300237476825714,1.038590645790100
1987,MX24041,1987,1887.000000000000000,0.032760417190833,0.187023535370827,3.210772752761841,3.023749217391014,0.316721553280042,0.187125999740727,597.653571039439385,0.260920286178589,0.459252458810806
1988,MX24042,1988,727.000000000000000,0.012621527979722,0.214347437024117,10.252298355102539,10.037950918078423,0.613362938821562,1.089384425157698,445.914856523275603,0.322076171636581,0.941610109806061
1989,MX30154,1989,1669.000000000000000,0.028975694908056,0.173849001526833,2.663955450057983,2.490106448531151,0.300902877429276,0.167893735115625,502.206902429461650,0.253253161907196,0.434940767288208
1990,MX30155,1990,6531.000000000000000,0.113385418480833,0.159288331866264,13.951015472412109,13.791727140545845,0.401663292450920,0.760776651206320,2623.262962996958777,0.250424444675446,0.615983366966248
1991,MX07089,1991,4728.000000000000000,0.082083334646667,0.170508950948715,32.790187835693359,32.619678884744644,1.712378605727461,3.826046187117548,8096.126047879436555,0.621238768100739,2.736410570144656
1992,MX07090,1992,327.000000000000000,0.005677083424167,0.215602740645409,8.822252273559570,8.606649532914162,0.583053690532297,0.870916620562570,190.658556804060993,0.332066655158997,1.019431495666504
1993,MX14086,1993,3077.000000000000000,0.053420139743611,0.155152305960655,16.100963592529297,15.945811286568642,0.392678332374318,0.748634201408380,1208.271228715777625,0.225973814725876,0.556414830684662
1994,MX07091,1994,206.000000000000000,0.003576388946111,0.264929175376892,21.291633605957031,21.026704430580139,1.468321614039754,2.536591625850347,302.474252492189407,0.788252294063568,2.269328355789185
1995,MX11038,1995,609.000000000000000,0.010572916835833,0.345599085092545,27.718563079833984,27.372963994741440,1.627293234877595,2.883334076660310,991.021580040455206,0.718289196491241,3.469869995117188
1996,MX16087,1996,918.000000000000000,0.015937500255000,0.208323612809181,6.985116481781006,6.776792868971825,0.451040959939328,0.510755073432343,414.055601224303075,0.322547629475594,0.614089000225067
1997,MX16088,1997,1273.000000000000000,0.022100694798056,0.264520794153214,22.338022232055664,22.073501437902451,1.987043895266324,3.335113568588660,2529.506878674030304,0.742704331874847,4.709368705749509
1998,MX11039,1998,1660.000000000000000,0.028819444905556,0.293911159038544,24.064907073974609,23.770995914936066,1.266431007848445,2.121277004653909,2102.275473028419128,0.623895913362503,2.535911297798158
1999,MX13058,1999,1193.000000000000000,0.020711805886944,0.214799940586090,9.174472808837891,8.959672868251801,0.715123829740191,0.856549706921352,853.142728880048026,0.415649205446243,1.560869741439819
2000,MX30209,2000,1459.000000000000000,0.025329861516389,0.155275255441666,12.970743179321289,12.815467923879623,0.385515503784497,0.793278545343173,562.467120021581763,0.253473937511444,0.506235456466675
2001,MX20543,2001,1071.000000000000000,0.018593750297500,0.142623588442802,3.476485967636108,3.333862379193306,0.225210669327851,0.228330150685388,241.200626850128373,0.182130023837090,0.246950462460518
2002,MX30156,2002,453.000000000000000,0.007864583459167,0.210649758577347,2.413810014724731,2.203160256147385,0.363652364274787,0.202364438353146,164.734521016478595,0.313121408224106,0.495355522632599
2003,MX12055,2003,3206.000000000000000,0.055659723112778,0.168014585971832,26.933166503906250,26.765151917934418,0.648333638776340,1.426754144779362,2078.557645916944693,0.348884671926498,1.015593528747559
2004,MX31075,2004,1120.000000000000000,0.019444444755556,0.180706560611725,7.612980842590332,7.432274281978607,0.326181451324374,0.466068011195959,365.323225483298359,0.232376910746098,0.390317350625992
2005,MX27016,2005,2059.000000000000000,0.035746528349722,0.268129855394363,26.040254592895508,25.772124737501144,1.145475969058672,1.992806949020318,2358.535020291805722,0.730354905128479,1.616764736175537
2006,MX21153,2006,866.000000000000000,0.015034722462778,0.389121264219284,41.543445587158203,41.154324322938919,1.627051639501823,2.974033829397855,1409.026719808578491,0.801797598600388,3.042709708213806
2007,MX14087,2007,6442.000000000000000,0.111840279567222,0.141703903675079,20.851156234741211,20.709452331066132,0.263621909875228,0.713345481716439,1698.252343416220583,0.187683023512363,0.266289228200912
2008,MX15081,2008,775.000000000000000,0.013454861326389,1.948366403579712,83.512176513671875,81.563810110092163,21.527003883238780,18.155223705391279,16683.428009510054835,16.030050277709961,46.640443420410158
2009,MX21154,2009,896.000000000000000,0.015555555804444,0.458727329969406,50.873889923095703,50.415162593126297,4.163894841414216,5.727963089507816,3730.849777907137195,2.044641733169556,9.625140190124512
2010,MX02003,2010,14571.000000000000000,0.252968754047500,0.188675716519356,125.632797241210938,125.444121524691582,0.744463528034437,2.976609085899475,10847.578066989775834,0.298181354999542,0.804800748825073
2011,MX14089,2011,392.000000000000000,0.006805555664444,0.184130147099495,11.104165077209473,10.920034930109978,0.608871971200011,1.274702407646251,238.677812710404481,0.258588835597038,1.092746955156330
2012,MX12056,2012,3413.000000000000000,0.059253473170278,0.171546205878258,6.950313091278076,6.778766885399818,0.383576597325305,0.399802802649333,1309.146926671266783,0.274209409952164,0.586313843727112
2013,MX31076,2013,1836.000000000000000,0.031875000510000,0.180249974131584,9.642654418945312,9.462404444813728,0.402336461473588,0.632770145302681,738.689743265507445,0.257902950048447,0.494236633181572
2014,MX14088,2014,3810.000000000000000,0.066145834391667,0.147283285856247,32.396816253662109,32.249532967805862,0.339988656482828,0.924096313139521,1295.356781199575153,0.214935623109341,0.394102644920349
2015,MX30158,2015,2621.000000000000000,0.045503472950278,0.211825624108315,35.823478698730469,35.611653074622154,0.562884410190156,1.227159107876205,1475.320039108398532,0.333466768264771,0.781171321868896
2016,MX06009,2016,4522.000000000000000,0.078506945700556,0.127924546599388,36.959419250488281,36.831494703888893,0.871409574878633,2.561068384079722,3940.514097601178491,0.306465059518814,1.110929715633393
2017,MX21155,2017,713.000000000000000,0.012378472420278,0.162187844514847,12.301749229431152,12.139561384916306,0.508680761382924,1.134564288646861,362.689382866025028,0.260964781045914,0.668464577198029
2018,MX13059,2018,2623.000000000000000,0.045538195173056,0.197839841246605,15.770450592041016,15.572610750794411,0.691503517747243,0.909688227109922,1813.813727051017622,0.413353800773621,1.379755210876465
2019,MX12057,2019,13932.000000000000000,0.241875003870000,0.123017668724060,15.213937759399414,15.090920090675354,0.285456345011509,0.477445663497600,3976.977798700338099,0.205435827374458,0.350263562798500
2020,MX07092,2020,4981.000000000000000,0.086475695828056,0.166569873690605,7.810016632080078,7.643446758389473,0.307056878410508,0.312330158804824,1529.450311362742468,0.249151527881622,0.374506950378418
2021,MX18016,2021,4068.000000000000000,0.070625001130000,0.159092038869858,34.774337768554688,34.615245729684830,0.427436808547261,1.289677813482378,1738.812937170259602,0.226913705468178,0.506048041582108
2022,MX21156,2022,2717.000000000000000,0.047170139643611,0.197613641619682,49.333045959472656,49.135432317852974,3.489681269810363,8.099946096471482,9481.464010074756516,0.546515941619873,9.335804748535175
2023,MX30159,2023,435.000000000000000,0.007552083454167,0.276674658060074,9.237812995910645,8.961138337850571,0.844094122072746,0.910758112069664,367.180943101644402,0.610266447067261,1.307664012908936
2024,MX21157,2024,2415.000000000000000,0.041927084004167,0.159167885780334,9.243793487548828,9.084625601768494,0.339430902228839,0.549163784719723,819.725628882647129,0.230366766452789,0.421566998958587
2025,MX15082,2025,3301.000000000000000,0.057309028694722,0.140527293086052,13.625555038452148,13.485027745366096,0.488786153547226,0.966115032724467,1613.483092859391718,0.282340466976166,0.726013720035553
2026,MX31077,2026,995.000000000000000,0.017274305831944,0.162543416023254,4.896246910095215,4.733703494071960,0.265602107173833,0.336492854140688,264.274096637964306,0.213464424014091,0.275999945402145
2027,MX31078,2027,402.000000000000000,0.006979166778333,0.237274482846260,8.241770744323730,8.004496261477470,0.557970658611896,0.985818580237643,224.304204761982135,0.297340601682663,0.818929797410966
2028,MX31079,2028,13758.000000000000000,0.238854170488333,0.130662366747856,31.594953536987305,31.464291170239449,0.283678051840820,0.920929823725468,3902.842637226003262,0.186163060367107,0.287426316738129
2029,MX31080,2029,1404.000000000000000,0.024375000390000,0.172122240066528,20.393602371215820,20.221480131149292,0.381379439301810,1.170399246988746,535.456732779741060,0.218442454934120,0.309304863214493
2030,MX31081,2030,1352.000000000000000,0.023472222597778,0.152868852019310,6.189232349395752,6.036363497376442,0.244742215076494,0.361671251364086,330.891474783420051,0.195462800562382,0.244815273582936
2031,MX31082,2031,294.000000000000000,0.005104166748333,0.210618570446968,7.807342529296875,7.596723958849907,0.621110046599187,1.077198170775535,182.606353700160923,0.300567477941513,0.926807695627212
2032,MX31083,2032,328.000000000000000,0.005694444535556,0.212896436452866,17.880874633789062,17.667978197336197,0.866603327824212,1.898672135465862,284.245891526341552,0.267789080739021,1.951008164882661
2033,MX12058,2033,4971.000000000000000,0.086302084714167,0.141379475593567,21.429315567016602,21.287936091423035,0.364429906328375,0.852059073772611,1811.581064358353160,0.223004862666130,0.455096006393433
2034,MX15083,2034,147.000000000000000,0.002552083374167,1.043187618255615,25.301883697509766,24.258696079254150,4.796775241287390,4.836182562076847,705.125960469246365,2.875499725341797,11.705591011047364
2035,MX15084,2035,815.000000000000000,0.014149305781944,0.792269349098206,20.670284271240234,19.878014922142029,3.317748489555408,3.494880684487328,2703.965018987657459,1.879005193710327,8.304987907409668
2036,MX15085,2036,1773.000000000000000,0.030781250492500,0.257858663797379,31.875127792358398,31.617269128561020,1.463577190766010,2.101036375825867,2594.922359228135974,0.740703225135803,3.148190689086914
2037,MX15086,2037,2800.000000000000000,0.048611111888889,0.194304093718529,18.289964675903320,18.095660582184792,0.672692612106246,0.999665524151484,1883.539313897488455,0.381363019347191,1.305578970909118
2038,MX31084,2038,1687.000000000000000,0.029288194913056,0.170279726386070,7.882427692413330,7.712147966027260,0.324137163766404,0.588563313110892,546.819395273924215,0.225474059581757,0.301579988002777
2039,MX17018,2039,512.000000000000000,0.008888889031111,0.531488776206970,22.877656936645508,22.346168160438538,5.608778508496468,5.937979130926950,2871.694596350191659,2.197184085845947,15.725207901000976
2040,MX17033,2040,181.000000000000000,0.003142361161389,0.769313335418701,13.923066139221191,13.153752803802490,2.442061348843970,2.573176695539556,442.013104140758571,1.178225159645081,6.316522121429443
2041,MX15087,2041,928.000000000000000,0.016111111368889,0.433368563652039,19.608436584472656,19.175068020820618,3.022137725597315,2.968514296519516,2804.543809354308905,1.987075150012970,7.370314884185795
2042,MX08063,2042,22738.000000000000000,0.394756950760556,0.171229362487793,6.621542453765869,6.450313091278076,0.224485950442735,0.121583675395281,5104.361541166902498,0.214741192758083,0.233658379316330
2043,MX31085,2043,3533.000000000000000,0.061336806536944,0.158720105886459,16.538974761962891,16.380254656076431,0.315007576448466,0.733105588332397,1112.921767592429205,0.204288095235825,0.319915395975113
2044,MX30161,2044,5784.000000000000000,0.100416668273333,0.164625376462936,9.916183471679688,9.751558095216751,0.291701163073813,0.386642783539274,1687.199527218936282,0.235983654856682,0.347425168752670
2045,MX04008,2045,5191.000000000000000,0.090121529219722,0.147869065403938,17.162483215332031,17.014614149928093,0.285341707366300,0.716126903456927,1481.208802938464942,0.202834218740463,0.257266610860825
2046,MX14090,2046,1404.000000000000000,0.024375000390000,0.139629617333412,8.494215011596680,8.354585394263268,0.318937136130965,0.538370593190597,447.787739127875284,0.215668678283691,0.372239989042282
2047,MX30162,2047,321.000000000000000,0.005572916755833,0.206260323524475,2.655472993850708,2.449212670326233,0.402499934733842,0.321357809071031,129.202479049563351,0.268538624048233,0.681108415126801
2048,MX21158,2048,698.000000000000000,0.012118055749444,0.219343557953835,2.275260686874390,2.055917128920555,0.336477068250193,0.166698884289762,234.860993638634540,0.298758655786514,0.404039961099625
2049,MX15088,2049,814.000000000000000,0.014131944670556,0.438102573156357,153.437835693359375,152.999733120203018,9.980185410570741,20.595561167322792,8123.870924204582479,3.727809309959412,19.339265823364261
2050,MX29027,2050,65.000000000000000,0.001128472240278,1.558421373367310,18.320589065551758,16.762167692184448,6.725157999992369,5.062531131241600,437.135269999503976,4.679469585418701,14.138823318481446
2051,MX13060,2051,882.000000000000000,0.015312500245000,0.190327480435371,13.795366287231445,13.605038806796074,0.736940428918722,1.023949960842550,649.981458306312788,0.476931139826775,1.208955979347229
2052,MX15089,2052,183.000000000000000,0.003177083384167,0.765652775764465,19.993494033813477,19.227841258049011,3.073019733520153,3.749602786545339,562.362611234187966,1.340228438377380,8.852217864990237
2053,MX15090,2053,1026.000000000000000,0.017812500285000,0.254347026348114,20.225807189941406,19.971460163593292,2.062405645179237,2.913986005931369,2116.028191953897021,0.902799814939499,5.642571210861206
2054,MX07093,2054,936.000000000000000,0.016250000260000,0.200351014733315,6.619371891021729,6.419020876288414,0.761237856223543,0.649381730812270,712.518633425236203,0.542416393756866,1.505631804466248
2055,MX30163,2055,429.000000000000000,0.007447916785833,0.177492320537567,1.622711300849915,1.445218980312347,0.270504718164464,0.157399633199017,116.046524092555117,0.227866232395172,0.327112817764282
2056,MX27017,2056,9104.000000000000000,0.158055558084444,0.129956483840942,37.776416778564453,37.646460294723511,0.420780003324532,1.439999118052182,3830.781150266535406,0.224113970994949,0.508056008815766
2057,MX14091,2057,4678.000000000000000,0.081215279077222,0.176697283983231,32.037731170654297,31.861033886671066,0.550190484787521,1.590287821851263,2573.791087836022143,0.293905869126320,0.654705697298050
2058,MX30164,2058,302.000000000000000,0.005243055639444,0.276210606098175,8.329936981201172,8.053726375102997,0.825354062563536,1.080386409522130,249.256926894187785,0.524706214666367,1.240378975868225
2059,MX20544,2059,653.000000000000000,0.011336805736944,0.143245160579681,1.774690628051758,1.631445467472076,0.220568064822720,0.138670151585924,144.030946329236031,0.190289497375488,0.247567445039749
2060,MX14092,2060,1665.000000000000000,0.028906250462500,0.202750384807587,12.062189102172852,11.859438717365265,0.457474455980210,0.721059847119621,761.694969207049098,0.281650781631470,0.696944737434388
2061,MX29028,2061,385.000000000000000,0.006684027884722,0.422296822071075,17.890859603881836,17.468562781810760,2.686747232040802,4.171500634844602,1034.397684335708618,0.740263462066650,9.974530029296893
2062,MX15091,2062,156.000000000000000,0.002708333376667,2.419956207275391,39.810760498046875,37.390804290771484,16.287523025121445,10.446765376948129,2540.853591918945312,15.262668132781982,31.471544265747070
2063,MX21159,2063,1224.000000000000000,0.021250000340000,0.228290110826492,5.734881401062012,5.506591290235519,0.364656466735052,0.313606560968149,446.339515283703236,0.296752735972404,0.492204511165619
2064,MX07094,2064,1381.000000000000000,0.023975694828056,0.175989583134651,22.433334350585938,22.257344767451286,0.916340682156528,2.137735498465789,1265.466482058165184,0.316604435443878,1.596090435981750
2065,MX15092,2065,415.000000000000000,0.007204861226389,1.628951787948608,33.869964599609375,32.241012811660767,8.231709922365402,7.135410178668537,3416.159617781641828,5.674216270446777,19.505450820922857
2066,MX20545,2066,716.000000000000000,0.012430555754444,0.146988272666931,8.852242469787598,8.705254197120667,0.446210473047455,0.883322512793519,319.486698701978014,0.208578757941723,0.667187005281448
2067,MX20546,2067,526.000000000000000,0.009131944590556,0.199903294444084,5.699274539947510,5.499371245503426,0.636204041710598,0.748678735624303,334.643325939774400,0.359647020697594,1.354603707790375
2068,MX21160,2068,673.000000000000000,0.011684027964722,0.175130769610405,5.425492763519287,5.250361993908882,0.362178104659778,0.466124855103623,243.745864436030303,0.236569643020630,0.568717598915100
2069,MX20547,2069,225.000000000000000,0.003906250062500,0.180022194981575,3.162568569183350,2.982546374201775,0.352135199904442,0.371171431140357,79.230419978499413,0.245449885725975,0.453396201133728
2070,MX26063,2070,4173.000000000000000,0.072447917825833,0.171670764684677,4.567942619323730,4.396271854639053,0.220226727145740,0.137644854280129,919.006132379174119,0.211224183440208,0.227976447343826
2071,MX31086,2071,547.000000000000000,0.009496527929722,0.196302846074104,7.828458309173584,7.632155463099480,0.415307957685844,0.741597455141709,227.173452854156466,0.243767544627190,0.536101114749909
2072,MX16089,2072,3936.000000000000000,0.068333334426667,0.140724629163742,21.118722915649414,20.977998286485672,0.373621695682528,0.986196397745299,1470.574994206428300,0.225799791514874,0.428908929228783
2073,MX17019,2073,1817.000000000000000,0.031545139393611,0.178598076105118,15.058794021606445,14.880195945501328,0.627411010029819,1.108208416225958,1140.005805224181586,0.367113649845123,0.880571734905243
2074,MX21161,2074,1117.000000000000000,0.019392361421389,0.226026773452759,10.670083999633789,10.444057226181030,1.050862667476800,1.448486713694704,1173.813599571585200,0.496858656406403,2.468189668655395
2075,MX21162,2075,147.000000000000000,0.002552083374167,0.281457245349884,6.271595001220703,5.990137755870819,0.724276130702220,1.016665022315856,106.468591213226361,0.404495745897293,1.595757150650026
2076,MX14093,2076,7001.000000000000000,0.121545140833611,0.207823023200035,44.370346069335938,44.162523046135902,1.279198635728710,3.710814980081920,8955.669648736700765,0.421439468860626,1.763634920120239
2077,MX30165,2077,297.000000000000000,0.005156250082500,0.251864731311798,2.810640811920166,2.558776080608368,0.563160538974435,0.398709883650763,167.258680075407057,0.425414472818375,0.980632567405701
2078,MX21163,2078,308.000000000000000,0.005347222307778,0.361250191926956,13.322772979736328,12.961522787809372,1.253821973676806,2.069495959432408,386.177167892456168,0.617223203182220,2.198116159439088
2079,MX21164,2079,1079.000000000000000,0.018732639188611,0.382930725812912,26.916763305664062,26.533832579851151,2.616876558532752,3.400747896753120,2823.609806656839737,1.388595819473267,6.302185630798341
2080,MX13061,2080,1206.000000000000000,0.020937500335000,0.257268667221069,55.928627014160156,55.671358346939087,2.352875468026149,6.147371927287320,2837.567814439535596,0.458449721336365,4.681589126586914
2081,MX32045,2081,2734.000000000000000,0.047465278537222,0.150888621807098,8.451991081237793,8.301102459430695,0.262292283262183,0.375832759498774,717.107102438808397,0.205561377108097,0.309043681621552
2082,MX12059,2082,4193.000000000000000,0.072795140053611,0.159616112709045,5.940423488616943,5.780807375907898,0.332023939176872,0.379594792915791,1392.176376968623799,0.228148996829987,0.497716659307480
2083,MX13062,2083,1736.000000000000000,0.030138889371111,0.195630669593811,4.086261749267578,3.890631079673767,0.409391294975983,0.308139696727896,710.703288078306628,0.309248462319374,0.668960094451904
2084,MX10035,2084,31384.000000000000000,0.544861119828889,0.137619659304619,10.389194488525391,10.251574829220772,0.197836168817350,0.158303316861738,6208.890322163711971,0.188106916844845,0.206010445952415
2085,MX13063,2085,1750.000000000000000,0.030381944930556,0.408335506916046,61.490665435791016,61.082329928874969,2.685932070067954,4.338881560261544,4700.381122618919107,1.502836942672729,5.415808153152467
2086,MX20548,2086,2822.000000000000000,0.048993056339444,0.136620432138443,3.668764352798462,3.532143920660019,0.216945171620219,0.198682558915396,612.219274312256971,0.184604205191135,0.246252349019051
2087,MX21165,2087,141.000000000000000,0.002447916705833,0.299127012491226,2.008293628692627,1.709166616201401,0.467794974222251,0.262286501973520,65.959091365337358,0.370706290006638,0.759056627750397
2088,MX21166,2088,651.000000000000000,0.011302083514167,0.301927179098129,9.451459884643555,9.149532705545425,0.664029848923514,0.798495744252662,432.283431649207841,0.446670293807983,0.949170172214508
2089,MX29019,2089,116.000000000000000,0.002013888921111,1.467094063758850,13.937355995178223,12.470261931419373,4.800718717533964,3.445686268434835,556.883371233939783,3.174624919891357,10.022877693176270
2090,MX13064,2090,733.000000000000000,0.012725694648056,0.295958340167999,5.181416511535645,4.885458171367645,0.849890913392480,0.776835126147818,622.970039516687734,0.529876530170441,1.749742364883424
2091,MX30166,2091,475.000000000000000,0.008246527909722,0.218252167105675,2.496181011199951,2.277928844094276,0.403713693179582,0.280334082612007,191.764004260301419,0.332889109849930,0.525617992877960
2092,MX15093,2092,888.000000000000000,0.015416666913333,0.454444974660873,23.013980865478516,22.559535890817642,3.215109902895515,4.178885834975254,2855.017593771217435,1.398709952831268,8.700881576538087
2093,MX15094,2093,212.000000000000000,0.003680555614444,0.614673614501953,28.242666244506836,27.627992630004883,3.533887023914533,5.012533830238056,749.184049069881098,1.513272285461426,8.934858989715581
2094,MX32046,2094,3656.000000000000000,0.063472223237778,0.151214405894279,10.225006103515625,10.073791697621346,0.302472821483694,0.448775975299400,1105.840635344386556,0.217318542301655,0.369757041335106
2095,MX21167,2095,355.000000000000000,0.006163194543056,0.293377578258514,3.442306280136108,3.148928701877594,0.721617292350447,0.484416481958144,256.174138784408626,0.551089465618134,1.355394363403321
2096,MX30167,2096,1137.000000000000000,0.019739583649167,0.193157076835632,7.573998451232910,7.380841374397278,0.386067349329368,0.524775806701525,438.958576187491758,0.283497273921967,0.508665633201599
2097,MX21168,2097,573.000000000000000,0.009947916825833,0.289953976869583,8.034342765808105,7.744388788938522,0.601404905267203,0.807069032489021,344.605010718107337,0.390364170074463,0.819541537761689
2098,MX21169,2098,1927.000000000000000,0.033454861646389,0.171158894896507,34.713333129882812,34.542174234986305,0.736667887737359,1.606562660056682,1419.559019669890631,0.354974865913391,1.299639010429384
2099,MX21170,2099,2234.000000000000000,0.038784722842778,0.218164488673210,16.890884399414062,16.672719910740852,0.600672505789286,0.929029760636387,1341.902377933265598,0.323472470045090,1.055105102062226
2100,MX21171,2100,80.000000000000000,0.001388888911111,0.548220217227936,9.940474510192871,9.392254292964935,1.920139008760452,1.889716354029555,153.611120700836182,1.190648972988129,3.846169877052310
2101,MX29029,2101,82.000000000000000,0.001423611133889,1.867127895355225,13.349648475646973,11.482520580291748,6.686118265477622,2.765921866443497,548.261697769164925,6.563857316970825,10.267001914978030
2102,MX01009,2102,1181.000000000000000,0.020503472550278,0.328318864107132,30.757495880126953,30.429177016019821,1.538853956419567,2.643013696222091,1817.386522531508945,0.674340724945068,3.434370994567871
2103,MX18017,2103,8204.000000000000000,0.142430557834444,0.152357250452042,47.615211486816406,47.462854236364365,1.353510900222126,4.645096626080284,11104.203425422319924,0.258903235197067,1.346221637725829
2104,MX15095,2104,1024.000000000000000,0.017777778062222,0.604282915592194,86.640235900878906,86.035952985286713,6.844115367974164,10.579251885221920,7008.374136805543458,2.108637332916260,20.823024749755859
2105,MX17020,2105,1191.000000000000000,0.020677083664167,0.407012969255447,20.627332687377930,20.220319718122482,2.003858269812377,2.189857692879694,2386.595199346541449,1.277435898780823,4.167850971221924
2106,MX14094,2106,8480.000000000000000,0.147222224577778,0.133702620863914,43.524852752685547,43.391150131821632,0.368429882372817,1.435698077787929,3124.285402521486958,0.210823260247707,0.373764741420746
2107,MX30168,2107,491.000000000000000,0.008524305691944,0.414774000644684,8.192758560180664,7.777984559535980,0.955045792757858,0.862640508848928,468.927484244108143,0.700534045696259,1.387252926826477
2108,MX22017,2108,1839.000000000000000,0.031927083844167,0.461353749036789,37.641914367675781,37.180560618638992,2.215745277512389,3.737115361245916,4074.755565345283685,0.990519762039185,4.749036884307864
2109,MX15096,2109,606.000000000000000,0.010520833501667,1.116704940795898,24.294544219970703,23.177839279174805,4.091750918638590,4.186856326833936,2479.601056694985800,2.072504520416260,9.800026893615723
2110,MX29030,2110,772.000000000000000,0.013402777992222,0.277802854776382,11.596705436706543,11.318902581930161,0.871122998933410,1.410266238396787,672.506955176592328,0.462921246886253,1.448525166511536
2111,MX17021,2111,332.000000000000000,0.005763888981111,0.437346309423447,53.806861877441406,53.369515568017960,2.112400889486432,3.748136857280610,701.317095309495471,0.951516807079315,5.566927385330208
2112,MX21172,2112,1631.000000000000000,0.028315972675278,0.190750166773796,12.871094703674316,12.680344536900520,0.624276277260281,0.851214671847813,1018.194608211518926,0.383431464433670,1.126971006393433
2113,MX17022,2113,488.000000000000000,0.008472222357778,0.163067594170570,11.890145301818848,11.727077707648277,1.131039786656372,1.447703894766730,551.947415888309251,0.589771717786789,2.416248989105225
2114,MX21173,2114,49.000000000000000,0.000850694458056,0.681351721286774,10.953473091125488,10.272121369838715,3.050749130394995,2.421092029982599,149.486707389354763,2.037242889404297,6.803045749664309
2115,MX13065,2115,221.000000000000000,0.003836805616944,0.638175189495087,13.284767150878906,12.646591961383820,2.849958869127128,2.932397652220805,629.840910077095373,1.346007466316223,7.396281719207764
2116,MX12060,2116,1075.000000000000000,0.018663194743056,0.181273445487022,6.633313655853271,6.452040210366249,0.413797944479211,0.451529133438344,444.832790315151328,0.295487731695175,0.641969501972198
2117,MX31087,2117,1692.000000000000000,0.029375000470000,0.156364783644676,7.618310451507568,7.461945667862892,0.319683182667544,0.447745595420029,540.903945073484579,0.223281174898148,0.475218448042870
2118,MX29031,2118,841.000000000000000,0.014600694678056,0.298421174287796,29.305555343627930,29.007134169340134,2.846327115784930,4.325072799601374,2393.761104375126251,0.902512490749359,8.079895973205566
2119,MX29032,2119,130.000000000000000,0.002256944480556,1.411197543144226,11.185615539550781,9.774417996406555,3.818901107861446,2.384597771996664,496.457144021988029,2.880801200866699,7.593491649627691
2120,MX14095,2120,1096.000000000000000,0.019027778082222,0.261574476957321,12.307583808898926,12.046009331941605,0.596856512210883,0.988214665809804,654.154737383127440,0.357205703854561,0.775480061769485
2121,MX32047,2121,3404.000000000000000,0.059097223167778,0.152558907866478,15.147315979003906,14.994757071137428,0.261704919980149,0.543722212003500,890.843547612425709,0.200009733438492,0.255858379602432
2122,MX15097,2122,740.000000000000000,0.012847222427778,0.198011517524719,6.179499626159668,5.981488108634949,0.584673877845745,0.544162301881441,432.658669605851287,0.436920255422592,0.989290487766266
2123,MX15098,2123,124.000000000000000,0.002152777812222,0.651255786418915,19.098045349121094,18.446789562702179,2.627506781970301,3.225061564393882,325.810840964317322,1.346305966377258,5.831325578689576
2124,MX30170,2124,975.000000000000000,0.016927083604167,0.174850150942802,2.754243850708008,2.579393699765205,0.285024261688575,0.186104262226557,277.898655146360625,0.232640624046326,0.416670089960098
2125,MX15099,2125,2115.000000000000000,0.036718750587500,0.414472013711929,55.344570159912109,54.930098146200180,8.575556942517588,10.321955719225764,18137.302933424700313,4.420242786407471,24.085084152221690
2126,MX30171,2126,211.000000000000000,0.003663194503056,0.278992712497711,6.768331527709961,6.489338815212250,0.718432339446805,0.890935090770950,151.589223623275785,0.456175178289413,1.095131516456604
2127,MX30172,2127,2186.000000000000000,0.037951389496111,0.219170421361923,13.027861595153809,12.808691173791885,0.492840434411798,0.632308017187295,1077.349189624190558,0.350038930773735,0.750793248414993
2128,MX31088,2128,389.000000000000000,0.006753472330278,0.195725187659264,5.323043823242188,5.127318635582924,0.367213807521259,0.513065749432235,142.846171125769587,0.264041453599930,0.358535426855087
2129,MX21174,2129,458.000000000000000,0.007951389016111,0.241621956229210,29.728355407714844,29.486733451485634,3.637608176268085,5.436518262365606,1666.024544730782736,1.466196238994598,10.813512420654302
2130,MX30173,2130,2581.000000000000000,0.044809028494722,0.216909006237984,13.624346733093262,13.407437726855278,0.450350195677509,0.628699184157881,1162.353855043649446,0.330820292234421,0.594616770744324
2131,MX13067,2131,812.000000000000000,0.014097222447778,0.327868074178696,13.076839447021484,12.748971372842789,2.287962693482487,2.449045646361584,1857.825707107779635,1.176720917224884,6.283061027526854
2132,MX15100,2132,84.000000000000000,0.001458333356667,9.811678886413574,52.077289581298828,42.265610694885254,26.244354883829754,9.230778841510221,2204.525810241699219,26.664283752441406,37.678665542602538
2133,MX21175,2133,656.000000000000000,0.011388889071111,0.321044862270355,14.666851997375488,14.345807135105133,1.101460722116071,1.422800581228580,722.558233708142552,0.625152111053467,2.197496891021729
2134,MX15101,2134,652.000000000000000,0.011319444625556,0.453972190618515,32.418285369873047,31.964313179254532,4.266060829254016,5.590866944199550,2781.471660673618317,1.996456205844879,11.052152633666992
2135,MX13068,2135,1273.000000000000000,0.022100694798056,0.217176198959351,14.749405860900879,14.532229661941528,0.590615753959411,0.968922039759700,751.853854790330274,0.359808295965195,1.003305792808532
2136,MX31089,2136,1687.000000000000000,0.029288194913056,0.166020274162292,26.873952865600586,26.707932591438293,0.751078030919278,2.169246952146321,1267.068638160822729,0.246567234396935,0.838508284091951
2137,MX11040,2137,2045.000000000000000,0.035503472790278,0.191802516579628,8.641049385070801,8.449246868491173,0.524994907358748,0.647643375889913,1073.614585548639525,0.308139383792877,1.008948159217835
2138,MX30174,2138,7438.000000000000000,0.129131946510556,0.212550789117813,137.564559936523438,137.352009147405624,0.836737710254329,3.005249099843867,6223.655088871697444,0.412887752056122,1.084757220745087
2139,MX24043,2139,2402.000000000000000,0.041701389556111,0.161670804023743,10.891477584838867,10.729806780815125,0.319335131280180,0.575117639818428,767.042985334992295,0.218348696827888,0.380194237828255
2140,MX30175,2140,3593.000000000000000,0.062378473220278,0.281005382537842,244.965179443359375,244.684174060821533,2.532223861868787,9.529122554771650,9098.280335694549649,0.849907100200653,3.681862401962281
2141,MX02004,2141,6770.000000000000000,0.117534724102778,0.254006356000900,152.661468505859375,152.407462149858475,9.962807491668286,15.229491728512301,67448.206718594301492,1.170060873031616,34.458555984497075
2142,MX07096,2142,3922.000000000000000,0.068090278867222,0.186176553368568,10.530067443847656,10.343890890479088,0.429762821433679,0.550657487700968,1685.529785662888116,0.284481689333916,0.702433037757874
2143,MX21176,2143,414.000000000000000,0.007187500115000,0.286499321460724,3.481847524642944,3.195348203182220,0.723385986642561,0.593633395085379,299.481798470020294,0.484128907322884,1.573602163791656
2144,MX15102,2144,830.000000000000000,0.014409722452778,0.324235141277313,9.190748214721680,8.866513073444366,1.046077721090202,1.067894772467129,868.244508504868008,0.587972581386566,2.296834278106690
2145,MX31090,2145,681.000000000000000,0.011822916855833,0.213337108492851,7.952110290527344,7.738773182034492,0.640094881278304,0.904432321805261,435.904614150525049,0.411337941884995,0.891029596328735
2146,MX16090,2146,940.000000000000000,0.016319444705556,0.192257463932037,8.401554107666016,8.209296643733978,0.434802467534517,0.727032668424329,408.714319482446172,0.255707859992981,0.563421100378037
2147,MX16091,2147,859.000000000000000,0.014913194683056,0.179254129528999,9.149907112121582,8.970652982592583,0.456114610151861,0.695121315458390,391.802450120448725,0.275705873966217,0.757630383968353
2148,MX31091,2148,2339.000000000000000,0.040607639538611,0.165194287896156,12.124114990234375,11.958920702338219,0.318492155972838,0.640085877027621,744.953152820467494,0.212821826338768,0.331543540954590
2149,MX16092,2149,7368.000000000000000,0.127916668713333,0.130851119756699,6.060594558715820,5.929743438959122,0.212153406955310,0.216721967670854,1563.146302446724349,0.183947652578354,0.229094345867634
2150,MX31092,2150,2512.000000000000000,0.043611111808889,0.139213681221008,5.755839824676514,5.616626143455505,0.216551320093453,0.236149846841643,543.976916074752808,0.187120385468006,0.216959421336651
2151,MX31093,2151,857.000000000000000,0.014878472460278,0.327016979455948,12.074984550476074,11.747967571020126,0.927021952117757,1.201960761235061,794.457812964917366,0.581319868564606,1.499579024314880
2152,MX31094,2152,1141.000000000000000,0.019809028094722,0.176337495446205,4.769529819488525,4.593192324042320,0.291876370372948,0.324773610983016,333.030938595533485,0.225882545113564,0.325189381837845
2153,MX31095,2153,354.000000000000000,0.006145833431667,0.504558563232422,22.048324584960938,21.543766021728516,2.064953098189360,2.606860911391247,730.993396759033317,1.248753964900970,3.902695608139037
2154,MX12061,2154,1914.000000000000000,0.033229167198333,0.166413009166718,12.374996185302734,12.208583176136017,0.478276333402814,0.875918393421969,915.420902132986612,0.292920693755150,0.647566270828247
2155,MX14096,2155,965.000000000000000,0.016753472490278,0.200800329446793,19.925378799438477,19.724578469991684,0.736470824572705,1.777615937999917,710.694345712660265,0.306655794382095,0.991237819194794
2156,MX13069,2156,384.000000000000000,0.006666666773333,1.598961472511292,41.902030944824219,40.303069472312927,15.174212832935149,9.229679980228067,5826.897727847097485,14.004749298095703,28.059379386901853
2157,MX31096,2157,19136.000000000000000,0.332222227537778,0.148356452584267,28.126491546630859,27.978135094046593,0.280679618087085,0.757493448200967,5371.085171714456919,0.196643374860287,0.261897310614586
2158,MX30180,2158,1124.000000000000000,0.019513889201111,0.166412442922592,2.645485877990723,2.479073435068130,0.274760616671466,0.165926189544817,308.830933138727801,0.235944136977196,0.353127083182335
2159,MX21179,2159,2091.000000000000000,0.036302083914167,-1.500000000000000,11.857706069946289,13.357706069946289,0.503016547312839,0.859068607425839,1051.807600431146966,0.299262791872025,0.921421885490417
2160,MX12062,2160,3902.000000000000000,0.067743056639444,0.149079337716103,4.961098194122314,4.812018856406212,0.342359182832029,0.282732030577122,1335.885531410576277,0.267302453517914,0.520275765657425
2161,MX12063,2161,1368.000000000000000,0.023750000380000,0.169503405690193,2.742248296737671,2.572744891047478,0.297845131886458,0.188810828919222,407.452140420674880,0.240758784115314,0.439666441082954
2162,MX30176,2162,488.000000000000000,0.008472222357778,0.242225602269173,8.204166412353516,7.961940810084343,0.516264649291263,0.706038489051128,251.937148854136581,0.352486133575439,0.686536407470703
2163,MX20551,2163,660.000000000000000,0.011458333516667,0.144440576434135,17.753822326660156,17.609381750226021,1.393820661058028,2.593873714773261,919.921636298298267,0.443659827113152,3.702093029022221
2164,MX30177,2164,662.000000000000000,0.011493055739444,0.186517193913460,5.994647502899170,5.808130308985710,0.425340301500707,0.479031054353986,281.575279593467769,0.282903760671616,0.739246207475662
2165,MX30178,2165,2766.000000000000000,0.048020834101667,0.176536306738853,19.264925003051758,19.088388696312904,0.320873520541088,0.731253556537679,887.536157816650302,0.242003940045834,0.352926269173622
2166,MX21177,2166,1953.000000000000000,0.033906250542500,0.210451751947403,20.883472442626953,20.673020690679550,1.030535774304508,1.627652345028605,2012.636367216704230,0.496435821056366,2.338694858551025
2167,MX30179,2167,321.000000000000000,0.005572916755833,0.196951389312744,2.577947378158569,2.380995988845825,0.395031078535819,0.331724224953361,126.804976209998031,0.275124162435532,0.643380761146545
2168,MX20552,2168,279.000000000000000,0.004843750077500,0.148010984063148,1.833622574806213,1.685611590743065,0.233628989761448,0.191340188919872,65.182488143444047,0.189908355474472,0.253252923488617
2169,MX21178,2169,868.000000000000000,0.015069444685556,0.231349959969521,2.719217300415039,2.487867340445518,0.436218928459877,0.261132867270596,378.638029903173674,0.349262207746506,0.682582128047943
2170,MX09011,2170,426.000000000000000,0.007395833451667,3.863248109817505,63.407688140869141,59.544440031051636,23.553389199462863,16.357691493505033,10033.743798971179785,18.890758514404297,48.607408523559570
2171,MX10036,2171,24693.000000000000000,0.428697923525833,0.151338815689087,30.278955459594727,30.127616643905640,0.294568371411054,0.737231428999208,7273.776795253166711,0.214931651949883,0.306448864936829
2172,MX21180,2172,1547.000000000000000,0.026857639318611,0.367493718862534,10.291024208068848,9.923530489206314,0.983683891310257,1.269817689827459,1521.758979856967926,0.504176020622253,2.015781068801880
2173,MX13070,2173,144.000000000000000,0.002500000040000,1.101755261421204,29.679298400878906,28.577543139457703,5.482281359533469,6.065345532185697,789.448515772819519,2.657761931419373,13.496185016632104
2174,MX13071,2174,2660.000000000000000,0.046180556294444,0.161068156361580,3.508211374282837,3.347143217921257,0.272755643495716,0.179552161430954,725.530011698603403,0.226117379963398,0.366729840636253
2175,MX14097,2175,3563.000000000000000,0.061857639878611,0.417860418558121,85.798377990722656,85.380517572164536,9.234547394457215,12.855716798758451,32902.692366451054113,2.865216732025146,28.320338821411141
2176,MX12064,2176,2331.000000000000000,0.040468750647500,0.144587740302086,9.910002708435059,9.765414968132973,0.335431168655732,0.552635651732580,781.890054136512163,0.225435584783554,0.439068675041199
2177,MX30181,2177,4540.000000000000000,0.078819445705556,0.236445501446724,17.349605560302734,17.113160058856010,0.496040787774297,0.626147050682571,2252.025176495309097,0.362583264708519,0.711610281467438
2178,MX20553,2178,403.000000000000000,0.006996527889722,0.217004776000977,12.713544845581055,12.496540069580078,1.969715717708503,2.951951905203726,793.795434236526717,0.527948856353760,6.839258575439458
2179,MX12065,2179,582.000000000000000,0.010104166828333,0.182377293705940,6.044976234436035,5.862598940730095,0.439887877182452,0.603212450044398,256.014744520187321,0.247678071260452,0.746810048818588
2180,MX15103,2180,792.000000000000000,0.013750000220000,0.351737618446350,25.861345291137695,25.509607672691345,2.515524304725905,4.282627381824547,1992.295249342917259,0.893147051334381,7.203306198120110
2181,MX30182,2181,180.000000000000000,0.003125000050000,0.378625482320786,11.777659416198730,11.399033933877945,1.419130217863454,1.421424079834025,255.443439215421762,0.957154601812363,3.008043313026428
2182,MX17023,2182,536.000000000000000,0.009305555704444,0.418366611003876,10.083449363708496,9.665082752704620,0.869395798878439,1.014367062746617,465.996148198843059,0.588143289089203,1.302999854087830
2183,MX15104,2183,399.000000000000000,0.006927083444167,6.195577621459961,69.676017761230469,63.480440139770508,39.571621378561602,14.807554019029700,15789.076930046079724,42.440330505371094,56.376746368408206
2184,MX09012,2184,1550.000000000000000,0.026909722652778,0.428542375564575,94.176696777343750,93.748154401779175,11.385310350118139,17.050793353998039,17647.231042683117266,1.331214964389801,41.051317977905306
2185,MX16093,2185,980.000000000000000,0.017013889161111,0.212957084178925,10.231842041015625,10.018884956836700,0.639338560143904,0.688915480110637,626.551788941026075,0.449910506606102,1.119823205471039
2186,MX21181,2186,106.000000000000000,0.001840277807222,1.925377249717712,14.253418922424316,12.328041672706604,3.786326071001449,2.946060839189986,401.350563526153621,2.412425756454468,8.712338447570801
2187,MX32048,2187,3758.000000000000000,0.065243056599444,0.152594506740570,19.210273742675781,19.057679235935211,0.407605767595032,1.032913541710766,1531.782474622129030,0.224371001124382,0.512880176305771
2188,MX30024,2188,1375.000000000000000,0.023871528159722,0.206142008304596,3.215860366821289,3.009718358516693,0.342269693396308,0.218002509752792,470.620828419923214,0.282362163066864,0.478944605588913
2189,MX17024,2189,1172.000000000000000,0.020347222547778,0.374278843402863,14.011855125427246,13.637576282024384,1.736067891502340,1.915454392174410,2034.671568840742566,1.133112907409668,3.920684409141543
2190,MX13072,2190,410.000000000000000,0.007118055669444,0.305837571620941,22.143514633178711,21.837677061557770,1.257895198973213,1.926516035356488,515.737031579017525,0.630008369684219,2.833731222152710
2191,MX13073,2191,1965.000000000000000,0.034114583879167,0.189550206065178,7.445804119110107,7.256253913044930,0.430405730881157,0.444045697657941,845.747261181474414,0.310376286506653,0.674174273014069
2192,MX21182,2192,75.000000000000000,0.001302083354167,0.738513827323914,11.693293571472168,10.954779744148254,2.653104333082836,2.565450282577326,198.982824981212701,1.570720911026001,6.072978782653809
2193,MX21183,2193,715.000000000000000,0.012413194643056,0.298796415328979,7.686275005340576,7.387478590011597,0.826694296956896,0.813101383758379,591.086422324180830,0.549347758293152,1.626020431518555
2194,MX12066,2194,2989.000000000000000,0.051892361941389,0.162087365984917,20.748401641845703,20.586314275860786,0.636520317049279,1.474853072620500,1902.559227660294709,0.295762419700623,1.037643551826477
2195,MX21184,2195,310.000000000000000,0.005381944530556,0.279904961585999,3.306003093719482,3.026098132133484,0.529251770819387,0.380572566690571,164.068048954010010,0.401475921273232,0.855938506126404
2196,MX30183,2196,834.000000000000000,0.014479166898333,0.263125240802765,20.714366912841797,20.451241672039032,1.233897664742788,2.427611253523688,1029.070652395485467,0.518261998891830,2.293288779258730
2197,MX21185,2197,416.000000000000000,0.007222222337778,0.332852870225906,5.282090187072754,4.949237316846848,0.710576719246232,0.624945616023845,295.599915206432399,0.469300493597984,1.383166372776031
2198,MX12067,2198,1398.000000000000000,0.024270833721667,0.177709579467773,9.248546600341797,9.070837020874023,0.471862110936847,0.753170597766865,659.663231089711417,0.269069388508797,0.716243076324463
2199,MX30184,2199,276.000000000000000,0.004791666743333,0.288656353950500,7.552272796630859,7.263616442680359,0.852722777296667,0.879954604220522,235.351486533880205,0.635234653949738,1.333468079566956
2200,MX17025,2200,2680.000000000000000,0.046527778522222,0.160261020064354,14.952289581298828,14.792028561234474,0.567187649356339,1.140517005431231,1520.062900274989261,0.278288155794144,0.918546319007873
2201,MX21186,2201,1463.000000000000000,0.025399305961944,0.233078002929688,16.308065414428711,16.074987411499023,0.905219010270302,1.228596477704998,1324.335412025451205,0.494638323783875,1.668850564956665
2202,MX15105,2202,3884.000000000000000,0.067430556634444,0.141275346279144,4.366992950439453,4.225717604160309,0.264261359696101,0.212102089767218,1026.391121059655461,0.212389037013054,0.355755081772804
2203,MX29033,2203,257.000000000000000,0.004461805626944,1.042282104492188,57.871360778808594,56.829078674316406,14.039889584719436,11.036892687427693,3608.251623272894903,10.673291206359863,30.519035720825194
2204,MX21187,2204,271.000000000000000,0.004704861186389,0.225388899445534,1.699170708656311,1.473781809210777,0.401845799820889,0.224005507041469,108.900211751461001,0.325948148965836,0.650558710098267
2205,MX29034,2205,2858.000000000000000,0.049618056349444,0.203364521265030,18.608377456665039,18.405012935400009,0.671377103017124,1.127933054963155,1918.795760422941839,0.385253578424454,1.043155527114868
2206,MX13074,2206,213.000000000000000,0.003697916725833,1.205161929130554,25.441282272338867,24.236120343208313,4.825673977533981,4.504860836923298,1027.868557214737848,3.047803163528442,10.813318061828614
2207,MX17026,2207,281.000000000000000,0.004878472300278,0.896679222583771,14.571793556213379,13.675114333629608,2.672999532833643,2.046585578581777,751.112868726253623,1.963978171348572,4.700102806091309
2208,MX16094,2208,1007.000000000000000,0.017482639168611,0.199401795864105,3.821307659149170,3.621905863285065,0.364295856807059,0.308282428484811,366.845927804708424,0.278688341379166,0.517585933208465
2209,MX30185,2209,57.000000000000000,0.000989583349167,1.006915807723999,44.225357055664062,43.218441247940063,5.570374338250411,8.062723090122955,317.511337280273438,1.913298487663269,15.364835166931147
2210,MX29035,2210,71.000000000000000,0.001232638908611,0.872388184070587,9.968603134155273,9.096214950084686,2.813699589648716,2.539759202434407,199.772670865058814,1.600832819938660,7.530510902404785
2211,MX21188,2211,1090.000000000000000,0.018923611413889,-1.500000000000000,9.211605072021484,10.711605072021484,0.710328657590195,0.854384359493990,774.258236773312774,0.426158994436264,1.452293956279755
2212,MX21189,2212,502.000000000000000,0.008715277917222,0.306383341550827,17.965538024902344,17.659154683351517,1.808383667789610,2.062951496183907,907.808601230384056,1.119761288166046,3.637016320228580
2213,MX16095,2213,2510.000000000000000,0.043576389586111,0.147514134645462,10.176169395446777,10.028655260801315,0.318895210420705,0.543228444690581,800.426978155970460,0.212485209107399,0.380259829759598
2214,MX13075,2214,584.000000000000000,0.010138889051111,0.433962851762772,22.464271545410156,22.030308693647385,1.907272134996849,2.766648092638477,1113.846926838160016,1.024551630020142,4.168819808959961
2215,MX14099,2215,2541.000000000000000,0.044114584039167,0.146422415971756,7.790045261383057,7.643622845411301,0.321603708423671,0.459176985469023,817.195023104547772,0.212511077523232,0.416821390390396
2216,MX22018,2216,3403.000000000000000,0.059079862056389,0.179890409111977,12.449739456176758,12.269849047064781,0.458509112924749,0.733949029702900,1560.306511282921065,0.258698940277100,0.764511692523957
2217,MX15106,2217,2125.000000000000000,0.036892361701389,0.181818261742592,80.717903137207031,80.536084875464439,12.080778316981647,12.936473985602705,25671.653923586000019,7.605365753173828,31.647028350830084
2218,MX14100,2218,14991.000000000000000,0.260260420830833,0.116390816867352,15.123607635498047,15.007216818630695,0.216815276436106,0.333816620526318,3250.277809053658984,0.178792819380760,0.231848686933517
2219,MX30186,2219,93.000000000000000,0.001614583359167,0.484336763620377,5.886972427368164,5.402635663747787,1.221073040077764,1.014952487920528,113.559792727232022,0.854263007640839,2.295469427108764
2220,MX07097,2220,7783.000000000000000,0.135121529939722,0.113698840141296,24.519578933715820,24.405880093574524,0.513707309413747,1.404219965044896,3998.183989167196160,0.233989387750626,0.774711489677429
2221,MX14101,2221,833.000000000000000,0.014461805786944,1.297834277153015,79.646232604980469,78.348398327827454,16.018483485064994,13.472833114144937,13343.396743059140135,11.538287162780762,36.766664886474608
2222,MX15125,2222,44.000000000000000,0.000763888901111,7.592337608337402,31.473604202270508,23.881266593933105,15.228870023380628,6.424205695124750,670.070281028747672,12.887527465820312,23.976222419738775
2223,MX15107,2223,444.000000000000000,0.007708333456667,0.303383678197861,13.710291862487793,13.406908184289932,1.211975349700666,1.718414899164693,538.117055267095566,0.642165750265121,2.313261032104492
2224,MX14102,2224,1461.000000000000000,0.025364583739167,0.157316505908966,9.136718750000000,8.979402244091034,0.297394915334090,0.518589034115460,434.493971303104956,0.216101482510567,0.328513562679291
2225,MX30187,2225,251.000000000000000,0.004357638958611,0.191518113017082,4.805857658386230,4.614339545369148,0.479277512822968,0.510705893140229,120.298655718565016,0.300949692726135,0.830317854881287
2226,MX14103,2226,727.000000000000000,0.012621527979722,0.168735295534134,9.473063468933105,9.304328173398972,0.554345894651039,0.959668860625893,403.009465411305030,0.289696753025055,0.890122997760772
2227,MX10037,2227,8413.000000000000000,0.146059030114722,0.148384973406792,7.391495227813721,7.243110254406929,0.208584687297612,0.154305795784530,1754.822974234810999,0.194513484835625,0.220665609836578
2228,MX05035,2228,6623.000000000000000,0.114982640728611,0.159240797162056,141.648101806640625,141.488861009478569,6.241531112999819,14.829603457161305,41337.660561397802667,0.226549148559570,30.640972900390651
2229,MX14104,2229,2958.000000000000000,0.051354167488333,0.148628845810890,6.658856391906738,6.510227546095848,0.258972959347356,0.359169052721227,766.042013749480134,0.201553434133530,0.298392748832703
2230,MX29036,2230,68.000000000000000,0.001180555574444,1.258386850357056,29.471416473388672,28.213029623031616,9.555570393800739,7.925746611969863,649.778786778450240,7.033427476882935,20.352379989624026
2231,MX07098,2231,820.000000000000000,0.014236111338889,0.200146168470383,4.051880359649658,3.851734191179276,0.340094129632159,0.279403517080482,278.877186298370589,0.262679323554039,0.482101839780808
2232,MX17027,2232,299.000000000000000,0.005190972305278,0.564656019210815,11.009000778198242,10.444344758987427,1.720791320138951,1.762606251996297,514.516604721546287,1.135536789894104,3.843128871917724
2233,MX21190,2233,768.000000000000000,0.013333333546667,0.164122447371483,3.538852691650391,3.374730244278908,0.262617671959257,0.281021921553319,201.690372064709464,0.203889511525631,0.329300764203072
2234,MX20554,2234,1310.000000000000000,0.022743055919444,0.140035793185234,2.760720491409302,2.620684698224068,0.218006783177834,0.156822249929473,285.588885962962991,0.187566637992859,0.261394670605660
2235,MX14105,2235,1679.000000000000000,0.029149306021944,0.228375256061554,20.436740875244141,20.208365619182587,0.844828965409729,1.682412671781038,1418.467832922934804,0.440819352865219,1.190716886520386
2236,MX30188,2236,487.000000000000000,0.008454861246389,0.247690722346306,3.787944793701172,3.540254071354866,0.513650591337951,0.391732283916513,250.147837981581972,0.402509599924088,0.735092175006867
2237,MX32057,2237,1114.000000000000000,0.019340278087222,0.237803295254707,32.495159149169922,32.257355853915215,0.967493694803980,2.545746060765647,1077.787976011633418,0.395228624343872,1.338724291324616
2238,MX30207,2238,2696.000000000000000,0.046805556304444,0.244853019714355,14.402059555053711,14.157206535339355,0.685565353932207,1.153744904931194,1848.284194201230548,0.400395303964615,0.981965899467468
2239,MX26064,2239,16254.000000000000000,0.282187504515000,0.173722133040428,14.066144943237305,13.892422810196877,0.235123128946619,0.259248117735790,3821.691337898352685,0.222158417105675,0.243680499494076
2240,MX32011,2240,1540.000000000000000,0.026736111538889,0.160662442445755,6.511915206909180,6.351252764463425,0.279445206151381,0.420068967324055,430.345617473126083,0.212804250419140,0.288075548410416
2241,MX20555,2241,104.000000000000000,0.001805555584444,0.331611484289169,5.427109718322754,5.095498234033585,1.013056191114279,0.890847734991714,105.357843875885024,0.561294794082642,2.382282567024231
2242,MX26065,2242,9375.000000000000000,0.162760419270833,0.170318290591240,3.724360466003418,3.554042175412178,0.227078407589595,0.075308888437190,2128.860071152455475,0.221757814288139,0.240142968297005
2243,MX28039,2243,15590.000000000000000,0.270659726552778,0.151762619614601,26.248178482055664,26.096415862441063,0.264762166568755,0.525214773022094,4127.642176806885800,0.212979488074780,0.284023225307465
2244,MX13076,2244,1674.000000000000000,0.029062500465000,0.334379851818085,989.246643066406250,988.912263214588165,7.433198795968765,39.377706836883334,12443.174784451712185,1.667163312435150,13.270867538452151
2245,MX13077,2245,1079.000000000000000,0.018732639188611,0.414175808429718,35.159358978271484,34.745183169841766,4.714719470476419,6.822944113049993,5087.182308644056320,1.814511537551880,13.188842010498048
2246,MX21191,2246,1366.000000000000000,0.023715278157222,0.152851358056068,12.493761062622070,12.340909704566002,0.382755178734551,0.842600613345975,522.843574151396410,0.217028811573982,0.498406410217285
2247,MX15108,2247,130.000000000000000,0.002256944480556,6.308106422424316,97.762611389160156,91.454504966735840,40.835564576662520,20.775037972087226,5308.623394966127307,41.372430801391602,63.796969223022465
2248,MX15109,2248,330.000000000000000,0.005729166758333,5.242216110229492,73.244682312011719,68.002466201782227,36.461498722885572,15.087324347223030,12032.294578552238818,39.975173950195312,52.060530090332030
2249,MX23009,2249,9850.000000000000000,0.171006947180556,0.136029213666916,59.756000518798828,59.619971305131912,0.433226135351936,1.985364223185711,4267.277433216568170,0.196534134447575,0.328553894162178
2250,MX07100,2250,1971.000000000000000,0.034218750547500,0.175325214862823,10.092946052551270,9.917620837688446,0.389302344747996,0.524283657637776,767.314921498299327,0.256926238536835,0.618623197078705
2251,MX16096,2251,10161.000000000000000,0.176406252822500,0.115441419184208,16.204948425292969,16.089507006108761,0.202210462114764,0.401548541398457,2054.660505548121819,0.176087468862534,0.207774981856346
2252,MX31097,2252,2066.000000000000000,0.035868056129444,0.156234905123711,5.695774555206299,5.539539650082588,0.241024144715111,0.283846827631256,497.955882981419961,0.201763473451138,0.241609364748001
2253,MX16097,2253,7639.000000000000000,0.132621529899722,0.121816150844097,6.380740642547607,6.258924491703510,0.224931943137065,0.248704313608004,1718.255113624037222,0.183732822537422,0.270739006996155
2254,MX14106,2254,2131.000000000000000,0.036996528369722,0.160756915807724,7.343935966491699,7.183179050683975,0.303929280131314,0.387326279334186,647.673295959830853,0.220022007822990,0.393910020589828
2255,MX14107,2255,655.000000000000000,0.011371527959722,0.210972934961319,8.321896553039551,8.110923618078232,0.559157761726671,0.854063909305499,366.248333930969807,0.288963764905930,1.047506499290467
2256,MX14108,2256,3583.000000000000000,0.062204862106389,0.155092120170593,19.448081970214844,19.292989850044250,0.490302516750008,1.081285864891699,1756.753917515277180,0.269795447587967,0.672879683971405
2257,MX16098,2257,1206.000000000000000,0.020937500335000,0.193846583366394,10.490330696105957,10.296484112739563,0.586698871791658,0.874969756634110,707.558839380739983,0.343725070357323,1.010860204696655
2258,MX18018,2258,1193.000000000000000,0.020711805886944,0.164561375975609,22.455162048339844,22.290600672364235,0.697097669628020,2.055885995177659,831.637519866227649,0.252076297998428,0.854766178131100
2259,MX30189,2259,4521.000000000000000,0.078489584589167,0.193977609276772,36.651870727539062,36.457893118262291,1.160329142573448,2.864854852677000,5245.848053574556616,0.381719678640366,1.672451734542847
2260,MX30190,2260,272.000000000000000,0.004722222297778,0.228276982903481,3.394572257995605,3.166295275092125,0.392779747298097,0.349682732394495,106.836091265082430,0.301650926470757,0.520725148916245
2261,MX07102,2261,794.000000000000000,0.013784722442778,0.433245539665222,9.886945724487305,9.453700184822083,1.840487253568335,1.263723403094396,1461.346879333257903,1.492955029010773,3.123219871520996
2262,MX07101,2262,1632.000000000000000,0.028333333786667,0.408676147460938,65.309951782226562,64.901275634765625,10.406212869848989,13.831004025285154,16982.939403593551106,2.933011651039124,34.336867141723630
2263,MX21192,2263,205.000000000000000,0.003559027834722,0.293459951877594,2.631419658660889,2.337959706783295,0.539336284195505,0.364819601363909,110.563938260078444,0.422810077667236,0.850063765048980
2264,MX07103,2264,835.000000000000000,0.014496528009722,0.260063499212265,10.735199928283691,10.475136429071426,1.060806095707202,1.158979693487565,885.773089915513765,0.674694061279297,2.119134950637818
2265,MX16099,2265,5052.000000000000000,0.087708334736667,0.132100313901901,3.533807754516602,3.401707440614700,0.213719671404819,0.148182319418019,1079.711779937147412,0.191518813371658,0.241027420759201
2266,MX21193,2266,1381.000000000000000,0.023975694828056,0.264892786741257,5.764874458312988,5.499981671571732,0.555467958039430,0.508091512795476,767.101250052452315,0.394510507583618,0.903261065483093
2267,MX07104,2267,1742.000000000000000,0.030243056039444,0.140003159642220,36.695945739746094,36.555942580103874,0.549398487585625,1.572661358333363,957.052165374159358,0.288661032915115,0.794985783100128
2268,MX16100,2268,918.000000000000000,0.015937500255000,0.227419808506966,5.705286502838135,5.477866694331169,0.523619574642779,0.523193295692996,480.682769522070998,0.348323613405228,0.932140469551088
2269,MX16101,2269,4666.000000000000000,0.081006945740556,0.145394399762154,3.453572273254395,3.308177873492241,0.220778287945262,0.124471658754448,1030.151491552591779,0.199329838156700,0.264378905296326
2270,MX29038,2270,191.000000000000000,0.003315972275278,0.750160098075867,26.909267425537109,26.159107327461243,5.915456382079901,5.129598733390608,1129.852168977261044,4.181456089019775,14.042909622192383
2271,MX31098,2271,3798.000000000000000,0.065937501055000,0.148384898900986,15.339627265930176,15.191242367029190,0.287952576395616,0.694421724356588,1093.643885150551341,0.196171499788761,0.288143923878670
2272,MX31099,2272,939.000000000000000,0.016302083594167,0.165338039398193,6.862468242645264,6.697130203247070,0.281190170663488,0.428153655697189,264.037570253014792,0.212322667241096,0.283339625597000
2273,MX31100,2273,654.000000000000000,0.011354166848333,0.256717801094055,19.584886550903320,19.328168749809265,1.007146071676814,1.451253302382661,658.673530876636278,0.647485405206680,1.722720634937287
2274,MX31101,2274,1746.000000000000000,0.030312500485000,0.278932720422745,47.876194000244141,47.597261279821396,2.487579303611185,5.657878945628737,4343.313464105129242,0.781743794679642,4.768609523773193
2275,MX14109,2275,3644.000000000000000,0.063263889901111,0.223518699407578,30.223474502563477,29.999955803155899,0.610274053652056,1.332518686361816,2223.838651508092426,0.384409651160240,0.859130907058716
2276,MX14110,2276,2200.000000000000000,0.038194445055556,0.148968845605850,12.497097015380859,12.348128169775009,0.318707672912966,0.673028197917706,701.156880408524671,0.210361294448376,0.356019538640976
2277,MX20557,2277,551.000000000000000,0.009565972375278,0.183433473110199,10.197930335998535,10.014496862888336,0.582015166238303,1.193579039807077,320.690356597304799,0.295811146497726,0.640453577041626
2278,MX07105,2278,281.000000000000000,0.004878472300278,0.142729058861732,6.070938587188721,5.928209528326988,0.766804934661583,0.810718758893253,215.472186639904947,0.523447453975677,1.492687344551086
2279,MX26066,2279,16542.000000000000000,0.287187504595000,0.170668467879295,12.452132225036621,12.281463757157326,0.249192529035594,0.291101431546872,4122.142815306798184,0.225250847637653,0.253133109211922
2280,MX11041,2280,584.000000000000000,0.010138889051111,0.372585475444794,26.822570800781250,26.449985325336456,3.570385981504231,5.093891405471873,2085.105413198471069,1.277999341487885,10.923039913177504
2281,MX08065,2281,17320.000000000000000,0.300694449255556,0.159122452139854,8.616571426391602,8.457448974251747,0.232391421768737,0.212561555793156,4025.019425034516189,0.208717703819275,0.236468102037907
2282,MX30191,2282,605.000000000000000,0.010503472390278,0.265656352043152,18.195930480957031,17.930274128913879,1.422662460015825,1.961326648026632,860.710788309574127,0.708149850368500,3.138845014572144
2283,MX08066,2283,14035.000000000000000,0.243663198343056,0.160691156983376,5.098446369171143,4.937755212187767,0.220415428861590,0.131108676873649,3093.530544072410521,0.209978461265564,0.227886238694191
2284,MX16102,2284,5014.000000000000000,0.087048612503889,0.166510760784149,37.234615325927734,37.068104565143585,1.611613187135028,4.715717105802106,8080.628520295028466,0.281452670693398,2.013368082046507
2285,MX30210,2285,9321.000000000000000,0.161822919255833,0.154013246297836,5.391867160797119,5.237853914499283,0.249214865178551,0.160762217132819,2322.931758329271361,0.224697321653366,0.279270172119141
2286,MX20558,2286,265.000000000000000,0.004600694518056,0.140579238533974,3.297881603240967,3.157302364706993,0.318623241107419,0.365389257688340,84.435158893465996,0.203368246555328,0.507616531848907
2287,MX31102,2287,5376.000000000000000,0.093333334826667,0.157892107963562,28.867956161499023,28.710064053535461,0.697908549530741,2.275206846005806,3751.956362277265271,0.229061439633369,0.800857871770859
2288,MX15110,2288,1981.000000000000000,0.034392361661389,0.217161849141121,21.299497604370117,21.082335755228996,1.224278252611311,1.990849158800476,2425.295218423007100,0.610107898712158,2.572664260864258
2289,MX15122,2289,231.000000000000000,0.004010416730833,4.105014324188232,67.809951782226562,63.704937458038330,34.761635904188275,22.970275151657596,8029.937893867491766,38.513038635253906,61.929031372070312
2290,MX14111,2290,1766.000000000000000,0.030659722712778,0.207622319459915,14.799301147460938,14.591678828001022,0.449288546169938,0.859933226996213,793.443572536110310,0.286418080329895,0.585394829511642
2291,MX14112,2291,971.000000000000000,0.016857639158611,0.144438937306404,11.747261047363281,11.602822110056877,0.473691705035008,0.875233430156487,459.954645588992889,0.242763727903366,0.741421759128571
2292,MX11042,2292,4077.000000000000000,0.070781251132500,0.318369030952454,46.687622070312500,46.369253039360046,1.594388623191706,2.895780646958027,6500.322416752584104,0.847815275192261,2.903421545028688
2293,MX08067,2293,15537.000000000000000,0.269739587649167,0.150251314043999,10.834250450134277,10.683999136090279,0.214512231506351,0.205779030655910,3332.876540914169254,0.202550932765007,0.223062691092491
2294,MX28040,2294,4694.000000000000000,0.081493056859444,0.231857597827911,42.052249908447266,41.820392310619354,1.073093789467342,3.037358472392536,5037.102247759702550,0.413728788495064,1.218202280998228
2295,MX19050,2295,9218.000000000000000,0.160034724782778,0.166444793343544,7.037240982055664,6.870796188712120,0.259148041762365,0.210220137276318,2388.826648965481581,0.229221768677235,0.289311772584915
2296,MX32049,2296,28899.000000000000000,0.501718758027500,0.124767795205116,29.331192016601562,29.206424221396446,0.241233635209226,0.554646944263901,6971.410823911419357,0.186995595693588,0.241710990667343
2297,MX24044,2297,14315.000000000000000,0.248524309531944,0.148437738418579,29.184129714965820,29.035691976547241,0.233354141761739,0.473369573425930,3340.464539319288178,0.200293034315109,0.234693261981010
2298,MX30192,2298,1675.000000000000000,0.029079861576389,0.178022012114525,11.672586441040039,11.494564428925514,0.429160131803199,0.782287105597364,718.843220770358243,0.262226402759552,0.563467717170716
2299,MX24045,2299,6606.000000000000000,0.114687501835000,0.142733320593834,13.708084106445312,13.565350785851479,0.291396881001143,0.472943832380723,1924.967795893551965,0.214866079390049,0.387248024344444
2300,MX07106,2300,6618.000000000000000,0.114895835171667,0.121297642588615,16.891801834106445,16.770504191517830,0.457354930855152,0.830277658012893,3026.774932399393947,0.276681274175644,0.699705278873444
2301,MX09017,2301,168.000000000000000,0.002916666713333,22.002763748168945,112.359115600585938,90.356351852416992,74.862775723139379,18.827604240255940,12576.946321487415844,76.087852478027344,96.577555847167986
2302,MX16103,2302,1127.000000000000000,0.019565972535278,0.236188352108002,22.010362625122070,21.774174273014069,0.765110990222620,1.615936879989034,862.280085980892864,0.387567341327667,1.227938914299011
2303,MX21194,2303,1580.000000000000000,0.027430555994444,0.291707992553711,75.926025390625000,75.634317398071289,1.985496968200688,5.305674629038536,3137.085209757087796,0.780906319618225,3.341821527481079
2304,MX30193,2304,1218.000000000000000,0.021145833671667,0.686191976070404,97.169441223144531,96.483249247074127,16.620975138224981,15.908134691692155,20244.347718358028942,10.794728755950928,38.860201263427733
2305,MX32050,2305,811.000000000000000,0.014079861336389,0.230937764048576,16.352624893188477,16.121687129139900,1.197924949513559,1.874880961777678,971.517134055496058,0.611978590488434,2.328488349914551
2306,MX10038,2306,1885.000000000000000,0.032725694968056,0.147835433483124,31.223262786865234,31.075427353382111,0.767810425723578,2.745367202474554,1447.322652488944641,0.241685643792152,0.778869163990022
2307,MX21195,2307,1293.000000000000000,0.022447917025833,0.209811791777611,10.822951316833496,10.613139525055885,0.647535358289832,0.814436871282261,837.263218268752212,0.397374808788300,1.185162186622619
2308,MX11043,2308,5255.000000000000000,0.091232640348611,0.155790522694588,14.985393524169922,14.829603001475334,0.321962797962179,0.491674660462297,1691.914503291251322,0.230708256363869,0.431502223014832
2309,MX28041,2309,7456.000000000000000,0.129444446515556,0.175854519009590,48.725547790527344,48.549693271517754,2.085207173348978,6.524507683519469,15547.304684489981810,0.311925128102303,2.179057598114014
2310,MX05036,2310,22708.000000000000000,0.394236117418889,0.150793552398682,18.831941604614258,18.681148052215576,0.313849506873795,0.543432829391555,7126.894602090144872,0.225136317312717,0.390955010056496
2311,MX30194,2311,256.000000000000000,0.004444444515556,0.317294061183929,20.724723815917969,20.407429754734039,1.350493211182765,2.042092309570717,345.726262062787896,0.732617586851120,2.757426857948303
2312,MX07071,2312,2168.000000000000000,0.037638889491111,0.128876432776451,37.944667816162109,37.815791383385658,0.582455591631991,1.403012452858851,1262.763722658157121,0.376751899719238,0.866742551326752
2313,MX14114,2313,1585.000000000000000,0.027517361551389,0.199357494711876,14.699898719787598,14.500541225075722,0.666910818567035,1.142465995711637,1057.053647428750537,0.392792910337448,0.963671767711640
2314,MX07107,2314,13410.000000000000000,0.232812503725000,0.113907948136330,13.401273727416992,13.287365779280663,0.361047510609952,0.679036065015401,4841.647117279458143,0.230649292469025,0.507420444488526
2315,MX15111,2315,1530.000000000000000,0.026562500425000,0.217285260558128,39.337627410888672,39.120342150330544,1.084339672677658,2.153006738092440,1659.039699196817310,0.642526328563690,1.887925279140476
2316,MX06010,2316,1422.000000000000000,0.024687500395000,0.187687516212463,37.635532379150391,37.447844862937927,3.017185563370900,7.602692992815142,4290.437871113420442,0.348472520709038,9.318941688537604
2317,MX24056,2317,2971.000000000000000,0.051579861936389,0.155257254838943,14.951085090637207,14.795827835798264,0.414352440199078,0.789417282877642,1231.041099831460997,0.252961874008179,0.585629642009735
2318,MX24046,2318,4413.000000000000000,0.076614584559167,0.179086223244667,14.678877830505371,14.499791607260704,0.361913619362495,0.543743038839339,1597.124802246690024,0.265013456344604,0.414604103565216
2319,MX20405,2319,859.000000000000000,0.014913194683056,0.147810816764832,4.552499771118164,4.404688954353333,0.233871016395522,0.290601043083405,200.895203083753472,0.188851565122604,0.243060609698296
2320,MX32051,2320,33993.000000000000000,0.590156259442500,0.145980954170227,22.124284744262695,21.978303790092468,0.238521481248177,0.405557368775661,8108.060712069286637,0.198058977723122,0.249900197982788
2321,MX20338,2321,41.000000000000000,0.000711805566944,1.689767241477966,18.417074203491211,16.727306962013245,6.543789151238232,4.469102772881498,268.295355200767517,4.438507556915283,14.843705177307129
2322,MX24047,2322,9721.000000000000000,0.168767363811389,0.137094810605049,16.165582656860352,16.028487846255302,0.259916933047809,0.385033431634234,2526.652506157751304,0.207107335329056,0.307058453559875
2323,MX24048,2323,738.000000000000000,0.012812500205000,0.181425333023071,18.565607070922852,18.384181737899780,0.727168167267388,1.554941405023585,536.650107443331990,0.280884400010109,1.173237490653992
2324,MX24049,2324,12635.000000000000000,0.219357642398611,0.146858483552933,17.048479080200195,16.901620596647263,0.340755319029245,0.731038301255266,4305.443455934514532,0.231011778116226,0.353234410285950
2325,MX24050,2325,5125.000000000000000,0.088975695868056,0.185542121529579,83.492523193359375,83.306981071829796,1.433979751249641,4.937093057345978,7349.146225154408967,0.395926117897034,1.835027170181276
2326,MX20540,2326,707.000000000000000,0.012274305751944,0.172042638063431,12.820691108703613,12.648648470640182,0.456624510264633,1.085104442504917,322.833528757095166,0.222307085990906,0.548059368133545
2327,MX13066,2327,454.000000000000000,0.007881944570556,0.507184624671936,11.141098022460938,10.633913397789001,1.527424321825809,1.693910297638518,693.450642108917236,0.919798791408539,3.244391036033631
2328,MX20334,2328,5748.000000000000000,0.099791668263333,0.139256924390793,13.212259292602539,13.073002368211746,0.294229810828020,0.540424899041788,1691.232952639458517,0.200701840221882,0.361967369914055
2329,MX20565,2329,398.000000000000000,0.006909722332778,0.276130974292755,31.782991409301758,31.506860435009003,3.955773464024965,6.330044772748615,1574.397838681936037,1.109053790569305,13.396650791168216
2330,MX15112,2330,1514.000000000000000,0.026284722642778,0.389605760574341,9.423578262329102,9.033972501754761,1.150319501186772,1.022324985609028,1741.583724796773367,0.813594132661819,2.155459499359131
2331,MX20560,2331,1383.000000000000000,0.024010417050833,0.141210734844208,5.443436622619629,5.302225887775421,0.312001980383243,0.398690342643677,431.498738870025079,0.209079056978226,0.456805455684662
2332,MX32052,2332,1730.000000000000000,0.030034722702778,0.212754309177399,22.544748306274414,22.331993997097015,0.631135428141307,1.257132134779971,1091.864290684461366,0.380410045385361,0.875742644071581
2333,MX32053,2333,2188.000000000000000,0.037986111718889,0.198091864585876,28.561244964599609,28.363153100013733,0.522907678780216,1.516507573385607,1144.122001171111833,0.278132706880569,0.516259878873825
2334,MX14115,2334,3398.000000000000000,0.058993056499444,0.139121800661087,15.915360450744629,15.776238650083542,0.251089835663344,0.619591567967765,853.203261584044299,0.190575189888477,0.224498671293259
2335,MX15113,2335,1136.000000000000000,0.019722222537778,0.266329228878021,59.846736907958984,59.580407679080963,7.154143622145058,9.067709724611056,8127.107154756785349,3.068844556808472,19.724620819091797
2336,MX14116,2336,2277.000000000000000,0.039531250632500,0.176541447639465,24.887872695922852,24.711331248283386,0.578864380625658,1.725738483750378,1318.074194684622626,0.283424764871597,0.641749954223633
2337,MX20038,2337,287.000000000000000,0.004982638968611,0.164728462696075,4.046927928924561,3.882199466228485,0.323121558758025,0.420550207050067,92.735887363553033,0.219617098569870,0.376606178283692
2338,MX24051,2338,7566.000000000000000,0.131354168768333,0.140125826001167,15.097266197204590,14.957140371203423,0.310203191567485,0.490094249277886,2346.997347399592854,0.222205497324467,0.398724451661110
2339,MX26067,2339,7940.000000000000000,0.137847224427778,0.183214634656906,22.381607055664062,22.198392421007156,0.266621346234975,0.459904329394026,2116.973489105703720,0.226058699190617,0.257380625605583
2340,MX32054,2340,1895.000000000000000,0.032899306081944,0.187207579612732,17.282623291015625,17.095415711402893,0.504773247273428,0.980415566248155,956.545303583146051,0.289190769195557,0.807417154312134
2341,MX24052,2341,3238.000000000000000,0.056215278677222,0.172689631581306,7.342869281768799,7.170179650187492,0.335857262286123,0.431750377756691,1087.505815282465392,0.252367630600929,0.386726567149162
2342,MX26068,2342,5990.000000000000000,0.103993057219444,0.178440719842911,4.602994441986084,4.424553722143173,0.226999290946728,0.139891884279248,1359.725752770901636,0.215011708438396,0.233191099762917
2343,MX14068,2343,9162.000000000000000,0.159062502545000,0.129482612013817,9.964197158813477,9.834714546799660,0.207268755028300,0.248000583968470,1898.996333569283024,0.181855671107769,0.225748619437218
2344,MX20277,2344,4740.000000000000000,0.082291667983333,0.131224915385246,7.804340839385986,7.673115924000740,0.204509600883798,0.206757655863605,969.375508189203515,0.179978169500828,0.230060930550098
2345,MX20280,2345,299.000000000000000,0.005190972305278,0.170983642339706,2.498701333999634,2.327717691659927,0.294520256760527,0.259218351105062,88.061556771397591,0.228150501847267,0.392415863275528
2346,MX20486,2346,690.000000000000000,0.011979166858333,0.158055290579796,3.782907485961914,3.624852195382118,0.306420172146265,0.345894782300357,211.429918780922605,0.215390078723431,0.455171903967857
2347,MX05037,2347,9808.000000000000000,0.170277780502222,0.167695298790932,12.058995246887207,11.891299948096275,0.264914628578619,0.399227192097095,2598.282677099099601,0.223220385611057,0.287873047590256
2348,MX15114,2348,2107.000000000000000,0.036579861696389,0.290469795465469,10.223537445068359,9.933067649602890,1.078122116473256,0.734884638514188,2271.603299409149713,0.863027989864349,1.882384276390076
2349,MX07108,2349,9263.000000000000000,0.160815974795278,0.124423146247864,28.151367187500000,28.026944041252136,0.553475020184484,1.441368051743180,5126.839111968876750,0.284667670726776,0.727386713027955
2350,MX11044,2350,643.000000000000000,0.011163194623056,1.092551827430725,73.025161743164062,71.932609915733337,6.321582262104449,8.988262360157206,4064.777394533160532,2.799694061279297,16.439470672607428
2351,MX28042,2351,6607.000000000000000,0.114704862946389,0.150009542703629,17.122861862182617,16.972852319478989,0.237734944253046,0.355234283061842,1570.714776679871648,0.206247895956039,0.262388771772385
2352,MX19051,2352,4587.000000000000000,0.079635417940833,0.173994675278664,11.094942092895508,10.920947417616844,0.287783261426712,0.450039776599662,1320.061820164327401,0.225337147712708,0.298311251401901
2353,MX16104,2353,1745.000000000000000,0.030295139373611,0.214728921651840,9.168298721313477,8.953569799661636,0.486395512636548,0.484037611581102,848.760169550776027,0.358029246330261,0.727031207084656
2354,MX32055,2354,11005.000000000000000,0.191059030834722,0.165909722447395,50.339378356933594,50.173468634486198,0.332082016249506,0.952283757224737,3654.562588825815510,0.219118088483810,0.351626616716385
2355,MX16105,2355,736.000000000000000,0.012777777982222,0.264997065067291,12.883971214294434,12.618974149227142,0.993084451548108,1.460182971919467,730.910156339407308,0.472146630287170,2.249876141548157
2356,MX30087,2356,622.000000000000000,0.010798611283889,0.576972842216492,79.731262207031250,79.154289364814758,15.003740667434370,14.340136637234783,9332.326695144178302,9.569226741790771,34.681682205200197
2357,MX15043,2357,536.000000000000000,0.009305555704444,0.433623999357224,31.197156906127930,30.763532906770706,2.400070120538793,4.233996710780128,1286.437584608792804,0.747053146362305,6.479700088500977
2358,MX18008,2358,2524.000000000000000,0.043819445145556,0.162874460220337,28.013370513916016,27.850496053695679,0.659214620131605,2.148288025694200,1663.857701212170468,0.256068453192711,0.688660663366318
2359,MX29039,2359,203.000000000000000,0.003524305611944,0.513815224170685,20.183357238769531,19.669542014598846,4.183177391883772,4.590844716303205,849.185010552405743,1.856860876083374,11.320923042297364
2360,MX12069,2360,1107.000000000000000,0.019218750307500,0.182982608675957,4.119179248809814,3.936196640133858,0.432946695814072,0.435632413832720,479.271992266178188,0.282779872417450,0.827234256267547
2361,MX29040,2361,514.000000000000000,0.008923611253889,0.401618897914886,7.207502841949463,6.805883944034576,1.313875175229770,1.163362260209931,675.331840068101656,0.862874746322632,2.930725407600402
2362,MX21196,2362,295.000000000000000,0.005121527859722,0.165078878402710,3.227427959442139,3.062349081039429,0.381186205350747,0.428845323015634,112.449930578470230,0.223086401820183,0.690392482280731
2363,MX11045,2363,4569.000000000000000,0.079322917935833,0.143308639526367,11.360490798950195,11.217182159423828,0.261250966427284,0.338724427804918,1193.655665606260754,0.213499560952187,0.339995145797729
2364,MX30092,2364,887.000000000000000,0.015399305801944,0.188569322228432,15.861162185668945,15.672592863440514,0.742563922550391,1.464155406610002,658.654199302196503,0.360324501991272,1.079446887969970
2365,MX29042,2365,35.000000000000000,0.000607638898611,2.670481920242310,30.474643707275391,27.804161787033081,9.164625249590193,6.559041720728644,320.761883735656738,7.677386283874512,18.754070663452154
2366,MX28043,2366,4419.000000000000000,0.076718751227500,0.176773726940155,10.129339218139648,9.952565491199493,0.365681209862165,0.540807559867322,1615.945266380906787,0.256939649581909,0.482703131437302
2367,MX21197,2367,1545.000000000000000,0.026822917095833,0.253751605749130,22.438741683959961,22.184990078210831,0.949711978107594,1.940428957856595,1467.305006176232837,0.419310241937637,1.582690930366516
2368,MX21198,2368,1008.000000000000000,0.017500000280000,0.154281690716743,3.545048475265503,3.390766784548759,0.217938490123266,0.201121261566107,219.681998044252538,0.188027478754520,0.214853386580944
2369,MX24054,2369,2001.000000000000000,0.034739583889167,0.159638538956642,18.445775985717773,18.286137446761131,0.584598912001550,0.989875677892832,1169.782422915100824,0.415954858064651,0.930473923683167
2370,MX21199,2370,729.000000000000000,0.012656250202500,0.204117536544800,21.613410949707031,21.409293413162231,0.964375799738985,1.995956997131910,703.029958009720076,0.312833428382874,2.294237518310547
2371,MX31103,2371,551.000000000000000,0.009565972375278,0.199604436755180,6.591849327087402,6.392244890332222,0.406228174639700,0.548877033784117,223.831724226474449,0.277649730443954,0.503381371498108
2372,MX21200,2372,298.000000000000000,0.005173611193889,0.256454199552536,5.765028953552246,5.508574753999710,0.609156532975651,0.641257421272035,181.528646826743994,0.425808921456337,0.894187372922897
2373,MX13078,2373,680.000000000000000,0.011805555744444,0.204546198248863,4.649954319000244,4.445408120751381,0.494633075529162,0.406415181827955,336.350491359830016,0.356784477829933,0.831178486347199
2374,MX13079,2374,928.000000000000000,0.016111111368889,0.201094046235085,3.779787063598633,3.578693017363548,0.368328873533755,0.283317023080276,341.809194639324687,0.286317661404610,0.536222696304321
2375,MX12070,2375,1290.000000000000000,0.022395833691667,0.168384969234467,9.719227790832520,9.550842821598053,0.323953665989315,0.572161543237514,417.900229126216232,0.217588707804680,0.382814940810204
2376,MX21201,2376,232.000000000000000,0.004027777842222,0.251651495695114,5.635855197906494,5.384203702211380,0.532511320992790,0.643262812719798,123.542626470327349,0.321171939373016,0.901216107606888
2377,MX09013,2377,566.000000000000000,0.009826389046111,0.906286537647247,89.212944030761719,88.306657493114471,23.973966884423501,16.627716698314472,13569.265256583701557,21.483767509460449,47.364658355712891
2378,MX12071,2378,2220.000000000000000,0.038541667283333,0.151847496628761,6.773937702178955,6.622090205550194,0.323794311929393,0.352182799379620,718.823372483253024,0.230604998767376,0.512123101949692
2379,MX17028,2379,461.000000000000000,0.008003472350278,1.005191206932068,25.643072128295898,24.637880921363831,7.027743440388082,5.197175606315581,3239.789726018905640,5.696117877960205,14.488509178161621
2380,MX21202,2380,390.000000000000000,0.006770833441667,0.246297121047974,4.262529850006104,4.016232728958130,0.707179906582220,0.638874304239192,275.800163567065908,0.508424550294876,1.297517466545105
2381,MX21203,2381,804.000000000000000,0.013958333556667,0.209825381636620,7.324403762817383,7.114578381180763,0.450978201494288,0.625600756852733,362.586474001407510,0.331830963492393,0.479422989487648
2382,MX15115,2382,271.000000000000000,0.004704861186389,0.697344243526459,24.447980880737305,23.750636637210846,5.285411164549441,5.263204255164322,1432.346425592898640,3.717447996139526,13.528109550476074
2383,MX30195,2383,183.000000000000000,0.003177083384167,0.224398687481880,7.131077289581299,6.906678602099419,1.013654364018493,1.232878673775360,185.498748615384130,0.501438558101654,2.260691928863526
2384,MX13080,2384,772.000000000000000,0.013402777992222,0.219095885753632,2.997909784317017,2.778813898563385,0.489275208949424,0.360952496200450,377.720461308955578,0.356626912951469,0.805388909578323
2385,MX14118,2385,2820.000000000000000,0.048958334116667,0.174243465065956,24.404386520385742,24.230143055319786,0.500453792840030,1.236200818473547,1411.279695808884981,0.280517622828484,0.654158288240433
2386,MX07109,2386,1022.000000000000000,0.017743055839444,0.180671006441116,27.646440505981445,27.465769499540329,0.755870136292015,2.091882168296296,772.499279290439063,0.329460442066193,0.904592269659042
2387,MX30196,2387,437.000000000000000,0.007586805676944,0.370339423418045,10.058687210083008,9.688347786664963,1.300139730664086,1.222430252787455,568.161062300205458,0.874480783939362,2.487858486175538
2388,MX21204,2388,146.000000000000000,0.002534722262778,0.252549558877945,8.718010902404785,8.465461343526840,1.030836055540058,1.419226958312811,150.502064108848515,0.450131312012672,2.251940727233887
2389,MX29043,2389,178.000000000000000,0.003090277827222,1.095259904861450,31.499376296997070,30.404116392135620,7.709610658415246,6.224246809860111,1372.310697197913669,6.326830863952637,16.616925430297854
2390,MX17029,2390,950.000000000000000,0.016493055819444,0.685366511344910,22.934150695800781,22.248784184455872,4.671205845569309,4.318984022725640,4437.645553290843964,2.777804970741272,11.182968807220460
2391,MX31104,2391,7329.000000000000000,0.127239585369167,0.147914916276932,5.020442485809326,4.872527569532394,0.225453390284553,0.202874197977283,1652.347897395490691,0.196201130747795,0.233866858482361
2392,MX20561,2392,293.000000000000000,0.005086805636944,0.157728567719460,3.584224462509155,3.426495894789696,0.323650036706452,0.407348164730317,94.829460754990492,0.214782088994980,0.407080131769180
2393,MX31105,2393,240.000000000000000,0.004166666733333,0.478906720876694,8.579673767089844,8.100767046213150,1.095623205477992,1.006537932647902,262.949569314718190,0.759849011898041,1.751638579368591
2394,MX17030,2394,873.000000000000000,0.015156250242500,0.626549124717712,32.445411682128906,31.818862557411194,3.000869605003218,3.715806754329230,2619.759165167809897,1.592201948165894,6.878964138031008
2395,MX26069,2395,14164.000000000000000,0.245902781712222,0.170131042599678,7.125727653503418,6.955596610903740,0.221188268146880,0.148209341750331,3132.910630032410154,0.212534852325916,0.229183425009251
2396,MX30197,2396,552.000000000000000,0.009583333486667,0.188143581151962,4.868913173675537,4.680769592523575,0.384571479579461,0.360843239844441,212.283456727862387,0.304140925407410,0.548250609636307
2397,MX21205,2397,626.000000000000000,0.010868055729444,0.331598579883575,17.836713790893555,17.505115211009979,1.634270684930463,2.266678619056116,1023.053448766469728,0.752647042274475,4.224118709564209
2398,MX31106,2398,663.000000000000000,0.011510416850833,0.176575481891632,6.869392871856689,6.692817389965057,0.317226616258355,0.437799560589574,210.321246579289465,0.233422905206680,0.366250395774842
2399,MX20563,2399,320.000000000000000,0.005555555644444,0.148952111601830,2.009479284286499,1.860527172684669,0.270268119499087,0.235668608795241,86.485798239707989,0.189087375998497,0.471903595328331
2400,MX16106,2400,871.000000000000000,0.015121528019722,0.241354823112488,16.987939834594727,16.746585011482239,1.029297931117659,2.008491960180769,896.518498003481227,0.458631038665771,1.723116755485535
2401,MX11046,2401,3320.000000000000000,0.057638889811111,0.235614031553268,35.917415618896484,35.681801587343216,0.985121394904804,1.952672781437057,3270.603031083949190,0.503997653722763,1.767216897010803
2402,MX20564,2402,310.000000000000000,0.005381944530556,0.154339432716370,1.650239229202271,1.495899796485901,0.237739554864745,0.186335314974706,73.699262008070974,0.193079724907875,0.265442880988121
2403,MX21206,2403,1225.000000000000000,0.021267361451389,0.184393033385277,3.732136249542236,3.547743216156960,0.347345789865572,0.320531412342454,425.498592585325355,0.278931200504303,0.426661586761475
2404,MX21207,2404,871.000000000000000,0.015121528019722,0.288465321063995,20.364833831787109,20.076368510723114,1.418475670601006,1.789632887543729,1235.492309093476024,0.979178667068481,2.518821239471436
2405,MX16107,2405,2265.000000000000000,0.039322917295833,0.179834008216858,20.810775756835938,20.630941748619080,0.862063530508520,2.072579327449632,1952.573896601797969,0.279141813516617,1.506713104248053
2406,MX32056,2406,2241.000000000000000,0.038906250622500,0.221578657627106,164.503402709960938,164.281824052333832,4.203892897304180,12.391191515591215,9420.923982858666932,0.493248164653778,9.098752021789551
2407,MX29044,2407,147.000000000000000,0.002552083374167,1.550498604774475,27.464826583862305,25.914327979087830,7.551274266372735,7.257015655786527,1110.037317156791914,3.069814443588257,19.735410690307617
2408,MX17031,2408,131.000000000000000,0.002274305591944,1.456780791282654,26.695249557495117,25.238468766212463,7.534181238130761,6.035971771577231,986.977742195129622,4.974152088165283,16.665786743164062
2409,MX21208,2409,2429.000000000000000,0.042170139563611,0.261193096637726,29.381351470947266,29.120158374309540,0.963489306517813,1.977553996188285,2340.315525531768344,0.497607052326202,1.481329584121704
2410,MX15116,2410,331.000000000000000,0.005746527869722,0.220516622066498,7.436491012573242,7.215974390506744,0.706188460131066,1.062269856524582,233.748380303382731,0.309973746538162,1.458528876304626
2411,MX14119,2411,2392.000000000000000,0.041527778442222,0.195648565888405,26.821683883666992,26.626035317778587,0.795711053678623,1.723910886222752,1903.340840399265971,0.358678579330444,1.229948925971985
2412,MX15117,2412,1440.000000000000000,0.025000000400000,0.159658908843994,7.715737342834473,7.556078433990479,0.377817440591753,0.454768281374826,544.057114452123983,0.284563332796097,0.548695302009583
2413,MX17032,2413,265.000000000000000,0.004600694518056,0.505374431610107,5.355474472045898,4.850100040435791,1.303766448767680,1.078832436389159,345.498108923435154,0.862045288085938,2.875712442398071
2414,MX30198,2414,1313.000000000000000,0.022795139253611,0.157169431447983,3.133092164993286,2.975922733545303,0.247567832742315,0.151188581479416,325.056564390659560,0.219336003065109,0.297393018007278
2415,MX13081,2415,1367.000000000000000,0.023732639268611,0.181261137127876,23.075893402099609,22.894632264971733,0.779438878030086,2.029069697554113,1065.492946267128218,0.305546194314957,1.089642047882081
2416,MX16108,2416,1676.000000000000000,0.029097222687778,0.231172844767570,34.883274078369141,34.652101233601570,2.503520679217818,5.179437106349071,4195.900658369063422,0.585770606994629,6.070076227188110
2417,MX14120,2417,5785.000000000000000,0.100434029384722,0.224169358611107,73.864501953125000,73.640332594513893,8.865240149520647,15.592871430762658,51285.414264976941922,0.951265811920166,37.844023132324224
2418,MX14121,2418,1255.000000000000000,0.021788194793056,0.179859176278114,26.255168914794922,26.075309738516808,1.182764311366347,2.362816998131068,1484.369210764765512,0.547684311866760,1.959842729568483
2419,MX21209,2419,2116.000000000000000,0.036736111698889,0.161466687917709,6.835306167602539,6.673839479684830,0.303721759257053,0.346420570400878,642.675242587924458,0.228101238608360,0.407856434583664
2420,MX21210,2420,104.000000000000000,0.001805555584444,0.303419113159180,3.351707696914673,3.048288583755493,0.675400111537714,0.580769051335710,70.241611599922209,0.446420639753342,1.161650860309601
2421,MX14122,2421,1522.000000000000000,0.026423611533889,0.157414913177490,6.963647365570068,6.806232452392578,0.295961107750290,0.382772217024938,450.452805995941105,0.222222551703453,0.371995651721954
2422,MX20567,2422,1500.000000000000000,0.026041667083333,0.159506380558014,3.231698274612427,3.072191894054413,0.287867376456658,0.280721177116014,431.801064684987239,0.210715711116791,0.404061132669449
2423,MX20568,2423,215.000000000000000,0.003732638948611,0.207331717014313,3.090116262435913,2.882784545421600,0.422391443335733,0.409259047456693,90.814160317182555,0.298469156026840,0.656743991374969
2424,MX12072,2424,1121.000000000000000,0.019461805866944,0.180382966995239,6.078848838806152,5.898465871810913,0.457643937110157,0.450730556739778,513.018853500485648,0.310748398303986,0.855472147464752
2425,MX13082,2425,579.000000000000000,0.010052083494167,0.483654171228409,18.810342788696289,18.326688617467880,2.450912705305738,3.134614835340744,1419.078456372022401,1.030157685279846,7.196750164031985
2426,MX14123,2426,1989.000000000000000,0.034531250552500,0.289915800094604,9.410147666931152,9.120231866836548,0.595010169296184,0.600257706906994,1183.475226730109398,0.451245933771133,0.842884182929993
2427,MX14023,2427,1350.000000000000000,0.023437500375000,0.237608596682549,35.560634613037109,35.323026016354561,2.836511221064465,6.344939541705863,3829.290148437027256,0.582598149776459,6.465571212768560
2428,MX14124,2428,3589.000000000000000,0.062309028774722,0.326347589492798,46.350082397460938,46.023734807968140,1.866917505349645,3.307300613953364,6700.366926699875876,0.984047830104828,3.335153293609621
2429,MX05038,2429,42271.000000000000000,0.733871539519722,0.147968932986259,19.571874618530273,19.423905685544014,0.231157454043779,0.381831092709567,9771.256739884594936,0.206210121512413,0.253480583429337
2430,MX21211,2430,150.000000000000000,0.002604166708333,0.412681967020035,20.927949905395508,20.515267938375473,2.326579719384512,3.471513922443278,348.986957907676754,0.945590764284134,5.945199584960935
2431,MX24055,2431,3087.000000000000000,0.053593750857500,0.201713383197784,17.154783248901367,16.953069865703583,0.724215355165035,1.144344514195683,2235.652801394462585,0.441966176033020,1.114996933937073
2432,MX30199,2432,105.000000000000000,0.001822916695833,1.867714762687683,10.804623603820801,8.936908841133118,3.671779783566794,1.915888413061831,385.536877274513415,3.142014741897583,6.351492786407471
2433,MX21212,2433,1330.000000000000000,0.023090278147222,0.178831726312637,8.917238235473633,8.738406509160995,0.504794411013897,0.614302076170257,671.376566648483276,0.326688438653946,0.898256164789200
2434,MX13083,2434,1595.000000000000000,0.027690972665278,0.389924407005310,41.990245819091797,41.600321412086487,2.107950589088809,4.166085902937355,3362.181189596649801,0.846922457218170,3.989180088043214
2435,MX30200,2435,875.000000000000000,0.015190972465278,0.201466619968414,1.977934598922729,1.776467978954315,0.362962337783405,0.181894028356812,317.592045560478994,0.308887988328934,0.551981472969055
2436,MX12038,2436,7193.000000000000000,0.124878474220278,0.127601593732834,24.057830810546875,23.930229216814041,0.519162699310881,1.565820099512641,3734.337296143168714,0.207057923078537,0.639034616947174
2437,MX21213,2437,877.000000000000000,0.015225694688056,0.243275731801987,2.414694309234619,2.171418577432632,0.431569866521737,0.305347578625770,378.486772939562968,0.308644443750381,0.766281199455261
2438,MX29037,2438,383.000000000000000,0.006649305661944,0.338851630687714,24.676696777343750,24.337845146656036,1.479934590447975,2.980477460924175,566.814948141574632,0.533675253391266,3.105581045150757
2439,MX13084,2439,4359.000000000000000,0.075677084544167,0.174055695533752,23.992368698120117,23.818313002586365,0.545515027439878,1.212190487552249,2377.900004610429733,0.288568466901779,0.832661581039430
2440,MX20570,2440,1722.000000000000000,0.029895833811667,0.126489922404289,20.090505599975586,19.964015677571297,0.419053944128454,1.120883874943347,721.610891789197353,0.178274348378181,0.627328544855118
2441,MX07111,2441,946.000000000000000,0.016423611373889,0.293535023927689,72.831077575683594,72.537542551755905,3.788203380765676,8.105517143174154,3583.640398204329358,0.776624351739883,9.526887416839600
2442,MX15118,2442,1532.000000000000000,0.026597222647778,0.228656232357025,42.210189819335938,41.981533586978912,3.083935106012664,5.397710270427048,4724.588582411401148,0.547643274068832,9.267164516448975
2443,MX21214,2443,312.000000000000000,0.005416666753333,0.341324716806412,15.828122138977051,15.486797422170639,1.347754212812735,2.209760290024451,420.499314397573244,0.584510535001755,2.740569758415225
2444,MX16109,2444,566.000000000000000,0.009826389046111,0.234667852520943,4.310530185699463,4.075862333178520,0.444776816287015,0.459021163177292,251.743678018450510,0.309812054038048,0.625640869140625
2445,MX16110,2445,2961.000000000000000,0.051406250822500,0.202732935547829,26.995155334472656,26.792422398924828,0.815727775441517,1.571069927895693,2415.369943082332156,0.385518699884415,1.462395310401917
2446,MX16111,2446,795.000000000000000,0.013802083554167,0.219500035047531,3.501457214355469,3.281957179307938,0.563105230792514,0.464046891904716,447.668658480048521,0.392030894756317,1.001223325729370
2447,MX12073,2447,10544.000000000000000,0.183055558484444,0.124100297689438,10.231780052185059,10.107679754495621,0.228317289600469,0.314114796359511,2407.377501547348402,0.182807847857475,0.264178371429443
2448,MX16112,2448,2539.000000000000000,0.044079861816389,0.207770600914955,29.519422531127930,29.311651930212975,1.338704925733273,2.969210261905725,3398.971806436779843,0.510592460632324,2.384882020950318
2449,MX12074,2449,1496.000000000000000,0.025972222637778,0.162923648953438,12.817346572875977,12.654422923922539,0.400838602374103,0.706950259155510,599.654549151658784,0.241519048810005,0.637104541063309
2450,MX30201,2450,1402.000000000000000,0.024340278167222,0.241636887192726,11.054938316345215,10.813301429152489,0.566263405247439,0.573739298660306,793.901294156909671,0.459935113787651,0.822234570980072
2451,MX21215,2451,178.000000000000000,0.003090277827222,0.253324657678604,5.705112457275391,5.451787799596786,0.557544427306465,0.747600291708828,99.242908060550718,0.335362628102303,0.903060579299928
2452,MX30202,2452,1208.000000000000000,0.020972222557778,0.153390184044838,1.409649014472961,1.256258830428123,0.279148055844946,0.135024320350895,337.210851460695153,0.239799611270428,0.377373614907265
2453,MX21216,2453,91.000000000000000,0.001579861136389,0.297052890062332,2.021992444992065,1.724939554929733,0.556569998408412,0.305680645829820,50.647869855165453,0.465964853763580,0.844897568225861
2454,MX21217,2454,1327.000000000000000,0.023038194813056,0.181096121668816,6.148641586303711,5.967545464634895,0.468412866213758,0.471530257367971,621.583873465657121,0.324900478124619,0.778308498859406
2455,MX30203,2455,347.000000000000000,0.006024305651944,0.293589413166046,3.420758724212646,3.127169311046600,0.514318152875653,0.365557206052711,178.468399047851506,0.410658806562424,0.711788880825043
2456,MX15119,2456,998.000000000000000,0.017326389166111,0.280546694993973,18.895351409912109,18.614804714918137,1.177651162048380,1.717245491450804,1175.295859724282991,0.520413666963577,2.817070770263672
2457,MX15120,2457,1114.000000000000000,0.019340278087222,1.240312099456787,58.838603973388672,57.598291873931885,10.640584361724402,10.446836758107173,11853.610978960983630,6.329339742660522,25.582203865051277
