OID_,ADM2_PCODE,ZONE_CODE,COUNT,AREA,MIN,MAX,RANGE,MEAN,STD,SUM,MEDIAN,PCT90
1,MX31001,1,1458.000000000000000,0.025312500405000,0.299150645732880,4.639518260955811,4.340367615222931,0.474025107460257,0.347214918906371,691.128606677055359,0.381791874766350,0.602583658695221
2,MX05001,2,3900.000000000000000,0.067708334416667,0.280014544725418,16.501014709472656,16.221000164747238,0.436036041547090,0.692966533288352,1700.540562033650758,0.374015748500824,0.440627101063728
3,MX11001,3,3062.000000000000000,0.053159723072778,0.460633724927902,28.311052322387695,27.850418597459793,1.422518715807461,1.880137617703476,4355.752307802446012,0.895030528306961,2.456308293342591
4,MX19001,4,239.000000000000000,0.004149305621944,0.752319574356079,10.365692138671875,9.613372564315796,2.000180845978869,1.846015407566015,478.043222188949585,1.230399012565613,4.218997955322269
5,MX28001,5,9508.000000000000000,0.165069447085556,0.266654193401337,9.385478019714355,9.118823826313019,0.342427762089706,0.254431324357374,3255.803161948925663,0.315706551074982,0.351645237207413
6,MX20001,6,616.000000000000000,0.010694444615556,0.240743264555931,3.887795209884644,3.647051945328712,0.335963664745743,0.250205731154733,206.953617483377428,0.292249739170074,0.339058443903923
7,MX07001,7,1207.000000000000000,0.020954861446389,0.249309360980988,18.291460037231445,18.042150676250458,0.623281909768603,1.128505066172717,752.301265090704192,0.359624713659286,0.905555665493012
8,MX21001,8,869.000000000000000,0.015086805796944,0.501019418239594,17.187582015991211,16.686562597751617,2.457970814545766,2.729552596329489,2135.976637840270541,1.303968906402588,6.464587593078617
9,MX30001,9,483.000000000000000,0.008385416800833,0.406961113214493,4.543360710144043,4.136399596929550,0.680745163627787,0.543271584054412,328.799914032221011,0.493657559156418,1.037535214424133
10,MX07002,10,2342.000000000000000,0.040659722872778,0.313854664564133,11.641243934631348,11.327389270067215,0.623260597710320,0.743876540094271,1459.676319837568826,0.465137422084808,0.827490365505219
11,MX11002,11,4363.000000000000000,0.075746528989722,0.352473676204681,26.143302917480469,25.790829241275787,0.983153993598971,1.813558343912464,4289.500874072310580,0.524346768856049,1.567654442787170
12,MX15001,12,2356.000000000000000,0.040902778432222,0.418913513422012,17.978305816650391,17.559392303228378,1.265934148471301,1.306976347162927,2982.540853798384433,0.876303702592850,2.362814784049988
13,MX31002,13,691.000000000000000,0.011996527969722,0.394415408372879,14.917381286621094,14.522965878248215,1.130426888269210,1.437925201791744,781.124979794024057,0.734246969223022,1.797015905380249
14,MX07003,14,2609.000000000000000,0.045295139613611,0.250665158033371,11.214175224304199,10.963510066270828,0.539400549844654,0.592468776984434,1407.296034544702707,0.419851124286652,0.785570538043977
15,MX18001,15,7160.000000000000000,0.124305557544444,0.260231405496597,22.647134780883789,22.386903375387192,0.490276097431362,0.905346421137482,3510.376857608551745,0.350262090563774,0.591900038719177
16,MX12001,16,8405.000000000000000,0.145920141223611,0.266812235116959,51.486206054687500,51.219393819570541,2.168056529912828,5.032199987560617,18222.515133917320782,0.509897649288177,4.725839519500734
17,MX21002,17,900.000000000000000,0.015625000250000,0.333422154188156,3.408984184265137,3.075562030076981,0.441029188964102,0.213960152105618,396.926270067691689,0.396100416779518,0.523602890968323
18,MX12076,18,3089.000000000000000,0.053628473080278,0.256760954856873,6.305748462677002,6.048987507820129,0.516048449650285,0.366878870545826,1594.073660969730327,0.387974917888641,0.879313743114472
19,MX14001,19,1695.000000000000000,0.029427083804167,0.402614921331406,11.760533332824707,11.357918411493301,0.963840559502970,0.918197446777660,1633.709748357533726,0.717990159988403,1.525249934196472
20,MX13001,20,1202.000000000000000,0.020868055889444,0.389646202325821,10.084924697875977,9.695278495550156,1.198688373688650,1.054354347438317,1440.823425173757187,0.845525801181793,2.210583376884462
21,MX21003,21,2998.000000000000000,0.052048611943889,0.266085714101791,26.901138305664062,26.635052591562271,0.732980448625897,1.548894869171961,2197.475384980439230,0.382281526923180,0.983933776617051
22,MX30002,22,91.000000000000000,0.001579861136389,0.411334753036499,5.170949935913086,4.759615182876587,0.826389948090354,0.751510015492089,75.201485276222243,0.599343180656433,1.152275919914246
23,MX14002,23,766.000000000000000,0.013298611323889,0.504718899726868,22.398860931396484,21.894142031669617,1.837133537618050,2.467622490898970,1407.244289815426555,0.894977807998657,4.362015962600708
24,MX20002,24,3714.000000000000000,0.064479167698333,0.285108357667923,5.089137077331543,4.804028719663620,0.560987841444242,0.376729094157394,2083.508843123914630,0.471307963132858,0.759076792001725
25,MX21004,25,691.000000000000000,0.011996527969722,0.440432667732239,30.683740615844727,30.243307948112488,2.256872178115998,3.529091600256423,1559.498675078154520,0.915650486946106,5.449426651000977
26,MX13002,26,1189.000000000000000,0.020642361441389,0.499290853738785,11.890358924865723,11.391068071126938,1.478314676612638,1.298626963815680,1757.716150492427232,1.046834468841553,2.742816972732546
27,MX30003,27,3213.000000000000000,0.055781250892500,0.325550705194473,38.990882873535156,38.665332168340683,0.958457266462580,2.723601849693669,3079.523197144269943,0.448047846555710,1.148330569267273
28,MX15002,28,429.000000000000000,0.007447916785833,2.145252227783203,62.268779754638672,60.123527526855469,15.023570119639940,12.380004153635113,6445.111581325534644,10.466009140014648,30.402956771850583
29,MX26001,29,1976.000000000000000,0.034305556104444,0.295017391443253,11.568241119384766,11.273223727941513,0.400501356539335,0.537082085560408,791.390680521725585,0.331208556890488,0.387411013245583
30,MX21005,30,371.000000000000000,0.006440972325278,0.466590821743011,4.728139877319336,4.261549055576324,0.720346239779516,0.518144086198769,267.248454958200398,0.570185244083405,0.943225502967834
31,MX13003,31,1359.000000000000000,0.023593750377500,0.358278155326843,33.540714263916016,33.182436108589172,2.029325276591306,3.600098360739894,2757.853050887585141,0.650377690792084,4.644456863403322
32,MX30004,32,4253.000000000000000,0.073836806736944,0.294509828090668,9.841666221618652,9.547156393527985,0.583548189772175,0.529258486711764,2481.830451101061499,0.452163279056549,0.814902222156525
33,MX29022,33,75.000000000000000,0.001302083354167,0.922309637069702,13.926565170288086,13.004255533218384,3.679778474966684,3.428235521252065,275.983385622501316,1.824308633804321,9.216611862182619
34,MX16001,34,873.000000000000000,0.015156250242500,0.299263447523117,9.250887870788574,8.951624423265457,0.627197915779902,0.777072226707139,547.543780475854874,0.438412398099899,0.884162616729736
35,MX30005,35,900.000000000000000,0.015625000250000,0.347804337739944,8.433738708496094,8.085934370756149,0.527558391491573,0.501513501559432,474.802552342415311,0.443916603922844,0.610065615177155
36,MX15003,36,2262.000000000000000,0.039270833961667,0.408946096897125,12.457684516906738,12.048738420009613,1.071389431056462,0.929507242078926,2423.482893049716040,0.791733235120773,1.798442924022675
37,MX30006,37,830.000000000000000,0.014409722452778,0.336146414279938,10.036835670471191,9.700689256191254,1.019414887227210,1.122363246312963,846.114356398583936,0.659810155630112,2.002252662181855
38,MX05002,38,60849.000000000000000,1.056406266902500,0.280588418245316,61.231540679931641,60.950952261686325,0.465686037320277,1.760106387262012,28336.529684901557630,0.330830425024033,0.355022579431534
39,MX13004,39,601.000000000000000,0.010434027944722,0.365036129951477,5.888324260711670,5.523288130760193,0.686992776374055,0.532491151925224,412.882658600807019,0.549805641174316,1.000700831413269
40,MX30204,40,1795.000000000000000,0.031163194943056,0.960741937160492,2502.217529296875000,2501.256787359714508,12.176484940543459,108.458002699805505,21856.790468275507010,2.579967021942139,10.605604171752944
41,MX26002,41,21434.000000000000000,0.372118061509444,0.281816273927689,53.857997894287109,53.576181620359421,0.596966940474077,2.571939764451193,12795.389402121374587,0.330876260995865,0.414930462837219
42,MX19002,42,5103.000000000000000,0.088593751417500,0.307536035776138,13.321940422058105,13.014404386281967,0.420339823610148,0.457524161330779,2144.994119882586347,0.358221739530563,0.421302151679993
43,MX01001,43,5938.000000000000000,0.103090279427222,0.379950910806656,123.500267028808594,123.120316118001938,9.534256421077226,18.967243669052596,56614.414628356564208,1.407459080219269,41.089006423950210
44,MX16002,44,6898.000000000000000,0.119756946360556,0.241962179541588,28.789455413818359,28.547493234276772,0.361684148138020,0.765685806962779,2494.897253856064253,0.302226051688194,0.354114112257957
45,MX25001,45,16923.000000000000000,0.293802088034167,0.284942984580994,69.438308715820312,69.153365731239319,1.523035141862135,5.105816448183848,25774.323705732909730,0.415706902742386,1.923719882965088
46,MX18002,46,2524.000000000000000,0.043819445145556,0.269536972045898,11.388096809387207,11.118559837341309,0.435408077720795,0.585232404611557,1098.969988167286147,0.332559227943420,0.495908731222153
47,MX21006,47,456.000000000000000,0.007916666793333,0.395438820123672,4.008168220520020,3.612729400396347,0.763563328144843,0.508398091256880,348.184877634048348,0.579432755708694,1.285800099372864
48,MX12002,48,4282.000000000000000,0.074340278967222,0.260406076908112,4.993263721466064,4.732857644557953,0.358022288643329,0.176958763293451,1533.051439970732645,0.325302839279175,0.405666068196297
49,MX24001,49,3917.000000000000000,0.068003473310278,0.300287753343582,13.421484947204590,13.121197193861008,0.502529858241799,0.592496531374848,1968.409454733127404,0.373900890350342,0.694910418987274
50,MX14003,50,1366.000000000000000,0.023715278157222,0.344056844711304,18.943984985351562,18.599928140640259,0.792478441799369,1.524860341663214,1082.525551497937840,0.439144402742386,1.070844829082489
51,MX21007,51,909.000000000000000,0.015781250252500,0.322694331407547,2.593369960784912,2.270675629377365,0.433666041549151,0.173524081832699,394.202431768178485,0.398970514535904,0.493052780628204
52,MX21008,52,303.000000000000000,0.005260416750833,0.547001659870148,17.453622817993164,16.906621158123016,2.233554516098284,2.216108452733834,676.767018377780118,1.555239319801331,4.509760665893555
53,MX21009,53,354.000000000000000,0.006145833431667,0.321035474538803,5.717672348022461,5.396636873483658,0.578377869843090,0.567113024113081,204.745765924453764,0.421888545155525,0.853359138965606
54,MX08001,54,91485.000000000000000,1.588281275412500,0.253712475299835,35.942234039306641,35.688521564006805,0.369478730548630,0.426464462209142,33801.761664241450489,0.349528104066849,0.382251322269440
55,MX13005,55,1190.000000000000000,0.020659722552778,0.612128138542175,16.410844802856445,15.798716664314270,1.324886339401999,1.544435415920382,1576.614743888378598,0.861686944961548,2.061900830268860
56,MX21010,56,1939.000000000000000,0.033663194983056,0.346051424741745,41.927944183349609,41.581892758607864,1.176323931985078,2.748921244842148,2280.892104119066062,0.589397728443146,1.730895018577576
57,MX12003,57,9798.000000000000000,0.170104169388333,0.234061017632484,10.503419876098633,10.269358858466148,0.377860232486569,0.385357736469077,3702.274557903404002,0.303807377815247,0.440022850036621
58,MX31003,58,385.000000000000000,0.006684027884722,0.333615511655807,13.547234535217285,13.213619023561478,0.973701066552818,1.583026404003094,374.874910622835046,0.523133873939514,1.573284268379212
59,MX30160,59,6359.000000000000000,0.110399307321944,0.311213374137878,37.620742797851562,37.309529423713684,0.678951682862968,1.390068562609262,4317.453751325611847,0.448691189289093,0.832804322242737
60,MX26003,60,33668.000000000000000,0.584513898241111,0.269537031650543,24.032529830932617,23.762992799282074,0.369639012981611,0.508507920181153,12445.006289064864177,0.325871750712395,0.372598293423653
61,MX24002,61,2955.000000000000000,0.051302084154167,0.285994559526443,3.452008008956909,3.166013449430466,0.380065777912963,0.152831069761009,1123.094373732804797,0.348864942789078,0.430888742208481
62,MX21011,62,392.000000000000000,0.006805555664444,0.280954450368881,5.714373588562012,5.433419138193130,0.422708485731665,0.502280203548445,165.701726406812639,0.323836475610733,0.428012448549271
63,MX12004,63,2302.000000000000000,0.039965278417222,0.270842283964157,11.098958969116211,10.828116685152054,0.485626780020994,0.572403559381634,1117.912847608327411,0.351660072803497,0.620551580190659
64,MX07113,64,131.000000000000000,0.002274305591944,0.486435532569885,6.126082420349121,5.639646887779236,1.470362019447879,0.844140415401824,192.617424547672215,1.193557381629944,2.327800989151001
65,MX08002,65,49188.000000000000000,0.853958346996667,0.285246878862381,37.207870483398438,36.922623604536057,0.406002868072013,0.686547213960837,19970.469074726170220,0.348376795649529,0.414207932353020
66,MX28002,66,18846.000000000000000,0.327187505235000,0.272019058465958,17.658193588256836,17.386174529790878,0.368946691730479,0.402162168247722,6953.169352352609167,0.330676510930061,0.384996950626373
67,MX13006,67,2169.000000000000000,0.037656250602500,0.357922106981277,8.402122497558594,8.044200390577316,0.648364670997174,0.520180659492723,1406.302971392870859,0.485701262950897,1.039706349372864
68,MX21012,68,258.000000000000000,0.004479166738333,0.434120029211044,9.167934417724609,8.733814388513565,1.060071151732474,1.305616096953561,273.498357146978208,0.593307673931122,2.149483466148378
69,MX05003,69,1335.000000000000000,0.023177083704167,0.313460350036621,23.205532073974609,22.892071723937988,1.207331455378944,2.839123889933573,1611.787492930890949,0.382717728614807,2.044059944152833
70,MX08003,70,11190.000000000000000,0.194270836441667,0.288622260093689,21.272020339965820,20.983398079872131,0.396631004887036,0.536788342653702,4438.300944685936884,0.343658357858658,0.403897202014923
71,MX19004,71,987.000000000000000,0.017135416940833,0.419015705585480,40.643718719482422,40.224703013896942,3.118597592898054,4.498068106494343,3078.055824190379099,1.534058332443237,7.459835529327393
72,MX13007,72,1358.000000000000000,0.023576389266111,0.326980471611023,11.846426010131836,11.519445538520813,0.716644355536209,0.901669924937282,973.203034818171545,0.484449118375778,1.071540248394012
73,MX15004,73,845.000000000000000,0.014670139123611,0.318504214286804,7.446528911590576,7.128024697303772,0.712202454248123,0.629246220622701,601.811073839663891,0.534505784511566,1.095623230934143
74,MX15005,74,2381.000000000000000,0.041336806216944,0.450768977403641,35.321617126464844,34.870848149061203,1.926236850343698,2.368604477204005,4586.369940668343588,1.134617090225220,3.990492820739746
75,MX15006,75,45.000000000000000,0.000781250012500,1.634872913360596,17.416879653930664,15.782006740570068,5.942718662156000,4.659915499702175,267.422339797020015,4.228122234344482,13.962817382812501
76,MX30008,76,349.000000000000000,0.006059027874722,0.314492344856262,3.769935131072998,3.455442786216736,0.666720783044411,0.414289868428625,232.685553282499342,0.549495458602905,1.042337918281555
77,MX12005,77,460.000000000000000,0.007986111238889,0.302501440048218,7.258304595947266,6.955803155899048,0.661453370231649,0.807108823221840,304.268550306558666,0.395460233092308,1.082922542095185
78,MX28003,78,8372.000000000000000,0.145347224547778,0.301976293325424,171.155914306640625,170.853938013315201,2.450408378074006,7.646230224810369,20514.818941235575039,0.426513984799385,4.543357133865363
79,MX07004,79,4662.000000000000000,0.080937501295000,0.264645934104919,15.964162826538086,15.699516892433167,0.467677777120863,0.704158185619026,2180.313796937465213,0.351876750588417,0.586460942029954
80,MX26004,80,24210.000000000000000,0.420312506725000,0.281085699796677,36.507701873779297,36.226616173982620,0.368786537023136,0.722211132540708,8928.322061330118231,0.326968595385551,0.365576437115669
81,MX21013,81,235.000000000000000,0.004079861176389,0.764311790466309,15.150139808654785,14.385828018188477,2.407861301239501,2.978558274555657,565.847405791282767,1.170446515083313,5.589640331268310
82,MX30009,82,3201.000000000000000,0.055572917555833,0.282295256853104,33.923599243164062,33.641303986310959,0.515249581560052,1.116296910549734,1649.313910573725934,0.356982976198196,0.568618655204773
83,MX30010,83,1622.000000000000000,0.028159722672778,0.298112362623215,15.543965339660645,15.245852977037430,0.745969517567595,1.037057406308188,1209.962557494639668,0.469785735011101,1.227263259887696
84,MX30011,84,3424.000000000000000,0.059444445395556,0.310468405485153,50.220954895019531,49.910486489534378,1.270949340416730,3.297789548063074,4351.730541586883191,0.458568826317787,1.651718056201935
85,MX09010,85,475.000000000000000,0.008246527909722,0.968591511249542,85.498352050781250,84.529760539531708,33.107093649788972,23.035753644784720,15725.869483649761605,36.012660980224609,62.939580535888688
86,MX16003,86,797.000000000000000,0.013836805776944,0.387565940618515,11.482345581054688,11.094779640436172,1.028321311943505,1.197384495599058,819.572085618973233,0.703112304210663,1.709277248382568
87,MX14004,87,622.000000000000000,0.010798611283889,0.327098697423935,6.822178840637207,6.495080143213272,0.636085138347755,0.703815918255667,395.644956052303485,0.424824804067612,1.002292072772979
88,MX17001,88,577.000000000000000,0.010017361271389,0.433051317930222,8.308045387268066,7.874994069337845,1.075480559101551,0.959864073982275,620.552282601595039,0.690412700176239,2.033144235610961
89,MX15007,89,1099.000000000000000,0.019079861416389,0.366214215755463,6.867071151733398,6.500856935977936,0.997380933157415,0.867080329327865,1096.121645539999463,0.667414963245392,2.092531013488770
90,MX07005,90,1545.000000000000000,0.026822917095833,0.341269314289093,7.463016986846924,7.121747672557831,0.555019884298535,0.433977772244850,857.505721241236188,0.448416441679001,0.762016808986664
91,MX07006,91,1219.000000000000000,0.021163194783056,0.340626895427704,6.568426132202148,6.227799236774445,0.685623860804149,0.514394769613643,835.775486320257869,0.531371057033539,1.061069989204407
92,MX07007,92,741.000000000000000,0.012864583539167,0.318616092205048,10.215446472167969,9.896830379962921,0.658887840998479,0.768254131888693,488.235890179872683,0.451883912086487,0.935155391693115
93,MX15008,93,3134.000000000000000,0.054409723092778,0.266631513834000,6.714594841003418,6.447963327169418,0.404972254259996,0.295822368720271,1269.183044850827855,0.344992876052856,0.490600249171257
94,MX14005,94,864.000000000000000,0.015000000240000,0.413379460573196,18.696323394775391,18.282943934202194,1.115611449090972,1.878803173937431,963.888292014599756,0.616730630397797,1.561422324180603
95,MX30012,95,648.000000000000000,0.011250000180000,0.352381855249405,4.278113842010498,3.925731986761093,0.537127784740777,0.337544648762322,348.058804512023698,0.444405153393745,0.719817328453065
96,MX18003,96,2585.000000000000000,0.044878472940278,0.273582637310028,7.165142536163330,6.891559898853302,0.411796222998971,0.407053186379133,1064.493236452341080,0.335291117429733,0.463571786880493
97,MX30014,97,751.000000000000000,0.013038194653056,0.485693842172623,14.696912765502930,14.211218923330307,1.828927749562040,1.865921681256354,1373.524739921092078,1.182501435279846,3.810147523880005
98,MX29001,98,54.000000000000000,0.000937500015000,1.350417494773865,10.720392227172852,9.369974732398987,5.764784446469060,2.808124537789635,311.298360109329224,6.253607273101807,8.974350452423096
99,MX22001,99,3549.000000000000000,0.061614584319167,0.410918921232224,24.521492004394531,24.110573083162308,1.129531778334294,1.291624548001735,4008.708281308407550,0.817258954048157,1.884841394424439
100,MX14006,100,4195.000000000000000,0.072829862276389,0.280584365129471,49.554042816162109,49.273458451032639,0.835063479228015,2.223554898988587,3503.091295361521588,0.396429479122162,1.162158060073852
101,MX15009,101,870.000000000000000,0.015104166908333,0.514169037342072,27.604309082031250,27.090140044689178,2.287244100132205,3.541216348719442,1989.902367115018478,0.922520577907562,5.832235670089723
102,MX21014,102,219.000000000000000,0.003802083394167,0.406022012233734,2.847447395324707,2.441425383090973,0.640602162167362,0.378602116413915,140.291873514652195,0.515276074409485,0.901337385177615
103,MX21015,103,673.000000000000000,0.011684027964722,0.803837358951569,43.923210144042969,43.119372785091400,6.699075396932431,8.462612957058418,4508.477742135526569,2.792176246643066,19.413262557983401
104,MX19005,104,23826.000000000000000,0.413645839951667,0.295979887247086,31.866765975952148,31.570786088705063,0.426136474837828,0.864262493847609,10153.127649486077644,0.357544213533401,0.423516392707825
105,MX16004,105,1196.000000000000000,0.020763889221111,0.325253576040268,15.685871124267578,15.360617548227310,0.657146123440369,0.951255043515456,785.946763634681815,0.441996589303017,0.949702948331833
106,MX16005,106,378.000000000000000,0.006562500105000,0.337711930274963,7.992036819458008,7.654324889183044,0.772665980947081,0.857815142363900,292.067740797996578,0.491324171423912,1.495614027976990
107,MX07008,107,2822.000000000000000,0.048993056339444,0.241592034697533,16.858224868774414,16.616632834076881,0.459614266599855,0.816946925933168,1297.031460344790730,0.328067153692245,0.524013847112656
108,MX30015,108,2128.000000000000000,0.036944445035556,0.279080629348755,12.222692489624023,11.943611860275269,0.519274784336076,0.624498992892469,1105.016741067169733,0.395699694752693,0.699656325578690
109,MX25002,109,6640.000000000000000,0.115277779622222,0.283554822206497,26.274965286254883,25.991410464048386,0.696649117072122,1.416041075216130,4625.750137358890242,0.391108021140099,0.934272307157517
110,MX20174,110,15.000000000000000,0.000260416670833,2.613856077194214,12.219712257385254,9.605856180191040,7.950597906112671,2.756008032862201,119.258968591690063,8.038720130920410,11.264298820495604
111,MX28004,111,2941.000000000000000,0.051059028594722,0.285338789224625,8.819402694702148,8.534063905477524,0.424093393809696,0.414305925314202,1247.258671194314502,0.357129871845245,0.483494251966476
112,MX13008,112,1591.000000000000000,0.027621528219722,0.400750786066055,29.602304458618164,29.201553672552109,1.514204312745765,2.709257690429796,2409.099061578511737,0.852171301841736,2.394490480422974
113,MX11004,113,1868.000000000000000,0.032430556074444,0.466911226511002,27.767236709594727,27.300325483083725,1.731662544212450,2.296272655492942,3234.745632588857461,1.065769433975220,3.104755258560180
114,MX11005,114,2098.000000000000000,0.036423611693889,0.687404632568359,107.639038085937500,106.951633453369141,4.172651749548165,7.321366681144772,8754.223370552050255,1.818197250366211,9.528898525238036
115,MX16006,115,8098.000000000000000,0.140590280027222,0.248582974076271,33.249446868896484,33.000863894820213,0.705061497024607,2.064752112847423,5709.588002905269605,0.329672977328300,0.773473930358887
116,MX15010,116,375.000000000000000,0.006510416770833,0.917356252670288,33.114608764648438,32.197252511978149,5.909415111541750,6.143336939366670,2216.030666828156427,3.282305717468262,13.586810302734374
117,MX12006,117,3085.000000000000000,0.053559028634722,0.250450074672699,7.875119209289551,7.624669134616852,0.369751653234614,0.357025722434583,1140.683850228784877,0.312684714794159,0.395567333698273
118,MX30017,118,333.000000000000000,0.005781250092500,0.453542023897171,21.350223541259766,20.896681517362595,1.284645032059323,2.350641866142719,427.786795675754547,0.694168746471405,1.859309887886049
119,MX29002,119,59.000000000000000,0.001024305571944,2.101049423217773,38.795772552490234,36.694723129272461,13.107471102375095,8.522600848909576,773.340795040130615,11.263745307922363,28.202125930786131
120,MX29005,120,218.000000000000000,0.003784722282778,0.941365897655487,40.223682403564453,39.282316505908966,11.284887511522406,10.467426975435595,2460.105477511884601,6.566637516021729,28.347430992126466
121,MX19006,121,1170.000000000000000,0.020312500325000,2.764339208602905,92.702354431152344,89.938015222549438,28.338233772098473,18.127432511945202,33155.733513355211471,29.728853225708008,50.485656738281257
122,MX16007,122,288.000000000000000,0.005000000080000,0.371313631534576,9.482324600219727,9.111010968685150,0.673305925602714,0.909161780792555,193.912106573581639,0.471532270312309,0.724655932188034
123,MX32001,123,1469.000000000000000,0.025503472630278,0.293145298957825,14.449516296386719,14.156370997428894,0.671942393478688,1.167643798103298,987.083376020192190,0.382411539554596,0.891801106929779
124,MX32002,124,1016.000000000000000,0.017638889171111,0.304380953311920,2.801297426223755,2.496916472911835,0.434652261758649,0.209615706378161,441.606697946787165,0.390253290534019,0.502687871456146
125,MX16008,125,11129.000000000000000,0.193211808646944,0.244424447417259,6.179630756378174,5.935206308960915,0.328079172274752,0.195549685464313,3651.193108245714029,0.297385156154633,0.355144697427750
126,MX30018,126,102.000000000000000,0.001770833361667,0.491591304540634,3.498574733734131,3.006983429193497,0.800550751534163,0.494731651323583,81.656176656484604,0.632647365331650,1.150973737239838
127,MX08004,127,2623.000000000000000,0.045538195173056,0.394783616065979,78.680496215820312,78.285712599754333,1.379609907895977,4.004588091913053,3618.716788411146808,0.566644728183746,1.829762053489687
128,MX24003,128,4003.000000000000000,0.069496528889722,0.306639820337296,4.136352062225342,3.829712241888046,0.430572641125149,0.161154431626274,1723.582282423972401,0.386356264352798,0.539844107627869
129,MX21016,129,836.000000000000000,0.014513889121111,0.328799396753311,6.788240909576416,6.459441512823105,0.637217831347833,0.452578802177434,532.714107006788254,0.515327602624893,1.054373502731323
130,MX19007,130,13763.000000000000000,0.238940976045278,0.270490974187851,12.553616523742676,12.283125549554825,0.367455484046325,0.390937531693902,5057.289826929573792,0.317723006010056,0.382624799013138
131,MX14008,131,4746.000000000000000,0.082395834651667,0.322331339120865,26.746936798095703,26.424605458974838,0.933931574960122,2.046347169262813,4432.439254760740369,0.469735994935036,1.233773231506348
132,MX12007,132,3707.000000000000000,0.064357639918611,0.267320632934570,17.392885208129883,17.125564575195312,0.541111774254204,1.002245380396071,2005.901347160335717,0.351632446050644,0.665710687637329
133,MX16009,133,3451.000000000000000,0.059913195403056,0.280844807624817,13.506971359252930,13.226126551628113,0.496002830653495,0.732619030732894,1711.705768585210080,0.362127184867859,0.615249574184418
134,MX26005,134,3872.000000000000000,0.067222223297778,0.271016031503677,5.000120639801025,4.729104608297348,0.323277773481816,0.148787963999802,1251.731538921591891,0.311903491616249,0.328331029415131
135,MX26006,135,16617.000000000000000,0.288489587949167,0.281113862991333,18.039062500000000,17.757948637008667,0.341984253503387,0.288914635675059,5682.752340465787711,0.325307875871658,0.343224167823792
136,MX24004,136,3151.000000000000000,0.054704861986389,0.347727239131927,6.056834220886230,5.709106981754303,0.502455054607061,0.239926452011347,1583.235877066850207,0.448846250772476,0.641367673873901
137,MX06001,137,2013.000000000000000,0.034947917225833,0.312269538640976,16.567855834960938,16.255586296319962,0.657199642001488,1.102520984272553,1322.942879348994666,0.430454075336456,0.778813505172729
138,MX07009,138,3895.000000000000000,0.067621528859722,0.262621760368347,29.817878723144531,29.555256962776184,0.698824814509060,1.639934278037801,2721.922652512788773,0.376694262027740,0.921474170684814
139,MX22003,139,3674.000000000000000,0.063784723242778,0.283334106206894,5.599944114685059,5.316610008478165,0.449193677153676,0.363375587429177,1650.337569862606642,0.368514105677605,0.549386638402939
140,MX05004,140,8449.000000000000000,0.146684030124722,0.295317590236664,58.079101562500000,57.783783972263336,1.045825204830617,3.266759065350253,8836.177155613886498,0.448733150959015,1.154605865478516
141,MX16010,141,16928.000000000000000,0.293888893591111,0.234546288847923,8.381150245666504,8.146603956818581,0.311298550775589,0.211881646211475,5269.661867529177471,0.294053599238396,0.318536475300789
142,MX08005,142,70001.000000000000000,1.215295158333611,0.284313589334488,101.596984863281250,101.312671273946762,0.384907299607226,0.775948767263529,26943.895879805408185,0.346609711647034,0.403927326202393
143,MX01002,143,2761.000000000000000,0.047934028544722,0.401485621929169,22.434331893920898,22.032846271991730,1.295771792827851,1.785458901544009,3577.625919997697565,0.739485263824463,2.567355394363403
144,MX30019,144,145.000000000000000,0.002517361151389,0.425240606069565,5.250560283660889,4.825319677591324,1.138243929887640,0.789577703664428,165.045369833707838,0.894666671752930,1.822270298004150
145,MX20003,145,374.000000000000000,0.006493055659444,0.280973315238953,1.496482372283936,1.215509057044983,0.392335705339590,0.142137445071573,146.733553797006692,0.359701663255692,0.474326741695404
146,MX20004,146,410.000000000000000,0.007118055669444,0.277924239635468,1.870409011840820,1.592484772205353,0.356552392389716,0.172955172966153,146.186480879783687,0.322118118405342,0.365288382768631
147,MX20005,147,3211.000000000000000,0.055746528669722,0.311274439096451,10.255047798156738,9.943773359060287,0.562204896549835,0.618268520825722,1805.239922821519031,0.412508696317673,0.761753618717194
148,MX20006,148,1683.000000000000000,0.029218750467500,0.262855112552643,17.113088607788086,16.850233495235443,0.624125724134882,1.159377489012151,1050.403593719006494,0.366966217756271,0.826182758808136
149,MX20007,149,23.000000000000000,0.000399305561944,0.502658665180206,5.050152778625488,4.547494113445282,2.094967932804771,1.522610115297650,48.184262454509728,1.927402496337891,4.871175384521484
150,MX20008,150,924.000000000000000,0.016041666923333,0.249684423208237,2.389208793640137,2.139524370431900,0.298446400776441,0.114992195764889,275.764474317431507,0.284535050392151,0.303658127784729
151,MX11006,151,1580.000000000000000,0.027430555994444,0.282983779907227,1.977993249893188,1.695009469985962,0.394477795045587,0.138256106088569,623.274916172027474,0.351555526256561,0.512288796901703
152,MX14010,152,1763.000000000000000,0.030607639378611,0.292993009090424,13.243893623352051,12.950900614261627,0.453261044187026,0.675892207379379,799.099220901727563,0.350101739168167,0.490491539239883
153,MX21017,153,241.000000000000000,0.004184027844722,0.440854102373123,18.320190429687500,17.879336327314377,2.660812544995817,2.758854320022091,641.255823343992006,1.794108986854553,5.238992214202881
154,MX12008,154,2749.000000000000000,0.047725695208056,0.278669208288193,6.860457897186279,6.581788688898087,0.379604200540173,0.285567909667994,1043.531947284935086,0.332939177751541,0.398159098625183
155,MX15011,155,438.000000000000000,0.007604166788333,3.686050415039062,48.574760437011719,44.888710021972656,10.989568863285179,9.392803368903602,4813.431162118908105,6.236171722412109,27.766110992431646
156,MX14011,156,2195.000000000000000,0.038107639498611,0.265428602695465,3.865666151046753,3.600237548351288,0.358896861736215,0.230812163418796,787.778611510992732,0.313452541828156,0.394573408365250
157,MX14012,157,3043.000000000000000,0.052829861956389,0.254795491695404,4.143976688385010,3.889181196689606,0.333346982193040,0.185498059050120,1014.374866813419885,0.303310960531235,0.359785991907120
158,MX21018,158,1631.000000000000000,0.028315972675278,0.284763544797897,6.609986782073975,6.325223237276077,0.486864896821215,0.484048053863299,794.076646715401807,0.368699818849564,0.617700040340424
159,MX26007,159,1636.000000000000000,0.028402778232222,0.300238430500031,9.752851486206055,9.452613055706024,0.382957612863380,0.432087691158088,626.518654644489175,0.337433889508247,0.366010636091232
160,MX13010,160,310.000000000000000,0.005381944530556,1.429956078529358,2388.068603515625000,2386.638647437095642,50.437449984781225,207.923669838904573,15635.609495282180433,10.168542861938477,67.329763793945332
161,MX15012,161,43.000000000000000,0.000746527789722,1.740977048873901,21.262746810913086,19.521769762039185,7.509564995765686,5.905944416514125,322.911294817924500,5.450278282165527,16.636872863769533
162,MX15013,162,461.000000000000000,0.008003472350278,2.394736528396606,51.345855712890625,48.951119184494019,25.919565726774614,14.091219804745609,11948.919800043096984,25.288972854614258,43.227008819580078
163,MX15014,163,1286.000000000000000,0.022326389246111,0.544422328472137,41.313625335693359,40.769203007221222,3.423880883777859,4.770184307681459,4403.110816538327526,1.658035933971405,7.518690586090088
164,MX30020,164,304.000000000000000,0.005277777862222,0.424830198287964,4.837117671966553,4.412287473678589,1.334113347785253,0.813774634078155,405.570457726716882,1.039035797119141,2.560168194770812
165,MX12009,165,717.000000000000000,0.012447916865833,0.295068174600601,2.535911321640015,2.240843147039413,0.515952325889755,0.281324267228101,369.937817662954274,0.413559705018997,0.810966253280640
166,MX29003,166,537.000000000000000,0.009322916815833,0.456835001707077,13.960899353027344,13.504064351320267,0.904918798188257,0.904762617685042,485.941394627094212,0.661749720573425,1.399369144439697
167,MX13011,167,711.000000000000000,0.012343750197500,0.375960290431976,7.112006664276123,6.736046373844147,0.645637271650732,0.513467995059366,459.048100143670695,0.504449903964996,0.911569058895111
168,MX17002,168,391.000000000000000,0.006788194553056,0.936454534530640,38.219123840332031,37.282669305801392,4.993412762956543,4.339899314890677,1952.424390316008157,3.619805335998535,11.047615051269531
169,MX15015,169,822.000000000000000,0.014270833561667,0.464727848768234,22.741130828857422,22.276402980089188,1.754297362518138,2.702596929369072,1442.032431989909355,0.766243934631348,4.271241521835326
170,MX21080,170,65.000000000000000,0.001128472240278,0.442292809486389,2.766660213470459,2.324367403984070,0.882684330298350,0.538975752291771,57.374481469392769,0.635121941566467,1.686918830871582
171,MX21019,171,1449.000000000000000,0.025156250402500,0.467191070318222,42.070518493652344,41.603327423334122,4.308315244952593,5.706215488128507,6242.748789936306821,1.787842869758606,11.138349151611328
172,MX12010,172,2804.000000000000000,0.048680556334444,0.264968097209930,4.554600715637207,4.289632618427277,0.408618112879881,0.277676789497873,1145.765188515187447,0.335618659853935,0.546272361278534
173,MX29004,173,933.000000000000000,0.016197916925833,0.385573029518127,13.827058792114258,13.441485762596130,1.026677380261058,1.208293761652008,957.889995783567542,0.700208723545074,1.643277907371521
174,MX32003,174,1416.000000000000000,0.024583333726667,0.270277023315430,5.583661079406738,5.313384056091309,0.404306016988673,0.323146535266773,572.497320055961495,0.339385896921158,0.491402998566628
175,MX13013,175,608.000000000000000,0.010555555724444,1.422963380813599,78.353363037109375,76.930399656295776,9.392731157768699,8.631944594920961,5710.780543923368896,6.563484191894531,19.528027725219747
176,MX14013,176,2558.000000000000000,0.044409722932778,0.384636729955673,29.732074737548828,29.347438007593155,1.298483010168836,2.491989455147314,3321.519540011881418,0.612713575363159,2.248121666908265
177,MX13012,177,2286.000000000000000,0.039687500635000,0.330069839954376,13.676623344421387,13.346553504467010,0.728690186953815,0.903275573357442,1665.785767376422200,0.479435980319977,1.190290451049805
178,MX14014,178,2242.000000000000000,0.038923611733889,0.307294756174088,11.872070312500000,11.564775556325912,0.530719426197202,0.570046513280431,1189.872953534126509,0.421673566102982,0.686553335189819
179,MX30021,179,604.000000000000000,0.010486111278889,0.399325400590897,11.671605110168457,11.272279709577560,1.038780649420836,1.353004492730940,627.423512250185013,0.640539020299911,1.667292726039886
180,MX12011,180,7098.000000000000000,0.123229168638333,0.236873030662537,15.383581161499023,15.146708130836487,0.421568913297624,0.639501107411729,2992.296146586535997,0.307896018028259,0.500928992033005
181,MX21020,181,127.000000000000000,0.002204861146389,0.505841434001923,13.532517433166504,13.026675999164581,2.004602003754592,2.471699394149204,254.584454476833116,0.972992658615112,4.299533033370976
182,MX30022,182,319.000000000000000,0.005538194533056,0.574354052543640,7.125197410583496,6.550843358039856,1.340752373481619,1.162617149094173,427.700007140636501,0.840612113475800,2.675323915481567
183,MX21021,183,56.000000000000000,0.000972222237778,0.579524278640747,9.403874397277832,8.824350118637085,1.606717729142734,1.998974787899407,89.976192831993103,0.727176487445831,3.717435240745544
184,MX30023,184,2594.000000000000000,0.045034722942778,0.331908464431763,9.396321296691895,9.064412832260132,0.579888592512220,0.514339211372077,1504.231008976697922,0.462714895606041,0.781606185436249
185,MX21022,185,635.000000000000000,0.011024305731944,0.457512885332108,8.431368827819824,7.973855942487717,0.916676435695859,0.801805914395773,582.089536666870572,0.666117787361145,1.622056055068970
186,MX21023,186,650.000000000000000,0.011284722402778,0.311500519514084,6.891434192657471,6.579933673143387,0.614394897543467,0.617945010333565,399.356683403253612,0.434325814247131,0.926606273651123
187,MX14015,187,3509.000000000000000,0.060920139863611,0.272575378417969,26.809242248535156,26.536666870117188,0.790117327076108,1.969589174166926,2772.521700710064124,0.365431845188141,0.976390933990480
188,MX15016,188,1422.000000000000000,0.024687500395000,0.683156251907349,66.329421997070312,65.646265745162964,2.457854098911532,3.488077149066548,3495.068528652197983,1.356671035289764,4.919309234619146
189,MX17003,189,701.000000000000000,0.012170139083611,0.500432610511780,15.019955635070801,14.519523024559021,1.380994830849167,1.718076962738782,968.077376425266266,0.780170619487762,2.699539661407471
190,MX24053,190,957.000000000000000,0.016614583599167,0.368404358625412,7.739137172698975,7.370732814073563,0.726976082834454,0.566792238946579,695.716111272572789,0.585726559162140,1.043505454063415
191,MX21024,191,927.000000000000000,0.016093750257500,0.275666177272797,4.185681819915771,3.910015642642975,0.370653947226566,0.266365218452219,343.596209079026892,0.321899354457855,0.394167745113373
192,MX30025,192,861.000000000000000,0.014947916905833,0.329872012138367,6.050148487091064,5.720276474952698,0.597069016040133,0.535747496785715,514.076422810554050,0.420419782400131,0.947204291820526
193,MX17004,193,1865.000000000000000,0.032378472740278,0.486633479595184,28.292341232299805,27.805707752704620,2.035059652970881,2.614086526894560,3795.386252790692652,1.064125537872314,4.480627822875979
194,MX15017,194,251.000000000000000,0.004357638958611,1.115875482559204,19.703279495239258,18.587404012680054,3.219562450728092,3.180485148533315,808.110175132751124,1.800222277641296,7.389238834381104
195,MX20398,195,519.000000000000000,0.009010416810833,0.274817526340485,5.460184097290039,5.185366570949554,0.448192503066421,0.554380207396998,232.611909091472654,0.320784628391266,0.500194323062897
196,MX14016,196,2150.000000000000000,0.037326389486111,0.361370086669922,17.213441848754883,16.852071762084961,0.891312840802725,1.198799639987487,1916.322607725858461,0.548213332891464,1.471147239208222
197,MX21025,197,529.000000000000000,0.009184027924722,0.341169923543930,4.896568775177002,4.555398851633072,0.537595334429371,0.379436759758102,284.387931913137095,0.453591018915176,0.628494417667389
198,MX20009,198,770.000000000000000,0.013368055769444,0.283394277095795,3.575145006179810,3.291750729084015,0.409995064178071,0.258427771175743,315.696199417114315,0.354141965508461,0.455732205510140
199,MX14017,199,4405.000000000000000,0.076475695668056,0.258602589368820,13.014925003051758,12.756322413682938,0.377123078179549,0.492891172486202,1661.227159380911871,0.309319108724594,0.394302082061768
200,MX12012,200,5137.000000000000000,0.089184029204722,0.255547374486923,16.214673995971680,15.959126621484756,0.480012914074843,0.655682004886255,2465.826339602468579,0.359533339738846,0.636506092548371
201,MX09002,201,165.000000000000000,0.002864583379167,29.992328643798828,81.962326049804688,51.969997406005859,59.236458171497695,8.668214383872337,9774.015598297119141,59.190235137939453,70.688916015624997
202,MX12013,202,1924.000000000000000,0.033402778312222,0.282370746135712,7.692813873291016,7.410443127155304,0.409935436941481,0.344874248077714,788.715780675410315,0.341701179742813,0.488540339469910
203,MX31004,203,546.000000000000000,0.009479166818333,0.372025400400162,11.823259353637695,11.451233953237534,1.002531314998756,1.452411559648831,547.382097989320528,0.547627896070480,1.792806446552277
204,MX26008,204,5717.000000000000000,0.099253473810278,0.286835342645645,7.457786083221436,7.170950740575790,0.332670233576827,0.189736678375096,1901.875725358721411,0.322593659162521,0.338330227136612
205,MX23010,205,29961.000000000000000,0.520156258322500,0.233286783099174,21.862352371215820,21.629065588116646,0.336627545419038,0.425970982873383,10085.697888299790066,0.300042361021042,0.334580183029175
206,MX26009,206,6018.000000000000000,0.104479168338333,0.274274110794067,3.777633666992188,3.503359556198120,0.315911122223553,0.085969744457272,1901.153133541341504,0.311449810862541,0.326319336891174
207,MX26010,207,7277.000000000000000,0.126336807576944,0.286056160926819,11.961871147155762,11.675814986228943,0.340412877394601,0.277718769627628,2477.184508800511594,0.325985431671143,0.342749679088593
208,MX08006,208,5061.000000000000000,0.087864584739167,0.294238150119781,7.149021148681641,6.854782998561859,0.442199647962469,0.442718210040653,2237.972418338055377,0.355352669954300,0.471570640802383
209,MX26011,209,6673.000000000000000,0.115850696298056,0.290557891130447,8.860087394714355,8.569529503583908,0.344196295016498,0.231273578903494,2296.821876645090470,0.328574657440186,0.347234493494034
210,MX26012,210,8285.000000000000000,0.143836807856944,0.278705209493637,16.631614685058594,16.352909475564957,0.472186821361009,0.737836000285522,3912.067814975959664,0.334180414676666,0.578922903537750
211,MX25003,211,25018.000000000000000,0.434340284727222,0.276911586523056,17.889822006225586,17.612910419702530,0.367014559287658,0.283397873163363,9181.970244258618550,0.332892894744873,0.391219168901443
212,MX18020,212,3844.000000000000000,0.066736112178889,0.276317924261093,30.103385925292969,29.827068001031876,1.975781134764868,4.184390080922675,7594.902682036152328,0.456424325704575,5.181342649459843
213,MX27001,213,17530.000000000000000,0.304340282647222,0.236767604947090,33.301242828369141,33.064475223422050,0.426227991986770,0.953469704239332,7471.776699528073550,0.322624072432518,0.451708111166954
214,MX08007,214,28074.000000000000000,0.487395841131667,0.273676097393036,11.778364181518555,11.504688084125519,0.330691125980893,0.178470658961013,9283.822670787583775,0.316525116562843,0.338594374060631
215,MX26013,215,4365.000000000000000,0.075781251212500,0.284862190485001,37.237804412841797,36.952942222356796,0.441411461780981,1.173069779619756,1926.761030673981168,0.328316926956177,0.377406454086304
216,MX30026,216,100.000000000000000,0.001736111138889,1.103883504867554,19.237562179565430,18.133678674697876,5.909202164411544,5.147785356621473,590.920216441154366,3.476884126663208,15.328997135162354
217,MX08008,217,11169.000000000000000,0.193906253102500,0.267389744520187,3.681056499481201,3.413666754961014,0.328749524996289,0.088385368585727,3671.803444683547696,0.319263011217117,0.338151049613953
218,MX26014,218,4527.000000000000000,0.078593751257500,0.285576701164246,7.083028316497803,6.797451615333557,0.362920888592820,0.294476357714085,1642.942862659695038,0.326643198728561,0.361118787527084
219,MX26015,219,9312.000000000000000,0.161666669253333,0.282228797674179,7.302528858184814,7.020300060510635,0.336483784381595,0.170928604896692,3133.337000161411652,0.324625685811043,0.341232743859291
220,MX07010,220,382.000000000000000,0.006631944550556,0.343517392873764,2.543210983276367,2.199693590402603,0.601454913694197,0.248733883875659,229.755777031183356,0.549239099025726,0.825508970022202
221,MX07011,221,1046.000000000000000,0.018159722512778,0.292998850345612,3.596813678741455,3.303814828395844,0.537583589924226,0.288060999914044,562.312435060740199,0.446119815111160,0.806984484195709
222,MX07114,222,5118.000000000000000,0.088854168088333,0.240846097469330,9.576054573059082,9.335208475589752,0.375595191174092,0.389851672205017,1922.296188429000722,0.315665766596794,0.393451049923897
223,MX09014,223,132.000000000000000,0.002291666703333,53.904373168945312,82.724319458007812,28.819946289062500,67.851252035661176,7.157541003047388,8956.365268707275391,67.938732147216797,77.445945739746094
224,MX12014,224,1125.000000000000000,0.019531250312500,0.256377100944519,12.701682090759277,12.445304989814758,0.570468108230167,0.905138044877242,641.776621758937949,0.359110355377197,0.758285975456238
225,MX23005,225,10529.000000000000000,0.182795141813611,0.282530844211578,127.338142395019531,127.055611550807953,3.761542729148151,10.926404297970857,39605.283395200880477,0.411990076303482,6.733091545104990
226,MX26071,226,1709.000000000000000,0.029670139363611,0.305419147014618,20.377227783203125,20.071808636188507,0.795930654996315,1.685031652522363,1360.245489388702936,0.424351274967194,0.978533160686493
227,MX29045,227,125.000000000000000,0.002170138923611,0.489273250102997,11.793374061584473,11.304100811481476,1.276285106658936,1.962567732743012,159.535638332366943,0.669958531856537,2.152870893478394
228,MX30027,228,1161.000000000000000,0.020156250322500,0.320909261703491,2.098124504089355,1.777215242385864,0.425773895012727,0.125390295824597,494.323492109775543,0.392218440771103,0.530407190322876
229,MX32004,229,1655.000000000000000,0.028732639348611,0.267605304718018,8.296430587768555,8.028825283050537,0.393902766218358,0.414076773529106,651.909078091383094,0.326643407344818,0.438676655292511
230,MX26016,230,7613.000000000000000,0.132170141003611,0.282398879528046,29.215002059936523,28.932603180408478,0.405438756650716,1.052511571992330,3086.605254381903251,0.329395771026611,0.357311469316483
231,MX07012,231,1716.000000000000000,0.029791667143333,0.325744390487671,52.797767639160156,52.472023248672485,1.853580853600046,4.060495481130395,3180.744744777679898,0.609482049942017,4.053214311599731
232,MX30028,232,184.000000000000000,0.003194444495556,2.327746868133545,61.749618530273438,59.421871662139893,25.465132447688461,15.633209631143099,4685.584370374676837,27.112948417663574,46.364237976074222
233,MX07013,233,1785.000000000000000,0.030989583829167,0.312463879585266,18.796607971191406,18.484144091606140,0.802412351673725,1.365475630670971,1432.306047737598647,0.445259124040604,1.309575605392456
234,MX08009,234,14277.000000000000000,0.247864587299167,0.275023072957993,20.948995590209961,20.673972517251968,0.396904024127537,0.584323856183815,5666.598752468844395,0.324563831090927,0.402797478437424
235,MX31005,235,359.000000000000000,0.006232638988611,0.362208962440491,3.601542949676514,3.239333987236023,0.526277675768127,0.362551712307883,188.933685600757713,0.426598399877548,0.641394245624542
236,MX14019,236,4361.000000000000000,0.075711806766944,0.255428850650787,8.295223236083984,8.039794385433197,0.387602386337113,0.411908835328247,1690.334006816150577,0.318204551935196,0.419850170612335
237,MX16011,237,342.000000000000000,0.005937500095000,0.406836211681366,16.341665267944336,15.934829056262970,1.478598284703945,2.292055213938865,505.680613368749334,0.600843071937561,3.509934329986574
238,MX31006,238,3281.000000000000000,0.056961806466944,0.252097010612488,8.850030899047852,8.597933888435364,0.358812093353243,0.434066466667531,1177.262478291991101,0.303549855947495,0.352476984262466
239,MX08010,239,42643.000000000000000,0.740329872956389,0.281460642814636,15.274962425231934,14.993501782417297,0.373006698847923,0.394777677572246,15906.124658971981262,0.337844848632812,0.366207587718964
240,MX16012,240,4569.000000000000000,0.079322917935833,0.297786384820938,14.310342788696289,14.012556403875351,0.588012536595077,0.816568093479940,2686.629279702907297,0.410792797803879,0.769090974330902
241,MX12015,241,1500.000000000000000,0.026041667083333,0.334826022386551,10.403488159179688,10.068662136793137,0.640111720860005,0.786550387101448,960.167581290007206,0.457672253251076,0.846009737253190
242,MX28005,242,9813.000000000000000,0.170364586059167,0.270311713218689,6.523543357849121,6.253231644630432,0.339938768635440,0.165655347192428,3335.819136619573783,0.324660211801529,0.354933774471283
243,MX19008,243,2446.000000000000000,0.042465278457222,0.282130897045135,14.486903190612793,14.204772293567657,0.436438369329406,0.803770730461662,1067.528251379728090,0.328889191150665,0.414551913738251
244,MX28006,244,7388.000000000000000,0.128263890941111,0.262044668197632,8.963703155517578,8.701658487319946,0.342687903846445,0.206487096097026,2531.778233617536443,0.321994587779045,0.357179158926010
245,MX14020,245,7674.000000000000000,0.133229168798333,0.260844916105270,6.474821090698242,6.213976174592972,0.331454884296815,0.196355856175948,2543.584782093758804,0.307157412171364,0.349442049860954
246,MX26017,246,57923.000000000000000,1.005607654978611,0.275787055492401,74.897155761718750,74.621368706226349,0.491961322351153,1.889412895776285,28495.875674545848597,0.335612386465073,0.413344979286194
247,MX07015,247,838.000000000000000,0.014548611343889,0.273245096206665,12.849836349487305,12.576591253280640,1.008151701391455,1.308036713190116,844.831125766039236,0.572656959295273,2.010546803474426
248,MX31007,248,508.000000000000000,0.008819444585556,0.390429615974426,8.327773094177246,7.937343478202820,0.722989349501339,0.891789145641624,367.278589546680394,0.481495231389999,0.999596673250199
249,MX22004,249,6724.000000000000000,0.116736112978889,0.306064397096634,28.496124267578125,28.190059870481491,0.740504679329370,1.236480385981499,4979.153463810686844,0.446781560778618,1.144022250175476
250,MX19009,250,5892.000000000000000,0.102291668303333,0.421868383884430,713.103576660156250,712.681708276271820,3.196384132474929,17.709044705618549,18833.095308542280691,1.035018026828766,3.705030560493474
251,MX26018,251,25612.000000000000000,0.444652784892222,0.276551902294159,106.468589782714844,106.192037880420685,1.189099950736556,4.854873639910123,30455.227938264673867,0.335692346096039,1.062172198295594
252,MX04010,252,68933.000000000000000,1.196753491370278,0.233037710189819,16.964586257934570,16.731548547744751,0.308766009253917,0.196337898206353,21284.167315900274843,0.296339303255081,0.320589721202850
253,MX30029,253,662.000000000000000,0.011493055739444,0.294276177883148,3.886427164077759,3.592150986194611,0.575127541703760,0.417518906212934,380.734432607889005,0.405309200286865,1.051488852500915
254,MX32005,254,1949.000000000000000,0.033836806096944,0.317974895238876,84.637084960937500,84.319110065698624,1.616531688565165,4.975901035373064,3150.620261013507388,0.477834761142731,1.996948242187502
255,MX20011,255,330.000000000000000,0.005729166758333,0.273047000169754,2.195265531539917,1.922218531370163,0.376072595787771,0.216794564605787,124.103956609964314,0.317867517471313,0.451351457834244
256,MX15018,256,512.000000000000000,0.008888889031111,0.442164152860641,39.917377471923828,39.475213319063187,4.239175444992724,5.448517047156558,2170.457827836274646,1.921835839748383,11.085643005371098
257,MX04001,257,9986.000000000000000,0.173368058329444,0.268877297639847,38.803539276123047,38.534661978483200,0.609008951691975,1.582347349033900,6081.563391596061592,0.326115697622299,0.628102600574493
258,MX13014,258,1055.000000000000000,0.018315972515278,0.314205169677734,4.049820899963379,3.735615730285645,0.471869342417513,0.299211494248305,497.822156250476553,0.394751995801926,0.623391258716583
259,MX31008,259,1446.000000000000000,0.025104167068333,0.270282000303268,5.458183288574219,5.187901288270950,0.352866015905825,0.269984006731533,510.244258999823501,0.312071576714516,0.362231895327568
260,MX21026,260,330.000000000000000,0.005729166758333,0.489570111036301,11.300592422485352,10.811022311449051,1.810140327973799,1.979592356230440,597.346308231353760,1.106256067752838,3.979382705688478
261,MX29006,261,1253.000000000000000,0.021753472570278,0.551594674587250,25.954715728759766,25.403121054172516,1.739308703449946,2.843628009163556,2179.353805422782443,0.841286957263947,3.178591060638426
262,MX21027,262,1930.000000000000000,0.033506944980556,0.259648740291595,3.271086215972900,3.011437475681305,0.351745626963483,0.156555557310717,678.869060039521514,0.321457818150520,0.397521451115608
263,MX01003,263,4692.000000000000000,0.081458334636667,0.304926425218582,33.361003875732422,33.056077450513840,0.754270777049119,1.625878839977786,3539.038485914468765,0.405243784189224,1.013576912879945
264,MX08011,264,72654.000000000000000,1.261354186848334,0.275268375873566,45.983722686767578,45.708454310894012,0.378678759613057,0.938419213398708,27512.526600927041727,0.327124789357185,0.357467156648636
265,MX28007,265,4767.000000000000000,0.082760417990833,0.339312613010406,19.986633300781250,19.647320687770844,0.703419863752583,1.275317482238410,3353.202490508563642,0.426181465387344,0.979203486442567
266,MX30007,266,613.000000000000000,0.010642361281389,0.355906128883362,3.032596111297607,2.676689982414246,0.480559896440724,0.224062732094123,294.583216518163567,0.421744257211685,0.599278008937836
267,MX30030,267,104.000000000000000,0.001805555584444,1.054544329643250,34.593246459960938,33.538702130317688,7.641712801960796,8.599178495415236,794.738131403922807,3.022249341011047,22.374539947509767
268,MX21028,268,78.000000000000000,0.001354166688333,0.411042779684067,1.644577503204346,1.233534723520279,0.555842931453998,0.226488091125572,43.355748653411837,0.461689516901970,0.803091800212860
269,MX04002,269,16063.000000000000000,0.278871532239722,0.266784489154816,73.153587341308594,72.886802852153778,1.183398584331224,5.161322658486171,19008.931460112453351,0.350611746311188,0.866319954395295
270,MX21099,270,1210.000000000000000,0.021006944780556,0.367999225854874,8.644055366516113,8.276056140661240,0.826099848279283,0.799442533843387,999.580816417932624,0.561856895685196,1.444586098194123
271,MX14117,271,1363.000000000000000,0.023663194823056,0.331063449382782,16.574903488159180,16.243840038776398,0.554925712193099,0.983029800374166,756.363745719194412,0.390411704778671,0.629164397716522
272,MX26019,272,12597.000000000000000,0.218697920165833,0.286658525466919,65.292129516601562,65.005470991134644,0.841610056997492,2.961227904835165,10601.761887997401573,0.362782061100006,0.667597091197967
273,MX10001,273,17925.000000000000000,0.311197921645833,0.267866075038910,27.804847717285156,27.536981642246246,0.379379204917320,0.587480375190705,6800.372248142968601,0.321514993906021,0.379837900400162
274,MX05005,274,11072.000000000000000,0.192222225297778,0.278493702411652,10.037374496459961,9.758880794048309,0.340290426160882,0.238324822517485,3767.695598453286038,0.325614437460899,0.347322294116020
275,MX04011,275,27909.000000000000000,0.484531257752500,0.243490755558014,37.617580413818359,37.374089658260345,0.359949763822766,0.663153477071949,10045.837958529566095,0.302786469459534,0.370560866594315
276,MX20012,276,877.000000000000000,0.015225694688056,0.264599174261093,5.962771892547607,5.698172718286514,0.373743827319879,0.322061661727228,327.773336559533846,0.326110273599625,0.417219209671020
277,MX10002,277,4597.000000000000000,0.079809029054722,0.270395874977112,8.547922134399414,8.277526259422302,0.378417812282945,0.277202931405292,1739.586683064699855,0.324493497610092,0.433388233184815
278,MX32006,278,2290.000000000000000,0.039756945080556,0.286428868770599,19.906370162963867,19.619941294193268,0.474673996403749,0.972809690551030,1087.003451764584042,0.341765806078911,0.446349176764488
279,MX31009,279,656.000000000000000,0.011388889071111,0.311191380023956,7.224285125732422,6.913093745708466,0.476610952170520,0.583911896871327,312.656784623861199,0.357231378555298,0.512819081544876
280,MX31010,280,1781.000000000000000,0.030920139383611,0.266908228397369,2.501399755477905,2.234491527080536,0.336790442667538,0.137393577268053,599.823778390885082,0.309967100620270,0.364379584789276
281,MX20247,281,182.000000000000000,0.003159722272778,0.280348509550095,4.092618465423584,3.812269955873489,0.517819973302412,0.530225219711743,94.243235141038951,0.345903664827347,0.662033438682556
282,MX15019,282,102.000000000000000,0.001770833361667,2.188423156738281,26.031457901000977,23.843034744262695,8.515151086975544,5.606543462145519,868.545410871505510,6.880523443222046,17.407782363891602
283,MX16013,283,4534.000000000000000,0.078715279037222,0.251789152622223,7.718406677246094,7.466617524623871,0.335039008936273,0.290437879001390,1519.066866517063772,0.301854178309441,0.340687736868858
284,MX26020,284,13875.000000000000000,0.240885420520833,0.274690419435501,18.735864639282227,18.461174219846725,0.353329754030382,0.350844855183993,4902.450337171556384,0.329309433698654,0.359951096773148
285,MX24005,285,1974.000000000000000,0.034270833881667,0.299703001976013,22.249715805053711,21.950012803077698,0.594127498000950,1.425806358078164,1172.807681053875513,0.366902291774750,0.626715946197510
286,MX27002,286,9170.000000000000000,0.159201391436111,0.409664005041122,1952.718261718750000,1952.308597713708878,3.519697791532959,33.958014042563370,32275.628748357237782,0.870546758174896,4.595353031158448
287,MX13015,287,2958.000000000000000,0.051354167488333,0.326356828212738,7.310529232025146,6.984172403812408,0.634467783310351,0.470699004294237,1876.755703032018346,0.481391400098801,1.080330550670626
288,MX08012,288,13681.000000000000000,0.237517364911389,0.281363278627396,8.339763641357422,8.058400362730026,0.346263377481834,0.205247054267868,4737.229267328976675,0.326145291328430,0.352582752704620
289,MX30208,289,1191.000000000000000,0.020677083664167,0.356942892074585,20.482408523559570,20.125465631484985,0.903514578600673,1.645292860297941,1076.085863113401729,0.529297411441803,1.135511636734009
290,MX04003,290,31186.000000000000000,0.541423619773889,0.245589986443520,4262.883789062500000,4262.638199076056480,1.413674634285170,40.997582003616863,44086.857144817302469,0.313882231712341,0.559382766485214
291,MX30031,291,1234.000000000000000,0.021423611453889,0.373808145523071,6.196753501892090,5.822945356369019,0.712990734140529,0.374719606792360,879.830565929413410,0.606886327266693,1.163092243671417
292,MX28008,292,15363.000000000000000,0.266718754267500,0.268934309482574,9.843456268310547,9.574521958827972,0.340672581792382,0.177597877504231,5233.752874076369153,0.322487503290176,0.367660665512085
293,MX08013,293,20232.000000000000000,0.351250005620000,0.275489956140518,16.250421524047852,15.974931567907333,0.354699275110575,0.399482184962846,7176.275734037155416,0.320723906159401,0.356941455602646
294,MX14021,294,2593.000000000000000,0.045017361831389,0.280405223369598,15.201959609985352,14.921554386615753,0.527016670017505,0.860650749725248,1366.554225355390372,0.347703039646149,0.622145760059357
295,MX05006,295,17450.000000000000000,0.302951393736111,0.281832665205002,29.026348114013672,28.744515448808670,0.492200138039437,1.322277671580025,8588.892408788175089,0.339453503489494,0.461919108033180
296,MX30157,296,1353.000000000000000,0.023489583709167,0.354118764400482,24.996728897094727,24.642610132694244,0.670717690401577,1.200731319724647,907.481035113334315,0.460440903902054,0.822204196453095
297,MX07016,297,3090.000000000000000,0.053645834191667,0.281876534223557,11.021266937255859,10.739390403032303,0.481381292163748,0.526142126787598,1487.468192785981273,0.366547524929047,0.634192848205566
298,MX30032,298,3179.000000000000000,0.055190973105278,0.301261276006699,27.845073699951172,27.543812423944473,0.575946172178449,1.468976207705612,1830.932881355289737,0.362274706363678,0.594993090629578
299,MX24006,299,9925.000000000000000,0.172309030534722,0.268508017063141,11.991486549377441,11.722978532314301,0.354501920467061,0.319580707028406,3518.431560635578990,0.312414705753326,0.374020957946777
300,MX21029,300,71.000000000000000,0.001232638908611,0.453031361103058,2.150754451751709,1.697723090648651,0.677845869685563,0.360883570313937,48.127056747674949,0.545112609863281,1.040650129318237
301,MX30033,301,1327.000000000000000,0.023038194813056,0.330561816692352,4.151849269866943,3.821287453174591,0.523304469956432,0.276826242195094,694.425031632184755,0.454330354928970,0.690879034996033
302,MX24007,302,5969.000000000000000,0.103628473880278,0.278414368629456,19.578392028808594,19.299977660179138,0.489417846697342,0.968231863793615,2921.335126936431607,0.344900310039520,0.560713386535644
303,MX11007,303,2760.000000000000000,0.047916667433333,0.646149456501007,76.923767089843750,76.277617633342743,9.119604143651506,13.587540400029917,25170.107436478156160,2.740985393524170,31.077904510498023
304,MX31011,304,2559.000000000000000,0.044427084044167,0.271770805120468,20.535202026367188,20.263431221246719,0.419939713838651,1.071358723827689,1074.625727713106926,0.312740117311478,0.355137693881989
305,MX31012,305,2717.000000000000000,0.047170139643611,0.264735728502274,8.122634887695312,7.857899159193039,0.344906065233235,0.383650738505630,937.109779238699161,0.301111519336700,0.325289237499237
306,MX27003,306,12601.000000000000000,0.218767364611389,0.285874098539352,451.561859130859375,451.275985032320023,1.087891347000935,8.894676022590415,13708.518863558780140,0.399039953947067,1.220479249954224
307,MX27004,307,8343.000000000000000,0.144843752317500,0.375044196844101,15259.663085937500000,15259.288041740655899,14.032227387027334,290.805007670853570,117070.873089969041757,1.451240062713623,9.741291236877444
308,MX19011,308,5230.000000000000000,0.090798612563889,0.320807844400406,13.348037719726562,13.027229875326157,0.468458243104740,0.660171280853431,2450.036611437790725,0.376658126711845,0.455943390727043
309,MX24008,309,4859.000000000000000,0.084357640238611,0.301939934492111,19.571937561035156,19.269997626543045,0.568916443745326,1.013802612504495,2764.365000158536986,0.391140222549438,0.686090815067291
310,MX30034,310,458.000000000000000,0.007951389016111,0.369556933641434,32.408958435058594,32.039401501417160,1.814308149910910,3.182003792621908,830.953132659196967,0.620385944843292,5.037514162063599
311,MX24009,311,619.000000000000000,0.010746527949722,0.475945740938187,13.544032096862793,13.068086355924606,1.681967748386218,2.090091601750594,1041.138036251069252,0.778487622737885,4.442502403259279
312,MX30054,312,1409.000000000000000,0.024461805946944,0.377835452556610,44.177978515625000,43.800143063068390,0.750656769155525,1.845414343406554,1057.675387740134738,0.486904710531235,0.915864157676697
313,MX31016,313,569.000000000000000,0.009878472380278,0.284986495971680,5.905034542083740,5.620048046112061,0.436663796853516,0.513522517968596,248.461700409650661,0.339994847774506,0.446053445339203
314,MX20025,314,112.000000000000000,0.001944444475556,0.332441657781601,14.681185722351074,14.348744064569473,2.121425488697633,3.062849169277129,237.599654734134901,0.489919349551201,6.467700195312504
315,MX20026,315,655.000000000000000,0.011371527959722,0.279286533594131,8.774420738220215,8.495134204626083,0.676181472257804,0.781253565829969,442.898864328861407,0.428954541683197,1.096944642066956
316,MX21045,316,1931.000000000000000,0.033524306091944,0.300718903541565,21.782442092895508,21.481723189353943,1.025772578339081,1.970071615615234,1980.766848772765798,0.529062449932098,1.707466244697571
317,MX07022,317,908.000000000000000,0.015763889141111,0.347459912300110,6.565662384033203,6.218202471733093,0.687570061682342,0.514163393612443,624.313616007566111,0.537501156330109,1.059878778457642
318,MX32009,318,4579.000000000000000,0.079496529049722,0.261022061109543,26.835695266723633,26.574673205614090,0.492848386824925,1.005785867496504,2256.752763271333606,0.334126889705658,0.566453862190246
319,MX15025,319,1117.000000000000000,0.019392361421389,0.738013625144958,68.709518432617188,67.971504807472229,11.690727568409116,13.538275811304585,13058.542693912982941,5.294309616088867,30.284127044677732
320,MX30055,320,756.000000000000000,0.013125000210000,0.328157454729080,4.173547267913818,3.845389813184738,0.591602303994395,0.441742716125477,447.251341819762388,0.456056311726570,0.864855468273163
321,MX04004,321,33891.000000000000000,0.588385426080833,0.250328928232193,34.877208709716797,34.626879781484604,0.400319732142824,0.905948325792492,13567.236042052454650,0.305243790149689,0.399205148220062
322,MX07023,322,1677.000000000000000,0.029114583799167,0.376478165388107,17.621984481811523,17.245506316423416,1.469566136100992,1.255253821663659,2464.462410241364068,1.096401929855347,2.781273078918459
323,MX07024,323,1987.000000000000000,0.034496528329722,0.262890875339508,11.575385093688965,11.312494218349457,0.435665695779456,0.655844905965229,865.667737513779343,0.323764681816101,0.480832368135452
324,MX31017,324,2225.000000000000000,0.038628472840278,0.256478041410446,4.943641662597656,4.687163621187210,0.366158917874433,0.327155729082110,814.703592270612944,0.306462198495865,0.375570160150528
325,MX15026,325,1445.000000000000000,0.025086805956944,0.463144868612289,8.357449531555176,7.894304662942886,1.172687227379490,0.960247477711977,1694.533043563363663,0.768987178802490,2.349551486968995
326,MX31018,326,842.000000000000000,0.014618055789444,0.303554147481918,8.545103073120117,8.241548925638199,0.482221470167971,0.581491042311914,406.030477881431352,0.364393517374992,0.561901831626892
327,MX14030,327,3134.000000000000000,0.054409723092778,0.360124528408051,24.909093856811523,24.548969328403473,1.180476903649144,2.313409070450308,3699.614616036416919,0.510712713003159,2.050461506843571
328,MX13017,328,1380.000000000000000,0.023958333716667,0.394196838140488,4.457725524902344,4.063528686761856,0.720582641617975,0.504250113212592,994.404045432805901,0.555471986532211,1.209949040412904
329,MX21046,329,430.000000000000000,0.007465277897222,0.394878923892975,5.662113189697266,5.267234265804291,0.821426941142526,0.816908510332988,353.213584691286258,0.498932227492332,1.518035531044007
330,MX13018,330,1163.000000000000000,0.020190972545278,0.329601973295212,3.331058502197266,3.001456528902054,0.497363112783596,0.231420918794489,578.433300167322159,0.434749513864517,0.672874021530151
331,MX07025,331,890.000000000000000,0.015451389136111,0.330364644527435,3.675897598266602,3.345532953739166,0.432669688744492,0.212462610353259,385.076022982597465,0.391196787357330,0.491358935832977
332,MX15027,332,59.000000000000000,0.001024305571944,2.169489622116089,15.718142509460449,13.548652887344360,7.360358755467302,4.040715384538140,434.261166572570801,6.494777679443359,13.490015792846680
333,MX16021,333,1164.000000000000000,0.020208333656667,0.300445437431335,11.429560661315918,11.129115223884583,0.498889830283488,0.689074291326530,580.707762449979668,0.356111571192741,0.538971668481827
334,MX24015,334,10945.000000000000000,0.190017364151389,0.267562985420227,18.447454452514648,18.179891467094421,0.378138727475216,0.497985976801088,4138.728372216234675,0.325655549764633,0.387533378601074
335,MX16022,335,1604.000000000000000,0.027847222667778,0.343738108873367,26.670545578002930,26.326807469129562,1.048210219496354,1.453789030885076,1681.329192072151500,0.640432775020599,1.799107062816621
336,MX16023,336,754.000000000000000,0.013090277987222,0.384755045175552,12.681538581848145,12.296783536672592,0.785682518104342,1.126459532183873,592.404618650673910,0.507827728986740,1.108553338050843
337,MX31019,337,6990.000000000000000,0.121354168608333,0.259478837251663,23.272722244262695,23.013243407011032,0.448109975175796,0.740515156072025,3132.288726478817352,0.320657074451447,0.518082088232040
338,MX07026,338,1230.000000000000000,0.021354167008333,0.361536771059036,11.371490478515625,11.009953707456589,1.223956085026750,0.980658874574747,1505.465984582902593,0.957055300474167,2.075349044799805
339,MX16024,339,1101.000000000000000,0.019114583639167,0.304982274770737,11.486357688903809,11.181375414133072,0.608404562378017,1.054809263753919,669.853423178196749,0.358914554119110,0.683033823966980
340,MX07027,340,4052.000000000000000,0.070347223347778,0.291132241487503,35.216972351074219,34.925840109586716,1.240115170020464,2.332796553896225,5024.946668922920253,0.612736016511917,2.299895572662354
341,MX07028,341,255.000000000000000,0.004427083404167,0.366454124450684,3.877712726593018,3.511258602142334,0.666437791492424,0.501006510093531,169.941636830568200,0.503242015838623,1.034203505516052
342,MX29010,342,385.000000000000000,0.006684027884722,0.668757081031799,38.327365875244141,37.658608794212341,6.150676273061083,8.241567166029508,2368.010365128516696,2.262981176376343,17.855427551269536
343,MX15028,343,102.000000000000000,0.001770833361667,3.901774168014526,39.607902526855469,35.706128358840942,17.658617237034967,8.375105513741962,1801.178958177566756,16.039391994476318,30.210405731201178
344,MX21047,344,3954.000000000000000,0.068645834431667,0.252868890762329,11.417778015136719,11.164909124374390,0.432529121908686,0.538658493130339,1710.220148026943434,0.332343310117722,0.527059942483902
345,MX21048,345,400.000000000000000,0.006944444555556,0.521616101264954,9.406116485595703,8.884500384330750,1.791176574528217,1.646184967628091,716.470629811286813,1.171840190887451,4.303367280960083
346,MX31021,346,2347.000000000000000,0.040746528429722,0.241502389311790,9.328574180603027,9.087071791291237,0.377989078062009,0.507147592387270,887.140366211534229,0.296832203865051,0.397187358140945
347,MX21050,347,540.000000000000000,0.009375000150000,0.368540972471237,5.508975505828857,5.140434533357620,0.765108222597174,0.483398103283956,413.158440202474083,0.618286818265915,1.229815447330475
348,MX07029,348,566.000000000000000,0.009826389046111,0.333072334527969,8.690365791320801,8.357293456792831,0.597799119490195,0.757252060492699,338.354301631450539,0.404493272304535,0.758950173854828
349,MX15029,349,210.000000000000000,0.003645833391667,1.700710296630859,68.832710266113281,67.131999969482422,23.918231063229680,20.821409278024838,5022.828523278232751,13.879320621490479,56.317369461059570
350,MX07030,350,4836.000000000000000,0.083958334676667,0.258189857006073,11.647253990173340,11.389064133167267,0.458743045024875,0.504040227733335,2218.481365740296951,0.344442069530487,0.631502717733383
351,MX30056,351,467.000000000000000,0.008107639018611,0.350672125816345,1.706797003746033,1.356124877929688,0.487709572024213,0.175505156696000,227.760370135307340,0.424948036670685,0.687511348724365
352,MX15030,352,34.000000000000000,0.000590277787222,21.779523849487305,48.018241882324219,26.238718032836914,32.791814018698304,7.484849002765054,1114.921676635742415,33.179801940917969,43.882443237304685
353,MX21049,353,448.000000000000000,0.007777777902222,0.388052403926849,5.154755115509033,4.766702711582184,0.786147798810686,0.563848976288116,352.194213867187386,0.596677571535110,1.281651449203491
354,MX30057,354,672.000000000000000,0.011666666853333,0.297342121601105,5.677859783172607,5.380517661571503,0.504381929213802,0.431377535291165,338.944656431675014,0.392079055309296,0.698395586013794
355,MX30058,355,4685.000000000000000,0.081336806856944,0.298227190971375,6.651274681091309,6.353047490119934,0.430319241971064,0.292737428772345,2016.045648634434428,0.376172155141830,0.496305847167969
356,MX31020,356,223.000000000000000,0.003871527839722,0.518026947975159,8.496110916137695,7.978083968162537,1.317962101222153,1.489133709368851,293.905548572540226,0.767680823802948,2.567024374008180
357,MX21051,357,1597.000000000000000,0.027725694888056,0.314297199249268,23.228139877319336,22.913842678070068,1.011668825101018,1.724694898072701,1615.635113686324985,0.556360483169556,1.796048521995545
358,MX21052,358,126.000000000000000,0.002187500035000,0.381603896617889,5.940410614013672,5.558806717395782,0.861567413759610,1.018850423018635,108.557494133710875,0.494031906127930,1.769085884094238
359,MX21053,359,3769.000000000000000,0.065434028824722,0.334278434514999,21.561674118041992,21.227395683526993,0.762478607897734,1.224089970600330,2873.781873166558398,0.461212605237961,1.129959058761597
360,MX21054,360,736.000000000000000,0.012777777982222,0.336301624774933,10.389232635498047,10.052931010723114,0.900720813149668,1.332891149299307,662.930518478155363,0.427417427301407,1.663085401058197
361,MX08019,361,44744.000000000000000,0.776805567984445,0.282914072275162,115.420074462890625,115.137160390615463,1.957358215550379,8.254416728375958,87580.035996586171677,0.361834004521370,0.932548356056215
362,MX31022,362,2364.000000000000000,0.041041667323333,0.256296426057816,4.029592990875244,3.773296564817429,0.320525980376451,0.186013697054485,757.723417609930834,0.293018162250519,0.319078442454338
363,MX21055,363,630.000000000000000,0.010937500175000,0.304190903902054,5.740836620330811,5.436645716428757,0.571891680690978,0.532854465768045,360.291758835316045,0.410473763942719,0.793103575706482
364,MX21056,364,689.000000000000000,0.011961805746944,0.270849525928497,4.708833217620850,4.437983691692352,0.370190000023655,0.285654164904127,255.060910016298521,0.319119811058044,0.391562426090241
365,MX12028,365,3681.000000000000000,0.063906251022500,0.272763818502426,20.788433074951172,20.515669256448746,0.671742013050662,1.195450392245099,2472.682350039485300,0.432600587606430,0.947812139987946
366,MX16025,366,1520.000000000000000,0.026388889311111,0.295857071876526,10.782992362976074,10.487135291099548,0.791534492451894,1.239229424712781,1203.132428526878357,0.401332184672356,1.325461876392365
367,MX21058,367,720.000000000000000,0.012500000200000,0.285323053598404,6.674298286437988,6.388975232839584,0.658368259709742,0.697572543901144,474.025146991014140,0.413826078176498,1.242155969142914
368,MX13019,368,1108.000000000000000,0.019236111418889,0.406109511852264,5.638234138488770,5.232124626636505,0.894835738176042,0.634312826876867,991.477997899055026,0.645759761333466,1.666601765155793
369,MX07031,369,8205.000000000000000,0.142447918945833,0.281735777854919,11.356533050537109,11.074797272682190,0.548706666356103,0.503028875652296,4502.138197451827182,0.423987388610840,0.804792153835297
370,MX12029,370,10682.000000000000000,0.185451391856111,0.239893838763237,34.216396331787109,33.976502493023872,0.745815577183218,2.294573399053633,7966.801995471139890,0.328776538372040,0.786354881525040
371,MX15031,371,270.000000000000000,0.004687500075000,5.344588279724121,73.443710327148438,68.099122047424316,47.918931671425128,14.290979378197749,12938.111551284784582,50.592786788940430,62.730987167358393
372,MX14031,372,3290.000000000000000,0.057118056469444,0.263506829738617,5.459711551666260,5.196204721927643,0.332252968299715,0.175458439214187,1093.112265706062317,0.311823308467865,0.345639058947563
373,MX19013,373,22052.000000000000000,0.382847228347778,0.286417096853256,19.105525970458984,18.819108873605728,0.378719261835444,0.468149021870767,8351.517161995207061,0.340040639042854,0.377352848649025
374,MX30059,374,858.000000000000000,0.014895833571667,0.496019750833511,17.152786254882812,16.656766504049301,1.340968034310495,1.445645438264186,1150.550573438404399,1.011647820472717,2.083474326133730
375,MX30060,375,704.000000000000000,0.012222222417778,0.326453775167465,7.012432575225830,6.685978800058365,0.762050234500996,0.898158703462719,536.483365088701248,0.490364477038383,1.173025739192963
376,MX21059,376,438.000000000000000,0.007604166788333,0.297698438167572,11.617264747619629,11.319566309452057,0.655888874372936,1.136911379225438,287.279326975345782,0.387292250990868,0.936256867647171
377,MX16026,377,5051.000000000000000,0.087690973625278,0.264809072017670,8.054725646972656,7.789916574954987,0.342827471570906,0.286289629884589,1731.621558904647827,0.313194811344147,0.354525506496429
378,MX08020,378,10467.000000000000000,0.181718752907500,0.266378015279770,23.225652694702148,22.959274679422379,0.356485945989150,0.519648570944431,3731.338396668430960,0.312023222446442,0.337226510047913
379,MX20027,379,177.000000000000000,0.003072916715833,0.310669869184494,1.838121891021729,1.527452021837234,0.414018778982809,0.208810834824647,73.281323879957228,0.352826058864594,0.502130556106567
380,MX14032,380,1485.000000000000000,0.025781250412500,0.287456423044205,7.077712059020996,6.790255635976791,0.389243849379446,0.390343814124573,578.027116328477859,0.331587880849838,0.400612246990204
381,MX30062,381,218.000000000000000,0.003784722282778,0.459006279706955,16.036430358886719,15.577424079179764,1.714545479061407,2.361775753904015,373.770914435386771,0.889344662427902,2.946694970130922
382,MX31023,382,1454.000000000000000,0.025243055959444,0.302433997392654,7.727539062500000,7.425105065107346,0.496987279929846,0.513978158064550,722.619505017996289,0.376468867063522,0.637913328409195
383,MX25007,383,16800.000000000000000,0.291666671333333,0.274472445249557,16.923353195190430,16.648880749940872,0.366048453366827,0.375519278174355,6149.614016562688448,0.324316456913948,0.382497948408127
384,MX30063,384,1961.000000000000000,0.034045139433611,0.282624781131744,4.423882484436035,4.141257703304291,0.393598347704731,0.235763321418511,771.846359848977158,0.342103928327560,0.485124617815018
385,MX16027,385,957.000000000000000,0.016614583599167,0.308926373720169,3.221917152404785,2.912990778684616,0.492373566486743,0.278120587051706,471.201503127812771,0.402191877365112,0.693852150440216
386,MX30064,386,115.000000000000000,0.001996527809722,0.410595297813416,1.336802005767822,0.926206707954407,0.568044553114020,0.177628905629447,65.325123608112335,0.500250458717346,0.750866055488586
387,MX31024,387,418.000000000000000,0.007256944560556,0.293312430381775,8.779468536376953,8.486156105995178,0.548680606142186,0.826269176463645,229.348493367433633,0.360470667481422,0.597740674018860
388,MX16028,388,1147.000000000000000,0.019913194763056,0.321405351161957,7.297713279724121,6.976307928562164,0.602319817908868,0.578349653900263,690.860831141471522,0.440328925848007,0.880321586132050
389,MX16029,389,5464.000000000000000,0.094861112628889,0.245287090539932,8.462543487548828,8.217256397008896,0.324460828390470,0.238607387853714,1772.853966325525789,0.302454993128777,0.338281363248825
390,MX19012,390,719.000000000000000,0.012482639088611,0.640932083129883,43.986541748046875,43.345609664916992,5.970829675774582,7.809229662843721,4293.026536881924585,2.071074724197388,17.298818969726568
391,MX20013,391,54.000000000000000,0.000937500015000,0.681517899036407,4.598172187805176,3.916654288768768,1.787083556254705,1.005573067746963,96.502512037754073,1.418552935123444,3.450110173225402
392,MX14022,392,2460.000000000000000,0.042708334016667,0.269664645195007,15.366707801818848,15.097043156623840,0.663444109891004,1.343951424061147,1632.072510331870490,0.339466035366058,0.721984219551086
393,MX07017,393,11902.000000000000000,0.206631947750556,0.256950497627258,21.994676589965820,21.737726092338562,0.502092192609601,1.031035230300429,5975.901276439466528,0.340546637773514,0.586165899038314
394,MX30035,394,403.000000000000000,0.006996527889722,0.307930171489716,7.304279804229736,6.996349632740021,0.591173210969338,0.675604565004175,238.242804020643320,0.400958448648453,0.873636889457703
395,MX24010,395,15917.000000000000000,0.276336809976944,0.276010215282440,17.710651397705078,17.434641182422638,0.381011853516833,0.431665365557426,6064.565672427433128,0.332464903593063,0.400100594758987
396,MX24011,396,2620.000000000000000,0.045486111838889,0.309048742055893,19.254560470581055,18.945511728525162,0.859356328776776,1.698409155019823,2251.513581395152869,0.407031133770943,1.247904050350189
397,MX20014,397,1430.000000000000000,0.024826389286111,0.286904007196426,21.911092758178711,21.624188750982285,0.926988243327274,2.111273953734001,1325.593187958001181,0.367588654160500,1.354328691959382
398,MX28009,398,233.000000000000000,0.004045138953611,7.194130897521973,3502.281005859375000,3495.086874961853027,137.365809010845510,435.456622755073909,32006.233499527003005,44.974666595458984,160.362820434570409
399,MX24013,399,12198.000000000000000,0.211770836721667,0.284338355064392,29.158037185668945,28.873698830604553,0.743109670622972,1.961590180990659,9064.451762259013776,0.387077286839485,0.754859775304795
400,MX15020,400,176.000000000000000,0.003055555604444,5.190998077392578,83.536437988281250,78.345439910888672,36.299335401166580,22.793576608077380,6388.683030605317981,43.861358642578125,60.136573791503906
401,MX30036,401,221.000000000000000,0.003836805616944,0.319565951824188,5.403613567352295,5.084047615528107,0.754671869504505,0.776318754126142,166.782483160495701,0.509943604469299,1.107702374458313
402,MX16014,402,1806.000000000000000,0.031354167168333,0.278936624526978,10.032511711120605,9.753575086593628,0.506507194566966,0.631983980985153,914.751993387940388,0.363006860017776,0.659914135932922
403,MX12016,403,13029.000000000000000,0.226197920285833,0.238689243793488,8.191029548645020,7.952340304851532,0.351498379032741,0.332246135616238,4579.672380417577187,0.301062047481537,0.360249280929565
404,MX30037,404,206.000000000000000,0.003576388946111,0.355831295251846,1.706425547599792,1.350594252347946,0.513420309256582,0.233685591193162,105.764583706855817,0.429625391960144,0.802083551883698
405,MX16015,405,13942.000000000000000,0.242048614983889,0.244581505656242,12.480404853820801,12.235823348164558,0.324788888371020,0.355110184936025,4528.206681668755664,0.293183162808418,0.328815886378288
406,MX07018,406,759.000000000000000,0.013177083544167,0.305960029363632,12.712474822998047,12.406514793634415,0.599461381928566,0.871486444108837,454.991188883781547,0.399726301431656,0.829922950267792
407,MX20015,407,583.000000000000000,0.010121527939722,0.285284191370010,2.018610715866089,1.733326524496078,0.397312264653054,0.179185522449188,231.633050292730303,0.344866931438446,0.487150239944458
408,MX21030,408,63.000000000000000,0.001093750017500,0.406261235475540,2.216852664947510,1.810591429471970,0.627379511556928,0.404820590451743,39.524909228086479,0.460372716188431,1.069652891159058
409,MX30038,409,995.000000000000000,0.017274305831944,0.393654316663742,19.461317062377930,19.067662745714188,1.777072148017548,2.494779058674195,1768.186787277459871,0.889775633811951,3.733018827438355
410,MX15021,410,1420.000000000000000,0.024652778172222,0.354932308197021,15.019610404968262,14.664678096771240,1.440858476577510,1.872351247224912,2046.019036740064394,0.683310896158218,3.439841032028209
411,MX17005,411,414.000000000000000,0.007187500115000,0.585568904876709,107.197044372558594,106.611475467681885,3.598810064907811,9.115577538510625,1489.907366871833801,1.179590702056885,7.513353776931760
412,MX30039,412,1442.000000000000000,0.025034722622778,0.597964227199554,2065.932861328125000,2065.334897100925446,26.885010564748857,119.291170417526189,38768.185234367854719,6.327198982238770,45.194411087036137
413,MX21031,413,562.000000000000000,0.009756944600556,0.298532605171204,4.724954605102539,4.426421999931335,0.493429186452326,0.492901523982237,277.307202786207142,0.361737340688705,0.617871499061586
414,MX30040,414,1385.000000000000000,0.024045139273611,0.426328122615814,236.231597900390625,235.805269777774811,3.307002061067497,11.546740011452838,4580.197854578483202,1.222608327865601,6.200175285339359
415,MX12078,415,3034.000000000000000,0.052673611953889,0.252540260553360,5.736423015594482,5.483882755041122,0.402118174424278,0.290637859273108,1220.026541203260194,0.329103663563728,0.537042152881622
416,MX15022,416,71.000000000000000,0.001232638908611,3.303223133087158,29.155513763427734,25.852290630340576,10.467111590882419,6.087460855998095,743.164922952651750,9.225345611572266,17.801898956298828
417,MX12017,417,2185.000000000000000,0.037934028384722,0.289116770029068,35.365833282470703,35.076716512441635,0.703189230565348,1.634960494215731,1536.468468785286404,0.391135215759277,0.955732727050782
418,MX14024,418,1654.000000000000000,0.028715278237222,0.324496030807495,16.791099548339844,16.466603517532349,0.928756880987225,1.480220504495018,1536.163881152870545,0.542651772499084,1.427280616760254
419,MX16016,419,1956.000000000000000,0.033958333876667,0.304703533649445,7.752673625946045,7.447970092296600,0.595267117495795,0.528750805736622,1164.342481821774754,0.428717881441116,0.947130352258682
420,MX30041,420,46.000000000000000,0.000798611123889,0.587203204631805,2.858105182647705,2.270901978015900,1.047173961349156,0.567821441432147,48.170002222061164,0.791724473237991,1.870632946491241
421,MX21032,421,1187.000000000000000,0.020607639218611,0.263957202434540,2.655876636505127,2.391919434070587,0.356364025849701,0.196985763326923,423.004098683595373,0.324608445167542,0.382481026649475
422,MX21033,422,232.000000000000000,0.004027777842222,0.534438014030457,3.527986049652100,2.993548035621643,0.946926825776182,0.467392280566530,219.687023580074253,0.772136509418488,1.651784241199494
423,MX20016,423,620.000000000000000,0.010763889061111,0.257135212421417,4.756597518920898,4.499462306499481,0.453640902090457,0.370799978597798,281.257359296083564,0.361611559987068,0.631964915990829
424,MX16074,424,652.000000000000000,0.011319444625556,0.331191599369049,16.926393508911133,16.595201909542084,0.701619704122557,1.331874926240833,457.456047087907166,0.414948120713234,0.858109092712402
425,MX06002,425,3692.000000000000000,0.064097223247778,0.266556948423386,38.108848571777344,37.842291623353958,2.065932870669971,5.670507942603201,7627.424158513534167,0.435384407639503,2.617618465423587
426,MX30042,426,648.000000000000000,0.011250000180000,0.304850429296494,7.176448822021484,6.871598392724991,0.502036745763488,0.569286987619032,325.319811254740102,0.388730630278587,0.581961047649384
427,MX22005,427,4056.000000000000000,0.070416667793333,0.330818057060242,59.778121948242188,59.447303891181946,1.961286601208197,3.960387199981974,7954.978454500447697,0.735692262649536,4.201896667480469
428,MX14025,428,3269.000000000000000,0.056753473130278,0.267760604619980,20.655586242675781,20.387825638055801,0.543178193729272,1.191159695187026,1775.649515300990515,0.343309760093689,0.589198791980743
429,MX06003,429,1552.000000000000000,0.026944444875556,0.268710285425186,16.466264724731445,16.197554439306259,0.736047951984651,1.184689379480288,1142.346421480178833,0.414866641163826,1.179967904090883
430,MX27005,430,3786.000000000000000,0.065729167718333,0.474800169467926,528.037841796875000,527.563041627407074,3.405284667575545,15.339722517432056,12892.407751441014625,1.642647802829742,4.122542858123779
431,MX30043,431,1544.000000000000000,0.026805555984444,0.334414005279541,3.668448448181152,3.334034442901611,0.465011196838296,0.224408059924986,717.977287918329012,0.396037220954895,0.617398375272751
432,MX07019,432,4754.000000000000000,0.082534723542778,0.288486659526825,37.229370117187500,36.940883457660675,1.507373834018655,3.575275101146585,7166.055206924685990,0.504271626472473,2.642567014694213
433,MX03001,433,88267.000000000000000,1.532413218963056,0.228418871760368,36.171344757080078,35.942925885319710,0.354466476580631,0.851625253812081,31287.692488342512661,0.305306255817413,0.338067430257797
434,MX11009,434,2439.000000000000000,0.042343750677500,0.415060341358185,31.640008926391602,31.224948585033417,1.712292722988048,2.545899410178931,4176.281951367848706,0.789547085762024,3.761356306076051
435,MX18004,435,9428.000000000000000,0.163680558174444,0.258653074502945,22.668754577636719,22.410101503133774,0.523353482641226,0.945566798039822,4934.176634341476529,0.355279326438904,0.593770623207092
436,MX20018,436,1109.000000000000000,0.019253472530278,0.256012827157974,2.943537712097168,2.687524884939194,0.320450179688666,0.140248142347672,355.379249274730682,0.301495313644409,0.333007711172104
437,MX14026,437,1326.000000000000000,0.023020833701667,0.299425840377808,15.360384941101074,15.060959100723267,0.507463972425569,0.884132299695745,672.897227436305002,0.366036430001259,0.557345122098923
438,MX32007,438,12405.000000000000000,0.215364586779167,0.252243727445602,26.266687393188477,26.014443665742874,0.367836489400187,0.676340769158013,4563.011651009321213,0.304699212312698,0.364811301231384
439,MX20019,439,852.000000000000000,0.014791666903333,0.259004890918732,2.905394792556763,2.646389901638031,0.347022781314705,0.166412371211361,295.663409680128439,0.313862308859825,0.387635058164597
440,MX25004,440,11023.000000000000000,0.191371530839722,0.274202764034271,50.918624877929688,50.644422113895416,0.471564740534650,0.968154417811034,5198.058134913448157,0.349118769168854,0.543686461448670
441,MX10003,441,5544.000000000000000,0.096250001540000,0.277612328529358,5.009764671325684,4.732152342796326,0.343518629938924,0.160020199801690,1904.467284381391892,0.323009222745895,0.349166366457939
442,MX31013,442,320.000000000000000,0.005555555644444,0.719921886920929,25.005229949951172,24.285308063030243,4.611866694875061,4.827504521623008,1475.797342360019456,2.681599855422974,11.730606937408449
443,MX20020,443,277.000000000000000,0.004809027854722,0.271027445793152,2.525727748870850,2.254700303077698,0.426639911715304,0.232157990033888,118.179255545139227,0.342949599027634,0.618879747390747
444,MX16017,444,1882.000000000000000,0.032673611633889,0.348865836858749,12.614286422729492,12.265420585870743,0.846908696557966,0.967906893424442,1593.882166922091983,0.573643565177917,1.422821092605591
445,MX29018,445,126.000000000000000,0.002187500035000,0.909428536891937,23.971801757812500,23.062373220920563,7.097539874296340,5.931112698026279,894.290024161338806,5.191753864288330,17.214737892150879
446,MX07021,446,1670.000000000000000,0.028993056019444,0.294373303651810,10.563964843750000,10.269591540098190,0.521539767773565,0.559325577522750,870.971412181854021,0.387654453516006,0.723060107231141
447,MX12018,447,1445.000000000000000,0.025086805956944,0.261415928602219,8.574905395507812,8.313489466905594,0.505873776142159,0.644585435854706,730.987606525420233,0.339247345924377,0.767693293094635
448,MX12019,448,3600.000000000000000,0.062500001000000,0.269951164722443,12.286317825317383,12.016366660594940,0.403869117730194,0.476565666796750,1453.928823828696750,0.327962011098862,0.428863292932510
449,MX12020,449,1505.000000000000000,0.026128472640278,0.275563567876816,25.103496551513672,24.827932983636856,0.601452543311738,1.094586530385071,905.186077684165070,0.393848776817322,0.899352264404297
450,MX16018,450,853.000000000000000,0.014809028014722,0.377014189958572,6.841849327087402,6.464835137128830,0.667967230570693,0.564218490160610,569.776047676801340,0.481791019439697,1.073846220970154
451,MX06004,451,2612.000000000000000,0.045347222947778,0.308223992586136,23.413661956787109,23.105437964200974,0.625835078062454,1.337092956278903,1634.681223899129236,0.375435471534729,0.777852183580399
452,MX30044,452,795.000000000000000,0.013802083554167,0.464806616306305,35.635944366455078,35.171137750148773,5.163151760258764,7.479611753973981,4104.705649405716940,1.480263352394104,18.086747741699220
453,MX08014,453,9863.000000000000000,0.171232641628611,0.279526054859161,15.457814216613770,15.178288161754608,0.336202324210274,0.266876208299942,3315.963523685930795,0.321956932544708,0.341777676343918
454,MX21034,454,184.000000000000000,0.003194444495556,2.475798845291138,41.162746429443359,38.686947584152222,12.699992857549498,8.183103440672799,2336.798685789107822,10.658030033111572,25.905141448974614
455,MX11010,455,622.000000000000000,0.010798611283889,0.388696283102036,14.219310760498047,13.830614477396011,0.848072462622376,1.205681155194246,527.501071751117706,0.613473981618881,1.096793699264526
456,MX22006,456,1178.000000000000000,0.020451389216111,0.664198935031891,65.776023864746094,65.111824929714203,10.746453007736910,13.752847747049625,12659.321643114080871,3.742303371429443,33.876052093505848
457,MX11011,457,1673.000000000000000,0.029045139353611,0.534773290157318,33.523036956787109,32.988263666629791,2.561286442912561,4.799653063546709,4285.032218992714661,1.073995709419250,4.383583068847654
458,MX25005,458,11141.000000000000000,0.193420141983611,0.290941059589386,37.047939300537109,36.756998240947723,0.416615175115881,0.781550515990342,4641.509665966031207,0.345071405172348,0.418917000293732
459,MX30045,459,2505.000000000000000,0.043489584029167,0.457626223564148,25.812921524047852,25.355295300483704,0.976736945354057,1.691141156937415,2446.726048111912860,0.638622760772705,1.167561769485474
460,MX30046,460,381.000000000000000,0.006614583439167,0.394800752401352,3.828291177749634,3.433490425348282,0.664706599915747,0.372136751266491,253.253214567899761,0.565647125244141,0.873872816562653
461,MX30047,461,788.000000000000000,0.013680555774444,0.333732873201370,18.685344696044922,18.351611822843552,1.025375317952355,1.622350157622965,807.995750546456065,0.623565644025803,1.559735524654389
462,MX01004,462,657.000000000000000,0.011406250182500,0.359677731990814,26.742685317993164,26.383007586002350,1.583535120911794,2.513254841011186,1040.382574439048540,0.762630462646484,3.522901391983029
463,MX20021,463,561.000000000000000,0.009739583489167,0.387354671955109,10.086238861083984,9.698884189128876,0.883451874509002,1.073498045935322,495.616501599550361,0.541238307952881,1.679193258285522
464,MX30048,464,1321.000000000000000,0.022934028144722,0.676535248756409,51.441040039062500,50.764504790306091,5.271501904586157,6.719527056306432,6963.654015958312812,2.803169012069702,11.663738250732422
465,MX20022,465,553.000000000000000,0.009600694598056,0.274496495723724,1.357866764068604,1.083370268344879,0.346590952621015,0.103824231782872,191.664796799421225,0.323860645294189,0.373493272066116
466,MX30049,466,2654.000000000000000,0.046076389626111,0.351290285587311,41.428005218505859,41.076714932918549,0.842513494682023,1.530729571277761,2236.030814886089047,0.573167502880096,1.166474139690400
467,MX16019,467,2516.000000000000000,0.043680556254444,0.277143537998199,15.287735939025879,15.010592401027679,0.533715903912989,0.958234925970647,1342.829214245080948,0.362382337450981,0.635181188583374
468,MX21035,468,1229.000000000000000,0.021336805896944,0.323644042015076,17.315034866333008,16.991390824317932,0.765323885506591,1.242291674602568,940.583055287600018,0.474264651536942,1.057368922233582
469,MX24014,469,459.000000000000000,0.007968750127500,0.386010706424713,3.968273878097534,3.582263171672821,0.639510284127234,0.347031411814379,293.535220414400214,0.565025687217712,0.795915412902832
470,MX30050,470,398.000000000000000,0.006909722332778,0.399562597274780,3.757322072982788,3.357759475708008,0.642403845811010,0.401208095668824,255.676730632781783,0.525825202465057,0.905097752809525
471,MX08015,471,62584.000000000000000,1.086527795162222,0.292718231678009,11.401473045349121,11.108754813671112,0.345082055703975,0.109241564758257,21596.615374177541526,0.341422304511070,0.360311368107796
472,MX09003,472,266.000000000000000,0.004618055629444,20.897806167602539,121.783485412597656,100.885679244995117,62.636988066192856,14.661860637061482,16661.438825607299805,63.158525466918945,79.955867767333984
473,MX21036,473,1130.000000000000000,0.019618055869444,0.286617755889893,2.009016275405884,1.722398519515991,0.426528399338765,0.150397817951105,481.977091252803916,0.381336301565170,0.558432471752167
474,MX15023,474,200.000000000000000,0.003472222277778,1.549281597137451,36.784683227539062,35.235401630401611,9.046860758662223,8.917613172432519,1809.372151732444763,4.631659269332886,23.438338851928705
475,MX21037,475,658.000000000000000,0.011423611293889,0.284940987825394,9.083717346191406,8.798776358366013,0.689074747422909,0.873526527375044,453.411183804273946,0.441042408347130,1.063935625553131
476,MX12021,476,8702.000000000000000,0.151076391306111,0.243923515081406,16.815183639526367,16.571260124444962,0.453578416834315,0.610760841760509,3947.039383292211824,0.314819991588593,0.624625873565674
477,MX12022,477,16511.000000000000000,0.286649310141945,0.237294584512711,26.531274795532227,26.293980211019516,0.409133673076135,0.563715719441327,6755.206076160066004,0.316692978143692,0.481857836246490
478,MX30051,478,1169.000000000000000,0.020295139213611,0.347757369279861,4.521574974060059,4.173817604780197,0.505534642241367,0.303182081012548,590.969996780157544,0.434094488620758,0.658491873741150
479,MX23001,479,2377.000000000000000,0.041267361771389,0.261480778455734,68.733329772949219,68.471848994493484,2.262242915039061,8.107070247062127,5377.351409047848392,0.404789686203003,2.088973140716553
480,MX28010,480,9707.000000000000000,0.168524308251944,0.274617224931717,5.120271205902100,4.845653980970383,0.337212157240853,0.130280496315497,3273.318410336958095,0.324701845645905,0.346223425865173
481,MX09004,481,352.000000000000000,0.006111111208889,0.958407878875732,63.938621520996094,62.980213642120361,16.569057460196994,16.690511984661551,5832.308225989341736,9.340014934539795,42.802875137329110
482,MX12023,482,3072.000000000000000,0.053333334186667,0.258863151073456,11.313176155090332,11.054313004016876,0.440711862494936,0.604158749511628,1353.866841584444273,0.330990582704544,0.506360465288162
483,MX12024,483,1171.000000000000000,0.020329861436389,0.269737124443054,4.791152000427246,4.521414875984192,0.406902755737101,0.295188964107007,476.483126968144802,0.333711445331573,0.503283858299255
484,MX29008,484,424.000000000000000,0.007361111228889,0.519516944885254,24.686191558837891,24.166674613952637,2.077055570933054,3.262296294657264,880.671562075615043,0.933945983648300,4.303102540969848
485,MX21038,485,115.000000000000000,0.001996527809722,1.343232274055481,18.798404693603516,17.455172419548035,5.011572550690691,4.076236891492055,576.330843329429399,3.510607957839966,11.126810073852539
486,MX05007,486,55738.000000000000000,0.967673626593889,0.266224175691605,30.256076812744141,29.989852637052536,0.341606775056436,0.440284322135599,19040.478428095604613,0.320505753159523,0.349948698282242
487,MX06005,487,2042.000000000000000,0.035451389456111,0.299054354429245,19.131139755249023,18.832085400819778,0.968535084799150,1.389489244147583,1977.748643159864969,0.582580387592316,1.595571768283844
488,MX08017,488,19197.000000000000000,0.333281255332500,0.302553147077560,63.885780334472656,63.583227187395096,1.145335277537910,3.507134714437605,21987.001322895266640,0.417953848838806,1.483194208145145
489,MX09015,489,165.000000000000000,0.002864583379167,48.855079650878906,133.467971801757812,84.612892150878906,85.884833457253237,15.884933526745774,14170.997520446784620,85.870178222656250,106.513623046874983
490,MX32008,490,1632.000000000000000,0.028333333786667,0.313497245311737,22.635221481323242,22.321724236011505,0.638447895682616,1.324894571925309,1041.946965754029861,0.390794932842255,0.677207452058792
491,MX21039,491,304.000000000000000,0.005277777862222,0.373269915580750,4.272167205810547,3.898897290229797,0.730676568652454,0.452348228491271,222.125676870346098,0.598882883787155,1.080285739898681
492,MX12025,492,1536.000000000000000,0.026666667093333,0.237023934721947,7.726083755493164,7.489059820771217,0.431486116916252,0.442234727277960,662.762675583363034,0.333376720547676,0.526739984750748
493,MX13016,493,1951.000000000000000,0.033871528319722,0.390954047441483,17.135381698608398,16.744427651166916,1.482693211244716,1.999182459243290,2892.734455138440808,0.783932626247406,3.007825613021851
494,MX21040,494,790.000000000000000,0.013715277997222,0.767671227455139,28.390062332153320,27.622391104698181,1.979217509378362,2.010065123972979,1563.581832408905939,1.313173413276672,3.517638874053957
495,MX15024,495,210.000000000000000,0.003645833391667,4.669310092926025,70.524726867675781,65.855416774749756,32.890242465337096,19.255484712429382,6906.950917720790130,30.470151901245117,61.196087646484372
496,MX14027,496,6898.000000000000000,0.119756946360556,0.256063699722290,6.744222164154053,6.488158464431763,0.379458359062723,0.277154952540980,2617.503760814665384,0.325833201408386,0.441600152850151
497,MX15121,497,541.000000000000000,0.009392361261389,7.356324195861816,91.799545288085938,84.443221092224121,39.406538341931160,17.768215426329760,21318.937242984757177,40.566581726074219,60.624500274658203
498,MX14028,498,2071.000000000000000,0.035954861686389,0.256356805562973,4.879775047302246,4.623418241739273,0.340139543834601,0.247773019430573,704.428995281459265,0.300894618034363,0.344187796115875
499,MX17006,499,479.000000000000000,0.008315972355278,1.127626419067383,30.750534057617188,29.622907638549805,9.693701392424623,7.445033002980802,4643.282966971394671,7.455453395843506,21.388872909545899
500,MX21041,500,188.000000000000000,0.003263888941111,7.899592876434326,63.162456512451172,55.262863636016846,29.865820968404719,11.682637843094330,5614.774342060087292,29.407485961914062,47.309713363647461
501,MX29009,501,84.000000000000000,0.001458333356667,1.374086141586304,6.409473419189453,5.035387277603149,3.146030451570237,1.189873002840410,264.266557931899911,2.960822582244873,4.954100227355957
502,MX21042,502,980.000000000000000,0.017013889161111,0.300521880388260,4.517178535461426,4.216656655073166,0.419905837062670,0.335987980907060,411.507720321416514,0.352113470435143,0.482895755767822
503,MX26022,503,8534.000000000000000,0.148159724592778,0.282433241605759,29.972490310668945,29.690057069063187,0.384861976760374,0.648729281852744,3284.412109673035502,0.328435435891151,0.357548800110817
504,MX10004,504,27490.000000000000000,0.477256952080556,0.268489331007004,53.536483764648438,53.267994433641434,0.405547522662682,0.920247457268137,11148.501397997126332,0.324037194252014,0.386939671635628
505,MX11012,505,1303.000000000000000,0.022621528139722,0.360744476318359,27.428873062133789,27.068128585815430,1.169770769883555,2.282078753725067,1524.211313158272333,0.567339837551117,1.988863420486450
506,MX17007,506,979.000000000000000,0.016996528049722,0.649374902248383,43.918891906738281,43.269517004489899,8.797894017749956,9.554488978783503,8613.138243377206891,2.404155492782593,22.758679962158205
507,MX12026,507,1839.000000000000000,0.031927083844167,0.261650621891022,3.717773914337158,3.456123292446136,0.383220668231876,0.240490711615702,704.742808878420078,0.331585854291916,0.429640787839890
508,MX21043,508,904.000000000000000,0.015694444695556,0.358217388391495,13.953304290771484,13.595086902379990,0.887268574957826,1.045005114275414,802.090791761874243,0.679890066385269,1.229461610317230
509,MX30052,509,167.000000000000000,0.002899305601944,0.567346692085266,8.901493072509766,8.334146380424500,1.455603473914597,1.306599145996218,243.085780143737679,1.034196376800537,2.927607202529908
510,MX20023,510,241.000000000000000,0.004184027844722,0.460063248872757,13.199932098388672,12.739868849515915,2.559662588899066,2.640425961204275,616.878683924674988,1.385530114173889,6.420963287353516
511,MX30053,511,745.000000000000000,0.012934027984722,0.512976706027985,10.463374137878418,9.950397431850433,1.362231896787683,1.278801487501046,1014.862763106823991,0.888182461261749,2.661264610290528
512,MX16020,512,1270.000000000000000,0.022048611463889,0.366268903017044,11.250968933105469,10.884700030088425,0.732575403752289,0.841056419101007,930.370762765407108,0.485519573092461,1.186790740489960
513,MX25006,513,30874.000000000000000,0.536006953020556,0.283398211002350,76.702270507812500,76.418872296810150,1.773673814779746,6.192256132545210,54760.405357509880560,0.446119368076324,1.783661758899689
514,MX26023,514,10831.000000000000000,0.188038197453056,0.287362188100815,26.888490676879883,26.601128488779068,0.376484877442886,0.617810575274909,4077.707707583896990,0.331031948328018,0.359509855508804
515,MX31014,515,684.000000000000000,0.011875000190000,0.286793202161789,6.023330211639404,5.736537009477615,0.402710067772726,0.365115078362930,275.453686356544495,0.343619495630264,0.416730260848999
516,MX27006,516,2907.000000000000000,0.050468750807500,1.031685233116150,4389.297363281250000,4388.265678048133850,16.088646375480984,163.511012292216634,46769.695013523218222,3.137000322341919,10.273527717590333
517,MX14029,517,3213.000000000000000,0.055781250892500,0.328969389200211,11.721958160400391,11.392988771200180,0.571040807920862,0.530730214580828,1834.754115849730169,0.465233534574509,0.765381431579590
518,MX08018,518,8515.000000000000000,0.147829863476389,0.307718604803085,5.849169254302979,5.541450649499893,0.434998341745582,0.239833704291780,3704.010879963633215,0.375048249959946,0.538199281692505
519,MX12027,519,6589.000000000000000,0.114392362941389,0.255357205867767,9.648273468017578,9.392916262149811,0.379816718552178,0.308559350965358,2502.612358540301557,0.326680302619934,0.453130918741226
520,MX20024,520,388.000000000000000,0.006736111218889,0.277758717536926,1.513622522354126,1.235863804817200,0.384714382595008,0.167562247875850,149.269180446863203,0.333267778158188,0.462789002060890
521,MX21044,521,1499.000000000000000,0.026024305971944,0.331899285316467,9.338149070739746,9.006249785423279,0.658475342792539,0.685348981344563,987.054538846015362,0.439244180917740,1.139678788185120
522,MX31015,522,464.000000000000000,0.008055555684444,0.316104054450989,7.416863918304443,7.100759863853455,0.578324892333355,0.682775152054113,268.342750042676926,0.399466261267662,0.792003345489502
523,MX14033,523,2125.000000000000000,0.036892361701389,0.350241810083389,17.870700836181641,17.520459026098251,0.801364479078966,1.208877268723928,1702.899518042802356,0.485633194446564,1.339436054229737
524,MX18009,524,25937.000000000000000,0.450295146093611,0.256348162889481,6.606378078460693,6.350029915571213,0.355626869293354,0.226800165555468,9223.894108861713903,0.313964366912842,0.372364783287048
525,MX08021,525,2824.000000000000000,0.049027778562222,0.334666192531586,51.936752319335938,51.602086126804352,3.410902941826375,7.443117240183664,9632.389907717682945,0.879111289978027,6.655707693099986
526,MX26024,526,2073.000000000000000,0.035989583909167,0.288859963417053,9.202015876770020,8.913155913352966,0.358663243915053,0.402133401559467,743.508904635905651,0.324598640203476,0.343814790248871
527,MX19014,527,25804.000000000000000,0.447986118278889,0.262217551469803,21.422622680664062,21.160405129194260,0.393575845560840,0.558662917956218,10155.831118851911015,0.335031107068062,0.425679296255112
528,MX19015,528,3740.000000000000000,0.064930556594444,0.329159170389175,23.720581054687500,23.391421884298325,0.479388017299023,0.693979921003839,1792.911184698344414,0.384667605161667,0.518524360656738
529,MX19016,529,3189.000000000000000,0.055364584219167,0.367309570312500,13.787167549133301,13.419857978820801,0.640283860114347,0.778128974183658,2041.865229904652324,0.486147612333298,0.806924617290497
530,MX11013,530,1152.000000000000000,0.020000000320000,0.401231050491333,19.361415863037109,18.960184812545776,1.427145029495780,1.700564020464834,1644.071073979138191,0.951332926750183,2.492387485504151
531,MX11014,531,8296.000000000000000,0.144027780082222,0.344708204269409,60.288852691650391,59.944144487380981,1.195907341300174,3.060816118270678,9921.247303426242070,0.631309747695923,1.654351353645325
532,MX21060,532,78.000000000000000,0.001354166688333,1.095344662666321,9.897080421447754,8.801735758781433,2.748278315250690,1.801219339819091,214.365708589553833,2.040361762046814,5.070521783828736
533,MX15032,533,955.000000000000000,0.016579861376389,0.367539674043655,5.111651897430420,4.744112223386765,0.912230803798006,0.637544253583809,871.180417627095835,0.671878457069397,1.754072928428650
534,MX08022,534,5459.000000000000000,0.094774307071944,0.297422647476196,6.970091342926025,6.672668695449829,0.404773220171484,0.342756974773436,2209.657008916133691,0.344726324081421,0.421413022279739
535,MX10005,535,47447.000000000000000,0.823732652068611,0.258907526731491,93.972930908203125,93.714023381471634,0.957206177054988,4.377536198469083,45416.561482727993280,0.325046628713608,0.630771207809449
536,MX31025,536,400.000000000000000,0.006944444555556,0.342806458473206,8.248708724975586,7.905902266502380,0.710882413685322,0.877600282819137,284.352965474128894,0.462749645113945,1.003828310966492
537,MX31026,537,876.000000000000000,0.015208333576667,0.327389240264893,6.773694515228271,6.446305274963379,0.557739613467156,0.649904657514568,488.579901397228525,0.378000721335411,0.683554947376251
538,MX31027,538,1032.000000000000000,0.017916666953333,0.293365836143494,8.905916213989258,8.612550377845764,0.500091401123723,0.768335300069034,516.094325959682351,0.340132758021355,0.506697678565979
539,MX31028,539,1504.000000000000000,0.026111111528889,0.253914207220078,7.853934764862061,7.600020557641983,0.355932640486417,0.416179416843754,535.322691291570663,0.298385739326477,0.379063549637795
540,MX31029,540,2547.000000000000000,0.044218750707500,0.254817932844162,9.152454376220703,8.897636443376541,0.363004979534527,0.477483047034012,924.573682874441488,0.302946805953979,0.361108309030533
541,MX31030,541,1551.000000000000000,0.026927083764167,0.259523600339890,6.149639129638672,5.890115529298782,0.357475025165012,0.354916025609584,554.443764030932925,0.307143092155457,0.360348522663116
542,MX31031,542,670.000000000000000,0.011631944630556,0.282525271177292,3.767180204391479,3.484654933214188,0.399145793336541,0.332088382238130,267.427681535482463,0.325389266014099,0.440103146433830
543,MX24016,543,3521.000000000000000,0.061128473200278,0.276457458734512,15.811028480529785,15.534571021795273,0.521338161598446,0.850965863792157,1835.631666988130064,0.353544563055038,0.592084825038910
544,MX15033,544,773.000000000000000,0.013420139103611,5.296787738800049,80.591659545898438,75.294871807098389,43.663859350715157,17.218349211174214,33752.163278102816548,48.386173248291016,60.992172241210938
545,MX15034,545,266.000000000000000,0.004618055629444,0.499211877584457,11.471542358398438,10.972330480813980,1.587264704861138,1.804729582564498,422.212411493062802,0.985387951135635,3.496708989143372
546,MX16030,546,1510.000000000000000,0.026215278197222,0.352037400007248,13.026946067810059,12.674908667802811,0.722483451773000,0.866961887630760,1090.950012177229610,0.468480944633484,1.182800924777986
547,MX12075,547,6133.000000000000000,0.106475696148056,0.274206399917603,28.524745941162109,28.250539541244507,0.584744073104335,1.237502644089761,3586.235400348886287,0.362217426300049,0.688576817512512
548,MX14034,548,1476.000000000000000,0.025625000410000,0.279952913522720,5.358295917510986,5.078343003988266,0.369119153456475,0.250778046934846,544.819870501757464,0.334425151348114,0.390326425433159
549,MX13009,549,685.000000000000000,0.011892361301389,0.607353568077087,10.243527412414551,9.636173844337463,1.874171044965730,1.459921243006980,1283.807165801525116,1.324134230613708,3.743217134475709
550,MX14009,550,560.000000000000000,0.009722222377778,0.448325037956238,15.020437240600586,14.572112202644348,1.877725816251975,2.096386968786126,1051.526457101105962,1.073119103908539,4.269603776931763
551,MX20010,551,1235.000000000000000,0.021440972565278,0.319754064083099,29.571575164794922,29.251821100711823,1.074800799153595,2.291101822407475,1327.378986954689708,0.534992635250092,1.690580344200136
552,MX07014,552,772.000000000000000,0.013402777992222,0.422861516475677,11.331856727600098,10.908995211124420,1.031728073954582,1.078143589850531,796.494073092937128,0.661815226078033,1.904760479927063
553,MX19010,553,543.000000000000000,0.009427083484167,0.838528811931610,56.466209411621094,55.627680599689484,9.147831149632545,11.152041682211401,4967.272314250471936,4.601100444793701,24.939621353149416
554,MX29007,554,285.000000000000000,0.004947916745833,0.487896591424942,17.214197158813477,16.726300567388535,1.813781082630158,2.788837314588468,516.927608549595107,0.694509506225586,4.018545532226564
555,MX20030,555,277.000000000000000,0.004809027854722,0.481139808893204,19.382131576538086,18.900991767644882,2.058931569437687,3.207230790836156,570.324044734239237,0.923389315605164,4.166593742370606
556,MX25010,556,21693.000000000000000,0.376614589359167,0.281737953424454,46.764171600341797,46.482433646917343,0.539224640157978,1.233812123979943,11697.400118947025476,0.353255361318588,0.653365540504455
557,MX14037,557,879.000000000000000,0.015260416910833,0.308456718921661,18.596183776855469,18.287727057933807,0.956183125134621,1.951728579886721,840.484966993332023,0.452744543552399,1.301246762275696
558,MX30205,558,1973.000000000000000,0.034253472770278,0.295040488243103,14.871420860290527,14.576380372047424,0.552447929275984,0.869110984114571,1089.979764461516652,0.380338966846466,0.763058543205261
559,MX14054,559,566.000000000000000,0.009826389046111,0.296835839748383,5.062711715698242,4.765875875949860,0.549183162751973,0.512611213137855,310.837670117616597,0.387472957372665,0.864394992589951
560,MX01010,560,2561.000000000000000,0.044461806266944,0.343123108148575,36.110313415527344,35.767190307378769,1.397738986977000,2.316250374253371,3579.609545648097082,0.810597658157349,2.244253873825073
561,MX28021,561,8282.000000000000000,0.143784724522778,0.291829735040665,29.101316452026367,28.809486716985703,0.725775619364682,1.873646603696226,6010.873679578294286,0.359847009181976,0.903062164783478
562,MX22011,562,3739.000000000000000,0.064913195483056,0.365147411823273,75.532585144042969,75.167437732219696,6.035137283240902,9.347420426128108,22565.378302037734102,2.068218708038330,17.229526138305673
563,MX24058,563,4162.000000000000000,0.072256945600556,0.282748609781265,10.799256324768066,10.516507714986801,0.451153931109050,0.572069765929541,1877.702661275868195,0.344144403934479,0.532896792888641
564,MX10018,564,18258.000000000000000,0.316979171738333,0.270780801773071,17.192419052124023,16.921638250350952,0.342155336888064,0.394535159199512,6247.072140902275351,0.317594707012177,0.339306434988976
565,MX15064,565,681.000000000000000,0.011822916855833,0.571031749248505,19.461183547973633,18.890151798725128,2.141892575832542,2.059452254317123,1458.628844141960826,1.556395769119263,3.775202751159668
566,MX32015,566,1782.000000000000000,0.030937500495000,0.286735922098160,3.775773048400879,3.489037126302719,0.373954845130377,0.188686767172395,666.387534022331465,0.334624931216240,0.424184599518776
567,MX07070,567,401.000000000000000,0.006961805666944,0.327714085578918,7.608193397521973,7.280479311943054,0.730451868582247,0.607659526336833,292.911199301481133,0.595240414142609,1.084470033645630
568,MX14070,568,405.000000000000000,0.007031250112500,2.379723548889160,93.344764709472656,90.965041160583496,23.438113960807694,16.178353681761990,9492.436154127115515,20.937381744384766,44.232339477539064
569,MX32041,569,3195.000000000000000,0.055468750887500,0.261365801095963,6.107770442962646,5.846404641866684,0.325708043761843,0.211421881440972,1040.637199819089801,0.302394717931747,0.327535355091095
570,MX08064,570,2446.000000000000000,0.042465278457222,0.290602266788483,5.402403831481934,5.111801564693451,0.388484213029081,0.279740178143166,950.232385069133215,0.336733922362328,0.416481420397758
571,MX25008,571,8260.000000000000000,0.143402780072222,0.289774447679520,45.426288604736328,45.136514157056808,0.632876836575262,1.714472492234619,5227.562670111665284,0.377977773547173,0.746441769599915
572,MX13020,572,1203.000000000000000,0.020885417000833,0.302282720804214,1.696080565452576,1.393797844648361,0.377600200480456,0.118851120085492,454.253041177988109,0.349078387022018,0.423409837484360
573,MX21061,573,488.000000000000000,0.008472222357778,0.382219910621643,2.975449323654175,2.593229413032532,0.590763495288423,0.236418236909407,288.292585700750237,0.543342143297195,0.739442986249924
574,MX20029,574,175.000000000000000,0.003038194493056,0.339784443378448,3.127979993820190,2.788195550441742,0.642441843918391,0.473642636931698,112.427322685718480,0.471070140600204,1.065005207061767
575,MX13021,575,607.000000000000000,0.010538194613056,0.682762324810028,32.564544677734375,31.881782352924347,1.910827589290343,2.887805734616190,1159.872346699238278,0.987569987773895,3.478781509399411
576,MX17008,576,335.000000000000000,0.005815972315278,1.412925362586975,26.439207077026367,25.026281714439392,10.497704921195760,7.532842802826047,3516.731148600579672,9.256349563598633,20.954841613769538
577,MX27007,577,2912.000000000000000,0.050555556364444,0.265191286802292,33.048568725585938,32.783377438783646,0.725645966050061,2.172685427305107,2113.081053137776962,0.357144773006439,0.746901261806488
578,MX29046,578,249.000000000000000,0.004322916735833,0.383938789367676,7.417766571044922,7.033827781677246,0.725780012018709,0.810581164355529,180.719222992658644,0.490834861993790,0.941444504261018
579,MX30065,579,2064.000000000000000,0.035833333906667,0.426596730947495,41.528095245361328,41.101498514413834,1.662053466853940,3.178409369748283,3430.478355586531507,0.808588534593582,3.058800768852235
580,MX26025,580,3117.000000000000000,0.054114584199167,0.346409797668457,99.368057250976562,99.021647453308105,1.687165162474980,5.735032149761946,5258.893811434513736,0.482847481966019,1.791671586036683
581,MX14035,581,6300.000000000000000,0.109375001750000,0.334586352109909,35.473987579345703,35.139401227235794,0.837823357146882,1.772073655052116,5278.287150025358642,0.509782761335373,1.077623307704926
582,MX02001,582,284403.000000000000000,4.937552162334168,0.240863144397736,71.308219909667969,71.067356765270233,0.403848243683560,1.181996800596302,114855.652048335556174,0.315746068954468,0.354360955953598
583,MX21062,583,258.000000000000000,0.004479166738333,0.466194510459900,4.340423583984375,3.874229073524475,0.868530323570089,0.633866823614182,224.080823481082945,0.595459699630737,1.765074610710145
584,MX13022,584,706.000000000000000,0.012256944640556,0.694076657295227,16.166227340698242,15.472150683403015,2.194203718947958,1.924526649511389,1549.107825577257927,1.478957891464233,4.295836210250854
585,MX16031,585,2112.000000000000000,0.036666667253333,0.341127544641495,8.582225799560547,8.241098254919052,0.617965321028322,0.441625996797221,1305.142758011815658,0.513614416122437,0.862893724441528
586,MX16032,586,1211.000000000000000,0.021024305891944,0.302561253309250,4.778026580810547,4.475465327501297,0.503549214043370,0.383370090476158,609.798098206520763,0.370055854320526,0.788787007331848
587,MX04009,587,23595.000000000000000,0.409635423220833,0.243992477655411,40.686779022216797,40.442786544561386,0.399329166747449,1.059830244230390,9422.171689406051883,0.299772381782532,0.381543219089508
588,MX05008,588,5376.000000000000000,0.093333334826667,0.283397406339645,14.447882652282715,14.164485245943069,0.424281584071218,0.627836789206287,2280.937795966868180,0.341823086142540,0.414035454392433
589,MX25009,589,6810.000000000000000,0.118229168558333,0.293860882520676,36.510490417480469,36.216629534959793,0.632302820214263,1.641544458820612,4305.982205659131978,0.370098814368248,0.648134422302246
590,MX07032,590,2019.000000000000000,0.035052083894167,0.252491950988770,18.613668441772461,18.361176490783691,0.629844060063420,0.977784438865954,1271.655157268045286,0.437309503555298,0.954067909717560
591,MX29012,591,689.000000000000000,0.011961805746944,0.540899932384491,6.536538600921631,5.995638668537140,0.916002448048059,0.603820678846800,631.125686705112798,0.710152328014374,1.502189826965332
592,MX21063,592,392.000000000000000,0.006805555664444,0.442844390869141,20.256767272949219,19.813922882080078,1.635401647842051,2.533157558608335,641.077445954083942,0.857277333736420,2.854188179969789
593,MX30066,593,1202.000000000000000,0.020868055889444,0.373745769262314,5.225553512573242,4.851807743310928,0.582960658655587,0.368801847102734,700.718711704015845,0.478691905736923,0.824965870380402
594,MX31032,594,3674.000000000000000,0.063784723242778,0.259278148412704,12.612332344055176,12.353054195642471,0.393165411146750,0.605903024425971,1444.489720553159259,0.307427719235420,0.372599992156029
595,MX26026,595,4882.000000000000000,0.084756945800556,0.315237194299698,21.987533569335938,21.672296375036240,0.771319027088159,1.342918641552852,3765.579490244393128,0.445364505052567,1.196795070171357
596,MX14036,596,1696.000000000000000,0.029444444915556,0.286515295505524,19.245435714721680,18.958920419216156,0.658198257609498,1.501875756498651,1116.304244905708401,0.363188773393631,0.707593888044357
597,MX22007,597,1505.000000000000000,0.026128472640278,0.474323511123657,37.564292907714844,37.089969396591187,2.151230421335593,3.266809326278508,3237.601784110067001,1.092281818389893,4.289331054687503
598,MX23002,598,63566.000000000000000,1.103576406546111,0.226386591792107,38.268123626708984,38.041737034916878,0.329308802868214,0.608557156518024,20932.843363120900904,0.289373919367790,0.318422451615334
599,MX30067,599,215.000000000000000,0.003732638948611,0.353096485137939,2.895270347595215,2.542173862457275,0.538058899308359,0.354168105527058,115.682663351297265,0.417161405086517,0.740862762928009
600,MX12030,600,1221.000000000000000,0.021197917005833,0.289651334285736,14.900861740112305,14.611210405826569,0.665922334236165,1.198531295613845,813.091170102357864,0.402791142463684,0.861325144767761
601,MX30068,601,301.000000000000000,0.005225694528056,0.737369537353516,24.330125808715820,23.592756271362305,4.937305707670127,4.817750886819461,1486.129018008708272,2.867907285690308,12.038516998291016
602,MX05009,602,14631.000000000000000,0.254010420730833,0.277714312076569,60.640411376953125,60.362697064876556,0.685640614423511,2.445357256412832,10031.607829630394917,0.331933408975601,0.670665740966797
603,MX13023,603,485.000000000000000,0.008420139023611,0.676648080348969,18.256431579589844,17.579783499240875,2.726084151464638,2.449982350538072,1322.150813460349582,1.919438719749451,5.159429645538331
604,MX07033,604,1025.000000000000000,0.017795139173611,0.319433689117432,2.162962913513184,1.843529224395752,0.428924573398218,0.163020002262814,439.647687733173257,0.387034863233566,0.515407752990723
605,MX21064,605,2148.000000000000000,0.037291667263333,0.316829144954681,19.358619689941406,19.041790544986725,0.487943086530355,0.733963598486992,1048.101749867202443,0.384183123707771,0.555677223205566
606,MX32010,606,25895.000000000000000,0.449565979415278,0.273625105619431,73.993423461914062,73.719798356294632,0.837478950011451,3.346096542246120,21686.517410546519386,0.357322722673416,0.817521023750305
607,MX20032,607,298.000000000000000,0.005173611193889,0.287166059017181,1.499393105506897,1.212227046489716,0.373701644023793,0.167888645574458,111.363089919090370,0.325698852539062,0.449183669686318
608,MX05010,608,2393.000000000000000,0.041545139553611,0.353455513715744,63.744239807128906,63.390784293413162,2.723587850683961,7.525803212793775,6517.545726686717899,0.620644748210907,4.050437450408936
609,MX07034,609,3709.000000000000000,0.064392362141389,0.282779395580292,15.150853157043457,14.868073761463165,0.757673222217061,0.981773495095821,2810.209981203078769,0.473360508680344,1.346019911766053
610,MX07035,610,451.000000000000000,0.007829861236389,0.489266216754913,7.087039947509766,6.597773730754852,0.925283064070403,0.710184043819745,417.302661895751839,0.717955529689789,1.355278134346008
611,MX26027,611,14236.000000000000000,0.247152781732222,0.290855437517166,29.340856552124023,29.050001114606857,0.380948421973699,0.773514767375974,5423.181735217575806,0.332442507147789,0.358895868062973
612,MX16033,612,1809.000000000000000,0.031406250502500,0.295277416706085,18.886764526367188,18.591487109661102,0.645572568300746,1.077016908034093,1167.840776056049663,0.425065666437149,0.862028086185456
613,MX08023,613,9319.000000000000000,0.161788197033056,0.285847902297974,10.407901763916016,10.122053861618042,0.384500882412335,0.385041014174288,3583.163723200551885,0.341242134571075,0.383709359169006
614,MX19017,614,36338.000000000000000,0.630868065649445,0.267071306705475,20.613344192504883,20.346272885799408,0.413499591804129,0.526143484788622,15025.748166978422887,0.328107386827469,0.462907916307449
615,MX19018,615,5359.000000000000000,0.093038195933056,0.376462370157242,106.457168579101562,106.080706208944321,3.753205230813744,8.421030991623033,20113.426831930857588,0.700580775737762,11.140043067932126
616,MX32012,616,4028.000000000000000,0.069930556674444,0.289852172136307,9.707586288452148,9.417734116315842,0.469043058910165,0.498553161653547,1889.305441290143563,0.369653388857841,0.542852389812470
617,MX19020,617,9786.000000000000000,0.169895836051667,0.306236833333969,76.081977844238281,75.775741010904312,0.493772945398205,1.306988073339713,4832.062043666836871,0.382842957973480,0.480061680078506
618,MX12031,618,1281.000000000000000,0.022239583689167,0.278825104236603,18.738309860229492,18.459484755992889,0.372502465833453,0.539382653829271,477.175658732652778,0.328212022781372,0.406977236270905
619,MX05011,619,13657.000000000000000,0.237100698238056,0.283299744129181,19.460618972778320,19.177319228649139,0.398031852031389,0.416623862738520,5435.921003192675016,0.352614402770996,0.442288225889206
620,MX32013,620,1002.000000000000000,0.017395833611667,0.351226538419724,19.771982192993164,19.420755654573441,0.932282525949374,1.605721175791882,934.147091001272656,0.493519544601440,1.688154840469360
621,MX19021,621,768.000000000000000,0.013333333546667,0.775665223598480,70.023925781250000,69.248260557651520,23.678194302211828,15.526801246922526,18184.853224098682404,23.031453132629395,45.082828903198248
622,MX21065,622,454.000000000000000,0.007881944570556,0.406885951757431,13.630019187927246,13.223133236169815,1.601694744326470,2.119834792001423,727.169413924217224,0.749413430690765,3.761485171318053
623,MX32014,623,24751.000000000000000,0.429704867986389,0.262488901615143,22.104740142822266,21.842251241207123,0.352822296471602,0.365664780419122,8732.704659968630949,0.318110555410385,0.357198774814606
624,MX12032,624,8473.000000000000000,0.147100696798056,0.242547512054443,14.236986160278320,13.994438648223877,0.351155396486264,0.370921746918538,2975.339674428111266,0.305518686771393,0.401349633932114
625,MX32016,625,2240.000000000000000,0.038888889511111,0.334241151809692,13.863445281982422,13.529204130172729,0.752768307551742,1.045939508079734,1686.201008915902094,0.448121592402458,1.247562110424043
626,MX26070,626,19968.000000000000000,0.346666672213333,0.265900701284409,40.838165283203125,40.572264581918716,0.418678907370077,1.095101907223985,8360.180422365698178,0.340329796075821,0.369860747456551
627,MX10006,627,11242.000000000000000,0.195173614233889,0.275861591100693,7.411280632019043,7.135419040918350,0.351514718359613,0.249997849177308,3951.728463798774555,0.320371210575104,0.356301641464233
628,MX19022,628,12795.000000000000000,0.222135420220833,0.286617308855057,9.729071617126465,9.442454308271408,0.401493187859544,0.339593784060432,5137.105338662869144,0.340753585100174,0.468186992406845
629,MX19023,629,2017.000000000000000,0.035017361671389,0.323262661695480,6.521666526794434,6.198403865098953,0.412218694144331,0.327219362591114,831.445106089115257,0.363308787345886,0.418778330087662
630,MX19024,630,6675.000000000000000,0.115885418520833,0.256354480981827,8.283615112304688,8.027260631322861,0.332013635443391,0.288588155292640,2216.191016584635236,0.301037073135376,0.327894800901413
631,MX19025,631,953.000000000000000,0.016545139153611,0.549855947494507,59.574157714843750,59.024301767349243,8.973298493049580,11.945590562360682,8551.553463876249225,3.231034040451050,28.287528610229508
632,MX08025,632,4570.000000000000000,0.079340279047222,0.286248564720154,10.347178459167480,10.060929894447327,0.395541651289365,0.467883567608200,1807.625346392396750,0.329681992530823,0.381042993068695
633,MX14079,633,1764.000000000000000,0.030625000490000,0.294334024190903,7.984487056732178,7.690153032541275,0.570685091827598,0.700907722932518,1006.688501983882247,0.385204315185547,0.776291370391846
634,MX28011,634,3699.000000000000000,0.064218751027500,0.265038281679153,9.172358512878418,8.907320231199265,0.413520106909307,0.345157382197926,1529.610875457525935,0.351571559906006,0.520503449440002
635,MX10007,635,4356.000000000000000,0.075625001210000,0.501443386077881,111.133804321289062,110.632360935211182,6.200246103388441,12.105185615620655,27008.272026360049495,1.893777728080750,13.569698810577393
636,MX28012,636,16421.000000000000000,0.285086810116944,0.274212241172791,17.853019714355469,17.578807473182678,0.402867681566266,0.551197804054005,6615.490198999649692,0.338920146226883,0.419913172721863
637,MX08026,637,2581.000000000000000,0.044809028494722,0.328044950962067,8.758769989013672,8.430725038051605,0.488963521910195,0.426210321322909,1262.014850050212090,0.400392621755600,0.575980961322784
638,MX26028,638,1959.000000000000000,0.034010417210833,0.286613523960114,12.627073287963867,12.340459764003754,0.363397564767513,0.519740642535109,711.895829379558791,0.321811735630035,0.341649484634399
639,MX14038,639,4184.000000000000000,0.072638890051111,0.265107601881027,8.885415077209473,8.620307475328445,0.336875201318677,0.257670235966866,1409.485842317346624,0.313551276922226,0.344873198866844
640,MX08027,640,36571.000000000000000,0.634913204603056,0.275000184774399,23.736537933349609,23.461537748575211,0.346255727919265,0.464004275366121,12662.918225735438682,0.319549381732941,0.341334551572800
641,MX14039,641,754.000000000000000,0.013090277987222,3.055460691452026,113.496986389160156,110.441525697708130,48.603388200071819,14.860091092815770,36646.954702854149218,49.608221054077148,63.963115310668940
642,MX24017,642,18993.000000000000000,0.329739588609167,0.276479601860046,7.536417961120605,7.259938359260559,0.400898715243146,0.255392523013951,7614.269298613074170,0.352232545614243,0.449294662475586
643,MX08028,643,32483.000000000000000,0.563940981245278,0.293797165155411,48.074928283691406,47.781131118535995,0.384533265344145,0.526870068838528,12490.794058173873054,0.350233435630798,0.396064502000809
644,MX19026,644,611.000000000000000,0.010607639058611,2.738146066665649,114.369972229003906,111.631826162338257,34.110046768344596,16.272113228351316,20841.238575458548439,36.669395446777344,49.465835571289062
645,MX21066,645,754.000000000000000,0.013090277987222,0.294043958187103,8.628870010375977,8.334826052188873,0.597171313724721,0.730848759651209,450.267170548439367,0.380661249160767,0.932603150606156
646,MX32017,646,4138.000000000000000,0.071840278927222,0.309858322143555,73.598289489746094,73.288431167602539,2.291249616270534,6.778354198646635,9481.190912127471165,0.474798694252968,3.405426263809207
647,MX20034,647,154.000000000000000,0.002673611153889,0.290487676858902,4.031800746917725,3.741313070058823,0.618079573496595,0.639466535435081,95.184254318475624,0.396667689085007,1.250719380378725
648,MX20033,648,19.000000000000000,0.000329861116389,2.028291702270508,8.473248481750488,6.444956779479980,4.680822924563759,2.095176459328466,88.935635566711426,4.379483222961426,7.386126899719238
649,MX10008,649,6761.000000000000000,0.117378474100278,0.278027653694153,52.223152160644531,51.945124506950378,0.636104319557037,2.085444527058905,4300.701304525128762,0.341838389635086,0.554418325424194
650,MX21067,650,1130.000000000000000,0.019618055869444,0.357427418231964,23.887132644653320,23.529705226421356,0.901389965415002,1.616417760572107,1018.570660918952171,0.536569684743881,1.364890539646149
651,MX08029,651,50023.000000000000000,0.868454875006389,0.268703550100327,44.951942443847656,44.683238893747330,0.339341648466485,0.451713112808327,16974.887281238956348,0.315448731184006,0.340809005498886
652,MX10009,652,28487.000000000000000,0.494565980135278,0.269853651523590,17.144563674926758,16.874710023403168,0.335341293259753,0.290275713185715,9552.867421090591961,0.315542310476303,0.337114155292511
653,MX11015,653,5079.000000000000000,0.088177084744167,0.360550820827484,73.288818359375000,72.928267538547516,1.966593356043554,4.934280804159574,9988.327655345210587,0.678850591182709,3.006850290298462
654,MX25011,654,13163.000000000000000,0.228524309211944,0.287533372640610,59.103034973144531,58.815501600503922,1.202908673554415,3.315463511716036,15833.886869996767928,0.512825191020966,1.691776847839357
655,MX26029,655,41602.000000000000000,0.722256956000556,0.284154385328293,56.461940765380859,56.177786380052567,0.547323417199511,2.026531304013339,22769.748802334048378,0.332185760140419,0.412696009874344
656,MX08030,656,9575.000000000000000,0.166232641548611,0.271352976560593,12.862797737121582,12.591444760560989,0.338600728051159,0.303216717448404,3242.101971089843573,0.313773095607758,0.343493950366974
657,MX20035,657,22.000000000000000,0.000381944450556,0.421582937240601,2.134108304977417,1.712525367736816,1.091533804481680,0.440799969059934,24.013743698596951,1.018410027027130,1.683731770515442
658,MX28013,658,6181.000000000000000,0.107309029494722,0.269198447465897,23.964664459228516,23.695466011762619,0.508905461465749,0.720038215573067,3145.544657319793259,0.396042495965958,0.667245626449585
659,MX05012,659,15458.000000000000000,0.268368059849445,0.299163758754730,8.003721237182617,7.704557478427887,0.380126901731514,0.196838358142699,5876.001646965740292,0.358454108238220,0.405901560187340
660,MX08031,660,30398.000000000000000,0.527743063999444,0.274335533380508,20.901128768920898,20.626793235540390,0.392462091728396,0.500565900134795,11930.062664359780683,0.329695090651512,0.416822049021721
661,MX28014,661,12596.000000000000000,0.218680559054444,0.304845809936523,26.277509689331055,25.972663879394531,0.403060652012768,0.600200148440675,5076.951972752821348,0.359749406576157,0.423385441303253
662,MX20036,662,1373.000000000000000,0.023836805936944,0.279681056737900,4.578433990478516,4.298752933740616,0.362916254619569,0.185512705308516,498.284017592668761,0.334233343601227,0.391936701536179
663,MX09005,663,432.000000000000000,0.007500000120000,5.570082187652588,105.916885375976562,100.346803188323975,66.639160851637527,21.540836877586106,28788.117487907413306,71.634750366210938,88.477066040039062
664,MX28015,664,2199.000000000000000,0.038177083944167,0.385625749826431,25.924064636230469,25.538438886404037,0.928058165103101,1.910045902138580,2040.799905061718846,0.540389537811279,1.145080423355103
665,MX30069,665,860.000000000000000,0.014930555794444,0.357428491115570,13.676081657409668,13.318653166294098,0.854009820867416,1.137212437927271,734.448445945977596,0.571370571851730,1.296479678153992
666,MX31033,666,2935.000000000000000,0.050954861926389,0.275494188070297,23.486587524414062,23.211093336343765,0.584631377813966,1.218825451547503,1715.893093883989650,0.336024850606918,0.664662826061249
667,MX04005,667,6321.000000000000000,0.109739585089167,0.275823444128036,28.697156906127930,28.421333461999893,0.490576396197238,1.023395058881498,3100.933400362743214,0.328231602907181,0.507576167583466
668,MX21068,668,252.000000000000000,0.004375000070000,0.378982365131378,2.376801729202271,1.997819364070892,0.611889421230270,0.277253999768890,154.196134150028143,0.505755752325058,0.896981549263001
669,MX26030,669,90117.000000000000000,1.564531275032500,0.265563219785690,142.023010253906250,141.757447034120560,1.111085572692246,5.661414745544201,100127.698554307091399,0.348010987043381,0.668840086460114
670,MX20028,670,1551.000000000000000,0.026927083764167,0.256885647773743,11.018963813781738,10.762078166007996,0.577674118435666,0.766019430965198,895.972557693718272,0.395194023847580,0.818628489971161
671,MX20039,671,1613.000000000000000,0.028003472670278,0.301320374011993,40.426399230957031,40.125078856945038,2.332886454634834,5.501405063547098,3762.945851325987860,0.508475899696350,5.439859962463372
672,MX20043,672,2305.000000000000000,0.040017361751389,0.291115641593933,36.810428619384766,36.519312977790833,1.622619604663580,3.919378274089743,3740.138188749551318,0.577064454555511,2.275431728363035
673,MX20397,673,1700.000000000000000,0.029513889361111,0.285696059465408,28.349544525146484,28.063848465681076,0.930219263714903,2.038805881485013,1581.372748315334547,0.433655053377151,1.277762222290039
674,MX20549,674,2386.000000000000000,0.041423611773889,0.255742073059082,4.894128322601318,4.638386249542236,0.404508414669688,0.341858723666772,965.157077401875426,0.322360619902611,0.496401205658913
675,MX05013,675,5939.000000000000000,0.103107640538611,0.299638420343399,28.051107406616211,27.751468986272812,0.444864424185473,0.836809254507537,2642.049815237522125,0.370781481266022,0.415588420629501
676,MX10010,676,24375.000000000000000,0.423177090104167,0.273233205080032,9.021315574645996,8.748082369565964,0.332192511746823,0.154697883174907,8097.192473828820766,0.322591692209244,0.340948563814163
677,MX16034,677,5667.000000000000000,0.098385418240833,0.273484259843826,25.196474075317383,24.922989815473557,0.724423043886060,1.576904811131033,4105.305389702303728,0.382393032312393,1.020529413223267
678,MX19047,678,890.000000000000000,0.015451389136111,0.359996616840363,23.878740310668945,23.518743693828583,1.413884734638622,2.637850450696461,1258.357413828373637,0.649838358163834,2.610792374610902
679,MX28016,679,10935.000000000000000,0.189843753037500,0.272512376308441,6.870507240295410,6.597994863986969,0.358932862918998,0.252592346017963,3924.930856019239400,0.323589026927948,0.389314240217209
680,MX08032,680,10085.000000000000000,0.175086808356944,0.288609474897385,59.205562591552734,58.916953116655350,0.828572760206906,3.205286970625018,8356.156286686647945,0.335514664649963,0.553138053417206
681,MX30070,681,5173.000000000000000,0.089809029214722,0.274245321750641,6.949485778808594,6.675240457057953,0.391485178065029,0.191788775845864,2025.152826130397443,0.362670600414276,0.462641787528992
682,MX19028,682,2301.000000000000000,0.039947917305833,0.334707528352737,14.744164466857910,14.409456938505173,0.549417865905800,0.670031276650975,1264.210509449244682,0.440253138542175,0.727423250675201
683,MX31034,683,474.000000000000000,0.008229166798333,0.361067354679108,4.772716522216797,4.411649167537689,0.580289788575615,0.535225593925154,275.057359784841481,0.426700070500374,0.767167752981186
684,MX31035,684,606.000000000000000,0.010520833501667,0.320717245340347,7.471482753753662,7.150765508413315,0.605350003334948,0.766336927537562,366.842102020978587,0.407125800848007,0.842333048582077
685,MX31036,685,992.000000000000000,0.017222222497778,0.282307565212250,8.659578323364258,8.377270758152008,0.498798406863165,0.704434861555040,494.808019608259713,0.348558753728867,0.538776212930679
686,MX21057,686,319.000000000000000,0.005538194533056,0.423001289367676,6.135268211364746,5.712266921997070,0.826882019405455,0.477531162179776,263.775364190339985,0.750351965427399,1.141403460502624
687,MX04006,687,38534.000000000000000,0.668993066259445,0.243793293833733,21.256624221801758,21.012830927968025,0.334140673335058,0.366649819783910,12875.776706293136158,0.304538205265999,0.335342904925346
688,MX14040,688,3787.000000000000000,0.065746528829722,0.277174651622772,11.462278366088867,11.185103714466095,0.424507301827047,0.433547814531597,1607.609152019027078,0.347015261650085,0.506062138080597
689,MX26031,689,6455.000000000000000,0.112065974015278,0.279929131269455,3.951671838760376,3.671742707490921,0.328629219582799,0.097359871468651,2121.301612406964523,0.322088032960892,0.337357223033905
690,MX18005,690,11337.000000000000000,0.196822919815833,0.261837214231491,8.314102172851562,8.052264958620071,0.332228144677615,0.186641739767130,3766.470476210122342,0.315498888492584,0.347458046674728
691,MX19029,691,653.000000000000000,0.011336805736944,0.349263429641724,18.701965332031250,18.352701902389526,0.969288913433254,1.837551300389171,632.945660471914948,0.529596984386444,1.224796104431152
692,MX29013,692,1718.000000000000000,0.029826389366111,0.477254003286362,46.513538360595703,46.036284357309341,2.132038769313286,4.298631167569988,3662.842605680224551,0.923783272504807,3.712043499946594
693,MX12033,693,1349.000000000000000,0.023420139263611,0.292878597974777,9.249133110046387,8.956254512071609,0.536211166207749,0.686700055073732,723.348863214253697,0.354539602994919,0.842681050300598
694,MX16036,694,482.000000000000000,0.008368055689444,0.342761993408203,8.613800048828125,8.271038055419922,0.847071474085705,1.098650956717577,408.288450509309939,0.451212227344513,1.654131639003754
695,MX11016,695,632.000000000000000,0.010972222397778,0.564745247364044,18.225639343261719,17.660894095897675,1.548950430713122,1.726662085610552,978.936672210693018,0.990717053413391,2.848370909690856
696,MX16037,696,997.000000000000000,0.017309028054722,0.315488249063492,3.944749593734741,3.629261344671249,0.556288736036334,0.390916697246993,554.619869828224637,0.424131274223328,0.872452366352081
697,MX32018,697,1882.000000000000000,0.032673611633889,0.287781953811646,7.329302310943604,7.041520357131958,0.473239875641057,0.423984756114899,890.637445956468923,0.379106193780899,0.613169240951538
698,MX21069,698,1148.000000000000000,0.019930555874444,0.429561853408813,11.690571784973145,11.261009931564331,1.067953503843176,0.980367026699944,1226.010622411966551,0.708735257387161,2.164788484573364
699,MX26032,699,4423.000000000000000,0.076788195673056,0.287407457828522,10.063494682312012,9.776087224483490,0.347405810095244,0.300704713289345,1536.575898051265312,0.326031655073166,0.345121115446091
700,MX13024,700,1515.000000000000000,0.026302083754167,0.362250775098801,6.569080829620361,6.206830054521561,0.955185274047032,0.675130051517985,1447.105690181253294,0.678805410861969,1.729748106002808
701,MX26033,701,9201.000000000000000,0.159739585889167,0.290032684803009,33.348346710205078,33.058314025402069,0.628542457604694,1.551142157885600,5783.219152420791033,0.368526279926300,0.777718484401703
702,MX21070,702,831.000000000000000,0.014427083564167,0.368760555982590,6.959049701690674,6.590289145708084,0.790502880741399,0.678878843008964,656.907893896102792,0.526031553745270,1.429490447044373
703,MX30071,703,1001.000000000000000,0.017378472500278,0.354095876216888,18.174789428710938,17.820693552494049,1.199005182925519,2.119589350077083,1200.204188108444214,0.678961157798767,1.529655694961548
704,MX21071,704,1244.000000000000000,0.021597222567778,0.433419167995453,29.422784805297852,28.989365637302399,2.141760170268092,3.549261907137074,2664.349651813506625,0.945355743169785,4.773224306106571
705,MX20040,705,230.000000000000000,0.003993055619444,0.317281544208527,2.779645919799805,2.462364375591278,0.560469963887463,0.327446263332634,128.908091694116564,0.453999549150467,0.911405491828918
706,MX13025,706,1460.000000000000000,0.025347222627778,0.343098431825638,4.084379673004150,3.741281241178513,0.504558054531274,0.267960181531118,736.654759615659373,0.427968144416809,0.678016132116318
707,MX20041,707,730.000000000000000,0.012673611313889,0.320580452680588,9.909331321716309,9.588750869035721,0.763703115059906,0.966684805009303,557.503273993731000,0.486877843737602,1.223223328590393
708,MX30072,708,2602.000000000000000,0.045173611833889,0.317959845066071,6.236656665802002,5.918696820735931,0.439783904446628,0.319110974348519,1144.317719370126497,0.375787585973740,0.517702382802963
709,MX13026,709,538.000000000000000,0.009340277927222,0.344963759183884,2.327936172485352,1.982972413301468,0.511906426413795,0.199721060455198,275.405657410621529,0.438238129019737,0.718204516172409
710,MX07037,710,1472.000000000000000,0.025555555964444,0.305876672267914,16.140073776245117,15.834197103977203,0.838985137803399,1.094503596859689,1234.986122846604076,0.608213454484940,1.210791397094727
711,MX13027,711,1066.000000000000000,0.018506944740556,0.318836033344269,3.009614229202271,2.690778195858002,0.473738016375458,0.245671592754993,505.004725456237736,0.397632941603661,0.647537350654602
712,MX21072,712,235.000000000000000,0.004079861176389,0.407119631767273,2.382002115249634,1.974882483482361,0.688128538080986,0.314389071647434,161.710206449031716,0.591980993747711,1.074344730377197
713,MX24018,713,361.000000000000000,0.006267361211389,0.414726376533508,6.570329666137695,6.155603289604187,0.830299588451755,0.683721569049694,299.738151431083679,0.656451880931854,1.146688461303711
714,MX21073,714,681.000000000000000,0.011822916855833,0.307950049638748,7.824719429016113,7.516769379377365,0.571394728100072,0.761625165224214,389.119809836149159,0.382670819759369,0.666846752166748
715,MX21150,715,888.000000000000000,0.015416666913333,0.368041187524796,7.719117164611816,7.351075977087021,0.633164886687254,0.575687886738092,562.250419378281549,0.487865179777145,0.853815817832947
716,MX15035,716,595.000000000000000,0.010329861276389,0.976720452308655,44.162345886230469,43.185625433921814,9.892621534111118,10.525222896979260,5886.109812796114966,4.531848430633545,27.162717056274417
717,MX08033,717,4477.000000000000000,0.077725695688056,0.288546979427338,2.863930463790894,2.575383484363556,0.344148113801060,0.092322142852767,1540.751105487343693,0.331373006105423,0.358600389957428
718,MX21074,718,855.000000000000000,0.014843750237500,0.483582824468613,59.140499114990234,58.656916290521622,5.133063828492022,7.549951232807429,4388.769573360678805,2.343324899673462,13.609994125366212
719,MX14041,719,1560.000000000000000,0.027083333766667,0.272904247045517,13.010303497314453,12.737399250268936,0.533447875388158,0.850509535589865,832.178685605525743,0.352008551359177,0.691380310058594
720,MX14042,720,3904.000000000000000,0.067777778862222,0.263235628604889,15.723144531250000,15.459908902645111,0.402521040847861,0.684706279429136,1571.442143470048904,0.313927620649338,0.428729203343392
721,MX13028,721,1979.000000000000000,0.034357639438611,0.362240523099899,17.766105651855469,17.403865128755569,0.984416797945389,1.468615072137741,1948.160843133924118,0.604104578495026,1.407020831108093
722,MX26034,722,2252.000000000000000,0.039097222847778,0.291538149118423,5.477530479431152,5.185992330312729,0.358187416902550,0.225190362189054,806.638062864541894,0.327669575810432,0.363113442063332
723,MX16038,723,10158.000000000000000,0.176354169488333,0.242692843079567,17.535039901733398,17.292347058653831,0.410616624922141,0.751164777937742,4171.043675959104803,0.306278020143509,0.447906002402306
724,MX21075,724,375.000000000000000,0.006510416770833,0.336760699748993,6.635412693023682,6.298651993274689,0.771747766097387,0.810807814163594,289.405412286520232,0.430911958217621,1.623003125190735
725,MX30073,725,3489.000000000000000,0.060572917635833,0.296483218669891,20.254755020141602,19.958271801471710,0.665845278333408,1.215795836813363,2323.134176105259940,0.409626483917236,0.893594777584076
726,MX29014,726,871.000000000000000,0.015121528019722,0.466308861970901,12.264348030090332,11.798039168119431,1.068207153359730,1.342101007409527,930.408430576324918,0.648788571357727,1.923855423927307
727,MX15036,727,1172.000000000000000,0.020347222547778,0.618790805339813,21.037778854370117,20.418988049030304,2.400095058179148,2.752967052370226,2812.911408185961136,1.502823293209076,5.182594776153580
728,MX21076,728,1584.000000000000000,0.027500000440000,0.335328340530396,8.920855522155762,8.585527181625366,0.530320768366860,0.474873612516729,840.028097093106112,0.429732471704483,0.697285556793213
729,MX21077,729,209.000000000000000,0.003628472280278,0.396258533000946,2.920037984848022,2.523779451847076,0.586411272224627,0.332700001038353,122.559955894947038,0.494938850402832,0.763739216327667
730,MX31037,730,987.000000000000000,0.017135416940833,0.289615631103516,9.620785713195801,9.331170082092285,0.451781864858325,0.672463374557101,445.908700615167163,0.338825106620789,0.453145289421082
731,MX13029,731,3298.000000000000000,0.057256945360556,0.360849410295486,34.262020111083984,33.901170700788498,1.085678250212031,1.796173221403792,3580.566869199279608,0.620119154453278,1.888116955757142
732,MX30074,732,93.000000000000000,0.001614583359167,1.343400716781616,26.489999771118164,25.146599054336548,5.563703443414421,5.017610869686889,517.424420237541199,3.178527832031250,13.387813568115233
733,MX27008,733,18020.000000000000000,0.312847227227778,0.311209857463837,14984.252929687500000,14983.941719830036163,7.334375788476439,179.020871891891801,132165.451708345441148,0.881620287895203,4.417978429794312
734,MX22008,734,1939.000000000000000,0.033663194983056,0.497411191463470,15.603935241699219,15.106524050235748,2.145767351703708,1.937830831640191,4160.642894953490213,1.551622867584229,4.174049758911134
735,MX16039,735,396.000000000000000,0.006875000110000,0.366115570068359,5.698833942413330,5.332718372344971,0.701094076714733,0.552932165842257,277.633254379034156,0.532268434762955,1.037185132503510
736,MX07039,736,1668.000000000000000,0.028958333796667,0.344647854566574,11.767338752746582,11.422690898180008,0.685089548089379,0.658301736246374,1142.729366213084177,0.513887047767639,1.017091977596283
737,MX17009,737,936.000000000000000,0.016250000260000,0.572074294090271,15.611007690429688,15.038933396339417,1.373689887742711,1.523764195609353,1285.773734927177429,0.773746788501740,2.717056989669800
738,MX21078,738,342.000000000000000,0.005937500095000,0.364907681941986,4.020002365112305,3.655094683170319,0.744754206367404,0.488630228715056,254.705938577652006,0.596959412097931,1.239301013946534
739,MX21079,739,250.000000000000000,0.004340277847222,0.430964767932892,8.438213348388672,8.007248580455780,1.233963118672370,1.262635742766312,308.490779668092387,0.668317168951035,2.779965686798095
740,MX12034,740,6526.000000000000000,0.113298612923889,0.283386677503586,12.287285804748535,12.003899127244949,0.458706333169242,0.524618709057907,2993.517530262471155,0.358153998851776,0.557945072650909
741,MX15037,741,697.000000000000000,0.012100694638056,1.405151724815369,51.558433532714844,50.153281807899475,12.015102674663501,11.154965675410688,8374.526564240459265,7.812561511993408,29.788703155517574
742,MX07038,742,1523.000000000000000,0.026440972645278,0.307610660791397,10.776701927185059,10.469091266393661,0.653767605400837,0.617177165276695,995.688063025474889,0.518829286098480,0.963250100612640
743,MX07040,743,1912.000000000000000,0.033194444975556,0.247555866837502,25.993631362915039,25.746075496077538,0.900026096826007,1.891405330870759,1720.849897131324497,0.484805643558502,1.329228842258454
744,MX31038,744,3760.000000000000000,0.065277778822222,0.280597448348999,29.191511154174805,28.910913705825806,0.765346030502560,1.701411482033146,2877.701074689626694,0.375791519880295,0.972592735290527
745,MX30075,745,1861.000000000000000,0.032309028294722,0.352146357297897,14.139424324035645,13.787277966737747,0.815794086885478,0.838986852368255,1518.192795693875269,0.656343638896942,1.149288177490234
746,MX08034,746,15372.000000000000000,0.266875004270000,0.265788495540619,9.743407249450684,9.477618753910065,0.339644973759784,0.220484585019773,5221.022536635402503,0.320560097694397,0.345590004324913
747,MX12035,747,2812.000000000000000,0.048819445225556,0.297479510307312,27.589590072631836,27.292110562324524,1.417023246532903,3.211776749522536,3984.669369250523687,0.470222711563110,2.252062296867372
748,MX12036,748,948.000000000000000,0.016458333596667,0.258482843637466,5.877366542816162,5.618883699178696,0.454099208619524,0.426304151720788,430.486049771308956,0.347326338291168,0.600401484966278
749,MX30076,749,776.000000000000000,0.013472222437778,0.330957710742950,1.311759948730469,0.980802237987518,0.422611926019806,0.108389439362788,327.946854591369402,0.387839153409004,0.522613912820816
750,MX12081,750,1175.000000000000000,0.020399305881944,0.262344151735306,3.110651969909668,2.848307818174362,0.370522383984099,0.173073888451886,435.363801181316262,0.323483258485794,0.479114043712616
751,MX26035,751,11790.000000000000000,0.204687503275000,0.288610875606537,19.271903991699219,18.983293116092682,0.422709162334855,0.662921589060402,4983.741023927941569,0.340700685977936,0.410702854394913
752,MX16040,752,874.000000000000000,0.015173611353889,0.364799141883850,13.039506912231445,12.674707770347595,0.834705650738229,1.166956087320776,729.532738745212328,0.529671251773834,1.207745790481568
753,MX10011,753,12994.000000000000000,0.225590281387222,0.265663951635361,5.412363529205322,5.146699577569962,0.340075669005427,0.162196105191462,4418.943243056522988,0.319973155856133,0.346780380606651
754,MX11017,754,4255.000000000000000,0.073871528959722,0.459943652153015,83.363853454589844,82.903909802436829,5.993764457530329,10.959870149463109,25503.467766791549366,1.743301510810852,16.832633972167965
755,MX16041,755,635.000000000000000,0.011024305731944,0.369469314813614,4.862773895263672,4.493304580450058,0.775404345566832,0.551611928808991,492.381759434938431,0.598703205585480,1.411661672592163
756,MX15038,756,394.000000000000000,0.006840277887222,0.609054207801819,14.814028739929199,14.204974532127380,2.176631303910677,2.458059100043649,857.592733740806807,0.860045969486237,5.767012214660644
757,MX30077,757,4560.000000000000000,0.079166667933333,0.304351955652237,15.987595558166504,15.683243602514267,0.518968449800945,0.822546923452561,2366.496131092307678,0.388948336243629,0.577977925539017
758,MX23003,758,4307.000000000000000,0.074774306751944,0.266636103391647,44.153621673583984,43.886985570192337,0.711093983933630,2.159779322649801,3062.681788802145547,0.331956058740616,0.609313440322876
759,MX19030,759,2886.000000000000000,0.050104167468333,0.271883040666580,8.008033752441406,7.736150711774826,0.356077340509605,0.332364670896730,1027.639204710720151,0.319211825728416,0.364438891410828
760,MX21081,760,1515.000000000000000,0.026302083754167,0.266083210706711,3.550780057907104,3.284696847200394,0.357433240720542,0.219712737231168,541.511359691621010,0.313209891319275,0.386225235462189
761,MX21082,761,528.000000000000000,0.009166666813333,0.361927270889282,11.266815185546875,10.904887914657593,1.082614738042609,1.420138495622261,571.620581686497303,0.561381727457047,2.204346323013306
762,MX12037,762,1046.000000000000000,0.018159722512778,0.295643955469131,4.497763633728027,4.202119678258896,0.424995009005640,0.286734783346533,444.544779419899101,0.361712560057640,0.504821479320526
763,MX30078,763,889.000000000000000,0.015434028024722,0.328704893589020,5.492693901062012,5.163989007472992,0.469176275087825,0.356682633914203,417.097708553076131,0.392868161201477,0.591948771476746
764,MX30079,764,744.000000000000000,0.012916666873333,0.330125212669373,5.432366371154785,5.102241158485413,0.514048646734927,0.390847745775875,382.452193170785620,0.424907401204109,0.620310235023499
765,MX07042,765,467.000000000000000,0.008107639018611,0.342801421880722,5.607364654541016,5.264563232660294,0.669096122972460,0.648018394448328,312.467889428138847,0.468983203172684,0.933962094783783
766,MX30083,766,3341.000000000000000,0.058003473150278,0.313028842210770,2.734387397766113,2.421358555555344,0.419811119632926,0.151825678040687,1402.588950693607330,0.377524077892303,0.516889989376068
767,MX30080,767,641.000000000000000,0.011128472400278,0.399499714374542,8.314070701599121,7.914570987224579,0.748578874071749,0.660960551336051,479.839058279991093,0.582126438617706,1.038476943969727
768,MX30082,768,757.000000000000000,0.013142361321389,0.867592632770538,15.559556007385254,14.691963374614716,2.908996200860727,1.993606656512455,2202.110124051570438,2.457870006561279,4.519015216827392
769,MX30081,769,258.000000000000000,0.004479166738333,0.509203910827637,24.300765991210938,23.791562080383301,2.163134141716846,3.294339620328426,558.088608562946320,0.752401888370514,5.420812368392945
770,MX31039,770,693.000000000000000,0.012031250192500,0.372064411640167,8.159482002258301,7.787417590618134,0.623301798002029,0.739693391545960,431.948146015405769,0.440434902906418,0.789308905601503
771,MX30084,771,1644.000000000000000,0.028541667123333,0.404284358024597,9.349392890930176,8.945108532905579,0.770673363639492,0.611304974462719,1266.987009823324115,0.645693093538284,1.036594104766846
772,MX13030,772,2434.000000000000000,0.042256945120556,0.366468042135239,28.333950042724609,27.967482000589371,1.552491060758872,2.402089504302354,3778.763241887094864,0.847718060016632,3.018724656105044
773,MX20065,773,355.000000000000000,0.006163194543056,0.275636464357376,2.432134389877319,2.156497925519943,0.423679210518447,0.289664447489337,150.406119734048815,0.332679003477097,0.580666160583496
774,MX21083,774,2774.000000000000000,0.048159722992778,0.325998157262802,2.949113130569458,2.623114973306656,0.485004166464798,0.235048177596300,1345.401557773350532,0.412480205297470,0.646012264490128
775,MX07043,775,616.000000000000000,0.010694444615556,0.358531028032303,5.546301841735840,5.187770813703537,0.551594429153513,0.374754679514351,339.782168358563865,0.487568452954292,0.670760959386826
776,MX29015,776,802.000000000000000,0.013923611333889,0.575442969799042,14.780735969543457,14.205292999744415,2.021557587563546,2.261938412221958,1621.289185225964047,1.087287724018097,5.044112110137940
777,MX30085,777,679.000000000000000,0.011788194633056,0.659037113189697,26.309907913208008,25.650870800018311,3.850941808480050,4.236684765790962,2614.789487957953952,2.261270523071289,8.754437255859383
778,MX07044,778,1370.000000000000000,0.023784722602778,0.385494679212570,10.458571434020996,10.073076754808426,0.853453101598433,0.812157384635390,1169.230749189853213,0.613189786672592,1.406113374233247
779,MX15039,779,1610.000000000000000,0.027951389336111,0.590511202812195,59.370574951171875,58.780063748359680,8.809857613292541,14.058851026056832,14183.870757400991351,1.777296006679535,35.154444503784184
780,MX15040,780,563.000000000000000,0.009774305711944,0.498480707406998,24.327962875366211,23.829482167959213,2.594281361486308,3.112939849768502,1460.580406516791300,1.443728327751160,5.810066318511963
781,MX15041,781,488.000000000000000,0.008472222357778,0.334787994623184,6.654392719268799,6.319604724645615,0.667761928722506,0.624610302284993,325.867821216583081,0.474886104464531,1.134200775623322
782,MX07045,782,524.000000000000000,0.009097222367778,0.364916622638702,3.220685005187988,2.855768382549286,0.566560121267352,0.335197894450643,296.877503544092463,0.482436910271645,0.686815321445465
783,MX29016,783,222.000000000000000,0.003854166728333,0.490220397710800,18.433572769165039,17.943352371454239,1.643263415576102,2.773568695553817,364.804478257894573,0.753093570470810,3.037484574317933
784,MX21084,784,97.000000000000000,0.001684027804722,0.450355738401413,3.747700691223145,3.297344952821732,0.778517877318195,0.556881066405554,75.516234099864960,0.553679227828979,1.219532561302186
785,MX15042,785,1671.000000000000000,0.029010417130833,0.562700808048248,47.985469818115234,47.422769010066986,2.709821847082967,3.176238821814393,4528.112306475637524,1.914853453636169,4.860033512115479
786,MX06006,786,1854.000000000000000,0.032187500515000,0.291029602289200,5.362139225006104,5.071109622716904,0.390277387720996,0.263177914687609,723.574276834726561,0.351976156234741,0.420937722921371
787,MX14044,787,1008.000000000000000,0.017500000280000,0.606375634670258,38.380691528320312,37.774315893650055,4.084455167135555,5.252331444156551,4117.130808472639728,2.044569969177246,10.250907611846928
788,MX14045,788,4162.000000000000000,0.072256945600556,0.296624958515167,15.038408279418945,14.741783320903778,0.787067550705753,0.756660368177205,3275.775146037345621,0.570230633020401,1.364360284805298
789,MX16042,789,620.000000000000000,0.010763889061111,0.392835170030594,11.099497795104980,10.706662625074387,0.951149729134575,1.259502446883075,589.712832063436281,0.528370499610901,1.872906982898712
790,MX20042,790,2747.000000000000000,0.047690972985278,0.253454267978668,7.914889812469482,7.661435544490814,0.348956559738942,0.303634035179400,958.583669602872305,0.311038941144943,0.369973796606064
791,MX18006,791,2467.000000000000000,0.042829861796389,0.276060283184052,27.794778823852539,27.518718540668488,0.702599068402182,1.938671720676913,1733.311901748183800,0.343250691890717,0.774495911598206
792,MX31040,792,2289.000000000000000,0.039739583969167,0.286593198776245,23.483425140380859,23.196831941604614,0.666403072403216,1.454637572342114,1525.396632730960846,0.374668776988983,0.736291396617890
793,MX09006,793,112.000000000000000,0.001944444475556,57.229358673095703,109.762199401855469,52.532840728759766,79.674567903791100,9.306201982636574,8923.551605224603918,79.473602294921875,91.363329315185553
794,MX09007,794,563.000000000000000,0.009774305711944,17.256071090698242,171.165679931640625,153.909608840942383,95.722343204288279,23.762295981457939,53891.679224014304054,97.239585876464844,121.430439758300793
795,MX21085,795,2647.000000000000000,0.045954861846389,0.284240812063217,34.988021850585938,34.703781038522720,1.177192586748204,2.686798926777598,3116.028777122496649,0.488666266202927,1.890766072273255
796,MX13031,796,2212.000000000000000,0.038402778392222,0.300862938165665,7.455860614776611,7.154997676610947,0.423379778269187,0.350886141957225,936.516069531440962,0.362984597682953,0.484356790781021
797,MX16043,797,587.000000000000000,0.010190972385278,0.389480561017990,22.345252990722656,21.955772429704666,2.740085797273323,4.261134948411741,1608.430362999440376,0.949405729770660,7.942125225067128
798,MX18007,798,2527.000000000000000,0.043871528479722,0.273044764995575,28.874227523803711,28.601182758808136,0.627343186675960,1.624900301681883,1585.296232730151814,0.341748625040054,0.636098182201386
799,MX30086,799,1037.000000000000000,0.018003472510278,0.330373406410217,17.078973770141602,16.748600363731384,0.926138204485609,1.266578797964693,960.405318051576501,0.571494340896606,1.658672761917114
800,MX27009,800,2915.000000000000000,0.050607639698611,0.461162537336349,13.791129112243652,13.329966574907303,0.904614721951722,0.666182422500233,2636.951914489268347,0.769452214241028,1.216916990280151
801,MX30088,801,359.000000000000000,0.006232638988611,0.370832890272141,4.098338603973389,3.727505713701248,0.556742225433791,0.400705559168773,199.870458930731019,0.444411844015121,0.696500551700592
802,MX14046,802,2621.000000000000000,0.045503472950278,0.322270780801773,35.427757263183594,35.105486482381821,0.963073480224756,2.272666551191597,2524.215591669084461,0.506735742092133,1.312100052833557
803,MX32019,803,3600.000000000000000,0.062500001000000,0.286661624908447,24.314550399780273,24.027888774871826,0.613004774393306,1.311501126383247,2206.817187815901889,0.368151441216469,0.748568946123123
804,MX27010,804,1817.000000000000000,0.031545139393611,0.672906816005707,158.480545043945312,157.807638227939606,2.406439929921747,6.543565810834066,4372.501352667814899,1.644692897796631,3.125448560714722
805,MX21086,805,1028.000000000000000,0.017847222507778,0.319606512784958,2.226532936096191,1.906926423311234,0.476787079256100,0.217747908319266,490.137117475270941,0.407681912183762,0.667576897144318
806,MX22009,806,5958.000000000000000,0.103437501655000,0.273775786161423,15.021735191345215,14.747959405183792,0.461557347783909,0.655973612025802,2749.958678096529184,0.363509133458138,0.551610600948334
807,MX15044,807,23.000000000000000,0.000399305561944,8.915430068969727,70.734359741210938,61.818929672241211,25.457745800847594,15.721033772949074,585.528153419494629,21.366363525390625,46.694887542724615
808,MX30089,808,1527.000000000000000,0.026510417090833,0.365050733089447,18.099655151367188,17.734604418277740,1.101769887940429,1.927527742819584,1682.402618885035736,0.617057204246521,1.611230659484864
809,MX13032,809,193.000000000000000,0.003350694498056,0.477320671081543,4.457134723663330,3.979814052581787,1.005232199949304,0.595146401348198,194.009814590215683,0.801926910877228,1.632710456848145
810,MX30090,810,652.000000000000000,0.011319444625556,0.451687693595886,9.083390235900879,8.631702542304993,0.930574829273063,0.806493727130940,606.734788686037405,0.692531526088715,1.576193594932556
811,MX14047,811,811.000000000000000,0.014079861336389,0.374121814966202,18.746076583862305,18.371954768896103,1.304654718988773,2.122319782918855,1058.074977099895250,0.638894021511078,2.588834285736084
812,MX08035,812,40204.000000000000000,0.697986122278889,0.277398765087128,14.832342147827148,14.554943382740021,0.350421179587443,0.200496310533161,14088.333104133564120,0.336422607302666,0.364345401525497
813,MX17010,813,509.000000000000000,0.008836805696944,0.533771872520447,14.667954444885254,14.134182572364807,1.863364814658062,1.935928323271458,948.452690660953635,1.123699188232422,4.018939304351806
814,MX11018,814,877.000000000000000,0.015225694688056,0.521718323230743,35.121078491210938,34.599360167980194,1.878333527726487,3.523178752274384,1647.298503816129141,0.885668754577637,3.504390954971313
815,MX28017,815,13561.000000000000000,0.235434031544722,0.262124508619308,16.066175460815430,15.804050952196121,0.361914921392339,0.413346246170847,4907.928249001502991,0.319172829389572,0.377455592155457
816,MX11019,816,4385.000000000000000,0.076128473440278,0.347891032695770,10.980472564697266,10.632581532001495,0.636704643701068,0.559467969185046,2791.949862629182007,0.498389333486557,0.880362987518311
817,MX32020,817,7817.000000000000000,0.135711807726944,0.270303010940552,39.720794677734375,39.450491666793823,0.705306871835265,2.117972486023732,5513.383817136265861,0.367429405450821,0.755711472034454
818,MX30091,818,6887.000000000000000,0.119565974135278,0.272227108478546,13.117367744445801,12.845140635967255,0.400443389563907,0.352420435615945,2757.853623926630007,0.347405672073364,0.457831835746765
819,MX01005,819,2532.000000000000000,0.043958334036667,0.395550221204758,61.312545776367188,60.916995555162430,3.797230302675450,8.525571462586491,9614.587126374241052,0.707591742277145,9.558603668212891
820,MX14048,820,3316.000000000000000,0.057569445365556,0.314829170703888,17.652799606323242,17.337970435619354,0.648544315145371,1.005331857452090,2150.572949022049215,0.445689722895622,0.862208396196365
821,MX15045,821,2836.000000000000000,0.049236111898889,0.469925135374069,43.998908996582031,43.528983861207962,1.733019828102820,2.803755100077682,4914.844232499596728,0.967555403709412,3.160669684410095
822,MX30093,822,274.000000000000000,0.004756944520556,0.622894525527954,7.263834476470947,6.640939950942993,1.304432871567942,0.740040375160200,357.414606809616032,1.092158496379852,2.354635453224183
823,MX14049,823,7301.000000000000000,0.126753474250278,0.265272021293640,57.983367919921875,57.718095898628235,0.421963392806499,1.281406527135166,3080.754730880251827,0.324148744344711,0.420577704906464
824,MX15046,824,578.000000000000000,0.010034722382778,0.742221713066101,14.967595100402832,14.225373387336731,2.500410550812128,2.215746595880681,1445.237298369409928,1.801373362541199,5.406606769561771
825,MX05014,825,11707.000000000000000,0.203246531029722,0.303361535072327,7.453498363494873,7.150136828422546,0.408607617640480,0.276011820052748,4783.569379717098855,0.365951806306839,0.442670285701752
826,MX08036,826,56467.000000000000000,0.980329876796389,0.271708637475967,50.392887115478516,50.121178478002548,0.396342332788902,1.083108235173752,22380.262505590901128,0.331432372331619,0.370540499687195
827,MX16044,827,969.000000000000000,0.016822916935833,0.333981692790985,6.514344692230225,6.180362999439240,0.628717723153570,0.533640702501983,609.227473735809212,0.450357884168625,1.091094207763672
828,MX28018,828,8554.000000000000000,0.148506946820556,0.277962535619736,9.931021690368652,9.653059154748917,0.349613387568798,0.282753653212945,2990.592917263500567,0.323513180017471,0.358155706524849
829,MX32021,829,5951.000000000000000,0.103315973875278,0.253571391105652,9.331515312194824,9.077943921089172,0.336002890967737,0.282848736762310,1999.553204149003250,0.301593720912933,0.338969200849533
830,MX16045,830,1206.000000000000000,0.020937500335000,0.348891913890839,29.955263137817383,29.606371223926544,1.623040833728234,3.557544213147188,1957.387245476249745,0.533189266920090,2.830608963966370
831,MX07046,831,6346.000000000000000,0.110173612873889,0.278218686580658,16.428348541259766,16.150129854679108,0.546209018899371,0.733246500042584,3466.242433935407007,0.397840872406960,0.736621439456940
832,MX15047,832,1369.000000000000000,0.023767361491389,0.563325881958008,11.789888381958008,11.226562500000000,1.687935124573874,1.292343228822007,2310.783185541633429,1.239480495452881,3.114241313934327
833,MX07047,833,1152.000000000000000,0.020000000320000,0.322275608778000,16.178260803222656,15.855985194444656,0.803222386916685,1.167898143864193,925.312189728021281,0.473812684416771,1.298738670349121
834,MX17011,834,283.000000000000000,0.004913194523056,2.488266944885254,68.170410156250000,65.682143211364746,19.342708464646073,11.816348243174897,5473.986495494838891,17.260641098022461,33.328681945800781
835,MX14050,835,1610.000000000000000,0.027951389336111,0.378631234169006,23.625261306762695,23.246630072593689,1.472501778935795,2.339455231385168,2370.727864086629324,0.714749485254288,3.105214309692383
836,MX15048,836,1367.000000000000000,0.023732639268611,0.544308781623840,19.044557571411133,18.500248789787292,2.327729379424407,2.042575654002210,3182.006061673163913,1.682741880416870,4.623357486724854
837,MX17012,837,763.000000000000000,0.013246527989722,0.494364291429520,27.096336364746094,26.601972073316574,2.936893095898285,3.199228886895311,2240.849432170391538,1.659579038619995,6.769745063781745
838,MX21087,838,2951.000000000000000,0.051232639708611,0.281598359346390,6.263248443603516,5.981650084257126,0.386599572461890,0.295630825437849,1140.855338335038141,0.339221924543381,0.406026452779770
839,MX17013,839,446.000000000000000,0.007743055679444,0.568518340587616,7.979804515838623,7.411286175251007,1.262682689011364,1.194812867798700,563.156479299068451,0.831388950347900,2.605667710304260
840,MX21088,840,153.000000000000000,0.002656250042500,0.423289835453033,1.536641240119934,1.113351404666901,0.631409151296990,0.208059436250268,96.605600148439464,0.564418256282806,0.852280032634735
841,MX27011,841,7923.000000000000000,0.137552085534167,0.265207886695862,21.581193923950195,21.315986037254333,0.416029458837077,0.495735875227747,3296.201402366164984,0.353426843881607,0.477246296405792
842,MX21089,842,846.000000000000000,0.014687500235000,0.322004318237305,3.587948560714722,3.265944242477417,0.482062333899750,0.250281659038941,407.824734479188862,0.411231249570847,0.632208049297333
843,MX15049,843,231.000000000000000,0.004010416730833,0.638952314853668,12.431666374206543,11.792714059352875,2.057090686513231,2.277947006107210,475.187948584556409,1.021535277366638,5.103814601898193
844,MX30169,844,2628.000000000000000,0.045625000730000,0.323158711194992,19.871225357055664,19.548066645860672,0.540199257478776,0.771387072261824,1419.643648654224080,0.419196099042892,0.651005762815476
845,MX12079,845,641.000000000000000,0.011128472400278,0.281702846288681,6.064294815063477,5.782591968774796,0.596493554468645,0.469461580452078,382.352368414401667,0.451680362224579,0.981920063495636
846,MX23006,846,23758.000000000000000,0.412465284377222,0.249112680554390,19.821996688842773,19.572884008288383,0.361962479127533,0.510649091212748,8599.504579111937346,0.304569393396378,0.352964165806770
847,MX16113,847,1104.000000000000000,0.019166666973333,0.385098457336426,14.374940872192383,13.989842414855957,0.978826128999177,1.104252777736647,1080.624046415090788,0.622277528047562,1.951396989822388
848,MX32022,848,3192.000000000000000,0.055416667553333,0.291945964097977,27.025354385375977,26.733408421278000,0.629128981745781,1.570465091555820,2008.179709732532729,0.347022965550423,0.629502922296524
849,MX21090,849,112.000000000000000,0.001944444475556,2.399833440780640,16.118156433105469,13.718322992324829,6.677240033234869,2.971457801388645,747.850883722305412,6.407707214355469,10.153870391845704
850,MX21091,850,118.000000000000000,0.002048611143889,0.617808818817139,19.418922424316406,18.801113605499268,2.980860229771017,4.054093754410719,351.741507112979946,1.261926591396332,6.885058784484862
851,MX21092,851,1106.000000000000000,0.019201389196111,0.324256569147110,4.274810314178467,3.950553745031357,0.453946677351515,0.283307887271397,502.065025150775739,0.382567822933197,0.535531312227249
852,MX12039,852,2000.000000000000000,0.034722222777778,0.289959520101547,9.905669212341309,9.615709692239761,0.477808414131404,0.563405158509543,955.616828262807644,0.360624983906746,0.593486255407333
853,MX30094,853,4873.000000000000000,0.084600695798056,0.312395393848419,22.745899200439453,22.433503806591034,0.587851327870530,1.068261650376447,2864.599520713091806,0.414454281330109,0.706148231029511
854,MX14051,854,683.000000000000000,0.011857639078611,0.749835789203644,27.522504806518555,26.772669017314911,2.584350926722477,3.259895976457554,1765.111682951451485,1.470225095748901,4.824390125274665
855,MX05015,855,12943.000000000000000,0.224704864706389,0.289683938026428,8.110063552856445,7.820379614830017,0.356003307367342,0.210982096960697,4607.750807255509244,0.340141713619232,0.364564538002014
856,MX07048,856,3652.000000000000000,0.063402778792222,0.646188616752625,564.541931152343750,563.895742535591125,4.625625523751806,20.114758258394218,16892.784412741595588,1.355384290218353,5.827808141708378
857,MX08037,857,19272.000000000000000,0.334583338686667,0.351701080799103,150.120651245117188,149.768950164318085,6.575813606950510,18.573121853331795,126729.079833150215563,0.562273979187012,12.737024497985916
858,MX16046,858,692.000000000000000,0.012013889081111,0.299410194158554,6.555421352386475,6.256011158227921,0.600914724687965,0.543270513250810,415.832989484071675,0.423709228634834,0.997894376516342
859,MX19031,859,1285.000000000000000,0.022309028134722,1.034189105033875,64.137313842773438,63.103124737739563,12.298258205146629,13.321471142846441,15803.261793613419286,3.909355878829956,32.406738281250007
860,MX13033,860,555.000000000000000,0.009635416820833,0.311826467514038,2.979156494140625,2.667330026626587,0.444035707722913,0.286431505074122,246.439817786216793,0.361982941627502,0.580720090866089
861,MX32023,861,1705.000000000000000,0.029600694918056,0.282291561365128,16.165636062622070,15.883344501256943,0.657690514724625,1.239301121248157,1121.362327605485461,0.358954429626465,0.898715460300446
862,MX30095,862,940.000000000000000,0.016319444705556,0.293193280696869,7.528767585754395,7.235574305057526,0.495678797617872,0.486589343943853,465.938069760799692,0.390696972608566,0.630391180515290
863,MX12080,863,1227.000000000000000,0.021302083674167,0.275712639093399,5.215503692626953,4.939791053533554,0.411819122749902,0.365451114144827,505.302063614130134,0.332379221916199,0.499103218317032
864,MX15050,864,657.000000000000000,0.011406250182500,0.614814758300781,28.723493576049805,28.108678817749023,1.654826619762989,2.843259451833300,1087.221089184283528,0.911732375621796,2.172159624099731
865,MX14052,865,1216.000000000000000,0.021111111448889,0.274865120649338,7.991513252258301,7.716648131608963,0.414900025769479,0.482971543371476,504.518431335687069,0.331442311406136,0.440820664167404
866,MX08038,866,21866.000000000000000,0.379618061629445,0.295690894126892,9.679686546325684,9.383995652198792,0.364332879616207,0.177162810109561,7966.502745687989773,0.345373094081879,0.379112690687180
867,MX16047,867,1320.000000000000000,0.022916667033333,0.296763300895691,6.083069801330566,5.786306500434875,0.575433242501635,0.528257495253895,759.571880102158730,0.396729990839958,0.931009536981584
868,MX31041,868,509.000000000000000,0.008836805696944,0.776862561702728,79.841423034667969,79.064560472965240,8.853140679230139,9.768154873611779,4506.248605728140319,3.875476360321045,21.939933776855469
869,MX31042,869,1001.000000000000000,0.017378472500278,0.287097126245499,5.345091819763184,5.057994693517685,0.475547223092317,0.491741995778776,476.022770315409730,0.341972380876541,0.593057930469513
870,MX31043,870,694.000000000000000,0.012048611303889,0.287673711776733,9.013056755065918,8.725383043289185,0.475883452023141,0.673252694823320,330.263115704059771,0.340380966663361,0.541155344247818
871,MX31044,871,1777.000000000000000,0.030850694938056,0.284622967243195,8.559370040893555,8.274747073650360,0.438695082771154,0.533268291267351,779.561162084340708,0.345229238271713,0.472706001996994
872,MX31045,872,779.000000000000000,0.013524305771944,0.310916513204575,6.258343696594238,5.947427183389664,0.479680161765359,0.462970379974920,373.670846015214693,0.370449185371399,0.623053205013275
873,MX30016,873,641.000000000000000,0.011128472400278,0.601813495159149,30.504304885864258,29.902491390705109,2.203390278700919,3.668080292527993,1412.373168647288821,0.963026583194733,3.869127988815308
874,MX14018,874,2077.000000000000000,0.036059028354722,0.394443452358246,23.851781845092773,23.457338392734528,1.356327697857105,2.430481537993934,2817.092628449207041,0.625576257705688,2.397671699523926
875,MX26021,875,21928.000000000000000,0.380694450535556,0.275766581296921,13.332629203796387,13.056862622499466,0.357342455495355,0.288473994090570,7835.805364102134263,0.328465908765793,0.385286784172058
876,MX20017,876,507.000000000000000,0.008802083474167,0.267600864171982,1.103445053100586,0.835844188928604,0.366640255354801,0.100707083746984,185.886609464883890,0.333470284938812,0.457054048776627
877,MX07020,877,12504.000000000000000,0.217083336806667,0.236566290259361,34.003265380859375,33.766699090600014,0.427447284231594,0.731350746188432,5344.800842031857428,0.325651809573174,0.495008742809296
878,MX08016,878,5569.000000000000000,0.096684029324722,0.298916310071945,11.403123855590820,11.104207545518875,0.412187666824722,0.430631362232911,2295.473116546875190,0.354060679674149,0.419845813512802
879,MX07036,879,233.000000000000000,0.004045138953611,0.362249225378036,6.221923828125000,5.859674602746964,0.816934044780649,0.666901388732452,190.345632433891240,0.635985493659973,1.058677673339844
880,MX16035,880,9634.000000000000000,0.167256947120556,0.247718840837479,5.954098701477051,5.706379860639572,0.355988440883959,0.241679791088609,3429.592639476063596,0.318719908595085,0.397492209076882
881,MX14043,881,9954.000000000000000,0.172812502765000,0.260033816099167,13.539146423339844,13.279112607240677,0.368718676013067,0.397606533379336,3670.225701034069516,0.309499040246010,0.390137431025505
882,MX07041,882,2493.000000000000000,0.043281250692500,0.330616801977158,18.718456268310547,18.387839466333389,0.948712904267747,1.391687811422478,2365.141270339492166,0.547585666179657,1.669235134124756
883,MX07050,883,2236.000000000000000,0.038819445065556,0.263557791709900,6.210380077362061,5.946822285652161,0.378264163642428,0.277082224686463,845.798669904470103,0.333802506327629,0.414862096309662
884,MX09008,884,316.000000000000000,0.005486111198889,0.906978189945221,66.065582275390625,65.158604085445404,14.793096531984189,20.801194873221959,4674.618504107003901,1.802412748336792,51.558519363403320
885,MX29048,885,58.000000000000000,0.001006944460556,4.494470119476318,18.557050704956055,14.062580585479736,11.781030778227183,3.680912598476028,683.299785137176627,12.686371326446533,16.261560821533205
886,MX21095,886,60.000000000000000,0.001041666683333,0.438181161880493,4.930956840515137,4.492775678634644,0.862653933465481,0.887176251904827,51.759236007928862,0.511348605155945,1.605164659023286
887,MX14057,887,668.000000000000000,0.011597222407778,0.323688864707947,9.519528388977051,9.195839524269104,0.570877175220471,0.742025998661543,381.345953047274861,0.395293891429901,0.706920343637467
888,MX13040,888,1165.000000000000000,0.020225694768056,0.303004801273346,1.543685078620911,1.240680277347565,0.428279608539246,0.112102791699336,498.945743948221207,0.387981265783310,0.558070540428162
889,MX03003,889,78587.000000000000000,1.364357660718611,0.222568973898888,86.582244873046875,86.359675899147987,0.576085334735471,2.963868618063131,45272.818200856483600,0.306232690811157,0.376491081714630
890,MX15070,890,183.000000000000000,0.003177083384167,8.457508087158203,114.159523010253906,105.702014923095703,45.497282419048389,18.039407265009853,8326.002682685855689,47.035770416259766,65.532723999023446
891,MX20069,891,128.000000000000000,0.002222222257778,0.321480363607407,2.594642877578735,2.273162513971329,0.532885527471080,0.360470058415327,68.209347516298294,0.393461883068085,0.923697763681412
892,MX30127,892,682.000000000000000,0.011840277967222,0.305892944335938,15.562178611755371,15.256285667419434,0.961301853536161,1.249175365046277,655.607864111661797,0.580325394868851,1.765646433830261
893,MX16069,893,1423.000000000000000,0.024704861506389,0.391592681407928,37.139225006103516,36.747632324695587,2.796620857145949,5.240245907276281,3979.591479718685150,0.833669960498810,6.545147418975829
894,MX20076,894,909.000000000000000,0.015781250252500,0.253194987773895,2.765708923339844,2.512513935565948,0.338654868509641,0.188302420982545,307.837275475263766,0.302324235439301,0.374699491262436
895,MX20556,895,52.000000000000000,0.000902777792222,0.282705068588257,1.276707649230957,0.994002580642700,0.484107726468490,0.209362252762861,25.173601776361458,0.414840117096901,0.773194330930710
896,MX07099,896,7709.000000000000000,0.133836807696944,0.297443866729736,14.402716636657715,14.105272769927979,0.670024693514808,0.861285883625446,5165.220362305657545,0.425231814384460,0.994381344318390
897,MX12068,897,8631.000000000000000,0.149843752397500,0.244868621230125,13.981690406799316,13.736821785569191,0.406188256543959,0.552345453015957,3505.810842230908293,0.314045101404190,0.445078194141388
898,MX18019,898,21677.000000000000000,0.376336811576944,0.251434504985809,8.793070793151855,8.541636288166046,0.332107910482122,0.229158742096088,7199.103175520962395,0.305928736925125,0.336077302694321
899,MX21093,899,886.000000000000000,0.015381944690556,0.307723701000214,7.134836673736572,6.827112972736359,0.634906621166330,0.692065398474886,562.527266353368532,0.435664474964142,0.933932423591614
900,MX14053,900,12623.000000000000000,0.219149309061944,0.302767485380173,111.969268798828125,111.666501313447952,1.226352386943306,4.385447715813368,15480.246180385356638,0.481146156787872,1.415549159049989
901,MX16048,901,357.000000000000000,0.006197916765833,0.397873044013977,9.816871643066406,9.418998599052429,1.035146102684886,1.196598563465611,369.547158658504372,0.608469128608704,1.970819592475892
902,MX24019,902,2687.000000000000000,0.046649306301944,0.316949248313904,1.443526029586792,1.126576781272888,0.386802519170777,0.081159916585026,1039.338369011878967,0.365764707326889,0.434753710031509
903,MX05016,903,3528.000000000000000,0.061250000980000,0.285070717334747,18.977394104003906,18.692323386669159,0.401494522830323,0.827536592989201,1416.472676545380409,0.325112566351891,0.354097989201546
904,MX19032,904,17946.000000000000000,0.311562504985000,0.273239701986313,24.274671554565430,24.001431852579117,0.366887629580153,0.574745026050662,6584.165400445432169,0.331678628921509,0.353980362415314
905,MX22010,905,3599.000000000000000,0.062482639888611,0.272017866373062,6.508396148681641,6.236378282308578,0.460644750404306,0.305329655821554,1657.860456705096112,0.379710078239441,0.644709229469300
906,MX30096,906,85.000000000000000,0.001475694468056,0.315211296081543,3.215469360351562,2.900258064270020,0.564581036217072,0.482071785900142,47.989388078451150,0.374626517295837,0.802420580387116
907,MX07049,907,732.000000000000000,0.012708333536667,0.396528154611588,18.858814239501953,18.462286084890366,1.184785037907095,1.404484040115272,867.262647747993356,0.796512186527252,2.098565959930419
908,MX30061,908,17168.000000000000000,0.298055560324444,0.267948746681213,19.195981979370117,18.928033232688904,0.439874500376481,0.664380577036671,7551.765422463426148,0.354595214128494,0.488152760267258
909,MX07052,909,14688.000000000000000,0.255000004080000,0.257031083106995,18.106277465820312,17.849246382713318,0.466227657394991,0.613183692127234,6847.951831817625134,0.356123223900795,0.590204179286957
910,MX30107,910,255.000000000000000,0.004427083404167,0.396391987800598,1.393733382225037,0.997341394424438,0.516788766430873,0.157383902674360,131.781135439872656,0.461429417133331,0.687276566028595
911,MX07075,911,1144.000000000000000,0.019861111428889,0.286741375923157,15.510993003845215,15.224251627922058,0.840333448319168,1.478708045316767,961.341464877128033,0.486717015504837,1.104841673374176
912,MX30132,912,495.000000000000000,0.008593750137500,0.397538512945175,12.259133338928223,11.861594825983047,1.053062177186061,1.417709915837834,521.265777707100142,0.595089018344879,1.817123007774354
913,MX16052,913,5601.000000000000000,0.097239584889167,0.256502062082291,88.506599426269531,88.250097364187241,1.651423523786173,5.551587707530102,9249.623156726354864,0.331463873386383,2.093147993087769
914,MX23007,914,16527.000000000000000,0.286927087924167,0.254174649715424,24.483736038208008,24.229561388492584,0.368123751159603,0.575952315612059,6083.981235414754337,0.307106196880341,0.358442336320877
915,MX29047,915,126.000000000000000,0.002187500035000,0.441615670919418,5.134640216827393,4.693024545907974,0.864731791237044,0.794561279506517,108.956205695867496,0.593825459480286,1.408488929271698
916,MX11020,916,6118.000000000000000,0.106215279477222,0.413785934448242,105.702262878417969,105.288476943969727,12.023782108774281,19.250007809588027,73561.498941481055226,2.216603755950928,47.679531478881842
917,MX12040,917,3537.000000000000000,0.061406250982500,0.250565797090530,8.363169670104980,8.112603873014450,0.376552453132412,0.364052110844318,1331.866026729341911,0.318936884403229,0.417252379655838
918,MX10012,918,11113.000000000000000,0.192934030864722,0.298653721809387,61.594619750976562,61.295966029167175,1.301650944799200,4.236466046077288,14465.246949553504237,0.423918426036835,1.548301386833191
919,MX30097,919,413.000000000000000,0.007170139003611,0.322164267301559,20.101961135864258,19.779796868562698,1.590906767016750,2.974741466056941,657.044494777917976,0.561669349670410,3.684750175476075
920,MX15051,920,1141.000000000000000,0.019809028094722,1.317019701004028,63.861709594726562,62.544689893722534,7.182752502685460,8.699960655198428,8195.520605564110156,3.903493404388428,15.562349319458008
921,MX21094,921,1363.000000000000000,0.023663194823056,0.361157506704330,20.567787170410156,20.206629663705826,1.077832604867085,1.828821109657412,1469.085840433836211,0.597801148891449,1.650071883201598
922,MX19033,922,12908.000000000000000,0.224097225807778,0.280421555042267,31.520555496215820,31.240133941173553,0.583917803575205,1.602103175035064,7537.211008548751124,0.349311396479607,0.578218924999237
923,MX28019,923,13067.000000000000000,0.226857642518611,0.267141312360764,7.679961681365967,7.412820369005203,0.360969895517632,0.203200752779687,4716.793624728895338,0.335475653409958,0.389323687553406
924,MX13034,924,885.000000000000000,0.015364583579167,0.318933844566345,2.375313758850098,2.056379914283752,0.465957453964794,0.220039509796655,412.372346758842411,0.389993697404861,0.678201508522034
925,MX20044,925,2396.000000000000000,0.041597222887778,0.323802471160889,16.441720962524414,16.117918491363525,0.678764791838911,1.226108528276193,1626.320441246031805,0.433014065027237,0.847097784280777
926,MX08039,926,7060.000000000000000,0.122569446405556,0.279790788888931,13.428469657897949,13.148678869009018,0.368922377574039,0.336195557504263,2604.591985672717783,0.337143465876579,0.381849563121796
927,MX03009,927,23988.000000000000000,0.416458339996667,0.247534424066544,27.787273406982422,27.539738982915878,0.333219019693939,0.713934899837774,7993.257844418218156,0.293952941894531,0.311864641308784
928,MX32024,928,2164.000000000000000,0.037569445045556,0.353735744953156,64.479003906250000,64.125268161296844,1.563203340317097,4.284344048016043,3382.772028446198419,0.599152028560638,2.694005393981934
929,MX19003,929,3609.000000000000000,0.062656251002500,0.320381283760071,9.262438774108887,8.942057490348816,0.426816746770065,0.486354126870134,1540.381639093162903,0.361855834722519,0.400435322523117
930,MX03008,930,19056.000000000000000,0.330833338626667,0.253517061471939,87.427963256835938,87.174446195363998,1.526329338231525,6.421533398727903,29085.731869339935656,0.329569101333618,0.914918839931488
931,MX19027,931,2581.000000000000000,0.044809028494722,0.324943184852600,13.072684288024902,12.747741103172302,0.471754029699186,0.646008031495335,1217.597150653598192,0.369380652904510,0.472089588642120
932,MX19042,932,6943.000000000000000,0.120538196373056,0.316127538681030,23.999549865722656,23.683422327041626,0.505685454746083,0.613395842112056,3510.974112302053982,0.411630213260651,0.586999654769897
933,MX16075,933,2384.000000000000000,0.041388889551111,0.294092237949371,17.826484680175781,17.532392442226410,0.773195084421927,1.610358161668347,1843.297081261874155,0.403787136077881,0.969977897405626
934,MX30137,934,170.000000000000000,0.002951388936111,0.420787394046783,2.844706535339355,2.423919141292572,0.771306886041866,0.340795157204490,131.122170627117185,0.671660780906677,1.155025863647461
935,MX21118,935,151.000000000000000,0.002621527819722,1.206356406211853,15.028071403503418,13.821714997291565,5.187884351275613,3.787925554391355,783.370537042617457,3.634101390838623,10.896359443664551
936,MX32025,936,897.000000000000000,0.015572916915833,0.395178496837616,21.643028259277344,21.247849762439728,1.090363020150026,1.712178419081145,978.055629074573403,0.600454866886139,1.988372659683228
937,MX15123,937,3476.000000000000000,0.060347223187778,0.257759839296341,9.301674842834473,9.043915003538132,0.383575881678091,0.396036504047672,1333.309764713045979,0.318984970450401,0.441732868552208
938,MX27012,938,11850.000000000000000,0.205729169958333,0.326962083578110,5673.743652343750000,5673.416690260171890,4.600576155462365,91.160366939027369,54516.827442229026929,0.634691804647446,2.751336765289307
939,MX08040,939,46755.000000000000000,0.811718762987500,0.261515080928802,26.773540496826172,26.512025415897369,0.347535018013985,0.448496912997483,16248.999767243856695,0.309134364128113,0.333955860137939
940,MX16049,940,5058.000000000000000,0.087812501405000,0.258922040462494,11.311329841613770,11.052407801151276,0.359796469769681,0.322400411673631,1819.850544095044825,0.320943817496300,0.393519696593285
941,MX14055,941,1465.000000000000000,0.025434028184722,0.284968942403793,25.689569473266602,25.404600530862808,0.828108229612734,1.761879065647237,1213.178556382655415,0.434459030628204,1.185957360267641
942,MX26036,942,6718.000000000000000,0.116631946310556,0.300542861223221,47.465259552001953,47.164716690778732,0.684885737880169,2.440838271228833,4601.062387078976826,0.354705512523651,0.571389794349670
943,MX30098,943,67.000000000000000,0.001163194463056,0.620064139366150,3.500613689422607,2.880549550056458,1.233631006817320,0.660421604406391,82.653277456760421,0.986065208911896,1.992322611808777
944,MX20045,944,130.000000000000000,0.002256944480556,0.481953680515289,11.522264480590820,11.040310800075531,2.281147938049756,2.325684810837977,296.549231946468240,1.466184139251709,5.268534135818483
945,MX20046,945,1153.000000000000000,0.020017361431389,0.273571640253067,2.577095508575439,2.303523868322372,0.372025859609233,0.150502816774399,428.945816129445916,0.342078357934952,0.445398992300034
946,MX20048,946,202.000000000000000,0.003506944500556,0.264708489179611,1.409469962120056,1.144761472940445,0.368983643332330,0.132446294714989,74.534695953130736,0.336155295372009,0.415817385911942
947,MX20049,947,48.000000000000000,0.000833333346667,0.390796244144440,7.535943031311035,7.145146787166595,1.363808669770758,1.421953111247043,65.462816148996382,0.697261452674866,2.814268589019777
948,MX20050,948,416.000000000000000,0.007222222337778,0.302532017230988,1.491152167320251,1.188620150089264,0.419089061064789,0.123002376675283,174.341049402952137,0.389863267540932,0.527679294347763
949,MX20051,949,195.000000000000000,0.003385416720833,0.325685322284698,5.028272151947021,4.702586829662323,0.710972099884963,0.719859043581683,138.639559477567730,0.454027146100998,1.169480514526366
950,MX20052,950,4102.000000000000000,0.071215278917222,0.242712736129761,7.870369434356689,7.627656698226929,0.329876281924071,0.291863202515594,1353.152508452537631,0.294499427080154,0.343798530101776
951,MX20053,951,605.000000000000000,0.010503472390278,0.277966171503067,4.857019424438477,4.579053252935410,0.402574635093862,0.367463925313252,243.557654231786785,0.337208062410355,0.436236238479614
952,MX20562,952,194.000000000000000,0.003368055609444,0.271579325199127,2.274456024169922,2.002876698970795,0.433685628101998,0.328458285391294,84.135011851787567,0.309839963912964,0.713291668891907
953,MX20054,953,121.000000000000000,0.002100694478056,0.328309774398804,1.784102916717529,1.455793142318726,0.529093171693077,0.258816354252492,64.020273774862275,0.449983328580856,0.764315187931061
954,MX08041,954,5305.000000000000000,0.092100695918056,0.269542098045349,4.335927963256836,4.066385865211487,0.318930626027883,0.113860651794101,1691.926971077920598,0.309327214956284,0.326447749137878
955,MX28020,955,1873.000000000000000,0.032517361631389,0.284661442041397,2.697213649749756,2.412552207708359,0.365400858585426,0.134747248596913,684.395808130503610,0.339043259620667,0.404457199573517
956,MX15052,956,1039.000000000000000,0.018038194733056,0.556337416172028,12.889651298522949,12.333313882350922,1.521156484341826,1.514187894718982,1580.481587231156936,0.926522612571716,3.325267934799195
957,MX12041,957,2312.000000000000000,0.040138889531111,0.265222221612930,24.240234375000000,23.975012153387070,0.449249637245513,0.573464363093666,1038.665161311626662,0.358629480004311,0.606498694419861
958,MX30099,958,553.000000000000000,0.009600694598056,0.483920574188232,192.386474609375000,191.902554035186768,3.561538844653972,12.989006728868073,1969.530981093646460,1.256205439567566,4.868371582031253
959,MX31046,959,496.000000000000000,0.008611111248889,0.300645738840103,7.309590339660645,7.008944600820541,0.512543313565754,0.704031856734497,254.221483528614215,0.357941135764122,0.580913245677948
960,MX31047,960,630.000000000000000,0.010937500175000,0.346948683261871,10.213583946228027,9.866635262966156,0.579581007503327,0.726930719653642,365.136034727096160,0.419664084911346,0.649094969034195
961,MX30100,961,1223.000000000000000,0.021232639228611,0.434920787811279,8.981904029846191,8.546983242034912,1.000814435697440,0.722125564969865,1223.996054857969057,0.800950765609741,1.535635042190552
962,MX08042,962,26705.000000000000000,0.463628479640278,0.272096782922745,14.945466995239258,14.673370212316513,0.330173812036858,0.223068823462251,8817.291650444303741,0.320599794387817,0.337579941749573
963,MX11008,963,4098.000000000000000,0.071145834471667,0.326483726501465,33.788444519042969,33.461960792541504,0.757695891395786,1.613260960842786,3105.037762939930872,0.481279700994492,1.049820685386658
964,MX06007,964,6677.000000000000000,0.115920140743611,0.236080765724182,1470.304809570312500,1470.068728804588318,3.313635203899761,28.207889584034199,22125.142256438703043,0.509155929088593,3.849299621582033
965,MX07051,965,5921.000000000000000,0.102795140533611,0.242293477058411,15.268450736999512,15.026157259941101,0.475671357645252,0.727529624946314,2816.450108617535534,0.349211305379868,0.592248439788818
966,MX10013,966,40187.000000000000000,0.697690983385278,0.278287500143051,43.439056396484375,43.160768896341324,0.397213866925604,0.887745121080492,15962.833670139245442,0.335077822208405,0.391080456972122
967,MX16050,967,3463.000000000000000,0.060121528739722,0.353685945272446,39.562671661376953,39.208985716104507,0.973236293659156,1.943913821657800,3370.317284941658272,0.550805211067200,1.473000383377075
968,MX07115,968,2629.000000000000000,0.045642361841389,0.249760836362839,2.132199764251709,1.882438927888870,0.340926013799075,0.114059262261768,896.294490277767750,0.316006183624268,0.391405630111694
969,MX16051,969,1161.000000000000000,0.020156250322500,0.313565164804459,17.305013656616211,16.991448491811752,0.620254949954539,1.100369842611384,720.115996897219702,0.397915005683899,0.822892427444458
970,MX30101,970,346.000000000000000,0.006006944540556,0.405771970748901,21.768522262573242,21.362750291824341,1.811569688550999,2.320719079308903,626.803112238645667,1.035153567790985,4.035575389862061
971,MX19034,971,1379.000000000000000,0.023940972605278,0.374606013298035,35.163143157958984,34.788537144660950,1.517177303041382,2.292173198523580,2092.187500894065579,0.955037891864777,2.424069023132325
972,MX20055,972,708.000000000000000,0.012291666863333,0.275404244661331,5.957248210906982,5.681843966245651,0.430300814830987,0.432476674569722,304.652976900338786,0.336946681141853,0.542441189289093
973,MX12077,973,1018.000000000000000,0.017673611393889,0.252339780330658,13.017460823059082,12.765121042728424,0.494497729659315,0.891927048092164,503.398688793182600,0.314705461263657,0.631266659498215
974,MX07116,974,4455.000000000000000,0.077343751237500,0.249489143490791,3.559992551803589,3.310503408312798,0.330396312284549,0.135583364120085,1471.915571227666533,0.308580577373505,0.352583974599838
975,MX30102,975,1983.000000000000000,0.034427083884167,0.342631995677948,16.691736221313477,16.349104225635529,1.056028221766276,1.982748951659396,2094.103963762524927,0.452485054731369,1.577674698829651
976,MX12042,976,3023.000000000000000,0.052482639728611,0.274313181638718,8.672750473022461,8.398437291383743,0.455599880587215,0.468965928238354,1377.278439015150752,0.348644196987152,0.531611025333405
977,MX20056,977,281.000000000000000,0.004878472300278,0.288510888814926,2.482575654983521,2.194064766168594,0.397344071988109,0.245772004732155,111.653684228658662,0.332517892122269,0.497423857450485
978,MX14058,978,9189.000000000000000,0.159531252552500,0.257624834775925,15.534786224365234,15.277161389589310,0.369739440699399,0.395524736644410,3397.535720586775369,0.314610958099365,0.436003232002258
979,MX08043,979,3871.000000000000000,0.067204862186389,0.278083771467209,10.697184562683105,10.419100791215897,0.380698774272666,0.450324247877472,1473.684955209490226,0.327745258808136,0.378464370965958
980,MX05017,980,4169.000000000000000,0.072378473380278,0.475532084703445,63.239700317382812,62.764168232679367,2.958853260594100,5.237120927604010,12335.459243416802565,1.366260528564453,6.118778038024904
981,MX08044,981,6172.000000000000000,0.107152779492222,0.290897607803345,12.389125823974609,12.098228216171265,0.390983486457530,0.408979629970453,2413.150078415875669,0.343798592686653,0.414097359776497
982,MX28022,982,19686.000000000000000,0.341770838801667,0.284637808799744,64.191879272460938,63.907241463661194,1.604942049797466,5.591340642576045,31594.889192312923115,0.461101561784744,1.400350630283356
983,MX24020,983,6630.000000000000000,0.115104168508333,0.292395919561386,54.844074249267578,54.551678329706192,1.200731815674191,4.059929340560290,7960.851937919884222,0.446220919489861,1.404648303985597
984,MX20057,984,6632.000000000000000,0.115138890731111,0.264121264219284,22.123781204223633,21.859659940004349,0.474849292093975,0.961720630568591,3149.200505167241772,0.340225979685783,0.478021037578583
985,MX24057,985,590.000000000000000,0.010243055719444,0.388461917638779,6.721149921417236,6.332688003778458,0.945199445445658,0.701268885554642,557.667672812938349,0.737971931695938,1.512182152271271
986,MX31048,986,4540.000000000000000,0.078819445705556,0.275029778480530,12.030055999755859,11.755026221275330,0.440497225378578,0.560580585866314,1999.857403218742093,0.341681644320488,0.459277209639549
987,MX31049,987,468.000000000000000,0.008125000130000,0.276573538780212,5.727904319763184,5.451330780982971,0.426920259037079,0.511869205429635,199.798681229352979,0.324209287762642,0.432651007175446
988,MX14059,988,1437.000000000000000,0.024947917065833,0.297342181205750,17.587343215942383,17.290001034736633,0.658583971553158,1.090967404045091,946.385167121888003,0.393848448991776,1.004221415519715
989,MX07053,989,522.000000000000000,0.009062500145000,0.320775866508484,4.197082042694092,3.876306176185608,0.650613332045946,0.402153091793669,339.620159327984027,0.517746686935425,1.043934774398804
990,MX32026,990,62083.000000000000000,1.077829878356389,0.258060157299042,206.626754760742188,206.368694603443146,0.397778251769607,1.875446857833987,24695.267204612493515,0.312355995178223,0.348607605695725
991,MX21096,991,276.000000000000000,0.004791666743333,0.426164418458939,7.036117553710938,6.609953135251999,0.864382870387340,0.799979372483369,238.569672226905737,0.593731999397278,1.429945468902588
992,MX07054,992,1839.000000000000000,0.031927083844167,0.263695806264877,13.351898193359375,13.088202387094498,0.644050377487423,0.908355914838378,1184.408644199370656,0.456841588020325,0.931634461879731
993,MX26037,993,3634.000000000000000,0.063090278787222,0.282671332359314,11.650259017944336,11.367587685585022,0.351987685780637,0.358307543045151,1279.123250126836638,0.328702017664909,0.347604304552078
994,MX29017,994,71.000000000000000,0.001232638908611,1.017843484878540,21.762878417968750,20.745034933090210,4.586788642574365,5.341084879688692,325.661993622779903,1.773859143257141,14.152348518371582
995,MX17014,995,287.000000000000000,0.004982638968611,0.636133432388306,8.998193740844727,8.362060308456421,1.825245146344348,1.677786578028328,523.845357000827789,1.092482686042786,4.178280162811280
996,MX25012,996,12797.000000000000000,0.222170142443611,0.268604278564453,165.515701293945312,165.247097015380859,2.349375217654628,8.889963882427308,30064.954660326278827,0.397189468145370,1.899538469314575
997,MX20058,997,894.000000000000000,0.015520833581667,0.283551275730133,1.997174143791199,1.713622868061066,0.430561224152844,0.140322157299685,384.921734392642691,0.394606903195381,0.570340180397034
998,MX30103,998,217.000000000000000,0.003767361171389,0.419747889041901,3.026297092437744,2.606549203395844,0.642043007271631,0.392245054189039,139.323332577943830,0.526898384094238,0.850631701946259
999,MX30104,999,1451.000000000000000,0.025190972625278,0.302558302879333,13.860153198242188,13.557594895362854,0.640737197671900,0.824620564184671,929.709673821927367,0.501599669456482,0.823336482048035
1000,MX30105,1000,1963.000000000000000,0.034079861656389,0.405786424875259,29.494644165039062,29.088857740163803,2.001023415212292,3.354440533322137,3928.008964061729330,0.872727453708649,4.322444820404052
1001,MX15053,1001,69.000000000000000,0.001197916685833,11.234620094299316,53.833396911621094,42.598776817321777,32.479383095451020,11.174537705667550,2241.077433586120151,32.364036560058594,47.434958648681643
1002,MX19035,1002,1079.000000000000000,0.018732639188611,0.326496899127960,5.124577999114990,4.798081099987030,0.507372531960472,0.461575579191361,547.454961985349655,0.380018442869186,0.676603293418884
1003,MX32027,1003,9685.000000000000000,0.168142363801389,0.271342933177948,12.341127395629883,12.069784462451935,0.347294324088725,0.301081377812811,3363.545528799299518,0.318734258413315,0.351673096418381
1004,MX28023,1004,13083.000000000000000,0.227135420300833,0.289316862821579,5.743855953216553,5.454539090394974,0.352917054022415,0.122985003754507,4617.213817775256757,0.338782817125320,0.371923381090164
1005,MX08045,1005,2273.000000000000000,0.039461806186944,0.399840027093887,87.800201416015625,87.400361388921738,1.936026984225063,5.059289790951259,4400.589335143567041,0.765505135059357,2.764587020874023
1006,MX31050,1006,4418.000000000000000,0.076701390116111,0.395780861377716,110.339866638183594,109.944085776805878,12.593664075526624,16.624670594493935,55638.807885676622391,2.914271712303162,41.837797546386724
1007,MX20037,1007,854.000000000000000,0.014826389126111,0.267903208732605,2.701189756393433,2.433286547660828,0.376830840382978,0.184252592730853,321.813537687063274,0.330473870038986,0.463055849075317
1008,MX07055,1008,113.000000000000000,0.001961805586944,0.764939665794373,7.621405124664307,6.856465458869934,1.762472187523293,1.402461601328508,199.159357190132113,1.144242048263550,3.094683647155762
1009,MX13035,1009,724.000000000000000,0.012569444645556,0.419480025768280,7.350900173187256,6.931420147418976,1.030311235406781,0.681485830120260,745.945334434509277,0.866041570901871,1.728076076507569
1010,MX15054,1010,328.000000000000000,0.005694444535556,2.519636869430542,44.399703979492188,41.880067110061646,20.212441456027133,10.158761781876461,6629.680797576899749,19.018639564514160,34.023559188842775
1011,MX12043,1011,2952.000000000000000,0.051250000820000,0.261670559644699,7.489253520965576,7.227582961320877,0.415432288626910,0.332877946115840,1226.356116026639256,0.335460722446442,0.560237950086594
1012,MX13037,1012,3973.000000000000000,0.068975695548056,0.299135535955429,9.896776199340820,9.597640663385391,0.450848853763634,0.374233642967265,1791.222496002916159,0.376921445131302,0.572278761863709
1013,MX02002,1013,85128.000000000000000,1.477916690313334,0.262837350368500,127.838462829589844,127.575625479221344,1.434928663194029,6.665563997604243,122152.607240381257725,0.346580311655998,1.126015067100525
1014,MX15055,1014,60.000000000000000,0.001041666683333,2.925350904464722,18.480789184570312,15.555438280105591,8.292677160104114,4.625704187408365,497.560629606246835,7.754611730575562,14.741603279113770
1015,MX24021,1015,4434.000000000000000,0.076979167898333,0.344978809356689,20.671323776245117,20.326344966888428,0.939008189769386,1.197416919834094,4163.562313437455487,0.575407952070236,1.674377906322479
1016,MX14060,1016,1438.000000000000000,0.024965278177222,0.326748609542847,10.645526885986328,10.318778276443481,0.554511435796223,0.643296084474363,797.387444674969061,0.412596702575684,0.712582552433014
1017,MX10014,1017,42477.000000000000000,0.737447928465833,0.251461952924728,8.341538429260254,8.090076476335526,0.331534010557918,0.173862619271697,14082.570166468703974,0.305759668350220,0.340436512231827
1018,MX32028,1018,2438.000000000000000,0.042326389566111,0.287067919969559,6.029426574707031,5.742358654737473,0.370504530349944,0.246493801859136,903.290044993164543,0.338953778147697,0.394108805060387
1019,MX14061,1019,16962.000000000000000,0.294479171378333,0.252279996871948,15.023567199707031,14.771287202835083,0.335865472783713,0.273458875352172,5696.950149357342525,0.306614086031914,0.345254033803940
1020,MX17015,1020,1066.000000000000000,0.018506944740556,0.593722522258759,12.113884925842285,11.520162403583527,1.356860411323704,1.345831375005690,1446.413198471068654,0.868465214967728,2.752231955528259
1021,MX30106,1021,146.000000000000000,0.002534722262778,0.316021382808685,4.676904678344727,4.360883295536041,0.649426078959688,0.622026267697154,94.816207528114376,0.445215702056885,1.006807118654251
1022,MX20059,1022,2277.000000000000000,0.039531250632500,0.260639548301697,84.614143371582031,84.353503823280334,0.982562484333376,3.603740589342091,2237.294776827096030,0.417464584112167,1.309517908096314
1023,MX28024,1023,4778.000000000000000,0.082951390216111,0.317989021539688,21.080659866333008,20.762670844793320,0.474292694449474,0.837303995201222,2266.170494079587570,0.369544863700867,0.474896895885468
1024,MX19036,1024,5077.000000000000000,0.088142362521389,0.271534234285355,7.333470344543457,7.061936110258102,0.374509568997013,0.242172659017772,1901.385081797836165,0.339587956666946,0.397527766227722
1025,MX28025,1025,3291.000000000000000,0.057135417580833,0.335690677165985,43.682346343994141,43.346655666828156,0.894155855618578,2.772299593456207,2942.666920840739749,0.397975027561188,0.820932567119598
1026,MX32029,1026,5658.000000000000000,0.098229168238333,0.279346793889999,21.697683334350586,21.418336540460587,0.532833925002286,1.120249766736144,3014.774347662932996,0.349986836314201,0.527878391742706
1027,MX09016,1027,229.000000000000000,0.003975694508056,17.338739395141602,95.514945983886719,78.176206588745117,53.270313771010521,19.183096905766494,12198.901853561408643,54.362075805664062,77.724076843261713
1028,MX09009,1028,1474.000000000000000,0.025590278187222,0.595555365085602,64.581481933593750,63.985926568508148,4.745638224858602,8.617126406836979,6995.070743441578998,0.976526737213135,15.402476406097415
1029,MX19037,1029,20082.000000000000000,0.348645838911667,0.283416241407394,18.912338256835938,18.628922015428543,0.381685035252593,0.425590673436768,7664.998877942573927,0.340419024229050,0.416735181212425
1030,MX06008,1030,2052.000000000000000,0.035625000570000,0.273917794227600,17.479450225830078,17.205532431602478,0.730034007460284,1.343357649372947,1498.029783308502829,0.376568540930748,0.958910781145096
1031,MX30108,1031,10199.000000000000000,0.177065975055278,0.271385401487350,4247.582519531250000,4247.311134129762650,6.772661683185201,104.593180914644677,69074.376506805871031,0.430356711149216,2.273510456085210
1032,MX13051,1032,567.000000000000000,0.009843750157500,1.250743985176086,59.953681945800781,58.702937960624695,15.194738456181122,12.863289470736870,8615.416704654697241,10.900803565979004,34.427978515625000
1033,MX13038,1033,956.000000000000000,0.016597222487778,0.454225778579712,5.333009243011475,4.878783464431763,0.895274693154142,0.657849557084324,855.882606655360064,0.676747888326645,1.496334135532379
1034,MX13039,1034,267.000000000000000,0.004635416740833,0.607486128807068,29.392145156860352,28.784659028053284,2.488757710108597,3.746916392640634,664.498308598995550,1.394129753112793,4.139067745208741
1035,MX28026,1035,4512.000000000000000,0.078333334586667,0.260308504104614,7.262516021728516,7.002207517623901,0.328583903762624,0.256905617438132,1482.570573776959463,0.299454361200333,0.331262090802193
1036,MX30109,1036,2603.000000000000000,0.045190972945278,0.301846146583557,14.126608848571777,13.824762701988220,0.633112521204543,0.958176332874893,1647.991892695426486,0.450051069259644,0.799647498130799
1037,MX07056,1037,180.000000000000000,0.003125000050000,0.570502817630768,5.019774436950684,4.449271619319916,1.549145872394243,0.784360825035343,278.846257030963784,1.344930708408356,2.498385238647461
1038,MX20060,1038,329.000000000000000,0.005711805646944,0.263117045164108,1.431716203689575,1.168599158525467,0.386370350434063,0.165443037459904,127.115845292806739,0.335483282804489,0.508636283874512
1039,MX13041,1039,672.000000000000000,0.011666666853333,0.714541971683502,26.383489608764648,25.668947637081146,3.033492340129757,3.506285293516143,2038.506852567196802,1.765291094779968,6.100089550018310
1040,MX21097,1040,47.000000000000000,0.000815972235278,0.868296325206757,6.834710597991943,5.966414272785187,2.593482145603667,1.559917201323378,121.893660843372331,1.944372534751892,5.154915332794189
1041,MX30110,1041,326.000000000000000,0.005659722312778,0.401856452226639,4.569771766662598,4.167915314435959,0.719295990339086,0.527471926483256,234.490492850542125,0.562526762485504,0.962280511856079
1042,MX14062,1042,3149.000000000000000,0.054670139763611,0.258204996585846,7.681796073913574,7.423591077327728,0.339559243941694,0.267016856366482,1069.272059172393483,0.304516524076462,0.355332231521606
1043,MX12044,1043,2501.000000000000000,0.043420139583611,0.285384744405746,19.739652633666992,19.454267889261246,0.458404346484274,0.674604683610882,1146.469270557168556,0.351108998060226,0.545176446437836
1044,MX31051,1044,237.000000000000000,0.004114583399167,0.388159573078156,4.975664615631104,4.587505042552948,0.981799570945748,0.705059951567246,232.686498314142312,0.769235610961914,1.746373677253723
1045,MX25013,1045,14461.000000000000000,0.251059031794722,0.302237927913666,44.517696380615234,44.215458452701569,0.544140973670069,1.023191931156224,7868.822620242868652,0.394649803638458,0.667944610118866
1046,MX24022,1046,6527.000000000000000,0.113315974035278,0.281584352254868,8.408493041992188,8.126908689737320,0.422929290034275,0.335164545087875,2760.459476053714752,0.355441987514496,0.524019181728363
1047,MX26038,1047,10087.000000000000000,0.175121530579722,0.285931468009949,24.911479949951172,24.625548481941223,0.361066898901823,0.582290845999144,3642.081809222690481,0.326701313257217,0.346430897712708
1048,MX13042,1048,991.000000000000000,0.017204861386389,0.317422658205032,8.657226562500000,8.339803904294968,0.502032189298230,0.589761158333657,497.513899594545705,0.381063401699066,0.614828050136566
1049,MX21098,1049,774.000000000000000,0.013437500215000,0.312942117452621,5.969146728515625,5.656204611063004,0.616527309289890,0.626717804738926,477.192137390375194,0.427035436034203,0.877119028568268
1050,MX30111,1050,1230.000000000000000,0.021354167008333,0.761303484439850,489.942077636718750,489.180774152278900,3.648087840884676,20.797287604218159,4487.148044288151141,1.435618937015533,3.678287386894227
1051,MX32030,1051,812.000000000000000,0.014097222447778,0.279895991086960,5.722798824310303,5.442902833223343,0.439554619671676,0.442549361953618,356.918351173401049,0.346493616700172,0.539707177877426
1052,MX05018,1052,6549.000000000000000,0.113697918485833,0.293795228004456,319.692382812500000,319.398587584495544,2.858270774253140,11.211596124949880,18718.815300583817589,0.396652519702911,2.768625831604004
1053,MX20061,1053,108.000000000000000,0.001875000030000,0.484110295772552,2.765945672988892,2.281835377216339,1.026547569919515,0.507459344351756,110.867137551307650,0.834128499031067,1.793661618232727
1054,MX32031,1054,8079.000000000000000,0.140260418910833,0.263896346092224,13.070937156677246,12.807040810585022,0.369919828490495,0.415980551976768,2988.582294374706635,0.317086607217789,0.397134685516357
1055,MX07117,1055,960.000000000000000,0.016666666933333,0.251427590847015,4.204757690429688,3.953330099582672,0.371656054692964,0.254985691279584,356.789812505245550,0.322203949093819,0.432413896918297
1056,MX19038,1056,9633.000000000000000,0.167239586009167,0.289255946874619,44.009147644042969,43.719891697168350,0.873458971669585,2.261136997140488,8414.030274093114713,0.396986961364746,1.312501835823059
1057,MX19039,1057,1682.000000000000000,0.029201389356111,0.588509857654572,81.933937072753906,81.345427215099335,23.363267674492924,18.690944248957354,39297.016228497101110,24.562897682189941,46.506959152221690
1058,MX16053,1058,5896.000000000000000,0.102361112748889,0.338399559259415,69.147773742675781,68.809374183416367,4.474864320629838,9.049609960513985,26383.800034433526889,0.741745352745056,15.832709312438965
1059,MX05019,1059,3382.000000000000000,0.058715278717222,0.302879542112350,15.324297904968262,15.021418362855911,0.518248231003159,0.856069770112815,1752.715517252684776,0.352792024612427,0.659542828798294
1060,MX08046,1060,11396.000000000000000,0.197847225387778,0.275101006031036,4.351301670074463,4.076200664043427,0.331705307531102,0.104419151078349,3780.113684624433517,0.318700298666954,0.340488836169243
1061,MX15056,1061,1168.000000000000000,0.020277778102222,0.458635866641998,11.290754318237305,10.832118451595306,1.345336394205891,1.230588284988294,1571.352908432480262,0.883412837982178,2.659285640716552
1062,MX16054,1062,912.000000000000000,0.015833333586667,0.318794369697571,3.955682992935181,3.636888623237610,0.469271974376681,0.263073317559010,427.976040631532896,0.393398240208626,0.614975327253342
1063,MX32032,1063,918.000000000000000,0.015937500255000,0.366638958454132,31.029989242553711,30.663350284099579,1.810775662851490,3.181993567486439,1662.292058497667767,0.742417186498642,4.314318132400516
1064,MX08047,1064,9566.000000000000000,0.166076391546111,0.266928642988205,8.496044158935547,8.229115515947342,0.333179821734795,0.228264877366291,3187.198174715045752,0.313745990395546,0.334712550044060
1065,MX11021,1065,790.000000000000000,0.013715277997222,0.378949970006943,38.245159149169922,37.866209179162979,2.026225753562360,5.071441498091610,1600.718345314264297,0.612380236387253,2.667394852638246
1066,MX07057,1066,2835.000000000000000,0.049218750787500,0.263082236051559,29.108636856079102,28.845554620027542,0.812069016474267,1.808408625049017,2302.215661704546619,0.497245281934738,1.027071952819824
1067,MX31052,1067,1594.000000000000000,0.027673611553889,0.330184280872345,24.253097534179688,23.922913253307343,0.964534599086273,1.895859618553335,1537.468150943519504,0.457790240645409,1.481875228881837
1068,MX32033,1068,2704.000000000000000,0.046944445195556,0.297336190938950,19.559860229492188,19.262524038553238,0.482061144295175,0.846372607153119,1303.493334174153233,0.353229746222496,0.525585186481476
1069,MX16055,1069,1863.000000000000000,0.032343750517500,0.291405111551285,14.577559471130371,14.286154359579086,0.755167431429516,1.219263954769674,1406.876924753187723,0.447558671236038,1.129042315483093
1070,MX03002,1070,161917.000000000000000,2.811059072754722,0.246239468455315,29.522628784179688,29.276389315724373,0.337325087433108,0.413012424485715,54618.666181906570273,0.314206540584564,0.350251454114914
1071,MX31053,1071,1980.000000000000000,0.034375000550000,0.298326939344406,9.872202873229980,9.573875933885574,0.490878035955960,0.693187568935610,971.938511192799865,0.350593402981758,0.528201127052307
1072,MX29011,1072,178.000000000000000,0.003090277827222,0.461994946002960,8.224645614624023,7.762650668621063,1.041104091184863,1.037548019979448,185.316528230905533,0.680074036121368,1.855035781860353
1073,MX31054,1073,359.000000000000000,0.006232638988611,0.405402123928070,5.260317325592041,4.854915201663971,0.683677904121059,0.509189326971123,245.440367579460059,0.549690127372742,0.855150270462036
1074,MX05020,1074,43951.000000000000000,0.763038206653056,0.272313594818115,30.459686279296875,30.187372684478760,0.400095967262592,0.894351509358495,17584.617857158169500,0.325978696346283,0.354625582695007
1075,MX27013,1075,2603.000000000000000,0.045190972945278,0.458065420389175,30.068719863891602,29.610654443502426,2.093079498775456,3.272783941473973,5448.285935312510446,1.127234578132629,3.722602939605714
1076,MX26039,1076,6653.000000000000000,0.115503474070278,0.306407481431961,25.354301452636719,25.047893971204758,0.412755007387623,0.729405819882336,2746.059064149855658,0.348575919866562,0.394643282890320
1077,MX26040,1077,15209.000000000000000,0.264045143113611,0.272498786449432,5.069071292877197,4.796572506427765,0.319821363760406,0.072941269523369,4864.163121432015032,0.316972345113754,0.331718939542770
1078,MX26041,1078,9377.000000000000000,0.162795141493611,0.289670795202255,177.826629638671875,177.536958843469620,0.684753017787476,4.258951122155792,6420.929047793164500,0.341161102056503,0.473521381616592
1079,MX05021,1079,3753.000000000000000,0.065156251042500,0.287285029888153,15.416689872741699,15.129404842853546,0.523255568510877,0.867830275566899,1963.778148621319588,0.341549366712570,0.640271139144899
1080,MX16056,1080,1505.000000000000000,0.026128472640278,0.306013226509094,13.084423065185547,12.778409838676453,0.651039706175509,0.969267511902474,979.814757794140860,0.397009253501892,0.884225785732270
1081,MX08048,1081,25993.000000000000000,0.451267368331389,0.281800121068954,18.740612030029297,18.458811908960342,0.435559812490495,0.615245820352992,11321.506206065430888,0.344276010990143,0.457703202962875
1082,MX29021,1082,535.000000000000000,0.009288194593056,0.553941130638123,22.579353332519531,22.025412201881409,1.325181974874479,2.208029270951125,708.972356557846069,0.680877268314362,2.252230119705203
1083,MX30206,1083,133.000000000000000,0.002309027814722,3.813599109649658,103.080001831054688,99.266402721405029,13.846840743731734,15.880735144417573,1841.629818916320573,8.231601715087891,24.041469192504884
1084,MX30112,1084,541.000000000000000,0.009392361261389,0.439378917217255,8.414716720581055,7.975337803363800,0.864780604068100,0.753336502524876,467.846306800842228,0.637966573238373,1.284393787384033
1085,MX30113,1085,90.000000000000000,0.001562500025000,0.753984272480011,3.485701084136963,2.731716811656952,1.161752558416791,0.446503152289118,104.557730257511167,1.014666736125946,1.589041662216188
1086,MX30013,1086,685.000000000000000,0.011892361301389,0.364527940750122,18.807205200195312,18.442677259445190,1.454491636961915,2.662025644255304,996.326771318911938,0.597503185272217,2.785914754867554
1087,MX20062,1087,12.000000000000000,0.000208333336667,0.406275421380997,2.752589464187622,2.346314042806625,1.161056468884150,0.741465633196356,13.932677626609800,0.847798973321915,2.270448219776154
1088,MX29023,1088,266.000000000000000,0.004618055629444,1.431437253952026,30.371665954589844,28.940228700637817,5.300494047932159,4.267534007425560,1409.931416749954451,3.582148551940918,11.381590366363525
1089,MX15057,1089,785.000000000000000,0.013628472440278,1.222779273986816,79.568267822265625,78.345488548278809,21.103011337814781,17.161170277946862,16565.863900184602244,15.813714981079102,44.476199340820315
1090,MX21100,1090,302.000000000000000,0.005243055639444,0.463956713676453,4.002032279968262,3.538075566291809,0.968916242091071,0.611151751519715,292.612705111503544,0.725218325853348,1.756404983997345
1091,MX30114,1091,1769.000000000000000,0.030711806046944,0.294336438179016,8.516487121582031,8.222150683403015,0.472132541167662,0.442377646041511,835.202465325594289,0.377131640911102,0.587807226181030
1092,MX21101,1092,140.000000000000000,0.002430555594444,0.418597728013992,3.275914907455444,2.857317179441452,0.789847853141171,0.458534600899962,110.578699439764009,0.647827118635178,1.236327683925629
1093,MX05022,1093,4819.000000000000000,0.083663195783056,0.361697912216187,89.621070861816406,89.259372949600220,1.659110137618015,4.990112349409671,7995.251753181215463,0.598687350749969,2.095888328552244
1094,MX26042,1094,14689.000000000000000,0.255017365191389,0.291015714406967,55.235500335693359,54.944484621286392,1.000192615191193,3.333758389911109,14691.829324543428811,0.405147522687912,1.047977495193482
1095,MX25018,1095,9464.000000000000000,0.164305558184444,0.310339897871017,42.188610076904297,41.878270179033279,1.022953683373444,2.198537567011019,9681.233659446275851,0.462551251053810,1.756263315677643
1096,MX20063,1096,21.000000000000000,0.000364583339167,1.454645991325378,7.010784626007080,5.556138634681702,3.751618459111168,1.701338059591494,78.783987641334534,3.359256982803345,6.311201095581055
1097,MX10015,1097,12317.000000000000000,0.213836808976944,0.270996004343033,12.164813995361328,11.893817991018295,0.363221520568735,0.349005901246680,4473.799468845107185,0.319786459207535,0.364415329694748
1098,MX21102,1098,92.000000000000000,0.001597222247778,0.845125496387482,11.999392509460449,11.154267013072968,2.810691528994104,2.813844516637455,258.583620667457581,1.331239402294159,7.304921865463260
1099,MX20064,1099,2461.000000000000000,0.042725695128056,0.245741963386536,6.194601058959961,5.948859095573425,0.381982558738019,0.318384354202477,940.059077054263525,0.311929613351822,0.458158224821091
1100,MX15059,1100,272.000000000000000,0.004722222297778,4.730796813964844,83.036041259765625,78.305244445800781,17.712377506143909,11.983962523532004,4817.766681671143488,14.446063041687012,33.236815261840817
1101,MX15058,1101,317.000000000000000,0.005503472310278,9.583425521850586,111.385147094726562,101.801721572875977,53.088871140585326,17.829985880030904,16829.172151565548120,58.030410766601562,67.424720764160156
1102,MX21103,1102,532.000000000000000,0.009236111258889,0.348524749279022,6.567937850952148,6.219413101673126,0.699120446591448,0.804064074183089,371.932077586650507,0.431588277220726,1.224624907970429
1103,MX13043,1103,1243.000000000000000,0.021579861456389,0.324721634387970,2.881087064743042,2.556365430355072,0.453008643749349,0.169419168919661,563.089744180441130,0.406318336725235,0.583653652667999
1104,MX15060,1104,1153.000000000000000,0.020017361431389,0.580257713794708,46.802715301513672,46.222457587718964,8.508994703900790,10.971795938545055,9810.870893597610120,3.166477441787720,28.210457992553692
1105,MX07058,1105,144.000000000000000,0.002500000040000,0.309304654598236,6.993511676788330,6.684207022190094,0.660726338831915,1.002983190772794,95.144592791795745,0.367438539862633,0.797903972864151
1106,MX32034,1106,4403.000000000000000,0.076440973445278,0.293742209672928,22.825962066650391,22.532219856977463,0.534521269055082,1.078597361233153,2353.497147649526596,0.366844773292542,0.592075407505035
1107,MX16057,1107,2696.000000000000000,0.046805556304444,0.258238762617111,5.619381904602051,5.361143141984940,0.339655600001799,0.238675433974841,915.711497604848887,0.307929709553719,0.352015852928162
1108,MX26043,1108,9532.000000000000000,0.165486113758889,0.305355161428452,78.738189697265625,78.432834535837173,1.679759644297088,6.659531754532200,16011.468929439839485,0.383216246962547,1.025643682479857
1109,MX30115,1109,316.000000000000000,0.005486111198889,0.585307359695435,60.705924987792969,60.120617628097534,3.414648837303814,5.797581464669675,1079.029032588005293,1.363084852695465,9.032204151153564
1110,MX10016,1110,6043.000000000000000,0.104913196123056,0.280025422573090,13.302082061767578,13.022056639194489,0.453866006240888,0.577524803318553,2742.712275713688541,0.352975606918335,0.489082515239716
1111,MX08049,1111,10518.000000000000000,0.182604169588333,0.279371470212936,7.804561614990234,7.525190144777298,0.335040246775609,0.156297149983795,3523.953315585854398,0.324246615171432,0.342452436685562
1112,MX13044,1112,1696.000000000000000,0.029444444915556,0.407716691493988,7.498551368713379,7.090834677219391,0.879984869779844,0.634084880173898,1492.454339146615212,0.694526672363281,1.354056000709534
1113,MX15061,1113,410.000000000000000,0.007118055669444,0.762906789779663,24.892204284667969,24.129297494888306,2.539237078515495,3.624534485435236,1041.087202191352844,1.215814530849457,5.822323322296153
1114,MX21104,1114,830.000000000000000,0.014409722452778,0.497915208339691,24.047273635864258,23.549358427524567,1.508168178581327,2.177010137801682,1251.779588222501388,0.847850918769836,2.941994380950928
1115,MX32035,1115,2064.000000000000000,0.035833333906667,0.336386740207672,13.980130195617676,13.643743455410004,0.708533287005023,1.018937780960457,1462.412704378367152,0.420996725559235,1.143679273128510
1116,MX08050,1116,14086.000000000000000,0.244548615023889,0.287149637937546,30.028839111328125,29.741689473390579,0.528274304892942,1.523391479953852,7441.271858721981516,0.334991827607155,0.432620033621788
1117,MX10039,1117,9524.000000000000000,0.165347224867778,0.267221271991730,23.673295974731445,23.406074702739716,0.416616451509957,0.749405662362284,3967.855084180826907,0.331060707569122,0.440214231610298
1118,MX28027,1118,6325.000000000000000,0.109809029534722,0.371404916048050,86.476737976074219,86.105333060026169,5.902146214190203,13.817920227872872,37331.074804753028729,0.807590007781982,17.009964752197281
1119,MX28028,1119,1534.000000000000000,0.026631944870556,0.300327837467194,6.571998596191406,6.271670758724213,0.433302325115210,0.367821087651852,664.685766726731913,0.363165318965912,0.514406663179398
1120,MX16058,1120,1158.000000000000000,0.020104166988333,0.279446244239807,14.256527900695801,13.977081656455994,0.560687727801541,0.956842251973383,649.276388794184413,0.370734110474586,0.644994503259659
1121,MX16059,1121,1636.000000000000000,0.028402778232222,0.282291829586029,3.240867137908936,2.958575308322906,0.420766170512348,0.223915826907909,688.373454958200909,0.366965413093567,0.525197416543961
1122,MX20504,1122,495.000000000000000,0.008593750137500,0.276628434658051,4.921715259552002,4.645086824893951,0.420057973958025,0.388800716369933,207.928697109222384,0.342649757862091,0.422799575328827
1123,MX16060,1123,383.000000000000000,0.006649305661944,0.388380706310272,12.917034149169922,12.528653442859650,1.286213438208981,1.478857979794862,492.619746834039688,0.763151586055756,2.506209278106689
1124,MX20067,1124,439.000000000000000,0.007621527899722,0.498863101005554,82.076797485351562,81.577934384346008,16.498295225830990,15.986161080151803,7242.751604139804840,12.552626609802246,39.276235961914054
1125,MX05023,1125,137393.000000000000000,2.385295177053611,0.270461678504944,73.717842102050781,73.447380423545837,0.337494498385307,0.442480859437351,46369.381616652477533,0.327014625072479,0.345739859342575
1126,MX08051,1126,9510.000000000000000,0.165104169308333,0.273364692926407,39.431976318359375,39.158611625432968,0.416451669889421,0.853368741100354,3960.455380648390474,0.319579213857651,0.402948671579361
1127,MX10017,1127,18992.000000000000000,0.329722227497778,0.276391595602036,14.356124877929688,14.079733282327652,0.348052036296498,0.287830568345619,6610.204273343088062,0.324442461133003,0.351065808534622
1128,MX11022,1128,5156.000000000000000,0.089513890321111,0.306671202182770,141.209716796875000,140.903045594692230,0.743949656006992,3.998687620801233,3835.804426372052603,0.389345839619637,0.735939711332321
1129,MX16061,1129,706.000000000000000,0.012256944640556,0.374437838792801,6.011489391326904,5.637051552534103,0.700850871737212,0.546490107398486,494.800715446471884,0.485587656497955,1.215858876705170
1130,MX28029,1130,7478.000000000000000,0.129826390966111,0.283927142620087,6.243853569030762,5.959926426410675,0.357364072499031,0.183575498435260,2672.368534147751234,0.333638697862625,0.383221134543419
1131,MX07059,1131,46570.000000000000000,0.808506957380556,0.194278851151466,25.629491806030273,25.435212954878807,0.378003273902083,0.544832445366116,17603.612465620004514,0.309566169977188,0.431156423687935
1132,MX07060,1132,297.000000000000000,0.005156250082500,0.323086291551590,12.800576210021973,12.477489918470383,0.887839157573302,1.281565389893183,263.688229799270687,0.484064400196075,1.540092062950136
1133,MX21105,1133,329.000000000000000,0.005711805646944,0.343209326267242,7.702283382415771,7.359074056148529,0.924512118101121,1.039481808865727,304.164486855268706,0.571370601654053,1.832660269737243
1134,MX14063,1134,1210.000000000000000,0.021006944780556,0.399833738803864,38.844982147216797,38.445148408412933,2.812373889330007,5.487362391594172,3402.972406089309061,0.853143274784088,5.714594316482559
1135,MX20068,1135,590.000000000000000,0.010243055719444,0.335653066635132,25.431427001953125,25.095773935317993,1.421955517237468,2.545447795765607,838.953755170106092,0.655882835388184,2.546929478645326
1136,MX15062,1136,688.000000000000000,0.011944444635556,0.821202576160431,35.854824066162109,35.033621490001678,4.215146367459794,5.439777174654482,2900.020700812338418,1.813976645469666,11.335257339477543
1137,MX21106,1137,594.000000000000000,0.010312500165000,0.694099128246307,49.756431579589844,49.062332451343536,5.329271024927146,7.513013593044580,3165.586988806724548,2.095069646835327,13.009817695617683
1138,MX07061,1138,9928.000000000000000,0.172361113868889,0.261726558208466,45.103969573974609,44.842243015766144,0.602062420176581,1.467248603258896,5977.275707513093948,0.385108530521393,0.788481467962265
1139,MX15063,1139,1899.000000000000000,0.032968750527500,0.549989879131317,12.438948631286621,11.888958752155304,1.189285034628654,1.164110719698001,2258.452280759813675,0.800232529640198,2.085923147201538
1140,MX17016,1140,424.000000000000000,0.007361111228889,0.725664734840393,8.459150314331055,7.733485579490662,1.621945480130753,1.124669768028459,687.704883575439453,1.174316525459290,3.110233497619628
1141,MX08052,1141,36280.000000000000000,0.629861121188889,0.284236103296280,44.414657592773438,44.130421489477158,0.425739688556868,1.281538544996699,15445.835900843156196,0.339264422655106,0.381819221377373
1142,MX32036,1142,3267.000000000000000,0.056718750907500,0.360647946596146,34.748706817626953,34.388058871030807,0.855091114711208,1.846788567082819,2793.582671761516394,0.460797756910324,1.207103323936463
1143,MX14064,1143,5810.000000000000000,0.100868057169444,0.300012260675430,29.901119232177734,29.601106971502304,0.546981030789793,1.116834576823531,3177.959788888697858,0.376779794692993,0.572978436946869
1144,MX12045,1144,3470.000000000000000,0.060243056519444,0.259923398494720,14.013539314270020,13.753615915775299,0.434331906297022,0.601331341107406,1507.131714850666413,0.324361190199852,0.548194712400436
1145,MX21107,1145,310.000000000000000,0.005381944530556,0.398415744304657,4.408837795257568,4.010422050952911,0.596984352315626,0.424792906271850,185.065149217844038,0.483836099505424,0.736128443479538
1146,MX30116,1146,385.000000000000000,0.006684027884722,0.425139069557190,15.481340408325195,15.056201338768005,1.852275009433942,2.496837848158997,713.125878632067497,0.947381436824799,3.812715911865235
1147,MX30117,1147,1047.000000000000000,0.018177083624167,0.443402856588364,10.733412742614746,10.290009886026382,0.803445101325127,0.849148920407768,841.207021087408521,0.610912144184113,1.083167767524719
1148,MX12046,1148,2919.000000000000000,0.050677084144167,0.286338478326797,17.929006576538086,17.642668098211288,0.642073494873866,1.144446342638225,1874.212531536815277,0.395998120307922,0.859612464904786
1149,MX13045,1149,393.000000000000000,0.006822916775833,0.542985320091248,7.953339099884033,7.410353779792786,1.457833523968704,1.029827270852994,572.928574919700736,1.120836615562439,2.741073846817017
1150,MX26044,1150,2834.000000000000000,0.049201389676111,0.279720664024353,3.908992528915405,3.629271864891052,0.327283670522415,0.126162725105832,927.521922260523979,0.318279325962067,0.333067458868027
1151,MX31055,1151,1296.000000000000000,0.022500000360000,0.306606709957123,4.859701633453369,4.553094923496246,0.500583415919985,0.483895366258752,648.756107032300520,0.364739283919334,0.655517727136612
1152,MX26045,1152,11968.000000000000000,0.207777781102222,0.281668454408646,19.668729782104492,19.387061327695847,0.351082430602136,0.386037772614571,4201.754529446357992,0.324568793177605,0.347239404916763
1153,MX26046,1153,4970.000000000000000,0.086284723602778,0.299313992261887,12.150461196899414,11.851147204637527,0.366873338542715,0.289443796195450,1823.360492557293810,0.343879878520966,0.382562506198883
1154,MX21108,1154,1180.000000000000000,0.020486111438889,0.400333493947983,24.073934555053711,23.673601061105728,1.060052113234998,1.954841986838185,1250.861493617298038,0.546598881483078,1.635074198246012
1155,MX30118,1155,140.000000000000000,0.002430555594444,1.092728257179260,40.156536102294922,39.063807845115662,21.476261748586374,12.372236176063787,3006.676644802092596,24.366112709045410,36.653937530517574
1156,MX07062,1156,2748.000000000000000,0.047708334096667,0.330028474330902,277.445404052734375,277.115375578403473,1.077530283941799,7.919211965670869,2961.053220272064209,0.499108299612999,0.988741523027421
1157,MX07063,1157,453.000000000000000,0.007864583459167,0.423278123140335,9.101070404052734,8.677792280912399,0.837513087074751,1.040797697934680,379.393428444862195,0.545699536800385,1.266811394691467
1158,MX10019,1158,8778.000000000000000,0.152395835771667,0.262806922197342,4.991399765014648,4.728592842817307,0.335364174003562,0.161645275620607,2943.826719403267361,0.306984096765518,0.340280005335808
1159,MX30119,1159,228.000000000000000,0.003958333396667,0.502694964408875,14.762258529663086,14.259563565254211,1.286730542256121,1.946692387415822,293.374563634395543,0.763510167598724,2.022163772583008
1160,MX30120,1160,113.000000000000000,0.001961805586944,1.861438393592834,13.845337867736816,11.983899474143982,4.919049831618251,3.116597327442842,555.852630972862357,3.575459480285645,10.362478828430175
1161,MX23004,1161,42051.000000000000000,0.730052095014167,0.237333968281746,67.385337829589844,67.148003861308098,0.481732408046207,2.054196450087205,20257.329490751049889,0.297486633062363,0.371597826480865
1162,MX15065,1162,704.000000000000000,0.012222222417778,0.711377501487732,34.428173065185547,33.716795563697815,3.868121362883937,4.717444371928064,2723.157439470291592,1.924743890762329,9.264932823181152
1163,MX15066,1163,777.000000000000000,0.013489583549167,0.294033586978912,6.646391391754150,6.352357804775238,0.468919166535178,0.423921811482328,364.350192397832984,0.381702333688736,0.573087096214294
1164,MX15067,1164,554.000000000000000,0.009618055709444,0.738087773323059,21.723457336425781,20.985369563102722,4.074839616402822,3.339153489291572,2257.461147487163544,3.398649692535400,7.997636032104491
1165,MX07064,1165,2033.000000000000000,0.035295139453611,0.276534736156464,14.030110359191895,13.753575623035431,0.564762253759532,0.718968373983188,1148.161661893129349,0.423769086599350,0.781003212928772
1166,MX31056,1166,4296.000000000000000,0.074583334526667,0.267909079790115,13.874066352844238,13.606157273054123,0.456338284610037,0.813884026773438,1960.429270684720677,0.319706618785858,0.434211686253548
1167,MX30121,1167,9807.000000000000000,0.170260419390833,0.279211163520813,7.921844005584717,7.642632842063904,0.364376293648948,0.217496495207593,3573.438311815235920,0.333965241909027,0.387041896581650
1168,MX15068,1168,239.000000000000000,0.004149305621944,1.001360893249512,29.072065353393555,28.070704460144043,4.761474782452923,5.523214886712816,1137.992473006248474,2.019936561584473,13.141280174255373
1169,MX01006,1169,993.000000000000000,0.017239583609167,0.460837751626968,49.153972625732422,48.693134874105453,2.988001157029761,5.178392229590112,2967.085148930552350,1.568419337272644,5.593301963806153
1170,MX13048,1170,761.000000000000000,0.013211805766944,0.692286729812622,58.518154144287109,57.825867414474487,17.128335916964662,16.105572710643916,13034.663632810108538,10.422542572021484,42.918136596679688
1171,MX13047,1171,1931.000000000000000,0.033524306091944,0.302610486745834,3.169008970260620,2.866398483514786,0.392587326046471,0.153301291242490,758.086126595735323,0.355682075023651,0.459056437015533
1172,MX28030,1172,6936.000000000000000,0.120416668593333,0.268256515264511,10.350090980529785,10.081834465265274,0.390046542224655,0.373348330945600,2705.362816870207553,0.329273954033852,0.420132175087929
1173,MX21109,1173,494.000000000000000,0.008576389026111,0.401034235954285,7.375740528106689,6.974706292152405,0.872380991394703,0.686449502141049,430.956209748983497,0.667827725410461,1.411125981807709
1174,MX16062,1174,847.000000000000000,0.014704861346389,0.414734572172165,11.453261375427246,11.038526803255081,0.898289935859064,1.164184643571559,760.851575672627064,0.517029881477356,1.533812475204468
1175,MX30122,1175,1496.000000000000000,0.025972222637778,0.356324672698975,11.217102050781250,10.860777378082275,0.707951458121207,0.663803139895214,1059.095381349325180,0.573931008577347,0.964810937643051
1176,MX07065,1176,14140.000000000000000,0.245486115038889,0.256090283393860,31.203187942504883,30.947097659111023,0.500170602559877,1.000207642660329,7072.412320196664041,0.358786702156067,0.620848852396011
1177,MX04007,1177,10675.000000000000000,0.185329864076389,0.257570445537567,148.218231201171875,147.960660755634308,0.496339093019590,2.953809643622459,5298.419817984127803,0.335731863975525,0.520501291751862
1178,MX21110,1178,1789.000000000000000,0.031059028274722,0.401700705289841,67.321105957031250,66.919405251741409,1.410325500420713,2.865227370874985,2523.072320252656027,0.709224700927734,2.618190956115723
1179,MX28031,1179,2434.000000000000000,0.042256945120556,0.274734556674957,19.488782882690430,19.214048326015472,0.415254565162450,0.874538582064674,1010.729611605403875,0.318676367402077,0.399877166748047
1180,MX31057,1180,3344.000000000000000,0.058055556484444,0.263325691223145,9.627936363220215,9.364610671997070,0.340536045400720,0.383769320286508,1138.752535820008461,0.301468282938004,0.328560790419579
1181,MX16063,1181,1431.000000000000000,0.024843750397500,0.309265881776810,10.869247436523438,10.559981554746628,0.647789972529055,0.786957787419459,926.987450689077264,0.415428280830383,1.102931737899780
1182,MX29024,1182,299.000000000000000,0.005190972305278,0.632141530513763,22.293071746826172,21.660930216312408,3.073098611074149,3.322065083517480,918.856484711170424,1.775086045265198,6.849347496032708
1183,MX07066,1183,933.000000000000000,0.016197916925833,0.383808732032776,8.298315048217773,7.914506316184998,0.704670413801524,0.564089774092009,657.457496076821940,0.546557843685150,1.063420701026917
1184,MX07067,1184,521.000000000000000,0.009045139033611,0.315147131681442,6.065316677093506,5.750169545412064,0.693847182558960,0.660627506525453,361.494382113218137,0.452443361282349,1.203986287117004
1185,MX21111,1185,1099.000000000000000,0.019079861416389,0.322106927633286,3.050261259078979,2.728154331445694,0.486819922490159,0.224935793460960,535.015094816684268,0.423801809549332,0.632205593585968
1186,MX30123,1186,15956.000000000000000,0.277013893321111,0.276910841464996,55.101799011230469,54.824888169765472,0.557241522018536,1.253767278963014,8891.345725327757464,0.385376706719398,0.673942357301712
1187,MX32037,1187,3452.000000000000000,0.059930556514444,0.314705312252045,10.086180686950684,9.771475374698639,0.579105761139583,0.690577067080426,1999.073087453841708,0.420261502265930,0.735171502828598
1188,MX10020,1188,5262.000000000000000,0.091354168128333,0.276473432779312,22.664424896240234,22.387951463460922,0.420766364022698,0.694858577640423,2214.072607487437836,0.335692599415779,0.416895401477814
1189,MX15069,1189,14.000000000000000,0.000243055559444,11.968008041381836,26.859788894653320,14.891780853271484,18.627197742462158,3.988239135102130,260.780768394470215,18.372922897338867,23.404914665222169
1190,MX29041,1190,116.000000000000000,0.002013888921111,1.284294605255127,41.029476165771484,39.745181560516357,11.681833950609995,8.956739879038329,1355.092738270759355,10.209401607513428,23.306105613708496
1191,MX30124,1191,7259.000000000000000,0.126024307571944,0.325999408960342,78.395851135253906,78.069851726293564,1.135243135779367,2.822183596976024,8240.729922622424056,0.624392926692963,1.569524002075195
1192,MX16065,1192,1213.000000000000000,0.021059028114722,0.295603752136230,9.727691650390625,9.432087898254395,0.733947775207662,1.016690273297172,890.278651326894419,0.424444198608398,1.220920515060425
1193,MX16064,1193,2489.000000000000000,0.043211806246944,0.304858893156052,13.621230125427246,13.316371232271194,0.593661650554297,0.798703031094264,1477.623848229644864,0.413922548294067,0.762052977085114
1194,MX27014,1194,1713.000000000000000,0.029739583809167,0.507006287574768,6152.105957031250000,6151.598950743675232,16.169771083704038,194.470560852698128,27698.817866385015805,1.877134561538696,17.732148361206050
1195,MX19040,1195,6105.000000000000000,0.105989585029167,0.301356703042984,8.866506576538086,8.565149873495102,0.366504155725458,0.232050490114386,2237.507870703923800,0.348185807466507,0.373900151252747
1196,MX05024,1196,54923.000000000000000,0.953524320811945,0.268651425838470,41.018661499023438,40.750010073184967,0.388425160408378,0.930333919655955,21333.475085109359497,0.331158906221390,0.381618356704712
1197,MX30126,1197,1917.000000000000000,0.033281250532500,0.349313855171204,9.000177383422852,8.650863528251648,0.730932140263284,0.668955749183390,1401.196912884714948,0.548905074596405,1.174799513816834
1198,MX30125,1198,1982.000000000000000,0.034409722772778,0.349899649620056,13.347180366516113,12.997280716896057,0.669070410454790,0.864234896804668,1326.097553521393593,0.513485729694366,0.839032620191574
1199,MX16066,1199,2166.000000000000000,0.037604167268333,0.300076425075531,33.332118988037109,33.032042562961578,1.222458617123653,2.446531153136564,2647.845364689832422,0.527879416942596,2.232642531394958
1200,MX12047,1200,1449.000000000000000,0.025156250402500,0.272588223218918,5.347605228424072,5.075017005205154,0.358195164949832,0.232949016235887,519.024794012307098,0.332340598106384,0.374964851140976
1201,MX22012,1201,1610.000000000000000,0.027951389336111,0.589493274688721,47.485599517822266,46.896106243133545,3.403164820863593,4.696525709066011,5479.095361590384528,1.807244181632996,7.676858043670662
1202,MX22013,1202,3477.000000000000000,0.060364584299167,0.293734580278397,17.074670791625977,16.780936211347580,0.564351710191154,0.714391940316065,1962.250896334643357,0.393058478832245,0.796632611751557
1203,MX16067,1203,1839.000000000000000,0.031927083844167,0.310734182596207,5.232826709747314,4.922092527151108,0.528216980685353,0.409391343082137,971.391027480363846,0.411100655794144,0.749361419677734
1204,MX11023,1204,7779.000000000000000,0.135052085494167,0.330024182796478,32.065395355224609,31.735371172428131,1.051498984463777,2.011724109932627,8179.610600143717420,0.600173056125641,1.695941305160522
1205,MX10021,1205,8655.000000000000000,0.150260419070833,0.268393486738205,10.087652206420898,9.819258719682693,0.362152010550188,0.393747154001692,3134.425651311873935,0.316498786211014,0.349677091836929
1206,MX16068,1206,1646.000000000000000,0.028576389346111,0.294046044349670,16.917785644531250,16.623739600181580,0.813951634730633,1.344972869883917,1339.764390766621318,0.385790109634399,1.480994343757629
1207,MX30128,1207,3018.000000000000000,0.052395834171667,0.320630222558975,76.554626464843750,76.233996242284775,1.405694594499366,3.927687024920498,4242.386286199084680,0.567681074142456,2.143373584747315
1208,MX19041,1208,1673.000000000000000,0.029045139353611,0.509235918521881,82.387832641601562,81.878596723079681,6.402766959010224,9.799622978740981,10711.829122424103844,2.482086181640625,18.202227020263670
1209,MX12048,1209,9641.000000000000000,0.167378474900278,0.242005810141563,10.655049324035645,10.413043513894081,0.370362301021983,0.437841745128559,3570.662944152941691,0.309053987264633,0.401558190584183
1210,MX21112,1210,1136.000000000000000,0.019722222537778,0.273316115140915,8.352739334106445,8.079423218965530,0.562411151878851,0.640122574218357,638.899068534374805,0.375028908252716,0.908293843269348
1211,MX31058,1211,5266.000000000000000,0.091423612573889,0.265722483396530,18.700174331665039,18.434451848268509,0.422849376290822,0.772006690678777,2226.724815547468097,0.319271758198738,0.434891685843468
1212,MX21113,1212,1088.000000000000000,0.018888889191111,0.293352425098419,6.882616519927979,6.589264094829559,0.484413073261213,0.489405035054602,527.041423708200000,0.363522812724113,0.649608731269836
1213,MX07068,1213,2886.000000000000000,0.050104167468333,0.326725035905838,377.382232666015625,377.055507630109787,1.704346273850829,13.483212828362669,4918.743346333491900,0.659273862838745,1.299652040004730
1214,MX05025,1214,2527.000000000000000,0.043871528479722,0.366368889808655,76.840026855468750,76.473657965660095,5.529008267411238,12.796141907446573,13971.803891748199021,0.650022208690643,22.795546722412119
1215,MX14065,1215,4334.000000000000000,0.075243056759444,0.273153007030487,8.210672378540039,7.937519371509552,0.398215183256736,0.367028301260612,1725.864604234695435,0.336205229163170,0.449988466501236
1216,MX07069,1216,8478.000000000000000,0.147187502355000,0.249241486191750,31.220298767089844,30.971057280898094,0.515905152965009,1.100531048221954,4373.843886837349601,0.351500228047371,0.647088122367859
1217,MX12049,1217,799.000000000000000,0.013871527999722,0.394230753183365,11.508980751037598,11.114749997854233,0.837668740033208,1.046839643854618,669.297323286533469,0.526079595088959,1.366132974624634
1218,MX22002,1218,3565.000000000000000,0.061892362101389,0.287143766880035,9.581090927124023,9.293947160243988,0.447926773613665,0.357627619549537,1596.858947932716774,0.373464763164520,0.583705198764801
1219,MX32038,1219,15987.000000000000000,0.277552087774167,0.295738756656647,31.518972396850586,31.223233640193939,0.572557371761944,1.121536246687501,9153.474702358191280,0.382183253765106,0.638861274719238
1220,MX20070,1220,326.000000000000000,0.005659722312778,0.320439547300339,10.679597854614258,10.359158307313919,0.635965748524373,1.088005811805022,207.324834018945751,0.402892410755157,0.661643445491791
1221,MX13049,1221,939.000000000000000,0.016302083594167,0.344042688608170,4.230284214019775,3.886241525411606,0.526436645732013,0.266102564222092,494.324010342360111,0.461916893720627,0.688495492935181
1222,MX26047,1222,52787.000000000000000,0.916440986885278,0.269814878702164,45.424846649169922,45.155031770467758,0.359432151307342,0.686567771323786,18973.344971060640091,0.323130071163177,0.347839200496674
1223,MX30129,1223,1238.000000000000000,0.021493055899444,0.325534194707870,9.647480010986328,9.321945816278458,0.530296518507991,0.679287460963930,656.507089912892866,0.398582711815834,0.650528311729431
1224,MX30130,1224,5840.000000000000000,0.101388890511111,0.286885261535645,14.028115272521973,13.741230010986328,0.461218510124168,0.558508050282623,2693.516099125143683,0.364603132009506,0.552865242958069
1225,MX02005,1225,2751.000000000000000,0.047760417430833,0.376340478658676,45.796501159667969,45.420160681009293,3.701220309136342,7.332146582581458,10182.057070434077104,0.669741511344910,10.098997116088867
1226,MX20071,1226,503.000000000000000,0.008732639028611,0.275245130062103,5.121469974517822,4.846224844455719,0.464609245893732,0.484059123527081,233.698450684547339,0.344984889030457,0.568501257896423
1227,MX10022,1227,5765.000000000000000,0.100086807156944,0.276172101497650,17.089124679565430,16.812952578067780,0.440988308124095,0.708331912099339,2542.297596335408798,0.331580698490143,0.434417635202408
1228,MX15071,1228,632.000000000000000,0.010972222397778,0.556436002254486,13.890813827514648,13.334377825260162,1.890220509111127,1.601130924132898,1194.619361758232344,1.477826595306396,3.413889217376708
1229,MX14066,1229,4160.000000000000000,0.072222223377778,0.309403628110886,29.841840744018555,29.532437115907669,0.852383917269228,1.673990898055561,3545.917095839989997,0.420160755515099,1.375578236579895
1230,MX30131,1230,317.000000000000000,0.005503472310278,1.725424528121948,668.052612304687500,666.327187776565552,25.547251002269583,58.586839145287634,8098.478567719457715,17.098110198974609,31.713519287109378
1231,MX08053,1231,2014.000000000000000,0.034965278337222,0.337938964366913,23.417169570922852,23.079230606555939,0.713609133378159,1.518883697153647,1437.208794623611766,0.397933349013329,0.829417371749878
1232,MX05026,1232,15186.000000000000000,0.263645837551667,0.284483999013901,21.084873199462891,20.800389200448990,0.383885635216373,0.536155519097515,5829.687256395833174,0.338976606726646,0.381719663739204
1233,MX31059,1233,1800.000000000000000,0.031250000500000,0.350532531738281,52.727436065673828,52.376903533935547,2.070589099095930,5.230073807348790,3727.060378372673313,0.599125772714615,3.743012714385989
1234,MX13050,1234,455.000000000000000,0.007899305681944,0.464945942163467,34.471229553222656,34.006283611059189,2.243029493551987,4.274795659330137,1020.578419566154139,0.895702779293060,4.179395103454592
1235,MX21114,1235,2698.000000000000000,0.046840278527222,0.499073445796967,128.363037109375000,127.863963663578033,20.785606191302346,21.968779293170257,56079.565504133730428,9.652564525604248,52.071202087402355
1236,MX10023,1236,35335.000000000000000,0.613454870926389,0.252754539251328,28.923563003540039,28.670808464288712,0.336752631338040,0.473072244631017,11899.154228329647594,0.306040853261948,0.332895833253860
1237,MX11024,1237,298.000000000000000,0.005173611193889,0.968009412288666,19.607242584228516,18.639233171939850,2.634334733222158,2.156425144663535,785.031750500203088,2.059102892875671,4.396654129028320
1238,MX07072,1238,1213.000000000000000,0.021059028114722,0.339574277400970,18.399438858032227,18.059864580631256,0.768914149378512,1.152138714015948,932.692863196134681,0.507082998752594,1.126176452636719
1239,MX30133,1239,1433.000000000000000,0.024878472620278,0.415948569774628,151.936264038085938,151.520315468311310,2.862420540544755,7.823732253926098,4101.848634600633886,0.750791132450104,6.450165843963623
1240,MX17017,1240,1462.000000000000000,0.025381944850556,0.370407879352570,17.153621673583984,16.783213794231415,1.589965368018433,2.151039675742156,2324.529368042949500,0.813299298286438,3.520691728591921
1241,MX30134,1241,1903.000000000000000,0.033038194973056,0.323768347501755,14.950477600097656,14.626709252595901,0.648970127528552,0.844005438048713,1234.990152686835245,0.457079738378525,0.919770038127899
1242,MX26048,1242,33593.000000000000000,0.583211814886945,0.275173217058182,49.140945434570312,48.865772217512131,0.546441633629892,2.318302162420174,18356.613798528953339,0.348084717988968,0.389862555265427
1243,MX14067,1243,3401.000000000000000,0.059045139833611,0.294451296329498,57.547748565673828,57.253297269344330,2.965785296357262,6.850462580100573,10086.635792911047247,0.547670245170593,8.058802604675293
1244,MX12050,1244,626.000000000000000,0.010868055729444,0.360267788171768,24.861356735229492,24.501088947057724,1.490093848099724,2.661704764513715,932.798748910427435,0.649496287107468,2.986102223396301
1245,MX16070,1245,957.000000000000000,0.016614583599167,0.342471539974213,16.178085327148438,15.835613787174225,0.968172460265044,1.780272775403135,926.541044473646707,0.465271562337875,1.539583134651182
1246,MX11025,1246,1460.000000000000000,0.025347222627778,0.324996024370193,45.017810821533203,44.692814797163010,2.295442418692867,4.771507995369961,3351.345931291585657,0.754470616579056,4.824758529663087
1247,MX16071,1247,3581.000000000000000,0.062170139883611,0.338226705789566,25.682756423950195,25.344529718160629,0.819589810210279,1.500442602667599,2934.951110363007501,0.467998176813126,1.323447227478027
1248,MX20073,1248,1995.000000000000000,0.034635417220833,0.258289098739624,10.330473899841309,10.072184801101685,0.475206533858651,0.608670606345679,948.037035048007965,0.346714675426483,0.648703038692474
1249,MX21115,1249,922.000000000000000,0.016006944700556,0.402726590633392,145.436492919921875,145.033766329288483,2.787023058973266,9.495093025268480,2569.635260373351684,1.128719687461853,5.514322948455808
1250,MX12051,1250,4143.000000000000000,0.071927084484167,0.265561342239380,6.122673034667969,5.857111692428589,0.425138325304792,0.295766460679235,1761.348081737752182,0.350266516208649,0.567323672771454
1251,MX16072,1251,1164.000000000000000,0.020208333656667,0.309554815292358,12.243396759033203,11.933841943740845,0.624030578535858,0.871097595422180,726.371593415738403,0.403064653277397,0.832560098171234
1252,MX22014,1252,3409.000000000000000,0.059184028724722,0.551900625228882,132.381530761718750,131.829630136489868,15.472444685507657,20.422091096089837,52745.563932895602193,3.882591009140015,51.214302062988288
1253,MX21116,1253,829.000000000000000,0.014392361341389,0.294087707996368,3.571922302246094,3.277834594249725,0.617547290460336,0.382446761769766,511.946703791618404,0.490833818912506,0.996802449226380
1254,MX31060,1254,514.000000000000000,0.008923611253889,0.274991393089294,3.862774848937988,3.587783455848694,0.359005003413802,0.313156836203081,184.528571754694042,0.307222753763199,0.347404783964157
1255,MX26049,1255,19909.000000000000000,0.345642366641389,0.273477256298065,5.612402915954590,5.338925659656525,0.338576287926339,0.091885091965479,6740.715316325480671,0.324516355991364,0.375587320327759
1256,MX16073,1256,1061.000000000000000,0.018420139183611,0.315017044544220,10.544900894165039,10.229883849620819,0.647949231193382,0.906341723904631,687.474134296178136,0.396457999944687,0.978990256786346
1257,MX14069,1257,3347.000000000000000,0.058107639818611,0.276769280433655,8.094362258911133,7.817592978477478,0.416953354370497,0.396454859241721,1395.542877078054516,0.335801362991333,0.506393742561340
1258,MX30135,1258,125.000000000000000,0.002170138923611,0.602594316005707,50.668128967285156,50.065534651279449,9.086274448394775,11.064822803520871,1135.784306049346924,3.073368310928345,23.563330459594738
1259,MX21117,1259,22.000000000000000,0.000381944450556,1.397030711174011,26.899234771728516,25.502204060554504,10.387327535585923,8.780186453468334,228.521205782890320,6.934935808181763,24.715017509460456
1260,MX30136,1260,58.000000000000000,0.001006944460556,0.770736515522003,7.269912242889404,6.499175727367401,2.288585347348246,1.765621782803412,132.737950146198301,1.335317015647888,4.935078573226930
1261,MX05027,1261,35046.000000000000000,0.608437509735000,0.275309860706329,207.010910034179688,206.735600173473358,0.775412734792444,3.928534166697928,27175.114703535982699,0.348164945840836,0.557330012321472
1262,MX07073,1262,327.000000000000000,0.005677083424167,0.322635829448700,12.085496902465820,11.762861073017120,0.846837667241374,1.194493585098157,276.915917187929153,0.584123790264130,1.041413831710816
1263,MX15072,1263,118.000000000000000,0.002048611143889,1.377378106117249,12.867156028747559,11.489777922630310,4.219177683531226,2.793112169633767,497.862966656684591,3.079678177833557,8.293296527862548
1264,MX24023,1264,3955.000000000000000,0.068663195543056,0.305134952068329,7.554041862487793,7.248906910419464,0.449416166378183,0.391231696968292,1777.440938025712057,0.370902597904205,0.539833116531372
1265,MX26050,1265,4718.000000000000000,0.081909723532778,0.284211009740829,9.595932960510254,9.311721950769424,0.345597871901778,0.288319045308192,1630.530759632586523,0.324692040681839,0.345058542490006
1266,MX19043,1266,3525.000000000000000,0.061197917645833,0.279137223958969,4.709188938140869,4.430051714181900,0.359297562719236,0.182149832331508,1266.523908585305890,0.324428081512451,0.384539657831192
1267,MX07074,1267,2129.000000000000000,0.036961806146944,1.290019035339355,10261.541015625000000,10260.250996589660645,50.849957387175102,358.031897074965400,108259.559277295789798,8.627572059631348,57.746384429931645
1268,MX20075,1268,162.000000000000000,0.002812500045000,0.309858798980713,8.319631576538086,8.009772777557373,0.918022524979379,1.450737324596263,148.719649046659356,0.382144987583160,2.091590857505799
1269,MX20077,1269,57.000000000000000,0.000989583349167,0.714284300804138,11.932151794433594,11.217867493629456,3.647042509756591,2.479290896002142,207.881423056125698,3.077880382537842,7.305690097808837
1270,MX28032,1270,16158.000000000000000,0.280520837821667,0.318729609251022,461.177795410156250,460.859065800905228,3.095662221583682,11.246693625400946,50019.710176349137328,0.469440862536430,3.661127066612245
1271,MX01007,1271,1892.000000000000000,0.032847222747778,0.324802607297897,58.634952545166016,58.310149937868118,1.835050329361228,4.476497577719387,3471.915223151442660,0.609424620866776,3.631498456001288
1272,MX30138,1272,71.000000000000000,0.001232638908611,0.740011394023895,25.033535003662109,24.293523609638214,8.081784385190883,7.605104141741243,573.806691348552704,4.809439182281494,20.321607589721680
1273,MX28033,1273,8079.000000000000000,0.140260418910833,0.331761062145233,55.153247833251953,54.821486771106720,1.268180176964318,3.966692465215983,10245.627649694726642,0.470302134752274,1.543194746971130
1274,MX32039,1274,9390.000000000000000,0.163020835941667,0.286417871713638,63.147750854492188,62.861332982778549,0.870520489709699,3.135852833703848,8174.187398374073382,0.355375975370407,0.706877338886261
1275,MX31061,1275,1338.000000000000000,0.023229167038333,0.260743647813797,9.886265754699707,9.625522106885910,0.410781006530619,0.756604964174939,549.624986737967674,0.300654903054237,0.373832216858864
1276,MX24024,1276,15410.000000000000000,0.267534726502778,0.284233629703522,36.527500152587891,36.243266522884369,0.590152383759609,1.547414521745922,9094.248233735574104,0.362679541110992,0.634100580215454
1277,MX08054,1277,12041.000000000000000,0.209045142233611,0.300229042768478,6.588486671447754,6.288257628679276,0.417139184110120,0.220054585196143,5022.772915869957615,0.379731923341751,0.456815451383591
1278,MX10024,1278,7390.000000000000000,0.128298613163889,0.276555150747299,24.890468597412109,24.613913446664810,0.394706796010873,0.678661479857481,2916.883222520354138,0.324170514941216,0.387164741754532
1279,MX20078,1279,61.000000000000000,0.001059027794722,0.755379199981689,5.233043670654297,4.477664470672607,1.422173290956216,1.015007348134977,86.752570748329177,1.011351585388184,2.905182838439941
1280,MX11026,1280,2203.000000000000000,0.038246528389722,0.415780305862427,45.773384094238281,45.357603788375854,1.616829896820066,3.195680272142952,3561.876262694604520,0.871315777301788,2.538143014907836
1281,MX08055,1281,10203.000000000000000,0.177135419500833,0.304632693529129,20.166528701782227,19.861896008253098,0.512772045619910,0.815602529889657,5231.813181459938278,0.373114854097366,0.518510210514069
1282,MX18010,1282,7698.000000000000000,0.133645835471667,0.276822537183762,17.726734161376953,17.449911624193192,0.430086938269915,0.491862832234771,3310.809250801805319,0.347449004650116,0.494187402725220
1283,MX08056,1283,6162.000000000000000,0.106979168378333,0.283643096685410,5.866755008697510,5.583111912012100,0.348498407658219,0.169820398820605,2147.447187989942449,0.328312188386917,0.353523784875870
1284,MX25014,1284,13363.000000000000000,0.231996531489722,0.272526383399963,91.719306945800781,91.446780562400818,0.561731303611539,1.911683999871992,7506.415410160990177,0.356128901243210,0.593562507629395
1285,MX26051,1285,18595.000000000000000,0.322829866276389,0.266857504844666,17.717498779296875,17.450641274452209,0.332062631919199,0.279228693216700,6174.704640537500381,0.315752089023590,0.334547841548920
1286,MX18011,1286,2617.000000000000000,0.045434028504722,0.270678699016571,20.042285919189453,19.771607220172882,0.532801404373309,1.118075182632470,1394.341275244948747,0.335246771574020,0.600382459163666
1287,MX07076,1287,1219.000000000000000,0.021163194783056,0.325285285711288,13.296042442321777,12.970757156610489,0.679099138908643,1.005715734452342,827.821850329636277,0.458496332168579,0.922886085510254
1288,MX05028,1288,10435.000000000000000,0.181163197343056,0.305137664079666,38.377132415771484,38.071994751691818,0.822464965648728,2.641354708108303,8582.421916544471969,0.378336519002914,0.732964718341828
1289,MX19044,1289,8050.000000000000000,0.139756946680556,0.281721204519272,35.456573486328125,35.174852281808853,0.607207277779990,1.637302641352286,4888.018586128922834,0.344151288270950,0.539436793327332
1290,MX31062,1290,1002.000000000000000,0.017395833611667,0.309532403945923,7.952387332916260,7.642854928970337,0.508211910040554,0.564246268503520,509.228333860635075,0.385948464274406,0.619249588251114
1291,MX05029,1291,1517.000000000000000,0.026336805976944,0.309811294078827,13.584980010986328,13.275168716907501,0.466290472877128,0.825026239753193,707.362647354603268,0.365391552448273,0.458822065591812
1292,MX26052,1292,26675.000000000000000,0.463107646298611,0.266480684280396,35.974708557128906,35.708227872848511,0.385800917287128,0.806547722849636,10291.239468634137666,0.313926368951797,0.347818851470947
1293,MX16076,1293,639.000000000000000,0.011093750177500,0.364893257617950,51.907089233398438,51.542195975780487,4.289486801027317,8.892605738445948,2740.982065856455392,0.801874697208405,12.514705085754400
1294,MX32040,1294,7189.000000000000000,0.124809029774722,0.280356407165527,10.081799507141113,9.801443099975586,0.429046789969534,0.490366454728318,3084.417373090982892,0.340146601200104,0.444296216964722
1295,MX11027,1295,3773.000000000000000,0.065503473270278,0.412885129451752,3640.104980468750000,3639.692095339298248,8.291720880671891,89.569493848412066,31284.662882775042817,1.592831492424011,9.400052070617679
1296,MX20079,1296,629.000000000000000,0.010920139063611,0.639040231704712,9025.773437500000000,9025.134397268295288,80.644298083736714,562.031738076968054,50725.263494670391083,5.399849891662598,46.946712493896527
1297,MX24025,1297,8768.000000000000000,0.152222224657778,0.272222757339478,27.195699691772461,26.923476934432983,0.469962780329868,1.003204563211144,4120.633657932281494,0.338632822036743,0.520597422122955
1298,MX19045,1298,8668.000000000000000,0.150486113518889,0.293623179197311,48.077125549316406,47.783502370119095,1.149271628698640,3.237935315615556,9961.886477559815830,0.395857587456703,1.312627029418945
1299,MX30139,1299,530.000000000000000,0.009201389036111,0.327693641185760,7.321194648742676,6.993501007556915,0.657119762503876,0.689019419852224,348.273474127054556,0.464063882827759,0.933150863647461
1300,MX05030,1300,28949.000000000000000,0.502586813596945,0.254463434219360,98.258247375488281,98.003783941268921,1.814264366403660,7.478338779530008,52521.139143019558105,0.330865442752838,0.859638011455536
1301,MX07077,1301,6015.000000000000000,0.104427085004167,0.273371756076813,11.666650772094727,11.393279016017914,0.467026462544032,0.480104925705770,2809.164172202354621,0.376203447580338,0.593426990509033
1302,MX25015,1302,4000.000000000000000,0.069444445555556,0.338540494441986,74.636695861816406,74.298155367374420,1.540421576403085,5.336725924019667,6161.686305612338401,0.473344743251801,1.587272810935974
1303,MX16079,1303,2419.000000000000000,0.041996528449722,0.304903119802475,10.811250686645508,10.506347566843033,0.606511853521349,0.777793471540533,1467.152173668142495,0.414348512887955,0.821576201915742
1304,MX11028,1304,2947.000000000000000,0.051163195263056,0.377029150724411,51.378204345703125,51.001175194978714,1.622030404257621,3.248092906008708,4780.123601347208023,0.744673907756805,3.099687957763675
1305,MX31063,1305,807.000000000000000,0.014010416890833,0.317276269197464,6.808920383453369,6.491644114255905,0.573580500620153,0.510790167783493,462.879464000463429,0.422147065401077,0.739055418968201
1306,MX20080,1306,268.000000000000000,0.004652777852222,0.282115250825882,2.380723237991333,2.098607987165451,0.415000437355753,0.285657924993787,111.220117211341829,0.332650750875473,0.492994469404221
1307,MX20081,1307,476.000000000000000,0.008263889021111,0.262383192777634,6.667047977447510,6.404664784669876,0.471655808389187,0.603179278358548,224.508164793252831,0.330383360385895,0.606067538261414
1308,MX20082,1308,736.000000000000000,0.012777777982222,0.253807961940765,2.487270116806030,2.233462154865265,0.354096526603984,0.193925196002297,260.615043580532358,0.313318461179733,0.398637920618057
1309,MX20083,1309,126.000000000000000,0.002187500035000,0.836218476295471,16.362348556518555,15.526130080223083,3.455129856155032,3.902405045898180,435.346361875534058,1.687869548797607,10.395878791809082
1310,MX20084,1310,271.000000000000000,0.004704861186389,0.345254719257355,7.213995456695557,6.868740737438202,1.098992536758585,1.308240165257016,297.826977461576519,0.533762574195862,3.030458450317383
1311,MX20085,1311,1631.000000000000000,0.028315972675278,0.247232243418694,2.518902301788330,2.271670058369637,0.341580632117027,0.136528481958289,557.118010982871056,0.312904566526413,0.392331987619400
1312,MX13036,1312,1227.000000000000000,0.021302083674167,0.331752330064774,10.355399131774902,10.023646801710129,0.551128893094814,0.566440047579143,676.235151827336949,0.418684810400009,0.784356212615967
1313,MX20086,1313,251.000000000000000,0.004357638958611,0.278596729040146,1.740763545036316,1.462166815996170,0.382290599593128,0.176654172099140,95.954940497875242,0.336032390594482,0.456269472837448
1314,MX13052,1314,1474.000000000000000,0.025590278187222,0.603780925273895,25.883497238159180,25.279716312885284,2.023050265930080,2.785340256059180,2981.976091980938236,1.016442418098450,4.409367752075196
1315,MX20087,1315,32.000000000000000,0.000555555564444,5.668522357940674,17.309303283691406,11.640780925750732,10.286495864391325,3.268642890739395,329.167867660522404,9.911614894866943,14.442534732818604
1316,MX20088,1316,1272.000000000000000,0.022083333686667,0.264122217893600,1.434854984283447,1.170732766389847,0.316879453711540,0.069825436000027,403.070665121078264,0.304966732859612,0.334290423989296
1317,MX21119,1317,290.000000000000000,0.005034722302778,3.535342454910278,75.301017761230469,71.765675306320190,27.143942736757211,14.525315911124395,7871.743393659590765,24.293870925903320,48.048458480834967
1318,MX20089,1318,483.000000000000000,0.008385416800833,0.281329482793808,2.556008100509644,2.274678617715836,0.392144271243927,0.217194666624376,189.405683010816546,0.342843264341354,0.458811646699905
1319,MX07118,1319,193.000000000000000,0.003350694498056,0.378658026456833,9.653804779052734,9.275146752595901,0.916284371534160,1.283582620365175,176.842883706092806,0.480933099985123,1.693574380874634
1320,MX20090,1320,431.000000000000000,0.007482639008611,0.307734012603760,9.713854789733887,9.406120777130127,0.662140085843766,0.920379933303144,285.382376998662949,0.417724549770355,0.927121937274933
1321,MX20091,1321,134.000000000000000,0.002326388926111,0.451854288578033,12.549276351928711,12.097422063350677,2.201961107663254,2.876825290840429,295.062788426876011,0.769368201494217,6.339565277099611
1322,MX20092,1322,138.000000000000000,0.002395833371667,0.364570826292038,4.010382652282715,3.645811825990677,0.765686105990756,0.588991153343007,105.664682626724314,0.579332560300827,1.317225193977356
1323,MX20093,1323,247.000000000000000,0.004288194513056,0.261000335216522,0.981108367443085,0.720108032226562,0.327541979097644,0.089091562993641,80.902868837118177,0.301016449928284,0.387794703245163
1324,MX20094,1324,313.000000000000000,0.005434027864722,0.283485293388367,1.464784979820251,1.181299686431885,0.359593161950096,0.115103831766292,112.552659690380111,0.332254290580750,0.423391771316528
1325,MX20095,1325,275.000000000000000,0.004774305631944,0.280172199010849,1.370814323425293,1.090642124414444,0.467033503272317,0.186436503331578,128.434213399887113,0.398239463567734,0.681472742557526
1326,MX20096,1326,110.000000000000000,0.001909722252778,0.309540122747421,2.984699487686157,2.675159364938736,0.600120747089386,0.448796193035785,66.013282179832473,0.408061459660530,1.085787808895111
1327,MX20097,1327,236.000000000000000,0.004097222287778,0.274152159690857,2.038818120956421,1.764665961265564,0.415977202355862,0.211708630390521,98.170619755983353,0.345778524875641,0.602009773254395
1328,MX30140,1328,111.000000000000000,0.001927083364167,0.562311410903931,4.047876834869385,3.485565423965454,1.240874439209431,0.769440835203495,137.737062752246800,0.924287319183350,2.309971809387207
1329,MX20098,1329,713.000000000000000,0.012378472420278,0.278894990682602,1.068084359169006,0.789189368486404,0.338958212653851,0.063611339691869,241.677205622196084,0.325836122035980,0.366593915224075
1330,MX20099,1330,70.000000000000000,0.001215277797222,0.305074870586395,1.987492680549622,1.682417809963226,0.496660203167370,0.301063021589472,34.766214221715927,0.373700141906738,0.924319791793823
1331,MX30141,1331,4712.000000000000000,0.081805556864444,0.276619881391525,26.124086380004883,25.847466498613358,0.627836539405311,1.271177273338401,2958.365773677825473,0.372052386403084,0.909056872129441
1332,MX20100,1332,201.000000000000000,0.003489583389167,0.279020845890045,0.916773974895477,0.637753129005432,0.359587587972186,0.093812016429645,72.277105182409301,0.332897782325745,0.427730262279510
1333,MX20101,1333,33.000000000000000,0.000572916675833,0.315231919288635,1.643423795700073,1.328191876411438,0.649047061349406,0.379838407495425,21.418553024530407,0.466104626655579,1.162642431259155
1334,MX20102,1334,336.000000000000000,0.005833333426667,0.291303843259811,7.820049762725830,7.528745919466019,0.826795720717027,0.998003066497480,277.803362160921210,0.401043325662613,1.930218815803528
1335,MX20103,1335,57.000000000000000,0.000989583349167,0.711253046989441,14.986707687377930,14.275454640388489,3.769163225826464,4.088330558739771,214.842303872108488,1.773087024688721,10.491040039062497
1336,MX20104,1336,515.000000000000000,0.008940972365278,0.258866637945175,2.495238304138184,2.236371666193008,0.335384082967795,0.178979267308570,172.722802728414678,0.296022415161133,0.367046773433685
1337,MX20105,1337,534.000000000000000,0.009270833481667,0.255085319280624,2.398151874542236,2.143066555261612,0.374667915065637,0.201368557078328,200.072666645050134,0.310920581221581,0.531989002227783
1338,MX24026,1338,480.000000000000000,0.008333333466667,0.340934574604034,3.454054832458496,3.113120257854462,0.562506055459381,0.309463050851844,270.002906620502699,0.491871461272240,0.771198314428330
1339,MX20106,1339,81.000000000000000,0.001406250022500,0.322677940130234,0.989054977893829,0.666377037763596,0.446586778870335,0.149321683303600,36.173529088497169,0.384242057800293,0.632762908935547
1340,MX21120,1340,394.000000000000000,0.006840277887222,0.392715573310852,3.960137367248535,3.567421793937683,0.728101291178447,0.443364639171259,286.871908724308128,0.573838174343109,1.256700778007507
1341,MX20107,1341,55.000000000000000,0.000954861126389,1.400182485580444,22.652082443237305,21.251899957656860,9.684508174115960,6.940315307346024,532.647949576377755,9.768501281738281,19.452411651611328
1342,MX20108,1342,930.000000000000000,0.016145833591667,0.260122299194336,2.633485317230225,2.373363018035889,0.333189564654904,0.155071099742330,309.866295129060802,0.299448162317276,0.363976398110390
1343,MX15073,1343,120.000000000000000,0.002083333366667,1.719261765480042,21.477478027343750,19.758216261863708,5.582602934042610,4.967093085183514,669.912352085113184,3.339493513107300,14.680258178710941
1344,MX20109,1344,379.000000000000000,0.006579861216389,0.290968239307404,2.257955789566040,1.966987550258636,0.396321634346703,0.229325776208627,150.205899417400360,0.336212873458862,0.477719563245773
1345,MX20110,1345,140.000000000000000,0.002430555594444,0.293890833854675,1.791750907897949,1.497860074043274,0.466632773407868,0.220441156555377,65.328588277101517,0.403377324342728,0.655543720722198
1346,MX20111,1346,336.000000000000000,0.005833333426667,0.268180400133133,2.559674978256226,2.291494578123093,0.402476006764032,0.262796307976417,135.231938272714643,0.331837311387062,0.478700742125511
1347,MX20112,1347,451.000000000000000,0.007829861236389,0.265204638242722,6.084646701812744,5.819442063570023,0.460547663221867,0.575928975556065,207.706996113061791,0.343227028846741,0.455492317676544
1348,MX20113,1348,588.000000000000000,0.010208333496667,0.249104425311089,1.836518049240112,1.587413623929024,0.322774949097106,0.149319445420643,189.791670069098444,0.291107192635536,0.340097892284394
1349,MX20114,1349,150.000000000000000,0.002604166708333,0.322214722633362,1.623199224472046,1.300984501838684,0.496696379582087,0.187190337531341,74.504456937313023,0.426796987652779,0.733463340997696
1350,MX20115,1350,153.000000000000000,0.002656250042500,0.726807892322540,19.976379394531250,19.249571502208710,3.760298094718284,4.281177701663816,575.325608491897469,1.639266252517700,11.174006843566904
1351,MX20121,1351,370.000000000000000,0.006423611213889,0.280635714530945,0.873426795005798,0.592791080474854,0.356200910420031,0.070138742791077,131.794336855411501,0.334882706403732,0.421481007337570
1352,MX13053,1352,1798.000000000000000,0.031215278277222,0.302564024925232,5.030381202697754,4.727817177772522,0.425473871896742,0.275924829188045,765.002021670341719,0.369768366217613,0.496156591176987
1353,MX20122,1353,456.000000000000000,0.007916666793333,0.252634197473526,3.003399372100830,2.750765174627304,0.344433687561959,0.260609844697516,157.061761528253442,0.294733777642250,0.352159753441811
1354,MX20116,1354,282.000000000000000,0.004895833411667,0.292951732873917,0.964468479156494,0.671516746282578,0.354031337491164,0.081366529199748,99.836837172508311,0.331055566668510,0.400547543168068
1355,MX20117,1355,761.000000000000000,0.013211805766944,0.258459746837616,8.961135864257812,8.702676117420197,0.323708035355329,0.333044896117550,246.341814905405244,0.293963760137558,0.325533926486969
1356,MX20118,1356,115.000000000000000,0.001996527809722,0.359332293272018,6.472511768341064,6.113179475069046,1.030837698086449,1.146176530565576,118.546335279941601,0.587925791740417,2.111880922317507
1357,MX20119,1357,415.000000000000000,0.007204861226389,0.266191631555557,1.151131391525269,0.884939759969711,0.327426861998547,0.087522781539592,135.882147729396877,0.312665849924088,0.342114603519440
1358,MX20120,1358,43.000000000000000,0.000746527789722,0.309609532356262,2.050492763519287,1.740883231163025,0.640346066896306,0.400218501529582,27.534880876541141,0.500168085098267,1.287204623222352
1359,MX10025,1359,11999.000000000000000,0.208315975555278,0.276535749435425,13.602744102478027,13.326208353042603,0.359123068803532,0.303008503088785,4309.117702573576025,0.324178367853165,0.354687136411667
1360,MX20123,1360,530.000000000000000,0.009201389036111,0.258855253458023,1.986715793609619,1.727860540151596,0.370096907525693,0.184184768640690,196.151360988617057,0.325730741024017,0.429418659210205
1361,MX18012,1361,5414.000000000000000,0.093993057059444,0.243311479687691,23.080007553100586,22.836696073412895,0.525102681013480,0.866164357615706,2842.905915006982468,0.379888474941254,0.665714609622955
1362,MX20124,1362,1021.000000000000000,0.017725694728056,0.397050410509109,17.561758041381836,17.164707630872726,0.951795917737729,1.157086905060923,971.783632010221140,0.624214291572571,1.564999341964722
1363,MX05031,1363,34007.000000000000000,0.590399315001945,0.283155828714371,51.274818420410156,50.991662591695786,0.386066770904660,0.981595007532023,13128.972678154765163,0.330281257629395,0.353732210397720
1364,MX28034,1364,14947.000000000000000,0.259496531929722,0.267979204654694,6.149080753326416,5.881101548671722,0.322015021376414,0.094921117536078,4813.158524513257362,0.315783351659775,0.335952657461166
1365,MX20125,1365,11235.000000000000000,0.195052086454167,0.230592593550682,3.937915086746216,3.707322493195534,0.295569036572734,0.079651598294026,3320.718125894666173,0.286895245313644,0.312502503395081
1366,MX24027,1366,3215.000000000000000,0.055815973115278,0.286468476057053,6.210175037384033,5.923706561326981,0.392325079580117,0.318847000294584,1261.325130850075993,0.343044847249985,0.427184939384460
1367,MX20126,1367,668.000000000000000,0.011597222407778,0.243501946330070,2.004965782165527,1.761463835835457,0.364561608072348,0.166271551460858,243.527154192328396,0.327630802989006,0.410385817289353
1368,MX20127,1368,159.000000000000000,0.002760416710833,0.328910559415817,1.175150513648987,0.846239954233170,0.478137600346931,0.125719324918734,76.023878455162034,0.439440757036209,0.619920623302460
1369,MX14071,1369,2617.000000000000000,0.045434028504722,0.304528951644897,11.766460418701172,11.461931467056274,0.472482117672299,0.573991800031570,1236.485701948405449,0.387419342994690,0.533492577075958
1370,MX07078,1370,1920.000000000000000,0.033333333866667,0.310125797986984,52.322185516357422,52.012059718370438,3.377196134564788,6.793225311030263,6484.216578364392262,0.937279164791107,9.089735031127930
1371,MX20128,1371,82.000000000000000,0.001423611133889,0.332831293344498,1.657654643058777,1.324823349714279,0.487115760765425,0.287477242402531,39.943492382764809,0.374012902379036,0.891794174909592
1372,MX20129,1372,259.000000000000000,0.004496527849722,0.289913266897202,3.312649726867676,3.022736459970474,0.480310887328446,0.459167958578265,124.400519818067593,0.343810200691223,0.594411802291870
1373,MX29049,1373,50.000000000000000,0.000868055569444,1.575932979583740,16.629648208618164,15.053715229034424,4.722845063209532,3.965246239104832,236.142253160476599,2.602921605110168,11.641954421997070
1374,MX14072,1374,1759.000000000000000,0.030538194933056,0.326278328895569,13.090222358703613,12.763944029808044,0.646160484071887,0.798658917247840,1136.596291482448805,0.492653369903564,0.854597485065460
1375,MX11029,1375,5085.000000000000000,0.088281251412500,0.317084729671478,21.820213317871094,21.503128588199615,0.608653525804463,0.914270170002142,3095.003178715695867,0.425054967403412,0.852683424949646
1376,MX21121,1376,655.000000000000000,0.011371527959722,0.383432716131210,2.605893850326538,2.222461134195328,0.532512400850995,0.218647874934044,348.795622557401543,0.481879115104675,0.629412198066712
1377,MX10026,1377,28067.000000000000000,0.487274313351945,0.260816484689713,28.540979385375977,28.280162900686264,0.325810806150766,0.378235954946962,9144.531896233558655,0.304381430149078,0.324321079254150
1378,MX20130,1378,1098.000000000000000,0.019062500305000,0.281777739524841,3.693762302398682,3.411984562873840,0.423674755300546,0.340115721123960,465.194881319999809,0.343370229005814,0.493554705381394
1379,MX20131,1379,1520.000000000000000,0.026388889311111,0.258158802986145,9.765608787536621,9.507449984550476,0.481021561414788,0.708993178229871,731.152773350478014,0.331785917282104,0.542865997552872
1380,MX20132,1380,46.000000000000000,0.000798611123889,0.612142801284790,6.668104648590088,6.055961847305298,1.574275951022687,1.295120358598570,72.416693747043595,1.062650501728058,3.333218574523926
1381,MX20133,1381,539.000000000000000,0.009357639038611,0.266828507184982,4.621711730957031,4.354883223772049,0.393548606056893,0.344760437953684,212.122698664665251,0.329742968082428,0.433549058437347
1382,MX11030,1382,15094.000000000000000,0.262048615303889,0.311360239982605,111.999755859375000,111.688395619392395,0.696791379380202,2.283271931541148,10517.369080364775073,0.435058921575546,0.856682199239731
1383,MX31065,1383,1831.000000000000000,0.031788194953056,0.260874450206757,4.462508678436279,4.201634228229523,0.303109173775370,0.154476245721017,554.992897182702450,0.294925361871719,0.309237867593765
1384,MX26053,1384,813.000000000000000,0.014114583559167,0.291669517755508,7.431748867034912,7.140079349279404,0.391849462763116,0.482564123381219,318.573613226413670,0.324156552553177,0.345668578147888
1385,MX15074,1385,1826.000000000000000,0.031701389396111,0.524266004562378,22.822202682495117,22.297936677932739,1.706287329455458,1.689757954151293,3115.680663585666480,1.257652103900909,2.822094678878784
1386,MX20134,1386,657.000000000000000,0.011406250182500,0.289850533008575,6.244673252105713,5.954822719097137,0.628684339503356,0.552909320109358,413.045611053704988,0.503861904144287,0.872977888584137
1387,MX13046,1387,1624.000000000000000,0.028194444895556,0.329569548368454,11.181353569030762,10.851784020662308,0.644574404166543,0.744689490243177,1046.788832366466522,0.470703706145287,0.896619248390198
1388,MX20135,1388,486.000000000000000,0.008437500135000,0.338133275508881,3.169838905334473,2.831705629825592,0.637750348620455,0.424103713899715,309.946669429540975,0.446623176336288,1.151566803455353
1389,MX21122,1389,194.000000000000000,0.003368055609444,0.539497971534729,10.911367416381836,10.371869444847107,2.136267999091099,2.174072384158669,414.435991823673191,1.041960775852203,5.435434913635255
1390,MX21123,1390,229.000000000000000,0.003975694508056,0.391633182764053,1.994877815246582,1.603244632482529,0.529475652755088,0.208248734566058,121.249924480915155,0.463465839624405,0.687622499465943
1391,MX20136,1391,2192.000000000000000,0.038055556164444,0.257346808910370,3.027906894683838,2.770560085773468,0.354646847481384,0.169741139009952,777.385889679193156,0.321756556630135,0.409493771195412
1392,MX07079,1392,1750.000000000000000,0.030381944930556,0.309591889381409,14.840347290039062,14.530755400657654,0.950374701312610,1.368013138873006,1663.155727297067870,0.526020258665085,1.752802836894989
1393,MX28035,1393,30342.000000000000000,0.526770841761667,0.261344581842422,28.552387237548828,28.291042655706406,0.413971860901969,0.770682128063499,12560.734203487541890,0.334624275565147,0.408766132593155
1394,MX20137,1394,1369.000000000000000,0.023767361491389,0.247663050889969,0.921672821044922,0.674009770154953,0.297850211098561,0.041785831201060,407.756938993930476,0.290978193283081,0.320190840959549
1395,MX20138,1395,219.000000000000000,0.003802083394167,0.266937702894211,1.960028648376465,1.693090945482254,0.385818100547137,0.190233610606645,84.494164019823117,0.331092417240143,0.481860643625259
1396,MX20139,1396,303.000000000000000,0.005260416750833,0.276173710823059,0.593492388725281,0.317318677902222,0.338123984364393,0.043708896534269,102.451567262411146,0.328366309404373,0.374612599611282
1397,MX20140,1397,113.000000000000000,0.001961805586944,0.320615112781525,1.248102784156799,0.927487671375275,0.504651722918569,0.214539392626049,57.025644689798320,0.409712135791779,0.854801011085510
1398,MX08057,1398,6965.000000000000000,0.120920140823611,0.289560735225677,8.253335952758789,7.963775217533112,0.348199232554830,0.189879155396201,2425.207654744388037,0.333629906177521,0.355418622493744
1399,MX08058,1399,4627.000000000000000,0.080329862396389,0.293814182281494,9.113716125488281,8.819901943206787,0.416258502282204,0.378618456627784,1926.028090059757233,0.352349728345871,0.449968004226685
1400,MX01011,1400,709.000000000000000,0.012309027974722,0.634265303611755,66.129333496093750,65.495068192481995,7.352140910366520,10.719871780150934,5212.667905449862701,2.579493999481201,23.157077789306644
1401,MX20141,1401,2136.000000000000000,0.037083333926667,0.247248247265816,10.192434310913086,9.945186063647270,0.372773997618185,0.522193369212021,796.245258912443092,0.300912052392960,0.382411882281303
1402,MX08059,1402,2506.000000000000000,0.043506945140556,0.289456605911255,22.940713882446289,22.651257276535034,0.498966792858513,1.187841522248418,1250.410782903434665,0.342884570360184,0.495143175125122
1403,MX11031,1403,2126.000000000000000,0.036909722812778,0.448849886655807,55.754272460937500,55.305422574281693,3.229779032596083,6.878868808813996,6866.510223299273093,1.109136760234833,6.238442182540894
1404,MX20142,1404,71.000000000000000,0.001232638908611,0.359101682901382,1.077197790145874,0.718096107244492,0.521375029859409,0.161011202782519,37.017627120018012,0.457203954458237,0.769270777702332
1405,MX20143,1405,1029.000000000000000,0.017864583619167,0.261987954378128,7.566924095153809,7.304936140775681,0.482769127808461,0.624527982520828,496.769432514906157,0.334459781646729,0.627126252651215
1406,MX20144,1406,234.000000000000000,0.004062500065000,0.299911677837372,1.727578401565552,1.427666723728180,0.416116131676568,0.169595205295858,97.371174812316852,0.365726336836815,0.514695042371750
1407,MX20145,1407,56.000000000000000,0.000972222237778,1.238741993904114,9.441067695617676,8.202325701713562,4.396835623042924,2.177684100128655,246.222794890403748,4.333745479583740,7.385112285614014
1408,MX20146,1408,197.000000000000000,0.003420138943611,0.294554352760315,1.293586969375610,0.999032616615295,0.401095045550826,0.139055348062629,79.015723973512650,0.353406220674515,0.535633492469788
1409,MX20147,1409,113.000000000000000,0.001961805586944,0.298369735479355,2.520346879959106,2.221977144479752,0.484711069185122,0.370811783919080,54.772350817918792,0.364749580621719,0.617285966873169
1410,MX20148,1410,241.000000000000000,0.004184027844722,0.243345201015472,0.776744902133942,0.533399701118469,0.311209703011137,0.075460984027832,75.001538425683989,0.286153197288513,0.394533753395081
1411,MX20149,1411,524.000000000000000,0.009097222367778,0.263683855533600,6.404747962951660,6.141064107418060,0.439329469363198,0.493561395276519,230.208641946315765,0.314241006970406,0.536864370107651
1412,MX20150,1412,951.000000000000000,0.016510416930833,0.273535698652267,9.027505874633789,8.753970175981522,0.460539323329675,0.712229760272023,437.972896486520824,0.321214109659195,0.457032889127731
1413,MX20151,1413,422.000000000000000,0.007326389006111,0.266389816999435,1.351338386535645,1.084948569536209,0.317999570714354,0.090013013352462,134.195818841457367,0.302545756101608,0.328303927183151
1414,MX29050,1414,198.000000000000000,0.003437500055000,0.525084674358368,14.856369972229004,14.331285297870636,1.915069975034155,2.703544822706351,379.183855056762638,0.700425684452057,6.415056848526002
1415,MX20152,1415,488.000000000000000,0.008472222357778,0.282719105482101,2.092814922332764,1.810095816850662,0.430357519109718,0.227651568685159,210.014469325542422,0.350150227546692,0.642697381973267
1416,MX14113,1416,3711.000000000000000,0.064427084364167,0.282201439142227,14.942070007324219,14.659868568181992,0.477776835731534,0.640386135639348,1773.029837399724329,0.364144772291183,0.570476889610291
1417,MX21124,1417,538.000000000000000,0.009340277927222,0.325473546981812,16.244741439819336,15.919267892837524,1.273965595435476,2.229980267659350,685.393490344285965,0.517702221870422,2.629958772659303
1418,MX20153,1418,865.000000000000000,0.015017361351389,0.238915413618088,6.062525749206543,5.823610335588455,0.359204455813921,0.377207866540386,310.711854279041404,0.295194476842880,0.392014729976654
1419,MX21125,1419,57.000000000000000,0.000989583349167,2.007167816162109,18.078107833862305,16.070940017700195,7.074466521279854,4.006565095476142,403.244591712951660,6.244670867919922,13.423788070678711
1420,MX25016,1420,25906.000000000000000,0.449756951640556,0.269001096487045,23.807132720947266,23.538131624460220,0.364024575590618,0.438431843296900,9430.420655250558411,0.325173854827881,0.370860472321510
1421,MX14125,1421,1134.000000000000000,0.019687500315000,0.355031639337540,26.689712524414062,26.334680885076523,1.267912090849624,2.081638261108446,1437.812311023473058,0.707960695028305,2.195028424263001
1422,MX26072,1422,6176.000000000000000,0.107222223937778,0.273473292589188,14.022312164306641,13.748838871717453,0.426365247594645,0.569154287142476,2633.231769144528698,0.346227809786797,0.467021375894547
1423,MX20154,1423,295.000000000000000,0.005121527859722,0.292081147432327,1.564899802207947,1.272818654775620,0.417941580283440,0.158728725657284,123.292766183614745,0.373734205961227,0.557973110675812
1424,MX20155,1424,193.000000000000000,0.003350694498056,0.260576725006104,4.652814388275146,4.392237663269043,0.439243411770757,0.455012549979634,84.773978471756024,0.316828876733780,0.600871682167053
1425,MX20156,1425,462.000000000000000,0.008020833461667,0.270823508501053,2.537507534027100,2.266684025526047,0.399642681985191,0.227175419434268,184.634919077158202,0.343264222145081,0.495909780263901
1426,MX20157,1426,20.000000000000000,0.000347222227778,19.085521697998047,26.978183746337891,7.892662048339844,22.616600799560548,2.387844154723287,452.332015991210938,22.529224395751953,25.925319099426268
1427,MX20158,1427,314.000000000000000,0.005451388976111,0.263126313686371,1.112320780754089,0.849194467067719,0.343098618042697,0.112704820429782,107.732966065406799,0.308624133467674,0.421442332863808
1428,MX26054,1428,2853.000000000000000,0.049531250792500,0.284231215715408,5.071726322174072,4.787495106458664,0.328771079512090,0.142712903497960,937.983889847992600,0.319616138935089,0.335100686550140
1429,MX20159,1429,2842.000000000000000,0.049340278567222,0.226316243410110,1.510529041290283,1.284212797880173,0.284896185717308,0.062844942987613,809.674959808589165,0.275473862886429,0.301691120862961
1430,MX20160,1430,289.000000000000000,0.005017361191389,0.318627208471298,4.739696025848389,4.421068817377090,0.596125504549812,0.598104432054788,172.280270814895715,0.391729205846786,0.989072179794311
1431,MX20161,1431,1076.000000000000000,0.018680555854444,0.256189465522766,1.153596758842468,0.897407293319702,0.334019713048377,0.071141598825322,359.405211240053120,0.316689744591713,0.386034145951271
1432,MX20162,1432,350.000000000000000,0.006076388986111,0.284940183162689,3.359758853912354,3.074818670749664,0.445640537483352,0.319826939657621,155.974188119173107,0.368268549442291,0.519134300947190
1433,MX20163,1433,85.000000000000000,0.001475694468056,0.354205638170242,1.831103086471558,1.476897448301315,0.594888545485104,0.228323020647266,50.565526366233804,0.539384543895721,0.769333744049072
1434,MX21126,1434,204.000000000000000,0.003541666723333,1.008995652198792,8.857727050781250,7.848731398582458,2.301730127311218,1.472377651053474,469.552945971488498,1.767948210239410,4.308112239837650
1435,MX20550,1435,180.000000000000000,0.003125000050000,0.544126868247986,7.378388404846191,6.834261536598206,1.495119235581821,1.274275655595829,269.121462404727765,0.963122338056564,3.254859304428099
1436,MX21127,1436,707.000000000000000,0.012274305751944,0.288443356752396,6.917845249176025,6.629401892423630,0.601514378480898,0.600234576870635,425.270665585994720,0.429973989725113,0.904518437385559
1437,MX29051,1437,39.000000000000000,0.000677083344167,1.822710871696472,21.674419403076172,19.851708531379700,5.963679692684075,4.887829651048809,232.583508014678927,3.964947462081909,12.896858978271487
1438,MX22015,1438,1378.000000000000000,0.023923611493889,0.308448404073715,9.413281440734863,9.104833036661148,0.507214146402647,0.582929914683428,698.941093742847443,0.372710630297661,0.655310189723968
1439,MX20164,1439,274.000000000000000,0.004756944520556,0.284061640501022,3.816233634948730,3.532171994447708,0.519192852895625,0.508270379696018,142.258841693401365,0.327684819698334,0.884469842910767
1440,MX20165,1440,106.000000000000000,0.001840277807222,0.302799373865128,3.107584476470947,2.804785102605820,0.544257883474512,0.442671555810866,57.691335648298249,0.382537558674812,0.843577355146408
1441,MX21128,1441,872.000000000000000,0.015138889131111,0.436304450035095,43.529705047607422,43.093400597572327,2.359765039227149,4.990378019378414,2057.715114206073849,0.777234971523285,5.271465969085693
1442,MX20166,1442,953.000000000000000,0.016545139153611,0.296963423490524,3.054760217666626,2.757796794176102,0.497125994527453,0.287156622337993,473.761072784662417,0.416707634925842,0.683183908462525
1443,MX01008,1443,4357.000000000000000,0.075642362321389,0.292197853326797,24.919445037841797,24.627247184514999,0.494538244534612,0.953566738245906,2154.703131437302545,0.374728828668594,0.533656179904938
1444,MX20167,1444,141.000000000000000,0.002447916705833,0.301743924617767,1.614219546318054,1.312475621700287,0.547953547526759,0.214283798959983,77.261450201272964,0.508939087390900,0.780165970325470
1445,MX20072,1445,532.000000000000000,0.009236111258889,0.289079129695892,20.188306808471680,19.899227678775787,0.921548779689726,1.545056929513154,490.263950794934487,0.475311562418938,1.632750356197357
1446,MX15124,1446,2429.000000000000000,0.042170139563611,0.327958852052689,10.261888504028320,9.933929651975632,1.157085135977864,0.811216127851765,2810.559795290231705,0.977470517158508,2.130718517303468
1447,MX20168,1447,321.000000000000000,0.005572916755833,0.258919030427933,2.234812736511230,1.975893706083298,0.349344889322917,0.195222955648314,112.139709472656222,0.309521704912186,0.371955424547195
1448,MX20169,1448,263.000000000000000,0.004565972295278,0.308003187179565,0.998234331607819,0.690231144428253,0.419660620589674,0.101330476160509,110.370743215084147,0.387779444456100,0.530597877502441
1449,MX11032,1449,2737.000000000000000,0.047517361871389,0.431218117475510,60.112022399902344,59.680804282426834,2.847814961979325,5.284617716625401,7794.469550937411441,1.259601354598999,5.313445472717286
1450,MX20170,1450,380.000000000000000,0.006597222327778,0.272840738296509,2.044659137725830,1.771818399429321,0.385963632244813,0.179315998445564,146.666180253028898,0.337677463889122,0.496345633268356
1451,MX21129,1451,1646.000000000000000,0.028576389346111,0.292886435985565,10.040167808532715,9.747281372547150,0.528745828429520,0.581067020536680,870.315633594989777,0.362846940755844,0.794498026371002
1452,MX29052,1452,176.000000000000000,0.003055555604444,0.615339577198029,12.271958351135254,11.656618773937225,1.999983809888363,2.155607428826801,351.997150540351925,1.191281735897064,5.274067163467407
1453,MX20171,1453,1270.000000000000000,0.022048611463889,0.284587979316711,1.829207301139832,1.544619321823120,0.388992680456695,0.123462431786676,494.020704180002156,0.362911298871040,0.451741665601730
1454,MX20172,1454,174.000000000000000,0.003020833381667,0.274526059627533,1.277887940406799,1.003361880779266,0.387336947794618,0.153525610043673,67.396628916263595,0.335425734519958,0.534379261732102
1455,MX21130,1455,477.000000000000000,0.008281250132500,0.389774709939957,8.055955886840820,7.666181176900864,0.641461031679338,0.740231853762944,305.976912111043987,0.454027652740479,0.774657666683197
1456,MX20173,1456,659.000000000000000,0.011440972405278,0.238500982522964,1.799781680107117,1.561280697584152,0.318875498176526,0.131151726743121,210.138953298330563,0.292732447385788,0.349624246358872
1457,MX21131,1457,120.000000000000000,0.002083333366667,0.409565567970276,8.802880287170410,8.393314719200134,0.943119967977205,1.322882397854151,113.174396157264653,0.504447788000107,1.827782988548279
1458,MX20175,1458,2068.000000000000000,0.035902778352222,0.253893375396729,1.847666025161743,1.593772649765015,0.304588242356505,0.075963850633499,629.888485193252677,0.295921206474304,0.316525104641914
1459,MX20176,1459,1404.000000000000000,0.024375000390000,0.268986403942108,3.676088809967041,3.407102406024933,0.365006314150119,0.199470469780582,512.468865066766853,0.321547478437424,0.420812180638313
1460,MX20177,1460,2437.000000000000000,0.042309028454722,0.258051633834839,7.969830036163330,7.711778402328491,0.379375393854383,0.366043847929049,924.537834823131789,0.313171923160553,0.433381032943726
1461,MX20178,1461,257.000000000000000,0.004461805626944,0.367730110883713,16.138811111450195,15.771081000566483,1.319115178362405,1.996993825861583,339.012600839138088,0.561169326305389,2.951399183273316
1462,MX20179,1462,559.000000000000000,0.009704861266389,0.271596163511276,1.340441465377808,1.068845301866531,0.341472069937769,0.119907991379018,190.882887095212936,0.311462998390198,0.386792862415314
1463,MX20180,1463,346.000000000000000,0.006006944540556,0.284600406885147,3.993277072906494,3.708676666021347,0.450758448828852,0.395565942547153,155.962423294782639,0.351327821612358,0.526913583278656
1464,MX20181,1464,450.000000000000000,0.007812500125000,0.270088464021683,1.578911066055298,1.308822602033615,0.335777728358905,0.122890314672669,151.099977761507063,0.307850465178490,0.369178780913353
1465,MX20183,1465,433.000000000000000,0.007517361231389,0.273921340703964,2.119046211242676,1.845124870538712,0.403938914006081,0.197480212961265,174.905549764633150,0.344282954931259,0.547601950168610
1466,MX20182,1466,248.000000000000000,0.004305555624444,0.288327068090439,0.843270182609558,0.554943114519119,0.354467239471213,0.075581880425668,87.907875388860759,0.332829922437668,0.408526128530502
1467,MX20184,1467,4257.000000000000000,0.073906251182500,0.325869560241699,20.958471298217773,20.632601737976074,1.032426551827974,1.799301154455450,4395.039831131685787,0.536977231502533,1.644854545593262
1468,MX20559,1468,3359.000000000000000,0.058315973155278,0.259140372276306,5.416618824005127,5.157478451728821,0.405180493150662,0.237031370754465,1361.001276493073647,0.354919254779816,0.501433491706848
1469,MX20185,1469,989.000000000000000,0.017170139163611,0.286565542221069,6.446252822875977,6.159687280654907,0.449317544758983,0.443808244034271,444.375051766633874,0.346145540475845,0.589394879341126
1470,MX07112,1470,847.000000000000000,0.014704861346389,0.375256270170212,6.438829898834229,6.063573628664017,0.839404318345339,0.592653291220749,710.975457638502462,0.677045583724976,1.273912930488586
1471,MX20191,1471,97.000000000000000,0.001684027804722,0.316847890615463,1.522224545478821,1.205376654863358,0.415672425142268,0.191073520855137,40.320225238800035,0.351534277200699,0.497178530693054
1472,MX20192,1472,25.000000000000000,0.000434027784722,0.847179830074310,3.730755805969238,2.883575975894928,1.640514564514160,0.780770533560736,41.012864112854011,1.374209523200989,2.671516418457032
1473,MX20186,1473,440.000000000000000,0.007638889011111,0.260579526424408,1.958413958549500,1.697834432125092,0.344372928278012,0.164095459266617,151.524088442325478,0.314671322703362,0.343051290512085
1474,MX20187,1474,325.000000000000000,0.005642361201389,0.285690039396286,1.111785769462585,0.826095730066299,0.364467516403932,0.094693751425065,118.451942831277862,0.339397102594376,0.438809567689896
1475,MX20188,1475,605.000000000000000,0.010503472390278,0.252583801746368,5.511342048645020,5.258758246898651,0.442183916283048,0.429535051178168,267.521269351243973,0.351201713085175,0.566064000129700
1476,MX20189,1476,490.000000000000000,0.008506944580556,0.271816074848175,1.023222923278809,0.751406848430634,0.327478474925975,0.067134106561945,160.464452713727923,0.312531337141991,0.364829310774803
1477,MX20190,1477,6767.000000000000000,0.117482640768611,0.269707053899765,5.415649890899658,5.145942836999893,0.366535167658330,0.189261859493356,2480.343479543918875,0.331761837005615,0.410857069492340
1478,MX10027,1478,12389.000000000000000,0.215086808996944,0.272834181785583,18.069601058959961,17.796766877174377,0.348854056813061,0.360627813615765,4321.952909857016493,0.319154024124146,0.351014840602875
1479,MX20206,1479,586.000000000000000,0.010173611273889,0.275676667690277,2.879711151123047,2.604034483432770,0.371340983302520,0.213017475766551,217.605816215276860,0.329761087894440,0.407859578728676
1480,MX14073,1480,4259.000000000000000,0.073940973405278,0.348977625370026,107.118766784667969,106.769789159297943,1.391476366442395,4.127507319745682,5926.297844678159890,0.610548973083496,1.657184433937079
1481,MX05032,1481,4244.000000000000000,0.073680556734444,0.300910055637360,38.701938629150391,38.401028573513031,0.850242213798119,2.915355951809803,3608.427955359216412,0.360089123249054,0.690740674734116
1482,MX20193,1482,647.000000000000000,0.011232639068611,0.270159155130386,3.610391378402710,3.340232223272324,0.400501287241439,0.345303576696010,259.124332845211029,0.319114387035370,0.450918728113174
1483,MX10028,1483,7191.000000000000000,0.124843751997500,0.276010155677795,13.128952026367188,12.852941870689392,0.409206536715193,0.482417984868675,2942.604205518956405,0.330738663673401,0.418379992246628
1484,MX20194,1484,345.000000000000000,0.005989583429167,0.279530167579651,3.098567724227905,2.819037556648254,0.413590709713922,0.323266580809371,142.688794851303129,0.329325169324875,0.466118311882019
1485,MX22016,1485,3837.000000000000000,0.066614584399167,0.471340239048004,72.086219787597656,71.614879548549652,4.297032749478877,7.983376871686492,16487.714659750450664,1.400264739990234,10.483433914184571
1486,MX20195,1486,170.000000000000000,0.002951388936111,0.272776305675507,1.700924873352051,1.428148567676544,0.427044900024639,0.258623151142562,72.597633004188552,0.323180481791496,0.702877324819564
1487,MX30142,1487,6196.000000000000000,0.107569446165556,0.290981054306030,75.399620056152344,75.108639001846313,0.544635457404587,1.525174830335435,3374.561294078823721,0.386878415942192,0.659385859966278
1488,MX20196,1488,86.000000000000000,0.001493055579444,0.293891012668610,1.437368988990784,1.143477976322174,0.415843542232070,0.223523170090880,35.762544631958001,0.332497164607048,0.532837957143784
1489,MX20197,1489,155.000000000000000,0.002690972265278,0.545179605484009,6.190475463867188,5.645295858383179,1.098862273077811,1.068379017805849,170.323652327060785,0.691699624061584,2.351468133926390
1490,MX20198,1490,3891.000000000000000,0.067552084414167,0.281334102153778,3.955802679061890,3.674468576908112,0.409225684546836,0.198703290927861,1592.297138571740561,0.352918952703476,0.514087200164795
1491,MX29053,1491,21.000000000000000,0.000364583339167,2.312751770019531,21.204490661621094,18.891738891601562,11.834125677744547,6.200918057508008,248.516639232635498,11.765709877014160,20.091115951538086
1492,MX20199,1492,253.000000000000000,0.004392361181389,0.284113854169846,2.475959062576294,2.191845208406448,0.379964504435128,0.234911102375820,96.131019622087422,0.322643637657166,0.432809400558472
1493,MX20200,1493,1545.000000000000000,0.026822917095833,0.242384806275368,2.385079622268677,2.142694815993309,0.313751756363702,0.112466760482002,484.746463581918931,0.293014258146286,0.349912661314011
1494,MX20201,1494,277.000000000000000,0.004809027854722,0.265346229076385,1.624539256095886,1.359193027019501,0.349880639611599,0.156111831372526,96.916937172412858,0.310299783945084,0.428216212987900
1495,MX20202,1495,1013.000000000000000,0.017586805836944,0.248837426304817,2.366842746734619,2.118005320429802,0.332057903323098,0.143546882069507,336.374656066298485,0.301181972026825,0.378672415018082
1496,MX20203,1496,520.000000000000000,0.009027777922222,0.260227859020233,1.120181679725647,0.859953820705414,0.340776174056988,0.086651374486152,177.203610509633933,0.318796724081039,0.401975962519646
1497,MX20204,1497,516.000000000000000,0.008958333476667,0.261751651763916,2.051759481430054,1.790007829666138,0.340872391654077,0.156883433747783,175.890154093503895,0.301347211003304,0.382050395011902
1498,MX20205,1498,3413.000000000000000,0.059253473170278,0.267313659191132,1.998611450195312,1.731297791004181,0.362379505335325,0.106660788854157,1236.801251709462576,0.337377399206161,0.421364557743073
1499,MX20207,1499,7970.000000000000000,0.138368057769444,0.265499413013458,3.357748031616211,3.092248618602753,0.349180405083085,0.140619145171299,2782.967828512189499,0.327302813529968,0.371671214699745
1500,MX20208,1500,1758.000000000000000,0.030520833821667,0.250577718019485,3.595311403274536,3.344733685255051,0.379180093877552,0.225738395237363,666.598605036735989,0.321765854954720,0.494074025750160
1501,MX20209,1501,370.000000000000000,0.006423611213889,0.245734885334969,3.344324350357056,3.098589465022087,0.339609317038510,0.299638256967500,125.655447304248639,0.289479747414589,0.329865702986717
1502,MX20210,1502,1041.000000000000000,0.018072916955833,0.257562816143036,1.235889196395874,0.978326380252838,0.332257391654106,0.095740012076935,345.879944711923827,0.299973189830780,0.424682050943375
1503,MX20211,1503,1003.000000000000000,0.017413194723056,0.237313747406006,1.346242427825928,1.108928680419922,0.289755432237894,0.079428661384575,290.624698534607830,0.276702582836151,0.303528040647507
1504,MX20212,1504,921.000000000000000,0.015989583589167,0.251188248395920,1.307502269744873,1.056314021348953,0.332063962239267,0.078759742936880,305.830909222364483,0.320727914571762,0.362876683473587
1505,MX20213,1505,994.000000000000000,0.017256944720556,0.241020739078522,2.341057062149048,2.100036323070526,0.317206449162073,0.177822544348052,315.303210467100314,0.283596232533455,0.331250911951065
1506,MX20214,1506,999.000000000000000,0.017343750277500,0.251843959093094,2.996620178222656,2.744776219129562,0.325631652359252,0.155380488109015,325.306020706892298,0.305207252502441,0.332888126373291
1507,MX20215,1507,72.000000000000000,0.001250000020000,0.338933825492859,3.457428932189941,3.118495106697083,0.765845958143473,0.591645317370269,55.140908986330054,0.559409826993942,1.315181839466095
1508,MX20216,1508,96.000000000000000,0.001666666693333,0.295578330755234,1.393266320228577,1.097687989473343,0.383730050486823,0.172351383523422,36.838084846735029,0.336742147803307,0.430987864732742
1509,MX20217,1509,1758.000000000000000,0.030520833821667,0.250034600496292,0.988218128681183,0.738183528184891,0.309842078742043,0.044235831361947,544.702374428511121,0.302202194929123,0.331265571713448
1510,MX20218,1510,346.000000000000000,0.006006944540556,0.259300172328949,1.218857765197754,0.959557592868805,0.322339567231994,0.080514266906000,111.529490262269860,0.308283984661102,0.338481888175011
1511,MX20219,1511,202.000000000000000,0.003506944500556,0.330140888690948,4.525390148162842,4.195249259471893,0.730953570787269,0.644617255118655,147.652621299028368,0.530933558940887,1.293661165237427
1512,MX20220,1512,1256.000000000000000,0.021805555904444,0.257531017065048,1.026758551597595,0.769227534532547,0.323218455289010,0.063692647676176,405.962379842996654,0.309946373105049,0.347352191805840
1513,MX20221,1513,431.000000000000000,0.007482639008611,0.271989911794662,1.516056060791016,1.244066148996353,0.361810805487798,0.134016296732543,155.940457165241128,0.328321039676666,0.418365329504013
1514,MX20222,1514,188.000000000000000,0.003263888941111,0.291084796190262,1.108122944831848,0.817038148641586,0.384796823751419,0.123976721004478,72.341802865266786,0.340928122401237,0.525242853164673
1515,MX20223,1515,141.000000000000000,0.002447916705833,0.292858898639679,0.582830011844635,0.289971113204956,0.343121833412360,0.044574759057259,48.380178511142717,0.333110868930817,0.362441420555115
1516,MX20224,1516,114.000000000000000,0.001979166698333,0.306197732686996,1.895568013191223,1.589370280504227,0.488477584039956,0.287344010486624,55.686444580554948,0.379157871007919,0.704857921600342
1517,MX14007,1517,966.000000000000000,0.016770833601667,0.338849782943726,10.045638084411621,9.706788301467896,0.679095860562957,0.892013666850223,656.006601303816410,0.454145774245262,0.960385859012604
1518,MX14074,1518,1305.000000000000000,0.022656250362500,0.331161260604858,19.795475006103516,19.464313745498657,0.850746714063989,1.896755118111893,1110.224461853505090,0.430515736341476,0.910874056816101
1519,MX20225,1519,283.000000000000000,0.004913194523056,0.292123883962631,2.593436241149902,2.301312357187271,0.489935396416870,0.334610673277751,138.651717185974121,0.385626107454300,0.683702325820923
1520,MX20226,1520,653.000000000000000,0.011336805736944,0.271762639284134,2.747078895568848,2.475316256284714,0.421028808740525,0.240726409780041,274.931812107562962,0.352093279361725,0.542977857589722
1521,MX29054,1521,22.000000000000000,0.000381944450556,1.787269473075867,23.178647994995117,21.391378521919250,5.732816826213489,6.193846829112235,126.121970176696763,2.686264634132385,16.327250671386732
1522,MX20227,1522,134.000000000000000,0.002326388926111,0.765005528926849,18.067848205566406,17.302842676639557,4.166014530765477,3.748954190670258,558.245947122573966,2.794990181922913,9.083936023712159
1523,MX20228,1523,45.000000000000000,0.000781250012500,0.337828934192657,1.170243620872498,0.832414686679840,0.478977328538895,0.182014878743668,21.553979784250263,0.414418548345566,0.708449542522430
1524,MX20229,1524,671.000000000000000,0.011649305741944,0.256459653377533,1.886015415191650,1.629555761814117,0.368869457577096,0.164995581340359,247.511406034231527,0.315614372491837,0.499872565269470
1525,MX20230,1525,254.000000000000000,0.004409722292778,0.277193754911423,1.831452369689941,1.554258614778519,0.364135078792497,0.189349554884484,92.490310013294192,0.318625941872597,0.370491096377373
1526,MX07110,1526,464.000000000000000,0.008055555684444,0.380505949258804,5.840062618255615,5.459556668996811,0.657183820253302,0.561922397081629,304.933292597532215,0.491144642233849,0.935732775926590
1527,MX16077,1527,2305.000000000000000,0.040017361751389,0.269896447658539,11.905607223510742,11.635710775852203,0.489115226747157,0.529356716056835,1127.410597652196202,0.379543870687485,0.625262606143951
1528,MX20231,1528,495.000000000000000,0.008593750137500,0.261173516511917,1.209975481033325,0.948801964521408,0.344944700628820,0.092843278676489,170.747626811265917,0.324583411216736,0.377500468492508
1529,MX20232,1529,2245.000000000000000,0.038975695068056,0.266486048698425,2.364424467086792,2.097938418388367,0.411078913280853,0.141654321130353,922.872160315515316,0.376861482858658,0.491511058807373
1530,MX20233,1530,252.000000000000000,0.004375000070000,0.321624934673309,5.842757225036621,5.521132290363312,0.593519254927597,0.633027562994426,149.566852241754532,0.406078234314919,0.799123644828796
1531,MX29055,1531,145.000000000000000,0.002517361151389,0.470402836799622,9.664107322692871,9.193704485893250,1.428555973233847,1.531208954971261,207.140616118907815,0.848326802253723,3.043800830841064
1532,MX20234,1532,322.000000000000000,0.005590277867222,0.335145622491837,1.299085140228271,0.963939517736435,0.530277633518906,0.173148713886856,170.749397993087797,0.464909881353378,0.762861597537994
1533,MX12052,1533,5354.000000000000000,0.092951390376111,0.252458542585373,15.335697174072266,15.083238631486893,0.427802134481971,0.565316301320594,2290.452628016475046,0.323784247040749,0.524847996234894
1534,MX20235,1534,1406.000000000000000,0.024409722612778,0.255387395620346,1.768762230873108,1.513374835252762,0.349109969725818,0.124055565914005,490.848617434500341,0.309799298644066,0.441234454512596
1535,MX11033,1535,10194.000000000000000,0.176979169498333,0.292938053607941,39.011806488037109,38.718868434429169,0.860980741885775,2.160654091115442,8776.837682783585478,0.417961597442627,1.256721818447113
1536,MX10029,1536,3126.000000000000000,0.054270834201667,0.270223349332809,9.532423019409180,9.262199670076370,0.354086632377355,0.361345057019054,1106.874812811613083,0.319127425551414,0.351080894470215
1537,MX24028,1537,7491.000000000000000,0.130052085414167,0.330622106790543,99.471351623535156,99.140729516744614,7.311921129015340,16.066524354931754,54773.601177453907439,0.786874830722809,28.609859466552734
1538,MX26055,1538,48571.000000000000000,0.843246541269722,0.280914157629013,106.697181701660156,106.416267544031143,0.851061487373484,4.412609837210436,41336.907503217487829,0.366166085004807,0.572877109050751
1539,MX20236,1539,261.000000000000000,0.004531250072500,0.265059292316437,2.307932615280151,2.042873322963715,0.344637025361774,0.218298389577724,89.950263619422927,0.297499209642410,0.367894440889359
1540,MX12053,1540,5635.000000000000000,0.097829862676389,0.261831402778625,18.902479171752930,18.640647768974304,0.488455160656331,0.732120773058958,2752.444830298422858,0.362090498209000,0.615272402763367
1541,MX14075,1541,1521.000000000000000,0.026406250422500,0.288178890943527,13.766809463500977,13.478630572557449,0.424392297521067,0.654161067994539,645.500684529543037,0.333067506551743,0.423226594924927
1542,MX20237,1542,634.000000000000000,0.011006944620556,0.286136776208878,5.105495929718018,4.819359153509140,0.432944149766058,0.429565156062336,274.486590951680967,0.341361671686172,0.490451204776765
1543,MX24029,1543,2074.000000000000000,0.036006945020556,0.301162511110306,6.103793621063232,5.802631109952927,0.457153845632318,0.293118852117797,948.137075841426622,0.382607981562614,0.606672519445419
1544,MX14076,1544,3463.000000000000000,0.060121528739722,0.259847968816757,8.916676521301270,8.656828552484512,0.397047825151189,0.450260893578889,1374.976618498565813,0.308837771415710,0.389180999994278
1545,MX15075,1545,349.000000000000000,0.006059027874722,1.261619329452515,46.766262054443359,45.504642724990845,5.807437796305788,6.427105272027314,2026.795790910719916,3.715762138366699,12.041352081298825
1546,MX20238,1546,40.000000000000000,0.000694444455556,0.365601003170013,1.429418683052063,1.063817679882050,0.610255170613527,0.271385105591822,24.410206824541088,0.499359294772148,1.046225142478943
1547,MX14077,1547,1708.000000000000000,0.029652778252222,0.299014687538147,16.786912918090820,16.487898230552673,0.888720548002865,1.374126998149804,1517.934695988893054,0.509523093700409,1.514450180530548
1548,MX20239,1548,208.000000000000000,0.003611111168889,0.272952854633331,1.355278849601746,1.082325994968414,0.417920604634743,0.163300156248312,86.927485764026599,0.369840145111084,0.571535474061966
1549,MX20240,1549,308.000000000000000,0.005347222307778,0.279410153627396,5.793543815612793,5.514133661985397,0.504568101039955,0.589041296263511,155.406975120306129,0.336742460727692,0.716154652833939
1550,MX20241,1550,52.000000000000000,0.000902777792222,0.321002274751663,2.561979293823242,2.240977019071579,0.725426912880861,0.550036131669376,37.722199469804757,0.488760605454445,1.372916042804718
1551,MX20242,1551,1187.000000000000000,0.020607639218611,0.266666352748871,4.201708793640137,3.935042440891266,0.430541791655782,0.302916771128953,511.053106695413703,0.350902110338211,0.577633166313172
1552,MX21132,1552,439.000000000000000,0.007621527899722,1.244798421859741,42.561824798583984,41.317026376724243,9.561935156244353,8.152839354224646,4197.689533591270447,7.077010631561279,18.760630035400386
1553,MX20243,1553,121.000000000000000,0.002100694478056,0.550385832786560,3.778686046600342,3.228300213813782,0.949338163226104,0.577378525087241,114.869917750358582,0.682820439338684,1.548188686370850
1554,MX21133,1554,38.000000000000000,0.000659722232778,0.543907105922699,7.521334171295166,6.977427065372467,1.266612840326208,1.516792869525615,48.131287932395921,0.699511051177979,2.444546890258792
1555,MX20244,1555,312.000000000000000,0.005416666753333,0.341372996568680,9.401214599609375,9.059841603040695,0.686811773631818,0.936966861508244,214.285273373127069,0.449370533227921,0.913285982608796
1556,MX20245,1556,212.000000000000000,0.003680555614444,0.314698934555054,2.297451734542847,1.982752799987793,0.485114230721627,0.319989362947841,102.844216912984876,0.363094598054886,0.738147473335266
1557,MX15076,1557,92.000000000000000,0.001597222247778,5.901633262634277,40.033843994140625,34.132210731506348,22.357028080069501,6.343541643964453,2056.846583366394043,22.360717773437500,29.056746292114262
1558,MX20246,1558,74.000000000000000,0.001284722242778,0.332840681076050,1.116365313529968,0.783524632453918,0.461342490202672,0.174336673942657,34.139344274997711,0.396482974290848,0.661664438247681
1559,MX20248,1559,406.000000000000000,0.007048611223889,0.475331664085388,25.488103866577148,25.012772202491760,3.127721686081346,3.671914594107824,1269.855004549026262,1.669362843036652,7.776573657989502
1560,MX20250,1560,115.000000000000000,0.001996527809722,0.337400287389755,2.649578571319580,2.312178283929825,0.742582024439522,0.378829385679934,85.396932810545010,0.640993714332581,1.154985713958740
1561,MX20251,1561,312.000000000000000,0.005416666753333,0.303705602884293,1.480842828750610,1.177137225866318,0.386050014637220,0.149523946869170,120.447604566812515,0.345029324293137,0.451973807811737
1562,MX20252,1562,277.000000000000000,0.004809027854722,0.271055847406387,2.573429107666016,2.302373260259628,0.443121526645839,0.316087930850474,122.744662880897522,0.339549481868744,0.613490915298462
1563,MX20253,1563,786.000000000000000,0.013645833551667,0.245756253600121,1.236803412437439,0.991047158837318,0.313441446814069,0.068827899811471,246.364977195858529,0.299808830022812,0.345927491784096
1564,MX20254,1564,1038.000000000000000,0.018020833621667,0.243383482098579,3.475775480270386,3.232391998171806,0.335060932976777,0.208622307999663,347.793248429894504,0.292246192693710,0.371566224098206
1565,MX20255,1565,701.000000000000000,0.012170139083611,0.272638052701950,1.808286786079407,1.535648733377457,0.324293313157371,0.112313540354950,227.329612523317337,0.305247306823730,0.334183335304260
1566,MX20256,1566,117.000000000000000,0.002031250032500,0.307119965553284,1.040288567543030,0.733168601989746,0.432566109630797,0.162031891921723,50.610234826803215,0.369110196828842,0.680031502246857
1567,MX20249,1567,32.000000000000000,0.000555555564444,0.440840870141983,2.251568317413330,1.810727447271347,0.993370174430311,0.423454174435661,31.787845581769947,0.862065136432648,1.681699371337891
1568,MX20566,1568,975.000000000000000,0.016927083604167,0.243456751108170,1.054817914962769,0.811361163854599,0.299885499737202,0.058533430872119,292.388362243771553,0.290917515754700,0.321296650171280
1569,MX21134,1569,250.000000000000000,0.004340277847222,0.685710370540619,29.024761199951172,28.339050829410553,3.555003989934921,4.138152857830421,888.750997483730202,1.860354006290436,7.189578676223752
1570,MX20257,1570,168.000000000000000,0.002916666713333,0.303445100784302,1.555410027503967,1.251964926719666,0.407380094663019,0.172306667038090,68.439855903387112,0.364576756954193,0.483536836504936
1571,MX20258,1571,332.000000000000000,0.005763888981111,0.272671550512314,1.671620965003967,1.398949414491653,0.371839837317007,0.167905543350107,123.450825989246312,0.323250100016594,0.490521135926247
1572,MX20259,1572,425.000000000000000,0.007378472340278,0.278014689683914,3.253024578094482,2.975009888410568,0.382642908587175,0.271603360802515,162.623236149549484,0.320161014795303,0.432662463188171
1573,MX20260,1573,696.000000000000000,0.012083333526667,0.254189968109131,3.519760608673096,3.265570640563965,0.324475412781554,0.215270454396891,225.834887295961522,0.291648045182228,0.328254103660583
1574,MX20261,1574,878.000000000000000,0.015243055799444,0.279397308826447,3.664775371551514,3.385378062725067,0.447049421778029,0.313762776424648,392.509392321109772,0.346589997410774,0.658430975675583
1575,MX20262,1575,302.000000000000000,0.005243055639444,0.270395070314407,1.775246620178223,1.504851549863815,0.379559074115279,0.211880689950243,114.626840382814379,0.314678400754929,0.468530052900314
1576,MX20264,1576,298.000000000000000,0.005173611193889,0.280710935592651,2.224977493286133,1.944266557693481,0.402662734857342,0.206680014671449,119.993494987487821,0.348235279321671,0.499663650989532
1577,MX20265,1577,5779.000000000000000,0.100329862716389,0.231515169143677,12.187779426574707,11.956264257431030,0.340419968259770,0.373515704426711,1967.286996573210217,0.301510185003281,0.370616120100021
1578,MX20263,1578,601.000000000000000,0.010434027944722,0.244945466518402,2.487514972686768,2.242569506168365,0.317674507738747,0.169500547057683,190.922379150986671,0.287905156612396,0.331095606088638
1579,MX11003,1579,7772.000000000000000,0.134930557714444,0.398566901683807,53.977901458740234,53.579334557056427,1.706567478376265,4.166238915138305,13263.442441940329445,0.721265971660614,2.633013296127320
1580,MX26056,1580,5978.000000000000000,0.103784723882778,0.300930470228195,17.888156890869141,17.587226420640945,0.444582322362514,0.625615147547343,2657.713123083108712,0.355864018201828,0.494190257787705
1581,MX20266,1581,2518.000000000000000,0.043715278477222,0.235436052083969,3.420171737670898,3.184735685586929,0.306139503144810,0.150420712977552,770.859268918632324,0.284581825137138,0.319003367424011
1582,MX20267,1582,53.000000000000000,0.000920138903611,0.303452521562576,2.164610862731934,1.861158341169357,0.512547787630333,0.368723513732594,27.165032744407647,0.351104795932770,1.019885444641114
1583,MX20268,1583,52.000000000000000,0.000902777792222,0.420614302158356,4.748115539550781,4.327501237392426,0.981373994396283,0.911841586296484,51.031447708606720,0.633625775575638,1.751092219352722
1584,MX14078,1584,3936.000000000000000,0.068333334426667,0.325269907712936,23.299703598022461,22.974433690309525,0.662505245941683,1.451016616464791,2607.620648026462732,0.423907190561295,0.719089061021805
1585,MX20269,1585,509.000000000000000,0.008836805696944,0.264734864234924,13.563776016235352,13.299041152000427,0.632380809437315,1.055406324514947,321.881832003593331,0.381466329097748,0.964905357360840
1586,MX20270,1586,318.000000000000000,0.005520833421667,0.284649461507797,0.850970149040222,0.566320687532425,0.336227338643944,0.059439968329022,106.920293688774080,0.321346610784531,0.366932117938995
1587,MX21135,1587,355.000000000000000,0.006163194543056,0.287537723779678,3.370932340621948,3.083394616842270,0.397586560417229,0.297959949209150,141.143228948116246,0.340564012527466,0.419329893589020
1588,MX20271,1588,355.000000000000000,0.006163194543056,0.270714014768600,1.356096982955933,1.085382968187332,0.370132779319521,0.131951717569351,131.397136658430128,0.325452864170074,0.473016744852066
1589,MX20272,1589,706.000000000000000,0.012256944640556,0.247869759798050,4.157911777496338,3.910042017698288,0.344401638838792,0.323620214508143,243.147557020187236,0.286035731434822,0.359551280736923
1590,MX20273,1590,537.000000000000000,0.009322916815833,0.261521905660629,1.410928249359131,1.149406343698502,0.356080046412665,0.119561428503081,191.214984923601264,0.319464862346649,0.444638615846634
1591,MX20274,1591,318.000000000000000,0.005520833421667,0.262296080589294,1.394164919853210,1.131868839263916,0.331202875518199,0.102915291862297,105.322514414787321,0.309013754129410,0.357995146512985
1592,MX20275,1592,1016.000000000000000,0.017638889171111,0.260557770729065,2.341916799545288,2.081359028816223,0.386413614082290,0.209948074269928,392.596231907606580,0.338255003094673,0.445543646812439
1593,MX20276,1593,101.000000000000000,0.001753472250278,0.288548052310944,1.198510646820068,0.909962594509125,0.391394743529877,0.150459200962184,39.530869096517563,0.342174291610718,0.491900414228439
1594,MX20278,1594,3641.000000000000000,0.063211806566944,0.225488364696503,6.915444374084473,6.689956009387970,0.494133680223993,0.367770959052618,1799.140729695558093,0.403864860534668,0.674315869808197
1595,MX20279,1595,337.000000000000000,0.005850694538056,0.253084629774094,4.307305812835693,4.054221183061600,0.449419043095954,0.456011878065174,151.454217523336439,0.311815083026886,0.713510704040528
1596,MX20281,1596,95.000000000000000,0.001649305581944,0.305359184741974,2.590437173843384,2.285077989101410,0.509521955565402,0.417507842358877,48.404585778713226,0.347928255796432,0.819907557964326
1597,MX20282,1597,1003.000000000000000,0.017413194723056,0.261620670557022,1.662870645523071,1.401249974966049,0.320571948173395,0.076123345339611,321.533664017915669,0.313698083162308,0.334787368774414
1598,MX20283,1598,799.000000000000000,0.013871527999722,0.279127597808838,3.272906303405762,2.993778705596924,0.384237513076677,0.251696261831515,307.005772948265019,0.335331380367279,0.426562428474426
1599,MX20284,1599,349.000000000000000,0.006059027874722,0.310633987188339,4.758887290954590,4.448253303766251,0.523639505435539,0.497401501868700,182.750187397003259,0.391944795846939,0.671716833114624
1600,MX20285,1600,504.000000000000000,0.008750000140000,0.284626781940460,7.509379386901855,7.224752604961395,0.474505347451048,0.586798424886012,239.150695115328034,0.359469875693321,0.568308746814728
1601,MX20286,1601,270.000000000000000,0.004687500075000,0.284518510103226,3.725927591323853,3.441409081220627,0.502131333947181,0.404008987660400,135.575460165738974,0.365044832229614,0.802756577730179
1602,MX12054,1602,11637.000000000000000,0.202031253232500,0.228015646338463,4.989000797271729,4.760985150933266,0.321863267630596,0.174110833026548,3745.522845417248391,0.295769482851028,0.348939800262451
1603,MX20287,1603,228.000000000000000,0.003958333396667,0.288563042879105,1.196882843971252,0.908319801092148,0.370697829022742,0.117562282908191,84.519105017185240,0.341429263353348,0.411081641912460
1604,MX21136,1604,42.000000000000000,0.000729166678333,2.591730356216431,65.016418457031250,62.424688100814819,14.977989463579087,14.003576266015797,629.075557470321655,10.810931205749512,30.429720306396476
1605,MX20288,1605,195.000000000000000,0.003385416720833,0.255821406841278,0.943084657192230,0.687263250350952,0.328052909557636,0.091307670006315,63.970317363739028,0.304942727088928,0.366322320699692
1606,MX20289,1606,147.000000000000000,0.002552083374167,0.278806060552597,1.367330908775330,1.088524848222733,0.414054754031759,0.171837474943234,60.866048842668548,0.357217013835907,0.585561800003052
1607,MX28036,1607,2798.000000000000000,0.048576389666111,0.281664311885834,2.001358747482300,1.719694435596466,0.330184035509122,0.058870919225120,923.854931354522250,0.324324071407318,0.342098343372345
1608,MX21137,1608,1045.000000000000000,0.018142361401389,0.387161403894424,9.113417625427246,8.726256221532822,0.862003674689663,1.011605621431300,900.793840050698236,0.526511013507843,1.451962804794312
1609,MX19046,1609,313.000000000000000,0.005434027864722,9.816020011901855,263.329589843750000,253.513569831848145,50.902341187571565,20.625489177915615,15932.432791709899902,48.629131317138672,57.198933410644528
1610,MX21138,1610,803.000000000000000,0.013940972445278,0.441778004169464,14.578735351562500,14.136957347393036,0.786199194556601,1.227734226842601,631.317953228950273,0.522586166858673,0.905342304706574
1611,MX20290,1611,57.000000000000000,0.000989583349167,0.344387471675873,3.340008258819580,2.995620787143707,0.713495800892512,0.578465618641176,40.669260650873191,0.476720422506332,1.525454545021057
1612,MX24030,1612,3488.000000000000000,0.060555556524444,0.325151205062866,3.191246271133423,2.866095066070557,0.420474564887309,0.144801368993653,1466.615282326935585,0.393495649099350,0.464712283015251
1613,MX21139,1613,478.000000000000000,0.008298611243889,0.302965342998505,3.163505077362061,2.860539734363556,0.491128341174026,0.334289198846940,234.759347081184274,0.392522439360619,0.702240926027298
1614,MX20291,1614,918.000000000000000,0.015937500255000,0.243982851505280,1.534610748291016,1.290627896785736,0.321682762476354,0.111651894860737,295.304775953292562,0.294879645109177,0.358315145969391
1615,MX20292,1615,584.000000000000000,0.010138889051111,0.257442772388458,0.940275251865387,0.682832479476929,0.357177547855328,0.078308084166224,208.591687947511815,0.344167470932007,0.446762245893478
1616,MX29025,1616,289.000000000000000,0.005017361191389,0.841474294662476,32.896282196044922,32.054807901382446,6.364567487710075,7.850654691456635,1839.360003948211670,2.385626077651978,20.496767807006833
1617,MX20293,1617,219.000000000000000,0.003802083394167,0.439536869525909,30.451204299926758,30.011667430400848,3.327975900341930,4.595319855206894,728.826722174882775,1.084968924522400,8.262013244628912
1618,MX20294,1618,494.000000000000000,0.008576389026111,0.298826545476913,8.279782295227051,7.980955749750137,0.842826348989599,1.157100088808712,416.356216400861683,0.381857767701149,1.938444936275482
1619,MX20295,1619,214.000000000000000,0.003715277837222,0.352754354476929,8.176820755004883,7.824066400527954,1.476821380101631,1.781166121281398,316.039775341749134,0.622811436653137,4.178994417190554
1620,MX20296,1620,735.000000000000000,0.012760416870833,0.255121767520905,1.265006780624390,1.009885013103485,0.305930609038087,0.073693843211331,224.858997642993955,0.293817728757858,0.316901928186417
1621,MX20297,1621,573.000000000000000,0.009947916825833,0.274272680282593,1.744240045547485,1.469967365264893,0.413009843693146,0.175417252404489,236.654640436172514,0.349107921123505,0.574488461017609
1622,MX20298,1622,1374.000000000000000,0.023854167048333,0.281383514404297,19.395891189575195,19.114507675170898,0.675122565816236,1.417757707953199,927.618405431508791,0.351605072617531,0.911700516939163
1623,MX20299,1623,174.000000000000000,0.003020833381667,0.282711535692215,1.885638117790222,1.602926582098007,0.384122623109269,0.201094674356569,66.837336421012878,0.323104873299599,0.469799599051476
1624,MX05033,1624,37144.000000000000000,0.644861121428889,0.270895987749100,68.800773620605469,68.529877632856369,0.547646582226910,1.777683267224062,20341.784650236353627,0.337017297744751,0.587359738349915
1625,MX20300,1625,594.000000000000000,0.010312500165000,0.279583781957626,4.450319290161133,4.170735508203506,0.417629153590010,0.372265957018759,248.071717232465687,0.337863594293594,0.491258856654167
1626,MX20301,1626,40.000000000000000,0.000694444455556,0.486885756254196,3.800867795944214,3.313982039690018,1.193403560668230,0.895746722621792,47.736142426729195,0.762887567281723,2.261438822746279
1627,MX20302,1627,362.000000000000000,0.006284722322778,0.268491327762604,4.489657878875732,4.221166551113129,0.434800913403048,0.432059448482972,157.397930651903209,0.332993656396866,0.526269340515137
1628,MX20303,1628,16.000000000000000,0.000277777782222,0.469651520252228,2.143502473831177,1.673850953578949,1.047385543584824,0.479871051311342,16.758168697357181,0.917087286710739,1.774660587310791
1629,MX21140,1629,375.000000000000000,0.006510416770833,1.342698931694031,86.106651306152344,84.763952374458313,13.885355572700512,15.303594403712932,5207.008339762692231,6.877695560455322,38.405046844482428
1630,MX20305,1630,230.000000000000000,0.003993055619444,0.372403264045715,6.084049224853516,5.711645960807800,0.670983789148538,0.857460323434859,154.326271504163770,0.428729623556137,0.762542748451232
1631,MX20304,1631,460.000000000000000,0.007986111238889,0.271254062652588,1.455829024314880,1.184574961662292,0.336677561246830,0.100375483241655,154.871678173541994,0.315327525138855,0.368919256329536
1632,MX26057,1632,11910.000000000000000,0.206770836641667,0.273397773504257,12.909316062927246,12.635918289422989,0.328802408244207,0.266965815554529,3916.036682188506347,0.314801186323166,0.332102432847023
1633,MX10030,1633,9295.000000000000000,0.161371530359722,0.279899448156357,8.266335487365723,7.986436039209366,0.330904720697179,0.155792603363738,3075.759378880276472,0.321814209222794,0.339178717136383
1634,MX20306,1634,361.000000000000000,0.006267361211389,0.265698999166489,1.344342589378357,1.078643590211868,0.380151812884946,0.146047073727332,137.234804451465635,0.335335969924927,0.502930164337158
1635,MX19019,1635,366.000000000000000,0.006354166768333,1.201824069023132,71.002807617187500,69.800983548164368,23.060990882701542,18.118503554017540,8440.322663068764086,21.300004005432129,48.447677612304688
1636,MX20307,1636,3375.000000000000000,0.058593750937500,0.247339874505997,4.997016906738281,4.749677032232285,0.327322403594299,0.216858402452168,1104.713112130759100,0.290326476097107,0.343934494256973
1637,MX20308,1637,126.000000000000000,0.002187500035000,1.665880799293518,49.836650848388672,48.170770049095154,9.422562953971678,10.493652215308614,1187.242932200431369,4.973796129226685,24.863780975341797
1638,MX20309,1638,508.000000000000000,0.008819444585556,0.300246387720108,2.881442070007324,2.581195682287216,0.502181414016119,0.251071761329716,255.108158320188465,0.429478108882904,0.651668059825897
1639,MX20310,1639,115.000000000000000,0.001996527809722,0.430805265903473,7.725156784057617,7.294351518154144,2.328353823527046,1.874215045241063,267.760689705610275,1.828837275505066,5.194994735717774
1640,MX20311,1640,256.000000000000000,0.004444444515556,0.271384835243225,1.367956519126892,1.096571683883667,0.337565283523873,0.113504062498850,86.416712582111373,0.312727034091949,0.358593299984932
1641,MX20312,1641,415.000000000000000,0.007204861226389,0.297242194414139,5.565048217773438,5.267806023359299,0.569977037016168,0.578851020366995,236.540470361709538,0.395566344261169,0.878887081146241
1642,MX20313,1642,340.000000000000000,0.005902777872222,0.286607682704926,1.770841956138611,1.484234273433685,0.359749061745756,0.166599138131646,122.314680993556948,0.322557002305984,0.387196061015129
1643,MX20314,1643,285.000000000000000,0.004947916745833,0.243385523557663,1.982036709785461,1.738651186227798,0.350941786013152,0.201411442443346,100.018409013748183,0.302510470151901,0.379056364297867
1644,MX18013,1644,2577.000000000000000,0.044739584049167,0.282562553882599,9.105469703674316,8.822907149791718,0.494612061982011,0.694423538647709,1274.615283727643146,0.347076386213303,0.542146635055542
1645,MX20315,1645,39.000000000000000,0.000677083344167,0.734618008136749,3.452698945999146,2.718080937862396,1.510413053708199,0.761975566109255,58.906109094619758,1.285264968872070,2.690027570724487
1646,MX20316,1646,587.000000000000000,0.010190972385278,0.257160186767578,1.350279331207275,1.093119144439697,0.311631088159356,0.099750749225221,182.927448749542123,0.295591652393341,0.324776357412338
1647,MX20317,1647,398.000000000000000,0.006909722332778,0.265847802162170,1.678905963897705,1.413058161735535,0.363684799278801,0.168519313664738,144.746550112962723,0.312386795878410,0.463597333431244
1648,MX20318,1648,1584.000000000000000,0.027500000440000,0.262004673480988,27.552978515625000,27.290973842144012,0.920520155906978,2.420117088104320,1458.103926956652685,0.347880586981773,1.124086916446686
1649,MX20319,1649,753.000000000000000,0.013072916875833,0.237342745065689,1.660945177078247,1.423602432012558,0.294609926294679,0.102771882022987,221.841274499893217,0.275337696075439,0.318711531162262
1650,MX20320,1650,130.000000000000000,0.002256944480556,0.283121019601822,1.575662493705750,1.292541474103928,0.404772080366428,0.202206989190731,52.620370447635651,0.336735650897026,0.527775579690933
1651,MX20321,1651,538.000000000000000,0.009340277927222,0.276934266090393,0.906408488750458,0.629474222660065,0.346251557529194,0.064005745493261,186.283337950706454,0.334956347942352,0.393472334742546
1652,MX20322,1652,31.000000000000000,0.000538194453056,0.419135004281998,1.938341140747070,1.519206136465073,0.807862252958359,0.427534565045275,25.043729841709130,0.605539202690125,1.474799633026123
1653,MX20323,1653,205.000000000000000,0.003559027834722,0.290308028459549,0.527775704860687,0.237467676401138,0.337749301951106,0.031991064754218,69.238606899976702,0.330525785684586,0.362645697593689
1654,MX20324,1654,2158.000000000000000,0.037465278377222,0.268501669168472,24.223886489868164,23.955384820699692,0.740373119435673,1.521721582495637,1597.725191742181551,0.403739005327225,1.048421430587768
1655,MX20325,1655,2753.000000000000000,0.047795139653611,0.250110656023026,7.864911079406738,7.614800423383713,0.370305076236081,0.403427374031828,1019.449874877929915,0.301687955856323,0.406190836429596
1656,MX20326,1656,747.000000000000000,0.012968750207500,0.280371516942978,1.465623497962952,1.185251981019974,0.351428231640833,0.100069929945860,262.516889035701922,0.328711807727814,0.388429158926010
1657,MX20327,1657,3474.000000000000000,0.060312500965000,0.250146478414536,13.809634208679199,13.559487730264664,0.551869836212852,0.886134398876085,1917.195811003448398,0.353938251733780,0.717054265737534
1658,MX20328,1658,482.000000000000000,0.008368055689444,0.254590779542923,1.252973794937134,0.998383015394211,0.319326919886086,0.087592457723204,153.915575385093661,0.303479224443436,0.342891031503677
1659,MX20329,1659,455.000000000000000,0.007899305681944,0.266070425510406,2.601746082305908,2.335675656795502,0.358469890827661,0.197223006587978,163.103800326585826,0.317540884017944,0.402007198333740
1660,MX20330,1660,729.000000000000000,0.012656250202500,0.281106680631638,0.962557554244995,0.681450873613358,0.350952023995430,0.072143800722006,255.844025492668209,0.334228217601776,0.389291304349899
1661,MX20331,1661,223.000000000000000,0.003871527839722,0.264037966728210,2.229737520217896,1.965699553489685,0.415872987209414,0.286551699191055,92.739676147699399,0.311150670051575,0.622505331039429
1662,MX14098,1662,588.000000000000000,0.010208333496667,5.132609844207764,74.723930358886719,69.591320514678955,34.863839413033041,14.639974749623294,20499.937574863426562,37.908969879150391,51.577141189575201
1663,MX20332,1663,161.000000000000000,0.002795138933611,0.291150420904160,1.231849431991577,0.940699011087418,0.391746430663588,0.159656608205396,63.071175336837747,0.333433300256729,0.587037801742554
1664,MX20333,1664,1964.000000000000000,0.034097222767778,0.248344346880913,23.691953659057617,23.443609312176704,0.450378891475149,0.998905173464133,884.544142857191900,0.309629872441292,0.408413073420525
1665,MX20337,1665,838.000000000000000,0.014548611343889,0.275686830282211,6.368224620819092,6.092537790536880,0.460468927153824,0.447420468653207,385.872960954904840,0.363744229078293,0.570389533042908
1666,MX20339,1666,876.000000000000000,0.015208333576667,0.262637645006180,5.278717041015625,5.016079396009445,0.418391612022435,0.406414084659773,366.511052131652832,0.317685037851334,0.543817251920700
1667,MX20340,1667,891.000000000000000,0.015468750247500,0.273145496845245,3.185671567916870,2.912526071071625,0.382471162495522,0.237215974210714,340.781805783510492,0.321683049201965,0.450386375188828
1668,MX20335,1668,141.000000000000000,0.002447916705833,0.252508193254471,0.755140960216522,0.502632766962051,0.328192749344711,0.085626107065376,46.275177657604232,0.299944162368774,0.451133668422699
1669,MX21141,1669,863.000000000000000,0.014982639128611,0.278088867664337,4.138824939727783,3.860736072063446,0.447705028023946,0.375517364324527,386.369439184665225,0.332170665264130,0.603248703479767
1670,MX20336,1670,809.000000000000000,0.014045139113611,0.259144932031631,1.596685528755188,1.337540596723557,0.322870523953173,0.102511561072693,261.202253878116835,0.303036808967590,0.348857384920120
1671,MX20341,1671,143.000000000000000,0.002482638928611,0.266359508037567,1.116885066032410,0.850525557994843,0.340952361171896,0.120441696323114,48.756187647581072,0.308857351541519,0.375684493780136
1672,MX30211,1672,1443.000000000000000,0.025052083734167,0.327194064855576,12.706538200378418,12.379344135522842,0.768503463792866,1.078248616076700,1108.950498253105934,0.453125983476639,1.302080035209656
1673,MX20342,1673,41.000000000000000,0.000711805566944,2.680609226226807,13.099493980407715,10.418884754180908,5.332799155537677,2.329779416947392,218.644765377044735,4.839631557464600,8.433468818664551
1674,MX13054,1674,1026.000000000000000,0.017812500285000,0.457814007997513,13.076558113098145,12.618744105100632,1.653637742467559,1.440626278141052,1696.632323771716074,1.131853520870209,3.381657481193542
1675,MX21142,1675,1089.000000000000000,0.018906250302500,0.407201617956161,16.774087905883789,16.366886287927628,1.039900088414236,1.628319892639618,1132.451196283102718,0.580237805843353,1.705123949050904
1676,MX21143,1676,554.000000000000000,0.009618055709444,0.511084437370300,15.321086883544922,14.810002446174622,2.241186310775872,2.987742655445979,1241.617216169833227,0.639363884925842,6.873401737213134
1677,MX21144,1677,118.000000000000000,0.002048611143889,1.201225519180298,24.268119812011719,23.066894292831421,5.471898332490758,5.455322004528193,645.684003233909493,3.040821909904480,14.522901439666747
1678,MX20343,1678,74.000000000000000,0.001284722242778,0.639565348625183,4.805050849914551,4.165485501289368,1.596330015240489,1.192435309197477,118.128421127796216,0.874797642230988,3.735616779327393
1679,MX20344,1679,1009.000000000000000,0.017517361391389,0.227786779403687,3.423574686050415,3.195787906646729,0.336329651200854,0.217277365745926,339.356618061661436,0.290898382663727,0.381295382976532
1680,MX14080,1680,5581.000000000000000,0.096892362661389,0.264949321746826,5.615521430969238,5.350572109222412,0.341551958916542,0.206087453484285,1906.201482713221822,0.313372343778610,0.355470061302185
1681,MX20345,1681,481.000000000000000,0.008350694578056,0.280623227357864,5.036753177642822,4.756129950284958,0.479679515728584,0.451914580768639,230.725847065448761,0.357743233442307,0.606702029705048
1682,MX20346,1682,216.000000000000000,0.003750000060000,0.269695430994034,2.415171623229980,2.145476192235947,0.380022689700127,0.264664263184573,82.084900975227328,0.316848859190941,0.412932321429253
1683,MX20347,1683,518.000000000000000,0.008993055699444,0.255599915981293,1.456096172332764,1.200496256351471,0.356666074986624,0.141915775584798,184.753026843071041,0.316246613860130,0.436337223649025
1684,MX20348,1684,1132.000000000000000,0.019652778092222,0.258180797100067,4.091896533966064,3.833715736865997,0.404675066234156,0.312684243847722,458.092174977064303,0.330473661422729,0.512177753448486
1685,MX20349,1685,151.000000000000000,0.002621527819722,0.650345325469971,5.850700378417969,5.200355052947998,1.024866676488460,0.784255580867448,154.754868149757414,0.802932441234589,1.389457583427429
1686,MX21145,1686,1151.000000000000000,0.019982639208611,0.291807800531387,2.751374721527100,2.459566920995712,0.403877223294057,0.132903627193265,464.862684011459692,0.380025446414948,0.464382022619247
1687,MX20350,1687,35.000000000000000,0.000607638898611,1.960800647735596,30.489887237548828,28.529086589813232,13.574476289749148,9.521882497429219,475.106670141220206,12.529154777526855,26.804187011718749
1688,MX20351,1688,246.000000000000000,0.004270833401667,0.285579323768616,1.095706820487976,0.810127496719360,0.454626171932957,0.142039714256191,111.838038295507332,0.413529917597771,0.656419217586517
1689,MX15077,1689,650.000000000000000,0.011284722402778,0.330273658037186,3.382797718048096,3.052524060010910,0.478862889088117,0.272287120181420,311.260877907276210,0.399327278137207,0.630176752805710
1690,MX20352,1690,223.000000000000000,0.003871527839722,0.313578873872757,4.568139553070068,4.254560679197311,0.544000578568121,0.515535284116778,121.312129020690890,0.369097501039505,0.715661680698395
1691,MX20534,1691,518.000000000000000,0.008993055699444,0.254018932580948,3.281931638717651,3.027912706136703,0.358278191630444,0.264675600356358,185.588103264570151,0.300742074847221,0.387923356890678
1692,MX20535,1692,668.000000000000000,0.011597222407778,0.249488994479179,3.693109750747681,3.443620756268501,0.349177123476824,0.249317631252466,233.250318482518253,0.293636038899422,0.420862236618996
1693,MX20536,1693,346.000000000000000,0.006006944540556,0.265778392553329,2.127075910568237,1.861297518014908,0.334146778104622,0.161251160402518,115.614785224199210,0.305008769035339,0.351990684866905
1694,MX24034,1694,2610.000000000000000,0.045312500725000,0.304779171943665,7.802106857299805,7.497327685356140,0.424738364064374,0.396527469777021,1108.567130208015669,0.354758977890015,0.480955791473389
1695,MX31064,1695,131.000000000000000,0.002274305591944,0.363373905420303,6.448168754577637,6.084794849157333,0.744457835914524,0.859917616348233,97.523976504802704,0.479584097862244,1.148378968238831
1696,MX29020,1696,499.000000000000000,0.008663194583056,0.473955333232880,12.034503936767578,11.560548603534698,1.083836271015102,1.299145258520660,540.834299236535799,0.709254860877991,1.604045796394348
1697,MX20353,1697,266.000000000000000,0.004618055629444,0.268641710281372,1.852447867393494,1.583806157112122,0.445705439251169,0.285483479173296,118.557646840810847,0.327939033508301,0.818850070238113
1698,MX26058,1698,7996.000000000000000,0.138819446665556,0.286686092615128,36.527584075927734,36.240897983312607,0.524454965583680,1.545919752498911,4193.541904807101673,0.343976780772209,0.457811519503593
1699,MX20354,1699,75.000000000000000,0.001302083354167,0.329424440860748,0.810073494911194,0.480649054050446,0.393865516583125,0.092086474816781,29.539913743734363,0.360451608896255,0.479421520233154
1700,MX20355,1700,203.000000000000000,0.003524305611944,0.300839334726334,0.854881882667542,0.554042547941208,0.355042206095944,0.068269999647754,72.073567837476716,0.341286778450012,0.381867998838425
1701,MX20356,1701,135.000000000000000,0.002343750037500,0.389775753021240,6.013885021209717,5.624109268188477,1.080625273784002,1.126397371815822,145.884411960840225,0.628097355365753,2.550541496276856
1702,MX16078,1702,511.000000000000000,0.008871527919722,0.409264951944351,14.658466339111328,14.249201387166977,0.877389140966587,1.216254954065510,448.345851033925953,0.552082836627960,1.436999917030334
1703,MX29056,1703,49.000000000000000,0.000850694458056,1.469196200370789,16.638229370117188,15.169033169746399,6.282673490290741,4.607793812185082,307.851001024246330,4.464567661285400,13.386879158020019
1704,MX20357,1704,842.000000000000000,0.014618055789444,0.254006147384644,2.526526212692261,2.272520065307617,0.316559478640556,0.135927555513611,266.543081015348264,0.296412959694862,0.341620811820030
1705,MX20358,1705,223.000000000000000,0.003871527839722,0.322071611881256,3.813122272491455,3.491050660610199,0.608231818061238,0.460897546070763,135.635695427656117,0.435132026672363,1.036614775657654
1706,MX20359,1706,228.000000000000000,0.003958333396667,0.279622703790665,2.483708143234253,2.204085439443588,0.390111856162548,0.266536921776296,88.945503205060973,0.326813399791718,0.430025860667229
1707,MX20360,1707,132.000000000000000,0.002291666703333,0.657445251941681,4.363293647766113,3.705848395824432,1.103709758682685,0.652466989535420,145.689688146114378,0.831595242023468,1.865547072887422
1708,MX29057,1708,36.000000000000000,0.000625000010000,1.513853907585144,22.232830047607422,20.718976140022278,7.100276897350947,5.802433579344730,255.609968304634094,4.797466754913330,16.252915382385254
1709,MX08060,1709,1809.000000000000000,0.031406250502500,0.297308444976807,32.166633605957031,31.869325160980225,0.835704155641081,2.294914930383073,1511.788817554715479,0.413264662027359,0.982857429981232
1710,MX20361,1710,248.000000000000000,0.004305555624444,0.265102952718735,0.837381601333618,0.572278648614883,0.314937260843092,0.061804628452354,78.104440689086928,0.301781222224236,0.342103263735771
1711,MX11034,1711,977.000000000000000,0.016961805826944,0.336924463510513,8.908734321594238,8.571809858083725,0.629229436877318,0.709874158654247,614.757159829139823,0.433008342981339,0.915936613082886
1712,MX19048,1712,4733.000000000000000,0.082170140203611,0.353710055351257,77.819396972656250,77.465686917304993,3.431271841938835,10.194705461737477,16240.209627896505481,0.524002254009247,3.945114088058472
1713,MX24031,1713,3221.000000000000000,0.055920139783611,0.306041926145554,0.986105859279633,0.680063933134079,0.383555012343649,0.058016998614372,1235.430694758894788,0.368134289979935,0.431690275669098
1714,MX29058,1714,47.000000000000000,0.000815972235278,2.741330623626709,25.244941711425781,22.503611087799072,7.256996499731185,3.827165015721757,341.078835487365723,7.204171657562256,10.299774932861327
1715,MX20362,1715,124.000000000000000,0.002152777812222,0.284328192472458,3.434142827987671,3.149814635515213,0.706013774679554,0.616966039288074,87.545708060264630,0.411327525973320,1.413352906703949
1716,MX20363,1716,1078.000000000000000,0.018715278077222,0.287954807281494,4.509956836700439,4.222002029418945,0.406653808668283,0.236036341778515,438.372805744409277,0.370146632194519,0.467146831750870
1717,MX20364,1717,3095.000000000000000,0.053732639748611,0.238720998167992,13.417870521545410,13.179149523377419,0.335582608196385,0.443900454123198,1038.628172367811203,0.285056859254837,0.344532698392868
1718,MX20365,1718,495.000000000000000,0.008593750137500,0.268311649560928,1.434058189392090,1.165746539831161,0.333635404013624,0.075191780430974,165.149524986743984,0.321497470140457,0.357143086194992
1719,MX20366,1719,613.000000000000000,0.010642361281389,0.240987315773964,3.267229557037354,3.026242241263390,0.342604898511878,0.262530588679910,210.016802787780932,0.290343433618546,0.379831951856613
1720,MX20367,1720,249.000000000000000,0.004322916735833,0.288219094276428,8.272597312927246,7.984378218650818,0.605277141054950,0.971530419872087,150.714008122682628,0.387351214885712,0.625647449493408
1721,MX20368,1721,178.000000000000000,0.003090277827222,0.368363559246063,4.144114971160889,3.775751411914825,0.781512688719824,0.619336959354447,139.109258592128725,0.549386262893677,1.294940078258515
1722,MX20369,1722,101.000000000000000,0.001753472250278,0.650014817714691,6.003607273101807,5.353592455387115,1.358666492570745,1.060741754725835,137.225315749645262,0.939104139804840,2.394432783126831
1723,MX20074,1723,187.000000000000000,0.003246527829722,0.259891092777252,0.904882490634918,0.644991397857666,0.325349720404110,0.083890947140015,60.840397715568535,0.306060642004013,0.359273123741150
1724,MX20370,1724,187.000000000000000,0.003246527829722,0.290294170379639,1.535215973854065,1.244921803474426,0.404759744590616,0.192051103806815,75.690072238445282,0.344802826642990,0.510991299152374
1725,MX20371,1725,145.000000000000000,0.002517361151389,0.300549238920212,1.775310039520264,1.474760800600052,0.480529040098190,0.212845025507752,69.676710814237609,0.433332055807114,0.585173499584198
1726,MX21146,1726,238.000000000000000,0.004131944510556,0.358194231987000,4.560756683349609,4.202562451362610,0.582740424560900,0.547999738735320,138.692221045494165,0.442286357283592,0.683317029476166
1727,MX20372,1727,184.000000000000000,0.003194444495556,0.295645803213120,2.511267662048340,2.215621858835220,0.500328793473866,0.292473835601984,92.060497999191313,0.415273085236549,0.648259723186493
1728,MX20373,1728,585.000000000000000,0.010156250162500,0.258570134639740,3.711386680603027,3.452816545963287,0.336380717438510,0.235582652382425,196.782719701528578,0.300757110118866,0.340254443883896
1729,MX10031,1729,5058.000000000000000,0.087812501405000,0.273330807685852,7.705612182617188,7.432281374931335,0.360264811303928,0.315802945249959,1822.219415575266794,0.321985557675362,0.359866172075272
1730,MX26059,1730,5425.000000000000000,0.094184029284722,0.310608029365540,12.482802391052246,12.172194361686707,0.413829986917259,0.584664171533001,2245.027679026127316,0.352132439613342,0.382854533195496
1731,MX20374,1731,37.000000000000000,0.000642361121389,0.414545029401779,1.506946802139282,1.092401772737503,0.636280528596930,0.260452305578148,23.542379558086399,0.503387570381165,1.044318294525146
1732,MX20375,1732,11.000000000000000,0.000190972225278,11.964228630065918,29.278821945190430,17.314593315124512,21.716896230524238,5.326700859279221,238.885858535766630,22.319683074951172,27.342962265014648
1733,MX20376,1733,91.000000000000000,0.001579861136389,0.282593995332718,1.559973478317261,1.277379482984543,0.399225282472568,0.244636886519506,36.329500705003731,0.319740384817123,0.546633005142212
1734,MX11035,1734,2138.000000000000000,0.037118056149444,0.418262749910355,39.695587158203125,39.277324408292770,1.852219695363009,3.473996319046561,3960.045708686113812,0.937918335199356,3.371105194091796
1735,MX20377,1735,2756.000000000000000,0.047847222987778,0.248671427369118,3.309675693511963,3.061004266142845,0.327701455368748,0.139432798755914,903.145210996269952,0.299346372485161,0.368797004222870
1736,MX20378,1736,222.000000000000000,0.003854166728333,0.292041391134262,3.473297834396362,3.181256443262100,0.546031247925114,0.428928918441872,121.218937039375319,0.360894143581390,1.043807971477509
1737,MX20379,1737,212.000000000000000,0.003680555614444,0.333780229091644,2.005269765853882,1.671489536762238,0.581075891852378,0.306405861113283,123.188089072704145,0.478391274809837,0.966345274448395
1738,MX20380,1738,71.000000000000000,0.001232638908611,0.558509826660156,4.196758747100830,3.638248920440674,1.098402214721895,0.796196291300430,77.986557245254517,0.765534400939941,2.135391235351562
1739,MX29059,1739,28.000000000000000,0.000486111118889,2.028745412826538,15.616078376770020,13.587332963943481,8.875933289527895,4.505657296821386,248.526132106781063,9.513864517211914,14.803714942932128
1740,MX20381,1740,137.000000000000000,0.002378472260278,0.291339814662933,4.672554492950439,4.381214678287506,0.643742344240203,0.752566265228662,88.192701160907788,0.360630095005035,1.298985886573792
1741,MX20382,1741,233.000000000000000,0.004045138953611,0.257625222206116,1.056097626686096,0.798472404479980,0.329502421259368,0.089100346237045,76.774064153432832,0.310162037611008,0.370115816593170
1742,MX20383,1742,109.000000000000000,0.001892361141389,0.302236735820770,1.154755949974060,0.852519214153290,0.429280912930812,0.157138440543560,46.791619509458528,0.359579086303711,0.644592344760895
1743,MX29026,1743,130.000000000000000,0.002256944480556,1.623947381973267,21.714645385742188,20.090698003768921,6.431901999620291,3.552260825615036,836.147259950637817,5.869427919387817,10.684970569610595
1744,MX20384,1744,275.000000000000000,0.004774305631944,0.292956411838531,4.845558643341064,4.552602231502533,0.656451737880707,0.635177632601048,180.524227917194423,0.449826538562775,1.140503478050232
1745,MX20385,1745,211.000000000000000,0.003663194503056,1.470764875411987,38.607223510742188,37.136458635330200,11.057219218868779,8.142729362830071,2333.073255181312561,9.440046310424805,22.126194000244141
1746,MX20386,1746,2355.000000000000000,0.040885417320833,0.236364454030991,2.155632019042969,1.919267565011978,0.321787175333677,0.105362414121944,757.808797910809744,0.293992847204208,0.394804614782333
1747,MX31066,1747,2555.000000000000000,0.044357639598611,0.280693471431732,4.705174446105957,4.424480974674225,0.344640789783164,0.197214462274623,880.557217895984650,0.321639597415924,0.349581408500671
1748,MX20387,1748,147.000000000000000,0.002552083374167,0.414115667343140,5.722983360290527,5.308867692947388,1.146615045208510,1.080343840290757,168.552411645650892,0.675768673419952,2.700464534759522
1749,MX21147,1749,1411.000000000000000,0.024496528169722,0.283861279487610,11.889291763305664,11.605430483818054,0.480025347520239,0.740470730987838,677.315765351057848,0.341652631759644,0.519466936588287
1750,MX20569,1750,409.000000000000000,0.007100694558056,0.291813701391220,1.346353054046631,1.054539352655411,0.361939597027809,0.095039269512400,148.033295184373713,0.337495654821396,0.413801813125610
1751,MX20388,1751,241.000000000000000,0.004184027844722,0.320007890462875,0.988597452640533,0.668589562177658,0.430488000024898,0.111400137452737,103.747608006000448,0.391941875219345,0.537314951419830
1752,MX20389,1752,11.000000000000000,0.000190972225278,0.770258128643036,4.136958122253418,3.366699993610382,2.186518663709814,1.111894145448518,24.051705300807956,1.882417917251587,3.777186393737793
1753,MX08024,1753,3547.000000000000000,0.061579862096389,0.322924941778183,8.812385559082031,8.489460617303848,0.483801837837255,0.472203406385260,1716.045118808744974,0.386869698762894,0.532904469966889
1754,MX21148,1754,165.000000000000000,0.002864583379167,1.146270990371704,16.361307144165039,15.215036153793335,4.451860363555676,3.093040011385825,734.556959986686593,3.621009588241577,9.190612983703613
1755,MX29060,1755,28.000000000000000,0.000486111118889,7.432968616485596,19.150421142578125,11.717452526092529,10.847837107522146,2.814927719504197,303.739439010620117,10.506485462188721,13.202056884765625
1756,MX20390,1756,45.000000000000000,0.000781250012500,9.488886833190918,39.645488739013672,30.156601905822754,23.995546468098954,7.791864955873109,1079.799591064452898,24.684379577636719,33.873853302001955
1757,MX20391,1757,336.000000000000000,0.005833333426667,0.252872973680496,1.892922282218933,1.640049308538437,0.357876905107073,0.181093161037436,120.246640115976433,0.313848584890366,0.419777005910873
1758,MX20392,1758,763.000000000000000,0.013246527989722,0.280684679746628,1.738422274589539,1.457737594842911,0.365421111196240,0.123311082094484,278.816307842731305,0.330028086900711,0.455649101734162
1759,MX20393,1759,56.000000000000000,0.000972222237778,0.502475500106812,6.294675350189209,5.792199850082397,1.478260604398591,1.440501745616005,82.782593846321092,0.824965894222260,3.596237421035767
1760,MX20047,1760,136.000000000000000,0.002361111148889,0.292980998754501,2.071110010147095,1.778129011392593,0.401065487195464,0.246904034013502,54.544906258583048,0.333468496799469,0.469309568405151
1761,MX20394,1761,478.000000000000000,0.008298611243889,0.266686201095581,2.288105249404907,2.021419048309326,0.384438728687653,0.181887242505454,183.761712312698336,0.338008269667625,0.453809034824371
1762,MX20395,1762,400.000000000000000,0.006944444555556,0.254233151674271,2.913141965866089,2.658908814191818,0.389099406450987,0.265220481478322,155.639762580394745,0.322046115994453,0.439078038930893
1763,MX20399,1763,153.000000000000000,0.002656250042500,0.976852476596832,21.254589080810547,20.277736604213715,5.912842437722326,5.354440349845263,904.664892971515883,3.528077602386475,15.435659408569350
1764,MX20400,1764,466.000000000000000,0.008090277907222,0.287082523107529,2.887767076492310,2.600684553384781,0.407983972918834,0.268991304355986,190.120531380176573,0.346951946616173,0.448601022362709
1765,MX20404,1765,305.000000000000000,0.005295138973611,0.279001325368881,2.145398855209351,1.866397529840469,0.388310086922567,0.198541911083749,118.434576511382986,0.334760099649429,0.457354265451431
1766,MX20406,1766,1403.000000000000000,0.024357639278611,0.310284584760666,3.357135772705078,3.046851187944412,0.409592355223783,0.157280629089448,574.658074378967058,0.377994477748871,0.471962743997574
1767,MX20407,1767,22220.000000000000000,0.385763895061111,0.227459162473679,1.994192361831665,1.766733199357986,0.310480250746118,0.048550061395529,6898.871171578742178,0.307232975959778,0.335381186008453
1768,MX20401,1768,2008.000000000000000,0.034861111668889,0.272046387195587,16.882368087768555,16.610321700572968,0.693889919148974,1.359061047484553,1393.330957651140579,0.381739512085915,0.917469269037247
1769,MX20402,1769,401.000000000000000,0.006961805666944,0.257747054100037,3.387457370758057,3.129710316658020,0.386272509868008,0.272784559120945,154.895276457071276,0.327539652585983,0.444636106491089
1770,MX20403,1770,33.000000000000000,0.000572916675833,1.708200335502625,13.910732269287109,12.202531933784485,5.503585685383191,3.460779559433050,181.618327617645321,4.617795944213867,10.583629417419434
1771,MX32058,1771,1400.000000000000000,0.024305555944444,0.291716754436493,9.356055259704590,9.064338505268097,0.425814351758787,0.527591869530652,596.140092462301823,0.341575965285301,0.474706724286080
1772,MX14081,1772,1317.000000000000000,0.022864583699167,0.287148237228394,9.908413887023926,9.621265649795532,0.462615835730017,0.590164544861699,609.265055656432878,0.345185726881027,0.599435544013977
1773,MX14056,1773,3854.000000000000000,0.066909723292778,0.268726885318756,3.830076694488525,3.561349809169769,0.322809830400755,0.106813358208463,1244.109086364509039,0.312465816736221,0.338263222575188
1774,MX18014,1774,5480.000000000000000,0.095138890411111,0.281054705381393,22.658067703247070,22.377012997865677,0.556246574919154,0.812729540318497,3048.231230556965784,0.384320437908173,0.759448760747910
1775,MX24032,1775,8562.000000000000000,0.148645835711667,0.286817044019699,14.435947418212891,14.149130374193192,0.476736226884652,0.612756802990361,4081.815574586388720,0.369350552558899,0.604601591825485
1776,MX20408,1776,121.000000000000000,0.002100694478056,0.297180175781250,1.157038807868958,0.859858632087708,0.405909884074503,0.141724718468318,49.115095973014839,0.358595669269562,0.560600996017456
1777,MX20409,1777,82.000000000000000,0.001423611133889,1.071941494941711,23.154714584350586,22.082773089408875,4.388877823585416,5.430619533393153,359.887981534004098,1.575472831726074,13.695273876190191
1778,MX20410,1778,2627.000000000000000,0.045607639618611,0.241949081420898,1.376874685287476,1.134925603866577,0.293730161729583,0.068288842132813,771.629134863614809,0.283194631338120,0.307258087396622
1779,MX20411,1779,36.000000000000000,0.000625000010000,0.737581312656403,3.768403530120850,3.030822217464447,1.289685358603796,0.810266868986386,46.428672909736648,0.861826479434967,2.497576236724854
1780,MX20412,1780,1906.000000000000000,0.033090278307222,0.262989550828934,4.702981472015381,4.439991921186447,0.332051942130827,0.201976736662193,632.891001701356117,0.310581803321838,0.347842648625374
1781,MX20413,1781,2478.000000000000000,0.043020834021667,0.253587692975998,28.490663528442383,28.237075835466385,0.942099696811502,2.333436338481932,2334.523048698901221,0.384691819548607,1.329903960227969
1782,MX20414,1782,1336.000000000000000,0.023194444815556,0.239537149667740,7.684210300445557,7.444673150777817,0.424403777267940,0.483750450391694,567.003446429967767,0.328675895929337,0.483302354812622
1783,MX20415,1783,819.000000000000000,0.014218750227500,0.257998824119568,1.955608725547791,1.697609901428223,0.355723915810405,0.160977055724164,291.337887048721427,0.317148357629776,0.418714821338654
1784,MX20416,1784,868.000000000000000,0.015069444685556,0.270695149898529,3.266376733779907,2.995681583881378,0.334410166616813,0.191490021389070,290.268024623393842,0.309630006551743,0.336644846200943
1785,MX20417,1785,1589.000000000000000,0.027586805996944,0.292606294155121,2.318973302841187,2.026367008686066,0.410227412506797,0.165188649440510,651.851358473300479,0.364873200654984,0.512248933315277
1786,MX20418,1786,3548.000000000000000,0.061597223207778,0.253181964159012,11.992179870605469,11.738997906446457,0.382540185092671,0.509876114437146,1357.252576708796141,0.310351133346558,0.398554983735085
1787,MX20419,1787,260.000000000000000,0.004513888961111,0.290095210075378,1.722794532775879,1.432699322700500,0.370018809116804,0.164134651936302,96.204890370368929,0.331061631441116,0.394068369269371
1788,MX20396,1788,34.000000000000000,0.000590277787222,0.471878260374069,1.920629501342773,1.448751240968704,0.909907694248592,0.411122828324195,30.936861604452133,0.704632133245468,1.677453434467316
1789,MX20420,1789,248.000000000000000,0.004305555624444,0.246556252241135,3.736631631851196,3.490075379610062,0.394422909545322,0.391821466335778,97.816881567239747,0.293523192405701,0.491469705104828
1790,MX20421,1790,718.000000000000000,0.012465277977222,0.311695307493210,11.383404731750488,11.071709424257278,0.570739901871071,0.809989806601627,409.791249543428762,0.392833739519119,0.693099790811539
1791,MX20422,1791,213.000000000000000,0.003697916725833,0.305821686983109,1.274076819419861,0.968255132436752,0.427195243572405,0.146995889546277,90.992586880922346,0.377012342214584,0.613823890686035
1792,MX20423,1792,378.000000000000000,0.006562500105000,0.265053540468216,1.385736465454102,1.120682924985886,0.337979260575835,0.104819094459372,127.756160497665462,0.312857508659363,0.393472570180893
1793,MX20424,1793,704.000000000000000,0.012222222417778,0.254036277532578,1.468366265296936,1.214329987764359,0.318447317928076,0.093865958546545,224.186911821365527,0.295316100120544,0.360296118259430
1794,MX20425,1794,270.000000000000000,0.004687500075000,0.268671512603760,2.122247219085693,1.853575706481934,0.359329138972141,0.193889195547097,97.018867522478118,0.316565439105034,0.373897060751915
1795,MX20426,1795,1143.000000000000000,0.019843750317500,0.264178156852722,1.137176990509033,0.872998833656311,0.336453808000603,0.065111987164035,384.566702544688894,0.318851739168167,0.386216956377029
1796,MX20427,1796,752.000000000000000,0.013055555764444,0.324967145919800,13.113229751586914,12.788262605667114,0.931268967212515,1.233747207781230,700.314263343811035,0.559665650129318,1.620830976963043
1797,MX20428,1797,783.000000000000000,0.013593750217500,0.243999123573303,1.223807811737061,0.979808688163757,0.303618127130457,0.075346070212013,237.732993543147785,0.290015190839767,0.326181238889694
1798,MX20429,1798,252.000000000000000,0.004375000070000,0.262244045734406,1.593663573265076,1.331419527530670,0.370704102610785,0.178866489994637,93.417433857917800,0.306936487555504,0.520907080173493
1799,MX20430,1799,180.000000000000000,0.003125000050000,0.269212067127228,1.443212866783142,1.174000799655914,0.351099536816279,0.138046097279933,63.197916626930244,0.318679466843605,0.376200237870216
1800,MX20431,1800,1818.000000000000000,0.031562500505000,0.261036306619644,3.520185947418213,3.259149640798569,0.321058011782837,0.159885334711928,583.683465421198548,0.302924841642380,0.331861010193825
1801,MX20432,1801,63.000000000000000,0.001093750017500,0.314460098743439,0.890433907508850,0.575973808765411,0.405663819540115,0.123720541911246,25.556820631027218,0.360785067081451,0.531864166259766
1802,MX20433,1802,169.000000000000000,0.002934027824722,0.247521787881851,1.142598509788513,0.895076721906662,0.373925769822837,0.155833490789792,63.193455100059488,0.317274332046509,0.538901329040527
1803,MX20434,1803,181.000000000000000,0.003142361161389,0.349221646785736,2.207007646560669,1.857785999774933,0.605839310594685,0.269515405939342,109.656915217638002,0.540059745311737,0.866322576999664
1804,MX20435,1804,413.000000000000000,0.007170139003611,0.240361601114273,3.106465578079224,2.866103976964951,0.427443502529481,0.313222356832923,176.534166544675855,0.335794031620026,0.611009204387665
1805,MX20436,1805,175.000000000000000,0.003038194493056,0.280545294284821,1.204089760780334,0.923544466495514,0.343082545825413,0.113727080521560,60.039445519447320,0.317156046628952,0.358259606361389
1806,MX20437,1806,748.000000000000000,0.012986111318889,0.257819920778275,5.911951541900635,5.654131621122360,0.461494368745044,0.449962956598501,345.197787821293048,0.352048754692078,0.629242843389512
1807,MX20438,1807,121.000000000000000,0.002100694478056,0.285334944725037,0.918681263923645,0.633346319198608,0.355897792114699,0.095002510225888,43.063632845878601,0.328728765249252,0.399674624204636
1808,MX20439,1808,2531.000000000000000,0.043940972925278,0.264336079359055,5.223726272583008,4.959390193223953,0.491444749730419,0.395091674577053,1243.846661567689353,0.369299679994583,0.748840093612671
1809,MX20440,1809,556.000000000000000,0.009652777932222,0.255142092704773,3.171889781951904,2.916747689247131,0.332469597673245,0.213064288840011,184.853096306324090,0.299632191658020,0.334351390600204
1810,MX20441,1810,428.000000000000000,0.007430555674444,0.429775655269623,12.248975753784180,11.819200098514557,0.945585385104207,1.367308921092969,404.710544824600504,0.567502111196518,1.182427799701691
1811,MX20442,1811,234.000000000000000,0.004062500065000,0.274413198232651,1.394689440727234,1.120276242494583,0.334533734963490,0.143957813135456,78.280893981456742,0.306847363710403,0.338610455393791
1812,MX20443,1812,426.000000000000000,0.007395833451667,0.259179532527924,1.542311191558838,1.283131659030914,0.328867874934640,0.126035026781323,140.097714722156468,0.305102527141571,0.346079498529434
1813,MX20444,1813,90.000000000000000,0.001562500025000,0.270487368106842,0.523690879344940,0.253203511238098,0.306600335902638,0.040603917359136,27.594030231237401,0.294937461614609,0.343853494524956
1814,MX20445,1814,165.000000000000000,0.002864583379167,0.295956492424011,1.183247208595276,0.887290716171265,0.451968297091397,0.166928136293942,74.574769020080552,0.386837840080261,0.693652153015137
1815,MX20446,1815,361.000000000000000,0.006267361211389,0.286128252744675,1.238315582275391,0.952187329530716,0.394730306480730,0.108934482264112,142.497640639543505,0.363754659891129,0.516104221343994
1816,MX20447,1816,2448.000000000000000,0.042500000680000,0.251286149024963,6.366962909698486,6.115676760673523,0.374547927390808,0.284570528846386,916.893326252697875,0.320886626839638,0.446915131807327
1817,MX20448,1817,774.000000000000000,0.013437500215000,0.244211569428444,3.362401962280273,3.118190392851830,0.310022217820781,0.151163391508570,239.957196593284237,0.287953853607178,0.334741437435150
1818,MX20449,1818,2035.000000000000000,0.035329861676389,0.253025978803635,2.627449274063110,2.374423295259476,0.303307907265000,0.106049274621931,617.231591284275282,0.290369838476181,0.315456730127335
1819,MX19049,1819,3824.000000000000000,0.066388889951111,0.319947987794876,24.263471603393555,23.943523615598679,1.393283346137929,2.486466244877803,5327.915515631439121,0.511978387832642,2.991244745254521
1820,MX20450,1820,1008.000000000000000,0.017500000280000,0.258274525403976,1.543448925018311,1.285174399614334,0.345442303412017,0.088759772607145,348.205841839313052,0.321770429611206,0.426040250062943
1821,MX20451,1821,420.000000000000000,0.007291666783333,0.277265489101410,1.243627190589905,0.966361701488495,0.339422275338854,0.084123615673685,142.557355642318669,0.320638015866280,0.376729619503021
1822,MX20452,1822,82.000000000000000,0.001423611133889,0.522135257720947,6.081264972686768,5.559129714965820,1.485656496228241,1.277555606584992,121.823832690715790,0.859706640243530,3.266972541809082
1823,MX20453,1823,902.000000000000000,0.015659722472778,0.252234637737274,7.940330982208252,7.688096344470978,0.374553861084112,0.440981125783739,337.847582697868688,0.305096253752708,0.395013403892517
1824,MX20454,1824,347.000000000000000,0.006024305651944,0.264390051364899,1.040889739990234,0.776499688625336,0.352706170906595,0.095058115827164,122.389041304588289,0.321088373661041,0.449538010358811
1825,MX20455,1825,452.000000000000000,0.007847222347778,0.292366951704025,3.464248657226562,3.171881705522537,0.450144131165162,0.364595320479045,203.465147286653462,0.351798430085182,0.576163333654404
1826,MX20456,1826,187.000000000000000,0.003246527829722,0.314147084951401,6.149619102478027,5.835472017526627,0.628421648619646,0.674377833833106,117.514848291873861,0.442589432001114,0.825577628612518
1827,MX20457,1827,1532.000000000000000,0.026597222647778,0.269454598426819,1.042314767837524,0.772860169410706,0.333195607904977,0.057483048909259,510.455671310424975,0.321263998746872,0.363232457637787
1828,MX20459,1828,1595.000000000000000,0.027690972665278,0.274407774209976,7.697214603424072,7.422806829214096,0.409056452019461,0.407230934823978,652.445040971040726,0.333860635757446,0.474462258815765
1829,MX20460,1829,1514.000000000000000,0.026284722642778,0.252790421247482,1.140729546546936,0.887939125299454,0.323901318161302,0.052746380613254,490.386595696210691,0.314415425062180,0.349686348438263
1830,MX20458,1830,1000.000000000000000,0.017361111388889,0.267293483018875,1.404336214065552,1.137042731046677,0.321931050181389,0.067461522554798,321.931050181388912,0.312477886676788,0.350362548232079
1831,MX13055,1831,1274.000000000000000,0.022118055909444,0.356830477714539,20.807029724121094,20.450199246406555,1.042390850359452,1.286699419126265,1328.005943357942215,0.632886290550232,1.933263742923737
1832,MX20461,1832,183.000000000000000,0.003177083384167,0.272114694118500,2.079159021377563,1.807044327259064,0.412039679419148,0.261477003179778,75.403261333704009,0.326436012983322,0.559567463397980
1833,MX07119,1833,82.000000000000000,0.001423611133889,0.500109612941742,7.212114334106445,6.712004721164703,1.659393081577813,1.521923849283395,136.070232689380646,0.933933466672897,3.768636822700502
1834,MX20462,1834,540.000000000000000,0.009375000150000,0.312052637338638,8.794115066528320,8.482062429189682,0.821613046306150,0.903080998748376,443.671045005321218,0.560731858015060,1.314377641677857
1835,MX20463,1835,494.000000000000000,0.008576389026111,0.248169571161270,1.273705482482910,1.025535911321640,0.327806598925397,0.095750683387326,161.936459869146319,0.303829014301300,0.365263175964355
1836,MX20464,1836,220.000000000000000,0.003819444505556,0.277965277433395,2.317179203033447,2.039213925600052,0.385932941870256,0.205221562841712,84.905247211456327,0.336746066808701,0.455342715978622
1837,MX20465,1837,593.000000000000000,0.010295139053611,0.275405049324036,2.520590543746948,2.245185494422913,0.353882261211112,0.161141360257900,209.852180898189431,0.324307650327682,0.370954573154450
1838,MX18015,1838,7119.000000000000000,0.123593751977500,0.266686975955963,27.394914627075195,27.128227651119232,0.581711016958525,1.120849041274779,4141.200729727740509,0.375039637088776,0.762308979034424
1839,MX20466,1839,2217.000000000000000,0.038489583949167,0.247821092605591,4.253780841827393,4.005959749221802,0.379104570750724,0.231743139614390,840.474833354354814,0.314956665039062,0.520915567874909
1840,MX20467,1840,3104.000000000000000,0.053888889751111,0.233173221349716,11.610128402709961,11.376955181360245,0.387610930704618,0.591430179793269,1203.144328907132831,0.299276977777481,0.442873734235764
1841,MX20468,1841,3034.000000000000000,0.052673611953889,0.283761471509933,2.334100008010864,2.050338536500931,0.369490232890817,0.114708446622792,1121.033366590739433,0.343350589275360,0.419141906499863
1842,MX20469,1842,3796.000000000000000,0.065902778832222,0.248555734753609,12.700440406799316,12.451884672045708,0.447496074288143,0.552649907574001,1698.695097997789162,0.332457616925240,0.602440506219864
1843,MX20470,1843,2110.000000000000000,0.036631945030556,0.254653632640839,2.108030080795288,1.853376448154449,0.336562067708133,0.108203122349958,710.145962864161447,0.317458823323250,0.368120431900024
1844,MX20471,1844,126.000000000000000,0.002187500035000,0.305071860551834,1.077629804611206,0.772557944059372,0.387431457875267,0.134526712298116,48.816363692283630,0.348565503954887,0.451946586370468
1845,MX20472,1845,1284.000000000000000,0.022291667023333,0.266835540533066,5.121991634368896,4.855156093835831,0.354481792338541,0.283801635855173,455.154621362687124,0.313565939664841,0.366615480184555
1846,MX20473,1846,575.000000000000000,0.009982639048611,0.264993131160736,2.415319919586182,2.150326788425446,0.351253953861153,0.203833322345971,201.971023470163175,0.305424869060516,0.376432430744171
1847,MX20474,1847,533.000000000000000,0.009253472370278,0.277055919170380,3.271891355514526,2.994835436344147,0.423278471374601,0.311765700148825,225.607425242662373,0.341236323118210,0.509010875225067
1848,MX11036,1848,416.000000000000000,0.007222222337778,0.461008012294769,19.719221115112305,19.258213102817535,1.434854463315927,2.127175639505856,596.899456739425545,0.775103569030762,2.840036630630493
1849,MX20475,1849,897.000000000000000,0.015572916915833,0.290984392166138,12.208742141723633,11.917757749557495,0.782045737722911,1.286081396924289,701.495026737451440,0.425611048936844,1.195235490798950
1850,MX21149,1850,464.000000000000000,0.008055555684444,0.425094395875931,24.069355010986328,23.644260615110397,2.433954785995443,3.475581399813550,1129.355020701885678,1.116286695003510,6.274229240417480
1851,MX20476,1851,257.000000000000000,0.004461805626944,0.287040233612061,1.499778985977173,1.212738752365112,0.362869088287947,0.150647703561832,93.257355690002413,0.326191335916519,0.403523945808411
1852,MX20477,1852,964.000000000000000,0.016736111378889,0.243855148553848,0.762246668338776,0.518391519784927,0.293653548907690,0.039726429212762,283.082021147012881,0.285444691777229,0.315974882245064
1853,MX20478,1853,1005.000000000000000,0.017447916945833,0.265392273664474,1.376371026039124,1.110978752374649,0.333862669550957,0.106331074086468,335.531982898712158,0.307428151369095,0.377197957038879
1854,MX20479,1854,100.000000000000000,0.001736111138889,0.268222004175186,0.972619533538818,0.704397529363632,0.355551857650280,0.126232929749663,35.555185765028000,0.313511520624161,0.448657992482186
1855,MX20066,1855,2677.000000000000000,0.046475695188056,0.264069229364395,6.427486896514893,6.163417667150497,0.387204091418444,0.343543834513573,1036.545352727173849,0.324629127979279,0.421228295564651
1856,MX20480,1856,343.000000000000000,0.005954861206389,0.260321468114853,1.818178534507751,1.557857066392899,0.339357419542252,0.151032496425462,116.399594902992263,0.315901488065720,0.355594563484192
1857,MX20481,1857,278.000000000000000,0.004826388966111,0.282987594604492,1.543660283088684,1.260672688484192,0.395927594827233,0.135863283530483,110.067871361970845,0.359079048037529,0.512519079446793
1858,MX10032,1858,32973.000000000000000,0.572447925825833,0.262123912572861,35.895195007324219,35.633071094751358,0.380408766599730,0.791022530306656,12543.218261092883040,0.314084053039551,0.364058262109756
1859,MX20482,1859,3834.000000000000000,0.066562501065000,0.239956349134445,18.444723129272461,18.204766780138016,0.559270093057169,1.160690060549752,2144.241536781185005,0.332261428236961,0.694603580236436
1860,MX30212,1860,1961.000000000000000,0.034045139433611,0.286807596683502,3.191572189331055,2.904764592647552,0.395985436342249,0.179185455116500,776.527440667151154,0.354232430458069,0.464614659547806
1861,MX20483,1861,470.000000000000000,0.008159722352778,0.293345302343369,6.159487724304199,5.866142421960831,0.827744161511990,1.027075860866914,389.039755910635165,0.388044819235802,2.246448707580567
1862,MX20484,1862,986.000000000000000,0.017118055829444,0.270790725946426,5.942871570587158,5.672080844640732,0.401543239490498,0.397474855178570,395.921634137630974,0.322082787752151,0.451425448060036
1863,MX20485,1863,627.000000000000000,0.010885416840833,0.265492498874664,2.224902153015137,1.959409654140472,0.347435128318066,0.185383547050351,217.841825455427056,0.309162199497223,0.380087673664093
1864,MX20487,1864,529.000000000000000,0.009184027924722,0.285662442445755,1.373188734054565,1.087526291608810,0.361917266773592,0.101382542532981,191.454234123230037,0.331907927989960,0.430693912506104
1865,MX20488,1865,68.000000000000000,0.001180555574444,0.285522282123566,1.024919271469116,0.739396989345551,0.452823431614567,0.150597389295700,30.791993349790580,0.381382182240486,0.670065855979919
1866,MX20489,1866,1417.000000000000000,0.024600694838056,0.237858623266220,2.009301900863647,1.771443277597427,0.322542188343399,0.109755918939387,457.042280882596970,0.295361042022705,0.383274692296982
1867,MX20490,1867,82.000000000000000,0.001423611133889,0.340467035770416,2.141873359680176,1.801406323909760,0.890921082438492,0.435035334396312,73.055528759956346,0.818050533533096,1.431460213661194
1868,MX20491,1868,1222.000000000000000,0.021215278117222,0.239401549100876,1.371839046478271,1.132437497377396,0.296708365679763,0.075578215711207,362.577622860670090,0.281574428081512,0.319111490249634
1869,MX20492,1869,1215.000000000000000,0.021093750337500,0.265357971191406,2.306196928024292,2.040838956832886,0.349788593951567,0.124170427465921,424.993141651153962,0.316256135702133,0.431349366903305
1870,MX20493,1870,86.000000000000000,0.001493055579444,0.310816437005997,1.930815339088440,1.619998902082443,0.538765127229136,0.322484437295825,46.333800941705682,0.408435091376305,0.883419752120972
1871,MX20494,1871,310.000000000000000,0.005381944530556,0.287347525358200,1.887488603591919,1.600141078233719,0.433147547706481,0.187871504809346,134.275739789009208,0.385845392942429,0.579592567682266
1872,MX13056,1872,318.000000000000000,0.005520833421667,0.540629863739014,23.801670074462891,23.261040210723877,4.417112278488444,4.507418630388019,1404.641704559325262,2.812111973762512,10.741875839233398
1873,MX30143,1873,3045.000000000000000,0.052864584179167,0.303108096122742,18.057016372680664,17.753908276557922,0.502362625264183,0.709956225976570,1529.694193929436778,0.383225440979004,0.618008780479431
1874,MX20495,1874,671.000000000000000,0.011649305741944,0.240009754896164,1.529928565025330,1.289918810129166,0.304711487716072,0.100052125948970,204.461408257484635,0.284542530775070,0.325171679258347
1875,MX20496,1875,308.000000000000000,0.005347222307778,0.270634055137634,1.831338882446289,1.560704827308655,0.404644281059116,0.188679731658014,124.630438566207857,0.340400904417038,0.563371038436890
1876,MX20497,1876,202.000000000000000,0.003506944500556,0.247446238994598,4.060173511505127,3.812727272510529,0.487567265361252,0.585805201195757,98.488587602972970,0.300870597362518,0.710140746831894
1877,MX20498,1877,5023.000000000000000,0.087204862506389,0.270314037799835,2.096947908401489,1.826633870601654,0.352694007610149,0.103751781421482,1771.582000225776028,0.332096755504608,0.390890467166901
1878,MX20499,1878,333.000000000000000,0.005781250092500,0.283250838518143,5.596158504486084,5.312907665967941,0.480138588059056,0.597447738594077,159.886149823665534,0.328659832477570,0.600482833385468
1879,MX20500,1879,1624.000000000000000,0.028194444895556,0.243814826011658,4.445605754852295,4.201790928840637,0.331286972140884,0.188831903228116,538.010042756796338,0.304392367601395,0.364959606528282
1880,MX20501,1880,246.000000000000000,0.004270833401667,0.285952299833298,5.708565235137939,5.422612935304642,0.470484461241621,0.554014786642087,115.739177465438871,0.327278092503548,0.567180275917053
1881,MX20502,1881,1044.000000000000000,0.018125000290000,0.270480424165726,2.339582681655884,2.069102257490158,0.361707291897686,0.175608513964873,377.622412741184462,0.321065038442612,0.401916825771332
1882,MX20503,1882,43.000000000000000,0.000746527789722,0.323988527059555,2.371829748153687,2.047841221094131,0.537048178356747,0.395531240458688,23.093071669340141,0.388341724872589,0.988004696369172
1883,MX24033,1883,21992.000000000000000,0.381805561664445,0.252834171056747,6.300039768218994,6.047205597162247,0.321304616166999,0.142680731577842,7066.131118744642663,0.305786460638046,0.337622222304344
1884,MX20506,1884,215.000000000000000,0.003732638948611,0.287405073642731,1.425970315933228,1.138565242290497,0.364025047490763,0.136149161091354,78.265385210514040,0.331452995538712,0.411674988269806
1885,MX20507,1885,699.000000000000000,0.012135416860833,0.256485283374786,3.543140649795532,3.286655366420746,0.350049254549760,0.239545681328688,244.684428930282508,0.307392090559006,0.376630812883377
1886,MX20508,1886,340.000000000000000,0.005902777872222,0.284247338771820,3.473401308059692,3.189153969287872,0.460360949092052,0.345161445416754,156.522722691297560,0.337763354182243,0.678955233097077
1887,MX20509,1887,508.000000000000000,0.008819444585556,0.295297980308533,4.832776069641113,4.537478089332581,0.529306647873770,0.379048321619709,268.887777119875238,0.418824121356010,0.799365246295929
1888,MX20505,1888,972.000000000000000,0.016875000270000,0.279395341873169,8.280978202819824,8.001582860946655,0.511472485131689,0.610286601762666,497.151255548001245,0.374896332621574,0.687693667411804
1889,MX20510,1889,86.000000000000000,0.001493055579444,0.280252069234848,0.908385157585144,0.628133088350296,0.351479473848675,0.108648149144737,30.227234750986085,0.315273463726044,0.425297558307648
1890,MX20511,1890,716.000000000000000,0.012430555754444,0.269502162933350,1.006130814552307,0.736628651618958,0.331104220874483,0.059060302089767,237.070622146129637,0.316941082477570,0.365381777286530
1891,MX20512,1891,310.000000000000000,0.005381944530556,0.249229058623314,1.544442296028137,1.295213237404823,0.320024194928908,0.135217056034248,99.207500427961392,0.285949736833572,0.374013146758080
1892,MX20513,1892,1658.000000000000000,0.028784722682778,0.284375369548798,4.153781890869141,3.869406521320343,0.376157106496888,0.206940935280370,623.668482571840968,0.341248616576195,0.423465260863304
1893,MX20514,1893,277.000000000000000,0.004809027854722,0.265717566013336,1.146243929862976,0.880526363849640,0.344747403683645,0.099724405962930,95.495030820369735,0.321167141199112,0.400003945827484
1894,MX20515,1894,5824.000000000000000,0.101111112728889,0.262531995773315,32.457817077636719,32.195285081863403,0.769943913741672,1.778252454089460,4484.153353631495520,0.393357917666435,1.110445713996887
1895,MX20516,1895,1091.000000000000000,0.018940972525278,0.236550614237785,2.312839984893799,2.076289370656013,0.317008663327403,0.133840273331740,345.856451690196934,0.295502185821533,0.330124169588089
1896,MX20517,1896,558.000000000000000,0.009687500155000,0.269610971212387,4.016069889068604,3.746458917856216,0.459019974568411,0.397994627955912,256.133145809173584,0.341360375285149,0.639566087722778
1897,MX20518,1897,55.000000000000000,0.000954861126389,0.304657071828842,1.831591248512268,1.526934176683426,0.491355199705471,0.291756236468259,27.024535983800881,0.378986358642578,0.859060299396515
1898,MX20519,1898,149.000000000000000,0.002586805596944,0.402989447116852,10.262850761413574,9.859861314296722,1.782036017651526,2.057377053438577,265.523366630077419,0.877130925655365,4.230054855346681
1899,MX20520,1899,810.000000000000000,0.014062500225000,0.285383909940720,5.145100593566895,4.859716683626175,0.486490487316508,0.446937178289118,394.057294726371595,0.356255427002907,0.655418813228608
1900,MX20521,1900,132.000000000000000,0.002291666703333,0.293382644653320,0.404307752847672,0.110925108194351,0.327777970695134,0.017936089746357,43.266692131757715,0.323274970054626,0.348343533277512
1901,MX20522,1901,271.000000000000000,0.004704861186389,0.243401765823364,1.839445352554321,1.596043586730957,0.332565727983894,0.152801346175146,90.125312283635154,0.300650805234909,0.368396997451782
1902,MX20523,1902,338.000000000000000,0.005868055649444,0.281748712062836,3.831810712814331,3.550062000751495,0.441075724874728,0.388295011596319,149.083595007658005,0.345007911324501,0.505368143320084
1903,MX20524,1903,179.000000000000000,0.003107638938611,0.272659003734589,1.292138814926147,1.019479811191559,0.336703642786548,0.110007219522729,60.269952058792128,0.314932137727737,0.353346794843674
1904,MX20525,1904,3142.000000000000000,0.054548611983889,0.247690066695213,9.972723007202148,9.725032940506935,0.409994732647811,0.519460753403672,1288.203449979422885,0.323123827576637,0.473036298155785
1905,MX15078,1905,515.000000000000000,0.008940972365278,0.305358171463013,11.649312973022461,11.343954801559448,0.774517399940676,1.270019971264798,398.876460969448146,0.424315899610519,1.205474448204041
1906,MX21151,1906,99.000000000000000,0.001718750027500,0.835044085979462,9.704931259155273,8.869887173175812,2.568655191045819,2.025207227746833,254.296863913536100,1.603042840957642,5.385191535949708
1907,MX20530,1907,340.000000000000000,0.005902777872222,0.378034651279449,5.537618637084961,5.159583985805511,0.747569658125149,0.524436565545902,254.173683762550496,0.591236263513565,1.191733241081240
1908,MX20531,1908,218.000000000000000,0.003784722282778,0.308644682168961,4.858532905578613,4.549888223409653,0.558965442787617,0.664610106100950,121.854466527700495,0.378290757536888,0.609940171241761
1909,MX20532,1909,390.000000000000000,0.006770833441667,0.263925790786743,1.607113003730774,1.343187212944031,0.406835261369363,0.156362570236062,158.665751934051514,0.356966242194176,0.543640822172165
1910,MX20533,1910,327.000000000000000,0.005677083424167,0.279843032360077,3.017678737640381,2.737835705280304,0.509131537938337,0.372801357701382,166.486012905836219,0.367572158575058,0.854908525943758
1911,MX20526,1911,1096.000000000000000,0.019027778082222,0.244883134961128,5.613159179687500,5.368276044726372,0.431896889718236,0.438556106986594,473.358991131186713,0.311141863465309,0.581930011510849
1912,MX20527,1912,410.000000000000000,0.007118055669444,0.282381027936935,1.861102104187012,1.578721076250076,0.385091622573573,0.152461177405491,157.887565255165129,0.342721432447433,0.476728755235672
1913,MX20528,1913,259.000000000000000,0.004496527849722,0.273774623870850,3.253202438354492,2.979427814483643,0.389849999581525,0.304807002950725,100.971149891614971,0.321301221847534,0.413013827800751
1914,MX20529,1914,298.000000000000000,0.005173611193889,0.295265167951584,1.499389767646790,1.204124599695206,0.411379638134233,0.163403393077428,122.591132164001536,0.350568071007729,0.593166607618332
1915,MX26060,1915,7325.000000000000000,0.127170140923611,0.289585500955582,7.325691223144531,7.036105722188950,0.349040736997493,0.254669951610018,2556.723398506635021,0.329884886741638,0.347167384624481
1916,MX08061,1916,18757.000000000000000,0.325642366321389,0.285075485706329,32.026592254638672,31.741516768932343,0.365199701010804,0.545177560128153,6850.050791859648598,0.335286974906921,0.361573040485382
1917,MX08062,1917,16058.000000000000000,0.278784726682778,0.295887023210526,27.133056640625000,26.837169617414474,0.494040270191093,0.953570336942013,7933.298658728575901,0.363050490617752,0.525227910280228
1918,MX14082,1918,1072.000000000000000,0.018611111408889,0.328893542289734,30.790128707885742,30.461235165596008,1.357867754606614,3.201903962217362,1455.634232938290552,0.446108132600784,2.214702177047729
1919,MX30144,1919,3241.000000000000000,0.056267362011389,0.306141585111618,20.280473709106445,19.974332123994827,0.561659056374924,0.938459475588513,1820.337001711129233,0.384395152330399,0.737519383430481
1920,MX16080,1920,1243.000000000000000,0.021579861456389,0.316543400287628,4.202203273773193,3.885659873485565,0.476007079632169,0.246753875163275,591.676799982786065,0.422949910163879,0.616490256786346
1921,MX31067,1921,879.000000000000000,0.015260416910833,0.371185034513474,9.651919364929199,9.280734330415726,0.726947948896032,0.741796274061171,638.987247079611734,0.564079284667969,0.939537990093231
1922,MX05034,1922,41663.000000000000000,0.723315983795278,0.279686033725739,30.296890258789062,30.017204225063324,0.346935234887176,0.407661061928750,14454.362691104393889,0.329307436943054,0.349245911836624
1923,MX20537,1923,2110.000000000000000,0.036631945030556,0.264487475156784,4.608583927154541,4.344096451997757,0.385747026041221,0.281682280078956,813.926224946976504,0.319046825170517,0.468185725808144
1924,MX11037,1924,2690.000000000000000,0.046701389636111,0.637985169887543,63.368633270263672,62.730648100376129,6.031771700200536,9.158667559892304,16225.465873539440508,2.668207406997681,14.344973754882803
1925,MX07080,1925,4242.000000000000000,0.073645834511667,0.249336332082748,4.900988578796387,4.651652246713638,0.409524110424692,0.208741837668383,1737.201276421545344,0.347762569785118,0.574394708871842
1926,MX07081,1926,1538.000000000000000,0.026701389316111,0.312640994787216,12.220868110656738,11.908227115869522,0.866104234780231,1.006710102052465,1332.068313091994924,0.582486093044281,1.483315360546112
1927,MX25017,1927,32821.000000000000000,0.569809036894722,0.275877326726913,29.341468811035156,29.065591484308243,0.412752885056252,0.533736236380838,13546.962440431238065,0.336045771837234,0.470562487840652
1928,MX31068,1928,671.000000000000000,0.011649305741944,0.318183422088623,5.539232254028320,5.221048831939697,0.496868258528133,0.513304704040373,333.398601472377493,0.364711910486221,0.578888118267059
1929,MX13057,1929,2088.000000000000000,0.036250000580000,0.439169943332672,14.890531539916992,14.451361596584320,0.893022238822847,0.868734066067898,1864.630434662103880,0.693690836429596,1.273700213432312
1930,MX07082,1930,515.000000000000000,0.008940972365278,0.367556899785995,4.559476852416992,4.191919952630997,0.674027068869581,0.433729307448095,347.123940467834188,0.540830373764038,0.997004008293152
1931,MX20538,1931,87.000000000000000,0.001510416690833,0.417115867137909,1.768566608428955,1.351450741291046,0.803313229618401,0.271775215826788,69.888250976800904,0.732856273651123,1.115384078025818
1932,MX30146,1932,78.000000000000000,0.001354166688333,0.483133167028427,2.294476509094238,1.811343342065811,0.785427566140126,0.301170651285662,61.263350158929818,0.721058189868927,0.983812350034713
1933,MX07083,1933,3081.000000000000000,0.053489584189167,0.218970760703087,19.834941864013672,19.615971103310585,0.519349893296899,0.845455045290176,1600.117021247745015,0.341291993856430,0.755605161190033
1934,MX30145,1934,474.000000000000000,0.008229166798333,0.477151453495026,13.361894607543945,12.884743154048920,1.154442141453426,1.687371468633031,547.205575048923833,0.632551819086075,1.709631478786468
1935,MX30147,1935,567.000000000000000,0.009843750157500,0.352246493101120,6.063789367675781,5.711542874574661,1.372736196091145,1.089400181225207,778.341423183679467,0.934734821319580,2.970391559600830
1936,MX30148,1936,2052.000000000000000,0.035625000570000,0.352813839912415,13.882479667663574,13.529665827751160,0.599364529401936,0.801942507667695,1229.896014332772666,0.465774103999138,0.718801075220108
1937,MX24035,1937,1545.000000000000000,0.026822917095833,0.376121222972870,69.876213073730469,69.500091850757599,6.783598716417180,12.733026097958552,10480.660016864543650,1.043793439865112,28.412208938598667
1938,MX20539,1938,61.000000000000000,0.001059027794722,0.659175157546997,10.345520973205566,9.686345815658569,3.401354221046947,2.612086139710973,207.482607483863774,2.480731248855591,7.788353919982910
1939,MX23008,1939,10548.000000000000000,0.183125002930000,0.254811793565750,100.293594360351562,100.038782566785812,1.849435918914645,7.778866600817704,19507.850072711677058,0.320193931460381,0.962095201015473
1940,MX07084,1940,758.000000000000000,0.013159722432778,0.349465757608414,2.981222391128540,2.631756633520126,0.511043757868631,0.245360483713431,387.371168464421942,0.449117958545685,0.653404325246811
1941,MX21152,1941,563.000000000000000,0.009774305711944,0.449158638715744,8.185898780822754,7.736740142107010,0.913112742650997,0.985582703064658,514.082474112511022,0.587734878063202,1.503038573265076
1942,MX32042,1942,18527.000000000000000,0.321649310701944,0.262337476015091,43.256488800048828,42.994151324033737,0.524938572012561,1.409998096307698,9725.536923676723745,0.345168203115463,0.540297687053681
1943,MX30149,1943,2369.000000000000000,0.041128472880278,0.297696799039841,9.187178611755371,8.889481812715530,0.563261787037952,0.516656476626908,1334.367173492907796,0.426949173212051,0.834508979320527
1944,MX28037,1944,32394.000000000000000,0.562395842331667,0.260484308004379,28.918569564819336,28.658085256814957,0.341532778552618,0.421927890071330,11063.612828433517279,0.317840725183487,0.346089813113213
1945,MX31069,1945,2729.000000000000000,0.047378472980278,0.263945877552032,11.506069183349609,11.242123305797577,0.389269126623531,0.530773437086958,1062.315446555615154,0.310919165611267,0.371796542406082
1946,MX07085,1946,465.000000000000000,0.008072916795833,0.357978194952011,6.917263984680176,6.559285789728165,0.686980352927280,0.766476094918628,319.445864111185074,0.462080419063568,1.104990339279176
1947,MX15079,1947,725.000000000000000,0.012586805756944,0.540444850921631,27.197757720947266,26.657312870025635,1.814870670088407,2.505120131832737,1315.781235814094998,1.070909619331360,3.315034341812135
1948,MX26061,1948,9140.000000000000000,0.158680558094444,0.278195470571518,6.923388004302979,6.645192533731461,0.334106736863338,0.200986080703073,3053.735574930906751,0.316381946206093,0.335104432702064
1949,MX26062,1949,4854.000000000000000,0.084270834681667,0.279724925756454,7.439800739288330,7.160075813531876,0.330652881826596,0.200495916951420,1604.989088386296999,0.318934589624405,0.334540864825249
1950,MX07086,1950,1385.000000000000000,0.024045139273611,0.307794332504272,17.355035781860352,17.047241449356079,0.841955082833983,1.539647062449796,1166.107789725066141,0.448115408420563,1.277435779571534
1951,MX07087,1951,1136.000000000000000,0.019722222537778,0.342675983905792,23.038234710693359,22.695558726787567,1.120350738042887,1.916209819287192,1272.718438416719437,0.601684093475342,1.829290270805359
1952,MX10033,1952,7473.000000000000000,0.129739585409167,0.255650341510773,9.597434043884277,9.341783702373505,0.333411428881476,0.314052704043206,2491.583608031268795,0.304478675127029,0.344925129413605
1953,MX31070,1953,1543.000000000000000,0.026788194873056,0.263179659843445,8.255138397216797,7.991958737373352,0.373282899967819,0.512587105257555,575.975514650344849,0.303556382656097,0.350181102752686
1954,MX31071,1954,1117.000000000000000,0.019392361421389,0.278761535882950,2.809201002120972,2.530439466238022,0.410755058778858,0.233846157135119,458.813400655984594,0.342233210802078,0.545650386810303
1955,MX15080,1955,2794.000000000000000,0.048506945220556,0.279284030199051,10.656840324401855,10.377556294202805,0.465167544062170,0.468938146204964,1299.678118109703973,0.373670637607574,0.616172093153000
1956,MX31072,1956,437.000000000000000,0.007586805676944,0.325867533683777,4.302763938903809,3.976896405220032,0.511669338090469,0.404601639604715,223.599500745534755,0.407577306032181,0.631423044204712
1957,MX07088,1957,388.000000000000000,0.006736111218889,0.427079200744629,1.728900790214539,1.301821589469910,0.569960863857539,0.120143501117125,221.144815176725217,0.554311394691467,0.637790220975876
1958,MX32043,1958,1009.000000000000000,0.017517361391389,0.270267546176910,4.951027393341064,4.680759847164154,0.382824033794130,0.357839209674810,386.269450098276877,0.311573117971420,0.383136260509491
1959,MX16081,1959,1330.000000000000000,0.023090278147222,0.277273237705231,1.560934662818909,1.283661425113678,0.374964217651159,0.096031711654452,498.702409476041964,0.349444299936295,0.452597773075104
1960,MX32044,1960,2058.000000000000000,0.035729167238333,0.284797370433807,12.858066558837891,12.573269188404083,0.532302736714698,0.806518996264213,1095.479032158848213,0.362314701080322,0.694470691680908
1961,MX16082,1961,3893.000000000000000,0.067586806636944,0.285477995872498,14.580106735229492,14.294628739356995,0.514584672503078,0.807876958316617,2003.278130054483199,0.365125089883804,0.622823500633240
1962,MX27015,1962,3602.000000000000000,0.062534723222778,0.365118682384491,19.717744827270508,19.352626144886017,0.744946954003445,0.781836113341621,2683.298928320410596,0.560214906930923,1.147329330444336
1963,MX31073,1963,1200.000000000000000,0.020833333666667,0.270316898822784,9.089558601379395,8.819241702556610,0.387342233235637,0.539263593968317,464.810679882764646,0.310370817780495,0.380333724617958
1964,MX31074,1964,520.000000000000000,0.009027777922222,0.378172516822815,5.343859195709229,4.965686678886414,0.583725693191473,0.440982033274833,303.537360459565946,0.461710184812546,0.765596717596054
1965,MX14083,1965,2053.000000000000000,0.035642361681389,0.446014255285263,25.686721801757812,25.240707546472549,1.797343338676854,3.305243923150452,3689.945874303580240,0.744207084178925,3.627814197540283
1966,MX14084,1966,9944.000000000000000,0.172638891651111,0.244934052228928,14.677989006042480,14.433054953813553,0.360704944781475,0.494170855413430,3586.849970906986073,0.300349786877632,0.354558417201042
1967,MX30150,1967,1285.000000000000000,0.022309028134722,0.280135840177536,7.138442993164062,6.858307152986526,0.424498335118424,0.374231146351079,545.480360627174605,0.342229098081589,0.538459992408753
1968,MX24036,1968,6659.000000000000000,0.115607640738611,0.297620475292206,5.393178462982178,5.095557987689972,0.406343477098840,0.232773288594508,2705.841214001177377,0.360238790512085,0.479816919565201
1969,MX10034,1969,29886.000000000000000,0.518854174968333,0.265441328287125,16.154684066772461,15.889242738485336,0.351334059114982,0.276258372115299,10499.969690710344366,0.321582585573196,0.371128439903259
1970,MX14085,1970,6762.000000000000000,0.117395835211667,0.271333456039429,15.691336631774902,15.420003175735474,0.485140895973963,0.698501004163601,3280.522738575938547,0.352143496274948,0.599433529376984
1971,MX20031,1971,548.000000000000000,0.009513889041111,0.297041505575180,7.729317188262939,7.432275682687759,0.596209491582683,0.659684015945346,326.722801387310199,0.413045123219490,0.965825945138931
1972,MX24037,1972,1768.000000000000000,0.030694444935556,0.388028204441071,45.981128692626953,45.593100488185883,1.044451892611939,2.014874921493593,1846.590946137908531,0.679337620735168,1.329489719867706
1973,MX30151,1973,3748.000000000000000,0.065069445485556,0.251673638820648,7.451756477355957,7.200082838535309,0.411393553758062,0.280630720206341,1541.903039485215004,0.361508086323738,0.504331701993942
1974,MX24038,1974,940.000000000000000,0.016319444705556,0.343876868486404,10.658025741577148,10.314148873090744,0.531011689343352,0.502484742092206,499.150987982750507,0.435547798871994,0.643628638982773
1975,MX24039,1975,1316.000000000000000,0.022847222587778,0.325976401567459,4.752562522888184,4.426586121320724,0.474189721636676,0.266144708690657,624.033673673866247,0.403902918100357,0.618567675352097
1976,MX28038,1976,573.000000000000000,0.009947916825833,0.761888384819031,62.522598266601562,61.760709881782532,15.322352058808420,15.857557755497877,8779.707729697223840,5.568681716918945,38.572038269042970
1977,MX30152,1977,4287.000000000000000,0.074427084524167,0.257282286882401,7.991160869598389,7.733878582715988,0.431262453689090,0.291849052476285,1848.822138965127579,0.381766021251678,0.550458574295044
1978,MX24040,1978,9297.000000000000000,0.161406252582500,0.285926729440689,19.427074432373047,19.141147702932358,0.465162475782016,0.684068027871185,4324.615537345405755,0.350959092378616,0.550140464305877
1979,MX24012,1979,684.000000000000000,0.011875000190000,0.350135505199432,3.320484638214111,2.970349133014679,0.591190875012275,0.284481903145189,404.374558508395978,0.526993602514267,0.786559182405472
1980,MX16083,1980,3536.000000000000000,0.061388889871111,0.279906392097473,12.279393196105957,11.999486804008484,0.469236463451615,0.551810985605575,1659.220134764912018,0.365822419524193,0.567631810903549
1981,MX30153,1981,783.000000000000000,0.013593750217500,0.326071560382843,12.420851707458496,12.094780147075653,0.584855704129428,0.814037558814139,457.942016333341883,0.412760317325592,0.741955113410950
1982,MX20541,1982,105.000000000000000,0.001822916695833,0.321085602045059,1.378126740455627,1.057041138410568,0.447464321908497,0.173367666582922,46.983753800392158,0.377570778131485,0.615742790699005
1983,MX16084,1983,1567.000000000000000,0.027204861546389,0.326999574899673,10.339208602905273,10.012209028005600,0.611388217208487,0.756778035372121,958.045336365699882,0.415735006332397,0.884464716911316
1984,MX16085,1984,1911.000000000000000,0.033177083864167,0.301671653985977,16.006353378295898,15.704681724309921,0.897471644424882,1.243071970918212,1715.068312495949158,0.539117753505707,1.650513410568237
1985,MX16086,1985,1128.000000000000000,0.019583333646667,0.383968919515610,11.931632995605469,11.547664076089859,0.876861802969420,1.024642500731040,989.100113749505454,0.582296818494797,1.527647042274476
1986,MX20542,1986,55.000000000000000,0.000954861126389,0.351614296436310,1.835330367088318,1.483716070652008,0.616632037813013,0.397874651671445,33.914762079715729,0.443074941635132,1.256645250320435
1987,MX24041,1987,1887.000000000000000,0.032760417190833,0.308254480361938,3.086442470550537,2.778187990188599,0.401893221548643,0.138752129185930,758.372509062289737,0.368987798690796,0.491339874267578
1988,MX24042,1988,727.000000000000000,0.012621527979722,0.323819518089294,15.614011764526367,15.290192246437073,0.856996219046670,1.556545852605183,623.036251246929169,0.465276807546616,1.126278281211853
1989,MX30154,1989,1669.000000000000000,0.028975694908056,0.290669262409210,2.730315923690796,2.439646661281586,0.422509729630080,0.187212705008597,705.168738752603076,0.373048722743988,0.544450747966766
1990,MX30155,1990,6531.000000000000000,0.113385418480833,0.284845650196075,15.759499549865723,15.474653899669647,0.520299951554878,0.759569462694180,3398.078983604905261,0.376507848501205,0.710900247097015
1991,MX07089,1991,4728.000000000000000,0.082083334646667,0.301110953092575,44.052639007568359,43.751528054475784,2.070205695548940,4.793348660712328,9787.932528555389581,0.751786291599274,3.003523468971254
1992,MX07090,1992,327.000000000000000,0.005677083424167,0.306776165962219,6.626823425292969,6.320047259330750,0.577218296604419,0.552032637615654,188.750382989645033,0.426576852798462,0.867743122577668
1993,MX14086,1993,3077.000000000000000,0.053420139743611,0.284401386976242,15.827466011047363,15.543064624071121,0.546907938559180,0.782856246085657,1682.835726946595287,0.356866449117661,0.814898467063904
1994,MX07091,1994,206.000000000000000,0.003576388946111,0.379431724548340,13.141380310058594,12.761948585510254,1.254067626826972,1.666672124262820,258.337931126356182,0.787354826927185,1.926926374435425
1995,MX11038,1995,609.000000000000000,0.010572916835833,0.458875209093094,22.143720626831055,21.684845417737961,1.584294617420739,2.430917634844710,964.835422009229774,0.826368510723114,2.966116666793825
1996,MX16087,1996,918.000000000000000,0.015937500255000,0.347766876220703,7.058754444122314,6.710987567901611,0.651300694947669,0.612021303107755,597.894037961959839,0.495219111442566,0.855217963457108
1997,MX16088,1997,1273.000000000000000,0.022100694798056,0.423305869102478,27.142417907714844,26.719112038612366,2.454576462998881,3.670184353600995,3124.675837397575833,1.052612185478210,5.951244163513183
1998,MX11039,1998,1660.000000000000000,0.028819444905556,0.391534239053726,18.909675598144531,18.518141359090805,1.206191253338950,1.666884403759889,2002.277480542657713,0.700455695390701,2.110675501823426
1999,MX13058,1999,1193.000000000000000,0.020711805886944,0.343204826116562,10.011215209960938,9.668010383844376,0.811075513590712,0.845363336373224,967.613087713719779,0.517662048339844,1.536284804344175
2000,MX30209,2000,1459.000000000000000,0.025329861516389,0.297108262777328,13.034649848937988,12.737541586160660,0.476080467106137,0.685515001522426,694.601401507854575,0.371727854013443,0.547555887699127
2001,MX20543,2001,1071.000000000000000,0.018593750297500,0.244549453258514,3.236671447753906,2.992121994495392,0.322503388331495,0.198716218105826,345.401128903031179,0.286330103874207,0.345275342464447
2002,MX30156,2002,453.000000000000000,0.007864583459167,0.313337087631226,1.813860535621643,1.500523447990417,0.453638295990479,0.154010844960454,205.498148083686857,0.408321201801300,0.603185999393463
2003,MX12055,2003,3206.000000000000000,0.055659723112778,0.302191048860550,27.807575225830078,27.505384176969528,0.745300379745006,1.369002083926368,2389.433017462488351,0.474570393562317,1.048538625240326
2004,MX31075,2004,1120.000000000000000,0.019444444755556,0.296601682901382,8.797607421875000,8.501005738973618,0.476579456137759,0.599623700174671,533.768990874289784,0.349456012248993,0.546706682443619
2005,MX27016,2005,2059.000000000000000,0.035746528349722,0.410968005657196,28.692283630371094,28.281315624713898,1.302630272129891,2.028549774821132,2682.115730315446399,0.907065451145172,1.810170340538025
2006,MX21153,2006,866.000000000000000,0.015034722462778,0.530105233192444,57.745857238769531,57.215752005577087,2.033303950386289,4.380980212846180,1760.841221034526598,0.943877488374710,3.710764765739441
2007,MX14087,2007,6442.000000000000000,0.111840279567222,0.254255324602127,16.783304214477539,16.529048889875412,0.425626727262295,0.695319352129831,2741.887377023704175,0.312833577394485,0.453650870919228
2008,MX15081,2008,775.000000000000000,0.013454861326389,2.957426548004150,107.297187805175781,104.339761257171631,24.047512603267524,17.704755405261263,18636.822267532330443,20.100397109985352,46.415678405761717
2009,MX21154,2009,896.000000000000000,0.015555555804444,0.589192509651184,44.634357452392578,44.045164942741394,4.545257579668299,5.740767283432979,4072.550791382796433,2.423667430877686,9.671435356140137
2010,MX02003,2010,14571.000000000000000,0.252968754047500,0.298363298177719,105.125907897949219,104.827544599771500,0.926565021773489,3.008498497425966,13500.978932261503360,0.411417335271835,1.039020180702209
2011,MX14089,2011,392.000000000000000,0.006805555664444,0.313063591718674,12.329810142517090,12.016746550798416,0.780802242533893,1.362839080508071,306.074479073286057,0.387385860085487,1.225224781036378
2012,MX12056,2012,3413.000000000000000,0.059253473170278,0.280683934688568,6.342319011688232,6.061635076999664,0.426765870015851,0.291625741498856,1456.551914364099503,0.347406238317490,0.574334287643433
2013,MX31076,2013,1836.000000000000000,0.031875000510000,0.301305443048477,8.445074081420898,8.143768638372421,0.521486604509142,0.609825777262093,957.449405878784091,0.379193082451820,0.650047481060028
2014,MX14088,2014,3810.000000000000000,0.066145834391667,0.270072728395462,15.471502304077148,15.201429575681686,0.454750502492812,0.652911002349770,1732.599414497614134,0.335315778851509,0.523886340856552
2015,MX30158,2015,2621.000000000000000,0.045503472950278,0.320021599531174,22.545541763305664,22.225520163774490,0.586736032727200,1.027412124896516,1537.835141777989975,0.411468327045441,0.727814853191376
2016,MX06009,2016,4522.000000000000000,0.078506945700556,0.218775197863579,32.201400756835938,31.982625558972359,1.034424976160283,2.584642097575925,4677.669742196800144,0.447979539632797,1.396108269691469
2017,MX21155,2017,713.000000000000000,0.012378472420278,0.289100468158722,11.009236335754395,10.720135867595673,0.604066260984535,0.972822128171902,430.699244081973688,0.378214269876480,0.749202489852906
2018,MX13059,2018,2623.000000000000000,0.045538195173056,0.330681383609772,9.844556808471680,9.513875424861908,0.805472533438345,0.723139733552410,2112.754455208777927,0.575266838073730,1.424036216735841
2019,MX12057,2019,13932.000000000000000,0.241875003870000,0.237069800496101,20.968547821044922,20.731478020548820,0.401135201557100,0.632206388254307,5588.615628093521082,0.310788780450821,0.440939420461655
2020,MX07092,2020,4981.000000000000000,0.086475695828056,0.256286978721619,6.146759033203125,5.890472054481506,0.420314227989031,0.292497473793087,2093.585169613363178,0.369008690118790,0.492960214614868
2021,MX18016,2021,4068.000000000000000,0.070625001130000,0.291195541620255,31.073966979980469,30.782771438360214,0.595303205328178,1.345037576214128,2421.693439275029959,0.363752782344818,0.703758859634400
2022,MX21156,2022,2717.000000000000000,0.047170139643611,0.337050199508667,47.109004974365234,46.771954774856567,3.586032382378829,7.811353320360012,9743.249982923280186,0.691888689994812,10.018931770324718
2023,MX30159,2023,435.000000000000000,0.007552083454167,0.397559255361557,21.848720550537109,21.451161295175552,1.135668615705665,1.946533057364495,494.015847831964265,0.682343125343323,1.532063150405885
2024,MX21157,2024,2415.000000000000000,0.041927084004167,0.281718224287033,11.115974426269531,10.834256201982498,0.482294382417178,0.649213276307759,1164.740933537485944,0.355566471815109,0.603001701831818
2025,MX15082,2025,3301.000000000000000,0.057309028694722,0.261357188224792,16.234481811523438,15.973124623298645,0.626450103842754,1.061950237824689,2067.911792784930640,0.403946429491043,0.835652649402618
2026,MX31077,2026,995.000000000000000,0.017274305831944,0.278462350368500,4.851832389831543,4.573370039463043,0.378536542366498,0.319204926351769,376.643859654665278,0.325555324554443,0.397053170204163
2027,MX31078,2027,402.000000000000000,0.006979166778333,0.337191849946976,9.977688789367676,9.640496939420700,0.662256795449636,1.039857805699157,266.227231770753804,0.401490002870560,0.881696188449860
2028,MX31079,2028,13758.000000000000000,0.238854170488333,0.254531294107437,26.268913269042969,26.014381974935532,0.398767031884104,0.790580149003695,5486.236824661505125,0.314143180847168,0.408098801970482
2029,MX31080,2029,1404.000000000000000,0.024375000390000,0.280314207077026,15.257605552673340,14.977291345596313,0.472483722997187,0.980437368331021,663.367147088051297,0.329573020339012,0.413286763429642
2030,MX31081,2030,1352.000000000000000,0.023472222597778,0.262311398983002,5.974313735961914,5.712002336978912,0.347009928952131,0.318100899006294,469.157423943281344,0.299421489238739,0.355634093284607
2031,MX31082,2031,294.000000000000000,0.005104166748333,0.325849801301956,10.010323524475098,9.684473723173141,0.757426538434970,1.231545972344380,222.683402299881038,0.402618139982224,1.123324978351593
2032,MX31083,2032,328.000000000000000,0.005694444535556,0.331044137477875,18.320856094360352,17.989811956882477,1.035808432483817,1.975851405081422,339.745165854691891,0.403376296162605,2.202435636520386
2033,MX12058,2033,4971.000000000000000,0.086302084714167,0.263435393571854,39.596694946289062,39.333259552717209,0.556716041938085,1.297893723783924,2767.435444474221640,0.362379252910614,0.647774696350098
2034,MX15083,2034,147.000000000000000,0.002552083374167,1.285169601440430,23.583541870117188,22.298372268676758,5.233873098885932,4.715925160849508,769.379345536232108,3.355103731155396,11.615506172180176
2035,MX15084,2035,815.000000000000000,0.014149305781944,1.034689664840698,32.436798095703125,31.402108430862427,3.679160339700662,3.497069058948076,2998.515676856039590,2.406110048294067,7.977298069000245
2036,MX15085,2036,1773.000000000000000,0.030781250492500,0.396714508533478,23.740661621093750,23.343947112560272,1.493646890933540,1.794016286507130,2648.235937625166571,0.887201666831970,3.107802104949950
2037,MX15086,2037,2800.000000000000000,0.048611111888889,0.322494179010391,10.204318046569824,9.881823867559433,0.731696814724377,0.771373959909593,2048.751081228255771,0.481027826666832,1.280221366882324
2038,MX31084,2038,1687.000000000000000,0.029288194913056,0.267735332250595,7.138565540313721,6.870830208063126,0.419632824059415,0.472632087566921,707.920574188232649,0.339432060718536,0.414351350069046
2039,MX17018,2039,512.000000000000000,0.008888889031111,0.689233541488647,26.003892898559570,25.314659357070923,6.098952380474660,6.355786240248354,3122.663618803026111,2.564116835594177,16.481761550903325
2040,MX17033,2040,181.000000000000000,0.003142361161389,0.935498893260956,9.555054664611816,8.619555771350861,2.292107519194567,1.818494452400226,414.871460974216575,1.454909443855286,5.161267280578613
2041,MX15087,2041,928.000000000000000,0.016111111368889,0.590433120727539,21.284772872924805,20.694339752197266,3.331369665033861,3.022185881482260,3091.511049151422867,2.305404663085938,7.847072553634643
2042,MX08063,2042,22738.000000000000000,0.394756950760556,0.270484387874603,5.425643444061279,5.155159056186676,0.323117977570016,0.108655481875509,7347.056573987021693,0.313160046935081,0.332421278953552
2043,MX31085,2043,3533.000000000000000,0.061336806536944,0.265949606895447,11.012379646301270,10.746430039405823,0.385676463349427,0.498346839034685,1362.594945013525148,0.307472378015518,0.402979892492294
2044,MX30161,2044,5784.000000000000000,0.100416668273333,0.278910577297211,14.180830955505371,13.901920378208160,0.424265690920759,0.579813337731550,2453.952756285672422,0.349359437823296,0.480591514706612
2045,MX04008,2045,5191.000000000000000,0.090121529219722,0.268411487340927,14.798292160034180,14.529880672693253,0.423941127598528,0.613985524555703,2200.678393363958548,0.330837339162827,0.426331430673599
2046,MX14090,2046,1404.000000000000000,0.024375000390000,0.274975955486298,7.936478614807129,7.661502659320831,0.456789556391898,0.546338170352414,641.332537174225195,0.339169725775719,0.521112179756165
2047,MX30162,2047,321.000000000000000,0.005572916755833,0.347190797328949,2.131577014923096,1.784386217594147,0.508895131750642,0.246059687127361,163.355337291956147,0.404748082160950,0.752773523330688
2048,MX21158,2048,698.000000000000000,0.012118055749444,0.341587334871292,3.173082351684570,2.831495016813278,0.438744684259666,0.196340299083043,306.243789613246861,0.396301835775375,0.486814501881599
2049,MX15088,2049,814.000000000000000,0.014131944670556,0.593266308307648,119.409080505371094,118.815814197063446,7.998587414512475,15.286851256471930,6510.850155413154425,3.469166874885559,14.418000984191906
2050,MX29027,2050,65.000000000000000,0.001128472240278,1.731145262718201,17.940189361572266,16.209044098854065,7.342588822658245,5.215876090127087,477.268273472785893,5.131822109222412,15.162913513183595
2051,MX13060,2051,882.000000000000000,0.015312500245000,0.368481725454330,10.797061920166016,10.428580194711685,0.772406154681766,0.709421589769707,681.262228429317702,0.603387773036957,1.125362789630890
2052,MX15089,2052,183.000000000000000,0.003177083384167,1.027178525924683,22.701971054077148,21.674792528152466,3.645835527956812,4.334331400035950,667.187901616096724,1.734420657157898,10.081789779663094
2053,MX15090,2053,1026.000000000000000,0.017812500285000,0.385908961296082,19.235399246215820,18.849490284919739,1.965040394321057,2.556525600842712,2016.131444573404224,0.999498993158340,4.726238965988159
2054,MX07093,2054,936.000000000000000,0.016250000260000,0.334972500801086,3.739503622055054,3.404531121253967,0.871732715803842,0.561744703603951,815.941821992395830,0.670168608427048,1.598043620586395
2055,MX30163,2055,429.000000000000000,0.007447916785833,0.282793819904327,1.823500752449036,1.540706932544708,0.387391959314858,0.175112432622207,166.191150546073942,0.342091679573059,0.464078170061111
2056,MX27017,2056,9104.000000000000000,0.158055558084444,0.244022056460381,33.936122894287109,33.692100837826729,0.494006197372538,1.265037169082593,4497.432420879586061,0.328151524066925,0.564676457643509
2057,MX14091,2057,4678.000000000000000,0.081215279077222,0.309445530176163,27.995851516723633,27.686405986547470,0.655156461772831,1.390300996060712,3064.821928173304514,0.421471163630486,0.796795439720154
2058,MX30164,2058,302.000000000000000,0.005243055639444,0.404731482267380,7.498617172241211,7.093885689973831,0.889708400463427,0.928033465057776,268.691936939954871,0.621531367301941,1.312019073963166
2059,MX20544,2059,653.000000000000000,0.011336805736944,0.263780355453491,1.942540645599365,1.678760290145874,0.353957782067347,0.161500587700148,231.134431689977589,0.318219184875488,0.387184572219849
2060,MX14092,2060,1665.000000000000000,0.028906250462500,0.320747703313828,20.285257339477539,19.964509636163712,0.600104399844333,0.939115138087246,999.173825740813754,0.411827772855759,0.799810194969178
2061,MX29028,2061,385.000000000000000,0.006684027884722,0.562180578708649,20.543048858642578,19.980868279933929,2.794664425664133,4.099420998248673,1075.945803880691301,0.885862648487091,9.701791191101076
2062,MX15091,2062,156.000000000000000,0.002708333376667,2.822888851165771,38.061920166015625,35.239031314849854,16.324961245059963,9.460716165166989,2546.693954229354404,16.084195137023926,28.546197891235352
2063,MX21159,2063,1224.000000000000000,0.021250000340000,0.330000340938568,6.663453578948975,6.333453238010406,0.501410139931572,0.380678014419074,613.726011276244662,0.423510953783989,0.622609865665436
2064,MX07094,2064,1381.000000000000000,0.023975694828056,0.317673206329346,16.988739013671875,16.671065807342529,0.984674757434184,1.757478979297542,1359.835840016608017,0.448044389486313,1.762845039367676
2065,MX15092,2065,415.000000000000000,0.007204861226389,1.933629751205444,32.938323974609375,31.004694223403931,8.691124334105522,6.819363047162294,3606.816598653791516,6.232150077819824,19.633672332763673
2066,MX20545,2066,716.000000000000000,0.012430555754444,0.279334843158722,13.164510726928711,12.885175883769989,0.647125496045172,1.184695628771672,463.341855168342988,0.343190371990204,0.941067636013031
2067,MX20546,2067,526.000000000000000,0.009131944590556,0.305281072854996,7.601769924163818,7.296488851308823,0.866919641995611,0.917562124185816,455.999731689691373,0.516655802726746,1.821643590927124
2068,MX21160,2068,673.000000000000000,0.011684027964722,0.303710520267487,4.848114490509033,4.544403970241547,0.520426352257892,0.510442725936370,350.246935069561346,0.380556195974350,0.718664073944094
2069,MX20547,2069,225.000000000000000,0.003906250062500,0.304327756166458,2.814764261245728,2.510436505079269,0.451494264735116,0.326928957971026,101.586209565401063,0.356447249650955,0.534117305278778
2070,MX26063,2070,4173.000000000000000,0.072447917825833,0.281747460365295,8.014928817749023,7.733181357383728,0.334791891571431,0.229208762019992,1397.086563527583166,0.319658964872360,0.337848681211472
2071,MX31086,2071,547.000000000000000,0.009496527929722,0.311309933662415,6.849443435668945,6.538133502006531,0.481240819914903,0.568610049701156,263.238728493452129,0.354408442974091,0.566584217548370
2072,MX16089,2072,3936.000000000000000,0.068333334426667,0.260827660560608,19.171043395996094,18.910215735435486,0.514348153539790,0.978153300086421,2024.474332332614040,0.356898933649063,0.593788057565689
2073,MX17019,2073,1817.000000000000000,0.031545139393611,0.327729642391205,13.471136093139648,13.143406450748444,0.769434065167959,1.025762234291006,1398.061696410180730,0.511374235153198,1.071253991127014
2074,MX21161,2074,1117.000000000000000,0.019392361421389,0.354990899562836,8.704623222351074,8.349632322788239,1.132151255409102,1.219190672759406,1264.612952291967076,0.644721508026123,2.576306200027465
2075,MX21162,2075,147.000000000000000,0.002552083374167,0.404805928468704,4.086177349090576,3.681371420621872,0.721188078729474,0.600820036045638,106.014647573232608,0.521321296691895,1.113365674018860
2076,MX14093,2076,7001.000000000000000,0.121545140833611,0.308609813451767,42.630733489990234,42.322123676538467,1.429519518564948,3.646375627918887,10008.066149473201222,0.563170373439789,2.088959217071533
2077,MX30165,2077,297.000000000000000,0.005156250082500,0.389075577259064,2.132376432418823,1.743300855159760,0.620871283189215,0.295626860268106,184.398771107196950,0.513339340686798,0.961021137237549
2078,MX21163,2078,308.000000000000000,0.005347222307778,0.485592305660248,10.052819252014160,9.567226946353912,1.228903852499926,1.640449419212321,378.502386569977091,0.674871265888214,2.524806165695191
2079,MX21164,2079,1079.000000000000000,0.018732639188611,0.503913819789886,29.884920120239258,29.381006300449371,2.853466970098586,3.616795037041477,3078.890860736374634,1.597232103347778,6.510990142822267
2080,MX13061,2080,1206.000000000000000,0.020937500335000,0.400089353322983,47.493793487548828,47.093704134225845,2.765798129647923,6.123650700202574,3335.552544355394730,0.657665222883224,6.846033811569214
2081,MX32045,2081,2734.000000000000000,0.047465278537222,0.274303376674652,12.980407714843750,12.706104338169098,0.431088528071953,0.576458427483662,1178.596035748719942,0.342155501246452,0.492161798477173
2082,MX12059,2082,4193.000000000000000,0.072795140053611,0.286374628543854,11.923411369323730,11.637036740779877,0.565619636109358,0.674294108957538,2371.643134206537070,0.380919337272644,0.817620849609375
2083,MX13062,2083,1736.000000000000000,0.030138889371111,0.315668940544128,3.417003393173218,3.101334452629089,0.471890730997934,0.232387900467663,819.202309012413821,0.403613701462746,0.648018449544907
2084,MX10035,2084,31384.000000000000000,0.544861119828889,0.257793128490448,12.616776466369629,12.358983337879181,0.322814903688990,0.186705026182508,10131.222937375270703,0.310577929019928,0.327983886003494
2085,MX13063,2085,1750.000000000000000,0.030381944930556,0.597936570644379,41.854885101318359,41.256948530673981,2.784721770286557,3.640302493896098,4873.263098001473736,1.719948887825012,5.652342271804812
2086,MX20548,2086,2822.000000000000000,0.048993056339444,0.270643651485443,4.183841228485107,3.913197576999664,0.346717219828799,0.212356129704693,978.435994356870651,0.314365759491920,0.382458561658859
2087,MX21165,2087,141.000000000000000,0.002447916705833,0.449003368616104,2.364490509033203,1.915487140417099,0.629145578501072,0.322320763863970,88.709526568651199,0.512551605701447,0.965737581253052
2088,MX21166,2088,651.000000000000000,0.011302083514167,0.427444338798523,7.003965854644775,6.576521515846252,0.807157531769777,0.723588220362215,525.459553182124637,0.594463706016541,1.209767818450928
2089,MX29019,2089,116.000000000000000,0.002013888921111,1.638260126113892,14.409604072570801,12.771343946456909,5.562336300981454,3.539683776427196,645.231010913848650,4.363488674163818,10.908191204071045
2090,MX13064,2090,733.000000000000000,0.012725694648056,0.476032644510269,5.675641536712646,5.199608892202377,1.010719593395803,0.694857676200516,740.857461959123384,0.714179217815399,1.863318252563477
2091,MX30166,2091,475.000000000000000,0.008246527909722,0.314868241548538,3.762161731719971,3.447293490171432,0.532830359057376,0.365973791796624,253.094420552253808,0.438041150569916,0.714284384250641
2092,MX15093,2092,888.000000000000000,0.015416666913333,0.681396186351776,23.074039459228516,22.392643272876740,3.498399002192256,4.067742887646286,3106.578313946723028,1.756144285202026,9.107096385955813
2093,MX15094,2093,212.000000000000000,0.003680555614444,0.813490450382233,27.134408950805664,26.320918500423431,3.700489380449616,4.782207610105148,784.503748655318645,1.749433875083923,9.108222389221194
2094,MX32046,2094,3656.000000000000000,0.063472223237778,0.269905030727386,9.521937370300293,9.252032339572906,0.428789726118159,0.427306272669525,1567.655238687988003,0.341614991426468,0.506603688001633
2095,MX21167,2095,355.000000000000000,0.006163194543056,0.419955492019653,2.449452877044678,2.029497385025024,0.731115831119914,0.312587970387362,259.546120047569275,0.628579735755920,1.137982845306396
2096,MX30167,2096,1137.000000000000000,0.019739583649167,0.319377869367599,5.992571830749512,5.673193961381912,0.491601744841984,0.416183150114123,558.951183885335809,0.405120998620987,0.605842876434326
2097,MX21168,2097,573.000000000000000,0.009947916825833,0.415455609560013,6.607148647308350,6.191693037748337,0.710434122547429,0.666307735985550,407.078752219677028,0.528213798999786,0.942062056064608
2098,MX21169,2098,1927.000000000000000,0.033454861646389,0.276642292737961,21.390979766845703,21.114337474107742,0.709616786219878,1.079643108297380,1367.431547045704747,0.439633220434189,1.113540172576905
2099,MX21170,2099,2234.000000000000000,0.038784722842778,0.322302788496017,17.879831314086914,17.557528525590897,0.781606631278459,1.064240373880295,1746.109214276078092,0.461279839277267,1.464057505130768
2100,MX21171,2100,80.000000000000000,0.001388888911111,0.720595300197601,12.882291793823242,12.161696493625641,2.374924641847611,2.451847907740663,189.993971347808838,1.459140658378601,4.697761964797975
2101,MX29029,2101,82.000000000000000,0.001423611133889,1.861056804656982,14.757141113281250,12.896084308624268,6.942566839660088,2.924215058376383,569.290480852127303,6.698433876037598,10.412012100219727
2102,MX01009,2102,1181.000000000000000,0.020503472550278,0.460598677396774,30.479948043823242,30.019349366426468,1.920568036185188,2.856726923091786,2268.190850734707055,0.939096987247467,4.195543289184570
2103,MX18017,2103,8204.000000000000000,0.142430557834444,0.266832053661346,44.563091278076172,44.296259224414825,1.547748285944668,4.719645351563234,12697.726937890056433,0.396679103374481,1.811799025535583
2104,MX15095,2104,1024.000000000000000,0.017777778062222,0.820434868335724,105.275314331054688,104.454879462718964,7.665875260543547,12.519188713296600,7849.856266796592536,2.576780915260315,20.739743995666505
2105,MX17020,2105,1191.000000000000000,0.020677083664167,0.595643997192383,26.538948059082031,25.943304061889648,2.487669028973598,2.773176001329610,2962.813813507554642,1.599130392074585,4.983449459075928
2106,MX14094,2106,8480.000000000000000,0.147222224577778,0.261692494153976,41.259513854980469,40.997821360826492,0.582107460154398,1.600583219005165,4936.271262109295094,0.341689929366112,0.663484233617783
2107,MX30168,2107,491.000000000000000,0.008524305691944,0.497875392436981,6.188746929168701,5.690871536731720,0.910665399552363,0.626226820992474,447.136711180210057,0.728440105915070,1.218438982963562
2108,MX22017,2108,1839.000000000000000,0.031927083844167,0.627991259098053,32.058448791503906,31.430457532405853,2.524942588067171,3.659782939841008,4643.369419455527350,1.287483692169189,5.664385128021242
2109,MX15096,2109,606.000000000000000,0.010520833501667,1.485509872436523,23.660642623901367,22.175132751464844,4.505480782033588,4.179779455040418,2730.321353912354425,2.520021438598633,10.526032447814941
2110,MX29030,2110,772.000000000000000,0.013402777992222,0.397720724344254,10.746920585632324,10.349199861288071,0.899783725102330,1.121584778487564,694.633035778999101,0.583635568618774,1.472215509414672
2111,MX17021,2111,332.000000000000000,0.005763888981111,0.586223661899567,64.764938354492188,64.178714692592621,2.569708037627751,4.575219630085250,853.143068492413136,1.200414836406708,6.439858293533338
2112,MX21172,2112,1631.000000000000000,0.028315972675278,0.320514291524887,12.437832832336426,12.117318540811539,0.681506408094116,0.739438432286685,1111.536951601502551,0.479752868413925,1.109832048416138
2113,MX17022,2113,488.000000000000000,0.008472222357778,0.457996547222137,12.128654479980469,11.670657932758331,1.343867932797455,1.541396309447675,655.807551205158234,0.764021217823029,2.750531673431396
2114,MX21173,2114,49.000000000000000,0.000850694458056,1.025773525238037,9.314917564392090,8.289144039154053,3.046089714887191,2.144559612557754,149.258396029472351,2.189054489135742,6.706255435943604
2115,MX13065,2115,221.000000000000000,0.003836805616944,0.866406321525574,15.667210578918457,14.800804257392883,3.107957775236795,2.907103812640369,686.858668327331657,1.681479811668396,7.492237091064453
2116,MX12060,2116,1075.000000000000000,0.018663194743056,0.326439678668976,5.486389636993408,5.159949958324432,0.551592688283256,0.389385511481391,592.962139904499736,0.441809475421906,0.795774614810944
2117,MX31087,2117,1692.000000000000000,0.029375000470000,0.285731017589569,6.891749382019043,6.606018364429474,0.427901829863694,0.403762182098767,724.009896129369849,0.341137081384659,0.564706689119339
2118,MX29031,2118,841.000000000000000,0.014600694678056,0.448288142681122,24.743415832519531,24.295127689838409,2.828584715493654,3.839028513933835,2378.839745730163486,1.099382519721985,7.258655071258545
2119,MX29032,2119,130.000000000000000,0.002256944480556,1.566487908363342,12.615036964416504,11.048549056053162,4.466333775336926,2.754125081488084,580.623390793800354,3.494263887405396,8.959207725524903
2120,MX14095,2120,1096.000000000000000,0.019027778082222,0.387491524219513,9.379471778869629,8.991980254650116,0.687403322625769,0.729865256586018,753.394041597843284,0.500379860401154,0.911571294069290
2121,MX32047,2121,3404.000000000000000,0.059097223167778,0.272678643465042,11.927431106567383,11.654752463102341,0.373539782614042,0.461406401587615,1271.529420018197925,0.321625173091888,0.378502574563026
2122,MX15097,2122,740.000000000000000,0.012847222427778,0.328773200511932,6.371404170989990,6.042630970478058,0.617866554936847,0.479823486115688,457.221250653267077,0.497685015201569,0.903301686048508
2123,MX15098,2123,124.000000000000000,0.002152777812222,0.835274755954742,17.770320892333984,16.935046136379242,2.583303295796918,2.802395318663309,320.329608678817863,1.552641332149506,4.743459177017213
2124,MX30170,2124,975.000000000000000,0.016927083604167,0.319835335016251,2.632515192031860,2.312679857015610,0.419816936071102,0.161130234081683,409.321512669324761,0.370104938745499,0.538998317718506
2125,MX15099,2125,2115.000000000000000,0.036718750587500,0.575445234775543,53.676361083984375,53.100915849208832,8.747414022388181,10.073276694826461,18500.780657351002446,4.692429542541504,24.785263442993170
2126,MX30171,2126,211.000000000000000,0.003663194503056,0.387419342994690,5.325450897216797,4.938031554222107,0.726758669479199,0.651587564550252,153.346079260110884,0.529060602188110,0.964032053947449
2127,MX30172,2127,2186.000000000000000,0.037951389496111,0.318512111902237,11.454374313354492,11.135862201452255,0.544433496435738,0.511067285054849,1190.131623208523251,0.424750402569771,0.788747042417526
2128,MX31088,2128,389.000000000000000,0.006753472330278,0.311701923608780,5.217555999755859,4.905854076147079,0.469632447685252,0.477749617064096,182.687022149562893,0.372429430484772,0.467410087585449
2129,MX21174,2129,458.000000000000000,0.007951389016111,0.342775195837021,26.888385772705078,26.545610576868057,3.672101505068193,5.081614135959508,1681.822489321232297,1.587809979915619,10.731591701507568
2130,MX30173,2130,2581.000000000000000,0.044809028494722,0.353507786989212,9.566425323486328,9.212917536497116,0.539343828877384,0.463967289962496,1392.046422332526845,0.450515151023865,0.654422104358673
2131,MX13067,2131,812.000000000000000,0.014097222447778,0.488390535116196,17.674299240112305,17.185908704996109,2.693042230907036,2.674990819260470,2186.750291496513455,1.590326607227325,6.603116083145141
2132,MX15100,2132,84.000000000000000,0.001458333356667,11.710765838623047,52.248569488525391,40.537803649902344,24.310912370681759,7.494249818064941,2042.116639137267839,24.278914451599121,32.077549171447757
2133,MX21175,2133,656.000000000000000,0.011388889071111,0.457090973854065,11.335117340087891,10.878026366233826,1.180979560878946,1.163693023659679,774.722591936588287,0.740062475204468,2.240393877029419
2134,MX15101,2134,652.000000000000000,0.011319444625556,0.633479118347168,30.421709060668945,29.788229942321777,4.150857926786315,5.153012255695636,2706.359368264676959,2.202621936798096,10.851086997985833
2135,MX13068,2135,1273.000000000000000,0.022100694798056,0.341632068157196,11.054939270019531,10.713307201862335,0.654371115792387,0.737600644068889,833.014430403709184,0.469897150993347,0.961883008480072
2136,MX31089,2136,1687.000000000000000,0.029288194913056,0.292256355285645,23.499544143676758,23.207287788391113,0.811096238733116,1.855292562164167,1368.319354742766336,0.368336915969849,1.033844375610353
2137,MX11040,2137,2045.000000000000000,0.035503472790278,0.321641445159912,7.341420173645020,7.019778728485107,0.643324905255023,0.600891727232735,1315.599431246521135,0.434423804283142,1.107216644287110
2138,MX30174,2138,7438.000000000000000,0.129131946510556,0.419632554054260,8897.638671875000000,8897.219039320945740,11.304039431727340,178.951204933680089,84079.445293187949574,1.334480762481689,7.835249805450444
2139,MX24043,2139,2402.000000000000000,0.041701389556111,0.291456073522568,10.021849632263184,9.730393558740616,0.442099595310587,0.524705515513405,1061.923227936029434,0.345209524035454,0.495904436707497
2140,MX30175,2140,3593.000000000000000,0.062378473220278,0.382010281085968,129.460800170898438,129.078789889812469,1.685739590046369,5.030619150937967,6056.862347036602841,0.693814814090729,2.545800971984864
2141,MX02004,2141,6770.000000000000000,0.117534724102778,0.366534799337387,189.822021484375000,189.455486685037613,12.014797105500415,18.084035423442739,81340.176404237805400,1.457678735256195,41.325692367553728
2142,MX07096,2142,3922.000000000000000,0.068090278867222,0.291668772697449,7.158758163452148,6.867089390754700,0.497918440501098,0.389518326794719,1952.836123645306998,0.395628139376640,0.700689113140106
2143,MX21176,2143,414.000000000000000,0.007187500115000,0.417791485786438,3.900021791458130,3.482230305671692,0.943432717075670,0.664310356258374,390.581144869327318,0.699505448341370,1.923582518100737
2144,MX15102,2144,830.000000000000000,0.014409722452778,0.469216763973236,8.225236892700195,7.756020128726959,1.203997891207776,1.027016985065677,999.318249702454409,0.745396524667740,2.426374292373658
2145,MX31090,2145,681.000000000000000,0.011822916855833,0.335274577140808,11.788316726684570,11.453042149543762,0.767857314469006,0.948817936350240,522.910831153393019,0.537216007709503,1.024388074874878
2146,MX16090,2146,940.000000000000000,0.016319444705556,0.325935602188110,7.902964115142822,7.577028512954712,0.574168252976651,0.705538450532456,539.718157798052175,0.391662716865540,0.751249992847443
2147,MX16091,2147,859.000000000000000,0.014913194683056,0.331130951642990,9.242838859558105,8.911707907915115,0.621080447374318,0.738946250084560,533.508104294538725,0.420346349477768,0.933145952224732
2148,MX31091,2148,2339.000000000000000,0.040607639538611,0.269780904054642,17.522956848144531,17.253175944089890,0.538724363398074,0.899675374748885,1260.076285988094241,0.337535619735718,0.731146049499512
2149,MX16092,2149,7368.000000000000000,0.127916668713333,0.251825481653214,6.626122951507568,6.374297469854355,0.332285253689033,0.193536300932447,2448.277749180797400,0.307862311601639,0.349367600679398
2150,MX31092,2150,2512.000000000000000,0.043611111808889,0.248656511306763,5.874800682067871,5.626144170761108,0.326763725857352,0.243682421427638,820.830479353666988,0.294307336211205,0.329735079407692
2151,MX31093,2151,857.000000000000000,0.014878472460278,0.445842742919922,11.800442695617676,11.354599952697754,1.049228867439852,1.178142197960249,899.189139395953362,0.724056959152222,1.631132745742798
2152,MX31094,2152,1141.000000000000000,0.019809028094722,0.289962738752365,4.959156990051270,4.669194251298904,0.407734803287321,0.331082121354545,465.225410550832748,0.344671547412872,0.445090204477310
2153,MX31095,2153,354.000000000000000,0.006145833431667,0.679569602012634,18.659866333007812,17.980296730995178,2.158186411621880,2.300962211536240,763.997989714145660,1.444963753223419,3.978639650344848
2154,MX12061,2154,1914.000000000000000,0.033229167198333,0.289433538913727,9.537208557128906,9.247775018215179,0.562143101758842,0.682315966649992,1075.941896766423270,0.415215253829956,0.717708134651184
2155,MX14096,2155,965.000000000000000,0.016753472490278,0.341531544923782,22.549263000488281,22.207731455564499,0.940680063697339,2.063953048322927,907.756261467932632,0.446787744760513,1.280997252464295
2156,MX13069,2156,384.000000000000000,0.006666666773333,2.048199653625488,40.091789245605469,38.043589591979980,16.208527640129141,9.006021960801078,6224.074613809590119,15.418946266174316,29.381630897521973
2157,MX31096,2157,19136.000000000000000,0.332222227537778,0.248857498168945,26.700510025024414,26.451652526855469,0.398954483688214,0.869464363525003,7634.392999857671384,0.301294669508934,0.366726145148277
2158,MX30180,2158,1124.000000000000000,0.019513889201111,0.306250214576721,1.573942661285400,1.267692446708679,0.378409883915530,0.089245903964386,425.332709521055790,0.356904163956642,0.427595975995064
2159,MX21179,2159,2091.000000000000000,0.036302083914167,0.292633712291718,17.647819519042969,17.355185806751251,0.686217549855147,1.116529163879623,1434.880896747111592,0.439965814352036,1.034120202064514
2160,MX12062,2160,3902.000000000000000,0.067743056639444,0.260692775249481,5.682365417480469,5.421672642230988,0.391212290468918,0.233302839367206,1526.510357409719745,0.334311991930008,0.510224992036819
2161,MX12063,2161,1368.000000000000000,0.023750000380000,0.295137017965317,3.463508605957031,3.168371587991714,0.467955973565754,0.273264436243487,640.163771837951685,0.378167688846588,0.669162857532501
2162,MX30176,2162,488.000000000000000,0.008472222357778,0.387132763862610,8.863167762756348,8.476034998893738,0.684498409389472,0.779224208687590,334.035223782062587,0.505967497825623,0.882171177864075
2163,MX20551,2163,660.000000000000000,0.011458333516667,0.259416162967682,24.742000579833984,24.482584416866302,1.793721701340239,3.161920596355777,1183.856322884557585,0.609032064676285,5.173724174499513
2164,MX30177,2164,662.000000000000000,0.011493055739444,0.293716043233871,3.551133394241333,3.257417351007462,0.530815721818688,0.336417396376877,351.400007843971309,0.412415146827698,0.849320435523987
2165,MX30178,2165,2766.000000000000000,0.048020834101667,0.309029549360275,17.812562942504883,17.503533393144608,0.463359432975106,0.706465536845283,1281.652191609142847,0.382587999105453,0.488990709185600
2166,MX21177,2166,1953.000000000000000,0.033906250542500,0.337557345628738,22.029338836669922,21.691781491041183,1.221533892722966,1.713252120773433,2385.655692487953274,0.642728447914124,2.559663724899291
2167,MX30179,2167,321.000000000000000,0.005572916755833,0.325716376304626,2.749013900756836,2.423297524452209,0.493218684864935,0.293878619384234,158.323197841644259,0.389282345771790,0.682893097400665
2168,MX20552,2168,279.000000000000000,0.004843750077500,0.266070723533630,1.918596148490906,1.652525424957275,0.353580216887177,0.175340668489585,98.648880511522293,0.315251946449280,0.381456780433655
2169,MX21178,2169,868.000000000000000,0.015069444685556,0.358441978693008,2.928884267807007,2.570442289113998,0.503725369576759,0.198628351549652,437.233620792627164,0.447085261344910,0.664192569255829
2170,MX09011,2170,426.000000000000000,0.007395833451667,4.244315624237061,88.275619506835938,84.031303882598877,27.115319564308930,18.484024174459073,11551.126134395604822,21.554350852966309,54.712528228759766
2171,MX10036,2171,24693.000000000000000,0.428697923525833,0.278698652982712,30.695077896118164,30.416379243135452,0.429142908073499,0.803438662301041,10596.825829058898307,0.346381902694702,0.441074889898300
2172,MX21180,2172,1547.000000000000000,0.026857639318611,0.541419446468353,18.799610137939453,18.258190691471100,1.691213723221517,2.499953196804642,2616.307629823686511,0.734219253063202,3.540747070312502
2173,MX13070,2173,144.000000000000000,0.002500000040000,1.403234243392944,26.563339233398438,25.160104990005493,5.669889721605516,5.565851984475553,816.464119911194302,3.058886647224426,14.050413322448748
2174,MX13071,2174,2660.000000000000000,0.046180556294444,0.297697484493256,2.844622373580933,2.546924889087677,0.385488342241685,0.135267338654784,1025.398990362882614,0.354083791375160,0.445463573932648
2175,MX14097,2175,3563.000000000000000,0.061857639878611,0.571317851543427,114.556922912597656,113.985605061054230,9.909701444361263,13.015909114382650,35308.266246259176114,3.629422664642334,29.883221054077161
2176,MX12064,2176,2331.000000000000000,0.040468750647500,0.261452406644821,13.300251960754395,13.038799554109573,0.503118368994776,0.682809969286083,1172.768918126821973,0.370104432106018,0.621460497379303
2177,MX30181,2177,4540.000000000000000,0.078819445705556,0.393209159374237,20.949022293090820,20.555813133716583,0.822972733051504,0.977909695434954,3736.296208053827286,0.616438120603561,1.211399936676026
2178,MX20553,2178,403.000000000000000,0.006996527889722,0.349730700254440,18.829362869262695,18.479632169008255,2.411933156308110,3.532031499171350,972.009061992168313,0.718259394168854,7.695536327362061
2179,MX12065,2179,582.000000000000000,0.010104166828333,0.307580143213272,5.341099739074707,5.033519595861435,0.581153474210464,0.583231057694023,338.231321990489789,0.385289192199707,0.943379926681517
2180,MX15103,2180,792.000000000000000,0.013750000220000,0.560808598995209,25.201908111572266,24.641099512577057,2.565743869528019,3.754535911791298,2032.069144666190823,1.070070624351501,6.931055164337156
2181,MX30182,2181,180.000000000000000,0.003125000050000,0.501263320446014,10.777503967285156,10.276240646839142,1.364034180839857,1.194003380354465,245.526152551174221,0.954622954130173,2.443597579002380
2182,MX17023,2182,536.000000000000000,0.009305555704444,0.583709657192230,12.610423088073730,12.026713430881500,1.012133548620031,1.047602326067177,542.503582060336612,0.708035647869110,1.478028357028961
2183,MX15104,2183,399.000000000000000,0.006927083444167,7.123011112213135,73.623222351074219,66.500211238861084,42.123420661553411,14.885401722056464,16807.244843959811988,45.177169799804688,57.587778472900389
2184,MX09012,2184,1550.000000000000000,0.026909722652778,0.616399586200714,94.924995422363281,94.308595836162567,11.823515505444622,17.867971760227991,18326.449033439163031,1.580753862857819,42.334264755249045
2185,MX16093,2185,980.000000000000000,0.017013889161111,0.322481691837311,6.690165996551514,6.367684304714203,0.742326582968236,0.553608023792325,727.480051308871111,0.568831413984299,1.246238148212433
2186,MX21181,2186,106.000000000000000,0.001840277807222,2.250933408737183,14.019304275512695,11.768370866775513,4.085198946718898,2.764967149783042,433.031088352203199,2.866546750068665,8.511636257171631
2187,MX32048,2187,3758.000000000000000,0.065243056599444,0.287520706653595,21.168354034423828,20.880833327770233,0.557581116459736,1.079928165522805,2095.389835655689240,0.354924991726875,0.682636058330536
2188,MX30024,2188,1375.000000000000000,0.023871528159722,0.333665281534195,4.053279876708984,3.719614595174789,0.484719973759218,0.257223933450260,666.489963918925127,0.415307968854904,0.629977536201477
2189,MX17024,2189,1172.000000000000000,0.020347222547778,0.510167896747589,13.663558959960938,13.153391063213348,1.883795380897490,1.779150828408442,2207.808186411858514,1.340516448020935,3.857031154632568
2190,MX13072,2190,410.000000000000000,0.007118055669444,0.473616451025009,13.098176002502441,12.624559551477432,1.418971128361982,1.647633139883808,581.778162628412701,0.853724092245102,2.741158294677737
2191,MX13073,2191,1965.000000000000000,0.034114583879167,0.319773316383362,7.618829250335693,7.299055933952332,0.508811783259758,0.427101571791721,999.815154105424426,0.409855276346207,0.660519647598267
2192,MX21182,2192,75.000000000000000,0.001302083354167,0.896308422088623,12.945816040039062,12.049507617950439,2.976949857076010,2.843033237498583,223.271239280700740,1.636720895767212,7.043365669250492
2193,MX21183,2193,715.000000000000000,0.012413194643056,0.401134908199310,5.148500442504883,4.747365534305573,0.799108330728290,0.512209061437874,571.362456470727466,0.616413354873657,1.384629392623902
2194,MX12066,2194,2989.000000000000000,0.051892361941389,0.275011271238327,29.764717102050781,29.489705830812454,0.914949256736085,2.042281386343390,2734.783328384157358,0.447420150041580,1.428172588348390
2195,MX21184,2195,310.000000000000000,0.005381944530556,0.399454206228256,2.148119926452637,1.748665720224380,0.559482964969451,0.232340952694384,173.439719140529689,0.484596595168114,0.733009970188141
2196,MX30183,2196,834.000000000000000,0.014479166898333,0.355607479810715,15.655641555786133,15.300034075975418,1.172354620244863,1.893259591021561,977.743753284215813,0.580021768808365,2.120156240463257
2197,MX21185,2197,416.000000000000000,0.007222222337778,0.441796958446503,6.137341022491455,5.695544064044952,0.909118430044215,0.709572795480454,378.193266898393574,0.637186080217361,1.717432856559753
2198,MX12067,2198,1398.000000000000000,0.024270833721667,0.322063744068146,10.100209236145020,9.778145492076874,0.632636884805640,0.783394089705561,884.426364958285262,0.410499036312103,0.929723465442657
2199,MX30184,2199,276.000000000000000,0.004791666743333,0.414106458425522,5.053681373596191,4.639574915170670,0.860144810508127,0.596310954763741,237.399967700242968,0.729603797197342,1.270053386688232
2200,MX17025,2200,2680.000000000000000,0.046527778522222,0.298327058553696,14.554951667785645,14.256624609231949,0.697327406760028,1.101224598985828,1868.837450116875743,0.416980594396591,1.032057082653046
2201,MX21186,2201,1463.000000000000000,0.025399305961944,0.338916033506393,13.009557723999023,12.670641690492630,0.968383716298389,1.064476995901063,1416.745376944542613,0.597852885723114,1.717951679229736
2202,MX15105,2202,3884.000000000000000,0.067430556634444,0.272415578365326,3.535957098007202,3.263541519641876,0.384802964217692,0.187678623242190,1494.574713021515436,0.340095341205597,0.464478778839111
2203,MX29033,2203,257.000000000000000,0.004461805626944,1.135177850723267,46.872367858886719,45.737190008163452,13.678723192400504,10.618566126623485,3515.431860446929477,10.352193832397461,29.874397659301763
2204,MX21187,2204,271.000000000000000,0.004704861186389,0.372412651777267,1.585417151451111,1.213004499673843,0.538205667065518,0.215578910898082,145.853735774755364,0.459861248731613,0.744782030582428
2205,MX29034,2205,2858.000000000000000,0.049618056349444,0.332486599683762,18.497791290283203,18.165304690599442,0.838572781639886,1.180284013638413,2396.641009926793231,0.537331908941269,1.283078587055206
2206,MX13074,2206,213.000000000000000,0.003697916725833,1.624197721481323,32.198822021484375,30.574624300003052,5.987169795752691,5.185326364792811,1275.267166495323181,4.025950908660889,12.687807655334474
2207,MX17026,2207,281.000000000000000,0.004878472300278,1.121497035026550,15.016608238220215,13.895111203193665,3.346548743519496,2.444245659902386,940.380196928978307,2.468517065048218,6.395781517028809
2208,MX16094,2208,1007.000000000000000,0.017482639168611,0.311457872390747,4.171350955963135,3.859893083572388,0.522314875933241,0.375849026494145,525.971080064773219,0.413997381925583,0.727931571006775
2209,MX30185,2209,57.000000000000000,0.000989583349167,1.133981466293335,42.388782501220703,41.254801034927368,5.335218289442232,7.208350354462376,304.107442498207263,2.235754728317261,13.514929199218747
2210,MX29035,2210,71.000000000000000,0.001232638908611,1.052151560783386,10.941541671752930,9.889390110969543,2.986078307662211,2.584735319186217,212.011559844017000,1.756845951080322,7.458101272583008
2211,MX21188,2211,1090.000000000000000,0.018923611413889,0.440324932336807,9.222934722900391,8.782609790563583,0.910252625269628,0.898141145989919,992.175361543894383,0.566784292459488,1.851859843730927
2212,MX21189,2212,502.000000000000000,0.008715277917222,0.432066947221756,16.791931152343750,16.359864205121994,2.011503997314498,2.108812861304294,1009.775006651877902,1.337996542453766,4.173349595069892
2213,MX16095,2213,2510.000000000000000,0.043576389586111,0.274042278528214,10.426473617553711,10.152431339025497,0.470136822694800,0.583819919322343,1180.043424963947473,0.338590219616890,0.580327212810516
2214,MX13075,2214,584.000000000000000,0.010138889051111,0.613868296146393,35.753307342529297,35.139439046382904,2.397821205629879,3.566390045046254,1400.327584087849573,1.305452048778534,5.218066167831425
2215,MX14099,2215,2541.000000000000000,0.044114584039167,0.264775961637497,6.848834991455078,6.584059029817581,0.440672882742790,0.421865972418694,1119.749795049429395,0.330247402191162,0.565333247184753
2216,MX22018,2216,3403.000000000000000,0.059079862056389,0.307987511157990,13.103629112243652,12.795641601085663,0.665924634989171,0.906549316421535,2266.141532868148715,0.411296337842941,1.062634873390198
2217,MX15106,2217,2125.000000000000000,0.036892361701389,0.391608119010925,98.704513549804688,98.312905430793762,11.735636932877918,13.080072352267877,24938.228482365575474,7.378295898437500,31.684068679809577
2218,MX14100,2218,14991.000000000000000,0.260260420830833,0.247800961136818,13.921732902526855,13.673931941390038,0.350864741157264,0.329190113513237,5259.813334688538816,0.308591663837433,0.370335727930069
2219,MX30186,2219,93.000000000000000,0.001614583359167,0.644879639148712,5.314091682434082,4.669212043285370,1.343337435235260,0.884253649137600,124.930381476879148,1.016782522201538,2.144453763961792
2220,MX07097,2220,7783.000000000000000,0.135121529939722,0.241048574447632,25.457944869995117,25.216896295547485,0.678870641615048,1.468230020629962,5283.650203689920090,0.370094001293182,0.959424376487732
2221,MX14101,2221,833.000000000000000,0.014461805786944,1.644496560096741,78.871116638183594,77.226620078086853,18.282692516837500,14.227336964172661,15229.482866525637291,14.595027923583984,38.083881378173828
2222,MX15125,2222,44.000000000000000,0.000763888901111,9.016929626464844,49.989730834960938,40.972801208496094,20.025541370565239,8.783099561622056,881.123820304870492,17.881525993347168,29.387600898742676
2223,MX15107,2223,444.000000000000000,0.007708333456667,0.457808047533035,11.815523147583008,11.357715100049973,1.353117411201065,1.612466935958057,600.784130573272932,0.825581520795822,2.333990430831909
2224,MX14102,2224,1461.000000000000000,0.025364583739167,0.282209932804108,10.889752388000488,10.607542455196381,0.468473796400610,0.643797794737240,684.440216541290624,0.356768190860748,0.528249382972717
2225,MX30187,2225,251.000000000000000,0.004357638958611,0.290733695030212,4.527954578399658,4.237220883369446,0.551812056644979,0.472279974164556,138.504826217889757,0.382956206798553,0.861383616924286
2226,MX14103,2226,727.000000000000000,0.012621527979722,0.292238801717758,10.020029067993164,9.727790266275406,0.740929276366018,1.146907889019674,538.655583918094749,0.430029988288879,1.079541087150574
2227,MX10037,2227,8413.000000000000000,0.146059030114722,0.270258039236069,9.355385780334473,9.085127741098404,0.329039457063818,0.191231397956250,2768.208952277897424,0.312851935625076,0.337255740165710
2228,MX05035,2228,6623.000000000000000,0.114982640728611,0.277444273233414,146.973098754882812,146.695654481649399,7.156070486847287,16.523226990455001,47394.654834389577445,0.342556744813919,35.250589752197271
2229,MX14104,2229,2958.000000000000000,0.051354167488333,0.270670950412750,7.156964778900146,6.886293828487396,0.378510381651135,0.341408574550845,1119.633708924056464,0.320727676153183,0.424667328596115
2230,MX29036,2230,68.000000000000000,0.001180555574444,1.401798725128174,30.809705734252930,29.407907009124756,9.518742694574243,7.811871657869984,647.274503231048584,6.562719583511353,20.729480171203615
2231,MX07098,2231,820.000000000000000,0.014236111338889,0.310633748769760,4.453516960144043,4.142883211374283,0.488729589232584,0.356965271341343,400.758263170719204,0.399594426155090,0.613070911169052
2232,MX17027,2232,299.000000000000000,0.005190972305278,0.755981504917145,11.656231880187988,10.900250375270844,2.086441250549112,1.924522918360965,623.845933914184457,1.409227848052979,4.370932483673093
2233,MX21190,2233,768.000000000000000,0.013333333546667,0.286106228828430,4.617308616638184,4.331202387809753,0.388615264130446,0.321882185478081,298.456522852182388,0.324599847197533,0.444835302233696
2234,MX20554,2234,1310.000000000000000,0.022743055919444,0.253118991851807,2.194971799850464,1.941852807998657,0.340539858677915,0.119656830055644,446.107214868068922,0.315908476710320,0.380351436138153
2235,MX14105,2235,1679.000000000000000,0.029149306021944,0.371479272842407,19.693349838256836,19.321870565414429,1.038601292518011,1.682739532277127,1743.811570137740091,0.606213390827179,1.525739383697510
2236,MX30188,2236,487.000000000000000,0.008454861246389,0.375444054603577,4.143203258514404,3.767759203910828,0.619767998584242,0.381394628716288,301.827015310525724,0.512000739574432,0.814605462551117
2237,MX32057,2237,1114.000000000000000,0.019340278087222,0.350342839956284,26.638069152832031,26.287726312875748,1.038244568868213,2.278491713485360,1156.604449719189006,0.511570632457733,1.414289522171021
2238,MX30207,2238,2696.000000000000000,0.046805556304444,0.462763160467148,13.917109489440918,13.454346328973770,1.041544684360925,1.035997660666130,2808.004469037053241,0.778864324092865,1.520959019660950
2239,MX26064,2239,16254.000000000000000,0.282187504515000,0.277125597000122,14.002344131469727,13.725218534469604,0.343585304282418,0.262748650421999,5584.635535806429289,0.329300060868263,0.355894365906715
2240,MX32011,2240,1540.000000000000000,0.026736111538889,0.280622661113739,7.315913677215576,7.035291016101837,0.398260781943024,0.403162940006320,613.321604192256927,0.335383102297783,0.419500619173050
2241,MX20555,2241,104.000000000000000,0.001805555584444,0.468172729015350,4.598923206329346,4.130750477313995,1.082951462326142,0.807556374702145,112.626952081918731,0.663003236055374,2.306211614608765
2242,MX26065,2242,9375.000000000000000,0.162760419270833,0.281017333269119,4.069515705108643,3.788498371839523,0.342769125957489,0.095163683236543,3213.460555851461777,0.334546387195587,0.352663141489029
2243,MX28039,2243,15590.000000000000000,0.270659726552778,0.272019505500793,15.453390121459961,15.181370615959167,0.382308289488973,0.424743648373301,5960.186233133091264,0.332785516977310,0.408007821440697
2244,MX13076,2244,1674.000000000000000,0.029062500465000,0.522661089897156,2420.826171875000000,2420.303510785102844,11.783762942185117,88.247103733310425,19726.019165217887348,2.220297694206238,15.923631095886233
2245,MX13077,2245,1079.000000000000000,0.018732639188611,0.599870383739471,44.240600585937500,43.640730202198029,5.712879266034019,8.128078577786438,6164.196728050706042,2.221760511398315,15.890543365478536
2246,MX21191,2246,1366.000000000000000,0.023715278157222,0.282523274421692,12.551554679870605,12.269031405448914,0.533505245890485,0.877554389412190,728.768165886402585,0.343331754207611,0.673446625471115
2247,MX15108,2247,130.000000000000000,0.002256944480556,7.995788097381592,86.554130554199219,78.558342456817627,43.241967307604284,17.296358643277976,5621.455749988556818,44.898885726928711,63.236412811279308
2248,MX15109,2248,330.000000000000000,0.005729166758333,6.157968997955322,85.321441650390625,79.163472652435303,47.596464922933869,19.590635598539176,15706.833424568176270,52.057394027709961,68.177353668212902
2249,MX23009,2249,9850.000000000000000,0.171006947180556,0.242588222026825,62.864109039306641,62.621520817279816,0.692992922739330,2.782335125746700,6825.980288982396814,0.304653987288475,0.535993003845215
2250,MX07100,2250,1971.000000000000000,0.034218750547500,0.301325201988220,11.184498786926270,10.883173584938049,0.516811721839619,0.604929439282441,1018.635903745889436,0.382448345422745,0.713342726230621
2251,MX16096,2251,10161.000000000000000,0.176406252822500,0.236923873424530,6.595587730407715,6.358663856983185,0.308326242073832,0.164569373428549,3132.902945712210567,0.292212426662445,0.317512005567551
2252,MX31097,2252,2066.000000000000000,0.035868056129444,0.271671533584595,5.128582477569580,4.856910943984985,0.343792736544730,0.244428838182341,710.275793701411772,0.310717970132828,0.346657544374466
2253,MX16097,2253,7639.000000000000000,0.132621529899722,0.250847637653351,5.885742187500000,5.634894549846649,0.345598479124993,0.259785922028676,2640.026782035825363,0.303821116685867,0.384117412567139
2254,MX14106,2254,2131.000000000000000,0.036996528369722,0.274280756711960,6.303246021270752,6.028965264558792,0.431135700013033,0.336679211334936,918.750176727773237,0.352626681327820,0.551520824432373
2255,MX14107,2255,655.000000000000000,0.011371527959722,0.312335073947906,9.965030670166016,9.652695596218109,0.715778660091735,1.001270271607705,468.835022360086555,0.422245264053345,1.226603460311890
2256,MX14108,2256,3583.000000000000000,0.062204862106389,0.283633053302765,17.821901321411133,17.538268268108368,0.632786667341962,1.097574276888051,2267.274629086251025,0.394542992115021,0.861940884590149
2257,MX16098,2257,1206.000000000000000,0.020937500335000,0.318399280309677,13.354419708251953,13.036020427942276,0.777478275385069,1.094788978155566,937.638800114393575,0.502271741628647,1.171693265438080
2258,MX18018,2258,1193.000000000000000,0.020711805886944,0.309606790542603,23.809957504272461,23.500350713729858,0.893753471738235,2.154008655557292,1066.247891783714067,0.404636800289154,1.169495296478271
2259,MX30189,2259,4521.000000000000000,0.078489584589167,0.320026278495789,44.891059875488281,44.571033596992493,1.217921804548553,2.941480944164338,5506.224478364007155,0.480816215276718,1.765773653984070
2260,MX30190,2260,272.000000000000000,0.004722222297778,0.366760164499283,3.391739368438721,3.024979203939438,0.552893110934426,0.382737721021668,150.386926174163818,0.444497197866440,0.700475370883942
2261,MX07102,2261,794.000000000000000,0.013784722442778,0.541711211204529,13.035216331481934,12.493505120277405,2.050903714874229,1.411331285107292,1628.417549610137939,1.675996243953705,3.527037358283997
2262,MX07101,2262,1632.000000000000000,0.028333333786667,0.538966655731201,79.266380310058594,78.727413654327393,12.989453866931727,17.429038022312145,21198.788710832577635,3.595495700836182,44.425531005859376
2263,MX21192,2263,205.000000000000000,0.003559027834722,0.416538476943970,2.963873147964478,2.547334671020508,0.637307214446184,0.357601067007745,130.647978961467658,0.522758364677429,0.909351062774658
2264,MX07103,2264,835.000000000000000,0.014496528009722,0.391551762819290,11.456006050109863,11.064454287290573,1.229085093558191,1.241978724757236,1026.286053121089708,0.794539988040924,2.366945886611938
2265,MX16099,2265,5052.000000000000000,0.087708334736667,0.266502439975739,5.362112522125244,5.095610082149506,0.350855333339762,0.179974433696648,1772.521144032479469,0.326365381479263,0.372794514894486
2266,MX21193,2266,1381.000000000000000,0.023975694828056,0.394243866205215,4.311902046203613,3.917658179998398,0.645142461146935,0.382691623971541,890.941738843916710,0.516867637634277,0.938232839107513
2267,MX07104,2267,1742.000000000000000,0.030243056039444,0.271981060504913,35.113113403320312,34.841132342815399,0.717088797934842,1.511300626959548,1249.168686002495178,0.436865180730820,0.950251752138138
2268,MX16100,2268,918.000000000000000,0.015937500255000,0.360607057809830,4.657884597778320,4.297277539968491,0.633722115608343,0.427206277666413,581.756902128459046,0.488996013998985,0.943454700708389
2269,MX16101,2269,4666.000000000000000,0.081006945740556,0.266293197870255,2.472789525985718,2.206496328115463,0.354544420707035,0.115429253234991,1654.304267019025929,0.332206234335899,0.398515820503235
2270,MX29038,2270,191.000000000000000,0.003315972275278,0.962678849697113,21.247636795043945,20.284957945346832,5.744405444067811,4.496501822377398,1097.181439816951979,4.232686996459961,12.192252159118652
2271,MX31098,2271,3798.000000000000000,0.065937501055000,0.268709748983383,11.825473785400391,11.556764036417007,0.394632623776628,0.552246367280636,1498.814705103635106,0.321231678128242,0.398173505067825
2272,MX31099,2272,939.000000000000000,0.016302083594167,0.274521589279175,7.185463428497314,6.910941839218140,0.513304817727325,0.650252538350523,481.993223845958425,0.336992204189301,0.743650984764099
2273,MX31100,2273,654.000000000000000,0.011354166848333,0.374462872743607,15.517108917236328,15.142646044492722,1.196556889272612,1.474792008555545,782.548205584287871,0.750097334384918,2.105377626419070
2274,MX31101,2274,1746.000000000000000,0.030312500485000,0.408858239650726,62.411941528320312,62.003083288669586,2.797053350240222,6.358699080461054,4883.655149519428051,0.899782508611679,5.178024768829346
2275,MX14109,2275,3644.000000000000000,0.063263889901111,0.349733293056488,24.630315780639648,24.280582487583160,0.771797122035083,1.207330951813903,2812.428712695843842,0.537491917610168,1.080525410175324
2276,MX14110,2276,2200.000000000000000,0.038194445055556,0.279410541057587,14.948219299316406,14.668808758258820,0.483376449807124,0.798468608806712,1063.428189575672377,0.348208114504814,0.543832123279572
2277,MX20557,2277,551.000000000000000,0.009565972375278,0.314953953027725,12.967277526855469,12.652323573827744,0.818089240313442,1.493570080400938,450.767171412706773,0.422608822584152,1.084500432014465
2278,MX07105,2278,281.000000000000000,0.004878472300278,0.290745049715042,4.790077209472656,4.499332159757614,0.859628883226911,0.698689726538509,241.555716186761856,0.648775339126587,1.551591873168945
2279,MX26066,2279,16542.000000000000000,0.287187504595000,0.278936684131622,15.587803840637207,15.308867156505585,0.364339788752979,0.364281402071497,6026.908785551780966,0.332199573516846,0.364558222889900
2280,MX11041,2280,584.000000000000000,0.010138889051111,0.503772437572479,33.298458099365234,32.794685661792755,3.468279901534729,4.748109664148359,2025.475462496281807,1.375623822212219,9.661326885223392
2281,MX08065,2281,17320.000000000000000,0.300694449255556,0.272608578205109,9.426662445068359,9.154053866863251,0.348436466884944,0.264265398839014,6034.919606447230763,0.316088721156120,0.348394170403481
2282,MX30191,2282,605.000000000000000,0.010503472390278,0.431363254785538,16.579767227172852,16.148403972387314,1.730900203393512,2.064484394239148,1047.194623053074565,0.910002827644348,3.767382478713989
2283,MX08066,2283,14035.000000000000000,0.243663198343056,0.257979273796082,4.606653213500977,4.348673939704895,0.316535051033767,0.117287960590737,4442.569441258912775,0.308822005987167,0.324594902992249
2284,MX16102,2284,5014.000000000000000,0.087048612503889,0.301401585340500,47.359016418457031,47.057614833116531,1.774800717408654,4.627447441806912,8898.850797086990497,0.428780689835548,2.597187829017639
2285,MX30210,2285,9321.000000000000000,0.161822919255833,0.256420314311981,4.116087436676025,3.859667122364044,0.346397946594790,0.115831967280919,3228.775260210037686,0.328944206237793,0.370847523212433
2286,MX20558,2286,265.000000000000000,0.004600694518056,0.281841754913330,3.900079011917114,3.618237257003784,0.472425301232429,0.415591852149848,125.192704826593584,0.346512854099274,0.683952987194061
2287,MX31102,2287,5376.000000000000000,0.093333334826667,0.258853405714035,32.938690185546875,32.679836779832840,0.895721632100287,2.263739404877961,4815.399494171141669,0.354993000626564,1.283352792263031
2288,MX15110,2288,1981.000000000000000,0.034392361661389,0.343484729528427,22.453796386718750,22.110311657190323,1.416382158798499,2.017857191374807,2805.853056579826443,0.789169251918793,2.838687181472778
2289,MX15122,2289,231.000000000000000,0.004010416730833,4.425598621368408,67.690513610839844,63.264914989471436,30.017053899310877,18.816121651736392,6933.939450740812390,35.885402679443359,51.387310028076172
2290,MX14111,2290,1766.000000000000000,0.030659722712778,0.321687251329422,13.178743362426758,12.857056111097336,0.582425554790286,0.801020238752297,1028.563529759645235,0.414351180195808,0.778831154108047
2291,MX14112,2291,971.000000000000000,0.016857639158611,0.280482888221741,12.696978569030762,12.416495680809021,0.648591871303338,0.958708088146762,629.782707035540852,0.410241425037384,0.954597830772400
2292,MX11042,2292,4077.000000000000000,0.070781251132500,0.396432906389236,44.727996826171875,44.331563919782639,1.704312886484466,3.222202217843284,6948.483638197168148,0.930123388767242,2.801295948028566
2293,MX08067,2293,15537.000000000000000,0.269739587649167,0.286529898643494,17.681673049926758,17.395143151283264,0.349578039220854,0.320954173030464,5431.393995374411134,0.332548797130585,0.352780467271805
2294,MX28040,2294,4694.000000000000000,0.081493056859444,0.344670534133911,37.489089965820312,37.144419431686401,1.099278988828547,2.801384634879682,5160.015573561199744,0.521324843168259,1.263462054729461
2295,MX19050,2295,9218.000000000000000,0.160034724782778,0.284225106239319,11.664921760559082,11.380696654319763,0.393610214486794,0.311380734356674,3628.298957139264076,0.352372229099274,0.421052545309067
2296,MX32049,2296,28899.000000000000000,0.501718758027500,0.234162911772728,19.421003341674805,19.186840429902077,0.358099486224959,0.409136190972904,10348.717052415091530,0.307839602231979,0.362622487545013
2297,MX24044,2297,14315.000000000000000,0.248524309531944,0.255125552415848,31.915458679199219,31.660333126783371,0.348686886799739,0.528504910786635,4991.452784538258129,0.309596419334412,0.345989519357681
2298,MX30192,2298,1675.000000000000000,0.029079861576389,0.295355916023254,13.420509338378906,13.125153422355652,0.587454890706645,0.911224926290064,983.986941933630987,0.372608602046967,0.789510321617128
2299,MX24045,2299,6606.000000000000000,0.114687501835000,0.273726910352707,13.556800842285156,13.283073931932449,0.415733225546639,0.493885011416907,2746.333687961097894,0.344502404332161,0.500447005033493
2300,MX07106,2300,6618.000000000000000,0.114895835171667,0.195253819227219,13.820566177368164,13.625312358140945,0.534063845253687,0.731751809091520,3534.434527888903631,0.367606490850449,0.756088697910309
2301,MX09017,2301,168.000000000000000,0.002916666713333,23.499731063842773,113.585411071777344,90.085680007934570,81.163042147954286,20.677890563231212,13635.391080856319604,84.826725006103516,103.446142578125006
2302,MX16103,2302,1127.000000000000000,0.019565972535278,0.375450074672699,17.449932098388672,17.074482023715973,1.041624574346042,1.764186492868740,1173.910895287989206,0.552673041820526,1.658039379119873
2303,MX21194,2303,1580.000000000000000,0.027430555994444,0.374114841222763,57.800395965576172,57.426281124353409,1.416202551616899,3.158257924600221,2237.600031554700763,0.659571588039398,2.439085030555726
2304,MX30193,2304,1218.000000000000000,0.021145833671667,0.736520707607269,106.996208190917969,106.259687483310699,16.759589938205202,15.661355622549188,20413.180544733935676,11.822557449340820,37.828695297241211
2305,MX32050,2305,811.000000000000000,0.014079861336389,0.354912161827087,19.086355209350586,18.731443047523499,1.320390327460375,1.998468809760872,1070.836555570363998,0.716198503971100,2.241505861282349
2306,MX10038,2306,1885.000000000000000,0.032725694968056,0.279545426368713,29.779163360595703,29.499617934226990,0.907459182574829,2.659174106873513,1710.560559153553640,0.374323457479477,0.977193009853363
2307,MX21195,2307,1293.000000000000000,0.022447917025833,0.335092753171921,8.906853675842285,8.571760922670364,0.735998863018674,0.675389288934549,951.646529883145604,0.525301694869995,1.255039668083191
2308,MX11043,2308,5255.000000000000000,0.091232640348611,0.297268509864807,12.607149124145508,12.309880614280701,0.443452640752583,0.431138027177943,2330.343627154823935,0.356947064399719,0.534111905097962
2309,MX28041,2309,7456.000000000000000,0.129444446515556,0.292510151863098,44.286056518554688,43.993546366691589,2.010836634501148,5.714564038233409,14992.797946840559234,0.422448560595512,2.410115599632263
2310,MX05036,2310,22708.000000000000000,0.394236117418889,0.279081404209137,23.759683609008789,23.480602204799652,0.447174489878742,0.611177989290669,10154.438316166471850,0.344991132616997,0.538830947875977
2311,MX30194,2311,256.000000000000000,0.004444444515556,0.415734618902206,36.662815093994141,36.247080475091934,1.701522353803739,3.198760942727140,435.589722573757172,0.909835457801819,3.090546369552612
2312,MX07071,2312,2168.000000000000000,0.037638889491111,0.242686450481415,30.111980438232422,29.869293987751007,0.692647178598930,1.293344552834631,1501.659083202480360,0.502014994621277,0.975860404968262
2313,MX14114,2313,1585.000000000000000,0.027517361551389,0.326336026191711,18.472806930541992,18.146470904350281,0.865005293761143,1.289815568339692,1371.033390611411733,0.547865629196167,1.233694028854371
2314,MX07107,2314,13410.000000000000000,0.232812503725000,0.250741422176361,31.255247116088867,31.004505693912506,0.514891730916756,0.878206046538369,6904.698111593696012,0.350033283233643,0.665139472484589
2315,MX15111,2315,1530.000000000000000,0.026562500425000,0.369591981172562,17.374172210693359,17.004580229520798,1.000062660687890,1.123760222005195,1530.095870852470853,0.725503712892532,1.640768492221833
2316,MX06010,2316,1422.000000000000000,0.024687500395000,0.299337029457092,35.295639038085938,34.996302008628845,2.966013790057178,7.041303088876203,4217.671609461307526,0.453780382871628,9.047030353546148
2317,MX24056,2317,2971.000000000000000,0.051579861936389,0.288668990135193,13.056230545043945,12.767561554908752,0.525576607782165,0.667835923003920,1561.488101720811528,0.388028562068939,0.711145043373108
2318,MX24046,2318,4413.000000000000000,0.076614584559167,0.326424002647400,12.738148689270020,12.411724686622620,0.529782944678613,0.605070416374093,2337.932134866718116,0.407923281192780,0.609881007671356
2319,MX20405,2319,859.000000000000000,0.014913194683056,0.246962934732437,4.967864513397217,4.720901578664780,0.352537289417942,0.316210344485051,302.829531610011998,0.301615267992020,0.369727873802185
2320,MX32051,2320,33993.000000000000000,0.590156259442500,0.266305893659592,23.568861007690430,23.302555114030838,0.361134259299872,0.472307047060533,12276.036876380550893,0.317161172628403,0.366264045238495
2321,MX20338,2321,41.000000000000000,0.000711805566944,2.557417631149292,23.179685592651367,20.622267961502075,7.916757775516046,5.574356930916839,324.587068796157894,5.460101127624512,16.677968978881836
2322,MX24047,2322,9721.000000000000000,0.168767363811389,0.266857177019119,8.723707199096680,8.456850022077560,0.382450947130846,0.256633505897945,3717.805657058952420,0.337631434202194,0.443401992321014
2323,MX24048,2323,738.000000000000000,0.012812500205000,0.313957870006561,15.771308898925781,15.457351028919220,0.781353435138377,1.277485492495689,576.638835132121926,0.401996120810509,1.227967214584352
2324,MX24049,2324,12635.000000000000000,0.219357642398611,0.278311222791672,12.111932754516602,11.833621531724930,0.431508174789813,0.573723111157029,5452.105788469290928,0.340790957212448,0.452915883064270
2325,MX24050,2325,5125.000000000000000,0.088975695868056,0.328122615814209,77.098678588867188,76.770555973052979,1.627709965670983,5.205632680965819,8342.013574063788838,0.515953481197357,2.028811550140382
2326,MX20540,2326,707.000000000000000,0.012274305751944,0.273353397846222,11.148494720458984,10.875141322612762,0.572630916955279,1.029701036952420,404.850058287382183,0.338179707527161,0.708579397201538
2327,MX13066,2327,454.000000000000000,0.007881944570556,0.756443679332733,27.169088363647461,26.412644684314728,2.352311005019931,2.968919981965024,1067.949196279048465,1.356793284416199,4.719278526306152
2328,MX20334,2328,5748.000000000000000,0.099791668263333,0.244829431176186,12.529797554016113,12.284968122839928,0.395244793967709,0.521015636096486,2271.867075726390340,0.303271234035492,0.456230485439301
2329,MX20565,2329,398.000000000000000,0.006909722332778,0.409272521734238,23.337377548217773,22.928105026483536,3.493327320071321,4.563772241276276,1390.344273388385773,1.337951481342316,10.701924037933351
2330,MX15112,2330,1514.000000000000000,0.026284722642778,0.552353441715240,9.188917160034180,8.636563718318939,1.230465109825449,0.918699062924121,1862.924176275729224,0.943171471357346,2.086115384101868
2331,MX20560,2331,1383.000000000000000,0.024010417050833,0.246210217475891,7.013364791870117,6.767154574394226,0.457405062706162,0.477643888842626,632.591201722622600,0.326704591512680,0.662057292461395
2332,MX32052,2332,1730.000000000000000,0.030034722702778,0.339579582214355,21.013751983642578,20.674172401428223,0.738066863135107,1.112475019406530,1276.855673223734811,0.509072005748749,0.997020405530930
2333,MX32053,2333,2188.000000000000000,0.037986111718889,0.305547624826431,22.659694671630859,22.354147046804428,0.608941693383336,1.212659839831201,1332.364425122739021,0.393379852175713,0.644737315177917
2334,MX14115,2334,3398.000000000000000,0.058993056499444,0.253956526517868,13.723792076110840,13.469835549592972,0.361609945495807,0.549264532135706,1228.750594794752487,0.307846873998642,0.341740453243256
2335,MX15113,2335,1136.000000000000000,0.019722222537778,0.391366899013519,42.620540618896484,42.229173719882965,5.945568336410000,7.012329063409578,6754.165630161760419,2.949166774749756,16.394231796264648
2336,MX14116,2336,2277.000000000000000,0.039531250632500,0.316030889749527,27.149366378784180,26.833335489034653,0.776290872259836,1.946174028837719,1767.614316135646050,0.434402167797089,0.848550891876221
2337,MX20038,2337,287.000000000000000,0.004982638968611,0.291985213756561,2.581148862838745,2.289163649082184,0.444037507323853,0.294295786574429,127.438764601945806,0.366662204265594,0.542565178871155
2338,MX24051,2338,7566.000000000000000,0.131354168768333,0.267713934183121,9.643768310546875,9.376054376363754,0.460574143310403,0.446270881089096,3484.703968286508371,0.371978372335434,0.592328399419785
2339,MX26067,2339,7940.000000000000000,0.137847224427778,0.279235690832138,28.124505996704102,27.845270305871964,0.374990936982391,0.630041895905008,2977.428039640188672,0.327365159988403,0.359132233262062
2340,MX32054,2340,1895.000000000000000,0.032899306081944,0.313004046678543,17.903919219970703,17.590915173292160,0.609231624392532,0.903942871448455,1154.493928223847433,0.413461655378342,0.860198378562927
2341,MX24052,2341,3238.000000000000000,0.056215278677222,0.292414993047714,7.551495552062988,7.259080559015274,0.480256719923152,0.444146043505914,1555.071259111165091,0.388625815510750,0.556304347515106
2342,MX26068,2342,5990.000000000000000,0.103993057219444,0.279364645481110,5.427697181701660,5.148332536220551,0.330286639192467,0.148087238334620,1978.416968762876877,0.318053171038628,0.335166040062904
2343,MX14068,2343,9162.000000000000000,0.159062502545000,0.259168773889542,9.891805648803711,9.632636874914169,0.332498217284146,0.245806515475162,3046.348666757347473,0.308331176638603,0.348896151781082
2344,MX20277,2344,4740.000000000000000,0.082291667983333,0.228723064064980,7.139524459838867,6.910801395773888,0.308751962657719,0.199610053783056,1463.484302997589339,0.286666646599770,0.332827806472779
2345,MX20280,2345,299.000000000000000,0.005190972305278,0.294560939073563,2.850451946258545,2.555891007184982,0.428301264310760,0.283743402867365,128.062078028917313,0.355646878480911,0.494643986225128
2346,MX20486,2346,690.000000000000000,0.011979166858333,0.260497599840164,4.730519771575928,4.470022171735764,0.438537000227666,0.395696092052108,302.590530157089290,0.338888242840767,0.568560296297073
2347,MX05037,2347,9808.000000000000000,0.170277780502222,0.295333981513977,10.614577293395996,10.319243311882019,0.389756835064263,0.355028846812326,3822.735038310291657,0.345303580164909,0.423905202746391
2348,MX15114,2348,2107.000000000000000,0.036579861696389,0.439102739095688,8.894701957702637,8.455599218606949,1.133008676722089,0.683138942398817,2387.249281853441516,0.945119678974152,1.795347094535828
2349,MX07108,2349,9263.000000000000000,0.160815974795278,0.258263111114502,29.609916687011719,29.351653575897217,0.638670171184213,1.380792325452423,5916.001795679362658,0.385672986507416,0.784172368049622
2350,MX11044,2350,643.000000000000000,0.011163194623056,1.227990031242371,160.454772949218750,159.226782917976379,6.410304558221515,12.205513989100485,4121.825830936434613,2.548600196838379,15.265074539184571
2351,MX28042,2351,6607.000000000000000,0.114704862946389,0.274850696325302,13.613447189331055,13.338596493005753,0.371533263576758,0.366314749712378,2454.720272451642359,0.330761402845383,0.389349544048309
2352,MX19051,2352,4587.000000000000000,0.079635417940833,0.287084937095642,12.117557525634766,11.830472588539124,0.417816603836058,0.530180703717420,1916.524761795997620,0.339437097311020,0.426453715562821
2353,MX16104,2353,1745.000000000000000,0.030295139373611,0.340560972690582,5.502195835113525,5.161634862422943,0.660225432530516,0.490723341152060,1152.093379765750115,0.515568375587463,0.957758879661560
2354,MX32055,2354,11005.000000000000000,0.191059030834722,0.285992354154587,35.338726043701172,35.052733689546585,0.442620338030371,0.760826616641234,4871.036820024237386,0.344206631183624,0.468468827009201
2355,MX16105,2355,736.000000000000000,0.012777777982222,0.431096494197845,17.645526885986328,17.214430391788483,1.439352296576227,2.043583972782478,1059.363290280103229,0.728058934211731,2.953297853469849
2356,MX30087,2356,622.000000000000000,0.010798611283889,0.638616800308228,54.757526397705078,54.118909597396851,15.781575145349615,14.343929698254886,9816.139740407461431,10.444319248199463,37.063787460327148
2357,MX15043,2357,536.000000000000000,0.009305555704444,0.636618494987488,26.529930114746094,25.893311619758606,2.545775947730932,3.879141906074395,1364.535907983779680,0.953075915575027,6.251256942749023
2358,MX18008,2358,2524.000000000000000,0.043819445145556,0.278636127710342,26.291273117065430,26.012636989355087,0.826083852329456,2.270898050113714,2085.035643279547912,0.386960625648499,0.798528599739080
2359,MX29039,2359,203.000000000000000,0.003524305611944,0.649544358253479,17.879816055297852,17.230271697044373,4.252102958744968,4.401964973956884,863.176900625228427,2.164648532867432,11.066067123413090
2360,MX12069,2360,1107.000000000000000,0.019218750307500,0.300246983766556,7.058670997619629,6.758424013853073,0.588372490808785,0.525559347520326,651.328347325324444,0.417682200670242,1.036053872108459
2361,MX29040,2361,514.000000000000000,0.008923611253889,0.562769949436188,7.278149604797363,6.715379655361176,1.405008604902237,1.069057905380332,722.174422919750100,0.990510195493698,2.806730318069458
2362,MX21196,2362,295.000000000000000,0.005121527859722,0.283052355051041,3.754354953765869,3.471302598714828,0.525227100970381,0.491212095228998,154.941994786262484,0.333790570497513,0.865386295318605
2363,MX11045,2363,4569.000000000000000,0.079322917935833,0.274387478828430,8.005941390991211,7.731553912162781,0.392812050081599,0.249975009460456,1794.758256822825615,0.353167712688446,0.466726231575012
2364,MX30092,2364,887.000000000000000,0.015399305801944,0.329037517309189,9.068913459777832,8.739875942468643,0.747804314200478,1.017591023429345,663.302426695824238,0.453620225191116,1.071491098403931
2365,MX29042,2365,35.000000000000000,0.000607638898611,3.098378896713257,36.236431121826172,33.138052225112915,11.657300662994388,8.399895996982417,408.005523204803580,9.851197242736816,23.653347015380866
2366,MX28043,2366,4419.000000000000000,0.076718751227500,0.283774614334106,16.313802719116211,16.030028104782104,0.501250494346545,0.732681033941666,2215.025934517382211,0.368537843227386,0.652562832832336
2367,MX21197,2367,1545.000000000000000,0.026822917095833,0.344847261905670,16.561649322509766,16.216802060604095,0.916967968068848,1.513405734293343,1416.715510666370392,0.498875617980957,1.464650988578797
2368,MX21198,2368,1008.000000000000000,0.017500000280000,0.263570636510849,3.637026548385620,3.373455911874771,0.335387939764631,0.206871040982551,338.071043282747723,0.304862082004547,0.333999761939049
2369,MX24054,2369,2001.000000000000000,0.034739583889167,0.284935444593430,12.376061439514160,12.091125994920731,0.624579169537532,0.666516619072760,1249.782918244601660,0.495008230209351,0.932671070098877
2370,MX21199,2370,729.000000000000000,0.012656250202500,0.335821956396103,13.301499366760254,12.965677410364151,1.185092503110404,1.755133006657576,863.932434767484210,0.449581384658813,3.292048978805543
2371,MX31103,2371,551.000000000000000,0.009565972375278,0.314546316862106,6.141053199768066,5.826506882905960,0.539336355108963,0.496949697630443,297.174331665038778,0.411271154880524,0.778399527072906
2372,MX21200,2372,298.000000000000000,0.005173611193889,0.392479479312897,5.220279693603516,4.827800214290619,0.708994897019943,0.620121934758061,211.280479311942941,0.523234814405441,0.991012269258499
2373,MX13078,2373,680.000000000000000,0.011805555744444,0.340697318315506,3.687279939651489,3.346582621335983,0.552936446929679,0.302167105233747,375.996783912181456,0.460725128650665,0.776051163673401
2374,MX13079,2374,928.000000000000000,0.016111111368889,0.328631371259689,3.510799646377563,3.182168275117874,0.487563179998562,0.290283596118538,452.458631038665658,0.412036165595055,0.639328229427338
2375,MX12070,2375,1290.000000000000000,0.022395833691667,0.277252405881882,8.044995307922363,7.767742902040482,0.420463894804320,0.461812136831940,542.398424297572205,0.331196114420891,0.462397551536560
2376,MX21201,2376,232.000000000000000,0.004027777842222,0.387844026088715,7.335880756378174,6.948036730289459,0.779101016192601,0.839893815658129,180.751435756683321,0.483154401183128,1.465832996368409
2377,MX09013,2377,566.000000000000000,0.009826389046111,1.204457759857178,88.021080017089844,86.816622257232666,23.685299139351383,16.631944362635259,13405.879312872883020,20.238637924194336,46.915950775146484
2378,MX12071,2378,2220.000000000000000,0.038541667283333,0.254337579011917,6.403243064880371,6.148905485868454,0.410314335788156,0.313555952883730,910.897825449705579,0.327866405248642,0.585143142938614
2379,MX17028,2379,461.000000000000000,0.008003472350278,1.077173948287964,25.457521438598633,24.380347490310669,7.170329580079446,5.051814795753534,3305.521936416624612,6.030414581298828,14.162185668945312
2380,MX21202,2380,390.000000000000000,0.006770833441667,0.349154084920883,4.205834388732910,3.856680303812027,0.764639834180857,0.553736461737506,298.209535330534152,0.608843654394150,1.220922327041627
2381,MX21203,2381,804.000000000000000,0.013958333556667,0.335593104362488,10.177836418151855,9.842243313789368,0.633402219422124,0.880140099635150,509.255384415388107,0.467057317495346,0.678480184078217
2382,MX15115,2382,271.000000000000000,0.004704861186389,0.872752189636230,22.133218765258789,21.260466575622559,5.149367273293739,4.727693431823480,1395.478531062603452,3.946061849594116,12.531628608703613
2383,MX30195,2383,183.000000000000000,0.003177083384167,0.339211702346802,5.959329128265381,5.620117425918579,0.957320414605688,0.932304838102207,175.189635872840938,0.531776547431946,2.018818283081056
2384,MX13080,2384,772.000000000000000,0.013402777992222,0.354755818843842,2.340431690216064,1.985675871372223,0.538882618432218,0.237008498421821,416.017381429672412,0.454129293560982,0.757787209749222
2385,MX14118,2385,2820.000000000000000,0.048958334116667,0.303427338600159,21.900497436523438,21.597070097923279,0.656611991435924,1.366557087522800,1851.645815849305336,0.413567468523979,0.837033349275589
2386,MX07109,2386,1022.000000000000000,0.017743055839444,0.303702682256699,27.476709365844727,27.173006683588028,0.931406498830147,2.058892948538005,951.897441804409823,0.489166915416718,1.233744072914123
2387,MX30196,2387,437.000000000000000,0.007586805676944,0.552295863628387,11.949717521667480,11.397421658039093,1.446937557625280,1.284446969925701,632.311712682247162,1.059549927711487,2.557448768615724
2388,MX21204,2388,146.000000000000000,0.002534722262778,0.367736965417862,8.471370697021484,8.103633731603622,1.218071463173382,1.573381323024746,177.838433623313847,0.522291749715805,3.157377839088440
2389,MX29043,2389,178.000000000000000,0.003090277827222,1.278849363327026,27.746816635131836,26.467967271804810,7.478972721635627,5.461014853319984,1331.257144451141585,6.538822650909424,14.895340919494629
2390,MX17029,2390,950.000000000000000,0.016493055819444,0.913894057273865,28.937465667724609,28.023571610450745,5.456634233123376,5.070988165892304,5183.802521467207043,3.229655504226685,13.093381500244142
2391,MX31104,2391,7329.000000000000000,0.127239585369167,0.253035187721252,10.580601692199707,10.327566504478455,0.346055810265917,0.325771826883540,2536.243033438907332,0.301884561777115,0.351515311002731
2392,MX20561,2392,293.000000000000000,0.005086805636944,0.262994736433029,4.093034744262695,3.830040007829666,0.442984016885530,0.441252406761276,129.794316947460146,0.326365977525711,0.529961574077606
2393,MX31105,2393,240.000000000000000,0.004166666733333,0.611269950866699,10.788997650146484,10.177727699279785,1.325348590314389,1.197861238727836,318.083661675453300,0.949581891298294,2.159187316894531
2394,MX17030,2394,873.000000000000000,0.015156250242500,0.785786449909210,29.821969985961914,29.036183536052704,3.390285761905293,3.826755023082889,2959.719470143320905,1.899302840232849,7.518144989013681
2395,MX26069,2395,14164.000000000000000,0.245902781712222,0.272770166397095,9.464715957641602,9.191945791244507,0.328933273780585,0.204495998406182,4659.010889828205109,0.314932376146317,0.333015027642250
2396,MX30197,2396,552.000000000000000,0.009583333486667,0.305585443973541,6.726199626922607,6.420614182949066,0.515757704504590,0.477362541150166,284.698252886533851,0.406512573361397,0.673520654439926
2397,MX21205,2397,626.000000000000000,0.010868055729444,0.466588914394379,14.664585113525391,14.197996199131012,1.710556559907360,1.991412684219629,1070.808406502007529,0.943905711174011,3.904948592185974
2398,MX31106,2398,663.000000000000000,0.011510416850833,0.308118224143982,4.264671802520752,3.956553578376770,0.420492878371954,0.307890934059464,278.786778360605183,0.354686707258224,0.480488103628159
2399,MX20563,2399,320.000000000000000,0.005555555644444,0.272952765226364,1.244897484779358,0.971944719552994,0.348114318773150,0.127055556223477,111.396582007408085,0.310538753867149,0.412847402691841
2400,MX16106,2400,871.000000000000000,0.015121528019722,0.386915713548660,14.366290092468262,13.979374378919601,1.086320492211221,1.613040060176638,946.185148715973583,0.613049209117889,1.793260574340820
2401,MX11046,2401,3320.000000000000000,0.057638889811111,0.355712085962296,30.220314025878906,29.864601939916611,1.055785364361413,1.790676312215444,3505.207409679892862,0.593448817729950,1.823427402973175
2402,MX20564,2402,310.000000000000000,0.005381944530556,0.271345853805542,1.578211188316345,1.306865334510803,0.339791048726728,0.149575696430194,105.335225105285645,0.305134922266006,0.367317873239517
2403,MX21206,2403,1225.000000000000000,0.021267361451389,0.310944676399231,4.702315807342529,4.391371130943298,0.480324918566918,0.395241141376881,588.398025244475093,0.391595542430878,0.567311704158783
2404,MX21207,2404,871.000000000000000,0.015121528019722,0.401855528354645,14.754385948181152,14.352530419826508,1.363389767441221,1.370268916414295,1187.512487441303165,0.974581480026245,2.347712993621826
2405,MX16107,2405,2265.000000000000000,0.039322917295833,0.306368529796600,20.755249023437500,20.448880493640900,0.993756091463121,2.089932512316208,2250.857547163970139,0.402684956789017,1.631770992279053
2406,MX32056,2406,2241.000000000000000,0.038906250622500,0.339985638856888,130.047683715820312,129.707698076963425,4.183089221550493,11.390365493218928,9374.302945494655432,0.617768228054047,9.401761054992676
2407,MX29044,2407,147.000000000000000,0.002552083374167,1.711498260498047,25.816183090209961,24.104684829711914,7.790875065894348,6.982804867306467,1145.258634686469122,3.341081619262695,18.879594039916991
2408,MX17031,2408,131.000000000000000,0.002274305591944,1.617751002311707,29.331754684448242,27.714003682136536,7.450766831863923,6.119031054412196,976.050454974173931,5.191270828247070,15.945489883422852
2409,MX21208,2409,2429.000000000000000,0.042170139563611,0.378935128450394,27.246032714843750,26.867097586393356,1.201193542957008,1.970675547715690,2917.699115842573519,0.690844178199768,1.912413597106934
2410,MX15116,2410,331.000000000000000,0.005746527869722,0.348866313695908,10.182934761047363,9.834068447351456,1.019890585784826,1.470530413349120,337.583783894777412,0.492320299148560,2.083654880523682
2411,MX14119,2411,2392.000000000000000,0.041527778442222,0.328251302242279,63.783107757568359,63.454856455326080,1.176766047895848,3.207021651304120,2814.824386566868270,0.518378019332886,1.640141117572785
2412,MX15117,2412,1440.000000000000000,0.025000000400000,0.301379770040512,5.083156585693359,4.781776815652847,0.480206713556416,0.319101842295684,691.497667521238895,0.404619574546814,0.617821937799454
2413,MX17032,2413,265.000000000000000,0.004600694518056,0.622701883316040,7.157233238220215,6.534531354904175,1.440186828937169,1.152913368489789,381.649509668349879,0.994584858417511,3.006597137451172
2414,MX30198,2414,1313.000000000000000,0.022795139253611,0.316684633493423,2.252068758010864,1.935384124517441,0.384764514687582,0.108090670691026,505.195807784795647,0.361285209655762,0.440831923484802
2415,MX13081,2415,1367.000000000000000,0.023732639268611,0.320002704858780,24.471523284912109,24.151520580053329,0.870729448002626,1.940255815257044,1190.287155419589908,0.433477282524109,1.125858259201050
2416,MX16108,2416,1676.000000000000000,0.029097222687778,0.352665036916733,45.017372131347656,44.664707094430923,2.828162756128356,5.656714353512172,4740.000779271124884,0.753686398267746,6.706589460372925
2417,MX14120,2417,5785.000000000000000,0.100434029384722,0.358229517936707,102.061126708984375,101.702897191047668,9.330994081780524,15.913641053359473,53979.800763100334734,1.220742344856262,38.209151458740237
2418,MX14121,2418,1255.000000000000000,0.021788194793056,0.300474524497986,23.157621383666992,22.857146859169006,1.391932191079357,2.406237418765700,1746.874899804592360,0.720297038555145,2.446099281311036
2419,MX21209,2419,2116.000000000000000,0.036736111698889,0.275320410728455,6.467640399932861,6.192319989204407,0.432578122373564,0.339769882575716,915.335306942462239,0.358355388045311,0.542116820812225
2420,MX21210,2420,104.000000000000000,0.001805555584444,0.449145704507828,3.244652032852173,2.795506328344345,0.754453048396569,0.513754311120924,78.463117033243208,0.571761518716812,1.117923438549042
2421,MX14122,2421,1522.000000000000000,0.026423611533889,0.281677484512329,5.112444877624512,4.830767393112183,0.406053823784836,0.310224285790243,618.013919800520284,0.345456734299660,0.469069495797157
2422,MX20567,2422,1500.000000000000000,0.026041667083333,0.270089715719223,3.888343811035156,3.618254095315933,0.370691231310368,0.237623177912461,556.036846965552058,0.321524292230606,0.413238567113876
2423,MX20568,2423,215.000000000000000,0.003732638948611,0.333447068929672,5.474895000457764,5.141447931528091,0.649914962607761,0.689404334109249,139.731716960668592,0.434686720371246,1.082275438308716
2424,MX12072,2424,1121.000000000000000,0.019461805866944,0.268057316541672,5.132552146911621,4.864494830369949,0.583274030797085,0.414615913406361,653.850188523531983,0.444294542074203,0.981333613395691
2425,MX13082,2425,579.000000000000000,0.010052083494167,0.648568391799927,15.314119338989258,14.665550947189331,2.951439706566835,3.353210723727141,1708.883590102197104,1.402604818344116,8.822697448730469
2426,MX14123,2426,1989.000000000000000,0.034531250552500,0.421464681625366,27.973405838012695,27.551941156387329,0.819836449644084,1.381628125624220,1630.654698342083066,0.630268931388855,1.020935249328613
2427,MX14023,2427,1350.000000000000000,0.023437500375000,0.327365934848785,36.723701477050781,36.396335542201996,2.990262750011902,6.315967399489550,4036.854712516068048,0.773309022188187,6.714460992813145
2428,MX14124,2428,3589.000000000000000,0.062309028774722,0.462038367986679,37.578208923339844,37.116170555353165,2.097917157283698,3.011931058248623,7529.424677491193506,1.245216012001038,3.797875785827640
2429,MX05038,2429,42271.000000000000000,0.733871539519722,0.285793960094452,21.700485229492188,21.414691269397736,0.359625240896923,0.395153153345833,15201.718557953829077,0.330971151590347,0.386096715927124
2430,MX21211,2430,150.000000000000000,0.002604166708333,0.528619170188904,14.558038711547852,14.029419541358948,2.004852741956711,2.415811997236069,300.727911293506679,1.046512424945831,4.277896451950070
2431,MX24055,2431,3087.000000000000000,0.053593750857500,0.374412387609482,30.701471328735352,30.327058941125870,1.081092450846196,1.880772375815590,3337.332395762207398,0.624827980995178,1.542518734931946
2432,MX30199,2432,105.000000000000000,0.001822916695833,1.710052847862244,12.990769386291504,11.280716538429260,3.586581232434226,2.190143463676859,376.591029405593758,2.768430471420288,6.280030345916751
2433,MX21212,2433,1330.000000000000000,0.023090278147222,0.308405131101608,10.155972480773926,9.847567349672318,0.617508374524296,0.697215067595419,821.286138117313044,0.433904692530632,0.945734637975693
2434,MX13083,2434,1595.000000000000000,0.027690972665278,0.573067367076874,46.401397705078125,45.828330338001251,2.666315043719956,4.973624212492833,4252.772494733329950,1.159156322479248,4.915144634246828
2435,MX30200,2435,875.000000000000000,0.015190972465278,0.334539234638214,2.201246500015259,1.866707265377045,0.476121237209866,0.153545758066993,416.606082558632522,0.423154234886169,0.631272351741791
2436,MX12038,2436,7193.000000000000000,0.124878474220278,0.242916807532310,32.182941436767578,31.940024629235268,0.740089656391265,2.145610296273553,5323.464898422365877,0.309497773647308,0.881610453128815
2437,MX21213,2437,877.000000000000000,0.015225694688056,0.336883515119553,2.518848896026611,2.181965380907059,0.484428615669296,0.223867137441280,424.843895941972903,0.397138476371765,0.724460232257843
2438,MX29037,2438,383.000000000000000,0.006649305661944,0.479335784912109,21.405519485473633,20.926183700561523,1.457239600525822,2.574729826699899,558.122767001390002,0.643597424030304,2.912790918350220
2439,MX13084,2439,4359.000000000000000,0.075677084544167,0.302473872900009,23.050146102905273,22.747672230005264,0.674927465260427,1.222240314799425,2942.008821070200611,0.418685436248779,0.912027430534363
2440,MX20570,2440,1722.000000000000000,0.029895833811667,0.235870197415352,22.357706069946289,22.121835872530937,0.575711368701046,1.274238185624559,991.374976903200604,0.286649048328400,0.823104798793793
2441,MX07111,2441,946.000000000000000,0.016423611373889,0.450191408395767,153.857894897460938,153.407703489065170,5.280276370161935,12.816673564562290,4995.141446173190161,1.080832302570343,12.920094966888428
2442,MX15118,2442,1532.000000000000000,0.026597222647778,0.355002105236053,35.980625152587891,35.625623047351837,2.847285271332869,4.707267039897318,4362.041035681955691,0.671209752559662,8.598542118072515
2443,MX21214,2443,312.000000000000000,0.005416666753333,0.490820646286011,17.971042633056641,17.480221986770630,1.716668529101672,2.526228869957345,535.600581079721678,0.783951431512833,3.334797024726869
2444,MX16109,2444,566.000000000000000,0.009826389046111,0.367642909288406,4.582146644592285,4.214503735303879,0.578885657048056,0.450030990087197,327.649281889199870,0.440159901976585,0.809520423412323
2445,MX16110,2445,2961.000000000000000,0.051406250822500,0.349170237779617,37.764194488525391,37.415024250745773,1.041618959680677,1.965475441666788,3084.233739614484875,0.534575879573822,1.850143909454346
2446,MX16111,2446,795.000000000000000,0.013802083554167,0.344194561243057,4.359810352325439,4.015615791082382,0.794359768411648,0.538774991176046,631.516015887260437,0.612893581390381,1.373933577537537
2447,MX12073,2447,10544.000000000000000,0.183055558484444,0.252483397722244,16.247749328613281,15.995265930891037,0.375570539252234,0.451906909200932,3960.015765875558827,0.313184782862663,0.409746736288071
2448,MX16112,2448,2539.000000000000000,0.044079861816389,0.344601690769196,42.294372558593750,41.949770867824554,1.565791271940933,3.604127897236761,3975.544039458029602,0.647256910800934,2.578659915924074
2449,MX12074,2449,1496.000000000000000,0.025972222637778,0.283991843461990,7.297753810882568,7.013761967420578,0.511402904509223,0.471093588274371,765.058745145797957,0.374806165695190,0.838857024908066
2450,MX30201,2450,1402.000000000000000,0.024340278167222,0.376240193843842,7.034065246582031,6.657825052738190,0.621623024918383,0.373221615704839,871.515480935573464,0.549973994493484,0.812782096862793
2451,MX21215,2451,178.000000000000000,0.003090277827222,0.384104371070862,4.452541351318359,4.068436980247498,0.609077504176772,0.517624186972072,108.415795743465452,0.457144096493721,0.859076625108720
2452,MX30202,2452,1208.000000000000000,0.020972222557778,0.316707104444504,0.990268826484680,0.673561722040176,0.381386422188275,0.065865993779189,460.714798003435590,0.362751752138138,0.436593306064606
2453,MX21216,2453,91.000000000000000,0.001579861136389,0.427836835384369,2.626486539840698,2.198649704456329,0.672712611628103,0.356851427153123,61.216847658157363,0.556074500083923,0.879645287990570
2454,MX21217,2454,1327.000000000000000,0.023038194813056,0.310605049133301,4.301758766174316,3.991153717041016,0.524040606701024,0.326580565046309,695.401885092259135,0.436906695365906,0.741711747646332
2455,MX30203,2455,347.000000000000000,0.006024305651944,0.411399185657501,3.506285667419434,3.094886481761932,0.638694690610215,0.358373199827914,221.627057641744443,0.528312742710114,0.898532092571259
2456,MX15119,2456,998.000000000000000,0.017326389166111,0.422302156686783,16.475379943847656,16.053077787160873,1.348417565465453,1.661589650393829,1345.720730334522159,0.710875511169434,2.728052830696106
2457,MX15120,2457,1114.000000000000000,0.019340278087222,1.559991478919983,167.996017456054688,166.436025977134705,16.732113020317332,23.940620362067456,18639.573904633507482,8.887736797332764,34.668917846679690
