OID_,ADM2_PCODE,ZONE_CODE,COUNT,AREA,MIN,MAX,RANGE,MEAN,STD,SUM,MEDIAN,PCT90
1,MX31001,1,1458.000000000000000,0.025312500405000,0.282761335372925,3.361903429031372,3.079142093658447,0.416613755034812,0.262162249751607,607.422854840756031,0.346694096922874,0.513359308242798
2,MX05001,2,3900.000000000000000,0.067708334416667,0.276049107313156,12.448499679565430,12.172450572252274,0.410300077108236,0.546185261052772,1600.170300722121056,0.361819460988045,0.417130157351494
3,MX11001,3,3062.000000000000000,0.053159723072778,0.455337136983871,23.707258224487305,23.251921087503433,1.382612613497572,1.737883177577228,4233.559822529564372,0.898553103208542,2.368598747253419
4,MX19001,4,239.000000000000000,0.004149305621944,0.715958595275879,9.139739036560059,8.423780441284180,1.791799382684621,1.558555740197543,428.240052461624316,1.165883064270020,3.795790624618533
5,MX28001,5,9508.000000000000000,0.165069447085556,0.237333014607430,10.451956748962402,10.214623734354973,0.317102182081355,0.269915410166989,3015.007547229524334,0.290496528148651,0.325750413537025
6,MX20001,6,616.000000000000000,0.010694444615556,0.240877613425255,3.785674810409546,3.544797196984291,0.335249460241817,0.263830214687973,206.513667508959429,0.290399387478828,0.339094147086143
7,MX07001,7,1207.000000000000000,0.020954861446389,0.227321907877922,18.928930282592773,18.701608374714851,0.591334315413468,1.093021681839285,713.740518704056171,0.344539165496826,0.855395627021790
8,MX21001,8,869.000000000000000,0.015086805796944,0.490160465240479,16.215433120727539,15.725272655487061,2.505830707532215,2.809535033767030,2177.566884845494315,1.284402847290039,6.825928211212159
9,MX30001,9,483.000000000000000,0.008385416800833,0.379130691289902,4.934362411499023,4.555231720209122,0.669691271663452,0.533943905724369,323.460884213447457,0.483941853046417,1.073937654495239
10,MX07002,10,2342.000000000000000,0.040659722872778,0.321976304054260,13.097563743591309,12.775587439537048,0.613367562233942,0.817384276123218,1436.506830751893176,0.448395416140556,0.774569606781006
11,MX11002,11,4363.000000000000000,0.075746528989722,0.350746363401413,24.063264846801758,23.712518483400345,0.945878629711223,1.740926819724474,4126.868461430066418,0.512156605720520,1.521383452415467
12,MX15001,12,2356.000000000000000,0.040902778432222,0.377523958683014,19.078535079956055,18.701011121273041,1.194327974625575,1.295912768163208,2813.836708217854721,0.817136913537979,2.212190151214600
13,MX31002,13,691.000000000000000,0.011996527969722,0.355270117521286,14.847524642944336,14.492254525423050,1.015561908656021,1.408726974347207,701.753278881310735,0.649086475372314,1.522121429443359
14,MX07003,14,2609.000000000000000,0.045295139613611,0.230078816413879,9.351352691650391,9.121273875236511,0.509681624298630,0.519961777535339,1329.759357795125879,0.403909534215927,0.744990146160127
15,MX18001,15,7160.000000000000000,0.124305557544444,0.251247793436050,17.139228820800781,16.887981027364731,0.437069117406893,0.700070937683008,3129.414880633352368,0.328178703784943,0.522132420539856
16,MX12001,16,8405.000000000000000,0.145920141223611,0.278365254402161,50.689491271972656,50.411126017570496,2.246448372071304,5.079166321291490,18881.398567259315314,0.546568810939789,5.171364212036133
17,MX21002,17,900.000000000000000,0.015625000250000,0.314208060503006,3.091248273849487,2.777040213346481,0.431433880958293,0.209452058409023,388.290492862463395,0.386296138167381,0.523135489225388
18,MX12076,18,3089.000000000000000,0.053628473080278,0.273508012294769,5.683708667755127,5.410200655460358,0.511772404011495,0.359341517652258,1580.864955991508168,0.387054443359375,0.845403695106507
19,MX14001,19,1695.000000000000000,0.029427083804167,0.378904700279236,17.327133178710938,16.948228478431702,0.935281499279634,1.199804982149011,1585.302141278979889,0.665840506553650,1.364546585083008
20,MX13001,20,1202.000000000000000,0.020868055889444,0.363875567913055,7.282091140747070,6.918215572834015,1.098038077379227,0.909455466768972,1319.841769009830614,0.776618063449860,2.045974659919739
21,MX21003,21,2998.000000000000000,0.052048611943889,0.274262398481369,25.070966720581055,24.796704322099686,0.728353528637661,1.472264827447073,2183.603878855708899,0.386746734380722,0.995041149854660
22,MX30002,22,91.000000000000000,0.001579861136389,0.416135132312775,5.117473125457764,4.701337993144989,0.846840102921475,0.744605596378483,77.062449365854249,0.640452682971954,1.172359228134155
23,MX14002,23,766.000000000000000,0.013298611323889,0.477056920528412,15.489639282226562,15.012582361698151,1.642295533737689,2.134698473441657,1257.998378843069759,0.827184468507767,3.789319753646851
24,MX20002,24,3714.000000000000000,0.064479167698333,0.292609632015228,9.971469879150391,9.678860247135162,0.537860058757589,0.431053308952777,1997.612258225684400,0.443312674760818,0.720922797918320
25,MX21004,25,691.000000000000000,0.011996527969722,0.432062000036240,26.112709045410156,25.680647045373917,2.258781775983129,3.407243342357029,1560.818207204341888,0.949878633022308,5.714177131652832
26,MX13002,26,1189.000000000000000,0.020642361441389,0.479024589061737,12.594057083129883,12.115032494068146,1.475471144794316,1.258620606717908,1754.335191160441582,1.046336770057678,2.972976493835450
27,MX30003,27,3213.000000000000000,0.055781250892500,0.293649286031723,25.029100418090820,24.735451132059097,0.787438304048441,1.894404851723822,2530.039270907641367,0.413721382617950,0.988462662696838
28,MX15002,28,429.000000000000000,0.007447916785833,2.019801378250122,65.985534667968750,63.965733289718628,14.643660927708067,13.069195905338038,6282.130537986760828,9.328065872192383,31.693857192993164
29,MX26001,29,1976.000000000000000,0.034305556104444,0.251172840595245,7.841835021972656,7.590662181377411,0.344300109983576,0.405778615341969,680.337017327546505,0.289216294884682,0.334330305457115
30,MX21005,30,371.000000000000000,0.006440972325278,0.441767632961273,5.609279155731201,5.167511522769928,0.748290784355764,0.649891009915912,277.615880995988562,0.565406501293182,0.981023669242859
31,MX13003,31,1359.000000000000000,0.023593750377500,0.324726492166519,34.433567047119141,34.108840554952621,1.935673227132114,3.588061167714402,2630.579915672542484,0.576760590076447,4.399395656585694
32,MX30004,32,4253.000000000000000,0.073836806736944,0.268610149621964,8.586437225341797,8.317827075719833,0.507723548140157,0.434741418051562,2159.348250240087509,0.406431734561920,0.686073029041290
33,MX29022,33,75.000000000000000,0.001302083354167,0.919665217399597,11.426358222961426,10.506693005561829,3.403876968224844,3.071334551095227,255.290772616863308,1.750481128692627,8.112119293212894
34,MX16001,34,873.000000000000000,0.015156250242500,0.275133997201920,6.069385051727295,5.794251054525375,0.554400493052680,0.559803552084455,483.991630434989474,0.408733099699020,0.799380099773407
35,MX30005,35,900.000000000000000,0.015625000250000,0.338131695985794,25.102521896362305,24.764390200376511,0.808140250013934,1.896610844165707,727.326225012540590,0.449718698859215,0.829541850090027
36,MX15003,36,2262.000000000000000,0.039270833961667,0.365652441978455,12.330394744873047,11.964742302894592,1.052447960399926,0.982734580223367,2380.637286424631839,0.751550436019897,1.783355152606964
37,MX30006,37,830.000000000000000,0.014409722452778,0.305677920579910,10.469460487365723,10.163782566785812,0.999635614724044,1.144438070808452,829.697560220956575,0.621345460414886,2.053249311447144
38,MX05002,38,60849.000000000000000,1.056406266902500,0.248214796185493,53.491916656494141,53.243701860308647,0.429935601197111,1.747750919684193,26161.151397243029351,0.300895959138870,0.329029077291489
39,MX13004,39,601.000000000000000,0.010434027944722,0.313016861677170,4.319996833801270,4.006979972124100,0.585728009012892,0.410258754982378,352.022533416748217,0.479792565107346,0.817798793315887
40,MX30204,40,1795.000000000000000,0.031163194943056,0.952390968799591,2424.600097656250000,2423.647706687450409,12.076001764373167,96.451051651752550,21676.423167049833864,2.572363615036011,11.470318603515629
41,MX26002,41,21434.000000000000000,0.372118061509444,0.243087142705917,72.660087585449219,72.417000442743301,0.559863126083544,2.476507803305658,12000.106244474678533,0.296127483248711,0.407512751221657
42,MX19002,42,5103.000000000000000,0.088593751417500,0.268000602722168,8.277039527893066,8.009038925170898,0.368561165568269,0.304532476508111,1880.767627894877705,0.325338900089264,0.379278063774109
43,MX01001,43,5938.000000000000000,0.103090279427222,0.354145467281342,107.990203857421875,107.636058390140533,8.435402205969906,16.959260383848196,50089.418299049299094,1.245162069797516,36.501547241210943
44,MX16002,44,6898.000000000000000,0.119756946360556,0.235845774412155,12.533607482910156,12.297761708498001,0.350388808299595,0.403394183608643,2416.981999650603484,0.296561062335968,0.368771275877953
45,MX25001,45,16923.000000000000000,0.293802088034167,0.246598064899445,94.567199707031250,94.320601642131805,1.351090331707647,4.542162802640703,22864.501683488502749,0.371751278638840,1.685915517807008
46,MX18002,46,2524.000000000000000,0.043819445145556,0.261556655168533,9.933295249938965,9.671738594770432,0.397753628351608,0.467741982157421,1003.930157959459393,0.318837627768517,0.447184368968010
47,MX21006,47,456.000000000000000,0.007916666793333,0.377014070749283,11.412435531616211,11.035421460866928,0.878853942676071,0.957005852598355,400.757397860288563,0.563967674970627,1.583255946636200
48,MX12002,48,4282.000000000000000,0.074340278967222,0.244583234190941,3.061011075973511,2.816427841782570,0.328259686195143,0.112427780053762,1405.607976287602469,0.305680319666862,0.372744071483612
49,MX24001,49,3917.000000000000000,0.068003473310278,0.276145666837692,13.954663276672363,13.678517609834671,0.486978005930754,0.601298763339486,1907.492849230764477,0.352992445230484,0.706155443191528
50,MX14003,50,1366.000000000000000,0.023715278157222,0.304404646158218,17.820449829101562,17.516045182943344,0.755977017900432,1.481872282927539,1032.664606451990039,0.413236454129219,1.021510243415833
51,MX21007,51,909.000000000000000,0.015781250252500,0.314504086971283,3.633972883224487,3.319468796253204,0.439923707440873,0.253234271751296,399.890650063753242,0.388613730669022,0.497449374198914
52,MX21008,52,303.000000000000000,0.005260416750833,0.485750645399094,11.724374771118164,11.238624125719070,2.031483297202453,1.956243936025150,615.539439052343369,1.321273565292358,4.359217166900638
53,MX21009,53,354.000000000000000,0.006145833431667,0.295993000268936,4.116707324981689,3.820714324712753,0.536251169055869,0.439384025997964,189.832913845777739,0.404560729861259,0.803998684883118
54,MX08001,54,91485.000000000000000,1.588281275412500,0.245037510991096,38.322460174560547,38.077422663569450,0.326696320142702,0.408682092133328,29887.812848255118297,0.307394593954086,0.343150985240936
55,MX13005,55,1190.000000000000000,0.020659722552778,0.542128503322601,13.932044029235840,13.389915525913239,1.224697260796522,1.490542224321832,1457.389740347861107,0.773040115833282,2.033503150939942
56,MX21010,56,1939.000000000000000,0.033663194983056,0.313131332397461,30.266424179077148,29.953292846679688,1.070240213552537,2.095018221639394,2075.195774078369595,0.583753168582916,1.714654183387757
57,MX12003,57,9798.000000000000000,0.170104169388333,0.236049041152000,10.565776824951172,10.329727783799171,0.428111461958646,0.399262448433161,4194.636104270812211,0.334365412592888,0.586177349090577
58,MX31003,58,385.000000000000000,0.006684027884722,0.329671084880829,10.064624786376953,9.734953701496124,0.858070974613164,1.288741611288039,330.357325226068156,0.474304407835007,1.451379776000977
59,MX30160,59,6359.000000000000000,0.110399307321944,0.288280308246613,42.156917572021484,41.868637263774872,0.673507608376054,1.575859998288600,4282.834881663325177,0.426138281822205,0.833085143566132
60,MX26003,60,33668.000000000000000,0.584513898241111,0.235964938998222,19.835216522216797,19.599251583218575,0.321979965325065,0.410870178138894,10840.421472564303258,0.287376314401627,0.326406139135361
61,MX24002,61,2955.000000000000000,0.051302084154167,0.248234450817108,4.328579425811768,4.080344974994659,0.364107100078096,0.190132139801136,1075.936480730772473,0.323711723089218,0.429983687400818
62,MX21011,62,392.000000000000000,0.006805555664444,0.276276648044586,6.764946937561035,6.488670289516449,0.445186416941638,0.622140014498159,174.513075441122055,0.322620868682861,0.451634129881859
63,MX12004,63,2302.000000000000000,0.039965278417222,0.257715731859207,7.022329807281494,6.764614075422287,0.455371787142070,0.451006723645250,1048.265854001044545,0.345011457800865,0.589003139734268
64,MX07113,64,131.000000000000000,0.002274305591944,0.512113928794861,6.035274982452393,5.523161053657532,1.577098036085377,0.970669854148144,206.599842727184409,1.283585071563721,2.790229082107544
65,MX08002,65,49188.000000000000000,0.853958346996667,0.246142208576202,36.756050109863281,36.509907901287079,0.367785462005536,0.668751122267740,18090.631305128285021,0.312456682324409,0.379572600126266
66,MX28002,66,18846.000000000000000,0.327187505235000,0.241105496883392,22.276220321655273,22.035114824771881,0.347834376053524,0.470745864219758,6555.286651104707744,0.306710466742516,0.366668045520782
67,MX13006,67,2169.000000000000000,0.037656250602500,0.320090502500534,5.716939449310303,5.396848946809769,0.571620403222634,0.401258411801290,1239.844654589892571,0.434615343809128,0.929015076160431
68,MX21012,68,258.000000000000000,0.004479166738333,0.424678802490234,8.781500816345215,8.356822013854980,1.063176793414492,1.256484500711062,274.299612700939008,0.595288574695587,2.200127243995667
69,MX05003,69,1335.000000000000000,0.023177083704167,0.291262894868851,19.536487579345703,19.245224684476852,1.068029766716760,2.513092454265163,1425.819738566874321,0.353272348642349,1.538431453704836
70,MX08003,70,11190.000000000000000,0.194270836441667,0.248043090105057,17.390348434448242,17.142305344343185,0.350954184439484,0.476786638352105,3927.177323877820527,0.301459744572639,0.361440369486809
71,MX19004,71,987.000000000000000,0.017135416940833,0.355939507484436,40.266178131103516,39.910238623619080,2.647200084143261,4.034131425007619,2612.786483049398157,1.266916751861572,6.445830345153809
72,MX13007,72,1358.000000000000000,0.023576389266111,0.311965942382812,12.055160522460938,11.743194580078125,0.653405159536272,0.737928909296077,887.324206650257224,0.460453078150749,0.997950601577759
73,MX15004,73,845.000000000000000,0.014670139123611,0.294487148523331,7.118405342102051,6.823918193578720,0.729217801115216,0.666927148814314,616.189041942357449,0.543661952018738,1.134004068374634
74,MX15005,74,2381.000000000000000,0.041336806216944,0.427868813276291,29.171098709106445,28.743229895830154,1.841778531464044,2.285871322967087,4385.274683415887921,1.075939416885376,3.625267982482910
75,MX15006,75,45.000000000000000,0.000781250012500,1.616126656532288,19.557447433471680,17.941320776939392,6.581008442242942,5.330856798623998,296.145379900932369,4.490981578826904,15.282037734985355
76,MX30008,76,349.000000000000000,0.006059027874722,0.303205102682114,3.499388694763184,3.196183592081070,0.642950085480097,0.391266217472802,224.389579832553977,0.517834722995758,1.015187072753906
77,MX12005,77,460.000000000000000,0.007986111238889,0.307766586542130,5.637066841125488,5.329300254583359,0.613645281999007,0.653616618817261,282.276829719543400,0.391969606280327,1.045745861530304
78,MX28003,78,8372.000000000000000,0.145347224547778,0.276219964027405,704.607421875000000,704.331201910972595,3.326881281796595,15.529097370419118,27852.650091201092437,0.435200586915016,6.483044195175174
79,MX07004,79,4662.000000000000000,0.080937501295000,0.260408848524094,16.347461700439453,16.087052851915359,0.480748150192429,0.739819725472820,2241.247876197102414,0.362064927816391,0.597411835193634
80,MX26004,80,24210.000000000000000,0.420312506725000,0.233042865991592,34.511203765869141,34.278160899877548,0.331527229307704,0.699419165336920,8026.274221539523751,0.290671199560165,0.326137080788612
81,MX21013,81,235.000000000000000,0.004079861176389,0.779961109161377,15.976904869079590,15.196943759918213,2.477569364486855,2.996454147573328,582.228800654410975,1.190772652626038,6.626714801788324
82,MX30009,82,3201.000000000000000,0.055572917555833,0.271460503339767,27.051002502441406,26.779541999101639,0.480129996982078,0.931641706652717,1536.896120339631807,0.335850983858109,0.529847800731659
83,MX30010,83,1622.000000000000000,0.028159722672778,0.293223828077316,14.706901550292969,14.413677722215652,0.745865288134273,1.053055599086764,1209.793497353791054,0.471891358494759,1.238663399219513
84,MX30011,84,3424.000000000000000,0.059444445395556,0.279204159975052,89.727439880371094,89.448235720396042,1.212510244285462,3.758272932919811,4151.635076433422000,0.427601680159569,1.545066213607790
85,MX09010,85,475.000000000000000,0.008246527909722,0.926672637462616,77.312736511230469,76.386063873767853,32.513726620172186,21.921038465574998,15444.020144581787463,35.562419891357422,60.249742126464845
86,MX16003,86,797.000000000000000,0.013836805776944,0.378996193408966,10.672912597656250,10.293916404247284,0.969939265638553,1.143480639861956,773.041594713926770,0.638257682323456,1.663544583320617
87,MX14004,87,622.000000000000000,0.010798611283889,0.299778670072556,4.892468929290771,4.592690259218216,0.552019131672344,0.506242055353862,343.355899900198210,0.403034582734108,0.795945185422897
88,MX17001,88,577.000000000000000,0.010017361271389,0.421292275190353,8.142381668090820,7.721089392900467,1.009289254245559,0.925350607997669,582.359899699687617,0.642311096191406,1.977953934669495
89,MX15007,89,1099.000000000000000,0.019079861416389,0.343882143497467,8.597485542297363,8.253603398799896,0.972653388271992,0.924224290756084,1068.946073710918881,0.641516208648682,2.022188186645508
90,MX07005,90,1545.000000000000000,0.026822917095833,0.319671511650085,8.832321166992188,8.512649655342102,0.591433612659912,0.531037889745743,913.764931559563365,0.450402498245239,0.882665479183197
91,MX07006,91,1219.000000000000000,0.021163194783056,0.320055037736893,6.625072956085205,6.305017918348312,0.666638460728455,0.491045855464657,812.632283627986794,0.510350525379181,1.041936063766479
92,MX07007,92,741.000000000000000,0.012864583539167,0.314818441867828,7.365120410919189,7.050301969051361,0.625453036042199,0.609405544207305,463.460699707269498,0.449203610420227,0.939864635467529
93,MX15008,93,3134.000000000000000,0.054409723092778,0.263332635164261,18.329261779785156,18.065929144620895,0.431363730785873,0.563211664934664,1351.893932282925334,0.352295368909836,0.515126007795334
94,MX14005,94,864.000000000000000,0.015000000240000,0.387294501066208,17.414031982421875,17.026737481355667,0.977666679010900,1.610426255314802,844.704010665417286,0.563645601272583,1.403446519374848
95,MX30012,95,648.000000000000000,0.011250000180000,0.327908754348755,4.300752162933350,3.972843408584595,0.497378166581009,0.304513252619847,322.301051944493793,0.419327363371849,0.665867495536804
96,MX18003,96,2585.000000000000000,0.044878472940278,0.265706032514572,4.736917972564697,4.471211940050125,0.367731781831332,0.247764722290195,950.586656033992199,0.318748533725739,0.401168537139893
97,MX30014,97,751.000000000000000,0.013038194653056,0.481169849634171,14.284912109375000,13.803742259740829,1.798680388578246,1.825670167576751,1350.808971822262947,1.132140278816223,3.983523607254028
98,MX29001,98,54.000000000000000,0.000937500015000,1.449125051498413,10.747798919677734,9.298673868179321,5.639176017708248,2.823172683814715,304.515504956245422,5.952665328979492,9.097512340545654
99,MX22001,99,3549.000000000000000,0.061614584319167,0.387401074171066,25.812623977661133,25.425222903490067,1.040523453652601,1.296731365431895,3692.817737013082024,0.749597132205963,1.720493459701539
100,MX14006,100,4195.000000000000000,0.072829862276389,0.271043360233307,71.511901855468750,71.240858495235443,0.825603461556839,2.447765124682941,3463.406521230937869,0.385470867156982,1.133421897888184
101,MX15009,101,870.000000000000000,0.015104166908333,0.460962265729904,28.818204879760742,28.357242614030838,2.247331807770948,3.684765803520860,1955.178672760724567,0.861182004213333,5.734504222869873
102,MX21014,102,219.000000000000000,0.003802083394167,0.390373259782791,3.248511552810669,2.858138293027878,0.622084772069705,0.396812250326281,136.236565083265333,0.501097857952118,0.866847443580628
103,MX21015,103,673.000000000000000,0.011684027964722,0.790634393692017,42.344860076904297,41.554225683212280,6.344695441790183,8.102204243288430,4269.980032324792774,2.709718942642212,18.822602081298839
104,MX19005,104,23826.000000000000000,0.413645839951667,0.276233017444611,30.121232986450195,29.844999969005585,0.404763236529309,0.820124832956942,9643.888873547311960,0.337513566017151,0.407532244920731
105,MX16004,105,1196.000000000000000,0.020763889221111,0.321978449821472,9.873854637145996,9.551876187324524,0.592604340293933,0.673351469041529,708.754790991544496,0.419654920697212,0.881308704614639
106,MX16005,106,378.000000000000000,0.006562500105000,0.314201474189758,7.628193855285645,7.313992381095886,0.774292351155685,0.907077954464730,292.682508736849059,0.469242259860039,1.540464544296265
107,MX07008,107,2822.000000000000000,0.048993056339444,0.228596046566963,13.945965766906738,13.717369720339775,0.465057671133464,0.753332813565734,1312.392747938634557,0.323077648878098,0.567032879590988
108,MX30015,108,2128.000000000000000,0.036944445035556,0.277551472187042,9.880015373229980,9.602463901042938,0.484406062884999,0.553700335399880,1030.816101819278856,0.366404473781586,0.656028050184250
109,MX25002,109,6640.000000000000000,0.115277779622222,0.242893889546394,19.300201416015625,19.057307526469231,0.593864248710944,1.106380903769880,3943.258611440671302,0.352641835808754,0.809227991104126
110,MX20174,110,15.000000000000000,0.000260416670833,3.089374542236328,10.533659934997559,7.444285392761230,7.237239090601604,2.405751579120551,108.558586359024062,6.943506240844727,9.986674118041993
111,MX28004,111,2941.000000000000000,0.051059028594722,0.255175292491913,8.615684509277344,8.360509216785431,0.395823727828310,0.375177396885532,1164.117583543058345,0.339877277612686,0.444240957498550
112,MX13008,112,1591.000000000000000,0.027621528219722,0.371737748384476,42.276397705078125,41.904659956693649,1.508328445616344,3.115846641616604,2399.750556975603104,0.796806633472443,2.368249654769897
113,MX11004,113,1868.000000000000000,0.032430556074444,0.485476523637772,30.473773956298828,29.988297432661057,1.818099945273081,2.502418496690089,3396.210697770115985,1.065729677677155,3.359211087226867
114,MX11005,114,2098.000000000000000,0.036423611693889,0.654177010059357,77.333885192871094,76.679708182811737,3.766779318750182,5.938702283268714,7902.703010737881414,1.717144846916199,8.628030586242675
115,MX16006,115,8098.000000000000000,0.140590280027222,0.225058495998383,33.507877349853516,33.282818853855133,0.608465001695492,1.744340605709596,4927.349583730093400,0.307319179177284,0.660196334123612
116,MX15010,116,375.000000000000000,0.006510416770833,0.777561128139496,31.462806701660156,30.685245573520660,5.370512734254199,5.845021704147488,2013.942275345324333,2.937462568283081,12.470351028442387
117,MX12006,117,3085.000000000000000,0.053559028634722,0.245894715189934,8.347270965576172,8.101376250386238,0.375231315038580,0.381678484117138,1157.588606894018312,0.312804400920868,0.441693145036697
118,MX30017,118,333.000000000000000,0.005781250092500,0.406597137451172,29.346176147460938,28.939579010009766,1.356486869735404,3.039471476547188,451.710127621889399,0.652549326419830,1.724221539497376
119,MX29002,119,59.000000000000000,0.001024305571944,1.990193009376526,37.389480590820312,35.399287581443787,13.253399099333810,8.284702902490086,781.950546860694772,10.688504219055176,26.358833694458006
120,MX29005,120,218.000000000000000,0.003784722282778,0.984612643718719,40.406631469726562,39.422018826007843,11.280203338336511,10.531623715824789,2459.084327757359461,6.423128604888916,29.105088806152345
121,MX19006,121,1170.000000000000000,0.020312500325000,2.608414888381958,70.587524414062500,67.979109525680542,25.660770682188172,16.731178150710640,30023.101698160160595,26.126676559448242,47.861359405517582
122,MX16007,122,288.000000000000000,0.005000000080000,0.342492282390594,4.018391609191895,3.675899326801300,0.521871897909376,0.376566331325150,150.299106597900334,0.430805832147598,0.583842813968658
123,MX32001,123,1469.000000000000000,0.025503472630278,0.279030531644821,16.537179946899414,16.258149415254593,0.645213567821082,1.209726871060129,947.818731129169919,0.367410957813263,0.820819664001465
124,MX32002,124,1016.000000000000000,0.017638889171111,0.306003063917160,2.201543807983398,1.895540744066238,0.416364332265038,0.156680060469360,423.026161581278245,0.380250647664070,0.480575457215309
125,MX16008,125,11129.000000000000000,0.193211808646944,0.226060196757317,3.883797407150269,3.657737210392952,0.306273649753034,0.151586728791047,3408.519448101511898,0.281239837408066,0.336069422960281
126,MX30018,126,102.000000000000000,0.001770833361667,0.452655315399170,4.623444557189941,4.170789241790771,0.818638248770845,0.693548121646320,83.501101374626160,0.594270497560501,1.348671746253968
127,MX08004,127,2623.000000000000000,0.045538195173056,0.356041222810745,89.792419433593750,89.436378210783005,1.326148304067128,4.171245340931024,3478.487001568076721,0.526809155941010,1.646413016319276
128,MX24003,128,4003.000000000000000,0.069496528889722,0.261540055274963,4.426610946655273,4.165070891380310,0.406103012585920,0.196826004566593,1625.630359381437756,0.347562074661255,0.557595145702362
129,MX21016,129,836.000000000000000,0.014513889121111,0.310347974300385,4.653413772583008,4.343065798282623,0.639095613510130,0.409927898008985,534.283932894468990,0.511086404323578,1.103389024734497
130,MX19007,130,13763.000000000000000,0.238940976045278,0.243389815092087,10.704515457153320,10.461125642061234,0.345608240668920,0.348762512107700,4756.606216326342292,0.302371025085449,0.361375600099564
131,MX14008,131,4746.000000000000000,0.082395834651667,0.311600178480148,22.221527099609375,21.909926921129227,0.828597155775996,1.761248454906861,3932.522101312874838,0.435406431555748,1.064407050609589
132,MX12007,132,3707.000000000000000,0.064357639918611,0.281480312347412,14.120102882385254,13.838622570037842,0.500385052477022,0.771191383633284,1854.927389532321058,0.355613440275192,0.610402417182922
133,MX16009,133,3451.000000000000000,0.059913195403056,0.273221760988235,13.045369148254395,12.772147387266159,0.463356446128277,0.707475558758449,1599.043095588685446,0.341278642416000,0.552611529827118
134,MX26005,134,3872.000000000000000,0.067222223297778,0.240626335144043,3.980325460433960,3.739699125289917,0.295163789556231,0.119732118704464,1142.874193161725088,0.286045983433723,0.304056879878044
135,MX26006,135,16617.000000000000000,0.288489587949167,0.246939197182655,7.113580703735352,6.866641506552696,0.291483038289743,0.118815529530246,4843.573647260660437,0.284511268138885,0.301986485719681
136,MX24004,136,3151.000000000000000,0.054704861986389,0.294014096260071,7.403003215789795,7.108989119529724,0.462684255182005,0.253189934318807,1457.918088078498386,0.408239901065826,0.599265575408936
137,MX06001,137,2013.000000000000000,0.034947917225833,0.302932202816010,15.725675582885742,15.422743380069733,0.598041818263930,1.014443660051219,1203.858180165290833,0.391813963651657,0.663023495674133
138,MX07009,138,3895.000000000000000,0.067621528859722,0.259894520044327,25.333879470825195,25.073984950780869,0.662688710157006,1.445172102405259,2581.172526061537610,0.376278132200241,0.848995804786682
139,MX22003,139,3674.000000000000000,0.063784723242778,0.254889369010925,5.636656284332275,5.381766915321350,0.401484959837399,0.354067064205937,1475.055742442604696,0.320455536246300,0.501091915369034
140,MX05004,140,8449.000000000000000,0.146684030124722,0.287873923778534,50.064323425292969,49.776449501514435,0.895897997150136,2.695199009414349,7569.442177921502662,0.411501377820969,0.996583795547485
141,MX16010,141,16928.000000000000000,0.293888893591111,0.223774850368500,7.377073764801025,7.153298914432526,0.304483075700138,0.203039017244629,5154.289505451938567,0.284334450960159,0.314849364757538
142,MX08005,142,70001.000000000000000,1.215295158333611,0.254473865032196,110.246612548828125,109.992138683795929,0.355974519973641,0.896686208041542,24918.572372674811049,0.314964681863785,0.370397120714188
143,MX01002,143,2761.000000000000000,0.047934028544722,0.363271117210388,22.822834014892578,22.459562897682190,1.195651158587910,1.663407683186968,3301.192848861220682,0.674696981906891,2.380720138549805
144,MX30019,144,145.000000000000000,0.002517361151389,0.407402157783508,6.921926498413086,6.514524340629578,1.367626689014763,1.048661638065076,198.305869907140647,1.033294200897217,2.207071685791016
145,MX20003,145,374.000000000000000,0.006493055659444,0.283286094665527,2.283586502075195,2.000300407409668,0.414652215446381,0.204837246412095,155.079928576946344,0.360987514257431,0.530055075883865
146,MX20004,146,410.000000000000000,0.007118055669444,0.270229041576385,1.620883822441101,1.350654780864716,0.345780563209115,0.141216539160349,141.770030915737266,0.316779986023903,0.360243418812752
147,MX20005,147,3211.000000000000000,0.055746528669722,0.288454145193100,11.376321792602539,11.087867647409439,0.524518336751535,0.619151528264030,1684.228379309178308,0.390738755464554,0.700425624847412
148,MX20006,148,1683.000000000000000,0.029218750467500,0.255742996931076,13.324359893798828,13.068616896867752,0.547135326827628,0.936248440618562,920.828755050897371,0.345050692558289,0.707256126403808
149,MX20007,149,23.000000000000000,0.000399305561944,0.495488077402115,4.596723079681396,4.101235002279282,1.802334693462952,1.272581942183493,41.453697949647911,1.633649468421936,3.605809450149536
150,MX20008,150,924.000000000000000,0.016041666923333,0.237718164920807,2.051421880722046,1.813703715801239,0.297564953130174,0.099230404104344,274.950016692280542,0.285032257437706,0.309509205818176
151,MX11006,151,1580.000000000000000,0.027430555994444,0.245497241616249,2.230404138565063,1.984906896948814,0.360649587034802,0.143171810592640,569.826347514986423,0.317343235015869,0.468183797597885
152,MX14010,152,1763.000000000000000,0.030607639378611,0.285473704338074,7.505472660064697,7.219998955726624,0.419200811089269,0.494256035003881,739.051029950381007,0.338548451662064,0.442579567432404
153,MX21017,153,241.000000000000000,0.004184027844722,0.403035551309586,21.054847717285156,20.651812165975571,2.804634389417300,2.994234403916478,675.916887849569321,1.832130551338196,5.561152458190918
154,MX12008,154,2749.000000000000000,0.047725695208056,0.252222716808319,5.807662963867188,5.555440247058868,0.355437249888416,0.254785389911234,977.096999943254900,0.312871754169464,0.374984437227249
155,MX15011,155,438.000000000000000,0.007604166788333,3.688741683959961,55.386451721191406,51.697710037231445,11.376640529937408,10.215134235224367,4982.968552112584803,6.171944141387939,29.174970817565921
156,MX14011,156,2195.000000000000000,0.038107639498611,0.252065986394882,3.303402900695801,3.051336914300919,0.337827020557704,0.183103015420397,741.530310124159200,0.303586244583130,0.369555175304413
157,MX14012,157,3043.000000000000000,0.052829861956389,0.246939867734909,3.780570745468140,3.533630877733231,0.327837984077326,0.170535421685571,997.610985547304381,0.301079124212265,0.348388350009918
158,MX21018,158,1631.000000000000000,0.028315972675278,0.273504257202148,6.589722156524658,6.316217899322510,0.490281474546447,0.507341101603090,799.649084985254376,0.363752782344818,0.629979789257050
159,MX26007,159,1636.000000000000000,0.028402778232222,0.250792950391769,4.957903385162354,4.707110434770584,0.314485918502790,0.241094219841787,514.498962670564765,0.289369195699692,0.310562461614609
160,MX13010,160,310.000000000000000,0.005381944530556,1.138997912406921,957.034179687500000,955.895181775093079,25.917983127409407,83.994041626838509,8034.574769496915906,8.133795738220215,43.139215850830084
161,MX15012,161,43.000000000000000,0.000746527789722,1.768527507781982,20.945274353027344,19.176746845245361,7.627725606740905,5.773205939228346,327.992201089858952,5.796644687652588,16.567140579223636
162,MX15013,162,461.000000000000000,0.008003472350278,2.240175962448120,58.345001220703125,56.104825258255005,25.373226562963406,14.733425022002979,11697.057445526130323,24.322046279907227,44.025436401367188
163,MX15014,163,1286.000000000000000,0.022326389246111,0.526418268680573,44.943298339843750,44.416880071163177,3.352439263884794,4.784933772018864,4311.236893355845496,1.601017951965332,7.210941076278687
164,MX30020,164,304.000000000000000,0.005277777862222,0.427877694368362,5.083026409149170,4.655148714780807,1.472628172290952,0.904152023917292,447.678964376449414,1.182874917984009,2.922031211853026
165,MX12009,165,717.000000000000000,0.012447916865833,0.281707882881165,2.409070014953613,2.127362132072449,0.494490276154449,0.275122081754905,354.549528002739748,0.405014872550964,0.731205952167511
166,MX29003,166,537.000000000000000,0.009322916815833,0.427479147911072,10.036244392395020,9.608765244483948,0.840822464316473,0.707700821035602,451.521663337946109,0.631522536277771,1.311127638816834
167,MX13011,167,711.000000000000000,0.012343750197500,0.329495906829834,7.413901329040527,7.084405422210693,0.608217953000894,0.519023332228785,432.442964583635387,0.476196855306625,0.880750417709351
168,MX17002,168,391.000000000000000,0.006788194553056,0.869709253311157,13.437399864196777,12.567690610885620,3.959339829357080,2.976250973297862,1548.101873278618314,2.830693960189819,8.679294586181641
169,MX15015,169,822.000000000000000,0.014270833561667,0.416518568992615,22.235940933227539,21.819422364234924,1.722009183789111,2.764436266464865,1415.491549074648901,0.734050214290619,3.971574544906615
170,MX21080,170,65.000000000000000,0.001128472240278,0.409270554780960,2.441529750823975,2.032259196043015,0.832809272179237,0.500772348543899,54.132602691650398,0.573963701725006,1.657576870918274
171,MX21019,171,1449.000000000000000,0.025156250402500,0.436754077672958,40.389335632324219,39.952581554651260,4.104431702565780,5.477856282664924,5947.321537017814990,1.737517595291138,10.540764427185060
172,MX12010,172,2804.000000000000000,0.048680556334444,0.248876243829727,4.519147396087646,4.270271152257919,0.393822882319143,0.240378301270590,1104.279362022875830,0.327729061245918,0.535151231288910
173,MX29004,173,933.000000000000000,0.016197916925833,0.395181983709335,15.041173934936523,14.645991951227188,1.094918886341339,1.300112312777636,1021.559320956469719,0.707192659378052,1.820839476585388
174,MX32003,174,1416.000000000000000,0.024583333726667,0.268034398555756,5.175778865814209,4.907744467258453,0.395218784547290,0.305888936027502,559.629798918962820,0.332929924130440,0.486008554697037
175,MX13013,175,608.000000000000000,0.010555555724444,1.147943377494812,47.954120635986328,46.806177258491516,8.585655098290816,7.856890606395635,5220.078299760816662,5.848408937454224,19.222414970397974
176,MX14013,176,2558.000000000000000,0.044409722932778,0.364315748214722,23.751224517822266,23.386908769607544,1.112461949753238,2.028454789713102,2845.677667468783511,0.552125900983810,1.807560968399050
177,MX13012,177,2286.000000000000000,0.039687500635000,0.303434014320374,12.150753974914551,11.847319960594177,0.660102971061111,0.783530523700237,1508.995391845700397,0.438342541456223,1.122979760169983
178,MX14014,178,2242.000000000000000,0.038923611733889,0.286679238080978,17.685579299926758,17.398900061845779,0.512053085200282,0.702478750833208,1148.023017019032523,0.397859647870064,0.603037309646607
179,MX30021,179,604.000000000000000,0.010486111278889,0.397541850805283,14.360772132873535,13.963230282068253,1.126186645731625,1.625007294715145,680.216734021901630,0.630676180124283,2.014187598228456
180,MX12011,180,7098.000000000000000,0.123229168638333,0.230911999940872,13.035756111145020,12.804844111204147,0.429851474025764,0.567018061081067,3051.085762634871116,0.318286389112473,0.539375054836273
181,MX21020,181,127.000000000000000,0.002204861146389,0.497270017862320,13.670220375061035,13.172950357198715,2.070019973779287,2.555080386772929,262.892536669969502,0.913578510284424,4.700294113159181
182,MX30022,182,319.000000000000000,0.005538194533056,0.546050608158112,8.816652297973633,8.270601689815521,1.380164568513911,1.310419033888937,440.272497355937674,0.835236907005310,2.809066915512085
183,MX21021,183,56.000000000000000,0.000972222237778,0.570417940616608,3.139564037322998,2.569146096706390,0.931120471230575,0.598941652430130,52.142746388912173,0.656990349292755,1.624550700187683
184,MX30023,184,2594.000000000000000,0.045034722942778,0.318323165178299,11.673370361328125,11.355047196149826,0.573718007013443,0.582659867695277,1488.224510192872003,0.449579551815987,0.783596122264863
185,MX21022,185,635.000000000000000,0.011024305731944,0.432828098535538,8.949231147766113,8.516403049230576,0.895756888952781,0.789351270122342,568.805624485016210,0.653497099876404,1.499972462654114
186,MX21023,186,650.000000000000000,0.011284722402778,0.294293522834778,6.948576450347900,6.654282927513123,0.602665005647219,0.655235911217905,391.732253670692444,0.413794711232185,0.885917657613754
187,MX14015,187,3509.000000000000000,0.060920139863611,0.260657429695129,24.363739013671875,24.103081583976746,0.736302215018889,1.847173382853973,2583.684472501280197,0.347838699817657,0.874102270603180
188,MX15016,188,1422.000000000000000,0.024687500395000,0.635262787342072,59.822696685791016,59.187433898448944,2.506970807972834,3.844556773564511,3564.912488937369744,1.296832203865051,5.179209184646612
189,MX17003,189,701.000000000000000,0.012170139083611,0.457868099212646,12.895684242248535,12.437816143035889,1.241053501736591,1.449734892890692,869.978504717350575,0.730484724044800,2.300997018814087
190,MX24053,190,957.000000000000000,0.016614583599167,0.324451327323914,7.536725521087646,7.212274193763733,0.729045175802247,0.573770425032963,697.696233242750509,0.580882251262665,1.096004319190979
191,MX21024,191,927.000000000000000,0.016093750257500,0.256091833114624,4.331121444702148,4.075029611587524,0.378261195224466,0.298983247539000,350.648127973079568,0.319479018449783,0.395362490415573
192,MX30025,192,861.000000000000000,0.014947916905833,0.309311896562576,5.622548580169678,5.313236683607101,0.579542624825799,0.507686743655822,498.986199975012653,0.406533449888229,0.949187755584717
193,MX17004,193,1865.000000000000000,0.032378472740278,0.460841238498688,32.130008697509766,31.669167459011078,1.967110097632013,2.676498853110476,3668.660332083703452,1.018568038940430,4.272994232177737
194,MX15017,194,251.000000000000000,0.004357638958611,1.021405458450317,19.033992767333984,18.012587308883667,3.056113076399995,3.165986932320225,767.084382176398663,1.613321661949158,7.089001655578613
195,MX20398,195,519.000000000000000,0.009010416810833,0.263894140720367,5.145901679992676,4.882007539272308,0.448704312647009,0.557871684111934,232.877538263797845,0.315891742706299,0.498582661151886
196,MX14016,196,2150.000000000000000,0.037326389486111,0.339943259954453,15.013753890991211,14.673810631036758,0.776656746947487,1.046568207174936,1669.812005937097865,0.495207041501999,1.190989005565644
197,MX21025,197,529.000000000000000,0.009184027924722,0.355247825384140,4.371775150299072,4.016527324914932,0.534951007602796,0.338822840923164,282.989083021879310,0.456305623054504,0.647289824485779
198,MX20009,198,770.000000000000000,0.013368055769444,0.278313070535660,3.489657878875732,3.211344808340073,0.393334179187750,0.259197613128399,302.867317974567243,0.337324678897858,0.440069571137428
199,MX14017,199,4405.000000000000000,0.076475695668056,0.240445181727409,11.817817687988281,11.577372506260872,0.360909099513233,0.413221855311130,1589.804583355790555,0.301314920186996,0.389577507972717
200,MX12012,200,5137.000000000000000,0.089184029204722,0.261350452899933,13.681040763854980,13.419690310955048,0.470768850636849,0.605981550689376,2418.339585721493222,0.359805732965469,0.605570626258850
201,MX09002,201,165.000000000000000,0.002864583379167,29.535266876220703,76.260490417480469,46.725223541259766,56.503535230232004,8.482091024782605,9323.083312988281250,56.659000396728516,66.963591003417960
202,MX12013,202,1924.000000000000000,0.033402778312222,0.278616666793823,5.664126396179199,5.385509729385376,0.411692685852304,0.298489419709523,792.096727579832191,0.347803592681885,0.473049199581146
203,MX31004,203,546.000000000000000,0.009479166818333,0.324812799692154,10.176498413085938,9.851685613393784,0.833028015800011,1.170820774840441,454.833296626805975,0.485434204339981,1.360992074012756
204,MX26008,204,5717.000000000000000,0.099253473810278,0.246673807501793,6.985348224639893,6.738674417138100,0.292981765571332,0.171704846568413,1674.976753771304402,0.283928602933884,0.299867409467697
205,MX23010,205,29961.000000000000000,0.520156258322500,0.221080526709557,16.591051101684570,16.369970574975014,0.319495429206881,0.373992505775404,9572.402554467362279,0.281824886798859,0.327923536300659
206,MX26009,206,6018.000000000000000,0.104479168338333,0.242321789264679,2.955501079559326,2.713179290294647,0.290043682407188,0.067598387226044,1745.482880726456187,0.285928189754486,0.301892763376236
207,MX26010,207,7277.000000000000000,0.126336807576944,0.244523078203201,9.899045944213867,9.654522866010666,0.295559843295923,0.233301386888569,2150.788979664434919,0.284065634012222,0.300502353906631
208,MX08006,208,5061.000000000000000,0.087864584739167,0.255645990371704,6.809841156005859,6.554195165634155,0.390973837726367,0.394982386262784,1978.718592733144760,0.313739895820618,0.417155444622040
209,MX26011,209,6673.000000000000000,0.115850696298056,0.246664687991142,10.525480270385742,10.278815582394600,0.307150025027330,0.266145405763005,2049.612117007372944,0.289401620626450,0.308191388845444
210,MX26012,210,8285.000000000000000,0.143836807856944,0.240165457129478,16.754179000854492,16.514013543725014,0.440371735857133,0.726770478343288,3648.479831576348715,0.301315188407898,0.553704965114594
211,MX25003,211,25018.000000000000000,0.434340284727222,0.236551433801651,13.313386917114258,13.076835483312607,0.314648346086039,0.227920125521957,7871.872322380521837,0.288273960351944,0.332201349735260
212,MX18020,212,3844.000000000000000,0.066736112178889,0.279407292604446,41.383922576904297,41.104515284299850,2.081043926256630,4.678728167565746,7999.532852530486707,0.455973401665688,5.393324565887454
213,MX27001,213,17530.000000000000000,0.304340282647222,0.241992041468620,23.260787963867188,23.018795922398567,0.404771609929074,0.647552910854544,7095.646322056658391,0.322680428624153,0.453628715872765
214,MX08007,214,28074.000000000000000,0.487395841131667,0.232074335217476,13.648256301879883,13.416181966662407,0.294074786886017,0.188826985460269,8255.855567038048321,0.280511051416397,0.304394832253456
215,MX26013,215,4365.000000000000000,0.075781251212500,0.235592916607857,32.293464660644531,32.057871744036674,0.373147959032557,0.948820466496863,1628.790841177109769,0.285225212574005,0.335301601886749
216,MX30026,216,100.000000000000000,0.001736111138889,1.176927208900452,20.888202667236328,19.711275458335876,6.052879184484485,5.440583223618827,605.287918448448522,3.341166734695435,15.737610626220707
217,MX08008,217,11169.000000000000000,0.193906253102500,0.230374366044998,3.304726362228394,3.074351996183395,0.289286599406379,0.079741136902826,3231.042028769844819,0.281515270471573,0.300568109750748
218,MX26014,218,4527.000000000000000,0.078593751257500,0.237158536911011,6.324288845062256,6.087130308151245,0.316349522622315,0.253972939332691,1432.114288911219546,0.285807251930237,0.315652745962143
219,MX26015,219,9312.000000000000000,0.161666669253333,0.250549882650375,3.663673877716064,3.413123995065689,0.293842621605293,0.090566305148565,2736.262492388487317,0.287757620215416,0.303891402482986
220,MX07010,220,382.000000000000000,0.006631944550556,0.338770329952240,3.451758146286011,3.112987816333771,0.624942353102549,0.308722021925147,238.727978885173655,0.549911707639694,0.863247793912888
221,MX07011,221,1046.000000000000000,0.018159722512778,0.270580917596817,3.311833381652832,3.041252464056015,0.540297753097451,0.303989658445931,565.151449739933923,0.435056760907173,0.838625729084015
222,MX07114,222,5118.000000000000000,0.088854168088333,0.234288468956947,7.060100555419922,6.825812086462975,0.355997036841173,0.330848369579424,1821.992834553122293,0.300799682736397,0.377127438783646
223,MX09014,223,132.000000000000000,0.002291666703333,46.922935485839844,85.556411743164062,38.633476257324219,61.752613501115270,7.470612382677051,8151.344982147215887,60.799329757690430,71.510658264160156
224,MX12014,224,1125.000000000000000,0.019531250312500,0.272850781679153,9.400546073913574,9.127695292234421,0.525259590943655,0.658439754636172,590.917039811611971,0.359738051891327,0.686328864097595
225,MX23005,225,10529.000000000000000,0.182795141813611,0.258163869380951,119.147697448730469,118.889533579349518,3.492407660098128,10.336833723342712,36771.560253173192905,0.373816817998886,5.788060283660911
226,MX26071,226,1709.000000000000000,0.029670139363611,0.271789222955704,19.352432250976562,19.080643028020859,0.812950896076322,1.767203336713593,1389.333081394433748,0.412047535181046,0.960120987892151
227,MX29045,227,125.000000000000000,0.002170138923611,0.463542163372040,9.497814178466797,9.034272015094757,1.115335005521774,1.594229763154621,139.416875690221730,0.599877417087555,1.794450020790100
228,MX30027,228,1161.000000000000000,0.020156250322500,0.273089349269867,2.231230735778809,1.958141386508942,0.404522929337393,0.127078876124616,469.651120960712717,0.366631478071213,0.529432952404022
229,MX32004,229,1655.000000000000000,0.028732639348611,0.262290149927139,6.037020683288574,5.774730533361435,0.359254259645398,0.298268171141784,594.565799713134425,0.311523854732513,0.384634327888489
230,MX26016,230,7613.000000000000000,0.132170141003611,0.242971330881119,29.104787826538086,28.861816495656967,0.358629155461209,1.011234921343220,2730.243760526182996,0.287144869565964,0.316210579872131
231,MX07012,231,1716.000000000000000,0.029791667143333,0.296038329601288,28.163335800170898,27.867297470569611,1.603972202987520,3.029648556501971,2752.416300326584405,0.563880860805511,3.540058016777039
232,MX30028,232,184.000000000000000,0.003194444495556,2.045937776565552,50.260841369628906,48.214903593063354,22.944470174934537,14.272474287324250,4221.782512187955035,24.773903846740723,40.460763931274421
233,MX07013,233,1785.000000000000000,0.030989583829167,0.304170936346054,18.314365386962891,18.010194450616837,0.769429917145174,1.292838644263693,1373.432402104136372,0.431931138038635,1.255527162551883
234,MX08009,234,14277.000000000000000,0.247864587299167,0.238887906074524,13.838450431823730,13.599562525749207,0.330121827328447,0.435192712793354,4713.149328768236956,0.286245524883270,0.325295424461365
235,MX31005,235,359.000000000000000,0.006232638988611,0.326776981353760,3.864077568054199,3.537300586700439,0.494809306514628,0.422706232764150,177.636541038751602,0.387306571006775,0.575402379035950
236,MX14019,236,4361.000000000000000,0.075711806766944,0.248463451862335,7.091928958892822,6.843465507030487,0.350162641775496,0.343560083028356,1527.059280782936412,0.300025284290314,0.362392276525497
237,MX16011,237,342.000000000000000,0.005937500095000,0.382841378450394,13.039264678955078,12.656423300504684,1.392126559862616,2.176647418274988,476.107283473014604,0.536820113658905,3.517110085487366
238,MX31006,238,3281.000000000000000,0.056961806466944,0.252292394638062,8.563835144042969,8.311542749404907,0.348161793034893,0.432122767382681,1142.318842947482835,0.294137746095657,0.336451977491379
239,MX08010,239,42643.000000000000000,0.740329872956389,0.244523733854294,16.361946105957031,16.117422372102737,0.340596603268998,0.447689550965620,14524.060953199867072,0.302309542894363,0.334796565771103
240,MX16012,240,4569.000000000000000,0.079322917935833,0.271010249853134,14.479378700256348,14.208368450403214,0.551298443918600,0.805169014153635,2518.882590264083319,0.386688679456711,0.699164676666260
241,MX12015,241,1500.000000000000000,0.026041667083333,0.313268750905991,12.644900321960449,12.331631571054459,0.622793196459612,0.847217963541668,934.189794689417226,0.434344798326492,0.812153857946396
242,MX28005,242,9813.000000000000000,0.170364586059167,0.241963475942612,5.820748329162598,5.578784853219986,0.309173399776685,0.141887302322193,3033.918572008612500,0.295004606246948,0.327901792526245
243,MX19008,243,2446.000000000000000,0.042465278457222,0.263251900672913,15.203968048095703,14.940716147422791,0.427575095708216,0.833457861908820,1045.848684102297284,0.317836567759514,0.398583739995956
244,MX28006,244,7388.000000000000000,0.128263890941111,0.241129279136658,4.918453216552734,4.677323937416077,0.317264272756249,0.146210170571706,2343.948447123166716,0.298115566372871,0.331919795274734
245,MX14020,245,7674.000000000000000,0.133229168798333,0.246088370680809,6.053114414215088,5.807026043534279,0.323187736002595,0.188424877675919,2480.142686083915123,0.298901095986366,0.344399809837341
246,MX26017,246,57923.000000000000000,1.005607654978611,0.239626362919807,64.489685058593750,64.250058695673943,0.447548357932019,1.778939773182504,25923.343536496337038,0.295701205730438,0.376027464866638
247,MX07015,247,838.000000000000000,0.014548611343889,0.259191870689392,12.711432456970215,12.452240586280823,0.943543671672555,1.250559053158951,790.689596861600990,0.539412379264832,1.869108426570893
248,MX31007,248,508.000000000000000,0.008819444585556,0.359005868434906,9.050580024719238,8.691574156284332,0.658268867867200,0.945703933900749,334.400584876537550,0.424923434853554,0.823100304603577
249,MX22004,249,6724.000000000000000,0.116736112978889,0.274053603410721,26.739009857177734,26.464956253767014,0.686584149418061,1.138788114413075,4616.591820687043764,0.414719298481941,1.080372965335846
250,MX19009,250,5892.000000000000000,0.102291668303333,0.422065615653992,3031.316894531250000,3030.894828915596008,6.307262253519525,71.764565901352029,37162.389197737044015,1.165172576904297,5.373250961303711
251,MX26018,251,25612.000000000000000,0.444652784892222,0.239856973290443,89.622085571289062,89.382228597998619,1.057060864163631,4.156624095722792,27073.442852958916774,0.298874706029892,0.993522363901139
252,MX04010,252,68933.000000000000000,1.196753491370278,0.222292751073837,17.053810119628906,16.831517368555069,0.292162418316625,0.189461071315364,20139.631981819926295,0.280627757310867,0.302757436037064
253,MX30029,253,662.000000000000000,0.011493055739444,0.276954650878906,4.285193920135498,4.008239269256592,0.568769183358757,0.439474732363786,376.525199383497011,0.389985799789429,1.038792145252228
254,MX32005,254,1949.000000000000000,0.033836806096944,0.328536659479141,78.919601440429688,78.591064780950546,1.437626045245033,4.234364874967806,2801.933162182569504,0.473603814840317,1.783087229728699
255,MX20011,255,330.000000000000000,0.005729166758333,0.271875411272049,1.906603932380676,1.634728521108627,0.376011987075661,0.192252400073210,124.083955734968228,0.323860019445419,0.448589017987252
256,MX15018,256,512.000000000000000,0.008888889031111,0.436488151550293,41.380275726318359,40.943787574768066,4.317327392171141,5.629918178067173,2210.471624791624436,1.923820853233337,11.054047298431406
257,MX04001,257,9986.000000000000000,0.173368058329444,0.234270423650742,40.673366546630859,40.439096122980118,0.561410281152850,1.510410038658208,5606.243067592364241,0.302090838551521,0.569671779870987
258,MX13014,258,1055.000000000000000,0.018315972515278,0.277732104063034,3.528073310852051,3.250341206789017,0.422449316967155,0.259577459603498,445.684029400348322,0.357703238725662,0.554025077819824
259,MX31008,259,1446.000000000000000,0.025104167068333,0.246203407645226,3.092983961105347,2.846780553460121,0.328422348024028,0.176595292491929,474.898715242744288,0.299574822187424,0.344889253377914
260,MX21026,260,330.000000000000000,0.005729166758333,0.482562690973282,11.480800628662109,10.998237937688828,1.729251160314590,1.850386060630705,570.652882903814543,1.104793667793274,3.656407880783081
261,MX29006,261,1253.000000000000000,0.021753472570278,0.545557141304016,24.374114990234375,23.828557848930359,1.602707890158927,2.753587785799239,2008.192986369135042,0.771911978721619,2.929483032226560
262,MX21027,262,1930.000000000000000,0.033506944980556,0.248597338795662,3.607931852340698,3.359334513545036,0.342629295456286,0.150574578268032,661.274540230632397,0.314190596342087,0.388162273168564
263,MX01003,263,4692.000000000000000,0.081458334636667,0.278019666671753,34.139041900634766,33.861022233963013,0.700834661271210,1.605306321351563,3288.316230684517905,0.381949305534363,0.885699135065081
264,MX08011,264,72654.000000000000000,1.261354186848334,0.239805385470390,52.784252166748047,52.544446781277657,0.343251429385187,0.994069850822750,24938.589350551410462,0.290704682469368,0.316934335231781
265,MX28007,265,4767.000000000000000,0.082760417990833,0.305695265531540,19.821987152099609,19.516291886568069,0.683681046247532,1.281190937110965,3259.107547461982904,0.400182276964188,0.970658600330353
266,MX30007,266,613.000000000000000,0.010642361281389,0.322002142667770,3.554045915603638,3.232043772935867,0.481272193774897,0.279981201458173,295.019854784012068,0.408694982528687,0.633400833606720
267,MX30030,267,104.000000000000000,0.001805555584444,1.016741037368774,34.939556121826172,33.922815084457397,7.987660044660939,8.836485222115774,830.716644644737698,3.557103991508484,22.918507385253911
268,MX21028,268,78.000000000000000,0.001354166688333,0.380732595920563,3.171362400054932,2.790629804134369,0.671714679552959,0.484664315404862,52.393745005130768,0.489289119839668,1.144021105766296
269,MX04002,269,16063.000000000000000,0.278871532239722,0.240701645612717,82.057090759277344,81.816389113664627,1.104513764890692,4.928427701897572,17741.804605439177976,0.317459851503372,0.776561605930329
270,MX21099,270,1210.000000000000000,0.021006944780556,0.346594154834747,8.927379608154297,8.580785453319550,0.844358779132858,0.825513729875929,1021.674122750758443,0.570228129625320,1.528192496299744
271,MX14117,271,1363.000000000000000,0.023663194823056,0.323303461074829,16.628168106079102,16.304864645004272,0.558018934503690,0.988805632860006,760.579807728528863,0.388282209634781,0.642292356491089
272,MX26019,272,12597.000000000000000,0.218697920165833,0.261442154645920,73.735069274902344,73.473627120256424,0.775855234128347,2.753391688384921,9773.448384314790019,0.326056987047195,0.626471304893493
273,MX10001,273,17925.000000000000000,0.311197921645833,0.240022897720337,28.198631286621094,27.958608388900757,0.354201434369366,0.603916899389289,6349.060711070891557,0.297828435897827,0.350764423608780
274,MX05005,274,11072.000000000000000,0.192222225297778,0.266436517238617,7.862470149993896,7.596033632755280,0.321400647468843,0.172025330116008,3558.547968775032587,0.311956673860550,0.332988837361336
275,MX04011,275,27909.000000000000000,0.484531257752500,0.239704772830009,25.301664352416992,25.061959579586983,0.361230354863035,0.523389916433654,10081.577973872439543,0.306245386600494,0.388583791255951
276,MX20012,276,877.000000000000000,0.015225694688056,0.270229935646057,3.242869615554810,2.972639679908752,0.373203604190081,0.201828005035064,327.299560874700944,0.340785533189774,0.420493549108505
277,MX10002,277,4597.000000000000000,0.079809029054722,0.240703433752060,7.466226577758789,7.225523144006729,0.329837021550615,0.257048973979561,1516.260788068177135,0.290099382400513,0.362475389242172
278,MX32006,278,2290.000000000000000,0.039756945080556,0.271560609340668,20.399881362915039,20.128320753574371,0.471943028290720,1.052518114795873,1080.749534785747983,0.328210756182671,0.434306704998016
279,MX31009,279,656.000000000000000,0.011388889071111,0.273621737957001,7.527536392211914,7.253914654254913,0.458280536732295,0.626765217817630,300.632032096385728,0.328968986868858,0.508659720420837
280,MX31010,280,1781.000000000000000,0.030920139383611,0.252810478210449,2.484611749649048,2.231801271438599,0.328782012645346,0.148848586300876,585.560764521361648,0.299111425876617,0.356587529182434
281,MX20247,281,182.000000000000000,0.003159722272778,0.277124851942062,3.977872133255005,3.700747281312943,0.499550008184307,0.524387469908230,90.918101489543872,0.337529033422470,0.651106435060501
282,MX15019,282,102.000000000000000,0.001770833361667,2.303048372268677,28.818504333496094,26.515455961227417,8.710279375899072,6.314325211886165,888.448496341705322,6.678747653961182,18.551738548278820
283,MX16013,283,4534.000000000000000,0.078715279037222,0.231757819652557,5.927556037902832,5.695798218250275,0.313639005796469,0.209106054084274,1422.039252281189420,0.288906067609787,0.327369716763496
284,MX26020,284,13875.000000000000000,0.240885420520833,0.241562515497208,21.729839324951172,21.488276809453964,0.313141010008415,0.418257114641123,4344.831513866763999,0.288711071014404,0.315236359834671
285,MX24005,285,1974.000000000000000,0.034270833881667,0.269788235425949,14.012681007385254,13.742892771959305,0.522288612485416,0.961377894083924,1030.997721046211382,0.352135911583900,0.596930617094040
286,MX27002,286,9170.000000000000000,0.159201391436111,0.339389294385910,1740.926635742187500,1740.587246447801590,3.595847758062534,37.221437644160318,32973.923941433436994,0.811208426952362,4.085910129547121
287,MX13015,287,2958.000000000000000,0.051354167488333,0.275809496641159,5.122588157653809,4.846778661012650,0.507795930019579,0.297887240902352,1502.060360997915268,0.417449787259102,0.762131166458130
288,MX08012,288,13681.000000000000000,0.237517364911389,0.231283590197563,8.130724906921387,7.899441316723824,0.304231170602738,0.206592166678226,4162.186645016054172,0.284936368465424,0.308655649423599
289,MX30208,289,1191.000000000000000,0.020677083664167,0.321812003850937,20.712375640869141,20.390563637018204,0.798113679730723,1.605986750905007,950.553392559291069,0.469836652278900,0.944631695747375
290,MX04003,290,31186.000000000000000,0.541423619773889,0.241774395108223,3064.961181640625000,3064.719407245516777,1.250730973340789,31.308966020935376,39005.296134605850966,0.316795855760574,0.564484596252441
291,MX30031,291,1234.000000000000000,0.021423611453889,0.342762827873230,5.475611686706543,5.132848858833313,0.715527730784115,0.392545246589454,882.961219787597543,0.599083095788956,1.226288414001465
292,MX28008,292,15363.000000000000000,0.266718754267500,0.241044029593468,12.818668365478516,12.577624335885048,0.313684303967475,0.184547286179456,4819.131961852312088,0.298084795475006,0.338982266187668
293,MX08013,293,20232.000000000000000,0.351250005620000,0.233918920159340,13.997331619262695,13.763412699103355,0.316943558927267,0.347450289040259,6412.402084216471849,0.285187423229218,0.323860418796539
294,MX14021,294,2593.000000000000000,0.045017361831389,0.259941816329956,11.895030021667480,11.635088205337524,0.488117582863286,0.694931194352718,1265.688892364501498,0.336008101701736,0.588702940940857
295,MX05006,295,17450.000000000000000,0.302951393736111,0.257242411375046,30.630023956298828,30.372781544923782,0.472941277672703,1.245691956751348,8252.825295388674931,0.329057693481445,0.447438466548920
296,MX30157,296,1353.000000000000000,0.023489583709167,0.337659597396851,46.134426116943359,45.796766519546509,0.914991975711702,2.341110322473675,1237.984143137932961,0.504822015762329,1.111110711097717
297,MX07016,297,3090.000000000000000,0.053645834191667,0.279641628265381,10.179440498352051,9.899798870086670,0.478608609046365,0.509101996450504,1478.900601953267369,0.369078278541565,0.608332777023315
298,MX30032,298,3179.000000000000000,0.055190973105278,0.250858634710312,29.953536987304688,29.702678352594376,0.533306636884175,1.451842769177380,1695.381798654793329,0.336490809917450,0.556257903575899
299,MX24006,299,9925.000000000000000,0.172309030534722,0.254456520080566,14.396296501159668,14.141839981079102,0.356430264567248,0.378269725150585,3537.570375829940531,0.307870537042618,0.369608587026596
300,MX21029,300,71.000000000000000,0.001232638908611,0.430739432573318,2.499362707138062,2.068623274564743,0.689308953537068,0.427496346085409,48.940935701131806,0.532513141632080,0.919002234935760
301,MX30033,301,1327.000000000000000,0.023038194813056,0.314425289630890,4.614972591400146,4.300547301769257,0.509400793570903,0.295164480547902,675.974853068588686,0.437136352062225,0.666252708435059
302,MX24007,302,5969.000000000000000,0.103628473880278,0.258011132478714,19.927186965942383,19.669175833463669,0.472258610718612,0.985501621084509,2818.911647379393344,0.338257759809494,0.519913697242737
303,MX11007,303,2760.000000000000000,0.047916667433333,0.663944125175476,77.926300048828125,77.262355923652649,8.973217428184073,13.411500917984263,24766.080101788040338,2.753042221069336,30.552168464660642
304,MX31011,304,2559.000000000000000,0.044427084044167,0.232969552278519,18.967409133911133,18.734439581632614,0.370244890725114,0.886591118525255,947.456675365567435,0.286676466464996,0.320973873138428
305,MX31012,305,2717.000000000000000,0.047170139643611,0.251181721687317,7.555690765380859,7.304509043693542,0.328915940462599,0.354379182322668,893.664610236882481,0.288564890623093,0.313412165641785
306,MX27003,306,12601.000000000000000,0.218767364611389,0.255484491586685,444.044158935546875,443.788674443960190,1.037578436474269,8.525401612933017,13074.525878012262183,0.379888474941254,1.157450079917908
307,MX27004,307,8343.000000000000000,0.144843752317500,0.369067966938019,13473.720703125000000,13473.351635158061981,14.872480127868025,270.950419702449494,124081.101706802932313,1.603649616241455,10.533403968811035
308,MX19011,308,5230.000000000000000,0.090798612563889,0.289944142103195,11.473884582519531,11.183940440416336,0.432685236988970,0.585963977104487,2262.943789452315741,0.348373010754585,0.428685337305069
309,MX24008,309,4859.000000000000000,0.084357640238611,0.253217399120331,16.209291458129883,15.956074059009552,0.506881054296833,0.887535356566966,2462.935042828310088,0.346578687429428,0.629266273975372
310,MX30034,310,458.000000000000000,0.007951389016111,0.327120572328568,51.312694549560547,50.985573977231979,2.098772860119956,4.516872601790084,961.237969934940111,0.650090306997299,5.472765636444092
311,MX24009,311,619.000000000000000,0.010746527949722,0.446241915225983,12.792585372924805,12.346343457698822,1.573242593851535,1.904011228207449,973.837165594100043,0.747827708721161,4.116613578796387
312,MX30054,312,1409.000000000000000,0.024461805946944,0.335429370403290,31.910930633544922,31.575501263141632,0.689959598124831,1.605918633316380,972.153073757886546,0.451941519975662,0.855169153213501
313,MX31016,313,569.000000000000000,0.009878472380278,0.258524566888809,6.988653659820557,6.730129092931747,0.423043984887051,0.607565137866554,240.712027400732126,0.309975475072861,0.410969150066376
314,MX20025,314,112.000000000000000,0.001944444475556,0.325900614261627,13.620819091796875,13.294918477535248,2.052656321121113,2.874963519980222,229.897507965564671,0.500126674771309,6.495390367507936
315,MX20026,315,655.000000000000000,0.011371527959722,0.259059458971024,7.057696342468262,6.798636883497238,0.604231816393729,0.625800280255026,395.771839737892435,0.406711757183075,0.960588014125824
316,MX21045,316,1931.000000000000000,0.033524306091944,0.286602318286896,18.743637084960938,18.457034766674042,0.883681047030645,1.533661734497149,1706.388101816176004,0.498358577489853,1.450118899345398
317,MX07022,317,908.000000000000000,0.015763889141111,0.358244031667709,6.847841262817383,6.489597231149673,0.702553264993666,0.581616926084235,637.918364614248276,0.533625394105911,1.052680671215058
318,MX32009,318,4579.000000000000000,0.079496529049722,0.254739940166473,22.683717727661133,22.428977787494659,0.475341047449751,0.929557243174432,2176.586656272408618,0.319965630769730,0.533440327644348
319,MX15025,319,1117.000000000000000,0.019392361421389,0.645712614059448,57.769844055175781,57.124131441116333,11.100928191745927,13.159016489085030,12399.736790180200842,4.679178714752197,29.075034713745112
320,MX30055,320,756.000000000000000,0.013125000210000,0.280476748943329,5.284989833831787,5.004513084888458,0.596890958016196,0.557234386483966,451.249564260244313,0.436026960611343,0.906093150377274
321,MX04004,321,33891.000000000000000,0.588385426080833,0.235595315694809,33.100223541259766,32.864628225564957,0.379830673546266,0.831542995008641,12872.841357156516096,0.294047385454178,0.383579552173615
322,MX07023,322,1677.000000000000000,0.029114583799167,0.385690152645111,15.436763763427734,15.051073610782623,1.495176096117491,1.275394921730372,2507.410313189032422,1.113528490066528,2.894320726394654
323,MX07024,323,1987.000000000000000,0.034496528329722,0.253337383270264,8.053421974182129,7.800084590911865,0.401314477510769,0.487023568851651,797.411866813898200,0.321275234222412,0.433261072635651
324,MX31017,324,2225.000000000000000,0.038628472840278,0.247696295380592,4.569019317626953,4.321323022246361,0.345495375743073,0.303536650771062,768.727211028336797,0.291616529226303,0.351607882976532
325,MX15026,325,1445.000000000000000,0.025086805956944,0.437418341636658,7.059696674346924,6.622278332710266,1.131791851801031,0.936609476539973,1635.439225852489926,0.720018625259399,2.357299089431765
326,MX31018,326,842.000000000000000,0.014618055789444,0.269379496574402,4.769690513610840,4.500311017036438,0.410590239700965,0.359827071698586,345.716981828212624,0.327497974038124,0.479887634515762
327,MX14030,327,3134.000000000000000,0.054409723092778,0.328106015920639,24.535963058471680,24.207857042551041,1.063653276996696,2.102902214398930,3333.489370107643936,0.470516070723534,1.795537328720093
328,MX13017,328,1380.000000000000000,0.023958333716667,0.337394773960114,3.850198030471802,3.512803256511688,0.616117418352245,0.419225860723114,850.242037326097602,0.480800643563271,1.017732632160187
329,MX21046,329,430.000000000000000,0.007465277897222,0.359562307596207,5.809529781341553,5.449967473745346,0.837504236504089,0.903317670350126,360.126821696758157,0.490367084741592,1.789563286304474
330,MX13018,330,1163.000000000000000,0.020190972545278,0.295523256063461,3.624219179153442,3.328695923089981,0.486052980170820,0.254984658006257,565.279615938663255,0.412981003522873,0.708789038658142
331,MX07025,331,890.000000000000000,0.015451389136111,0.299096852540970,5.323251247406006,5.024154394865036,0.438594656211607,0.335137347940807,390.349244028329963,0.372266307473183,0.515908676385880
332,MX15027,332,59.000000000000000,0.001024305571944,2.229122877120972,15.045976638793945,12.816853761672974,6.687305773718883,3.531764612473129,394.551040649414119,6.010892391204834,11.855437088012696
333,MX16021,333,1164.000000000000000,0.020208333656667,0.286413550376892,6.414607524871826,6.128193974494934,0.459801711474907,0.551371456435977,535.209192156791346,0.335940673947334,0.503006067872048
334,MX24015,334,10945.000000000000000,0.190017364151389,0.252106130123138,18.315454483032227,18.063348352909088,0.365721996103374,0.497386111565899,4002.827247351426195,0.313209831714630,0.378119885921478
335,MX16022,335,1604.000000000000000,0.027847222667778,0.321051895618439,33.740573883056641,33.419521987438202,0.971329857304955,1.589000806287032,1558.013091117147042,0.609530478715897,1.555450272560120
336,MX16023,336,754.000000000000000,0.013090277987222,0.360972344875336,13.340246200561523,12.979273855686188,0.749536392227092,1.087486536005933,565.150439739227068,0.479675769805908,1.026473975181580
337,MX31019,337,6990.000000000000000,0.121354168608333,0.246192693710327,10.517843246459961,10.271650552749634,0.378530847672399,0.493611239287640,2645.930625230069836,0.298092275857925,0.394089698791504
338,MX07026,338,1230.000000000000000,0.021354167008333,0.387153595685959,12.109013557434082,11.721859961748123,1.308585540865494,1.048652700439455,1609.560215264557200,1.035095453262329,2.204219865798951
339,MX16024,339,1101.000000000000000,0.019114583639167,0.271132618188858,10.912701606750488,10.641568988561630,0.581179075572406,1.028602796932516,639.878162205218814,0.342236280441284,0.697648763656616
340,MX07027,340,4052.000000000000000,0.070347223347778,0.298836022615433,29.475238800048828,29.176402777433395,1.251493810820379,2.274722851506697,5071.052921444173990,0.624218225479126,2.263825392723084
341,MX07028,341,255.000000000000000,0.004427083404167,0.316007018089294,3.400145292282104,3.084138274192810,0.630642958715850,0.485408881973610,160.813954472541838,0.468406260013580,0.960536682605743
342,MX29010,342,385.000000000000000,0.006684027884722,0.667715668678284,37.133285522460938,36.465569853782654,5.981057186095747,8.113401291153867,2302.707016646862485,2.152452945709229,16.920106124877933
343,MX15028,343,102.000000000000000,0.001770833361667,3.763198375701904,40.396530151367188,36.633331775665283,17.521900677213488,8.561932522950832,1787.233869075775829,16.074807167053223,29.056934165954591
344,MX21047,344,3954.000000000000000,0.068645834431667,0.256653249263763,10.684227943420410,10.427574694156647,0.422095536771121,0.528410024424738,1668.965752393011371,0.321384057402611,0.507344436645508
345,MX21048,345,400.000000000000000,0.006944444555556,0.479866951704025,9.446325302124023,8.966458350419998,1.751512662470342,1.632438096933757,700.605064988136746,1.183943510055542,4.101566314697266
346,MX31021,346,2347.000000000000000,0.040746528429722,0.234119817614555,9.953968048095703,9.719848230481148,0.351528610829399,0.474885010364922,825.037649616599083,0.282838881015778,0.359519946575165
347,MX21050,347,540.000000000000000,0.009375000150000,0.359728515148163,4.916487216949463,4.556758701801300,0.877291417949730,0.562192193740803,473.737365692854212,0.692110955715179,1.533723855018617
348,MX07029,348,566.000000000000000,0.009826389046111,0.319331109523773,8.226747512817383,7.907416403293610,0.586692656676677,0.692868786085505,332.068043678999004,0.405967086553574,0.791537344455719
349,MX15029,349,210.000000000000000,0.003645833391667,1.715916156768799,71.853126525878906,70.137210369110107,24.670929999010895,22.693207796745281,5180.895299792287915,12.572191715240479,59.681369018554683
350,MX07030,350,4836.000000000000000,0.083958334676667,0.245652005076408,13.465623855590820,13.219971850514412,0.456595091086044,0.566886086594125,2208.093860492108433,0.334343507885933,0.630257457494736
351,MX30056,351,467.000000000000000,0.008107639018611,0.318678736686707,2.132444858551025,1.813766121864319,0.466942091251084,0.207741321869654,218.061956614256133,0.391710698604584,0.675048816204071
352,MX15030,352,34.000000000000000,0.000590277787222,18.342758178710938,45.359008789062500,27.016250610351562,32.194247077493102,7.609896494095987,1094.604400634765398,32.428537368774414,43.827915191650391
353,MX21049,353,448.000000000000000,0.007777777902222,0.376528024673462,6.773769378662109,6.397241353988647,0.842134249862284,0.742772017772478,377.276143938303164,0.588308036327362,1.532831346988678
354,MX30057,354,672.000000000000000,0.011666666853333,0.285312622785568,5.059859275817871,4.774546653032303,0.489632359794563,0.408425721912404,329.032945781946466,0.382559165358543,0.671752130985260
355,MX30058,355,4685.000000000000000,0.081336806856944,0.253622025251389,7.732394695281982,7.478772670030594,0.391646894440453,0.304790488989067,1834.865700453521868,0.342432647943497,0.459483480453491
356,MX31020,356,223.000000000000000,0.003871527839722,0.443836003541946,7.109138488769531,6.665302485227585,1.066177191488412,1.210534320937784,237.757513701915769,0.655252456665039,2.102965450286866
357,MX21051,357,1597.000000000000000,0.027725694888056,0.315317779779434,24.767601013183594,24.452283233404160,1.039828033636120,1.830507496088630,1660.605369716883843,0.541484415531158,1.779100227355960
358,MX21052,358,126.000000000000000,0.002187500035000,0.396742731332779,6.523974418640137,6.127231687307358,0.878612405014417,1.031446594291604,110.705163031816483,0.514293760061264,1.650097846984863
359,MX21053,359,3769.000000000000000,0.065434028824722,0.326118797063828,21.365303039550781,21.039184242486954,0.780298860328018,1.320476138726653,2940.946404576298846,0.454091340303421,1.183651447296144
360,MX21054,360,736.000000000000000,0.012777777982222,0.303849726915359,11.922551155090332,11.618701428174973,0.883393964163310,1.315347786692745,650.177957624195869,0.413214996457100,1.671924769878387
361,MX08019,361,44744.000000000000000,0.776805567984445,0.243368685245514,127.383796691894531,127.140428006649017,1.826661903569018,7.870533847591562,81732.160213292154367,0.319287210702896,0.877145659923554
362,MX31022,362,2364.000000000000000,0.041041667323333,0.237839326262474,4.226114273071289,3.988274946808815,0.309772124699933,0.194432303488079,732.301302790642808,0.281006500124931,0.313100293278694
363,MX21055,363,630.000000000000000,0.010937500175000,0.324515342712402,6.408242225646973,6.083726882934570,0.605609566446335,0.582162838316336,381.534026861191364,0.423540234565735,0.895329082012177
364,MX21056,364,689.000000000000000,0.011961805746944,0.263024121522903,3.322274923324585,3.059250801801682,0.345001471795261,0.198220128542561,237.706014066934841,0.309956729412079,0.361112356185913
365,MX12028,365,3681.000000000000000,0.063906251022500,0.273788809776306,19.704746246337891,19.430957436561584,0.702843719042376,1.181286037194743,2587.167729794984098,0.441020727157593,1.080200433731079
366,MX16025,366,1520.000000000000000,0.026388889311111,0.284121751785278,6.892971992492676,6.608850240707397,0.676095668030412,0.873277598784616,1027.665415406225975,0.384724661707878,1.260988414287568
367,MX21058,367,720.000000000000000,0.012500000200000,0.279725074768066,7.117406845092773,6.837681770324707,0.672929209470749,0.740764891956641,484.509030818938925,0.401265650987625,1.314146447181702
368,MX13019,368,1108.000000000000000,0.019236111418889,0.360105842351913,5.490461349487305,5.130355507135391,0.863695003764724,0.646762218563604,956.974064171313671,0.613685637712479,1.705403590202332
369,MX07031,369,8205.000000000000000,0.142447918945833,0.269470691680908,16.162944793701172,15.893474102020264,0.565172361775481,0.604932566862715,4637.239228367819123,0.426775723695755,0.833917498588562
370,MX12029,370,10682.000000000000000,0.185451391856111,0.240529894828796,35.279159545898438,35.038629651069641,0.763572366923189,2.386636095058615,8156.480023473508481,0.338467359542847,0.781249356269836
371,MX15031,371,270.000000000000000,0.004687500075000,5.189781665802002,88.752204895019531,83.562423229217529,55.553330175964902,17.426600768642558,14999.399147510523107,59.135820388793945,72.430632781982425
372,MX14031,372,3290.000000000000000,0.057118056469444,0.256269574165344,3.271416425704956,3.015146851539612,0.318488155337090,0.124853111192390,1047.826031059026263,0.301830470561981,0.333180749416351
373,MX19013,373,22052.000000000000000,0.382847228347778,0.251339823007584,18.171321868896484,17.919982045888901,0.344480397501032,0.467218775155753,7596.481725692750842,0.305376559495926,0.350185748934746
374,MX30059,374,858.000000000000000,0.014895833571667,0.477187037467957,13.409853935241699,12.932666897773743,1.352698245804349,1.315886810857829,1160.615094900131453,1.051627635955811,2.111761975288392
375,MX30060,375,704.000000000000000,0.012222222417778,0.307831853628159,7.565233230590820,7.257401376962662,0.737954653122208,0.871071745283033,519.520075798034441,0.476717889308929,1.115941786766052
376,MX21059,376,438.000000000000000,0.007604166788333,0.278393000364304,8.382672309875488,8.104279309511185,0.564889043569565,0.806562473416851,247.421401083469675,0.375806525349617,0.769107758998871
377,MX16026,377,5051.000000000000000,0.087690973625278,0.243891209363937,5.350107192993164,5.106215983629227,0.323581286560920,0.199477984854235,1634.409078419208981,0.299436300992966,0.346292078495026
378,MX08020,378,10467.000000000000000,0.181718752907500,0.233898073434830,22.200361251831055,21.966463178396225,0.326029462377333,0.500909777749581,3412.550382703544528,0.280513405799866,0.310732156038284
379,MX20027,379,177.000000000000000,0.003072916715833,0.291299879550934,2.175843954086304,1.884544074535370,0.425145534472277,0.256960428652145,75.250759601593003,0.351235836744308,0.509724867343903
380,MX14032,380,1485.000000000000000,0.025781250412500,0.269152641296387,4.331472396850586,4.062319755554199,0.357826371164836,0.239837736728597,531.372161179781187,0.318947017192841,0.372032129764557
381,MX30062,381,218.000000000000000,0.003784722282778,0.429857850074768,14.095624923706055,13.665767073631287,1.428371956589024,1.869307075541680,311.385086536407243,0.813977777957916,2.697886800765991
382,MX31023,382,1454.000000000000000,0.025243055959444,0.266781777143478,6.981354713439941,6.714572936296463,0.449081894825052,0.465846336808591,652.965075075625919,0.338152468204498,0.555857706069946
383,MX25007,383,16800.000000000000000,0.291666671333333,0.238178834319115,16.794252395629883,16.556073561310768,0.328758017065980,0.374823954719696,5523.134686708464869,0.286981746554375,0.343134871125221
384,MX30063,384,1961.000000000000000,0.034045139433611,0.251555174589157,4.015973567962646,3.764418393373489,0.368979944540250,0.219678940708589,723.569671243429298,0.316898733377457,0.468472033739090
385,MX16027,385,957.000000000000000,0.016614583599167,0.308337390422821,4.813138008117676,4.504800617694855,0.504794313989837,0.375259985700215,483.088158488273791,0.385554850101471,0.805160605907440
386,MX30064,386,115.000000000000000,0.001996527809722,0.386342555284500,1.200128555297852,0.813786000013351,0.544567662736644,0.176631685987680,62.625281214714050,0.480282872915268,0.734847545623780
387,MX31024,387,418.000000000000000,0.007256944560556,0.291329920291901,7.789999961853027,7.498670041561127,0.539363620882970,0.826949332774463,225.453993529081345,0.345256954431534,0.613555568456650
388,MX16028,388,1147.000000000000000,0.019913194763056,0.311100870370865,6.730903625488281,6.419802755117416,0.521161687821020,0.458852697706766,597.772455930710180,0.404849737882614,0.723657822608949
389,MX16029,389,5464.000000000000000,0.094861112628889,0.221231490373611,5.817320346832275,5.596088856458664,0.309626166865579,0.180243879558496,1691.797375753521010,0.286379083991051,0.337855926156044
390,MX19012,390,719.000000000000000,0.012482639088611,0.572733640670776,44.364540100097656,43.791806459426880,5.053818322189657,6.892198022819326,3633.695373654363266,1.777507901191711,14.742849159240725
391,MX20013,391,54.000000000000000,0.000937500015000,0.576972663402557,4.713021755218506,4.136049091815948,1.645123822821511,1.065748464352114,88.836686432361603,1.174000144004822,3.390095400810243
392,MX14022,392,2460.000000000000000,0.042708334016667,0.259716331958771,14.541050910949707,14.281334578990936,0.631457036854776,1.256592140926752,1553.384310662748476,0.331739649176598,0.712332117557525
393,MX07017,393,11902.000000000000000,0.206631947750556,0.233970642089844,22.543752670288086,22.309782028198242,0.494723983534673,1.149579259547067,5888.204852029682115,0.330361232161522,0.562408727407455
394,MX30035,394,403.000000000000000,0.006996527889722,0.264190256595612,7.404331684112549,7.140141427516937,0.543858898336774,0.670342084671223,219.175136029719994,0.370731770992279,0.779153919219971
395,MX24010,395,15917.000000000000000,0.276336809976944,0.245302811264992,16.804208755493164,16.558905944228172,0.347461201067531,0.396186500223638,5530.539937391898093,0.307196050882339,0.361072486639023
396,MX24011,396,2620.000000000000000,0.045486111838889,0.277290582656860,17.132743835449219,16.855453252792358,0.754408282849170,1.452023255300552,1976.549701064826422,0.377406820654869,1.117214429378509
397,MX20014,397,1430.000000000000000,0.024826389286111,0.255964308977127,18.840164184570312,18.584199875593185,0.887200233965485,1.949586599249001,1268.696334570644240,0.363488897681236,1.254529368877413
398,MX28009,398,233.000000000000000,0.004045138953611,7.319380283355713,2992.978759765625000,2985.659379482269287,109.591905962244141,329.076951557734503,25534.914089202884497,42.190834045410156,137.223324584961006
399,MX24013,399,12198.000000000000000,0.211770836721667,0.245905011892319,29.843896865844727,29.597991853952408,0.702476208562597,1.954678436939555,8568.804792046557850,0.345835670828819,0.749409264326097
400,MX15020,400,176.000000000000000,0.003055555604444,5.020491600036621,77.901939392089844,72.881447792053223,37.560106331651859,23.829079231805846,6610.578714370727539,46.410507202148438,63.244855880737305
401,MX30036,401,221.000000000000000,0.003836805616944,0.317664742469788,5.651230335235596,5.333565592765808,0.743681507817221,0.813691717012358,164.353613227605848,0.485770076513290,1.117312073707581
402,MX16014,402,1806.000000000000000,0.031354167168333,0.264772504568100,7.949520587921143,7.684748083353043,0.460971127382808,0.538612781351989,832.513856053351788,0.340983331203461,0.600871115922928
403,MX12016,403,13029.000000000000000,0.226197920285833,0.210667580366135,3.989266157150269,3.778598576784134,0.309481976355510,0.123120827993162,4032.240669935940332,0.286501586437225,0.350381428003311
404,MX30037,404,206.000000000000000,0.003576388946111,0.330761790275574,1.777545094490051,1.446783304214478,0.526316132649635,0.262965386711870,108.421123325824752,0.421902328729630,0.835220634937286
405,MX16015,405,13942.000000000000000,0.242048614983889,0.226234316825867,12.629700660705566,12.403466343879700,0.310514296480768,0.360127038123708,4329.190321534870236,0.280497297644615,0.314793062210083
406,MX07018,406,759.000000000000000,0.013177083544167,0.299362599849701,13.272876739501953,12.973514139652252,0.625149983073412,0.938680221223179,474.488837152719611,0.413089841604233,0.902553594112396
407,MX20015,407,583.000000000000000,0.010121527939722,0.282523363828659,2.626955986022949,2.344432622194290,0.404382481225359,0.227480004490410,235.754986554384345,0.344089657068253,0.475363582372665
408,MX21030,408,63.000000000000000,0.001093750017500,0.384598582983017,2.066610097885132,1.682011514902115,0.627298919927506,0.386000617093172,39.519831955432899,0.468888998031616,1.069574332237245
409,MX30038,409,995.000000000000000,0.017274305831944,0.381815314292908,18.411190032958984,18.029374718666077,1.894750336875866,2.700755526744993,1885.276585191486902,0.931276798248291,4.051853847503664
410,MX15021,410,1420.000000000000000,0.024652778172222,0.340981811285019,20.257247924804688,19.916266113519669,1.705141293309945,2.441309336180079,2421.300636500121982,0.721086829900742,4.129455995559696
411,MX17005,411,414.000000000000000,0.007187500115000,0.548165678977966,120.007125854492188,119.458960175514221,3.466386951830077,10.306030608262004,1435.084198057651975,1.050836324691772,7.008871030807494
412,MX30039,412,1442.000000000000000,0.025034722622778,0.555328965187073,1616.660156250000000,1616.104827284812927,26.772756119169571,101.062541023705364,38606.314323842525482,7.922612905502319,39.114009475708016
413,MX21031,413,562.000000000000000,0.009756944600556,0.310409724712372,4.440474033355713,4.130064308643341,0.497935429533606,0.494678491816914,279.839711397886333,0.362466216087341,0.627556699514389
414,MX30040,414,1385.000000000000000,0.024045139273611,0.456744551658630,392.786956787109375,392.330212235450745,5.563542637433394,18.515710375425268,7705.506552845250553,2.051702737808228,10.468666458129888
415,MX12078,415,3034.000000000000000,0.052673611953889,0.264871567487717,8.375109672546387,8.110238105058670,0.410043459260393,0.368909211414000,1244.071855396031651,0.340068861842155,0.527858531475068
416,MX15022,416,71.000000000000000,0.001232638908611,2.978274106979370,26.611728668212891,23.633454561233521,10.258963222235019,6.280073373751691,728.386388778686410,8.302546501159668,19.729764938354492
417,MX12017,417,2185.000000000000000,0.037934028384722,0.266836673021317,34.522956848144531,34.256120175123215,0.635004071008150,1.462792267502708,1387.483895152807690,0.369196325540543,0.830575513839722
418,MX14024,418,1654.000000000000000,0.028715278237222,0.322210371494293,15.362999916076660,15.040789544582367,0.908282891546513,1.403969050757236,1502.299902617933185,0.529507368803024,1.498594939708710
419,MX16016,419,1956.000000000000000,0.033958333876667,0.305335491895676,6.488877773284912,6.183542281389236,0.552556580149690,0.474548654007838,1080.800670772794092,0.399899065494537,0.873800426721573
420,MX30041,420,46.000000000000000,0.000798611123889,0.537044465541840,2.349858760833740,1.812814295291901,0.942450510418933,0.443909218972626,43.352723479270935,0.747993558645248,1.482221186161041
421,MX21032,421,1187.000000000000000,0.020607639218611,0.246275901794434,4.895828723907471,4.649552822113037,0.328104918143181,0.185831264408493,389.460537835955336,0.303056180477142,0.350959831476212
422,MX21033,422,232.000000000000000,0.004027777842222,0.513303697109222,5.560302257537842,5.046998560428619,0.981280760004601,0.667587696869241,227.657136321067412,0.743181735277176,1.762430477142334
423,MX20016,423,620.000000000000000,0.010763889061111,0.283730477094650,2.609942913055420,2.326212435960770,0.429867550009682,0.225613118697440,266.517881006002540,0.365107223391533,0.607105380296707
424,MX16074,424,652.000000000000000,0.011319444625556,0.306704312562943,17.358400344848633,17.051696032285690,0.677770947934661,1.363048345502250,441.906658053398928,0.392650991678238,0.778802514076233
425,MX06002,425,3692.000000000000000,0.064097223247778,0.267453700304031,41.386165618896484,41.118711918592453,2.068337028174140,5.809168204437966,7636.300308018922806,0.417766690254211,2.636745905876164
426,MX30042,426,648.000000000000000,0.011250000180000,0.285868138074875,5.859576702117920,5.573708564043045,0.454197719739175,0.447828655796310,294.320122390985432,0.365831762552261,0.520944392681122
427,MX22005,427,4056.000000000000000,0.070416667793333,0.304890304803848,50.765754699707031,50.460864394903183,1.552019240132568,2.876619997631284,6294.990037977697284,0.661087989807129,3.283686757087708
428,MX14025,428,3269.000000000000000,0.056753473130278,0.263503938913345,18.916145324707031,18.652641385793686,0.514228368068039,1.114820312400398,1681.012535214419813,0.330304533243179,0.539273488521576
429,MX06003,429,1552.000000000000000,0.026944444875556,0.269560158252716,17.114995956420898,16.845435798168182,0.758760871365666,1.264577071904923,1177.596872359512872,0.418579414486885,1.258966183662415
430,MX27005,430,3786.000000000000000,0.065729167718333,0.377977430820465,489.001983642578125,488.624006211757660,3.117381688295940,15.186711797652558,11802.407071888430437,1.487360656261444,3.546419501304626
431,MX30043,431,1544.000000000000000,0.026805555984444,0.305111438035965,2.339923620223999,2.034812182188034,0.428492347502338,0.175728617000535,661.592184543609847,0.368819281458855,0.583892685174942
432,MX07019,432,4754.000000000000000,0.082534723542778,0.264047563076019,36.321174621582031,36.057127058506012,1.416867935825510,3.443376987170373,6735.790166914474867,0.487615108489990,2.402376484870910
433,MX03001,433,88267.000000000000000,1.532413218963056,0.217184633016586,32.435733795166016,32.218549162149429,0.320966392568456,0.788797496499506,28330.740572839935339,0.273929685354233,0.308067595958710
434,MX11009,434,2439.000000000000000,0.042343750677500,0.434308588504791,28.783073425292969,28.348764836788177,1.644234075659656,2.446390174348816,4010.286910533900482,0.767002344131470,3.572107648849493
435,MX18004,435,9428.000000000000000,0.163680558174444,0.250053584575653,20.530763626098633,20.280710041522980,0.493177768758130,0.952232867005528,4649.680003851645779,0.335944622755051,0.527254313230515
436,MX20018,436,1109.000000000000000,0.019253472530278,0.246485725045204,1.758271574974060,1.511785849928856,0.305563915329435,0.080542016466094,338.870382100343932,0.293708920478821,0.324438619613647
437,MX14026,437,1326.000000000000000,0.023020833701667,0.285346686840057,15.411900520324707,15.126553833484650,0.498305902626719,0.914177568207126,660.753626883029824,0.351846083998680,0.526183068752289
438,MX32007,438,12405.000000000000000,0.215364586779167,0.242929056286812,24.720750808715820,24.477821752429008,0.359883009874499,0.600567248027278,4464.348737493156477,0.304707378149033,0.360277420282364
439,MX20019,439,852.000000000000000,0.014791666903333,0.240762919187546,2.691342353820801,2.450579434633255,0.326108383355845,0.150862217710622,277.844342619180338,0.296657562255859,0.367862764000893
440,MX25004,440,11023.000000000000000,0.191371530839722,0.249152213335037,52.173278808593750,51.924126595258713,0.448069479606777,1.004063978021543,4939.069873705504506,0.322668969631195,0.512039184570313
441,MX10003,441,5544.000000000000000,0.096250001540000,0.245945990085602,4.720610618591309,4.474664628505707,0.310468650160930,0.137745958775740,1721.238196492193993,0.295225888490677,0.320302072167397
442,MX31013,442,320.000000000000000,0.005555555644444,0.587656736373901,16.955543518066406,16.367886781692505,3.353258126974104,3.482051929248261,1073.042600631713412,2.069608688354492,8.159906387329103
443,MX20020,443,277.000000000000000,0.004809027854722,0.281329154968262,2.360023736953735,2.078694581985474,0.447998784294197,0.217853558398792,124.095663249492617,0.378851681947708,0.610031127929688
444,MX16017,444,1882.000000000000000,0.032673611633889,0.330680072307587,15.007262229919434,14.676582157611847,0.809561357313844,0.940657801671768,1523.594474464654240,0.547150254249573,1.411131942272187
445,MX29018,445,126.000000000000000,0.002187500035000,0.939230382442474,21.224552154541016,20.285321772098541,6.448323655223089,5.188569287227129,812.488780558109283,5.046022415161133,14.974190711975098
446,MX07021,446,1670.000000000000000,0.028993056019444,0.260620117187500,8.600535392761230,8.339915275573730,0.512473548939841,0.537414768526879,855.830826729535033,0.379613369703293,0.731228631734848
447,MX12018,447,1445.000000000000000,0.025086805956944,0.268492639064789,8.024479866027832,7.755987226963043,0.499275302000112,0.577641644339250,721.452811390162310,0.353407680988312,0.693722856044770
448,MX12019,448,3600.000000000000000,0.062500001000000,0.249392926692963,4.889820098876953,4.640427172183990,0.336284392376741,0.187818365383202,1210.623812556268149,0.304954424500465,0.363548037409782
449,MX12020,449,1505.000000000000000,0.026128472640278,0.275105506181717,7.460516929626465,7.185411423444748,0.526870776153482,0.483013527346583,792.940518110989728,0.385817050933838,0.818268084526063
450,MX16018,450,853.000000000000000,0.014809028014722,0.339003503322601,5.047589778900146,4.708586275577545,0.616160701440619,0.484661307611737,525.585078328847771,0.446706861257553,0.996136510372162
451,MX06004,451,2612.000000000000000,0.045347222947778,0.275495976209641,21.755056381225586,21.479560405015945,0.587857767985206,1.237460063283719,1535.484489977357043,0.365194290876389,0.742554730176926
452,MX30044,452,795.000000000000000,0.013802083554167,0.468279778957367,36.650321960449219,36.182042181491852,4.753371021920028,6.949922018560120,3778.929962426422207,1.457162499427795,16.675283813476575
453,MX08014,453,9863.000000000000000,0.171232641628611,0.235363051295280,13.610565185546875,13.375202134251595,0.298423724209914,0.242187529858325,2943.353191882380543,0.284848779439926,0.305277663469315
454,MX21034,454,184.000000000000000,0.003194444495556,2.528684616088867,41.138027191162109,38.609342575073242,12.261711228152983,7.713543009704251,2256.154865980148770,10.808126926422119,23.378291893005390
455,MX11010,455,622.000000000000000,0.010798611283889,0.371892333030701,9.361260414123535,8.989368081092834,0.799893475278397,0.848047098377284,497.533741623163166,0.599864512681961,1.108981466293335
456,MX22006,456,1178.000000000000000,0.020451389216111,0.634760081768036,61.922054290771484,61.287294209003448,9.749537602648859,12.906000898434382,11484.955295920355638,3.221264958381653,32.062249374389637
457,MX11011,457,1673.000000000000000,0.029045139353611,0.545809388160706,33.623027801513672,33.077218413352966,2.597217330053339,4.702961369729765,4345.144593179235017,1.157400727272034,4.344461631774902
458,MX25005,458,11141.000000000000000,0.193420141983611,0.246538087725639,29.695241928100586,29.448703840374947,0.367179020352513,0.655999052422640,4090.741465747342318,0.304363101720810,0.375338405370712
459,MX30045,459,2505.000000000000000,0.043489584029167,0.350712925195694,18.834873199462891,18.484160274267197,0.764038048259275,1.168958861277419,1913.915310889483862,0.503499805927277,1.004352641105651
460,MX30046,460,381.000000000000000,0.006614583439167,0.409619987010956,3.585951805114746,3.176331818103790,0.619965842389685,0.313613718250865,236.206985950469885,0.545573413372040,0.818432927131653
461,MX30047,461,788.000000000000000,0.013680555774444,0.335822075605392,22.117090225219727,21.781268149614334,1.049778347957858,1.834823531425744,827.225338190792399,0.621368408203125,1.522318243980409
462,MX01004,462,657.000000000000000,0.011406250182500,0.354705721139908,30.223932266235352,29.869226545095444,1.579243614702645,2.749340271181872,1037.563054859637759,0.719376504421234,3.569755220413207
463,MX20021,463,561.000000000000000,0.009739583489167,0.357782661914825,11.957598686218262,11.599816024303436,0.797062855512701,0.967800896660865,447.152261942625046,0.507405817508698,1.231158494949341
464,MX30048,464,1321.000000000000000,0.022934028144722,0.734801650047302,57.990707397460938,57.255905747413635,5.075392265738548,5.983324537757345,6704.593183040622534,2.957354545593262,11.362847328186035
465,MX20022,465,553.000000000000000,0.009600694598056,0.274633109569550,1.561154842376709,1.286521732807159,0.339474877763614,0.100425938627527,187.729607403278493,0.319821357727051,0.364530408382416
466,MX30049,466,2654.000000000000000,0.046076389626111,0.333567470312119,22.354913711547852,22.021346241235733,0.763434915286127,0.915789019238808,2026.156265169381186,0.570513933897018,1.106124997138977
467,MX16019,467,2516.000000000000000,0.043680556254444,0.261651843786240,16.779253005981445,16.517601162195206,0.499151329689073,0.927400068024009,1255.864745497706508,0.340408504009247,0.586501270532608
468,MX21035,468,1229.000000000000000,0.021336805896944,0.299668103456497,16.356218338012695,16.056550234556198,0.751847778834203,1.224540015532844,924.020920187235333,0.458326727151871,1.044838023185730
469,MX24014,469,459.000000000000000,0.007968750127500,0.344145178794861,4.424687385559082,4.080542206764221,0.638017662470117,0.367080800831172,292.850107073783875,0.566869199275970,0.831684184074402
470,MX30050,470,398.000000000000000,0.006909722332778,0.377546608448029,3.838210105895996,3.460663497447968,0.631794489957580,0.392432939651678,251.454207003116665,0.525185525417328,0.870284283161163
471,MX08015,471,62584.000000000000000,1.086527795162222,0.245411634445190,8.197976112365723,7.952564477920532,0.302536265657188,0.084479688949720,18933.929649889447319,0.299463644623756,0.318200656771660
472,MX09003,472,266.000000000000000,0.004618055629444,21.894292831420898,187.205780029296875,165.311487197875977,57.360762424038754,16.611928149881070,15257.962804794307885,56.464603424072266,70.398277282714844
473,MX21036,473,1130.000000000000000,0.019618055869444,0.270966589450836,2.723902463912964,2.452935874462128,0.424635572691934,0.190910037833112,479.838197141885530,0.366975784301758,0.586805874109268
474,MX15023,474,200.000000000000000,0.003472222277778,1.394826292991638,40.821632385253906,39.426806092262268,8.698639231324201,9.120560035276375,1739.727846264840082,4.262516021728516,22.931722831726070
475,MX21037,475,658.000000000000000,0.011423611293889,0.291872501373291,7.491004943847656,7.199132442474365,0.649977709384675,0.725305633621254,427.685332775115967,0.449614062905312,0.944291681051255
476,MX12021,476,8702.000000000000000,0.151076391306111,0.234167516231537,14.845643997192383,14.611476480960846,0.457267092883765,0.535221421887983,3979.138242274525510,0.330629155039787,0.651268637180328
477,MX12022,477,16511.000000000000000,0.286649310141945,0.241174608469009,12.198612213134766,11.957437604665756,0.413251702993500,0.390665629464525,6823.198868125673471,0.334411472082138,0.529411137104034
478,MX30051,478,1169.000000000000000,0.020295139213611,0.336231976747513,4.351940631866455,4.015708655118942,0.517545450284401,0.282139206229543,605.010631382465135,0.451235860586166,0.682820570468903
479,MX23001,479,2377.000000000000000,0.041267361771389,0.252767622470856,52.126873016357422,51.874105393886566,1.770185683974208,5.940756267839727,4207.731370806692212,0.379279583692551,1.771500492095948
480,MX28010,480,9707.000000000000000,0.168524308251944,0.236298501491547,6.436381816864014,6.200083315372467,0.315944996232707,0.183675791315118,3066.878078430882397,0.299134641885757,0.325247675180435
481,MX09004,481,352.000000000000000,0.006111111208889,0.890622019767761,62.319358825683594,61.428736805915833,17.171048203483242,16.785524804102351,6044.208967626101185,10.596797466278076,41.746253967285163
482,MX12023,482,3072.000000000000000,0.053333334186667,0.262305557727814,11.265631675720215,11.003326117992401,0.450757994326219,0.638768681062775,1384.728558570145424,0.332700297236443,0.515985107421875
483,MX12024,483,1171.000000000000000,0.020329861436389,0.259295225143433,4.384428501129150,4.125133275985718,0.418329364438020,0.292199739210239,489.863685756921711,0.342966198921204,0.529851913452148
484,MX29008,484,424.000000000000000,0.007361111228889,0.551416039466858,25.014677047729492,24.463261008262634,2.022031323949121,3.182849298859730,857.341281354427110,0.911171913146973,3.616649532318115
485,MX21038,485,115.000000000000000,0.001996527809722,1.413908243179321,19.213792800903320,17.799884557723999,5.309477080469544,4.227268051816323,610.589864253997575,3.636964797973633,11.341030693054201
486,MX05007,486,55738.000000000000000,0.967673626593889,0.245919108390808,23.731029510498047,23.485110402107239,0.317492864614287,0.318679119825506,17696.417287871157896,0.304074078798294,0.328612771630287
487,MX06005,487,2042.000000000000000,0.035451389456111,0.279518157243729,15.648273468017578,15.368755310773849,0.918595459826662,1.323851840459184,1875.771928966044243,0.551407366991043,1.465108275413514
488,MX08017,488,19197.000000000000000,0.333281255332500,0.254969924688339,62.983371734619141,62.728401809930801,0.995824285420912,3.301817031244012,19116.838807225249184,0.363401591777802,1.193593668937683
489,MX09015,489,165.000000000000000,0.002864583379167,47.960098266601562,130.727951049804688,82.767852783203125,77.832600056041372,14.734414946895084,12842.379009246826172,76.437210083007812,95.747328186035162
490,MX32008,490,1632.000000000000000,0.028333333786667,0.296312391757965,23.475984573364258,23.179672181606293,0.650618111239929,1.433311068755043,1061.808757543563388,0.381165608763695,0.680056107044220
491,MX21039,491,304.000000000000000,0.005277777862222,0.381845921278000,5.581568717956543,5.199722796678543,0.817934128210733,0.599626225272004,248.651974976062718,0.634575337171555,1.281894838809966
492,MX12025,492,1536.000000000000000,0.026666667093333,0.272269636392593,7.905349731445312,7.633080095052719,0.479389089101459,0.518777703916100,736.341640859841618,0.357922583818436,0.616052627563477
493,MX13016,493,1951.000000000000000,0.033871528319722,0.361428409814835,15.518756866455078,15.157328456640244,1.357371247590720,1.791302931580512,2648.231304049495520,0.727763414382935,2.796451807022095
494,MX21040,494,790.000000000000000,0.013715277997222,0.779221117496490,26.930646896362305,26.151425778865814,2.001796527376657,1.852797118277675,1581.419256627558752,1.350770235061646,3.626307821273804
495,MX15024,495,210.000000000000000,0.003645833391667,4.099514007568359,69.565910339355469,65.466396331787109,30.837162360690900,17.906891676369646,6475.804095745089398,28.474466323852539,54.483142852783203
496,MX14027,496,6898.000000000000000,0.119756946360556,0.243623808026314,6.623232364654541,6.379608556628227,0.371579748034806,0.268472777060510,2563.157101944088936,0.319384306669235,0.444409304857254
497,MX15121,497,541.000000000000000,0.009392361261389,6.987095355987549,90.728706359863281,83.741611003875732,37.494176501487416,16.890678953509671,20284.349487304691138,38.581272125244141,57.123554229736328
498,MX14028,498,2071.000000000000000,0.035954861686389,0.251692295074463,5.351438045501709,5.099745750427246,0.338113032450484,0.255320906564749,700.232090204952215,0.298694550991058,0.335528492927551
499,MX17006,499,479.000000000000000,0.008315972355278,1.128391385078430,30.505796432495117,29.377405047416687,9.562591985521337,7.443196019419990,4580.481561064720154,7.286522865295410,21.020850372314452
500,MX21041,500,188.000000000000000,0.003263888941111,8.034911155700684,64.291374206542969,56.256463050842285,28.535321438566168,12.238963303911436,5364.640430450439453,26.532839775085449,47.111731719970706
501,MX29009,501,84.000000000000000,0.001458333356667,1.293239116668701,4.969868659973145,3.676629543304443,2.838190339860462,0.953087036489726,238.407988548278780,2.725258111953735,4.317487859725953
502,MX21042,502,980.000000000000000,0.017013889161111,0.281441956758499,4.870081901550293,4.588639944791794,0.416389627359352,0.323067457646759,408.061834812164477,0.346604943275452,0.496163839101791
503,MX26022,503,8534.000000000000000,0.148159724592778,0.248360812664032,45.152622222900391,44.904261410236359,0.352683952924643,0.889278677844740,3009.804854258906289,0.288252755999565,0.317723345756531
504,MX10004,504,27490.000000000000000,0.477256952080556,0.251597702503204,46.161865234375000,45.910267531871796,0.387568574019585,0.877490569750578,10654.260099798391821,0.307998389005661,0.369203609228134
505,MX11012,505,1303.000000000000000,0.022621528139722,0.369932323694229,27.451536178588867,27.081603854894638,1.233670256362911,2.382514126212048,1607.472344040872485,0.603668868541718,2.078095006942749
506,MX17007,506,979.000000000000000,0.016996528049722,0.627732574939728,47.215740203857422,46.588007628917694,8.700481671478467,9.504717052206109,8517.771556377419984,2.344595193862915,22.586690139770511
507,MX12026,507,1839.000000000000000,0.031927083844167,0.259757161140442,4.736047267913818,4.476290106773376,0.382046510079038,0.277039085086060,702.583532035350800,0.324909597635269,0.431036359071732
508,MX21043,508,904.000000000000000,0.015694444695556,0.340363919734955,12.530526161193848,12.190162241458893,0.873117570888943,0.910771308178323,789.298284083604585,0.691120237112045,1.294367742538453
509,MX30052,509,167.000000000000000,0.002899305601944,0.535216093063354,6.326468944549561,5.791252851486206,1.332701976070862,1.065169602452409,222.561230003833884,0.944255948066711,2.761801195144653
510,MX20023,510,241.000000000000000,0.004184027844722,0.444514125585556,11.785326957702637,11.340812832117081,2.234687339839104,2.282529952992552,538.559648901224023,1.248581886291504,5.685641288757324
511,MX30053,511,745.000000000000000,0.012934027984722,0.505954086780548,10.319190025329590,9.813235938549042,1.434892157420214,1.368112074559993,1068.994657278059549,0.908443748950958,3.063915634155274
512,MX16020,512,1270.000000000000000,0.022048611463889,0.353128701448441,12.946515083312988,12.593386381864548,0.767218926548959,1.061647171061374,974.368036717177688,0.470893666148186,1.226369130611420
513,MX25006,513,30874.000000000000000,0.536006953020556,0.247593477368355,76.582954406738281,76.335360929369926,1.542447409894030,5.346552243842045,47621.521333068281820,0.398765638470650,1.582977104187012
514,MX26023,514,10831.000000000000000,0.188038197453056,0.246088236570358,18.944417953491211,18.698329716920853,0.324965089481134,0.477109981469520,3519.696884170165049,0.288958609104156,0.313086986541748
515,MX31014,515,684.000000000000000,0.011875000190000,0.255400687456131,5.805548667907715,5.550147980451584,0.369452173946894,0.351392287093845,252.705286979675549,0.308563128113747,0.382351428270340
516,MX27006,516,2907.000000000000000,0.050468750807500,0.896035313606262,1023.832214355468750,1022.936179041862488,7.548885063080182,40.771387513349246,21944.608878374088818,2.785253286361694,7.432409572601319
517,MX14029,517,3213.000000000000000,0.055781250892500,0.310021638870239,11.428032875061035,11.118011236190796,0.534495943539840,0.475306626914034,1717.335466593506681,0.440947622060776,0.700087618827820
518,MX08018,518,8515.000000000000000,0.147829863476389,0.256943583488464,3.802581071853638,3.545637488365173,0.377204219551557,0.202993076973569,3211.893929481506348,0.325371325016022,0.466083514690399
519,MX12027,519,6589.000000000000000,0.114392362941389,0.246883332729340,8.142782211303711,7.895898878574371,0.373851900705711,0.252724001334299,2463.310173749928254,0.323924928903580,0.444217896461487
520,MX20024,520,388.000000000000000,0.006736111218889,0.278115212917328,2.076059818267822,1.797944605350494,0.398001948352327,0.219129579368194,154.424755960702839,0.333150744438171,0.486186066269875
521,MX21044,521,1499.000000000000000,0.026024305971944,0.323343813419342,7.122987747192383,6.799643933773041,0.672968928856878,0.657216615146272,1008.780424356459434,0.448448926210403,1.219048523902893
522,MX31015,522,464.000000000000000,0.008055555684444,0.290331482887268,7.881595611572266,7.591264128684998,0.538621459991254,0.680910244025539,249.920357435941867,0.363523587584496,0.746917611360550
523,MX14033,523,2125.000000000000000,0.036892361701389,0.349754035472870,20.997077941894531,20.647323906421661,0.829571212796605,1.424556902519112,1762.838827192786312,0.476434677839279,1.369784379005432
524,MX18009,524,25937.000000000000000,0.450295146093611,0.244388177990913,7.435583114624023,7.191194936633110,0.319338964883149,0.169653489169545,8282.694732174246383,0.298041343688965,0.335292297601700
525,MX08021,525,2824.000000000000000,0.049027778562222,0.287087380886078,42.240531921386719,41.953444540500641,2.966471481424555,6.408782024260415,8377.315463542941870,0.803164899349213,5.855063629150393
526,MX26024,526,2073.000000000000000,0.035989583909167,0.244921803474426,9.418985366821289,9.174063563346863,0.319573945725705,0.411558675901271,662.476789489386420,0.286159038543701,0.306024509668350
527,MX19014,527,25804.000000000000000,0.447986118278889,0.256026864051819,20.087591171264648,19.831564307212830,0.373845695848705,0.525969335488506,9646.714335679995202,0.320609167218208,0.404265043139458
528,MX19015,528,3740.000000000000000,0.064930556594444,0.300131499767303,7.405185222625732,7.105053722858429,0.417889430385861,0.331699228557868,1562.906469643119863,0.355895832180977,0.478090196847916
529,MX19016,529,3189.000000000000000,0.055364584219167,0.319213658571243,12.177929878234863,11.858716219663620,0.590835180756216,0.648892748461727,1884.173391431573236,0.460802704095840,0.758438861370087
530,MX11013,530,1152.000000000000000,0.020000000320000,0.382973551750183,19.974927902221680,19.591954350471497,1.397628014803759,1.659889251163450,1610.067473053930826,0.932340145111084,2.455067682266236
531,MX11014,531,8296.000000000000000,0.144027780082222,0.339323908090591,70.459388732910156,70.120064824819565,1.173703469052231,3.209765380146430,9737.043979257310639,0.619594514369965,1.560716569423676
532,MX21060,532,78.000000000000000,0.001354166688333,1.180264234542847,11.064621925354004,9.884357690811157,3.258501771168831,2.187378985747377,254.163138151168852,2.464325070381165,6.016170263290405
533,MX15032,533,955.000000000000000,0.016579861376389,0.346118718385696,6.590438365936279,6.244319647550583,0.949287325393468,0.692126892893695,906.569395750761714,0.689391672611237,1.864374089241028
534,MX08022,534,5459.000000000000000,0.094774307071944,0.248418077826500,7.301456451416016,7.053038373589516,0.368957020810485,0.374170186086504,2014.136376604435782,0.305446058511734,0.377906525135040
535,MX10005,535,47447.000000000000000,0.823732652068611,0.233470693230629,100.641777038574219,100.408306345343590,0.878133149419404,4.083250638539405,41664.783540502467076,0.303482890129089,0.581792426109314
536,MX31025,536,400.000000000000000,0.006944444555556,0.315296828746796,6.663498878479004,6.348202049732208,0.645466946810483,0.818324810712627,258.186778724193346,0.410830140113831,0.849526560306549
537,MX31026,537,876.000000000000000,0.015208333576667,0.288422256708145,7.130580902099609,6.842158645391464,0.490499695584382,0.593856672705060,429.677733331918887,0.342875882983208,0.567533373832703
538,MX31027,538,1032.000000000000000,0.017916666953333,0.267459958791733,8.745140075683594,8.477680116891861,0.466144802698562,0.762925940619404,481.061436384916078,0.316557243466377,0.454610332846641
539,MX31028,539,1504.000000000000000,0.026111111528889,0.243268907070160,6.991668701171875,6.748399794101715,0.338840363131083,0.358842152493768,509.615906149149339,0.287805140018463,0.361995491385460
540,MX31029,540,2547.000000000000000,0.044218750707500,0.244740396738052,9.786975860595703,9.542235463857651,0.354992499270063,0.518619834646448,904.165895640849953,0.290081977844238,0.342418175935745
541,MX31030,541,1551.000000000000000,0.026927083764167,0.246834263205528,5.304512500762939,5.057678237557411,0.326082482165402,0.283898909130393,505.753929838537942,0.287442833185196,0.321268886327744
542,MX31031,542,670.000000000000000,0.011631944630556,0.258255392313004,5.024087429046631,4.765832036733627,0.376979292595564,0.360209104675153,252.576126039028082,0.304454982280731,0.426129055023193
543,MX24016,543,3521.000000000000000,0.061128473200278,0.253894418478012,15.654000282287598,15.400105863809586,0.517083546327143,0.936226725299135,1820.651166617872150,0.327002465724945,0.604991316795349
544,MX15033,544,773.000000000000000,0.013420139103611,5.076960086822510,75.394958496093750,70.317998409271240,44.243670958905192,17.370106297559165,34200.357651233709475,49.781150817871094,60.944741821289064
545,MX15034,545,266.000000000000000,0.004618055629444,0.468857109546661,11.238404273986816,10.769547164440155,1.551421581690472,1.739043835853382,412.678140729665586,0.995712637901306,3.241492390632629
546,MX16030,546,1510.000000000000000,0.026215278197222,0.339654594659805,11.007639884948730,10.667985290288925,0.664087516700985,0.808232806482233,1002.772150218487468,0.441019639372826,0.964231973886491
547,MX12075,547,6133.000000000000000,0.106475696148056,0.261717438697815,24.256780624389648,23.995063185691833,0.530645137837712,1.055316247844446,3254.446630358689617,0.342221498489380,0.624923872947693
548,MX14034,548,1476.000000000000000,0.025625000410000,0.265654087066650,4.159141540527344,3.893487453460693,0.348701280084890,0.187261628652492,514.683089405297665,0.321708932518959,0.367756977677345
549,MX13009,549,685.000000000000000,0.011892361301389,0.517056643962860,12.090456962585449,11.573400318622589,1.787241995421639,1.536664441898279,1224.260766863822937,1.208857417106628,3.494006061553955
550,MX14009,550,560.000000000000000,0.009722222377778,0.428559958934784,13.771616935729980,13.343056976795197,1.701309215170996,1.996729655303235,952.733160495757943,0.982783049345016,3.701541996002197
551,MX20010,551,1235.000000000000000,0.021440972565278,0.278461188077927,36.984298706054688,36.705837517976761,1.057545571867752,2.399938698807915,1306.068781256673219,0.527359664440155,1.669155645370487
552,MX07014,552,772.000000000000000,0.013402777992222,0.424580723047256,11.367291450500488,10.942710727453232,1.074856991865165,1.171530057270156,829.789597719907306,0.661913990974426,1.955524337291717
553,MX19010,553,543.000000000000000,0.009427083484167,0.789330244064331,64.835815429687500,64.046485185623169,8.160364188651794,10.534783593169720,4431.077754437924341,3.947976827621460,20.031573867797853
554,MX29007,554,285.000000000000000,0.004947916745833,0.491023063659668,17.255031585693359,16.764008522033691,1.958497297031837,3.028853869704953,558.171729654073602,0.705709695816040,4.375347805023199
555,MX20030,555,277.000000000000000,0.004809027854722,0.442173361778259,11.588242530822754,11.146069169044495,1.628777516447682,1.901530578950527,451.171372056007840,0.926200628280640,3.854060506820679
556,MX25010,556,21693.000000000000000,0.376614589359167,0.242137432098389,67.919181823730469,67.677044391632080,0.472808603637474,1.100934414502700,10256.637038707720421,0.316447883844376,0.581311702728271
557,MX14037,557,879.000000000000000,0.015260416910833,0.281980544328690,14.789344787597656,14.507364243268967,0.784234052971090,1.505349411038984,689.341732561588174,0.408940643072128,1.056455183029175
558,MX30205,558,1973.000000000000000,0.034253472770278,0.268163532018661,15.593403816223145,15.325240284204483,0.523250533899437,0.885919213039958,1032.373303383588564,0.363163769245148,0.727274727821350
559,MX14054,559,566.000000000000000,0.009826389046111,0.288251519203186,5.044848918914795,4.756597399711609,0.533967488909358,0.521641588676478,302.225598722696873,0.364830031991005,0.872158706188202
560,MX01010,560,2561.000000000000000,0.044461806266944,0.339289873838425,25.260139465332031,24.920849591493607,1.105903734457023,1.550862721954868,2832.219463944435120,0.697509050369263,1.879492282867432
561,MX28021,561,8282.000000000000000,0.143784724522778,0.247294127941132,24.615926742553711,24.368632614612579,0.641647388878376,1.591821310646569,5314.123674690707048,0.338898792862892,0.780488294363022
562,MX22011,562,3739.000000000000000,0.064913195483056,0.341296881437302,74.083831787109375,73.742534905672073,5.116099521362327,7.987012716952870,19129.096110373739066,1.774036884307861,14.054162025451662
563,MX24058,563,4162.000000000000000,0.072256945600556,0.249069258570671,9.726983070373535,9.477913811802864,0.400556754691419,0.476326228729414,1667.117213025683895,0.318072229623795,0.472746118903160
564,MX10018,564,18258.000000000000000,0.316979171738333,0.239747971296310,12.930301666259766,12.690553694963455,0.305960575826872,0.286115255520255,5586.228193447027479,0.285984203219414,0.307515466213226
565,MX15064,565,681.000000000000000,0.011822916855833,0.511758863925934,18.855276107788086,18.343517243862152,2.132536549837752,2.035997658668188,1452.257390439509209,1.577250123023987,3.876302242279053
566,MX32015,566,1782.000000000000000,0.030937500495000,0.267060756683350,3.810068607330322,3.543007850646973,0.354559030881367,0.174417844074348,631.824193030595552,0.322076186537743,0.396366703510285
567,MX07070,567,401.000000000000000,0.006961805666944,0.334125578403473,9.282428741455078,8.948303163051605,0.821693409559436,0.803256228448935,329.499057233333701,0.620743989944458,1.231914997100830
568,MX14070,568,405.000000000000000,0.007031250112500,2.297227621078491,68.161430358886719,65.864202737808228,21.398769248562090,15.288692422936881,8666.501545667646496,18.375320434570312,42.578498840332031
569,MX32041,569,3195.000000000000000,0.055468750887500,0.253673464059830,6.253839492797852,6.000166028738022,0.326371307505501,0.207147125176500,1042.756327480077289,0.303087979555130,0.333026999235153
570,MX08064,570,2446.000000000000000,0.042465278457222,0.248511642217636,5.274668216705322,5.026156574487686,0.359523476583491,0.293159994130465,879.394423723219234,0.303456947207451,0.391847521066666
571,MX25008,571,8260.000000000000000,0.143402780072222,0.250665754079819,43.398086547851562,43.147420793771744,0.564920234164228,1.580120407540978,4666.241134196527128,0.333683550357819,0.672235107421875
572,MX13020,572,1203.000000000000000,0.020885417000833,0.248148486018181,1.302415728569031,1.054267242550850,0.324690590735683,0.092221088010577,390.602780655026322,0.303495734930038,0.366699075698853
573,MX21061,573,488.000000000000000,0.008472222357778,0.367325186729431,4.218748569488525,3.851423382759094,0.643620226471150,0.336340021121106,314.086670517921277,0.561619579792023,0.859925156831741
574,MX20029,574,175.000000000000000,0.003038194493056,0.321440130472183,2.445994138717651,2.124554008245468,0.609912315436772,0.385814871165526,106.734655201435075,0.470745354890823,1.018034219741821
575,MX13021,575,607.000000000000000,0.010538194613056,0.596945106983185,27.748197555541992,27.151252448558807,1.681215641526061,2.660965170250776,1020.497894406318778,0.787826538085938,3.244315481185911
576,MX17008,576,335.000000000000000,0.005815972315278,1.294370055198669,24.424455642700195,23.130085587501526,9.703583079309615,7.247714566754321,3250.700331568721140,7.896640777587891,20.046583175659180
577,MX27007,577,2912.000000000000000,0.050555556364444,0.263558000326157,31.258932113647461,30.995374113321304,0.693178119086710,1.924580225468857,2018.534682780499224,0.356745690107346,0.781342709064484
578,MX29046,578,249.000000000000000,0.004322916735833,0.367823898792267,12.147711753845215,11.779887855052948,0.867129608569854,1.305294156000064,215.915272533893528,0.512085616588593,1.235666418075562
579,MX30065,579,2064.000000000000000,0.035833333906667,0.382317662239075,34.579772949218750,34.197455286979675,1.492915633213957,2.760950497781009,3081.377866953607736,0.755656003952026,2.719983506202698
580,MX26025,580,3117.000000000000000,0.054114584199167,0.310272067785263,106.234329223632812,105.924057155847549,1.654478967562679,5.787450290870397,5157.010941892871415,0.455920428037643,1.765999150276184
581,MX14035,581,6300.000000000000000,0.109375001750000,0.338235259056091,43.171730041503906,42.833494782447815,0.909694616061356,2.190700481234026,5731.076081186540250,0.515034854412079,1.185100710391998
582,MX02001,582,284403.000000000000000,4.937552162334168,0.221226409077644,81.549301147460938,81.328074738383293,0.349125513158982,1.075669852510535,99292.343318953848211,0.272277206182480,0.304906404018402
583,MX21062,583,258.000000000000000,0.004479166738333,0.445429474115372,4.390170097351074,3.944740623235703,0.857419540138208,0.657121473677937,221.214241355657578,0.562988549470901,1.743174612522125
584,MX13022,584,706.000000000000000,0.012256944640556,0.648131787776947,15.947858810424805,15.299727022647858,2.001869087516417,1.770855025584831,1413.319575786590576,1.369228065013885,4.006785035133362
585,MX16031,585,2112.000000000000000,0.036666667253333,0.315502256155014,7.916393280029297,7.600891023874283,0.577322626909750,0.451602367398565,1219.305388033391409,0.474204450845718,0.784995186328888
586,MX16032,586,1211.000000000000000,0.021024305891944,0.294525891542435,6.190370082855225,5.895844191312790,0.521711333343355,0.475948637323372,631.792424678802945,0.359673410654068,0.841493189334869
587,MX04009,587,23595.000000000000000,0.409635423220833,0.227737024426460,36.025051116943359,35.797314092516899,0.383956800687613,0.986476622866454,9059.460712224239614,0.293192654848099,0.371044665575028
588,MX05008,588,5376.000000000000000,0.093333334826667,0.267994493246078,11.632843971252441,11.364849478006363,0.395932109061895,0.519339483777997,2128.531018316746668,0.328274175524712,0.395666182041168
589,MX25009,589,6810.000000000000000,0.118229168558333,0.265946745872498,35.560329437255859,35.294382691383362,0.634783931586359,1.779602683033096,4322.878574103106985,0.349514067173004,0.634848749637604
590,MX07032,590,2019.000000000000000,0.035052083894167,0.240388363599777,20.286630630493164,20.046242266893387,0.602303440814976,0.942197251163764,1216.050647005437440,0.421863228082657,0.908544170856476
591,MX29012,591,689.000000000000000,0.011961805746944,0.510477542877197,5.849167823791504,5.338690280914307,0.893012809563098,0.593693139754751,615.285825788974648,0.678221464157104,1.418134880065919
592,MX21063,592,392.000000000000000,0.006805555664444,0.447065621614456,22.071338653564453,21.624273031949997,1.665243781114720,2.675091444187133,652.775562196970327,0.830976963043213,3.010006499290469
593,MX30066,593,1202.000000000000000,0.020868055889444,0.371747821569443,3.543449401855469,3.171701580286026,0.567870414842187,0.284461827298353,682.580238640308949,0.483693078160286,0.785403561592102
594,MX31032,594,3674.000000000000000,0.063784723242778,0.251047611236572,11.631973266601562,11.380925655364990,0.381082514794741,0.594625655676414,1400.097159355878375,0.294459894299507,0.360522252321243
595,MX26026,595,4882.000000000000000,0.084756945800556,0.271995395421982,21.448587417602539,21.176592022180557,0.692344333776585,1.221579320856492,3380.025037497287940,0.409792944788933,1.032531559467317
596,MX14036,596,1696.000000000000000,0.029444444915556,0.277598559856415,24.338222503662109,24.060623943805695,0.679537770232924,1.794083693411299,1152.496058315039818,0.347032338380814,0.670274823904037
597,MX22007,597,1505.000000000000000,0.026128472640278,0.421047806739807,22.814214706420898,22.393166899681091,1.676463780133825,2.187789008707419,2523.077989101407184,0.937914788722992,3.412065553665161
598,MX23002,598,63566.000000000000000,1.103576406546111,0.216213911771774,44.785583496093750,44.569369584321976,0.324790955551435,0.722661043367621,20645.661880582541926,0.278672039508820,0.307296141982079
599,MX30067,599,215.000000000000000,0.003732638948611,0.338533163070679,3.019285678863525,2.680752515792847,0.573312030004900,0.383276751042294,123.262086451053605,0.433461666107178,0.865095829963684
600,MX12030,600,1221.000000000000000,0.021197917005833,0.298717945814133,13.796533584594727,13.497815638780594,0.644193508994081,1.091364643675246,786.560274481772808,0.405761063098907,0.847039341926575
601,MX30068,601,301.000000000000000,0.005225694528056,0.681135833263397,21.879529953002930,21.198394119739532,4.526939942789232,4.474448677685482,1362.608922779558952,2.570575475692749,11.262463569641113
602,MX05009,602,14631.000000000000000,0.254010420730833,0.250232964754105,50.008590698242188,49.758357733488083,0.647404810454839,2.338721700098193,9472.179781764751169,0.309474319219589,0.674967527389526
603,MX13023,603,485.000000000000000,0.008420139023611,0.615896761417389,18.792921066284180,18.177024304866791,2.722846166374758,2.526095208200015,1320.580390691757657,1.913016080856323,5.442558097839356
604,MX07033,604,1025.000000000000000,0.017795139173611,0.285729348659515,1.999255776405334,1.713526427745819,0.415490252070310,0.178333523729891,425.877508372068064,0.366660654544830,0.514891302585602
605,MX21064,605,2148.000000000000000,0.037291667263333,0.295056670904160,12.667577743530273,12.372521072626114,0.509867132403775,0.699886194497382,1095.194600403308641,0.376003801822662,0.639465588331223
606,MX32010,606,25895.000000000000000,0.449565979415278,0.260722666978836,60.424835205078125,60.164112538099289,0.751258505067438,2.723837588166879,19453.838988721294299,0.353106707334518,0.778138482570648
607,MX20032,607,298.000000000000000,0.005173611193889,0.281451523303986,1.454362511634827,1.172910988330841,0.371745468186052,0.156896037333928,110.780149519443526,0.327080219984055,0.458321130275726
608,MX05010,608,2393.000000000000000,0.041545139553611,0.346204400062561,55.249683380126953,54.903478980064392,2.580336300326949,7.086684185038401,6174.744766682389127,0.610388100147247,3.812411260604860
609,MX07034,609,3709.000000000000000,0.064392362141389,0.279540568590164,13.337368965148926,13.057828396558762,0.751852494055578,0.967875083876928,2788.620900452139722,0.473389208316803,1.327683687210083
610,MX07035,610,451.000000000000000,0.007829861236389,0.448102086782455,5.843430042266846,5.395327955484390,0.873314885368897,0.609034544908156,393.865013301372414,0.704665720462799,1.251107215881348
611,MX26027,611,14236.000000000000000,0.247152781732222,0.251773238182068,28.325904846191406,28.074131608009338,0.342692488042968,0.781823260815886,4878.570259779688058,0.295170798897743,0.321134731173515
612,MX16033,612,1809.000000000000000,0.031406250502500,0.274246513843536,10.635009765625000,10.360763251781464,0.523552144245920,0.709361845588712,947.105828940868491,0.364831775426865,0.681015825271607
613,MX08023,613,9319.000000000000000,0.161788197033056,0.252389669418335,10.364217758178711,10.111828088760376,0.350270737792841,0.406961746208818,3264.173005491488311,0.304295361042023,0.351084905862808
614,MX19017,614,36338.000000000000000,0.630868065649445,0.244912579655647,17.916624069213867,17.671711489558220,0.398049753469093,0.502118523037795,14464.331941559885308,0.315720021724701,0.444291996955872
615,MX19018,615,5359.000000000000000,0.093038195933056,0.355479031801224,67.346351623535156,66.990872591733932,3.477269173385848,7.781130396447773,18634.685500174760818,0.644577682018280,10.073270225524887
616,MX32012,616,4028.000000000000000,0.069930556674444,0.266367077827454,8.631061553955078,8.364694476127625,0.432808323547822,0.414287116381068,1743.351927250625295,0.350821703672409,0.496953263878822
617,MX19020,617,9786.000000000000000,0.169895836051667,0.269327789545059,16.067579269409180,15.798251479864120,0.417330638262456,0.647703766777420,4083.997626036396923,0.343104586005211,0.423870101571083
618,MX12031,618,1281.000000000000000,0.022239583689167,0.256782621145248,3.035747051239014,2.778964430093765,0.331810207477684,0.140357378905106,425.048875778913668,0.308704853057861,0.378465414047241
619,MX05011,619,13657.000000000000000,0.237100698238056,0.257547199726105,15.557916641235352,15.300369441509247,0.362811286646965,0.339562956406596,4954.913741737595956,0.326729029417038,0.400848817825317
620,MX32013,620,1002.000000000000000,0.017395833611667,0.341164529323578,20.038230895996094,19.697066366672516,0.815269529403089,1.246771772859336,816.900068461894762,0.479980692267418,1.401043522357940
621,MX19021,621,768.000000000000000,0.013333333546667,0.738139033317566,52.182353973388672,51.444214940071106,21.981908134805650,14.435181235801011,16882.105447530739184,21.055006980895996,42.441076660156256
622,MX21065,622,454.000000000000000,0.007881944570556,0.406103342771530,15.464388847351074,15.058285504579544,1.665675980666662,2.315488428801804,756.216895222664448,0.766183823347092,3.967995858192443
623,MX32014,623,24751.000000000000000,0.429704867986389,0.252683818340302,22.217128753662109,21.964444935321808,0.331027492458790,0.294390374219696,8193.261465847504951,0.304821789264679,0.346347510814667
624,MX12032,624,8473.000000000000000,0.147100696798056,0.228321522474289,14.980169296264648,14.751847773790359,0.341882554339600,0.349467481540820,2896.770882919429368,0.298230737447739,0.395709753036499
625,MX32016,625,2240.000000000000000,0.038888889511111,0.329494982957840,8.639163970947266,8.309668987989426,0.668606702012143,0.788147842695017,1497.679012507201378,0.429994747042656,1.073539423942567
626,MX26070,626,19968.000000000000000,0.346666672213333,0.234882742166519,36.579353332519531,36.344470590353012,0.377681294009863,1.062396001739198,7541.540078788946630,0.292914897203445,0.328953659534454
627,MX10006,627,11242.000000000000000,0.195173614233889,0.261796087026596,7.422321796417236,7.160525709390640,0.338972136770633,0.242646916323361,3810.724761575460889,0.309288293123245,0.342497393488884
628,MX19022,628,12795.000000000000000,0.222135420220833,0.255365192890167,9.865526199340820,9.610161006450653,0.372403767333455,0.293094838484581,4764.906203031555378,0.320381164550781,0.437373507022858
629,MX19023,629,2017.000000000000000,0.035017361671389,0.275117695331573,5.688062191009521,5.412944495677948,0.377289040657808,0.294443834098306,760.991995006799584,0.333864986896515,0.383924347162247
630,MX19024,630,6675.000000000000000,0.115885418520833,0.233347177505493,8.327008247375488,8.093661069869995,0.318641254933138,0.264438985768502,2126.930376678697030,0.289852678775787,0.318494802713394
631,MX19025,631,953.000000000000000,0.016545139153611,0.512720942497253,68.759468078613281,68.246747136116028,7.448327411071707,10.369556410691734,7098.256022751336786,2.879620075225830,22.817623519897484
632,MX08025,632,4570.000000000000000,0.079340279047222,0.248741418123245,10.909723281860352,10.660981863737106,0.396664158318444,0.587877396381606,1812.755203515290077,0.304822906851768,0.380424666404724
633,MX14079,633,1764.000000000000000,0.030625000490000,0.288218647241592,8.419232368469238,8.131013721227646,0.542882907029048,0.691721894365944,957.645447999239991,0.369841620326042,0.703437232971191
634,MX28011,634,3699.000000000000000,0.064218751027500,0.250088036060333,7.939258575439453,7.689170539379120,0.354549310052031,0.280678394655057,1311.477897882462912,0.313124030828476,0.415687835216522
635,MX10007,635,4356.000000000000000,0.075625001210000,0.467496395111084,126.864974975585938,126.397478580474854,6.152405627359211,12.232654064170019,26799.878912776723155,1.848287343978882,12.872198581695557
636,MX28012,636,16421.000000000000000,0.285086810116944,0.241103127598763,18.219326019287109,17.978222891688347,0.377850893025320,0.504339631582133,6204.689514368785240,0.318802207708359,0.402332723140717
637,MX08026,637,2581.000000000000000,0.044809028494722,0.287279427051544,8.886294364929199,8.599014937877655,0.427993306190826,0.405907781276856,1104.650723278522491,0.354347884654999,0.480122983455658
638,MX26028,638,1959.000000000000000,0.034010417210833,0.251114428043365,4.769380569458008,4.518266141414642,0.303317718340950,0.217605826132251,594.199410229920204,0.284911870956421,0.300913298130035
639,MX14038,639,4184.000000000000000,0.072638890051111,0.252851456403732,8.858188629150391,8.605337172746658,0.327449952011810,0.258497700273431,1370.050599217413037,0.303281381726265,0.332519111037254
640,MX08027,640,36571.000000000000000,0.634913204603056,0.230491191148758,23.867719650268555,23.637228459119797,0.303200470864920,0.411935525179247,11088.344420000974424,0.282182216644287,0.303171455860138
641,MX14039,641,754.000000000000000,0.013090277987222,2.818622827529907,119.418647766113281,116.600024938583374,45.894957436490749,14.375177746125042,34604.797907114021655,47.086261749267578,59.871543884277344
642,MX24017,642,18993.000000000000000,0.329739588609167,0.251920163631439,8.838095664978027,8.586175501346588,0.359917825242954,0.242260674357505,6835.919254839424866,0.318334758281708,0.401579153537750
643,MX08028,643,32483.000000000000000,0.563940981245278,0.254219204187393,36.916820526123047,36.662601321935654,0.342470807350683,0.482876881057453,11124.479235172233530,0.306355714797974,0.352394157648087
644,MX19026,644,611.000000000000000,0.010607639058611,2.796510457992554,68.722854614257812,65.926344156265259,31.974265749832991,13.500536856562489,19536.276373147957202,35.495815277099609,46.737068176269531
645,MX21066,645,754.000000000000000,0.013090277987222,0.283895790576935,8.528753280639648,8.244857490062714,0.573860338772955,0.702461475463297,432.690695434808390,0.372880414128304,0.877260988950730
646,MX32017,646,4138.000000000000000,0.071840278927222,0.305574595928192,62.563301086425781,62.257726490497589,2.205710484093949,6.459749383153360,9127.229983180761337,0.463151261210442,3.361841773986817
647,MX20034,647,154.000000000000000,0.002673611153889,0.289988607168198,4.665688514709473,4.375699907541275,0.789987075057897,0.851516766155673,121.658009558916135,0.445693418383598,1.573208343982697
648,MX20033,648,19.000000000000000,0.000329861116389,1.613078117370605,7.056873321533203,5.443795204162598,4.070153211292468,1.915142460274202,77.332911014556899,4.052944183349609,6.932519817352295
649,MX10008,649,6761.000000000000000,0.117378474100278,0.257157355546951,48.365886688232422,48.108729332685471,0.590141921693311,1.971268399980636,3989.949532568473842,0.319953024387360,0.504356205463409
650,MX21067,650,1130.000000000000000,0.019618055869444,0.353024750947952,23.387845993041992,23.034821242094040,0.891230844765638,1.649102889062688,1007.090854585170405,0.521114498376846,1.336943817138672
651,MX08029,651,50023.000000000000000,0.868454875006389,0.221695542335510,50.332763671875000,50.111068129539490,0.294523385667153,0.486645112789072,14732.943321227976412,0.276685684919357,0.296849936246872
652,MX10009,652,28487.000000000000000,0.494565980135278,0.232713416218758,17.237890243530273,17.005176827311516,0.292483478505234,0.230335260142741,8331.976852178588160,0.278749763965607,0.298783105611801
653,MX11015,653,5079.000000000000000,0.088177084744167,0.339960932731628,86.291389465332031,85.951428532600403,2.077735331618761,5.332030312625129,10552.817749291689324,0.697053909301758,3.194353151321411
654,MX25011,654,13163.000000000000000,0.228524309211944,0.245861575007439,56.073368072509766,55.827506497502327,1.014796242792584,2.750539150164825,13357.762943878786245,0.451067090034485,1.430618214607239
655,MX26029,655,41602.000000000000000,0.722256956000556,0.240973517298698,54.251918792724609,54.010945275425911,0.496173735592480,1.883348671498846,20641.819748118356074,0.297580316662788,0.379471096396446
656,MX08030,656,9575.000000000000000,0.166232641548611,0.234836369752884,14.923123359680176,14.688286989927292,0.308830203413963,0.328739919624134,2957.049197688699223,0.283676803112030,0.316984051465988
657,MX20035,657,22.000000000000000,0.000381944450556,0.364524304866791,2.146977424621582,1.782453119754791,0.818087042732672,0.556040102002761,17.997914940118790,0.557407140731812,1.845505559444428
658,MX28013,658,6181.000000000000000,0.107309029494722,0.254224509000778,8.260658264160156,8.006433755159378,0.455631804295563,0.383867699141766,2816.260182350876676,0.364796221256256,0.616607248783112
659,MX05012,659,15458.000000000000000,0.268368059849445,0.270139932632446,8.271625518798828,8.001485586166382,0.353110892738898,0.211647737851923,5458.388179957884859,0.329998016357422,0.377333551645279
660,MX08031,660,30398.000000000000000,0.527743063999444,0.236419290304184,22.547739028930664,22.311319738626480,0.356614363058999,0.516857324563524,10840.363408267448904,0.294192552566528,0.374832507967949
661,MX28014,661,12596.000000000000000,0.218680559054444,0.266393065452576,19.119310379028320,18.852917313575745,0.375043560577768,0.486582124452280,4724.048689037569602,0.334883153438568,0.403803721070290
662,MX20036,662,1373.000000000000000,0.023836805936944,0.261904239654541,1.440600752830505,1.178696513175964,0.340014486723543,0.079563713188485,466.839890271425134,0.323483318090439,0.370451939105988
663,MX09005,663,432.000000000000000,0.007500000120000,5.599919795989990,101.750434875488281,96.150515079498291,63.083332396215823,20.378860167775859,27251.999595165234496,68.110633850097656,83.473900604248044
664,MX28015,664,2199.000000000000000,0.038177083944167,0.351536273956299,25.718437194824219,25.366900920867920,0.870361788197506,1.850259160389840,1913.925572246315369,0.507251203060150,1.086629891395569
665,MX30069,665,860.000000000000000,0.014930555794444,0.339439392089844,17.100299835205078,16.760860443115234,0.919343843536321,1.405214885714130,790.635705441236041,0.581863313913345,1.350580263137818
666,MX31033,666,2935.000000000000000,0.050954861926389,0.242623448371887,18.484777450561523,18.242154002189636,0.511838410157564,1.005691065443393,1502.245733812450453,0.308445483446121,0.593458318710327
667,MX04005,667,6321.000000000000000,0.109739585089167,0.241049885749817,25.073442459106445,24.832392573356628,0.438249381430878,0.916602017663515,2770.174340024578669,0.298899680376053,0.425988197326660
668,MX21068,668,252.000000000000000,0.004375000070000,0.385688513517380,2.537693500518799,2.152004987001419,0.611320875703342,0.296246348854063,154.052860677242307,0.505720734596252,0.879221439361572
669,MX26030,669,90117.000000000000000,1.564531275032500,0.231494113802910,162.997329711914062,162.765835598111153,1.012986986613365,5.371879292139697,91287.348272636634647,0.310567885637283,0.603614938259125
670,MX20028,670,1551.000000000000000,0.026927083764167,0.255028724670410,9.571951866149902,9.316923141479492,0.556456376186576,0.682562917997802,863.063839465379601,0.394013106822968,0.800088584423065
671,MX20039,671,1613.000000000000000,0.028003472670278,0.294450968503952,43.068767547607422,42.774316579103470,2.462928307680929,5.932461127816824,3972.703360289338434,0.520262122154236,5.579550170898437
672,MX20043,672,2305.000000000000000,0.040017361751389,0.261558473110199,31.172258377075195,30.910699903964996,1.551114341842897,3.951236903895318,3575.318557947878617,0.537418782711029,1.967237997055054
673,MX20397,673,1700.000000000000000,0.029513889361111,0.285171985626221,29.175903320312500,28.890731334686279,0.914446365798222,2.060522659687725,1554.558821856977829,0.430854380130768,1.264728760719302
674,MX20549,674,2386.000000000000000,0.041423611773889,0.266318738460541,4.442260742187500,4.175942003726959,0.406359798500543,0.297288509233367,969.574479222295281,0.334722205996513,0.501858636736870
675,MX05013,675,5939.000000000000000,0.103107640538611,0.280890315771103,26.148483276367188,25.867592960596085,0.403643769760448,0.735090857382146,2397.240348607303076,0.339636027812958,0.380089461803436
676,MX10010,676,24375.000000000000000,0.423177090104167,0.243129119277000,8.791683197021484,8.548554077744484,0.299592164633825,0.157515043890483,7302.559012949477619,0.289547711610794,0.308987355232239
677,MX16034,677,5667.000000000000000,0.098385418240833,0.241777196526527,21.184432983398438,20.942655786871910,0.690144615972591,1.474497357417629,3911.049538716671577,0.359497070312500,0.981195759773255
678,MX19047,678,890.000000000000000,0.015451389136111,0.347587406635284,21.079257965087891,20.731670558452606,1.322737183329762,2.440797820808393,1177.236093163488022,0.614577829837799,2.300768780708313
679,MX28016,679,10935.000000000000000,0.189843753037500,0.250177264213562,10.809380531311035,10.559203267097473,0.341084840148347,0.274834108493621,3729.762727022178296,0.303933560848236,0.371597224473953
680,MX08032,680,10085.000000000000000,0.175086808356944,0.246660098433495,53.370273590087891,53.123613491654396,0.715170202953541,2.706921388699775,7212.491496786463358,0.297722458839417,0.484451061487198
681,MX30070,681,5173.000000000000000,0.089809029214722,0.262173026800156,4.420172691345215,4.157999664545059,0.364979114070198,0.129475293044445,1888.036957085132599,0.340338557958603,0.431221485137940
682,MX19028,682,2301.000000000000000,0.039947917305833,0.303698390722275,14.078455924987793,13.774757534265518,0.509624087450454,0.624585695745590,1172.645025223494258,0.410274207592010,0.686390221118927
683,MX31034,683,474.000000000000000,0.008229166798333,0.310788214206696,4.664842605590820,4.354054391384125,0.537864647711380,0.519202729606381,254.947843015194053,0.389506936073303,0.720651882886887
684,MX31035,684,606.000000000000000,0.010520833501667,0.301769077777863,6.739268302917480,6.437499225139618,0.538257996683860,0.706496903111222,326.184345990419331,0.368269234895706,0.633658707141876
685,MX31036,685,992.000000000000000,0.017222222497778,0.265437722206116,8.310322761535645,8.044885039329529,0.448139115807510,0.619535389065392,444.554002881049882,0.318476736545563,0.481996706128120
686,MX21057,686,319.000000000000000,0.005538194533056,0.386228263378143,8.273439407348633,7.887211143970490,0.816596087804035,0.571310634278330,260.494152009487152,0.736729502677917,1.178208971023559
687,MX04006,687,38534.000000000000000,0.668993066259445,0.234268754720688,18.866052627563477,18.631783872842789,0.317803077724174,0.335406412236359,12246.223797023307270,0.287271007895470,0.325933367013931
688,MX14040,688,3787.000000000000000,0.065746528829722,0.261469483375549,11.220901489257812,10.959432005882263,0.394300801279617,0.437730934248898,1493.217134445909096,0.326238691806793,0.448774820566177
689,MX26031,689,6455.000000000000000,0.112065974015278,0.238042131066322,3.942614793777466,3.704572662711143,0.289964093010523,0.098332347492904,1871.718220382927711,0.283627450466156,0.299359065294266
690,MX18005,690,11337.000000000000000,0.196822919815833,0.246662646532059,5.222189426422119,4.975526779890060,0.317607607069790,0.135553462195724,3600.717441350210720,0.301371812820435,0.331168806552887
691,MX19029,691,653.000000000000000,0.011336805736944,0.312070876359940,18.191144943237305,17.879074066877365,0.938703484091605,1.852447436817150,612.973375111817859,0.496802985668182,1.193679451942445
692,MX29013,692,1718.000000000000000,0.029826389366111,0.453399956226349,43.514064788818359,43.060664832592010,2.088041585385455,4.058673295115081,3587.255443692211429,0.920408487319946,3.677223110198974
693,MX12033,693,1349.000000000000000,0.023420139263611,0.285350173711777,7.501155853271484,7.215805679559708,0.509096079618511,0.577916845930728,686.770611405371938,0.359274655580521,0.700827491283417
694,MX16036,694,482.000000000000000,0.008368055689444,0.335628420114517,8.340314865112305,8.004686444997787,0.851555967726648,1.131552155357778,410.449976444244271,0.437921628355980,1.749262642860414
695,MX11016,695,632.000000000000000,0.010972222397778,0.549027681350708,16.149641036987305,15.600613355636597,1.517320417716534,1.644414977644433,958.946503996849515,0.983909666538239,2.690461254119873
696,MX16037,696,997.000000000000000,0.017309028054722,0.294077157974243,4.323019981384277,4.028942823410034,0.524247984768992,0.394619077672853,522.675240814685367,0.398292511701584,0.799268972873687
697,MX32018,697,1882.000000000000000,0.032673611633889,0.272410422563553,6.775921821594238,6.503511399030685,0.430890820785866,0.377077136310109,810.936524718999408,0.350398227572441,0.547870630025864
698,MX21069,698,1148.000000000000000,0.019930555874444,0.415515840053558,7.742213249206543,7.326697409152985,0.978772961693567,0.815262428446384,1123.631360024215383,0.670069724321365,1.931342947483062
699,MX26032,699,4423.000000000000000,0.076788195673056,0.244067683815956,7.393784999847412,7.149717316031456,0.301072759698237,0.218618590884459,1331.644816145302684,0.286049097776413,0.302428096532822
700,MX13024,700,1515.000000000000000,0.026302083754167,0.345217585563660,4.771666526794434,4.426448941230774,0.855993101128650,0.568060477296531,1296.829548209905397,0.634461879730225,1.518486094474793
701,MX26033,701,9201.000000000000000,0.159739585889167,0.256238937377930,28.162946701049805,27.906707763671875,0.551233158913167,1.342931011891811,5071.896295160046066,0.328983485698700,0.668996274471283
702,MX21070,702,831.000000000000000,0.014427083564167,0.371965527534485,9.173084259033203,8.801118731498718,0.888741683120763,0.835007879129856,738.544338673353877,0.557682096958160,1.777980923652649
703,MX30071,703,1001.000000000000000,0.017378472500278,0.307650119066238,20.788940429687500,20.481290310621262,1.228951731523674,2.383075514234029,1230.180683255197664,0.672147870063782,1.507958889007568
704,MX21071,704,1244.000000000000000,0.021597222567778,0.378380358219147,30.574831008911133,30.196450650691986,2.240368655951653,3.877914108256042,2787.018608003856116,0.914036571979523,5.050961589813232
705,MX20040,705,230.000000000000000,0.003993055619444,0.299899846315384,3.085438251495361,2.785538405179977,0.620289674790009,0.383762356381678,142.666625201702175,0.483454674482346,1.079253387451172
706,MX13025,706,1460.000000000000000,0.025347222627778,0.297449976205826,4.126870155334473,3.829420179128647,0.470283129341798,0.269307152440481,686.613368839025384,0.393341407179832,0.652208918333054
707,MX20041,707,730.000000000000000,0.012673611313889,0.292867898941040,9.501855850219727,9.208987951278687,0.737435097318806,0.869078277972492,538.327621042728424,0.483948245644569,1.158175742626190
708,MX30072,708,2602.000000000000000,0.045173611833889,0.267949461936951,6.569929599761963,6.301980137825012,0.392177534369119,0.295235685223439,1020.445944428446410,0.339464932680130,0.470714417099953
709,MX13026,709,538.000000000000000,0.009340277927222,0.297542870044708,2.868021488189697,2.570478618144989,0.455753709137661,0.206524327968831,245.195495516061840,0.390246853232384,0.627847260236740
710,MX07037,710,1472.000000000000000,0.025555555964444,0.282583892345428,13.237646102905273,12.955062210559845,0.731950600003905,0.881257498688285,1077.431283205747604,0.560251653194427,1.035979175567627
711,MX13027,711,1066.000000000000000,0.018506944740556,0.288205295801163,3.508635520935059,3.220430225133896,0.487157289518872,0.313769179281757,519.309670627117384,0.386744424700737,0.713163137435913
712,MX21072,712,235.000000000000000,0.004079861176389,0.399206995964050,3.126113653182983,2.726906657218933,0.721825600558139,0.413306433789922,169.629016131162757,0.589821338653564,1.206140422821045
713,MX24018,713,361.000000000000000,0.006267361211389,0.373788386583328,3.638240098953247,3.264451712369919,0.716247936695236,0.404592972494814,258.565505146980342,0.599679946899414,1.036372780799866
714,MX21073,714,681.000000000000000,0.011822916855833,0.286913424730301,6.114768505096436,5.827855080366135,0.522921831378503,0.614229494073375,356.109767168760300,0.370836079120636,0.658234238624573
715,MX21150,715,888.000000000000000,0.015416666913333,0.374298810958862,4.976364612579346,4.602065801620483,0.622418210346689,0.493919250264067,552.707370787859418,0.483150914311409,0.873830974102020
716,MX15035,716,595.000000000000000,0.010329861276389,0.966783881187439,52.539386749267578,51.572602868080139,9.718943100316173,10.489343127361415,5782.771144688123059,4.548783779144287,26.398118209838870
717,MX08033,717,4477.000000000000000,0.077725695688056,0.245615229010582,2.904089212417603,2.658473983407021,0.307139294615995,0.092333529639300,1375.062621995809195,0.294238060712814,0.324271380901337
718,MX21074,718,855.000000000000000,0.014843750237500,0.433298707008362,48.053016662597656,47.619717955589294,4.845826567787874,6.682385361902293,4143.181715458632425,2.280670166015625,13.282477569580083
719,MX14041,719,1560.000000000000000,0.027083333766667,0.268784105777740,10.926579475402832,10.657795369625092,0.506519802010213,0.720831415314563,790.170891135932266,0.341948539018631,0.672353947162629
720,MX14042,720,3904.000000000000000,0.067777778862222,0.248091176152229,16.424232482910156,16.176141306757927,0.396027404566860,0.734521213727095,1546.090987429022562,0.300116509199142,0.419910618662835
721,MX13028,721,1979.000000000000000,0.034357639438611,0.325928062200546,20.361352920532227,20.035424858331680,1.062904295820730,1.699452993228684,2103.487601429223560,0.619169354438782,1.586263060569763
722,MX26034,722,2252.000000000000000,0.039097222847778,0.243226841092110,4.542287826538086,4.299060985445976,0.310389005104295,0.177750818438914,698.996039494871866,0.287513524293900,0.316740337014198
723,MX16038,723,10158.000000000000000,0.176354169488333,0.224178969860077,17.045085906982422,16.820906937122345,0.364057902791681,0.525006588069381,3698.100176557894429,0.291809454560280,0.397133919596672
724,MX21075,724,375.000000000000000,0.006510416770833,0.334546416997910,5.500555992126465,5.166009575128555,0.744751840670904,0.741815635300091,279.281940251588878,0.418892711400986,1.616584706306458
725,MX30073,725,3489.000000000000000,0.060572917635833,0.279795885086060,13.241381645202637,12.961585760116577,0.507150226530764,0.627270236440807,1769.447140365835594,0.371402472257614,0.685676622390748
726,MX29014,726,871.000000000000000,0.015121528019722,0.443172484636307,13.789306640625000,13.346134155988693,0.988789927227215,1.180988296506547,861.236026614904063,0.637423276901245,1.683141231536865
727,MX15036,727,1172.000000000000000,0.020347222547778,0.551708817481995,20.245685577392578,19.693976759910583,2.306275425154602,2.790424833133563,2702.954798281194144,1.364271521568298,5.068906736373904
728,MX21076,728,1584.000000000000000,0.027500000440000,0.309106051921844,9.893820762634277,9.584714710712433,0.519549423903978,0.522539961449187,822.966287463901608,0.418141782283783,0.679384320974350
729,MX21077,729,209.000000000000000,0.003628472280278,0.381092458963394,2.349566221237183,1.968473762273788,0.536634383589457,0.254228940018177,112.156586170196547,0.461737275123596,0.651085782051087
730,MX31037,730,987.000000000000000,0.017135416940833,0.259682118892670,7.678426742553711,7.418744623661041,0.415586229908188,0.571737470531894,410.183608919381925,0.315703690052032,0.418214768171310
731,MX13029,731,3298.000000000000000,0.057256945360556,0.338690549135208,35.064289093017578,34.725598543882370,1.043037970430058,2.135185487004533,3439.939226478330966,0.567155420780182,1.689116263389587
732,MX30074,732,93.000000000000000,0.001614583359167,1.260443568229675,27.136711120605469,25.876267552375793,5.464170313650562,5.219928651752610,508.167839169502258,2.988344430923462,13.418899345397948
733,MX27008,733,18020.000000000000000,0.312847227227778,0.269049733877182,3092.337158203125000,3092.068108469247818,3.897830975902441,49.759016871341565,70238.914185761983390,0.779663980007172,3.386576962471008
734,MX22008,734,1939.000000000000000,0.033663194983056,0.477750688791275,18.171712875366211,17.693962186574936,2.012775850209954,1.948499855709947,3902.772373557099854,1.414340853691101,3.917008113861085
735,MX16039,735,396.000000000000000,0.006875000110000,0.349929898977280,4.344589710235596,3.994659811258316,0.640295938560457,0.431989696650161,253.557191669940835,0.499157503247261,0.970901697874069
736,MX07039,736,1668.000000000000000,0.028958333796667,0.310021549463272,10.297140121459961,9.987118571996689,0.695811551823605,0.688806369831938,1160.613668441772461,0.512335151433945,1.039017665386200
737,MX17009,737,936.000000000000000,0.016250000260000,0.532967746257782,17.629743576049805,17.096775829792023,1.319027156911345,1.640236786754374,1234.609418869018782,0.696652978658676,2.680395364761353
738,MX21078,738,342.000000000000000,0.005937500095000,0.357967197895050,4.781502246856689,4.423535048961639,0.808450043201447,0.617573577569621,276.489914774894885,0.603083252906799,1.362111449241640
739,MX21079,739,250.000000000000000,0.004340277847222,0.444765031337738,7.543788909912109,7.099023878574371,1.208100412607193,1.178933742880270,302.025103151798135,0.678113311529160,2.579398775100707
740,MX12034,740,6526.000000000000000,0.113298612923889,0.266843110322952,10.605142593383789,10.338299483060837,0.413837750909556,0.434312940749774,2700.705162435763668,0.334239304065704,0.488343670964241
741,MX15037,741,697.000000000000000,0.012100694638056,1.325670480728149,56.234592437744141,54.908921957015991,13.064209140698226,11.550099475689885,9105.753771066663830,8.856374740600586,30.258808898925778
742,MX07038,742,1523.000000000000000,0.026440972645278,0.283710598945618,12.457585334777832,12.173874735832214,0.671833457695523,0.703474349076781,1023.202356070281098,0.523434937000275,1.002218484878540
743,MX07040,743,1912.000000000000000,0.033194444975556,0.246534258127213,21.038196563720703,20.791662305593491,0.822631512850400,1.580128540819331,1572.871452569964731,0.462857186794281,1.214990198612213
744,MX31038,744,3760.000000000000000,0.065277778822222,0.254505455493927,34.413024902343750,34.158519446849823,0.742025571039066,1.842081351734136,2790.016147106888639,0.347289830446243,0.899430054426193
745,MX30075,745,1861.000000000000000,0.032309028294722,0.342658430337906,16.820648193359375,16.477989763021469,0.777186767748131,0.848827998260210,1446.344574779272307,0.616297006607056,1.144757509231567
746,MX08034,746,15372.000000000000000,0.266875004270000,0.246463671326637,10.988879203796387,10.742415532469749,0.312229809194471,0.253575703471405,4799.596626937408473,0.289567038416862,0.314305320382118
747,MX12035,747,2812.000000000000000,0.048819445225556,0.275787234306335,25.979331970214844,25.703544735908508,1.282832470135614,2.938449317354269,3607.324906021347942,0.429120540618896,2.035498952865603
748,MX12036,748,948.000000000000000,0.016458333596667,0.274691075086594,5.277101993560791,5.002410918474197,0.469302337695274,0.421835534182794,444.898616135119880,0.362919583916664,0.610973197221756
749,MX30076,749,776.000000000000000,0.013472222437778,0.293696969747543,1.548445940017700,1.254748970270157,0.405584664727302,0.142900549782997,314.733699828386477,0.358300417661667,0.545686244964600
750,MX12081,750,1175.000000000000000,0.020399305881944,0.253594964742661,3.035062074661255,2.781467109918594,0.390532771323590,0.194021579612912,458.876006305217970,0.336781591176987,0.523639905452728
751,MX26035,751,11790.000000000000000,0.204687503275000,0.255436658859253,19.627237319946289,19.371800661087036,0.363716424317861,0.627717559717933,4288.216642707585379,0.299286782741547,0.349549341201782
752,MX16040,752,874.000000000000000,0.015173611353889,0.351974219083786,11.656291007995605,11.304316788911819,0.771966053876233,1.010398197126789,674.698331087828024,0.507689982652664,1.196509027481079
753,MX10011,753,12994.000000000000000,0.225590281387222,0.237724572420120,6.584822654724121,6.347098082304001,0.307017765762633,0.167094097916913,3989.388848319650606,0.287298396229744,0.312221586704254
754,MX11017,754,4255.000000000000000,0.073871528959722,0.485481232404709,77.349922180175781,76.864440947771072,6.095801166515936,11.094310825206998,25937.633963525306172,1.839959859848022,16.600629425048830
755,MX16041,755,635.000000000000000,0.011024305731944,0.348204523324966,4.975091457366943,4.626886934041977,0.729945507434410,0.546294738810121,463.515397220850161,0.554573118686676,1.344611787796020
756,MX15038,756,394.000000000000000,0.006840277887222,0.573857903480530,12.686701774597168,12.112843871116638,2.176295931115365,2.464008249435213,857.460596859453972,0.854396224021912,5.793118953704831
757,MX30077,757,4560.000000000000000,0.079166667933333,0.273033708333969,14.717007637023926,14.443973928689957,0.469408793185364,0.724421853059876,2140.504096925261820,0.358254089951515,0.525897109508515
758,MX23003,758,4307.000000000000000,0.074774306751944,0.251504123210907,30.411909103393555,30.160404980182648,0.630319767888692,1.667411050098775,2714.787240296597247,0.320593863725662,0.588505947589874
759,MX19030,759,2886.000000000000000,0.050104167468333,0.255501359701157,7.383771896362305,7.128270536661148,0.343785541283119,0.310533753882509,992.165072143081488,0.307512477040291,0.352226614952087
760,MX21081,760,1515.000000000000000,0.026302083754167,0.249820902943611,3.116041421890259,2.866220518946648,0.336624756494765,0.178242325239941,509.986506089568252,0.299142688512802,0.369711393117905
761,MX21082,761,528.000000000000000,0.009166666813333,0.363226979970932,12.966048240661621,12.602821260690689,1.130288871061622,1.545509061228117,596.792523920536382,0.584296435117722,2.319508576393128
762,MX12037,762,1046.000000000000000,0.018159722512778,0.276683092117310,3.533289194107056,3.256606101989746,0.389064830444739,0.215518145265602,406.961812645196972,0.337993621826172,0.467442050576210
763,MX30078,763,889.000000000000000,0.015434028024722,0.283048659563065,5.539198398590088,5.256149739027023,0.453715963827611,0.363320922633395,403.353491842746507,0.369911491870880,0.608551657199860
764,MX30079,764,744.000000000000000,0.012916666873333,0.313537538051605,4.940992355346680,4.627454817295074,0.483391049247916,0.351406665616066,359.642940640449183,0.408477783203125,0.597572886943818
765,MX07042,765,467.000000000000000,0.008107639018611,0.324563205242157,8.271412849426270,7.946849644184113,0.748362914014934,0.945962618444843,349.485480844974347,0.465720355510712,1.052801394462586
766,MX30083,766,3341.000000000000000,0.058003473150278,0.267343550920486,2.952550411224365,2.685206860303879,0.422281499360000,0.191801844191836,1410.842489361761409,0.368659138679504,0.541533648967743
767,MX30080,767,641.000000000000000,0.011128472400278,0.386866867542267,7.461135387420654,7.074268519878387,0.732071709335316,0.603199672864577,469.257965683937300,0.578393936157227,1.027415275573730
768,MX30082,768,757.000000000000000,0.013142361321389,0.926823437213898,17.453317642211914,16.526494204998016,2.947931802099575,2.132529125862912,2231.584374189378195,2.491940498352051,4.725145435333252
769,MX30081,769,258.000000000000000,0.004479166738333,0.516820490360260,24.637893676757812,24.121073186397552,2.216012977814490,3.382483803036715,571.731348276138419,0.765715241432190,5.565606117248535
770,MX31039,770,693.000000000000000,0.012031250192500,0.329121053218842,5.972716331481934,5.643595278263092,0.512196191203542,0.518196602602915,354.951960504054739,0.379858165979385,0.647440385818482
771,MX30084,771,1644.000000000000000,0.028541667123333,0.350884556770325,4.574449062347412,4.223564505577087,0.521925068521587,0.235602294416387,858.044812649489472,0.463606506586075,0.641468691825867
772,MX13030,772,2434.000000000000000,0.042256945120556,0.314769506454468,22.961437225341797,22.646667718887329,1.368912510947311,1.979435066946149,3331.933051645753949,0.784833163022995,2.654937410354619
773,MX20065,773,355.000000000000000,0.006163194543056,0.273681163787842,1.234983801841736,0.961302638053894,0.381293646466564,0.146823432608455,135.359244495630151,0.335217207670212,0.476844620704651
774,MX21083,774,2774.000000000000000,0.048159722992778,0.310223042964935,3.733295679092407,3.423072636127472,0.513172818190690,0.305630606366849,1423.541397660974098,0.419181555509567,0.710949152708054
775,MX07043,775,616.000000000000000,0.010694444615556,0.330088883638382,5.707130908966064,5.377042025327682,0.526026624170216,0.402180952179965,324.032400488853170,0.457340836524963,0.628899812698364
776,MX29015,776,802.000000000000000,0.013923611333889,0.557123422622681,19.992176055908203,19.435052633285522,2.141865159953918,2.560088026505435,1717.775858283041998,1.102426469326019,5.366594076156614
777,MX30085,777,679.000000000000000,0.011788194633056,0.690980553627014,28.743028640747070,28.052048087120056,3.977487164059867,4.480234635835426,2700.713784396649771,2.341508388519287,9.009913253784184
778,MX07044,778,1370.000000000000000,0.023784722602778,0.381241351366043,9.136156082153320,8.754914730787277,0.876536592993424,0.806888764863979,1200.855132400990442,0.622455835342407,1.481745600700380
779,MX15039,779,1610.000000000000000,0.027951389336111,0.540032267570496,53.401905059814453,52.861872792243958,8.375130705766800,13.469913574196330,13483.960436284547541,1.689396917819977,34.240367126464847
780,MX15040,780,563.000000000000000,0.009774305711944,0.483297169208527,24.755046844482422,24.271749675273895,2.684657963776884,3.271645225952967,1511.462433606385730,1.479422211647034,6.079813671112062
781,MX15041,781,488.000000000000000,0.008472222357778,0.324932307004929,7.689200878143311,7.364268571138382,0.632995750388649,0.624782305357675,308.901926189660514,0.453619956970215,0.951743739843369
782,MX07045,782,524.000000000000000,0.009097222367778,0.335810750722885,4.443564891815186,4.107754141092300,0.564601621839382,0.361422470243721,295.851249843835944,0.470364093780518,0.741406595706940
783,MX29016,783,222.000000000000000,0.003854166728333,0.465063124895096,19.157131195068359,18.692068070173264,1.622589604543136,2.685260649077208,360.214892208576259,0.787009537220001,2.704173803329468
784,MX21084,784,97.000000000000000,0.001684027804722,0.436586260795593,3.429220914840698,2.992634654045105,0.755339684252887,0.507549815969378,73.267949372529998,0.548522591590881,1.146762418746949
785,MX15042,785,1671.000000000000000,0.029010417130833,0.552291572093964,34.574199676513672,34.021908104419708,2.587024833184380,2.612804710745424,4322.918496251098986,1.868606686592102,4.848176956176758
786,MX06006,786,1854.000000000000000,0.032187500515000,0.272545427083969,6.194561958312988,5.922016531229019,0.379363452860967,0.286073868373275,703.339841604232447,0.336890593171120,0.417482930421829
787,MX14044,787,1008.000000000000000,0.017500000280000,0.545027613639832,34.464050292968750,33.919022679328918,3.587728982052167,4.784638664120555,3616.430813908584241,1.836945295333862,9.154073619842533
788,MX14045,788,4162.000000000000000,0.072256945600556,0.299518764019012,16.016799926757812,15.717281162738800,0.765314615772413,0.798541834177473,3185.239430844783783,0.545916497707367,1.308550572395325
789,MX16042,789,620.000000000000000,0.010763889061111,0.369907796382904,10.228556632995605,9.858648836612701,0.866509147180666,1.144527644571442,537.235671252012708,0.491553738713264,1.574077367782595
790,MX20042,790,2747.000000000000000,0.047690972985278,0.245474383234978,6.802614212036133,6.557139828801155,0.334765692564588,0.270779689316897,919.601357474922906,0.300827413797379,0.352090525627136
791,MX18006,791,2467.000000000000000,0.042829861796389,0.258708357810974,23.429121017456055,23.170412659645081,0.641746962522272,1.742325263931841,1583.189756542444229,0.330748409032822,0.639777314662934
792,MX31040,792,2289.000000000000000,0.039739583969167,0.269552111625671,26.915439605712891,26.645887494087219,0.645729660532161,1.619102546059398,1478.075192958116304,0.347093522548676,0.652971577644348
793,MX09006,793,112.000000000000000,0.001944444475556,51.384574890136719,103.307342529296875,51.922767639160156,72.935369457517325,9.836905876562559,8168.761379241940631,71.875808715820312,85.928726196289062
794,MX09007,794,563.000000000000000,0.009774305711944,12.273624420166016,127.881095886230469,115.607471466064453,71.351666423397887,18.715361080695796,40170.988196373007668,71.578811645507812,94.044763183593759
795,MX21085,795,2647.000000000000000,0.045954861846389,0.279231190681458,26.827178955078125,26.547947764396667,1.009402539737276,2.085290574333674,2671.888522684570489,0.451223522424698,1.679884505271912
796,MX13031,796,2212.000000000000000,0.038402778392222,0.261429399251938,8.759682655334473,8.498253256082535,0.385836726650730,0.407961743726523,853.470839351413701,0.315240755677223,0.457432135939598
797,MX16043,797,587.000000000000000,0.010190972385278,0.367023348808289,23.886270523071289,23.519247174263000,2.686909720327016,4.361969930002889,1577.216005831958228,0.841920495033264,8.438079071044921
798,MX18007,798,2527.000000000000000,0.043871528479722,0.261497199535370,25.201908111572266,24.940410912036896,0.504785364731810,1.141334521771577,1275.592616677284241,0.324762970209122,0.538542091846466
799,MX30086,799,1037.000000000000000,0.018003472510278,0.337657541036606,16.437839508056641,16.100181967020035,0.878617190032938,1.175365186515504,911.126026064156918,0.565683066844940,1.548635292053222
800,MX27009,800,2915.000000000000000,0.050607639698611,0.425466239452362,114.350387573242188,113.924921333789825,1.128686771507327,3.385993126790042,3290.121938943858368,0.793671965599060,1.395124149322510
801,MX30088,801,359.000000000000000,0.006232638988611,0.357986450195312,4.468658447265625,4.110671997070312,0.532794371371814,0.412403810281203,191.273179322481184,0.426004320383072,0.661738002300262
802,MX14046,802,2621.000000000000000,0.045503472950278,0.317405104637146,36.712081909179688,36.394676804542542,0.968482043669455,2.319123603456939,2538.391436457641248,0.499641537666321,1.301627516746521
803,MX32019,803,3600.000000000000000,0.062500001000000,0.278550982475281,20.176687240600586,19.898136258125305,0.562444200813769,1.167765895308915,2024.799122929567602,0.347678124904633,0.657877308130264
804,MX27010,804,1817.000000000000000,0.031545139393611,0.548988938331604,322.812988281250000,322.263999342918396,2.842871396273917,11.830858746172146,5165.497327029707776,1.696739315986633,3.522861003875734
805,MX21086,805,1028.000000000000000,0.017847222507778,0.316537827253342,2.141021251678467,1.824483424425125,0.506466810457438,0.257829795814627,520.647881150245780,0.418575763702393,0.751798129081726
806,MX22009,806,5958.000000000000000,0.103437501655000,0.246376812458038,18.813041687011719,18.566664874553680,0.413417761024311,0.683924601257148,2463.143020182847522,0.314931795001030,0.505580341815948
807,MX15044,807,23.000000000000000,0.000399305561944,8.359657287597656,60.493637084960938,52.133979797363281,21.628487006477684,14.017186354592900,497.455201148986703,17.413009643554688,40.697500228881850
808,MX30089,808,1527.000000000000000,0.026510417090833,0.352819889783859,15.867089271545410,15.514269381761551,1.079867255711132,1.797533781287393,1648.957299470897851,0.615472733974457,1.666885733604431
809,MX13032,809,193.000000000000000,0.003350694498056,0.477122813463211,4.645763397216797,4.168640583753586,1.053945490578914,0.660276664046644,203.411479681730384,0.836657524108887,1.767081737518312
810,MX30090,810,652.000000000000000,0.011319444625556,0.463848978281021,9.465309143066406,9.001460164785385,0.976069600304211,0.922584997228212,636.397379398345606,0.694297939538956,1.671542918682098
811,MX14047,811,811.000000000000000,0.014079861336389,0.337309151887894,15.361108779907227,15.023799628019333,1.126199120290478,1.814320100362722,913.347486555577461,0.562078416347504,2.089917898178101
812,MX08035,812,40204.000000000000000,0.697986122278889,0.243680059909821,15.227102279663086,14.983422219753265,0.312984248749085,0.219852878481467,12583.218736708200595,0.297908633947372,0.324396395683289
813,MX17010,813,509.000000000000000,0.008836805696944,0.509279072284698,12.005855560302734,11.496576488018036,1.801141656686374,1.914123247427441,916.781103253364336,1.060359716415405,3.696881866455078
814,MX11018,814,877.000000000000000,0.015225694688056,0.553911805152893,28.352304458618164,27.798392653465271,1.627504575755469,2.694705140745413,1427.321512937546686,0.916153669357300,2.777908229827881
815,MX28017,815,13561.000000000000000,0.235434031544722,0.242614358663559,9.325324058532715,9.082709699869156,0.330311642118976,0.270215750586150,4479.356178775429726,0.302080422639847,0.346595793962479
816,MX11019,816,4385.000000000000000,0.076128473440278,0.322362273931503,15.541567802429199,15.219205528497696,0.647260941427410,0.670113062508026,2838.239228159193772,0.497712105512619,0.910593914985657
817,MX32020,817,7817.000000000000000,0.135711807726944,0.271532773971558,42.323184967041016,42.051652193069458,0.671432123752877,1.934450204558623,5248.584911376240598,0.368074476718903,0.734250414371491
818,MX30091,818,6887.000000000000000,0.119565974135278,0.254340946674347,9.780995368957520,9.526654422283173,0.378812698393961,0.274747809751902,2608.883053839208060,0.336069375276566,0.426792538166046
819,MX01005,819,2532.000000000000000,0.043958334036667,0.376369237899780,55.911266326904297,55.534897089004517,3.355078778902029,7.580260827088420,8495.059468179937539,0.665788799524307,8.356674671173112
820,MX14048,820,3316.000000000000000,0.057569445365556,0.316639333963394,19.881370544433594,19.564731210470200,0.635431320580631,1.066679468842529,2107.090259045372022,0.432135343551636,0.815709888935089
821,MX15045,821,2836.000000000000000,0.049236111898889,0.442141354084015,42.056598663330078,41.614457309246063,1.526953722267543,2.255459645002236,4330.440756350752963,0.901670902967453,2.861910462379456
822,MX30093,822,274.000000000000000,0.004756944520556,0.600217998027802,8.621217727661133,8.020999729633331,1.320040413933079,0.834494111063371,361.691073417663688,1.088391780853271,2.199048852920532
823,MX14049,823,7301.000000000000000,0.126753474250278,0.249383181333542,84.405403137207031,84.156019955873489,0.414294549119487,1.784948530944453,3024.764503121373764,0.305236220359802,0.387945890426636
824,MX15046,824,578.000000000000000,0.010034722382778,0.726386904716492,15.874314308166504,15.147927403450012,2.450888224126559,2.300886952245068,1416.613393545151212,1.715276777744293,5.352667951583864
825,MX05014,825,11707.000000000000000,0.203246531029722,0.266778081655502,7.454340934753418,7.187562853097916,0.365204846259724,0.247304423461497,4275.453135162592844,0.328624069690704,0.390535449981689
826,MX08036,826,56467.000000000000000,0.980329876796389,0.235071435570717,44.551959991455078,44.316888555884361,0.353211336960833,0.962640720646421,19944.784564167355711,0.293425649404526,0.330016100406647
827,MX16044,827,969.000000000000000,0.016822916935833,0.328889220952988,6.953624725341797,6.624735504388809,0.631163107659918,0.617275663284166,611.597051322460175,0.430300325155258,1.099285602569581
828,MX28018,828,8554.000000000000000,0.148506946820556,0.239344254136086,8.885614395141602,8.646270141005516,0.316777199489339,0.260367111106765,2709.712164431803558,0.293623551726341,0.325336739420891
829,MX32021,829,5951.000000000000000,0.103315973875278,0.238827913999557,9.919104576110840,9.680276662111282,0.322078196158770,0.284978480943234,1916.687345340842739,0.287708461284637,0.326128780841827
830,MX16045,830,1206.000000000000000,0.020937500335000,0.319500386714935,26.958158493041992,26.638658106327057,1.480874071197328,3.190155075403308,1785.934129863977660,0.503078132867813,2.719386696815491
831,MX07046,831,6346.000000000000000,0.110173612873889,0.260478764772415,20.025289535522461,19.764810770750046,0.564535600461683,0.901411870364990,3582.542920529840558,0.405088678002357,0.757779389619827
832,MX15047,832,1369.000000000000000,0.023767361491389,0.523206055164337,12.404512405395508,11.881306350231171,1.717199252111530,1.425194207063599,2350.845776140684393,1.238535523414612,3.244605588912964
833,MX07047,833,1152.000000000000000,0.020000000320000,0.316926091909409,19.593095779418945,19.276169687509537,0.848735716918276,1.407461648703014,977.743545889853749,0.477526918053627,1.359689259529114
834,MX17011,834,283.000000000000000,0.004913194523056,2.088566064834595,56.480430603027344,54.391864538192749,18.053991129036074,10.791913236963095,5109.279489517209186,16.076141357421875,31.643431854248046
835,MX14050,835,1610.000000000000000,0.027951389336111,0.350977659225464,27.188539505004883,26.837561845779419,1.350364857967595,2.284974549555961,2174.087421327827542,0.646642833948135,2.740052151679996
836,MX15048,836,1367.000000000000000,0.023732639268611,0.545502126216888,19.809032440185547,19.263530313968658,2.273189813400070,2.053883577842795,3107.450474917895463,1.608275175094604,4.465170574188233
837,MX17012,837,763.000000000000000,0.013246527989722,0.471405029296875,24.477485656738281,24.006080627441406,2.782359859265320,3.097385742529282,2122.940572619439081,1.614592075347900,6.173536586761475
838,MX21087,838,2951.000000000000000,0.051232639708611,0.262115895748138,6.354072570800781,6.091956675052643,0.362419981788433,0.312154862599524,1069.501366257666859,0.317777216434479,0.367772489786148
839,MX17013,839,446.000000000000000,0.007743055679444,0.531376898288727,7.569622516632080,7.038245618343353,1.257375192615484,1.160430737218255,560.789335906505698,0.822308063507080,2.556030631065369
840,MX21088,840,153.000000000000000,0.002656250042500,0.413596242666245,1.397565841674805,0.983969599008560,0.612590091485603,0.192412216947093,93.726283997297301,0.556970059871674,0.844190406799316
841,MX27011,841,7923.000000000000000,0.137552085534167,0.263101339340210,14.788385391235352,14.525284051895142,0.397681006815914,0.379486585770515,3150.826617002488547,0.339239597320557,0.464901000261307
842,MX21089,842,846.000000000000000,0.014687500235000,0.314024686813354,4.679842948913574,4.365818262100220,0.510813016699843,0.360898470620764,432.147812128066846,0.411296144127846,0.669638633728027
843,MX15049,843,231.000000000000000,0.004010416730833,0.610381662845612,13.824003219604492,13.213621556758881,2.109314201714156,2.496964862243498,487.251580595970154,0.987197518348694,5.367403507232666
844,MX30169,844,2628.000000000000000,0.045625000730000,0.284633696079254,11.110953330993652,10.826319634914398,0.465152162860064,0.495548584812374,1222.419883996247790,0.382891878485680,0.559210085868836
845,MX12079,845,641.000000000000000,0.011128472400278,0.299996644258499,5.382948875427246,5.082952231168747,0.667440227571404,0.488756576144002,427.829185873269864,0.478933960199356,1.187477231025696
846,MX23006,846,23758.000000000000000,0.412465284377222,0.231118276715279,14.911716461181641,14.680598184466362,0.311654421940140,0.342953175112468,7404.285756453850809,0.278915405273438,0.313310280442238
847,MX16113,847,1104.000000000000000,0.019166666973333,0.353530764579773,12.549798965454102,12.196268200874329,0.948727535326845,1.020509356389624,1047.395199000837238,0.617167621850967,1.836020457744599
848,MX32022,848,3192.000000000000000,0.055416667553333,0.278203308582306,18.718143463134766,18.439940154552460,0.582161137269330,1.253762328026832,1858.258350163701607,0.338903784751892,0.606599080562592
849,MX21090,849,112.000000000000000,0.001944444475556,2.564428091049194,15.233605384826660,12.669177293777466,6.671085836631909,2.824877093233248,747.161613702773820,6.347706794738770,10.373069572448731
850,MX21091,850,118.000000000000000,0.002048611143889,0.590980172157288,23.227073669433594,22.636093497276306,3.288253294714426,4.812131701354795,388.013888776302281,1.249724090099335,8.124873399734494
851,MX21092,851,1106.000000000000000,0.019201389196111,0.317205786705017,2.770588636398315,2.453382849693298,0.447219418735660,0.245715791419071,494.624677121639422,0.380577191710472,0.543060660362244
852,MX12039,852,2000.000000000000000,0.034722222777778,0.282018959522247,9.385658264160156,9.103639304637909,0.495626768141986,0.548964528261453,991.253536283971926,0.373560994863510,0.649987220764161
853,MX30094,853,4873.000000000000000,0.084600695798056,0.271495431661606,14.426216125488281,14.154720693826675,0.489770534528785,0.651456809211564,2386.651814758771707,0.377304732799530,0.589457309246063
854,MX14051,854,683.000000000000000,0.011857639078611,0.656436741352081,29.206825256347656,28.550388514995575,2.286769371343394,3.071669014287935,1561.863480627537911,1.326924562454224,3.965583705902100
855,MX05015,855,12943.000000000000000,0.224704864706389,0.266137719154358,6.486308574676514,6.220170855522156,0.334480692996665,0.159389224348946,4329.183609455840269,0.322128921747208,0.348246484994888
856,MX07048,856,3652.000000000000000,0.063402778792222,0.532074391841888,355.459045410156250,354.926971018314362,4.650477531542510,18.775248057214050,16983.543945193247055,1.170806646347046,6.171741437911988
857,MX08037,857,19272.000000000000000,0.334583338686667,0.311778903007507,125.697509765625000,125.385730862617493,5.349400819667014,14.946728052352158,103093.652596622705460,0.529535889625549,9.857513523101829
858,MX16046,858,692.000000000000000,0.012013889081111,0.284279227256775,6.325802326202393,6.041523098945618,0.579020413661623,0.548578993004777,400.682126253843080,0.401801988482475,0.961003106832504
859,MX19031,859,1285.000000000000000,0.022309028134722,1.055907726287842,52.783134460449219,51.727226734161377,11.759177088088093,12.808721504552091,15110.542558193199511,3.792486906051636,32.484737396240234
860,MX13033,860,555.000000000000000,0.009635416820833,0.264196634292603,3.501345396041870,3.237148761749268,0.421288696387867,0.342522076929970,233.815226495266245,0.322696328163147,0.582183003425598
861,MX32023,861,1705.000000000000000,0.029600694918056,0.277507632970810,17.558284759521484,17.280777126550674,0.616683251504673,1.174862709213433,1051.444943815466559,0.350629597902298,0.795716655254364
862,MX30095,862,940.000000000000000,0.016319444705556,0.284982234239578,2.986647844314575,2.701665610074997,0.410857962262123,0.202861045114931,386.206484526395400,0.362116634845734,0.515681010484696
863,MX12080,863,1227.000000000000000,0.021302083674167,0.281080573797226,5.368746280670166,5.087665706872940,0.426060803969312,0.374289118914105,522.776606470346337,0.342660367488861,0.525719785690308
864,MX15050,864,657.000000000000000,0.011406250182500,0.578059434890747,28.898628234863281,28.320568799972534,1.596707228928397,2.874325025865578,1049.036649405956723,0.836888074874878,2.143582153320311
865,MX14052,865,1216.000000000000000,0.021111111448889,0.277833700180054,8.477857589721680,8.200023889541626,0.405148979840114,0.472142047866299,492.661159485578537,0.329760894179344,0.435146167874336
866,MX08038,866,21866.000000000000000,0.379618061629445,0.250969588756561,11.027158737182617,10.776189148426056,0.323439584359926,0.195517923321372,7072.329951614145102,0.303836777806282,0.338051185011864
867,MX16047,867,1320.000000000000000,0.022916667033333,0.260936051607132,5.819895744323730,5.558959692716599,0.579180081843427,0.579327197183222,764.517708033323856,0.383776828646660,0.968444776535035
868,MX31041,868,509.000000000000000,0.008836805696944,0.673954010009766,110.538757324218750,109.864803314208984,8.186900921444058,10.249747048008343,4167.132569015026093,3.267597913742065,20.583409881591795
869,MX31042,869,1001.000000000000000,0.017378472500278,0.264522731304169,3.689610242843628,3.425087511539459,0.386250661326931,0.315490000192973,386.636911988258134,0.312548846006393,0.435555994510651
870,MX31043,870,694.000000000000000,0.012048611303889,0.260111451148987,8.297140121459961,8.037028670310974,0.433576721708781,0.594166587306227,300.902244865894147,0.311391428112984,0.506850004196167
871,MX31044,871,1777.000000000000000,0.030850694938056,0.253559321165085,8.158356666564941,7.904797345399857,0.400592116069847,0.479800140204217,711.852190256118320,0.319272994995117,0.441194838285446
872,MX31045,872,779.000000000000000,0.013524305771944,0.284917503595352,6.602592468261719,6.317674964666367,0.441706227131465,0.493218278246920,344.089150935411283,0.335753500461578,0.535055804252625
873,MX30016,873,641.000000000000000,0.011128472400278,0.570571303367615,25.266590118408203,24.696018815040588,2.031686348494799,3.315011208252938,1302.310949385166396,0.906312644481659,3.482741594314575
874,MX14018,874,2077.000000000000000,0.036059028354722,0.370451152324677,20.191669464111328,19.821218311786652,1.155905406622571,2.035146640412064,2400.815529555079138,0.554025113582611,2.037422990798950
875,MX26021,875,21928.000000000000000,0.380694450535556,0.232953891158104,12.806344985961914,12.573391094803810,0.317875472862722,0.236246643122165,6970.373368933769598,0.296688333153725,0.345826211571693
876,MX20017,876,507.000000000000000,0.008802083474167,0.267193764448166,1.259774565696716,0.992580801248550,0.379064642995067,0.119371186796695,192.185773998498888,0.340267479419708,0.488138228654862
877,MX07020,877,12504.000000000000000,0.217083336806667,0.231301948428154,21.256658554077148,21.025356605648994,0.414163366390328,0.513757775408472,5178.698733344660468,0.328147545456886,0.505445450544358
878,MX08016,878,5569.000000000000000,0.096684029324722,0.257443130016327,7.694159030914307,7.436715900897980,0.350836462821711,0.302864848016150,1953.808261454111062,0.310306489467621,0.366549056768417
879,MX07036,879,233.000000000000000,0.004045138953611,0.386284977197647,3.664343357086182,3.278058379888535,0.807563080424403,0.469246258935488,188.162197738885794,0.671715617179871,1.213085913658143
880,MX16035,880,9634.000000000000000,0.167256947120556,0.230407595634460,6.238857746124268,6.008450150489807,0.333793971575417,0.221738241426106,3215.771122157570517,0.298859074711800,0.375554770231247
881,MX14043,881,9954.000000000000000,0.172812502765000,0.245128944516182,13.860779762268066,13.615650817751884,0.352857430329853,0.362509028390106,3512.342861503351742,0.300272285938263,0.372623381018639
882,MX07041,882,2493.000000000000000,0.043281250692500,0.292483985424042,18.136718750000000,17.844234764575958,0.867106959612263,1.298205488636367,2161.697650313371469,0.513697206974030,1.448492097854614
883,MX07050,883,2236.000000000000000,0.038819445065556,0.252426564693451,5.678492546081543,5.426065981388092,0.371083290984251,0.280472351723164,829.742238640784763,0.324970737099648,0.420332267880440
884,MX09008,884,316.000000000000000,0.005486111198889,0.790428638458252,56.634132385253906,55.843703746795654,13.984839060827134,19.315626173371491,4419.209143221374688,1.781001389026642,47.268863677978516
885,MX29048,885,58.000000000000000,0.001006944460556,4.483187198638916,16.454910278320312,11.971723079681396,10.402480848904313,3.290638059964767,603.343889236450195,10.845373153686523,14.523784351348878
886,MX21095,886,60.000000000000000,0.001041666683333,0.443872213363647,4.353590011596680,3.909717798233032,0.781571319699288,0.720180645821430,46.894279181957252,0.511180758476257,1.501634001731873
887,MX14057,887,668.000000000000000,0.011597222407778,0.314943164587021,9.221638679504395,8.906695514917374,0.546896150146059,0.736643431049309,365.326628297567140,0.374181047081947,0.679682570695877
888,MX13040,888,1165.000000000000000,0.020225694768056,0.273789227008820,1.864076018333435,1.590286791324615,0.401363334686459,0.136566400022060,467.588284909724678,0.352760851383209,0.551074922084808
889,MX03003,889,78587.000000000000000,1.364357660718611,0.218245252966881,84.403015136718750,84.184769883751869,0.529940827094500,2.735281830169881,41646.459778875483607,0.284466028213501,0.348045206069946
890,MX15070,890,183.000000000000000,0.003177083384167,8.311452865600586,96.400711059570312,88.089258193969727,44.542027119078909,15.938435941107045,8151.190962791440143,45.998004913330078,63.804982757568368
891,MX20069,891,128.000000000000000,0.002222222257778,0.332069128751755,3.581154108047485,3.249084979295731,0.588322616880760,0.500561595475400,75.305294960737257,0.409151419997215,1.014044797420502
892,MX30127,892,682.000000000000000,0.011840277967222,0.272964835166931,15.480029106140137,15.207064270973206,0.910104199850664,1.137899935347202,620.691064298152810,0.530906856060028,1.790709471702576
893,MX16069,893,1423.000000000000000,0.024704861506389,0.377661615610123,38.716156005859375,38.338494390249252,2.686329942853707,5.129099390909258,3822.647508680825467,0.754330754280090,6.748061370849609
894,MX20076,894,909.000000000000000,0.015781250252500,0.264761626720428,3.686362266540527,3.421600639820099,0.342121931290863,0.245696611343986,310.988835543394259,0.305380940437317,0.360468375682831
895,MX20556,895,52.000000000000000,0.000902777792222,0.301742941141129,1.372238755226135,1.070495814085007,0.505793183468855,0.228099275663028,26.301245540380474,0.429448783397675,0.834469038248062
896,MX07099,896,7709.000000000000000,0.133836807696944,0.266891419887543,15.444881439208984,15.177990019321442,0.630132976967253,0.844298254340779,4857.695119440551935,0.404150068759918,0.916523087024688
897,MX12068,897,8631.000000000000000,0.149843752397500,0.235625430941582,18.775426864624023,18.539801433682442,0.418891072387203,0.629146175120820,3615.448845773948960,0.317123919725418,0.470979571342468
898,MX18019,898,21677.000000000000000,0.376336811576944,0.241045907139778,9.271800994873047,9.030755087733269,0.304678681957225,0.161848432752738,6604.519788786776189,0.292587935924530,0.314481920003891
899,MX21093,899,886.000000000000000,0.015381944690556,0.293867439031601,5.466942787170410,5.173075348138809,0.600929820981575,0.562638236067395,532.423821389675595,0.432224273681641,0.913747012615204
900,MX14053,900,12623.000000000000000,0.219149309061944,0.295282334089279,72.719490051269531,72.424207717180252,1.063108201902076,3.241414386314560,13419.614832609904624,0.466808736324310,1.300334072113037
901,MX16048,901,357.000000000000000,0.006197916765833,0.386147767305374,8.523048400878906,8.136900633573532,0.998186880133065,1.120597499768112,356.352716207504272,0.572572588920593,2.006912493705751
902,MX24019,902,2687.000000000000000,0.046649306301944,0.254183143377304,1.729093551635742,1.474910408258438,0.344725451295953,0.097545046673562,926.277287632225466,0.320199459791183,0.400559955835342
903,MX05016,903,3528.000000000000000,0.061250000980000,0.257942914962769,15.498879432678223,15.240936517715454,0.374611665264549,0.697433657795567,1321.629955053328558,0.309916585683823,0.340672686696053
904,MX19032,904,17946.000000000000000,0.311562504985000,0.259645372629166,22.063068389892578,21.803423017263412,0.343074932216165,0.479089092218251,6156.822733551291094,0.314511656761169,0.338502869009972
905,MX22010,905,3599.000000000000000,0.062482639888611,0.243235677480698,6.105243206024170,5.862007528543472,0.417043616359154,0.307942607342654,1500.939975276593714,0.331683129072189,0.594961655139923
906,MX30096,906,85.000000000000000,0.001475694468056,0.294354289770126,2.707217216491699,2.412862926721573,0.523569238536498,0.417784539256113,44.503385275602334,0.349563658237457,0.816508102416992
907,MX07049,907,732.000000000000000,0.012708333536667,0.354426771402359,19.202808380126953,18.848381608724594,1.218867959301981,1.513101939687800,892.211346209049793,0.792230516672134,2.269884324073791
908,MX30061,908,17168.000000000000000,0.298055560324444,0.232394143939018,21.894384384155273,21.661990240216255,0.432791897180804,0.759961080125374,7430.171290800040879,0.333479762077332,0.472024032473564
909,MX07052,909,14688.000000000000000,0.255000004080000,0.239071175456047,18.124538421630859,17.885467246174812,0.448804196782921,0.612481704128012,6592.036042347547664,0.343291401863098,0.561514240503312
910,MX30107,910,255.000000000000000,0.004427083404167,0.376769125461578,1.242501497268677,0.865732371807098,0.503351994939879,0.136363561692724,128.354758709669085,0.460046619176865,0.646034538745880
911,MX07075,911,1144.000000000000000,0.019861111428889,0.258139938116074,15.668038368225098,15.409898430109024,0.808322404986704,1.497718660664100,924.720831304788931,0.476435363292694,1.008778440952301
912,MX30132,912,495.000000000000000,0.008593750137500,0.363818436861038,13.157559394836426,12.793740957975388,1.035361714615966,1.508867418001547,512.504048734903336,0.576566219329834,1.798805356025696
913,MX16052,913,5601.000000000000000,0.097239584889167,0.247115656733513,96.686058044433594,96.438942387700081,1.485505498861907,4.955244836613959,8320.316299125543082,0.324442654848099,1.993325471878052
914,MX23007,914,16527.000000000000000,0.286927087924167,0.233485668897629,22.745378494262695,22.511892825365067,0.335573677576993,0.458003144357780,5546.026169314959589,0.293430268764496,0.333104568719864
915,MX29047,915,126.000000000000000,0.002187500035000,0.425448417663574,7.316914558410645,6.891466140747070,0.981808554558527,1.110836224016245,123.707877874374418,0.602910429239273,1.823305010795593
916,MX11020,916,6118.000000000000000,0.106215279477222,0.405664920806885,84.062561035156250,83.656896114349365,11.106528034189548,18.079436447007637,67949.738513171658269,2.099327683448792,44.585707473754880
917,MX12040,917,3537.000000000000000,0.061406250982500,0.253655701875687,8.502330780029297,8.248675078153610,0.377437693733329,0.364135307942973,1334.997122734785307,0.314776837825775,0.428820222616196
918,MX10012,918,11113.000000000000000,0.192934030864722,0.281064450740814,65.424911499023438,65.143847048282623,1.209011971280087,3.860110576572696,13435.750036835604988,0.406862288713455,1.461578154563907
919,MX30097,919,413.000000000000000,0.007170139003611,0.293561279773712,11.718157768249512,11.424596488475800,0.985462111653197,1.555077323491843,406.995852112770251,0.435588151216507,2.023537921905518
920,MX15051,920,1141.000000000000000,0.019809028094722,1.235841393470764,60.966278076171875,59.730436682701111,6.373990893677388,7.643598001108844,7272.723609685899646,3.477329015731812,14.414838790893555
921,MX21094,921,1363.000000000000000,0.023663194823056,0.350466489791870,20.766595840454102,20.416129350662231,1.060687200295428,1.910441531439451,1445.716654002668065,0.573957979679108,1.602918672561645
922,MX19033,922,12908.000000000000000,0.224097225807778,0.256390899419785,29.452783584594727,29.196392685174942,0.525742856314079,1.448298775477873,6786.288789302137957,0.322613880038261,0.515315920114517
923,MX28019,923,13067.000000000000000,0.226857642518611,0.235458612442017,6.523461818695068,6.288003206253052,0.331177896304777,0.190932454391208,4327.501571014515321,0.305961728096008,0.359501445293427
924,MX13034,924,885.000000000000000,0.015364583579167,0.277923375368118,2.278074026107788,2.000150650739670,0.444900957608627,0.236893116491933,393.737347483634665,0.363441467285156,0.634922134876251
925,MX20044,925,2396.000000000000000,0.041597222887778,0.306203722953796,14.855651855468750,14.549448132514954,0.652285271873060,1.177010754323221,1562.875511407852173,0.412981048226357,0.808272302150726
926,MX08039,926,7060.000000000000000,0.122569446405556,0.244097054004669,13.267125129699707,13.023028075695038,0.332324653391123,0.338860123842262,2346.212052941326874,0.299105882644653,0.345891395211220
927,MX03009,927,23988.000000000000000,0.416458339996667,0.220508083701134,27.756343841552734,27.535835757851601,0.302293050309903,0.678168119486074,7251.405690833959852,0.263090237975121,0.281038212776184
928,MX32024,928,2164.000000000000000,0.037569445045556,0.352044939994812,66.913970947265625,66.561926007270813,1.656976810224395,4.441669498887297,3585.697817325591586,0.602892667055130,3.000346922874451
929,MX19003,929,3609.000000000000000,0.062656251002500,0.286206066608429,9.429027557373047,9.142821490764618,0.398168567335814,0.467070821367356,1436.990359514954434,0.334242492914200,0.384916937351227
930,MX03008,930,19056.000000000000000,0.330833338626667,0.231826886534691,83.957809448242188,83.725982561707497,1.419110452106470,6.086388827212373,27042.568775340889260,0.304494753479958,0.846136003732681
931,MX19027,931,2581.000000000000000,0.044809028494722,0.294449269771576,12.176635742187500,11.882186472415924,0.438019880729792,0.595718364109434,1130.529312163592977,0.342424601316452,0.445361316204071
932,MX19042,932,6943.000000000000000,0.120538196373056,0.297639429569244,28.870450973510742,28.572811543941498,0.486036090381754,0.763616633552067,3374.548575520519080,0.392713516950607,0.563258266448975
933,MX16075,933,2384.000000000000000,0.041388889551111,0.289102911949158,17.758958816528320,17.469855904579163,0.760036561475604,1.651219234854463,1811.927162557840120,0.386065438389778,0.953787344694138
934,MX30137,934,170.000000000000000,0.002951388936111,0.411056220531464,2.158185243606567,1.747129023075104,0.767921396213419,0.268585513473572,130.546637356281252,0.698377400636673,1.040612912178039
935,MX21118,935,151.000000000000000,0.002621527819722,1.183972239494324,15.362648963928223,14.178676724433899,5.331877596330956,3.972972440562478,805.113517045974277,3.705789089202881,11.501652717590332
936,MX32025,936,897.000000000000000,0.015572916915833,0.381705403327942,23.472305297851562,23.090599894523621,1.131239221679460,1.945872327296197,1014.721581846475260,0.607141375541687,2.083757019042968
937,MX15123,937,3476.000000000000000,0.060347223187778,0.253992378711700,8.910068511962891,8.656076133251190,0.383612360638086,0.396335160656248,1333.436565577985675,0.314609214663506,0.453833326697350
938,MX27012,938,11850.000000000000000,0.205729169958333,0.290367126464844,5108.962402343750000,5108.672035217285156,3.470307989371978,72.476288839030332,41123.149674057938682,0.579075425863266,2.353526735305786
939,MX08040,939,46755.000000000000000,0.811718762987500,0.229712635278702,25.370386123657227,25.140673488378525,0.310526570666922,0.421078827760715,14518.669811531923187,0.282187312841415,0.304185330867767
940,MX16049,940,5058.000000000000000,0.087812501405000,0.245433941483498,7.523716926574707,7.278282985091209,0.343916360446473,0.255641746039872,1739.528951138260709,0.309132516384125,0.380252033472061
941,MX14055,941,1465.000000000000000,0.025434028184722,0.271140724420547,19.483652114868164,19.212511390447617,0.679144314084036,1.436029636548987,994.946420133113293,0.391405940055847,0.753793036937714
942,MX26036,942,6718.000000000000000,0.116631946310556,0.255698919296265,41.719257354736328,41.463558435440063,0.637564958122275,2.292332272323640,4283.161388665445884,0.315565437078476,0.529667478799820
943,MX30098,943,67.000000000000000,0.001163194463056,0.608513116836548,4.158398151397705,3.549885034561157,1.341249787095768,0.831997168168876,89.863735735416441,0.980916500091553,2.447273874282837
944,MX20045,944,130.000000000000000,0.002256944480556,0.465985536575317,9.011893272399902,8.545907735824585,2.006188790385540,2.042649382902102,260.804542750120220,1.203589439392090,4.590603494644167
945,MX20046,945,1153.000000000000000,0.020017361431389,0.256791532039642,2.513646841049194,2.256855309009552,0.358225248941420,0.139618792624886,413.033712029457149,0.329854458570480,0.429829287528992
946,MX20048,946,202.000000000000000,0.003506944500556,0.283032536506653,1.439343571662903,1.156311035156250,0.377074356863994,0.147116342260037,76.169020086526857,0.340697541832924,0.432331815361977
947,MX20049,947,48.000000000000000,0.000833333346667,0.398902744054794,6.260390758514404,5.861488014459610,1.193525966256857,1.234152295723118,57.289246380329132,0.658612161874771,2.418290972709657
948,MX20050,948,416.000000000000000,0.007222222337778,0.294957816600800,1.493661284446716,1.198703467845917,0.421539133056425,0.125276586717910,175.360279351472855,0.385157957673073,0.548839300870895
949,MX20051,949,195.000000000000000,0.003385416720833,0.330578565597534,5.705908298492432,5.375329732894897,0.742086506959720,0.838551714159110,144.706868857145309,0.421280860900879,1.330711317062378
950,MX20052,950,4102.000000000000000,0.071215278917222,0.239604786038399,7.148334503173828,6.908729717135429,0.321908747289659,0.261933995841249,1320.469681382179260,0.289655715227127,0.335050049424171
951,MX20053,951,605.000000000000000,0.010503472390278,0.261288791894913,4.089172840118408,3.827884048223495,0.372521704189049,0.301808866831831,225.375631034374436,0.319198876619339,0.403130596876144
952,MX20562,952,194.000000000000000,0.003368055609444,0.261651694774628,1.984476208686829,1.722824513912201,0.424895791202476,0.304793842447350,82.429783493280411,0.303973302245140,0.764049053192140
953,MX20054,953,121.000000000000000,0.002100694478056,0.323174268007278,2.103649854660034,1.780475586652756,0.517322619345562,0.313295905674501,62.596036940813029,0.421006590127945,0.815374851226807
954,MX08041,954,5305.000000000000000,0.092100695918056,0.236616820096970,2.080813407897949,1.844196587800980,0.282651612758075,0.054676251646820,1499.466805681588085,0.278602600097656,0.295247203111649
955,MX28020,955,1873.000000000000000,0.032517361631389,0.260161072015762,2.553110599517822,2.292949527502060,0.330749851684805,0.112320541028924,619.494472205638885,0.309618711471558,0.366774392127991
956,MX15052,956,1039.000000000000000,0.018038194733056,0.526096761226654,13.609420776367188,13.083324015140533,1.507584380575738,1.533115157874299,1566.380171418191821,0.937231302261353,3.136878728866578
957,MX12041,957,2312.000000000000000,0.040138889531111,0.255150318145752,3.333240509033203,3.078090190887451,0.432227370609565,0.263082230718445,999.309680849315100,0.357688859105110,0.593084555864334
958,MX30099,958,553.000000000000000,0.009600694598056,0.429349243640900,31.618019104003906,31.188669860363007,1.765918040954614,2.763653303782428,976.552676647901762,1.017848730087280,2.886664104461670
959,MX31046,959,496.000000000000000,0.008611111248889,0.277695745229721,6.133357524871826,5.855661779642105,0.459448243160882,0.584667141826481,227.886328607797594,0.327967375516891,0.531896233558655
960,MX31047,960,630.000000000000000,0.010937500175000,0.301211118698120,7.271576881408691,6.970365762710571,0.506917999850378,0.576355236629000,319.358339905738262,0.375932171940804,0.591725027561188
961,MX30100,961,1223.000000000000000,0.021232639228611,0.435985893011093,10.465797424316406,10.029811531305313,1.031753685176128,0.785638559082689,1261.834756970405124,0.822862267494202,1.522655129432678
962,MX08042,962,26705.000000000000000,0.463628479640278,0.235571503639221,10.655365943908691,10.419794440269470,0.295213223539852,0.166726577934922,7883.669134631753877,0.287370234727859,0.305433928966522
963,MX11008,963,4098.000000000000000,0.071145834471667,0.319916963577271,36.570133209228516,36.250216245651245,0.775523332610777,1.706893787655922,3178.094617038962497,0.489872664213181,1.038813459873200
964,MX06007,964,6677.000000000000000,0.115920140743611,0.248244434595108,144.744338989257812,144.496094554662704,2.075699781133366,7.305888247745223,13859.447438627485099,0.445419609546661,2.731273031234746
965,MX07051,965,5921.000000000000000,0.102795140533611,0.226163893938065,12.229488372802734,12.003324478864670,0.447849033388148,0.623188136544600,2651.714126691221736,0.334171742200851,0.564350128173828
966,MX10013,966,40187.000000000000000,0.697690983385278,0.243668988347054,45.850887298583984,45.607218310236931,0.362517149252259,0.877027602618427,14568.476677000522614,0.306174427270889,0.363025283813477
967,MX16050,967,3463.000000000000000,0.060121528739722,0.336661398410797,33.799358367919922,33.462696969509125,0.902418138713736,1.768724114190788,3125.074014365669427,0.518888890743256,1.331001567840576
968,MX07115,968,2629.000000000000000,0.045642361841389,0.247706085443497,3.055600643157959,2.807894557714462,0.352140870745893,0.153794809887312,925.778349190952440,0.321890264749527,0.407850801944733
969,MX16051,969,1161.000000000000000,0.020156250322500,0.312904804944992,13.815995216369629,13.503090411424637,0.580700105705927,0.948982540404036,674.192822724581561,0.378374487161636,0.746763050556183
970,MX30101,970,346.000000000000000,0.006006944540556,0.379121154546738,24.852346420288086,24.473225265741348,1.990352931567011,2.773132589621170,688.662114322185744,1.126124501228333,4.385143756866455
971,MX19034,971,1379.000000000000000,0.023940972605278,0.334506928920746,42.314903259277344,41.980396330356598,1.474988129192544,2.430532980792791,2034.008630156517484,0.951487839221954,2.325785493850708
972,MX20055,972,708.000000000000000,0.012291666863333,0.279381453990936,3.663799047470093,3.384417593479156,0.426877617667624,0.311495695790308,302.229353308677958,0.351322412490845,0.514837044477463
973,MX12077,973,1018.000000000000000,0.017673611393889,0.277340352535248,9.796052932739258,9.518712580204010,0.472682858438529,0.688072166101620,481.191149890422707,0.328661814332008,0.590139567852020
974,MX07116,974,4455.000000000000000,0.077343751237500,0.237881392240524,2.836594820022583,2.598713427782059,0.314011962435862,0.127127167030336,1398.923292651767497,0.292599141597748,0.338425415754318
975,MX30102,975,1983.000000000000000,0.034427083884167,0.302434802055359,18.763149261474609,18.460714459419250,1.120219200639129,2.255341772313842,2221.394674867392951,0.453060567378998,1.702159523963928
976,MX12042,976,3023.000000000000000,0.052482639728611,0.262155503034592,6.246132850646973,5.983977347612381,0.444463163653707,0.453888610686507,1343.612143725157466,0.336840212345123,0.506715607643128
977,MX20056,977,281.000000000000000,0.004878472300278,0.293327718973160,1.506907224655151,1.213579505681992,0.359644529976455,0.129482956366524,101.060112923383713,0.329970926046371,0.390556633472443
978,MX14058,978,9189.000000000000000,0.159531252552500,0.247843354940414,16.636159896850586,16.388316541910172,0.354671307137591,0.389480094816761,3259.074641287324084,0.308376401662827,0.410831159353256
979,MX08043,979,3871.000000000000000,0.067204862186389,0.243445426225662,9.842163085937500,9.598717659711838,0.339626710002535,0.370432538818032,1314.694994419813156,0.296490132808685,0.341508567333221
980,MX05017,980,4169.000000000000000,0.072378473380278,0.442788571119308,53.303619384765625,52.860830813646317,2.753543105377632,4.886939152024996,11479.521206319350313,1.294843673706055,5.605488300323490
981,MX08044,981,6172.000000000000000,0.107152779492222,0.248832195997238,8.846726417541504,8.597894221544266,0.342770114999775,0.320180712128562,2115.577149778612238,0.302163675427437,0.368455219268799
982,MX28022,982,19686.000000000000000,0.341770838801667,0.261333853006363,65.861953735351562,65.600619882345200,1.640252766336505,5.903129881130173,32290.015958100426360,0.421357810497284,1.395169258117676
983,MX24020,983,6630.000000000000000,0.115104168508333,0.265091329813004,70.631896972656250,70.366805642843246,1.243171801920386,4.576109302831157,8242.229046732158167,0.426706582307816,1.412777209281922
984,MX20057,984,6632.000000000000000,0.115138890731111,0.261296302080154,22.002445220947266,21.741148918867111,0.470400499141762,0.991180462576700,3119.696110308165771,0.336373224854469,0.486264085769653
985,MX24057,985,590.000000000000000,0.010243055719444,0.340685963630676,6.950715541839600,6.610029578208923,0.988098888124448,0.744712457107973,582.978343993424232,0.796347945928574,1.603166353702545
986,MX31048,986,4540.000000000000000,0.078819445705556,0.245686098933220,12.287464141845703,12.041778042912483,0.397797256583422,0.513125914600456,1805.999544888735954,0.312224000692368,0.412904894351959
987,MX31049,987,468.000000000000000,0.008125000130000,0.261061251163483,5.418343067169189,5.157281816005707,0.413443224233949,0.499707398281398,193.491428941488294,0.311868190765381,0.426648774743080
988,MX14059,988,1437.000000000000000,0.024947917065833,0.273922115564346,16.778135299682617,16.504213184118271,0.582746717381494,1.002763601735356,837.407032877206348,0.358703911304474,0.776955902576447
989,MX07053,989,522.000000000000000,0.009062500145000,0.303719699382782,4.436129093170166,4.132409393787384,0.638044870904579,0.392581505514718,333.059422612190190,0.518328279256821,0.993865698575974
990,MX32026,990,62083.000000000000000,1.077829878356389,0.249409168958664,193.138687133789062,192.889277964830399,0.385069449183550,1.789581980406443,23906.266613662322925,0.302203714847565,0.339742374420166
991,MX21096,991,276.000000000000000,0.004791666743333,0.432957142591476,7.502677440643311,7.069720298051834,0.908027826875880,0.862994005397641,250.615680217742835,0.621313929557800,1.470725715160370
992,MX07054,992,1839.000000000000000,0.031927083844167,0.264194905757904,11.793875694274902,11.529680788516998,0.573805113811737,0.699796114074313,1055.227604299783934,0.411918699741364,0.866649663448334
993,MX26037,993,3634.000000000000000,0.063090278787222,0.248628318309784,8.744299888610840,8.495671570301056,0.310331483963562,0.268895692418677,1127.744612723585760,0.292883753776550,0.311465340852737
994,MX29017,994,71.000000000000000,0.001232638908611,0.990211546421051,19.795995712280273,18.805784165859222,4.076836052914740,4.699224480475745,289.455359756946564,1.724203109741211,11.820025444030762
995,MX17014,995,287.000000000000000,0.004982638968611,0.602069675922394,10.140805244445801,9.538735568523407,1.720471273108226,1.664938343689031,493.775255382060777,0.981746137142181,4.016844224929811
996,MX25012,996,12797.000000000000000,0.222170142443611,0.244890332221985,171.174255371093750,170.929365038871765,2.080869386813186,7.975205214501996,26628.885543048338150,0.366143435239792,1.768128156661986
997,MX20058,997,894.000000000000000,0.015520833581667,0.274889200925827,1.844509005546570,1.569619804620743,0.458623274460735,0.158896771758719,410.009207367896977,0.412585109472275,0.648916471004486
998,MX30103,998,217.000000000000000,0.003767361171389,0.412546873092651,3.626065492630005,3.213518619537354,0.662471142370031,0.448387953829710,143.756237894296646,0.544874489307404,0.829951155185700
999,MX30104,999,1451.000000000000000,0.025190972625278,0.260415732860565,12.156533241271973,11.896117508411407,0.642495675940582,0.874256007665292,932.261225789783794,0.490087896585464,0.873044788837433
1000,MX30105,1000,1963.000000000000000,0.034079861656389,0.436204016208649,30.468463897705078,30.032259881496429,1.986007878125114,3.333027020661778,3898.533464759598246,0.898740231990814,4.079561328887937
1001,MX15053,1001,69.000000000000000,0.001197916685833,10.280672073364258,55.838905334472656,45.558233261108398,33.634350970171496,11.255896625841283,2320.770216941833041,34.611160278320312,47.674195861816408
1002,MX19035,1002,1079.000000000000000,0.018732639188611,0.288316667079926,4.660517215728760,4.372200548648834,0.455953682651113,0.392599168572004,491.974023580551034,0.348548978567123,0.611062133312225
1003,MX32027,1003,9685.000000000000000,0.168142363801389,0.247507646679878,10.308816909790039,10.061309263110161,0.330776774761724,0.275218115253209,3203.573063567299869,0.302846044301987,0.339027982950211
1004,MX28023,1004,13083.000000000000000,0.227135420300833,0.258698731660843,6.496973991394043,6.238275259733200,0.322904037172293,0.163268358432488,4224.553518325104960,0.305563628673553,0.333538377285004
1005,MX08045,1005,2273.000000000000000,0.039461806186944,0.337147027254105,78.065841674804688,77.728694647550583,1.665181413233880,4.512269633375145,3784.957352280610394,0.657689630985260,2.266007328033446
1006,MX31050,1006,4418.000000000000000,0.076701390116111,0.352144539356232,80.528396606445312,80.176252067089081,12.014531647278048,16.291586451213810,53080.200817674412974,2.618453145027161,41.311356353759770
1007,MX20037,1007,854.000000000000000,0.014826389126111,0.284390240907669,1.884646534919739,1.600256294012070,0.364861834070163,0.122519920109095,311.592006295919418,0.336485162377357,0.417459166049957
1008,MX07055,1008,113.000000000000000,0.001961805586944,0.684721529483795,5.543536186218262,4.858814656734467,1.464531737091266,0.982166047413041,165.492086291313029,1.058777689933777,2.663086795806884
1009,MX13035,1009,724.000000000000000,0.012569444645556,0.392302095890045,7.013020992279053,6.620718896389008,0.990452024571145,0.682210625153704,717.087265789508933,0.838629156351089,1.573458337783814
1010,MX15054,1010,328.000000000000000,0.005694444535556,2.560004711151123,41.103721618652344,38.543716907501221,19.715952139075203,10.016591876922618,6466.832301616666882,18.675837516784668,33.505227661132814
1011,MX12043,1011,2952.000000000000000,0.051250000820000,0.250682324171066,6.395372867584229,6.144690543413162,0.433856221890143,0.318993032960859,1280.743567019701459,0.358986422419548,0.584107166528702
1012,MX13037,1012,3973.000000000000000,0.068975695548056,0.267629355192184,6.886856555938721,6.619227200746536,0.405066424845270,0.291738025326661,1609.328905910256026,0.338341295719147,0.532759416103363
1013,MX02002,1013,85128.000000000000000,1.477916690313334,0.224280729889870,116.975395202636719,116.751114472746849,1.289331376884288,6.036305940447901,109758.201451405693660,0.305979654192924,1.046689808368683
1014,MX15055,1014,60.000000000000000,0.001041666683333,2.597044229507446,20.987104415893555,18.390060186386108,7.921527453263595,4.791651204691713,475.291647195815699,6.619087696075439,13.943564510345460
1015,MX24021,1015,4434.000000000000000,0.076979167898333,0.318532019853592,14.776990890502930,14.458458870649338,0.880229618825459,0.951844997028170,3902.938129872086392,0.558366805315018,1.614517712593079
1016,MX14060,1016,1438.000000000000000,0.024965278177222,0.320087552070618,12.178120613098145,11.858033061027527,0.558280900369432,0.738222133836425,802.807934731243336,0.399920150637627,0.725981366634369
1017,MX10014,1017,42477.000000000000000,0.737447928465833,0.238662421703339,9.319999694824219,9.081337273120880,0.301738582570247,0.133437751362702,12816.949771836365471,0.290235698223114,0.314477580785751
1018,MX32028,1018,2438.000000000000000,0.042326389566111,0.272910743951797,4.842293262481689,4.569382518529892,0.355508005770628,0.193931051290455,866.728518068791573,0.330314636230469,0.378465595841408
1019,MX14061,1019,16962.000000000000000,0.294479171378333,0.241312235593796,12.079956054687500,11.838643819093704,0.318359527931489,0.222512260176513,5400.014312773922939,0.294661343097687,0.328879243135452
1020,MX17015,1020,1066.000000000000000,0.018506944740556,0.539161086082458,12.419918060302734,11.880756974220276,1.329621227776132,1.398764286981622,1417.376228809356917,0.812064021825790,2.734748244285583
1021,MX30106,1021,146.000000000000000,0.002534722262778,0.300471782684326,4.836288452148438,4.535816669464111,0.651420981916663,0.622931556311877,95.107463359832749,0.453414097428322,0.982454717159271
1022,MX20059,1022,2277.000000000000000,0.039531250632500,0.252259910106659,95.701614379882812,95.449354469776154,0.988420190206996,4.227683437603329,2250.632773101330258,0.407927155494690,1.272004199028015
1023,MX28024,1023,4778.000000000000000,0.082951390216111,0.283326059579849,17.406122207641602,17.122796148061752,0.441073276511092,0.820874949256374,2107.448115169997436,0.340377807617188,0.447299814224243
1024,MX19036,1024,5077.000000000000000,0.088142362521389,0.244295135140419,7.760585308074951,7.516290172934532,0.362508963612278,0.292966836520102,1840.458008259534154,0.317576617002487,0.386834758520126
1025,MX28025,1025,3291.000000000000000,0.057135417580833,0.287768989801407,42.948215484619141,42.660446494817734,0.915265248851261,2.897873029143995,3012.137933969498590,0.374949008226395,0.860468208789825
1026,MX32029,1026,5658.000000000000000,0.098229168238333,0.253329128026962,21.445196151733398,21.191867023706436,0.526630957942416,1.154393111867458,2979.677960038190122,0.337624236941338,0.521010202169418
1027,MX09016,1027,229.000000000000000,0.003975694508056,16.851362228393555,96.255088806152344,79.403726577758789,52.652886319889255,20.069518127614707,12057.510967254638672,53.620059967041016,77.135758972167977
1028,MX09009,1028,1474.000000000000000,0.025590278187222,0.533813774585724,57.005176544189453,56.471362769603729,4.525141405768123,8.031131501647435,6670.058432102212464,0.911724686622620,15.295862007141114
1029,MX19037,1029,20082.000000000000000,0.348645838911667,0.269627213478088,14.962912559509277,14.693285346031189,0.365047269475472,0.358826579292992,7330.879265606435183,0.329491555690765,0.393948045372963
1030,MX06008,1030,2052.000000000000000,0.035625000570000,0.272765427827835,14.048396110534668,13.775630682706833,0.640798657072334,1.055541794192600,1314.918844312430110,0.365440592169762,0.845505499839783
1031,MX30108,1031,10199.000000000000000,0.177065975055278,0.250075042247772,3996.168457031250000,3995.918381989002228,5.736017597064674,77.643559533863254,58501.643472462608770,0.408858299255371,2.701021528244024
1032,MX13051,1032,567.000000000000000,0.009843750157500,1.077690601348877,77.791221618652344,76.713531017303467,15.582304746595840,13.992037676400203,8835.166791319841650,10.314384460449219,35.891819000244141
1033,MX13038,1033,956.000000000000000,0.016597222487778,0.385773867368698,5.485167980194092,5.099394112825394,0.808819154721673,0.638217049804346,773.231111913919221,0.594603121280670,1.386782050132751
1034,MX13039,1034,267.000000000000000,0.004635416740833,0.515370845794678,25.230937957763672,24.715567111968994,2.404379466499726,3.626812405449104,641.969317555426983,1.292691230773926,4.248742771148683
1035,MX28026,1035,4512.000000000000000,0.078333334586667,0.240397721529007,7.323610782623291,7.083213061094284,0.314727386908857,0.249343580286821,1420.049969732763202,0.286839574575424,0.313708171248436
1036,MX30109,1036,2603.000000000000000,0.045190972945278,0.289084523916245,14.156020164489746,13.866935640573502,0.618352676727111,0.949061405732696,1609.572017520668851,0.434660196304321,0.780199348926545
1037,MX07056,1037,180.000000000000000,0.003125000050000,0.588554978370667,5.549556732177734,4.961001753807068,1.819759183459812,0.929059935432602,327.556653022766170,1.643367886543274,2.995110154151917
1038,MX20060,1038,329.000000000000000,0.005711805646944,0.262938201427460,1.552657723426819,1.289719521999359,0.377581512130865,0.166631057863027,124.224317491054578,0.329082101583481,0.464214712381363
1039,MX13041,1039,672.000000000000000,0.011666666853333,0.654523849487305,24.253700256347656,23.599176406860352,2.807510039902159,3.310070216280586,1886.646746814250946,1.614219069480896,5.915244007110595
1040,MX21097,1040,47.000000000000000,0.000815972235278,0.948935985565186,7.121113777160645,6.172177791595459,2.723131296482492,1.619127999531130,127.987170934677124,2.066831350326538,5.264975261688233
1041,MX30110,1041,326.000000000000000,0.005659722312778,0.412255942821503,7.003510951995850,6.591255009174347,0.792876045488141,0.781966021411277,258.477590829133931,0.576063275337219,0.992094635963440
1042,MX14062,1042,3149.000000000000000,0.054670139763611,0.252779394388199,8.123587608337402,7.870808213949203,0.332882386894596,0.257945374989682,1048.246636331082755,0.301436007022858,0.344033521413803
1043,MX12044,1043,2501.000000000000000,0.043420139583611,0.270608276128769,6.353372573852539,6.082764297723770,0.397857619018280,0.265894405344760,995.041905164718401,0.347432553768158,0.475297033786774
1044,MX31051,1044,237.000000000000000,0.004114583399167,0.344895660877228,4.344153881072998,3.999258220195770,0.832420015008139,0.610045908549916,197.283543556928862,0.641143739223480,1.474169015884400
1045,MX25013,1045,14461.000000000000000,0.251059031794722,0.252996027469635,35.276481628417969,35.023485600948334,0.473712464075400,0.891948718580487,6850.355942994355246,0.343527466058731,0.576498568058014
1046,MX24022,1046,6527.000000000000000,0.113315974035278,0.263054728507996,10.240249633789062,9.977194905281067,0.406699819209218,0.375562069729558,2654.529719978566391,0.336480945348740,0.489478909969330
1047,MX26038,1047,10087.000000000000000,0.175121530579722,0.244897454977036,25.346849441528320,25.101951986551285,0.319042747399136,0.591266369626457,3218.184193015087658,0.285594075918198,0.304663223028183
1048,MX13042,1048,991.000000000000000,0.017204861386389,0.266043961048126,7.151225090026855,6.885181128978729,0.453290818978991,0.506256338577130,449.211201608180374,0.344571799039841,0.568545222282410
1049,MX21098,1049,774.000000000000000,0.013437500215000,0.330447167158127,5.098690509796143,4.768243342638016,0.598893825128405,0.562842780090005,463.543820649385339,0.434505954384804,0.843533110618591
1050,MX30111,1050,1230.000000000000000,0.021354167008333,0.668838262557983,258.256835937500000,257.587997674942017,2.916980360969293,12.010301740338805,3587.885843992230548,1.409230947494507,3.689921498298651
1051,MX32030,1051,812.000000000000000,0.014097222447778,0.277336984872818,4.739269733428955,4.461932748556137,0.398493683837318,0.345703597772104,323.576871275901908,0.328078836202621,0.474642077088356
1052,MX05018,1052,6549.000000000000000,0.113697918485833,0.284340292215347,180.864395141601562,180.580054849386215,2.615720607680498,9.164503379242603,17130.354259699579416,0.374547421932220,2.422162055969237
1053,MX20061,1053,108.000000000000000,0.001875000030000,0.449186980724335,1.676689267158508,1.227502286434174,0.770170899728934,0.286135449488236,83.178457170724869,0.671311706304550,1.150758850574493
1054,MX32031,1054,8079.000000000000000,0.140260418910833,0.256048232316971,12.111701011657715,11.855652779340744,0.354201586994740,0.386619776360024,2861.594621330502378,0.309351384639740,0.378104013204575
1055,MX07117,1055,960.000000000000000,0.016666666933333,0.255562841892242,5.341871738433838,5.086308896541595,0.381352861225605,0.308702633990818,366.098746776580697,0.321755528450012,0.452733674645424
1056,MX19038,1056,9633.000000000000000,0.167239586009167,0.265050828456879,41.388137817382812,41.123086988925934,0.772200917013954,2.103732686456461,7438.611433595420749,0.359702140092850,1.067611789703369
1057,MX19039,1057,1682.000000000000000,0.029201389356111,0.576353549957275,73.707672119140625,73.131318569183350,22.179178824960513,17.363842000101062,37305.378783583582845,24.284349441528320,43.079686737060548
1058,MX16053,1058,5896.000000000000000,0.102361112748889,0.302673786878586,64.186401367187500,63.883727580308914,4.260042164095636,8.685201345083792,25117.208599507870531,0.675352841615677,14.966266155242920
1059,MX05019,1059,3382.000000000000000,0.058715278717222,0.272770583629608,14.802290916442871,14.529520332813263,0.483466862671689,0.867964280015383,1635.084929555653616,0.316910743713379,0.601470547914505
1060,MX08046,1060,11396.000000000000000,0.197847225387778,0.235003829002380,4.379674911499023,4.144671082496643,0.289406178253038,0.091648973934098,3298.072807371620911,0.280909940600395,0.300984859466553
1061,MX15056,1061,1168.000000000000000,0.020277778102222,0.445744544267654,10.249422073364258,9.803677529096603,1.301946050780890,1.171396783383454,1520.672987312078931,0.848989903926849,2.682782816886902
1062,MX16054,1062,912.000000000000000,0.015833333586667,0.298601955175400,3.681138038635254,3.382536083459854,0.455471310209026,0.251218668836132,415.389834910631350,0.383423969149590,0.599776148796082
1063,MX32032,1063,918.000000000000000,0.015937500255000,0.353316962718964,31.673166275024414,31.319849312305450,1.841915458310923,3.245645702763860,1690.878390729427565,0.739197164773941,4.329819917678843
1064,MX08047,1064,9566.000000000000000,0.166076391546111,0.239208489656448,6.260751724243164,6.021543234586716,0.294806084582965,0.166938899992932,2820.115005120639580,0.281401082873344,0.299863681197166
1065,MX11021,1065,790.000000000000000,0.013715277997222,0.380665332078934,41.802127838134766,41.421462506055832,1.852420950992195,4.937978059554950,1463.412551283834091,0.569650381803513,2.243649744987490
1066,MX07057,1066,2835.000000000000000,0.049218750787500,0.241478562355042,25.659954071044922,25.418475508689880,0.751787025430216,1.544687514194341,2131.316217094663898,0.478349298238754,1.000197052955627
1067,MX31052,1067,1594.000000000000000,0.027673611553889,0.288457602262497,20.064575195312500,19.776117593050003,0.915651274931475,1.719244502740150,1459.548132240771793,0.430336475372314,1.608791339397430
1068,MX32033,1068,2704.000000000000000,0.046944445195556,0.288925319910049,13.544362068176270,13.255436748266220,0.462480492933967,0.634075427364481,1250.547252893448103,0.343471899628639,0.537194293737412
1069,MX16055,1069,1863.000000000000000,0.032343750517500,0.280755013227463,16.202342987060547,15.921587973833084,0.694219654804908,1.224645864929716,1293.331216901542803,0.397507786750793,0.975655150413513
1070,MX03002,1070,161917.000000000000000,2.811059072754722,0.214913472533226,40.158962249755859,39.944048777222633,0.297588284972895,0.430139212831945,48184.602337956195697,0.274446904659271,0.308450698852539
1071,MX31053,1071,1980.000000000000000,0.034375000550000,0.269640415906906,10.058406829833984,9.788766413927078,0.459580698925437,0.728977842100690,909.969783872364701,0.319893345236778,0.497115457057953
1072,MX29011,1072,178.000000000000000,0.003090277827222,0.439822852611542,6.371694564819336,5.931871712207794,1.003452491224482,0.892172449012706,178.614543437957792,0.674776911735535,1.925128185749055
1073,MX31054,1073,359.000000000000000,0.006232638988611,0.383148968219757,5.899137496948242,5.515988528728485,0.680910679789307,0.619098793020697,244.446934044361313,0.506348311901093,0.955267643928527
1074,MX05020,1074,43951.000000000000000,0.763038206653056,0.240907326340675,25.709188461303711,25.468281134963036,0.368017948082885,0.874163507318199,16174.756836190859758,0.294088661670685,0.329779297113419
1075,MX27013,1075,2603.000000000000000,0.045190972945278,0.488003462553024,31.019144058227539,30.531140595674515,2.188736287896286,3.264636953136286,5697.280557394032257,1.259507060050964,3.839561319351196
1076,MX26039,1076,6653.000000000000000,0.115503474070278,0.264178752899170,20.838308334350586,20.574129581451416,0.376428357608404,0.602908931373369,2504.377863168710064,0.312443882226944,0.373221147060394
1077,MX26040,1077,15209.000000000000000,0.264045143113611,0.236499860882759,5.289645671844482,5.053145810961723,0.283418777062034,0.088991470655812,4310.516180336479010,0.280003368854523,0.294751906394959
1078,MX26041,1078,9377.000000000000000,0.162795141493611,0.244417265057564,148.348831176757812,148.104413911700249,0.608708093296215,3.878820915194668,5707.855790838605571,0.302652806043625,0.429306662082672
1079,MX05021,1079,3753.000000000000000,0.065156251042500,0.261121451854706,12.114784240722656,11.853662788867950,0.448327022856025,0.649952863944870,1682.571316778660730,0.319218873977661,0.539918851852417
1080,MX16056,1080,1505.000000000000000,0.026128472640278,0.283129632472992,14.397809028625488,14.114679396152496,0.654722913673946,1.088695672368110,985.357985079288824,0.381148278713226,0.838100874423981
1081,MX08048,1081,25993.000000000000000,0.451267368331389,0.247539564967155,23.234729766845703,22.987190201878548,0.397795407949460,0.691066572479360,10339.896038830305770,0.303234159946442,0.405517095327377
1082,MX29021,1082,535.000000000000000,0.009288194593056,0.501112699508667,27.088596343994141,26.587483644485474,1.324497752768971,2.563059711099755,708.606297731399309,0.626760184764862,2.031955289840699
1083,MX30206,1083,133.000000000000000,0.002309027814722,3.625479936599731,157.251068115234375,153.625588178634644,18.276617155935533,27.525218384876450,2430.790081739425659,9.228440284729004,30.678158950805660
1084,MX30112,1084,541.000000000000000,0.009392361261389,0.436221301555634,9.597233772277832,9.161012470722198,0.929519537746796,0.916608641663820,502.870069921016864,0.660141646862030,1.397986650466919
1085,MX30113,1085,90.000000000000000,0.001562500025000,0.693145930767059,3.836588382720947,3.143442451953888,1.195930209424761,0.530120071355816,107.633718848228497,1.028696298599243,1.696551954746247
1086,MX30013,1086,685.000000000000000,0.011892361301389,0.321228533983231,18.244989395141602,17.923760861158371,1.350049277509218,2.322417410480195,924.783755093814534,0.568503379821777,2.935741424560547
1087,MX20062,1087,12.000000000000000,0.000208333336667,0.404927492141724,2.861114740371704,2.456187248229980,1.221641930441062,0.911533209359270,14.659703165292740,0.676536679267883,2.758517050743103
1088,MX29023,1088,266.000000000000000,0.004618055629444,1.489443659782410,86.703384399414062,85.213940739631653,5.640512505420163,7.495170459541611,1500.376326441763240,3.294201493263245,11.338960170745850
1089,MX15057,1089,785.000000000000000,0.013628472440278,1.197677612304688,84.403022766113281,83.205345153808594,20.507878847182962,16.835766269146603,16098.684895038624745,14.972826004028320,43.332019805908203
1090,MX21100,1090,302.000000000000000,0.005243055639444,0.443105727434158,2.979181766510010,2.536076039075851,0.908973133327156,0.534819506223672,274.509886264800969,0.693301647901535,1.640924251079559
1091,MX30114,1091,1769.000000000000000,0.030711806046944,0.280837565660477,8.097475051879883,7.816637486219406,0.479287787033651,0.486388978489629,847.860095262527921,0.370738655328751,0.611463177204132
1092,MX21101,1092,140.000000000000000,0.002430555594444,0.385554373264313,3.671529769897461,3.285975396633148,0.778322783964021,0.490462440180991,108.965189754962907,0.623063981533051,1.278027975559235
1093,MX05022,1093,4819.000000000000000,0.083663195783056,0.331673949956894,87.123596191406250,86.791922241449356,1.590457436398465,4.802899043271209,7664.414386004201333,0.568395376205444,1.949876642227172
1094,MX26042,1094,14689.000000000000000,0.255017365191389,0.255555510520935,51.455810546875000,51.200255036354065,0.906977194110628,3.048887146285391,13322.588004291021207,0.364594876766205,0.952893650531769
1095,MX25018,1095,9464.000000000000000,0.164305558184444,0.267211884260178,35.461738586425781,35.194526702165604,0.903928880747453,1.911504757528578,8554.782927393900536,0.413374379277229,1.519946968555451
1096,MX20063,1096,21.000000000000000,0.000364583339167,1.348652243614197,6.647774219512939,5.299121975898743,3.415870416732062,1.622024183929633,71.733278751373291,3.102252006530762,5.627243518829346
1097,MX10015,1097,12317.000000000000000,0.213836808976944,0.250937402248383,12.631107330322266,12.380169928073883,0.339679893465836,0.339131718070507,4183.837247818706601,0.299814999103546,0.341737270355225
1098,MX21102,1098,92.000000000000000,0.001597222247778,0.805435121059418,9.216530799865723,8.411095678806305,2.397138246375582,2.156583419242356,220.536718666553554,1.237505376338959,6.205228805541995
1099,MX20064,1099,2461.000000000000000,0.042725695128056,0.231503725051880,5.022514820098877,4.791011095046997,0.360525461321728,0.290845449295485,887.253160312771683,0.298694968223572,0.423094242811203
1100,MX15059,1100,272.000000000000000,0.004722222297778,3.861006021499634,56.131408691406250,52.270402669906616,12.354880992980560,8.985076944091894,3360.527630090712137,8.848705768585205,24.531982803344729
1101,MX15058,1101,317.000000000000000,0.005503472310278,9.141534805297852,103.696212768554688,94.554677963256836,47.718188640823108,15.449366698469831,15126.665799140924719,51.686828613281250,60.555580902099614
1102,MX21103,1102,532.000000000000000,0.009236111258889,0.323449373245239,5.606019496917725,5.282570123672485,0.648720943389979,0.711009908685540,345.119541883468685,0.417951807379723,1.184560739994051
1103,MX13043,1103,1243.000000000000000,0.021579861456389,0.266118347644806,3.132060289382935,2.865941941738129,0.406969050654268,0.189717091649852,505.862529963254815,0.357741296291351,0.537432777881622
1104,MX15060,1104,1153.000000000000000,0.020017361431389,0.536036670207977,49.643924713134766,49.107888042926788,9.025144196859374,11.891042886956138,10405.991258978858241,3.256748676300049,30.503044128417962
1105,MX07058,1105,144.000000000000000,0.002500000040000,0.297509014606476,7.284192562103271,6.986683547496796,0.688631197644605,1.087879695621916,99.162892460823059,0.368757784366608,0.951540702581406
1106,MX32034,1106,4403.000000000000000,0.076440973445278,0.285215169191360,21.992734909057617,21.707519739866257,0.490952342295143,0.968780684700306,2161.663163125514529,0.349214136600494,0.535652124881745
1107,MX16057,1107,2696.000000000000000,0.046805556304444,0.243864342570305,4.471695899963379,4.227831557393074,0.319134260303940,0.199583004964633,860.385965779423373,0.293431937694550,0.332800969481468
1108,MX26043,1108,9532.000000000000000,0.165486113758889,0.268040001392365,69.691307067871094,69.423267066478729,1.620420022019932,6.379188545201128,15445.843649893995462,0.350068584084511,0.998503786325454
1109,MX30115,1109,316.000000000000000,0.005486111198889,0.546141207218170,30.288644790649414,29.742503583431244,2.965067102562025,4.558525592193414,936.961204409599986,1.162154197692871,6.966149091720581
1110,MX10016,1110,6043.000000000000000,0.104913196123056,0.262683808803558,13.156351089477539,12.893667280673981,0.429466601689881,0.547440989092249,2595.266674011947998,0.334924012422562,0.469008529186249
1111,MX08049,1111,10518.000000000000000,0.182604169588333,0.243900224566460,9.940285682678223,9.696385458111763,0.299143692998123,0.201994845857520,3146.393362954261192,0.284773766994476,0.304342570900917
1112,MX13044,1112,1696.000000000000000,0.029444444915556,0.353371232748032,9.812750816345215,9.459379583597183,0.857616703939746,0.686071561844396,1454.517929881809323,0.656932502985001,1.379238545894623
1113,MX15061,1113,410.000000000000000,0.007118055669444,0.695180952548981,23.849555969238281,23.154375016689301,2.450546774776971,3.539479465181418,1004.724177658558006,1.152269184589386,5.985015678405767
1114,MX21104,1114,830.000000000000000,0.014409722452778,0.503685414791107,25.677721023559570,25.174035608768463,1.586414591950106,2.265785832939394,1316.724111318588484,0.858664512634277,3.166817998886109
1115,MX32035,1115,2064.000000000000000,0.035833333906667,0.313013970851898,15.047294616699219,14.734280645847321,0.621246928435772,0.779878707606407,1282.253660291434016,0.416561633348465,0.940521293878555
1116,MX08050,1116,14086.000000000000000,0.244548615023889,0.251163393259048,27.339115142822266,27.087951749563217,0.488657907383546,1.457662033564876,6883.235283404625079,0.303828835487366,0.394130766391754
1117,MX10039,1117,9524.000000000000000,0.165347224867778,0.245720028877258,20.709274291992188,20.463554263114929,0.377221092134277,0.648676728129629,3592.653681486850473,0.303121984004974,0.391176757216454
1118,MX28027,1118,6325.000000000000000,0.109809029534722,0.350463032722473,82.451919555664062,82.101456522941589,5.504414446627206,13.132810551688410,34815.421374917081266,0.750049352645874,14.940725135803252
1119,MX28028,1119,1534.000000000000000,0.026631944870556,0.267250567674637,4.384247303009033,4.116996735334396,0.379560138986505,0.242738337958154,582.245253205299150,0.334845796227455,0.433849257230759
1120,MX16058,1120,1158.000000000000000,0.020104166988333,0.273067951202393,5.787536621093750,5.514468669891357,0.461738469301110,0.447557208583230,534.693147450685501,0.353139758110046,0.580814200639725
1121,MX16059,1121,1636.000000000000000,0.028402778232222,0.267615795135498,3.514376878738403,3.246761083602905,0.398446144659100,0.213082093619816,651.857892662287099,0.340216219425201,0.511179566383362
1122,MX20504,1122,495.000000000000000,0.008593750137500,0.282094031572342,2.497853040695190,2.215759009122849,0.359879944119790,0.170856121280197,178.140572339296256,0.327780485153198,0.379430216550827
1123,MX16060,1123,383.000000000000000,0.006649305661944,0.384031683206558,11.435316085815430,11.051284402608871,1.180531964211800,1.323699283005167,452.143742293119317,0.710950851440430,2.360309696197511
1124,MX20067,1124,439.000000000000000,0.007621527899722,0.433235198259354,93.781280517578125,93.348045319318771,17.903986487478221,17.286965409526331,7859.850068002939224,14.518560409545898,40.552454376220702
1125,MX05023,1125,137393.000000000000000,2.385295177053611,0.241850942373276,66.541893005371094,66.300042062997818,0.304097078098583,0.379553116584531,41780.809851198682736,0.295650631189346,0.315405088663101
1126,MX08051,1126,9510.000000000000000,0.165104169308333,0.238355338573456,33.035865783691406,32.797510445117950,0.387731399947286,0.870544747931238,3687.325613498686835,0.288651838898659,0.357949361205101
1127,MX10017,1127,18992.000000000000000,0.329722227497778,0.241502612829208,15.326203346252441,15.084700733423233,0.310417809662517,0.308502602632406,5895.455041110528327,0.286347463726997,0.310449358820915
1128,MX11022,1128,5156.000000000000000,0.089513890321111,0.294478744268417,142.062225341796875,141.767746597528458,0.710374740497887,3.858211330909581,3662.692162007103434,0.378513321280479,0.682086229324341
1129,MX16061,1129,706.000000000000000,0.012256944640556,0.350617259740829,6.793575763702393,6.442958503961563,0.719668411752658,0.638741783155469,508.085898697376535,0.473430648446083,1.344736278057098
1130,MX28029,1130,7478.000000000000000,0.129826390966111,0.256949037313461,11.056756019592285,10.799806982278824,0.342171053762550,0.209612647481320,2558.755140036348166,0.319083109498024,0.367489454150200
1131,MX07059,1131,46570.000000000000000,0.808506957380556,0.205893099308014,25.975748062133789,25.769854962825775,0.370294273438462,0.552169551205615,17244.604314029194938,0.301274284720421,0.430426371097565
1132,MX07060,1132,297.000000000000000,0.005156250082500,0.310392737388611,10.395700454711914,10.085307717323303,0.855596606879925,1.106134937361045,254.112192243337660,0.499854713678360,1.568255376815797
1133,MX21105,1133,329.000000000000000,0.005711805646944,0.334310412406921,8.375556945800781,8.041246533393860,0.959004692212427,1.135100502272297,315.512543737888393,0.569808185100555,2.001039648056029
1134,MX14063,1134,1210.000000000000000,0.021006944780556,0.377849578857422,34.007308959960938,33.629459381103516,2.544327189631696,5.156336955178507,3078.635899454351602,0.744608163833618,5.131238412857057
1135,MX20068,1135,590.000000000000000,0.010243055719444,0.349448561668396,27.853824615478516,27.504376053810120,1.342379191366290,2.551852040682914,792.003722906111307,0.612704008817673,2.492427396774293
1136,MX15062,1136,688.000000000000000,0.011944444635556,0.764486968517303,32.206657409667969,31.442170441150665,4.151276762488971,5.134597407764081,2856.078412592411951,1.826660454273224,11.329724597930923
1137,MX21106,1137,594.000000000000000,0.010312500165000,0.686594128608704,48.409767150878906,47.723173022270203,5.266955660348785,7.457710918886164,3128.571662247178210,2.014099478721619,12.756442356109620
1138,MX07061,1138,9928.000000000000000,0.172361113868889,0.243229925632477,24.370050430297852,24.126820504665375,0.540714233963601,0.904706163516459,5368.210914790633979,0.371068656444550,0.759280544519425
1139,MX15063,1139,1899.000000000000000,0.032968750527500,0.537918448448181,12.506936073303223,11.969017624855042,1.211190921498199,1.303473364067120,2300.051559925080255,0.770219087600708,2.161179924011231
1140,MX17016,1140,424.000000000000000,0.007361111228889,0.695767521858215,7.522659778594971,6.826892256736755,1.594426353163314,1.128758803655380,676.036773741245383,1.133129894733429,3.187706995010376
1141,MX08052,1141,36280.000000000000000,0.629861121188889,0.243337631225586,48.613578796386719,48.370241165161133,0.394084241835949,1.397754911173127,14297.376293808247283,0.300087958574295,0.348385488986969
1142,MX32036,1142,3267.000000000000000,0.056718750907500,0.346177756786346,34.692844390869141,34.346666634082794,0.826361069447191,1.794419642937887,2699.721613883973532,0.447795957326889,1.149811935424805
1143,MX14064,1143,5810.000000000000000,0.100868057169444,0.297530233860016,19.762510299682617,19.464980065822601,0.522005528734801,0.889375150150964,3032.852121949194498,0.368439719080925,0.542453664541245
1144,MX12045,1144,3470.000000000000000,0.060243056519444,0.243472605943680,11.791182518005371,11.547709912061691,0.410290585625756,0.518405673274199,1423.708332121372905,0.316064581274986,0.518047583103180
1145,MX21107,1145,310.000000000000000,0.005381944530556,0.384077101945877,4.808369159698486,4.424292057752609,0.593941836107162,0.450067383547939,184.121969193220252,0.491025075316429,0.735491317510605
1146,MX30116,1146,385.000000000000000,0.006684027884722,0.411223590373993,15.784268379211426,15.373044788837433,1.774492007958425,2.477209923026823,683.179423063993795,0.897262871265411,3.515264940261841
1147,MX30117,1147,1047.000000000000000,0.018177083624167,0.373632669448853,8.916549682617188,8.542917013168335,0.713395338003820,0.589540388219830,746.924918889999958,0.574681997299194,1.027352714538574
1148,MX12046,1148,2919.000000000000000,0.050677084144167,0.288232207298279,14.849750518798828,14.561518311500549,0.635390339474762,0.993944251408363,1854.704400926830203,0.415994197130203,0.844456136226654
1149,MX13045,1149,393.000000000000000,0.006822916775833,0.474688619375229,6.034278392791748,5.559589773416519,1.289417331227819,0.866158873009542,506.741011172532922,1.024481296539307,2.380168056488037
1150,MX26044,1150,2834.000000000000000,0.049201389676111,0.252757877111435,4.089978694915771,3.837220817804337,0.296337594111872,0.138136037470899,839.820741713046687,0.286981135606766,0.304618400335312
1151,MX31055,1151,1296.000000000000000,0.022500000360000,0.275248765945435,4.276426315307617,4.001177549362183,0.436983015342259,0.359196128437208,566.329987883567469,0.332885131239891,0.574103146791458
1152,MX26045,1152,11968.000000000000000,0.207777781102222,0.237183913588524,21.629476547241211,21.392292633652687,0.307990725807108,0.415490009054550,3686.033006459467288,0.282365232706070,0.306217476725578
1153,MX26046,1153,4970.000000000000000,0.086284723602778,0.253139227628708,12.923431396484375,12.670292168855667,0.324549363622483,0.339410472103196,1613.010337203739255,0.299083709716797,0.337435147166252
1154,MX21108,1154,1180.000000000000000,0.020486111438889,0.384800374507904,25.854261398315430,25.469461023807526,1.063587934208121,2.119582541236087,1255.033762365583016,0.547533899545670,1.585286188125616
1155,MX30118,1155,140.000000000000000,0.002430555594444,0.982652783393860,47.498447418212891,46.515794634819031,22.454695881264556,13.302262852053437,3143.657423377037958,25.780253410339355,38.545580673217778
1156,MX07062,1156,2748.000000000000000,0.047708334096667,0.275344669818878,165.946533203125000,165.671188533306122,0.899933952388113,5.367968487974688,2473.018501162534449,0.460950121283531,0.911824190616608
1157,MX07063,1157,453.000000000000000,0.007864583459167,0.403325200080872,13.111478805541992,12.708153605461121,0.815218151536735,1.291956016649473,369.293822646141166,0.520386993885040,1.051708102226258
1158,MX10019,1158,8778.000000000000000,0.152395835771667,0.231524050235748,5.217152595520020,4.985628545284271,0.287672296811493,0.121307042123771,2525.187421411284504,0.276716753840446,0.294759941101074
1159,MX30119,1159,228.000000000000000,0.003958333396667,0.454170674085617,16.924285888671875,16.470115214586258,1.342776569750225,2.306224018799041,306.153057903051206,0.729935228824615,1.847010779380800
1160,MX30120,1160,113.000000000000000,0.001961805586944,1.934375286102295,12.218056678771973,10.283681392669678,4.663618972871156,2.832891731319684,526.988943934440613,3.443937778472900,9.716928482055664
1161,MX23004,1161,42051.000000000000000,0.730052095014167,0.220772996544838,36.231826782226562,36.011053785681725,0.418178744719549,1.375636203718667,17584.834394201770920,0.279706209897995,0.351776093244553
1162,MX15065,1162,704.000000000000000,0.012222222417778,0.681194186210632,34.360424041748047,33.679229855537415,4.005295963788573,5.200311685502475,2819.728358507155463,1.896819055080414,9.777837562561038
1163,MX15066,1163,777.000000000000000,0.013489583549167,0.279792964458466,5.143278598785400,4.863485634326935,0.436395641536173,0.349053500719077,339.079413473606166,0.358613163232803,0.534965932369232
1164,MX15067,1164,554.000000000000000,0.009618055709444,0.720903158187866,21.041891098022461,20.320987939834595,4.143911712113703,3.424720961134353,2295.727088510991507,3.518124699592590,8.266481304168700
1165,MX07064,1165,2033.000000000000000,0.035295139453611,0.292855739593506,15.878849983215332,15.585994243621826,0.593789257691872,0.835803541277742,1207.173560887575150,0.440980374813080,0.820403397083282
1166,MX31056,1166,4296.000000000000000,0.074583334526667,0.241976097226143,10.190882682800293,9.948906585574150,0.401762200592283,0.616938801062573,1725.970413744448479,0.294245719909668,0.395514264702797
1167,MX30121,1167,9807.000000000000000,0.170260419390833,0.250367254018784,10.974199295043945,10.723832041025162,0.345979191782983,0.268269669293630,3393.017933815714969,0.310925394296646,0.370175790786743
1168,MX15068,1168,239.000000000000000,0.004149305621944,0.890526175498962,32.865669250488281,31.975143074989319,4.924584863574935,6.033612634362642,1176.975782394409634,1.997107386589050,14.754726600646979
1169,MX01006,1169,993.000000000000000,0.017239583609167,0.452816426753998,51.539379119873047,51.086562693119049,2.770686484955827,5.199845703984273,2751.291679561136789,1.330835580825806,4.920962429046631
1170,MX13048,1170,761.000000000000000,0.013211805766944,0.629220843315125,59.708839416503906,59.079618573188782,16.541488921125357,15.851223505743819,12588.073068976396826,9.749116897583008,41.852184295654297
1171,MX13047,1171,1931.000000000000000,0.033524306091944,0.253432363271713,2.284889936447144,2.031457573175430,0.348478441640295,0.140436811731304,672.911870807409628,0.311410903930664,0.427228599786758
1172,MX28030,1172,6936.000000000000000,0.120416668593333,0.244160741567612,10.010078430175781,9.765917688608170,0.360816655029579,0.346604542051267,2502.624319285162528,0.306878775358200,0.384951025247574
1173,MX21109,1173,494.000000000000000,0.008576389026111,0.370644360780716,6.137934684753418,5.767290323972702,0.857029665819547,0.630481345818182,423.372654914856014,0.656568706035614,1.476244342327118
1174,MX16062,1174,847.000000000000000,0.014704861346389,0.368972420692444,11.121852874755859,10.752880454063416,0.810838617780273,1.072918746495458,686.780309259891283,0.476213067770004,1.369695258140564
1175,MX30122,1175,1496.000000000000000,0.025972222637778,0.313329547643661,12.837576866149902,12.524247318506241,0.706733857764598,0.769247968936829,1057.273851215838476,0.558671593666077,0.997001171112061
1176,MX07065,1176,14140.000000000000000,0.245486115038889,0.257736086845398,22.422859191894531,22.165123105049133,0.476079949363539,0.753265579329098,6731.770484000442593,0.353829249739647,0.601031982898712
1177,MX04007,1177,10675.000000000000000,0.185329864076389,0.247717961668968,14.093767166137695,13.846049204468727,0.373982651625919,0.392650783879835,3992.264806106685683,0.328459501266479,0.434641826152802
1178,MX21110,1178,1789.000000000000000,0.031059028274722,0.381166905164719,75.315376281738281,74.934209376573563,1.418475079329870,3.128349875683585,2537.651916921138309,0.696844398975372,2.541840362548828
1179,MX28031,1179,2434.000000000000000,0.042256945120556,0.251392513513565,5.777446746826172,5.526054233312607,0.336984138583785,0.276100506870615,820.219393312932084,0.301533102989197,0.359331250190735
1180,MX31057,1180,3344.000000000000000,0.058055556484444,0.244967043399811,10.062082290649414,9.817115247249603,0.330416112153403,0.409822658713492,1104.911479040979657,0.287819251418114,0.318247732520104
1181,MX16063,1181,1431.000000000000000,0.024843750397500,0.294369488954544,7.865866661071777,7.571497172117233,0.667890484477989,0.785237695369240,955.751283288002014,0.407654583454132,1.207948684692383
1182,MX29024,1182,299.000000000000000,0.005190972305278,0.626981019973755,22.971693038940430,22.344712018966675,3.350711544221861,3.600171411444508,1001.862751722336384,1.936983108520508,7.346914863586417
1183,MX07066,1183,933.000000000000000,0.016197916925833,0.364292204380035,11.478913307189941,11.114621102809906,0.794355455574372,0.728148668068876,741.133640050888857,0.602106571197510,1.209161520004274
1184,MX07067,1184,521.000000000000000,0.009045139033611,0.309435039758682,7.223634243011475,6.914199203252792,0.742733278510209,0.763991772793083,386.964038103818780,0.468070000410080,1.349137783050537
1185,MX21111,1185,1099.000000000000000,0.019079861416389,0.303659677505493,3.277294158935547,2.973634481430054,0.482967599589137,0.257429008337194,530.781391948461533,0.413774460554123,0.620037293434143
1186,MX30123,1186,15956.000000000000000,0.277013893321111,0.248851016163826,62.497104644775391,62.248253628611565,0.523660896838599,1.293143851147868,8355.533269956687946,0.354723021388054,0.654040098190308
1187,MX32037,1187,3452.000000000000000,0.059930556514444,0.311232328414917,8.653687477111816,8.342455148696899,0.563450099142789,0.636210745887455,1945.029742240908718,0.415539830923080,0.704506230354309
1188,MX10020,1188,5262.000000000000000,0.091354168128333,0.249620437622070,24.422052383422852,24.172431945800781,0.401560117852004,0.735148366180635,2113.009340137244180,0.313384756445885,0.396821290254593
1189,MX15069,1189,14.000000000000000,0.000243055559444,11.172367095947266,26.535539627075195,15.363172531127930,18.239579813820974,4.005302828666595,255.354117393493652,18.053768157958984,23.215553855895998
1190,MX29041,1190,116.000000000000000,0.002013888921111,1.246589422225952,30.542919158935547,29.296329736709595,10.344862732393990,7.349859625178298,1200.004076957702864,9.384944915771484,20.842853546142578
1191,MX30124,1191,7259.000000000000000,0.126024307571944,0.319990426301956,177.530960083007812,177.210969656705856,1.562743152418740,6.193180735429753,11343.952543407633129,0.696899116039276,2.060191726684570
1192,MX16065,1192,1213.000000000000000,0.021059028114722,0.282491832971573,11.434425354003906,11.151933521032333,0.778189341562990,1.235195538247963,943.943671315906386,0.408256828784943,1.328970503807068
1193,MX16064,1193,2489.000000000000000,0.043211806246944,0.278164416551590,15.791535377502441,15.513370960950851,0.533290688833017,0.855151845742134,1327.360524505379317,0.362623929977417,0.653866064548493
1194,MX27014,1194,1713.000000000000000,0.029739583809167,0.352797508239746,2560.843017578125000,2560.490220069885254,7.914289943338893,82.903218918468525,13557.178672939524404,1.483161687850952,10.512359046936032
1195,MX19040,1195,6105.000000000000000,0.105989585029167,0.259547740221024,7.314276695251465,7.054728955030441,0.334932697488088,0.188413538151978,2044.764118164779120,0.321068316698074,0.346633130311966
1196,MX05024,1196,54923.000000000000000,0.953524320811945,0.248657017946243,30.484830856323242,30.236173838376999,0.350596332159148,0.648469223911805,19255.802351176895172,0.309244662523270,0.351550030708313
1197,MX30126,1197,1917.000000000000000,0.033281250532500,0.318312436342239,11.467252731323242,11.148940294981003,0.738084328441988,0.781665445334517,1414.907657623291698,0.538528859615326,1.206260991096497
1198,MX30125,1198,1982.000000000000000,0.034409722772778,0.333653122186661,10.376976013183594,10.043322890996933,0.587181599677270,0.632838408235803,1163.793930560349054,0.469616025686264,0.745488893985748
1199,MX16066,1199,2166.000000000000000,0.037604167268333,0.287543386220932,20.042636871337891,19.755093485116959,1.064324122909475,1.976369669800695,2305.326050221922742,0.477876573801041,2.032154440879822
1200,MX12047,1200,1449.000000000000000,0.025156250402500,0.264575034379959,0.820028066635132,0.555453032255173,0.314683174391793,0.030739215532786,455.975919693707397,0.310231059789658,0.337771219015121
1201,MX22012,1201,1610.000000000000000,0.027951389336111,0.535592734813690,37.786895751953125,37.251303017139435,3.137119567801502,4.122208345307224,5050.762504160417848,1.689412474632263,7.209219980239870
1202,MX22013,1202,3477.000000000000000,0.060364584299167,0.250205218791962,14.316508293151855,14.066303074359894,0.489638994848863,0.577337156982563,1702.474785089497800,0.355501025915146,0.673884832859039
1203,MX16067,1203,1839.000000000000000,0.031927083844167,0.292060256004333,4.952165126800537,4.660104870796204,0.500607772162584,0.375641052396055,920.617693006992567,0.394299387931824,0.717400527000427
1204,MX11023,1204,7779.000000000000000,0.135052085494167,0.318396151065826,29.737174987792969,29.418778836727142,1.024496022572111,1.902162344967168,7969.554559588454140,0.594781577587128,1.619065618515015
1205,MX10021,1205,8655.000000000000000,0.150260419070833,0.246378943324089,10.255989074707031,10.009610131382942,0.339803998310879,0.392349651594597,2941.003605380657518,0.294868111610413,0.328083878755569
1206,MX16068,1206,1646.000000000000000,0.028576389346111,0.264013200998306,13.140619277954102,12.876606076955795,0.736392884667995,1.241501578107596,1212.102688163519133,0.357325538992882,1.257743299007416
1207,MX30128,1207,3018.000000000000000,0.052395834171667,0.316100507974625,48.013710021972656,47.697609513998032,1.354917140888650,3.506807984376507,4089.139931201946183,0.547520488500595,2.021714663505555
1208,MX19041,1208,1673.000000000000000,0.029045139353611,0.543180823326111,57.341102600097656,56.797921776771545,5.981189100420261,8.770090524059707,10006.529365003096245,2.512442111968994,17.616753387451169
1209,MX12048,1209,9641.000000000000000,0.167378474900278,0.244989559054375,9.311429977416992,9.066440418362617,0.380239632319531,0.413674803019139,3665.890295192600206,0.319963574409485,0.429002702236176
1210,MX21112,1210,1136.000000000000000,0.019722222537778,0.298240929841995,8.502198219299316,8.203957289457321,0.549014773350997,0.620935313427675,623.680782526732060,0.372254446148872,0.852129667997360
1211,MX31058,1211,5266.000000000000000,0.091423612573889,0.239080935716629,14.117124557495117,13.878043621778488,0.398735261347146,0.720501602744577,2099.739886254071280,0.295619562268257,0.400234520435333
1212,MX21113,1212,1088.000000000000000,0.018888889191111,0.291772723197937,5.975670814514160,5.683898091316223,0.469214242581717,0.467629996612368,510.505095928907622,0.358943387866020,0.620165038108826
1213,MX07068,1213,2886.000000000000000,0.050104167468333,0.302375912666321,91.471984863281250,91.169608950614929,0.948429033180862,3.233552900987681,2737.166189759968347,0.569455772638321,1.027869760990143
1214,MX05025,1214,2527.000000000000000,0.043871528479722,0.312968462705612,66.529090881347656,66.216122418642044,4.855661819881726,11.514647277079622,12270.257418841119943,0.572340309619904,18.618716049194337
1215,MX14065,1215,4334.000000000000000,0.075243056759444,0.260099321603775,7.749702453613281,7.489603132009506,0.373056225860289,0.298704395412570,1616.825682878493808,0.320887446403503,0.434241822361946
1216,MX07069,1216,8478.000000000000000,0.147187502355000,0.220150038599968,27.932273864746094,27.712123826146126,0.493785586606208,1.042046360893510,4186.314203247434307,0.338062256574631,0.633008259534836
1217,MX12049,1217,799.000000000000000,0.013871527999722,0.342125654220581,12.537014961242676,12.194889307022095,0.770616734430698,0.942088210484204,615.722770810127372,0.500419020652771,1.227044367790222
1218,MX22002,1218,3565.000000000000000,0.061892362101389,0.261073917150497,8.932188034057617,8.671114116907120,0.397725789468386,0.328130212803356,1417.892439454794840,0.333763927221298,0.522010159492493
1219,MX32038,1219,15987.000000000000000,0.277552087774167,0.269802927970886,34.950847625732422,34.681044697761536,0.433095626165326,0.641179164686224,6923.899775505069556,0.352595299482346,0.510009443759918
1220,MX20070,1220,326.000000000000000,0.005659722312778,0.324500054121017,4.672713279724121,4.348213225603104,0.535127415704581,0.516023695202752,174.451537519693517,0.403674319386482,0.634609013795853
1221,MX13049,1221,939.000000000000000,0.016302083594167,0.315663874149323,4.461234569549561,4.145570695400238,0.529372331465142,0.303412645726237,497.080619245767991,0.447064489126205,0.758781623840332
1222,MX26047,1222,52787.000000000000000,0.916440986885278,0.232936590909958,40.745826721191406,40.512890130281448,0.317537233531550,0.629883760805410,16761.837946429954172,0.284424662590027,0.307890504598618
1223,MX30129,1223,1238.000000000000000,0.021493055899444,0.290163964033127,9.289653778076172,8.999489814043045,0.503960152747943,0.635053763592270,623.902669101953393,0.373635783791542,0.633825165033340
1224,MX30130,1224,5840.000000000000000,0.101388890511111,0.249252185225487,14.723938941955566,14.474686756730080,0.409332582887825,0.527511041961178,2390.502284064898959,0.330625087022781,0.470122057199478
1225,MX02005,1225,2751.000000000000000,0.047760417430833,0.311230570077896,50.406776428222656,50.095545858144760,3.318537372344189,6.573989817451647,9129.296311318865264,0.602625846862793,9.133617401123047
1226,MX20071,1226,503.000000000000000,0.008732639028611,0.267265349626541,4.210338592529297,3.943073242902756,0.426090380662004,0.338726914813223,214.323461472988072,0.349590331315994,0.497870129346848
1227,MX10022,1227,5765.000000000000000,0.100086807156944,0.252487897872925,18.209901809692383,17.957413911819458,0.427850318492648,0.733826499919153,2466.557086110117780,0.319028913974762,0.422531849145889
1228,MX15071,1228,632.000000000000000,0.010972222397778,0.505829393863678,13.645758628845215,13.139929234981537,1.768484397213670,1.478567807766856,1117.682139039039612,1.408018589019775,3.041145825386047
1229,MX14066,1229,4160.000000000000000,0.072222223377778,0.299711227416992,24.272077560424805,23.972366333007812,0.818645992595704,1.660139579665211,3405.567329198130665,0.397834673523903,1.300093114376068
1230,MX30131,1230,317.000000000000000,0.005503472310278,1.766226410865784,1207.306396484375000,1205.540170073509216,40.001342311266491,119.591697602840100,12680.425512671477918,19.734914779663086,46.133558654785162
1231,MX08053,1231,2014.000000000000000,0.034965278337222,0.286238193511963,21.711370468139648,21.425132274627686,0.690280719052597,1.557527559416199,1390.225368171930313,0.353770673274994,0.841479551792145
1232,MX05026,1232,15186.000000000000000,0.263645837551667,0.261756092309952,17.198490142822266,16.936734050512314,0.362066994911439,0.461512315960809,5498.349384725115669,0.322034120559692,0.362006276845932
1233,MX31059,1233,1800.000000000000000,0.031250000500000,0.330712199211121,48.347881317138672,48.017169117927551,1.650134803718990,4.121811216892066,2970.242646694181076,0.507566809654236,3.072153687477116
1234,MX13050,1234,455.000000000000000,0.007899305681944,0.419326305389404,27.738555908203125,27.319229602813721,1.959974328109197,3.692826027942852,891.788319289684409,0.783205151557922,3.502394342422486
1235,MX21114,1235,2698.000000000000000,0.046840278527222,0.477857708930969,135.087677001953125,134.609819293022156,21.495224941265040,22.871978724440218,57994.116891533078160,9.848780632019043,53.737869262695341
1236,MX10023,1236,35335.000000000000000,0.613454870926389,0.236776053905487,23.134405136108398,22.897629082202911,0.316815963390862,0.402739974857571,11194.692066416124362,0.288147151470184,0.315718847513199
1237,MX11024,1237,298.000000000000000,0.005173611193889,1.069085478782654,21.531999588012695,20.462914109230042,2.665469629252518,2.440721462501132,794.309949517250402,1.974281013011932,4.226890945434571
1238,MX07072,1238,1213.000000000000000,0.021059028114722,0.330242365598679,17.590847015380859,17.260604649782181,0.792459962516409,1.179072270304885,961.253934532403719,0.509797453880310,1.215571904182432
1239,MX30133,1239,1433.000000000000000,0.024878472620278,0.368970602750778,90.349708557128906,89.980737954378128,2.680586529543405,6.212599743952457,3841.280496835699523,0.766961097717285,5.926499366760250
1240,MX17017,1240,1462.000000000000000,0.025381944850556,0.336304813623428,16.390890121459961,16.054585307836533,1.532366140372285,2.147545713488074,2240.319297224281399,0.758454293012619,3.363968682289124
1241,MX30134,1241,1903.000000000000000,0.033038194973056,0.302410393953323,15.263245582580566,14.960835188627243,0.618241367265544,0.866741746113054,1176.513321906330248,0.436508864164352,0.869505357742310
1242,MX26048,1242,33593.000000000000000,0.583211814886945,0.235320150852203,41.698398590087891,41.463078439235687,0.464215982826779,1.954221751251670,15594.407511099992917,0.297614663839340,0.337220388650894
1243,MX14067,1243,3401.000000000000000,0.059045139833611,0.288389891386032,56.964618682861328,56.676228791475296,3.034764161840040,7.202818225880810,10321.232914417976644,0.542554914951324,7.470249652862549
1244,MX12050,1244,626.000000000000000,0.010868055729444,0.338609188795090,20.822250366210938,20.483641177415848,1.337441529566869,2.399385574680672,837.238397508860089,0.575547546148300,2.597820043563843
1245,MX16070,1245,957.000000000000000,0.016614583599167,0.331310153007507,18.283477783203125,17.952167630195618,0.994744927002471,2.049894381610352,951.970895141365077,0.452769130468369,1.372407603263854
1246,MX11025,1246,1460.000000000000000,0.025347222627778,0.330360680818558,44.533237457275391,44.202876776456833,2.324159559178841,4.815778860968097,3393.272956401107876,0.765400379896164,4.664580392837531
1247,MX16071,1247,3581.000000000000000,0.062170139883611,0.315567046403885,23.021463394165039,22.705896347761154,0.833115016987990,1.474804357815897,2983.384875833991373,0.471602261066437,1.326855897903442
1248,MX20073,1248,1995.000000000000000,0.034635417220833,0.260455369949341,10.116428375244141,9.855973005294800,0.474434276212726,0.570741778602324,946.496381044388272,0.359681487083435,0.629427063465119
1249,MX21115,1249,922.000000000000000,0.016006944700556,0.405025243759155,15.000459671020508,14.595434427261353,1.997029842497728,2.496180341101657,1841.261514782904896,1.032944321632385,5.125812292098998
1250,MX12051,1250,4143.000000000000000,0.071927084484167,0.249194383621216,6.768287181854248,6.519092798233032,0.438789533196282,0.360039086084152,1817.905036032195994,0.355186700820923,0.591698110103607
1251,MX16072,1251,1164.000000000000000,0.020208333656667,0.293834954500198,10.172773361206055,9.878938406705856,0.561150927083804,0.669833880475003,653.179679125548091,0.388314947485924,0.759987169504166
1252,MX22014,1252,3409.000000000000000,0.059184028724722,0.507849693298340,111.586959838867188,111.079110145568848,13.687688561016000,18.322102017986769,46661.330304503542720,3.288320064544678,45.445848846435581
1253,MX21116,1253,829.000000000000000,0.014392361341389,0.280661016702652,3.730665683746338,3.450004667043686,0.662022044740627,0.440839950444490,548.816275089979627,0.515041530132294,1.155377936363221
1254,MX31060,1254,514.000000000000000,0.008923611253889,0.253224551677704,2.356849193572998,2.103624641895294,0.322300576050458,0.186576147611075,165.662496089935445,0.290474861860275,0.327108541131020
1255,MX26049,1255,19909.000000000000000,0.345642366641389,0.230690762400627,4.540137767791748,4.309447005391121,0.301976613578765,0.083329866135138,6012.052399739628527,0.288822323083878,0.336931216716766
1256,MX16073,1256,1061.000000000000000,0.018420139183611,0.297811895608902,9.364338874816895,9.066526979207993,0.606158193443093,0.835662749902732,643.133843243121532,0.370761603116989,0.929182291030884
1257,MX14069,1257,3347.000000000000000,0.058107639818611,0.250886470079422,6.860784053802490,6.609897583723068,0.375140322307206,0.296773897482779,1255.594658762217705,0.315826624631882,0.452484214305878
1258,MX30135,1258,125.000000000000000,0.002170138923611,0.544967353343964,40.509002685546875,39.964035332202911,7.784587567806244,9.374488020989906,973.073445975780487,2.515102624893188,20.978917694091827
1259,MX21117,1259,22.000000000000000,0.000381944450556,1.319790840148926,27.847370147705078,26.527579307556152,10.700059251351789,9.256071294533392,235.401303529739351,6.524496793746948,26.780127143859872
1260,MX30136,1260,58.000000000000000,0.001006944460556,0.806764364242554,7.723670959472656,6.916906595230103,2.409485614505308,1.813695160517373,139.750165641307859,1.635594248771667,5.214593648910522
1261,MX05027,1261,35046.000000000000000,0.608437509735000,0.254423797130585,223.058212280273438,222.803788483142853,0.693499455561905,3.645987993893079,24304.381919622515852,0.329364091157913,0.522192150354385
1262,MX07073,1262,327.000000000000000,0.005677083424167,0.343545556068420,13.717780113220215,13.374234557151794,0.907218106387223,1.457475048477422,296.660320788621789,0.598877847194672,1.068208098411561
1263,MX15072,1263,118.000000000000000,0.002048611143889,1.347639322280884,14.848696708679199,13.501057386398315,4.536608348458501,3.344582068358084,535.319785118103141,3.200194358825684,9.946265316009521
1264,MX24023,1264,3955.000000000000000,0.068663195543056,0.262796252965927,6.444150924682617,6.181354671716690,0.412197180305208,0.337251288125852,1630.239848107099306,0.343184947967529,0.506088185310364
1265,MX26050,1265,4718.000000000000000,0.081909723532778,0.241622358560562,6.454590797424316,6.212968438863754,0.300520892944717,0.207443578914511,1417.857572913172817,0.284099161624908,0.302635216712952
1266,MX19043,1266,3525.000000000000000,0.061197917645833,0.262637466192245,5.119263648986816,4.856626182794571,0.346300346462439,0.192680702172823,1220.708721280098416,0.313260585069656,0.365838670730591
1267,MX07074,1267,2129.000000000000000,0.036961806146944,1.039517283439636,13302.536132812500000,13301.496615529060364,61.941349854711135,476.581360587237612,131873.133840680005960,7.563374519348145,66.594030761718756
1268,MX20075,1268,162.000000000000000,0.002812500045000,0.307583808898926,6.559817314147949,6.252233505249023,0.714183400258606,0.966236005180733,115.697710841894192,0.369055792689323,1.218436324596405
1269,MX20077,1269,57.000000000000000,0.000989583349167,0.604120254516602,10.589910507202148,9.985790252685547,3.139316647722010,2.274410804542937,178.941048920154572,2.362226963043213,6.544802665710448
1270,MX28032,1270,16158.000000000000000,0.280520837821667,0.282265782356262,363.079650878906250,362.797385096549988,3.162651968824561,10.768305138097466,51102.130512267256563,0.432346448302269,3.680948615074158
1271,MX01007,1271,1892.000000000000000,0.032847222747778,0.317697405815125,52.875167846679688,52.557470440864563,1.772636539982061,4.561065233835924,3353.828333646059946,0.575475871562958,3.200689125061035
1272,MX30138,1272,71.000000000000000,0.001232638908611,0.718966901302338,27.899803161621094,27.180836260318756,8.671109678879590,8.415274187525940,615.648787200450897,4.923476696014404,21.381217956542969
1273,MX28033,1273,8079.000000000000000,0.140260418910833,0.287000477313995,55.844276428222656,55.557275950908661,1.284786164303174,4.242731009826048,10379.787421405346322,0.426872968673706,1.585961556434631
1274,MX32039,1274,9390.000000000000000,0.163020835941667,0.271820396184921,58.329082489013672,58.057262092828751,0.736637808012758,2.568239856695410,6917.029017239794484,0.345408484339714,0.640002119541168
1275,MX31061,1275,1338.000000000000000,0.023229167038333,0.251202464103699,8.517473220825195,8.266270756721497,0.370698398583317,0.539563698755392,495.994457304477521,0.294052183628082,0.346742635965347
1276,MX24024,1276,15410.000000000000000,0.267534726502778,0.251377165317535,37.952796936035156,37.701419770717621,0.564216639315207,1.577888491619331,8694.578411847334792,0.337958946824074,0.606350296735764
1277,MX08054,1277,12041.000000000000000,0.209045142233611,0.264717549085617,7.282133579254150,7.017416030168533,0.371332171472460,0.217303669174030,4471.210676699885880,0.335491508245468,0.409911960363388
1278,MX10024,1278,7390.000000000000000,0.128298613163889,0.248444318771362,23.483245849609375,23.234801530838013,0.367119128072536,0.677675103615919,2713.010356456042246,0.297005608677864,0.355461430549622
1279,MX20078,1279,61.000000000000000,0.001059027794722,0.697010457515717,4.779556274414062,4.082545816898346,1.322050124895377,1.034572328029891,80.645057618617983,0.903704941272736,2.306941032409668
1280,MX11026,1280,2203.000000000000000,0.038246528389722,0.431468158960342,49.066455841064453,48.634987682104111,1.667835672741527,3.395423295716146,3674.241987049584168,0.911645829677582,2.620247077941894
1281,MX08055,1281,10203.000000000000000,0.177135419500833,0.264581799507141,15.074748039245605,14.810166239738464,0.441069235874602,0.633519768335122,4500.229413628567272,0.329256623983383,0.462211757898331
1282,MX18010,1282,7698.000000000000000,0.133645835471667,0.257330209016800,15.549534797668457,15.292204588651657,0.409151073267443,0.430461235234888,3149.644962012773249,0.332845062017441,0.470232155919075
1283,MX08056,1283,6162.000000000000000,0.106979168378333,0.240570753812790,4.160195827484131,3.919625073671341,0.309000319496875,0.135687759914968,1904.059968739741862,0.290588110685349,0.316772866249085
1284,MX25014,1284,13363.000000000000000,0.231996531489722,0.244876682758331,104.302207946777344,104.057331264019012,0.491302927360380,1.903983965809009,6565.281018316757581,0.323128640651703,0.525200057029724
1285,MX26051,1285,18595.000000000000000,0.322829866276389,0.231202691793442,17.701658248901367,17.470455557107925,0.299587706018276,0.289279022191113,5570.833393409838209,0.281615585088730,0.301693791151047
1286,MX18011,1286,2617.000000000000000,0.045434028504722,0.252896964550018,16.638078689575195,16.385181725025177,0.498446922266717,0.904790819860558,1304.435595571997737,0.322584182024002,0.598810362815857
1287,MX07076,1287,1219.000000000000000,0.021163194783056,0.289645582437515,13.354609489440918,13.064963907003403,0.684880360802048,0.950660376771893,834.869159817696641,0.458278089761734,1.003756117820740
1288,MX05028,1288,10435.000000000000000,0.181163197343056,0.276210069656372,40.300601959228516,40.024391889572144,0.779378323616112,2.546056146048648,8132.812806934124637,0.358394116163254,0.706169724464417
1289,MX19044,1289,8050.000000000000000,0.139756946680556,0.252783507108688,22.436050415039062,22.183266907930374,0.537195733652352,1.290345154107372,4324.425655901429309,0.321565255522728,0.485328564047814
1290,MX31062,1290,1002.000000000000000,0.017395833611667,0.272775322198868,6.933748722076416,6.660973399877548,0.455151835006630,0.518455763802070,456.062138676643542,0.345980659127235,0.534001672267914
1291,MX05029,1291,1517.000000000000000,0.026336805976944,0.286902308464050,11.976058959960938,11.689156651496887,0.429142193096440,0.707632420471450,651.008706927299954,0.342722624540329,0.425230664014816
1292,MX26052,1292,26675.000000000000000,0.463107646298611,0.236819341778755,30.149671554565430,29.912852212786674,0.333785280971852,0.669497196658916,8903.722369924164013,0.284159213304520,0.309496051073074
1293,MX16076,1293,639.000000000000000,0.011093750177500,0.343317598104477,39.890640258789062,39.547322660684586,3.424174017283093,6.968194689259319,2188.047197043896631,0.737280428409576,9.530643844604493
1294,MX32040,1294,7189.000000000000000,0.124809029774722,0.263690739870071,12.018513679504395,11.754822939634323,0.426943920367216,0.549097263212083,3069.299843519917431,0.330929756164551,0.440172284841537
1295,MX11027,1295,3773.000000000000000,0.065503473270278,0.437188684940338,11076.482421875000000,11076.045233190059662,17.065175033148083,256.114583242967910,64386.905400067720620,2.001708507537842,12.547615051269538
1296,MX20079,1296,629.000000000000000,0.010920139063611,0.486384928226471,1926.268066406250000,1925.781681478023529,27.490372181744213,145.380776747447101,17291.444102317109355,3.350926876068115,30.008802413940440
1297,MX24025,1297,8768.000000000000000,0.152222224657778,0.253902226686478,29.944154739379883,29.690252512693405,0.458486269802589,1.042636913169220,4020.007613629096795,0.329623594880104,0.501929312944412
1298,MX19045,1298,8668.000000000000000,0.150486113518889,0.284927695989609,49.176830291748047,48.891902595758438,0.975848342661187,2.660222781533727,8458.653434187166567,0.373679429292679,1.097060561180115
1299,MX30139,1299,530.000000000000000,0.009201389036111,0.281932026147842,4.908164024353027,4.626231998205185,0.541564397317058,0.473893646104960,287.029130578040736,0.404512539505959,0.765382349491119
1300,MX05030,1300,28949.000000000000000,0.502586813596945,0.255739539861679,87.758834838867188,87.503095299005508,1.723825082646643,7.122372224725931,49903.012317537657509,0.324537426233292,0.830967688560486
1301,MX07077,1301,6015.000000000000000,0.104427085004167,0.275164097547531,11.453284263610840,11.178120166063309,0.459426978713557,0.461912386710318,2763.453276962043674,0.366594403982162,0.595989179611206
1302,MX25015,1302,4000.000000000000000,0.069444445555556,0.286713153123856,56.821670532226562,56.534957379102707,1.306499416835604,4.433042308002134,5225.997667342416207,0.419914215803146,1.334483671188354
1303,MX16079,1303,2419.000000000000000,0.041996528449722,0.297031432390213,9.497056961059570,9.200025528669357,0.573961956595133,0.762703241188727,1388.413973003625870,0.388463616371155,0.759306657314301
1304,MX11028,1304,2947.000000000000000,0.051163195263056,0.369930148124695,68.864120483398438,68.494190335273743,1.740850521207950,3.737176300292111,5130.286485999828983,0.771554112434387,3.412309217453003
1305,MX31063,1305,807.000000000000000,0.014010416890833,0.287191748619080,5.463774204254150,5.176582455635071,0.516578878611881,0.444275718368322,416.879155039787690,0.376424908638000,0.677466011047363
1306,MX20080,1306,268.000000000000000,0.004652777852222,0.254548549652100,2.239663600921631,1.985115051269531,0.399668560655259,0.263650733558982,107.111174255609541,0.327756792306900,0.471593627333641
1307,MX20081,1307,476.000000000000000,0.008263889021111,0.280285984277725,6.738503456115723,6.458217471837997,0.484676067130405,0.617048622408216,230.705807954072668,0.341110587120056,0.624860614538193
1308,MX20082,1308,736.000000000000000,0.012777777982222,0.265226066112518,2.336852788925171,2.071626722812653,0.371433325354820,0.169354052061843,273.374927461147308,0.335773825645447,0.433339804410934
1309,MX20083,1309,126.000000000000000,0.002187500035000,0.717178583145142,13.159893989562988,12.442715406417847,2.816763801234108,3.145953728921492,354.912238955497628,1.452131032943726,8.200732707977295
1310,MX20084,1310,271.000000000000000,0.004704861186389,0.341209530830383,6.533604621887207,6.192395091056824,0.968653103412297,1.157955203235203,262.504991024732533,0.483963400125504,2.382221221923828
1311,MX20085,1311,1631.000000000000000,0.028315972675278,0.242389574646950,2.414244413375854,2.171854838728905,0.345761143406573,0.126095181691128,563.936424896121139,0.320236533880234,0.402693122625351
1312,MX13036,1312,1227.000000000000000,0.021302083674167,0.301391094923019,7.041907310485840,6.740516215562820,0.508245024699550,0.461911526057087,623.616645306347436,0.386424034833908,0.734620010852814
1313,MX20086,1313,251.000000000000000,0.004357638958611,0.281198412179947,1.745746016502380,1.464547604322433,0.367943149876309,0.171900818465472,92.353730618953676,0.326107889413834,0.397475719451904
1314,MX13052,1314,1474.000000000000000,0.025590278187222,0.534192800521851,24.843429565429688,24.309236764907837,1.906543851626610,2.672806782144343,2810.245637297623944,0.922611773014069,4.307021999359135
1315,MX20087,1315,32.000000000000000,0.000555555564444,4.793553829193115,16.974832534790039,12.181278705596924,8.978272631764412,3.152777854602632,287.304724216461182,8.363523006439209,14.052312469482425
1316,MX20088,1316,1272.000000000000000,0.022083333686667,0.264296978712082,1.082338571548462,0.818041592836380,0.323309649391181,0.049556333512544,411.249874025582585,0.316725969314575,0.342922377586365
1317,MX21119,1317,290.000000000000000,0.005034722302778,3.580864906311035,79.890090942382812,76.309226036071777,27.331048896394940,13.681949177928805,7926.004179954532447,25.500984191894531,46.806836700439462
1318,MX20089,1318,483.000000000000000,0.008385416800833,0.291397869586945,2.170300960540771,1.878903090953827,0.388429417620041,0.182974224394050,187.611408710479878,0.345496743917465,0.444878464937210
1319,MX07118,1319,193.000000000000000,0.003350694498056,0.380908817052841,11.274467468261719,10.893558651208878,1.037565047413574,1.551107767812232,200.250054150819864,0.503619194030762,2.133659482002261
1320,MX20090,1320,431.000000000000000,0.007482639008611,0.317678004503250,9.769804000854492,9.452125996351242,0.638400216113663,0.852415529593704,275.150493144988957,0.422107368707657,0.888923227787018
1321,MX20091,1321,134.000000000000000,0.002326388926111,0.407802045345306,12.683695793151855,12.275893747806549,1.940968445655125,2.560557194302715,260.089771717786732,0.725666880607605,5.160366106033325
1322,MX20092,1322,138.000000000000000,0.002395833371667,0.350492984056473,4.308400630950928,3.957907646894455,0.777086581440939,0.638654830296296,107.237948238849540,0.561585724353790,1.344605600833892
1323,MX20093,1323,247.000000000000000,0.004288194513056,0.270291507244110,1.172926664352417,0.902635157108307,0.333541504284631,0.107063098234409,82.384751558303805,0.303882420063019,0.383853042125702
1324,MX20094,1324,313.000000000000000,0.005434027864722,0.281995773315430,1.606203913688660,1.324208140373230,0.357787127216784,0.135750547646079,111.987370818853307,0.322325557470322,0.406170529127121
1325,MX20095,1325,275.000000000000000,0.004774305631944,0.272734105587006,1.743907809257507,1.471173703670502,0.458700785420158,0.224040634462894,126.142715990543351,0.380626857280731,0.701328885555267
1326,MX20096,1326,110.000000000000000,0.001909722252778,0.321185946464539,1.660816192626953,1.339630246162415,0.485224640911276,0.244740218594423,53.374710500240312,0.377655819058418,0.758181065320969
1327,MX20097,1327,236.000000000000000,0.004097222287778,0.268319904804230,1.987496972084045,1.719177067279816,0.407870979758643,0.213907325676781,96.257551223039627,0.339939400553703,0.584474802017212
1328,MX30140,1328,111.000000000000000,0.001927083364167,0.527023971080780,3.310201168060303,2.783177196979523,1.162437879824423,0.702421609799988,129.030604660510988,0.896271467208862,2.372637033462524
1329,MX20098,1329,713.000000000000000,0.012378472420278,0.262728840112686,1.052310705184937,0.789581865072250,0.328409777366429,0.080055556192322,234.156171262264053,0.311850219964981,0.360060620307922
1330,MX20099,1330,70.000000000000000,0.001215277797222,0.320475816726685,1.823438048362732,1.502962231636047,0.489969669069562,0.278622932671856,34.297876834869371,0.378490895032883,0.804467481374741
1331,MX30141,1331,4712.000000000000000,0.081805556864444,0.261613965034485,27.066896438598633,26.805282473564148,0.600232763535302,1.271090012410752,2828.296781778345121,0.350078135728836,0.881453204154970
1332,MX20100,1332,201.000000000000000,0.003489583389167,0.271119862794876,0.754207074642181,0.483087211847305,0.339261522192267,0.066776747448608,68.191565960645661,0.323918610811234,0.378113359212875
1333,MX20101,1333,33.000000000000000,0.000572916675833,0.301954001188278,2.023775339126587,1.721821337938309,0.655463098576575,0.415210366256779,21.630282253026962,0.431931734085083,1.280509209632874
1334,MX20102,1334,336.000000000000000,0.005833333426667,0.290829598903656,7.510643959045410,7.219814360141754,0.771830657674443,0.969073689344590,259.335100978612957,0.383777424693108,1.670077383518219
1335,MX20103,1335,57.000000000000000,0.000989583349167,0.617262244224548,12.674207687377930,12.056945443153381,2.895897190821798,3.000538818317513,165.066139876842499,1.509588718414307,8.050183677673338
1336,MX20104,1336,515.000000000000000,0.008940972365278,0.257933437824249,1.871473908424377,1.613540470600128,0.330226833554148,0.144300344204016,170.066819280386198,0.298384696245193,0.365753972530365
1337,MX20105,1337,534.000000000000000,0.009270833481667,0.262688368558884,1.625213027000427,1.362524658441544,0.365145741721218,0.158870702618055,194.987826079130343,0.313670739531517,0.489995521306992
1338,MX24026,1338,480.000000000000000,0.008333333466667,0.290929913520813,2.588207006454468,2.297277092933655,0.518858488090336,0.245066062949440,249.052074283361492,0.469618454575539,0.743155902624130
1339,MX20106,1339,81.000000000000000,0.001406250022500,0.317812621593475,0.778190612792969,0.460377991199493,0.429919859141479,0.106372183334173,34.823508590459817,0.389290601015091,0.573785483837128
1340,MX21120,1340,394.000000000000000,0.006840277887222,0.368779659271240,3.737116336822510,3.368336677551270,0.719640919626667,0.436879116820034,283.538522332906837,0.569020926952362,1.228479433059692
1341,MX20107,1341,55.000000000000000,0.000954861126389,1.211018919944763,22.283710479736328,21.072691559791565,8.702184375849640,6.528347658302920,478.620140671730212,8.526368141174316,17.153769302368165
1342,MX20108,1342,930.000000000000000,0.016145833591667,0.258930951356888,2.973242998123169,2.714312046766281,0.330867415987036,0.176321912421807,307.706696867943265,0.294091597199440,0.358609426021576
1343,MX15073,1343,120.000000000000000,0.002083333366667,1.574198007583618,22.175798416137695,20.601600408554077,5.783877705534301,5.503755929368953,694.065324664116133,3.148766517639160,15.150639247894302
1344,MX20109,1344,379.000000000000000,0.006579861216389,0.270880788564682,1.641848206520081,1.370967417955399,0.371965369558586,0.160005702072260,140.974875062704086,0.328915178775787,0.451311635971069
1345,MX20110,1345,140.000000000000000,0.002430555594444,0.291280150413513,1.556931138038635,1.265650987625122,0.435648079216480,0.177954821256442,60.990731090307222,0.378396674990654,0.568717813491821
1346,MX20111,1346,336.000000000000000,0.005833333426667,0.284138530492783,3.250436305999756,2.966297775506973,0.439333641901612,0.322975248035899,147.616103678941755,0.353634417057037,0.528109699487686
1347,MX20112,1347,451.000000000000000,0.007829861236389,0.277587622404099,4.364122867584229,4.086535245180130,0.426735778076950,0.389491498764617,192.457835912704411,0.345977485179901,0.446078181266785
1348,MX20113,1348,588.000000000000000,0.010208333496667,0.251105636358261,1.615052580833435,1.363946944475174,0.322071734942547,0.137933416110720,189.378180146217602,0.292784109711647,0.335135087370873
1349,MX20114,1349,150.000000000000000,0.002604166708333,0.300485849380493,1.252113103866577,0.951627254486084,0.467090998093287,0.176615801757925,70.063649713993058,0.394620597362518,0.742514151334763
1350,MX20115,1350,153.000000000000000,0.002656250042500,0.684192895889282,27.760799407958984,27.076606512069702,3.821393441920187,4.913608872616260,584.673196613788605,1.534076809883118,10.652739143371591
1351,MX20121,1351,370.000000000000000,0.006423611213889,0.272165864706039,0.805253803730011,0.533087939023972,0.340264448201334,0.062696960666728,125.897845834493580,0.323214828968048,0.396298134326935
1352,MX13053,1352,1798.000000000000000,0.031215278277222,0.259056866168976,5.430154323577881,5.171097457408905,0.395459750122303,0.271051911333474,711.036630719899904,0.333903610706329,0.481186825037002
1353,MX20122,1353,456.000000000000000,0.007916666793333,0.250724375247955,2.617786645889282,2.367062270641327,0.333608510136082,0.229192539957099,152.125480622053175,0.293144449591637,0.335068434476852
1354,MX20116,1354,282.000000000000000,0.004895833411667,0.277887165546417,1.341372609138489,1.063485443592072,0.352523381828416,0.113518988570221,99.411593675613361,0.326769724488258,0.393780499696732
1355,MX20117,1355,761.000000000000000,0.013211805766944,0.248910352587700,1.895144701004028,1.646234348416328,0.312488856222407,0.117649316375794,237.804019585251609,0.295615553855896,0.321540385484695
1356,MX20118,1356,115.000000000000000,0.001996527809722,0.326938837766647,6.379722118377686,6.052783280611038,1.002287482437879,1.094908036917556,115.263060480356131,0.601839244365692,2.240458583831792
1357,MX20119,1357,415.000000000000000,0.007204861226389,0.257720410823822,0.942489087581635,0.684768676757812,0.311427503106106,0.070881455742324,129.242413789033833,0.298225939273834,0.327144539356232
1358,MX20120,1358,43.000000000000000,0.000746527789722,0.309947311878204,2.331993341445923,2.022046029567719,0.665767152642095,0.480234376356160,28.627987563610084,0.493269264698029,1.396275138854981
1359,MX10025,1359,11999.000000000000000,0.208315975555278,0.239297926425934,5.450147628784180,5.210849702358246,0.291720318512596,0.105546188272027,3500.352101832638709,0.282122790813446,0.303141462802887
1360,MX20123,1360,530.000000000000000,0.009201389036111,0.264826327562332,2.187522649765015,1.922696322202682,0.371071544402050,0.189483478043805,196.667918533086663,0.326070740818977,0.422050184011459
1361,MX18012,1361,5414.000000000000000,0.093993057059444,0.225409463047981,22.070055007934570,21.844645544886589,0.481520272951021,0.833620358224055,2606.950757756827898,0.354408666491508,0.585206997394562
1362,MX20124,1362,1021.000000000000000,0.017725694728056,0.365311384201050,16.518804550170898,16.153493165969849,0.765196169829625,1.074480051500903,781.265289396046910,0.519162237644196,1.019453525543213
1363,MX05031,1363,34007.000000000000000,0.590399315001945,0.248792514204979,36.150222778320312,35.901430264115334,0.347318105586490,0.778430286229029,11811.246816679773474,0.299614578485489,0.330967867374420
1364,MX28034,1364,14947.000000000000000,0.259496531929722,0.237271845340729,5.181348323822021,4.944076478481293,0.296035923620543,0.112743063714353,4424.848950356251407,0.289844483137131,0.310388904809952
1365,MX20125,1365,11235.000000000000000,0.195052086454167,0.221332117915154,2.399006843566895,2.177674725651741,0.292621624850410,0.067545996227725,3287.603955194361333,0.284032076597214,0.311880129575729
1366,MX24027,1366,3215.000000000000000,0.055815973115278,0.250237971544266,7.482900619506836,7.232662647962570,0.368581877526006,0.388294632941912,1184.990736246110600,0.312628477811813,0.397958111763000
1367,MX20126,1367,668.000000000000000,0.011597222407778,0.253790408372879,2.085265636444092,1.831475228071213,0.360094073512954,0.161454614629635,240.542841106653469,0.325265407562256,0.414750632643700
1368,MX20127,1368,159.000000000000000,0.002760416710833,0.324171572923660,1.148386836051941,0.824215263128281,0.489211949162513,0.143199918166925,77.784699916839614,0.450355589389801,0.640559959411621
1369,MX14071,1369,2617.000000000000000,0.045434028504722,0.279835283756256,4.292599678039551,4.012764394283295,0.401672945081345,0.211161276675337,1051.178097277879942,0.360900044441223,0.463417625427246
1370,MX07078,1370,1920.000000000000000,0.033333333866667,0.304568231105804,65.040023803710938,64.735455572605133,3.372589808128154,6.843965393806165,6475.372431606056125,0.989903956651688,8.569741821289064
1371,MX20128,1371,82.000000000000000,0.001423611133889,0.294697046279907,1.956565141677856,1.661868095397949,0.465310815994333,0.327406816067282,38.155486911535270,0.338693797588348,0.761194330453873
1372,MX20129,1372,259.000000000000000,0.004496527849722,0.281603783369064,3.318735122680664,3.037131339311600,0.431540963272330,0.374525118502926,111.769109487533541,0.339634090662003,0.465509229898453
1373,MX29049,1373,50.000000000000000,0.000868055569444,1.601802945137024,16.966075897216797,15.364272952079773,4.900354955196380,4.126843137854267,245.017747759819002,2.639816999435425,11.428507328033449
1374,MX14072,1374,1759.000000000000000,0.030538194933056,0.332182377576828,13.704746246337891,13.372563868761063,0.637251340780425,0.869120738355109,1120.925108432768411,0.484856307506561,0.824771845340729
1375,MX11029,1375,5085.000000000000000,0.088281251412500,0.294939517974854,18.949605941772461,18.654666423797607,0.566308475566357,0.750967038000166,2879.678598254923600,0.410328328609467,0.809377276897430
1376,MX21121,1376,655.000000000000000,0.011371527959722,0.378856122493744,2.961102485656738,2.582246363162994,0.519951807042115,0.227892313036120,340.568433612585011,0.463462591171265,0.607771372795105
1377,MX10026,1377,28067.000000000000000,0.487274313351945,0.228768333792686,23.801542282104492,23.572773948311806,0.295313166283813,0.313985174826103,8288.554638087787680,0.278999567031860,0.297671431303024
1378,MX20130,1378,1098.000000000000000,0.019062500305000,0.285175532102585,3.325468301773071,3.040292769670486,0.411351455636798,0.301900456329614,451.663898289204383,0.342788755893707,0.467824906110764
1379,MX20131,1379,1520.000000000000000,0.026388889311111,0.260411471128464,9.811078071594238,9.550666600465775,0.454974198851145,0.656437312589300,691.560782253741081,0.325529545545578,0.485167527198792
1380,MX20132,1380,46.000000000000000,0.000798611123889,0.554462909698486,5.500730514526367,4.946267604827881,1.396207446637361,1.141502352795611,64.225542545318604,0.975666642189026,2.756417512893677
1381,MX20133,1381,539.000000000000000,0.009357639038611,0.276904374361038,3.421588897705078,3.144684523344040,0.381191678967237,0.248197518946503,205.462314963340702,0.333742886781693,0.444006454944611
1382,MX11030,1382,15094.000000000000000,0.262048615303889,0.298686057329178,42.488246917724609,42.189560860395432,0.645238684781800,1.308535064711924,9739.232708096482384,0.427130490541458,0.840938258171082
1383,MX31065,1383,1831.000000000000000,0.031788194953056,0.244770899415016,4.209848880767822,3.965077981352806,0.291697509859443,0.146880637377673,534.098140552639848,0.281239658594131,0.298156380653381
1384,MX26053,1384,813.000000000000000,0.014114583559167,0.251176446676254,3.210966587066650,2.959790140390396,0.316355399393361,0.213298856935600,257.196939706802368,0.284267395734787,0.306528985500336
1385,MX15074,1385,1826.000000000000000,0.031701389396111,0.502937793731689,24.877883911132812,24.374946117401123,1.806909214856201,1.769074750883959,3299.416226327422919,1.329584240913391,3.084290981292725
1386,MX20134,1386,657.000000000000000,0.011406250182500,0.285378992557526,9.278335571289062,8.992956578731537,0.719871138691721,0.773239427817235,472.955338120460453,0.545988500118256,1.057940196990967
1387,MX13046,1387,1624.000000000000000,0.028194444895556,0.292540341615677,8.258878707885742,7.966338366270065,0.579732316926929,0.557261491090954,941.485282689333303,0.439894944429398,0.817867952585220
1388,MX20135,1388,486.000000000000000,0.008437500135000,0.323888719081879,3.150988817214966,2.827100098133087,0.603927067461818,0.373005519875598,293.508554786443767,0.438454046845436,1.076281070709229
1389,MX21122,1389,194.000000000000000,0.003368055609444,0.489579647779465,12.292510032653809,11.802930384874344,2.187719752032732,2.344425663697304,424.417631894349938,1.032120168209076,5.581137514114380
1390,MX21123,1390,229.000000000000000,0.003975694508056,0.373263686895370,1.841625809669495,1.468362122774124,0.533389453284084,0.221107937853992,122.146184802055345,0.458020716905594,0.785374963283539
1391,MX20136,1391,2192.000000000000000,0.038055556164444,0.234847173094749,3.662362098693848,3.427514925599098,0.346329455685388,0.211018376422852,759.154166862371198,0.309924289584160,0.398627153038979
1392,MX07079,1392,1750.000000000000000,0.030381944930556,0.284526824951172,12.510123252868652,12.225596427917480,0.865714739288602,1.191060155446646,1515.000793755054019,0.488903909921646,1.547824835777283
1393,MX28035,1393,30342.000000000000000,0.526770841761667,0.236378848552704,33.060489654541016,32.824110805988312,0.407140210860211,0.963841327477750,12353.448277920531837,0.305578753352165,0.392509710788727
1394,MX20137,1394,1369.000000000000000,0.023767361491389,0.233673498034477,0.965020954608917,0.731347456574440,0.291888679517195,0.051876520984356,399.595602259040618,0.283704519271851,0.310809463262558
1395,MX20138,1395,219.000000000000000,0.003802083394167,0.253475993871689,2.263126611709595,2.009650617837906,0.376092145295992,0.202638261295472,82.364179819822326,0.321954309940338,0.464521187543869
1396,MX20139,1396,303.000000000000000,0.005260416750833,0.245331481099129,0.588223159313202,0.342891678214073,0.309127328862058,0.041564756807293,93.665580645203562,0.299444526433945,0.347156369686127
1397,MX20140,1397,113.000000000000000,0.001961805586944,0.299951434135437,1.366597414016724,1.066645979881287,0.499601722554823,0.230558560787310,56.454994648694957,0.398614197969437,0.863328599929809
1398,MX08057,1398,6965.000000000000000,0.120920140823611,0.245511472225189,8.272117614746094,8.026606142520905,0.307054218816741,0.198658981354677,2138.632634058597887,0.291930884122849,0.314381498098373
1399,MX08058,1399,4627.000000000000000,0.080329862396389,0.252882778644562,6.895456790924072,6.642574012279510,0.360991137374780,0.280115894178630,1670.305992633107735,0.314673513174057,0.391028976440430
1400,MX01011,1400,709.000000000000000,0.012309027974722,0.581411540508270,62.025863647460938,61.444452106952667,6.476999565727790,9.718780758062707,4592.192692101003558,2.196664333343506,20.156529235839876
1401,MX20141,1401,2136.000000000000000,0.037083333926667,0.234726637601852,8.211493492126465,7.976766854524612,0.361816607757510,0.453173333767817,772.840274170041198,0.294814020395279,0.377808213233948
1402,MX08059,1402,2506.000000000000000,0.043506945140556,0.259809732437134,23.735025405883789,23.475215673446655,0.462893181494590,1.193310514000227,1160.010312825442043,0.306759789586067,0.447710782289505
1403,MX11031,1403,2126.000000000000000,0.036909722812778,0.451775103807449,58.391201019287109,57.939425915479660,3.093255763906749,6.675621959510707,6576.261754065747482,1.087666749954224,5.677938461303711
1404,MX20142,1404,71.000000000000000,0.001232638908611,0.345958679914474,1.205656290054321,0.859697610139847,0.521269544329442,0.198886225971569,37.010137647390387,0.447786927223206,0.803609371185303
1405,MX20143,1405,1029.000000000000000,0.017864583619167,0.253646224737167,7.472576618194580,7.218930393457413,0.460702861363269,0.570480051580517,474.063244342803671,0.330228447914124,0.585418009757996
1406,MX20144,1406,234.000000000000000,0.004062500065000,0.304549723863602,1.333912968635559,1.029363244771957,0.397522765729162,0.136923957774579,93.020327180624008,0.357059538364410,0.499636736512184
1407,MX20145,1407,56.000000000000000,0.000972222237778,1.084220170974731,9.634400367736816,8.550180196762085,3.578991926142148,1.987707643101747,200.423547863960295,3.333981752395630,6.456989765167236
1408,MX20146,1408,197.000000000000000,0.003420138943611,0.282184749841690,1.166122913360596,0.883938163518906,0.390705898631043,0.122450303948727,76.969062030315399,0.350291758775711,0.513459897041321
1409,MX20147,1409,113.000000000000000,0.001961805586944,0.287043094635010,2.991280555725098,2.704237461090088,0.478915353000692,0.396442550551373,54.117434889078147,0.365821927785873,0.595991468429565
1410,MX20148,1410,241.000000000000000,0.004184027844722,0.255131304264069,0.829101264476776,0.573969960212708,0.315629584537007,0.079427181860872,76.066729873418751,0.288500308990479,0.389096558094025
1411,MX20149,1411,524.000000000000000,0.009097222367778,0.256498008966446,6.560171604156494,6.303673595190048,0.386725779082484,0.439095917545986,202.644308239221459,0.310449272394180,0.421768170595169
1412,MX20150,1412,951.000000000000000,0.016510416930833,0.250149339437485,9.964171409606934,9.714022070169449,0.455050873768944,0.758477605220862,432.753380954265424,0.311621844768524,0.441120713949203
1413,MX20151,1413,422.000000000000000,0.007326389006111,0.257532835006714,1.183825492858887,0.926292657852173,0.310251731019449,0.077319146624351,130.926230490207672,0.296638190746307,0.327220535278320
1414,MX29050,1414,198.000000000000000,0.003437500055000,0.521099865436554,15.277633666992188,14.756533801555634,1.848203703008517,2.704718863124559,365.944333195686340,0.674851179122925,6.044346427917481
1415,MX20152,1415,488.000000000000000,0.008472222357778,0.273462116718292,1.938573956489563,1.665111839771271,0.368341721594333,0.157542602157257,179.750760138034650,0.328261867165565,0.440173402428627
1416,MX14113,1416,3711.000000000000000,0.064427084364167,0.267480820417404,12.490598678588867,12.223117858171463,0.450239724320756,0.554705133780653,1670.839616954327312,0.350255101919174,0.514912009239197
1417,MX21124,1417,538.000000000000000,0.009340277927222,0.322542905807495,15.654131889343262,15.331588983535767,1.223979720672712,2.163154259332493,658.501089721919016,0.516288906335831,2.319907045364380
1418,MX20153,1418,865.000000000000000,0.015017361351389,0.260998010635376,4.326673984527588,4.065675973892212,0.354011188111553,0.272643240971608,306.219677716493266,0.307307839393616,0.388424128293991
1419,MX21125,1419,57.000000000000000,0.000989583349167,2.166918516159058,16.055925369262695,13.889006853103638,7.662789169110752,3.957129434567054,436.778982639312858,6.950534343719482,12.763002777099608
1420,MX25016,1420,25906.000000000000000,0.449756951640556,0.231785908341408,19.002601623535156,18.770815715193748,0.325940528394316,0.383074213360465,8443.815328583148585,0.292762234807014,0.335366934537888
1421,MX14125,1421,1134.000000000000000,0.019687500315000,0.330009669065475,27.667968750000000,27.337959080934525,1.156482094731280,2.117242396766549,1311.450695425271988,0.629170715808868,1.941635823249817
1422,MX26072,1422,6176.000000000000000,0.107222223937778,0.246900826692581,13.249361991882324,13.002461165189743,0.388845425253550,0.541917918702980,2401.509346365921829,0.313152104616165,0.427154913544655
1423,MX20154,1423,295.000000000000000,0.005121527859722,0.261352092027664,1.186002254486084,0.924650162458420,0.395186981205213,0.123674719562996,116.580159455537839,0.360951334238052,0.520426738262177
1424,MX20155,1424,193.000000000000000,0.003350694498056,0.267016619443893,6.059439182281494,5.792422562837601,0.453655393630112,0.554606802062324,87.555490970611572,0.311884671449661,0.582255971431732
1425,MX20156,1425,462.000000000000000,0.008020833461667,0.248931527137756,2.377171277999878,2.128239750862122,0.366033136457592,0.206853697970264,169.107309043407412,0.314492076635361,0.444398421049118
1426,MX20157,1426,20.000000000000000,0.000347222227778,15.492211341857910,26.713237762451172,11.221026420593262,20.816002321243289,3.218303398480468,416.320046424865779,20.227866172790527,25.795091629028320
1427,MX20158,1427,314.000000000000000,0.005451388976111,0.248534485697746,2.031436920166016,1.782902434468269,0.349826875148685,0.174904651158245,109.845638796687169,0.307960286736488,0.423410731554031
1428,MX26054,1428,2853.000000000000000,0.049531250792500,0.238876372575760,4.457663536071777,4.218787163496017,0.296929058989348,0.136913848550220,847.138605296610535,0.288006275892258,0.304572123289108
1429,MX20159,1429,2842.000000000000000,0.049340278567222,0.236131787300110,1.182559132575989,0.946427345275879,0.292024267109912,0.057360080219308,829.932967126369022,0.283150836825371,0.311389806866646
1430,MX20160,1430,289.000000000000000,0.005017361191389,0.314372122287750,3.863447666168213,3.549075543880463,0.581153904690462,0.500775991253376,167.953478455543490,0.400353521108627,0.985060417652130
1431,MX20161,1431,1076.000000000000000,0.018680555854444,0.253376364707947,0.865844786167145,0.612468421459198,0.319928704335123,0.056755395851078,344.243285864592110,0.307511106133461,0.365199267864227
1432,MX20162,1432,350.000000000000000,0.006076388986111,0.286951750516891,3.850922822952271,3.563971072435379,0.447686015282358,0.355818803047745,156.690105348825455,0.369112908840179,0.509183663129807
1433,MX20163,1433,85.000000000000000,0.001475694468056,0.341792374849319,1.925103545188904,1.583311170339584,0.617640117336722,0.278260465619170,52.499409973621368,0.523845553398132,0.819736802577973
1434,MX21126,1434,204.000000000000000,0.003541666723333,0.935222148895264,11.334986686706543,10.399764537811279,2.297163472748270,1.590989105601811,468.621348440647125,1.780515193939209,3.999230718612673
1435,MX20550,1435,180.000000000000000,0.003125000050000,0.485992550849915,6.686461925506592,6.200469374656677,1.282852164904277,1.100805660108914,230.913389682769775,0.860707104206085,2.657862639427185
1436,MX21127,1436,707.000000000000000,0.012274305751944,0.307349890470505,7.499291896820068,7.191942006349564,0.616313626902781,0.624615386294679,435.733734220266513,0.436528950929642,0.935441017150879
1437,MX29051,1437,39.000000000000000,0.000677083344167,1.913762807846069,19.197937011718750,17.284174203872681,5.564934638830332,4.340222935657053,217.032450914382935,3.520228385925293,11.763449096679697
1438,MX22015,1438,1378.000000000000000,0.023923611493889,0.272476077079773,10.009659767150879,9.737183690071106,0.475150663767912,0.569862275410659,654.757614672182513,0.345826208591461,0.666143321990967
1439,MX20164,1439,274.000000000000000,0.004756944520556,0.286727696657181,3.446336269378662,3.159608572721481,0.501556775213158,0.452261837815680,137.426556408405276,0.336916133761406,0.827917557954788
1440,MX20165,1440,106.000000000000000,0.001840277807222,0.314798295497894,2.911712884902954,2.596914589405060,0.546618177643362,0.431631448379399,57.941526830196402,0.383591800928116,0.905430048704147
1441,MX21128,1441,872.000000000000000,0.015138889131111,0.437855452299118,53.189205169677734,52.751349717378616,2.514310203253402,5.479831543581946,2192.478497236966632,0.774079293012619,5.822639083862298
1442,MX20166,1442,953.000000000000000,0.016545139153611,0.290361613035202,3.376521825790405,3.086160212755203,0.481624237731772,0.286608904254257,458.987898558378447,0.396293520927429,0.670430743694306
1443,MX01008,1443,4357.000000000000000,0.075642362321389,0.277783274650574,27.185396194458008,26.907612919807434,0.488213724216682,1.022025330741322,2127.147196412083758,0.365891367197037,0.504845035076141
1444,MX20167,1444,141.000000000000000,0.002447916705833,0.280927479267120,1.010675907135010,0.729748427867889,0.510985110668426,0.151201809649796,72.048900604248018,0.494163513183594,0.714481055736542
1445,MX20072,1445,532.000000000000000,0.009236111258889,0.287804037332535,18.350698471069336,18.062894433736801,0.863756999205378,1.445798001179780,459.518723577261255,0.474051415920258,1.380185222625733
1446,MX15124,1446,2429.000000000000000,0.042170139563611,0.308988839387894,9.445846557617188,9.136857718229294,1.144074396176215,0.822513390209733,2778.956708312026876,0.969674408435822,2.084890604019167
1447,MX20168,1447,321.000000000000000,0.005572916755833,0.277219772338867,1.759646773338318,1.482427000999451,0.346422172873934,0.150354126105926,111.201517492532730,0.313157945871353,0.371961444616318
1448,MX20169,1448,263.000000000000000,0.004565972295278,0.288599014282227,1.390772938728333,1.102173924446106,0.427428783232722,0.149909105628079,112.413769990205765,0.372560024261475,0.601487755775452
1449,MX11032,1449,2737.000000000000000,0.047517361871389,0.389459371566772,59.893829345703125,59.504369974136353,2.644539027905268,4.922100442977928,7238.103319376717991,1.210651516914368,4.964921092987062
1450,MX20170,1450,380.000000000000000,0.006597222327778,0.273342609405518,2.402031660079956,2.128689050674438,0.400222179215205,0.226386795793931,152.084428101778030,0.342045933008194,0.500986087322235
1451,MX21129,1451,1646.000000000000000,0.028576389346111,0.273006111383438,9.776819229125977,9.503813117742538,0.522319459176440,0.585896634003242,859.737829804420358,0.361423254013062,0.745572209358215
1452,MX29052,1452,176.000000000000000,0.003055555604444,0.605799973011017,11.767620086669922,11.161820113658905,2.022319583391602,2.179960914921299,355.928246676921958,1.151530206203461,5.163815498352051
1453,MX20171,1453,1270.000000000000000,0.022048611463889,0.267300933599472,2.525103807449341,2.257802873849869,0.393880862771995,0.177630597444370,500.228695720433905,0.351319074630737,0.485279074311257
1454,MX20172,1454,174.000000000000000,0.003020833381667,0.262491405010223,0.969329833984375,0.706838428974152,0.368391074497124,0.109247336708437,64.100046962499590,0.333769991993904,0.494382572174073
1455,MX21130,1455,477.000000000000000,0.008281250132500,0.393979489803314,8.698067665100098,8.304088175296783,0.685259005121215,0.857534754578828,326.868545442819652,0.458916276693344,0.822972059249878
1456,MX20173,1456,659.000000000000000,0.011440972405278,0.252429276704788,1.713306307792664,1.460877031087875,0.318233503647748,0.127425733593233,209.715878903866013,0.294114291667938,0.344127780199051
1457,MX21131,1457,120.000000000000000,0.002083333366667,0.406993001699448,7.855829715728760,7.448836714029312,0.940721569955349,1.251788085864598,112.886588394641933,0.513735562562943,1.604482936859134
1458,MX20175,1458,2068.000000000000000,0.035902778352222,0.227369561791420,2.094342231750488,1.866972669959068,0.290580951657355,0.074330851098399,600.921408027410507,0.282308429479599,0.304296281933784
1459,MX20176,1459,1404.000000000000000,0.024375000390000,0.238666057586670,5.193622112274170,4.954956054687500,0.357434298885599,0.254533841067585,501.837755635381086,0.310058623552322,0.402166384458542
1460,MX20177,1460,2437.000000000000000,0.042309028454722,0.242023289203644,7.824455261230469,7.582431972026825,0.361827231457501,0.357650658138351,881.772963061930341,0.299206972122192,0.401868808269501
1461,MX20178,1461,257.000000000000000,0.004461805626944,0.346268177032471,14.331686019897461,13.985417842864990,1.164557932531787,1.798786214313399,299.291388660669327,0.500747859477997,2.525459480285645
1462,MX20179,1462,559.000000000000000,0.009704861266389,0.253191381692886,1.940220236778259,1.687028855085373,0.350743553879436,0.203967049335765,196.065646618604632,0.303136765956879,0.383933967351913
1463,MX20180,1463,346.000000000000000,0.006006944540556,0.303226530551910,3.598381519317627,3.295154988765717,0.452659995052856,0.361002968501368,156.620358288288173,0.365935087203979,0.517591744661331
1464,MX20181,1464,450.000000000000000,0.007812500125000,0.255955010652542,1.376606106758118,1.120651096105576,0.333670461111599,0.103443255923830,150.151707500219402,0.311873033642769,0.366636458039284
1465,MX20183,1465,433.000000000000000,0.007517361231389,0.272612541913986,1.778183341026306,1.505570799112320,0.381150563305575,0.163023224225421,165.038193911314011,0.332032710313797,0.495983862876892
1466,MX20182,1466,248.000000000000000,0.004305555624444,0.264731734991074,0.933718204498291,0.668986469507217,0.350730020793215,0.090803754790772,86.981045156717386,0.321146085858345,0.424232938885689
1467,MX20184,1467,4257.000000000000000,0.073906251182500,0.304092347621918,24.114078521728516,23.809986174106598,1.080117725887740,1.970928902218609,4598.061159104108810,0.537045776844025,1.753908157348633
1468,MX20559,1468,3359.000000000000000,0.058315973155278,0.249430835247040,5.765277385711670,5.515846550464630,0.404639948253725,0.271533804116401,1359.185586184262775,0.345136374235153,0.515215599536896
1469,MX20185,1469,989.000000000000000,0.017170139163611,0.293860882520676,5.145584106445312,4.851723223924637,0.458618119645288,0.376674352654853,453.573320329189585,0.373050510883331,0.571167850494385
1470,MX07112,1470,847.000000000000000,0.014704861346389,0.383866071701050,8.199871063232422,7.816004991531372,0.871229180303065,0.707045976470058,737.931115716696354,0.685650527477264,1.336272692680359
1471,MX20191,1471,97.000000000000000,0.001684027804722,0.302630752325058,1.550627112388611,1.247996360063553,0.401298214479820,0.196274439845805,38.925926804542549,0.339561820030212,0.490966135263443
1472,MX20192,1472,25.000000000000000,0.000434027784722,0.697053492069244,3.329833507537842,2.632780015468597,1.454241087436676,0.732129053586873,36.356027185916901,1.175929427146912,2.561250066757203
1473,MX20186,1473,440.000000000000000,0.007638889011111,0.260549873113632,1.782361507415771,1.521811634302139,0.336299100044099,0.141565392337342,147.971604019403571,0.309566974639893,0.338774058222771
1474,MX20187,1474,325.000000000000000,0.005642361201389,0.273104667663574,1.284736752510071,1.011632084846497,0.372561101821753,0.127639206778015,121.082358092069597,0.332724183797836,0.475177443027497
1475,MX20188,1475,605.000000000000000,0.010503472390278,0.269099563360214,5.836356639862061,5.567257076501846,0.453789145000710,0.434876741802123,274.542432725429592,0.369217813014984,0.569014894962311
1476,MX20189,1476,490.000000000000000,0.008506944580556,0.246063604950905,0.712831676006317,0.466768071055412,0.311008880606719,0.049674032146761,152.394351497292519,0.300049185752869,0.343989741802216
1477,MX20190,1477,6767.000000000000000,0.117482640768611,0.239108964800835,5.096785545349121,4.857676580548286,0.352569558291204,0.187248386212702,2385.838200956580749,0.317784696817398,0.393845498561859
1478,MX10027,1478,12389.000000000000000,0.215086808996944,0.247545510530472,11.014492034912109,10.766946524381638,0.319474422324992,0.213572088066997,3957.968618184322622,0.301650762557983,0.327514231204987
1479,MX20206,1479,586.000000000000000,0.010173611273889,0.263267904520035,2.744167566299438,2.480899661779404,0.356331068501131,0.217514203478048,208.810006141662626,0.313332781195641,0.387894183397293
1480,MX14073,1480,4259.000000000000000,0.073940973405278,0.350786894559860,58.703811645507812,58.353024750947952,1.265629991850518,3.523537755896024,5390.318135291356157,0.581395745277405,1.464658951759339
1481,MX05032,1481,4244.000000000000000,0.073680556734444,0.270941078662872,44.615478515625000,44.344537436962128,0.898170664513257,3.438757202809135,3811.836300194263913,0.330056518316269,0.680063945055008
1482,MX20193,1482,647.000000000000000,0.011232639068611,0.264999389648438,3.813390731811523,3.548391342163086,0.397785298975395,0.375497527965073,257.367088437080326,0.315194696187973,0.433957600593567
1483,MX10028,1483,7191.000000000000000,0.124843751997500,0.252375990152359,14.141530036926270,13.889154046773911,0.389211890462410,0.495393320148408,2798.822704315187821,0.307772487401962,0.403403162956238
1484,MX20194,1484,345.000000000000000,0.005989583429167,0.262316793203354,3.666649341583252,3.404332548379898,0.402022129383640,0.338753100783403,138.697634637355804,0.331264227628708,0.427680438756943
1485,MX22016,1485,3837.000000000000000,0.066614584399167,0.426058739423752,75.993133544921875,75.567074805498123,4.263896340344568,7.942838065606713,16360.570257902109006,1.421208024024963,10.290550613403322
1486,MX20195,1486,170.000000000000000,0.002951388936111,0.255555987358093,1.772756099700928,1.517200112342834,0.426668235133676,0.287444834474328,72.533599972724872,0.310039877891541,0.770687091350555
1487,MX30142,1487,6196.000000000000000,0.107569446165556,0.272610962390900,118.050102233886719,117.777491271495819,0.549522356059839,2.415599426864530,3404.840518146760587,0.362888753414154,0.600474029779434
1488,MX20196,1488,86.000000000000000,0.001493055579444,0.294643163681030,2.066293716430664,1.771650552749634,0.446434705756431,0.308520638165665,38.393384695053101,0.339541286230087,0.608103334903717
1489,MX20197,1489,155.000000000000000,0.002690972265278,0.494966715574265,5.728300094604492,5.233333379030228,1.045253335468231,1.024173853358527,162.014266997575788,0.652910351753235,2.203482437133788
1490,MX20198,1490,3891.000000000000000,0.067552084414167,0.261921763420105,5.434582710266113,5.172660946846008,0.420511468030958,0.246528292868926,1636.210122108459018,0.354327291250229,0.540234327316284
1491,MX29053,1491,21.000000000000000,0.000364583339167,2.532054901123047,21.092334747314453,18.560279846191406,12.136184556143627,5.853080588914623,254.859875679016170,13.173255920410156,18.731895446777344
1492,MX20199,1492,253.000000000000000,0.004392361181389,0.276012539863586,1.698080658912659,1.422068119049072,0.366877770706599,0.176746750598941,92.820075988769489,0.321446597576141,0.422170037031174
1493,MX20200,1493,1545.000000000000000,0.026822917095833,0.245810136198997,3.167695045471191,2.921884909272194,0.326154138441997,0.154516274234716,503.908143892885221,0.301758766174316,0.357300937175751
1494,MX20201,1494,277.000000000000000,0.004809027854722,0.252400368452072,1.669544816017151,1.417144447565079,0.339055561632026,0.143649691726570,93.918390572071075,0.302587896585464,0.399853825569153
1495,MX20202,1495,1013.000000000000000,0.017586805836944,0.247216165065765,2.635524988174438,2.388308823108673,0.339317385383090,0.156243432406586,343.728511393070335,0.309288382530212,0.387151545286179
1496,MX20203,1496,520.000000000000000,0.009027777922222,0.271184712648392,1.207264304161072,0.936079591512680,0.349331272164216,0.084215981251238,181.652261525392589,0.327975556254387,0.415602421760559
1497,MX20204,1497,516.000000000000000,0.008958333476667,0.253033101558685,1.850177764892578,1.597144663333893,0.327628386228584,0.128980908278174,169.056247293949184,0.299189805984497,0.363045051693916
1498,MX20205,1498,3413.000000000000000,0.059253473170278,0.259523093700409,1.955210208892822,1.695687115192413,0.354298363769644,0.119110584960984,1209.220315545795756,0.326280772686005,0.414092487096787
1499,MX20207,1499,7970.000000000000000,0.138368057769444,0.242466986179352,2.601793050765991,2.359326064586639,0.337460994368964,0.111895512966515,2689.564125120641620,0.314755141735077,0.372470006346703
1500,MX20208,1500,1758.000000000000000,0.030520833821667,0.264499872922897,3.265771389007568,3.001271516084671,0.386190974281781,0.208204340355009,678.923732787370113,0.335213378071785,0.483107191324234
1501,MX20209,1501,370.000000000000000,0.006423611213889,0.223244696855545,1.478443264961243,1.255198568105698,0.307828652174086,0.127176632063623,113.896601304411902,0.286988630890846,0.313396376371384
1502,MX20210,1502,1041.000000000000000,0.018072916955833,0.253912597894669,1.158376455307007,0.904463857412338,0.351398919547097,0.098903825651151,365.806275248527868,0.317371457815170,0.461561799049377
1503,MX20211,1503,1003.000000000000000,0.017413194723056,0.228186041116714,1.068145155906677,0.839959114789963,0.287432739572416,0.049178330799014,288.295037791133609,0.280160218477249,0.305340695381165
1504,MX20212,1504,921.000000000000000,0.015989583589167,0.237418204545975,0.638237297534943,0.400819092988968,0.307866379149445,0.047428926797189,283.544935196638448,0.299172788858414,0.337203264236450
1505,MX20213,1505,994.000000000000000,0.017256944720556,0.243580743670464,3.531844854354858,3.288264110684395,0.368105111842304,0.354745048621079,365.896481171250400,0.295947968959808,0.388195365667343
1506,MX20214,1506,999.000000000000000,0.017343750277500,0.246883317828178,2.638155221939087,2.391271904110909,0.310829048952063,0.128287377339801,310.518219903111230,0.292263984680176,0.326897287368774
1507,MX20215,1507,72.000000000000000,0.001250000020000,0.351062506437302,3.077039718627930,2.725977212190628,0.743802688601944,0.534374910222128,53.553793579339995,0.534522324800491,1.256306684017182
1508,MX20216,1508,96.000000000000000,0.001666666693333,0.255704998970032,1.519221663475037,1.263516664505005,0.370922608921925,0.207807129534624,35.608570456504822,0.316207021474838,0.389845117926598
1509,MX20217,1509,1758.000000000000000,0.030520833821667,0.253031373023987,1.198408842086792,0.945377469062805,0.305679411221554,0.052350281344568,537.384404927491573,0.297041773796082,0.326320055127144
1510,MX20218,1510,346.000000000000000,0.006006944540556,0.261504471302032,0.835859775543213,0.574355304241180,0.325168197554660,0.064532173283448,112.508196353912297,0.311802461743355,0.354887530207634
1511,MX20219,1511,202.000000000000000,0.003506944500556,0.336481958627701,4.390467643737793,4.053985685110092,0.704947278493702,0.647466252855339,142.399350255727768,0.500199332833290,1.140036702156067
1512,MX20220,1512,1256.000000000000000,0.021805555904444,0.246637955307961,1.057305574417114,0.810667619109154,0.306800923577160,0.065238446522014,385.341960012913148,0.294729083776474,0.327221781015396
1513,MX20221,1513,431.000000000000000,0.007482639008611,0.275419771671295,1.418214321136475,1.142794549465179,0.353216363216497,0.118986386233485,152.236252546310368,0.325931310653687,0.405336171388626
1514,MX20222,1514,188.000000000000000,0.003263888941111,0.256318539381027,1.269707918167114,1.013389378786087,0.362171284220320,0.132671547120805,68.088201433420139,0.318118497729301,0.492166340351105
1515,MX20223,1515,141.000000000000000,0.002447916705833,0.266695171594620,0.704386115074158,0.437690943479538,0.324582162478291,0.060665393756951,45.766084909439087,0.311516016721725,0.352215081453323
1516,MX20224,1516,114.000000000000000,0.001979166698333,0.302398562431335,1.475085020065308,1.172686457633972,0.430714627891256,0.192846017917053,49.101467579603209,0.365028932690620,0.594470101594925
1517,MX14007,1517,966.000000000000000,0.016770833601667,0.302610307931900,9.073356628417969,8.770746320486069,0.638643100580073,0.790675942707412,616.929235160350800,0.438306763768196,0.914790481328964
1518,MX14074,1518,1305.000000000000000,0.022656250362500,0.322777539491653,20.636919021606445,20.314141482114792,0.797307307007668,1.735634276822551,1040.486035645007405,0.427128285169601,0.870775592327118
1519,MX20225,1519,283.000000000000000,0.004913194523056,0.320048213005066,3.209197044372559,2.889148831367493,0.540904149044529,0.416310825156705,153.075874179601584,0.406474053859711,0.768584263324738
1520,MX20226,1520,653.000000000000000,0.011336805736944,0.274363905191422,3.107872009277344,2.833508104085922,0.409639807380907,0.246724401231786,267.494794219732057,0.345408707857132,0.496349787712098
1521,MX29054,1521,22.000000000000000,0.000381944450556,1.828619241714478,17.712789535522461,15.884170293807983,5.161157586357810,4.458294491900042,113.545466899871812,3.083870649337769,12.770981597900397
1522,MX20227,1522,134.000000000000000,0.002326388926111,0.760781645774841,21.183141708374023,20.422360062599182,3.871232791623072,3.785326302114600,518.745194077491647,2.462400317192078,8.543670082092287
1523,MX20228,1523,45.000000000000000,0.000781250012500,0.305681496858597,1.418634772300720,1.112953275442123,0.496976167625851,0.256547945747513,22.363927543163300,0.388756513595581,0.805289661884308
1524,MX20229,1524,671.000000000000000,0.011649305741944,0.237380936741829,1.545294880867004,1.307913944125175,0.351990279182236,0.135846495027691,236.185477331280680,0.311212837696075,0.437715590000153
1525,MX20230,1525,254.000000000000000,0.004409722292778,0.265741944313049,1.673190951347351,1.407449007034302,0.368396744836034,0.170315190715717,93.572773188352528,0.326141104102135,0.382711464166641
1526,MX07110,1526,464.000000000000000,0.008055555684444,0.354515761137009,6.487707138061523,6.133191376924515,0.639999584134283,0.619931806443414,296.959807038307304,0.466886892914772,0.996842843294143
1527,MX16077,1527,2305.000000000000000,0.040017361751389,0.251764029264450,9.601998329162598,9.350234299898148,0.441692643206963,0.433726412330657,1018.101542592049668,0.349730968475342,0.559078872203827
1528,MX20231,1528,495.000000000000000,0.008593750137500,0.249259665608406,1.522435665130615,1.273175999522209,0.355060104739787,0.122501105683841,175.754751846194353,0.324640452861786,0.413370639085770
1529,MX20232,1529,2245.000000000000000,0.038975695068056,0.266643613576889,4.889670848846436,4.623027235269547,0.414792846398789,0.212284453585078,931.209940165281864,0.374259740114212,0.505997312068939
1530,MX20233,1530,252.000000000000000,0.004375000070000,0.303874760866165,4.840866088867188,4.536991328001022,0.544424596168692,0.515636775180864,137.194998234510450,0.394566774368286,0.739048397541046
1531,MX29055,1531,145.000000000000000,0.002517361151389,0.462469846010208,8.670651435852051,8.208181589841843,1.406044195027187,1.505040924046512,203.876408278942137,0.839825034141541,3.159088420867920
1532,MX20234,1532,322.000000000000000,0.005590277867222,0.320900976657867,1.622869491577148,1.301968514919281,0.579530931500175,0.235137778104138,186.608959943056192,0.496648952364922,0.857941454648972
1533,MX12052,1533,5354.000000000000000,0.092951390376111,0.256474852561951,13.738942146301270,13.482467293739319,0.438511769796959,0.491724525526089,2347.792015492918381,0.340993195772171,0.559223121404648
1534,MX20235,1534,1406.000000000000000,0.024409722612778,0.247793123126030,2.127017259597778,1.879224136471748,0.342739899638792,0.126004838442852,481.892298892141184,0.306334361433983,0.430580809712410
1535,MX11033,1535,10194.000000000000000,0.176979169498333,0.271326005458832,45.129699707031250,44.858373701572418,0.843944256530688,2.253988280051817,8603.167751073835461,0.398603513836861,1.234026801586153
1536,MX10029,1536,3126.000000000000000,0.054270834201667,0.253015369176865,8.733254432678223,8.480239063501358,0.327917503618463,0.328108630792795,1025.070116311314223,0.295900836586952,0.330670058727264
1537,MX24028,1537,7491.000000000000000,0.130052085414167,0.303275793790817,92.516525268554688,92.213249474763870,6.201218669113920,13.587182180089298,46453.329050332373299,0.718334615230560,23.611040115356445
1538,MX26055,1538,48571.000000000000000,0.843246541269722,0.247803434729576,105.438705444335938,105.190902009606361,0.783770363419781,4.196004217509477,38068.510321662164642,0.323122233152390,0.517772972583771
1539,MX20236,1539,261.000000000000000,0.004531250072500,0.245103225111961,1.255934476852417,1.010831251740456,0.318627247808080,0.107934996359952,83.161711677908883,0.292420715093613,0.360082238912582
1540,MX12053,1540,5635.000000000000000,0.097829862676389,0.259719640016556,15.054097175598145,14.794377535581589,0.466407623884420,0.587749316216184,2628.206960588704078,0.360597014427185,0.596343719959259
1541,MX14075,1541,1521.000000000000000,0.026406250422500,0.258676558732986,10.971176147460938,10.712499588727951,0.389071294326362,0.549425123822782,591.777438670396123,0.316966593265533,0.364019572734833
1542,MX20237,1542,634.000000000000000,0.011006944620556,0.294780552387238,4.510493278503418,4.215712726116180,0.437968623421922,0.399093235041616,277.672107249498424,0.351864442229271,0.499245846271515
1543,MX24029,1543,2074.000000000000000,0.036006945020556,0.271812796592712,4.822823047637939,4.551010251045227,0.433227646057723,0.236144233041356,898.514137923717954,0.364178985357285,0.605061358213425
1544,MX14076,1544,3463.000000000000000,0.060121528739722,0.254019916057587,12.509194374084473,12.255174458026886,0.340008921123054,0.424911911272976,1177.450893849135809,0.297537297010422,0.334038054943085
1545,MX15075,1545,349.000000000000000,0.006059027874722,1.188920855522156,44.122604370117188,42.933683514595032,5.468371265597194,6.264162079058607,1908.461571693420865,3.361405611038208,10.496506881713866
1546,MX20238,1546,40.000000000000000,0.000694444455556,0.389989525079727,1.598546028137207,1.208556503057480,0.677663920819759,0.333030567457557,27.106556832790368,0.541361570358276,1.137379407882691
1547,MX14077,1547,1708.000000000000000,0.029652778252222,0.303761065006256,17.590599060058594,17.286837995052338,0.815467038743669,1.252526922491270,1392.817702174187161,0.485411271452904,1.289481246471404
1548,MX20239,1548,208.000000000000000,0.003611111168889,0.289636164903641,1.393138051033020,1.103501886129379,0.420528404128093,0.148717851421458,87.469908058643327,0.375876665115356,0.564507323503494
1549,MX20240,1549,308.000000000000000,0.005347222307778,0.285065889358521,2.759522914886475,2.474457025527954,0.437045951845584,0.290819990013718,134.610153168439865,0.342455849051476,0.670789939165116
1550,MX20241,1550,52.000000000000000,0.000902777792222,0.304330378770828,3.097159147262573,2.792828768491745,0.750659803931529,0.616847228905459,39.034309804439530,0.479190647602081,1.478124904632568
1551,MX20242,1551,1187.000000000000000,0.020607639218611,0.270865291357040,5.059148788452148,4.788283497095108,0.430381245741647,0.332571647562382,510.862538695335445,0.346919268369675,0.581096577644349
1552,MX21132,1552,439.000000000000000,0.007621527899722,1.254335761070251,40.633838653564453,39.379502892494202,9.372675392785215,8.012267600314628,4114.604497432709650,7.048793792724609,19.533670425415039
1553,MX20243,1553,121.000000000000000,0.002100694478056,0.537482142448425,3.580566167831421,3.043084025382996,0.863798689251103,0.541691369179301,104.519641399383517,0.650555491447449,1.339508414268494
1554,MX21133,1554,38.000000000000000,0.000659722232778,0.518504738807678,6.768095493316650,6.249590754508972,1.179405435135490,1.301252515615140,44.817406535148614,0.690623164176941,2.450270271301272
1555,MX20244,1555,312.000000000000000,0.005416666753333,0.296229094266891,6.671244144439697,6.375015050172806,0.573253165739469,0.646938027189941,178.854987710714340,0.406523108482361,0.723991250991821
1556,MX20245,1556,212.000000000000000,0.003680555614444,0.310838729143143,2.978314876556396,2.667476147413254,0.511243730361732,0.378615677769939,108.383670836687116,0.366959258913994,0.870390421152115
1557,MX15076,1557,92.000000000000000,0.001597222247778,5.372359752655029,40.426940917968750,35.054581165313721,20.851692971975904,7.012296637747568,1918.355753421783220,20.822142601013184,29.774565124511735
1558,MX20246,1558,74.000000000000000,0.001284722242778,0.313055634498596,1.434367656707764,1.121312022209167,0.458811316135767,0.221792372500903,33.952037394046783,0.370614171028137,0.687994533777237
1559,MX20248,1559,406.000000000000000,0.007048611223889,0.367121547460556,8.972906112670898,8.605784565210342,1.563353343036374,1.474017157915878,634.721457272767680,0.976720690727234,3.685590028762817
1560,MX20250,1560,115.000000000000000,0.001996527809722,0.330800592899323,1.939962625503540,1.609162032604218,0.643675739350526,0.275890401557334,74.022710025310488,0.579146862030029,0.982626533508301
1561,MX20251,1561,312.000000000000000,0.005416666753333,0.295495599508286,1.739358544349670,1.443862944841385,0.377939159862506,0.150827974638657,117.917017877101941,0.339223548769951,0.435885351896286
1562,MX20252,1562,277.000000000000000,0.004809027854722,0.267376780509949,2.988464593887329,2.721087813377380,0.446068131428763,0.355583777494645,123.560872405767327,0.336030155420303,0.612887716293335
1563,MX20253,1563,786.000000000000000,0.013645833551667,0.258695513010025,1.180633664131165,0.921938151121140,0.315801646873241,0.063889621254321,248.220094442367412,0.303976729512215,0.347854450345039
1564,MX20254,1564,1038.000000000000000,0.018020833621667,0.243814840912819,2.248443365097046,2.004628524184227,0.327615390895993,0.157912008175328,340.064775750040894,0.293759316205978,0.364305910468102
1565,MX20255,1565,701.000000000000000,0.012170139083611,0.255373418331146,1.634402394294739,1.379028975963593,0.312814801166129,0.097954730740934,219.283175617456493,0.296587139368057,0.326609730720520
1566,MX20256,1566,117.000000000000000,0.002031250032500,0.294763535261154,0.918270111083984,0.623506575822830,0.405222954148920,0.126272221879052,47.411085635423667,0.360441088676453,0.567911672592163
1567,MX20249,1567,32.000000000000000,0.000555555564444,0.457626104354858,2.300176620483398,1.842550516128540,1.030744942836464,0.423413103138025,32.983838170766838,0.902049332857132,1.618884849548340
1568,MX20566,1568,975.000000000000000,0.016927083604167,0.242495015263557,1.748062491416931,1.505567476153374,0.307793669731189,0.102801003166274,300.098827987909203,0.287263810634613,0.336156690120697
1569,MX21134,1569,250.000000000000000,0.004340277847222,0.611804962158203,18.329912185668945,17.718107223510742,2.840381574869155,2.981065318396074,710.095393717288744,1.481449425220490,5.981634998321533
1570,MX20257,1570,168.000000000000000,0.002916666713333,0.281571894884109,1.302852034568787,1.021280139684677,0.378288259286256,0.147994760841540,63.552427560091054,0.338707327842712,0.460247737169266
1571,MX20258,1571,332.000000000000000,0.005763888981111,0.260234981775284,1.613472461700439,1.353237479925156,0.356550605451486,0.159467086109141,118.374801009893460,0.310304790735245,0.465368518233299
1572,MX20259,1572,425.000000000000000,0.007378472340278,0.278702676296234,2.682526350021362,2.403823673725128,0.378801202002694,0.215038251235573,160.990510851144762,0.326979786157608,0.460480105876923
1573,MX20260,1573,696.000000000000000,0.012083333526667,0.233872503042221,3.995296001434326,3.761423498392105,0.319681635897221,0.219524300158730,222.498418584466009,0.285910710692406,0.332049950957298
1574,MX20261,1574,878.000000000000000,0.015243055799444,0.281596571207047,2.384411334991455,2.102814763784409,0.423481598767985,0.208337874905501,371.816843718290613,0.354389414191246,0.603373533487320
1575,MX20262,1575,302.000000000000000,0.005243055639444,0.262596845626831,1.642737507820129,1.380140662193298,0.364982172057329,0.188190693011087,110.224615961313233,0.307671844959259,0.433805918693543
1576,MX20264,1576,298.000000000000000,0.005173611193889,0.260939568281174,2.126117944717407,1.865178376436234,0.387247510404395,0.205087025915733,115.399758100509686,0.333562761545181,0.444361251592636
1577,MX20265,1577,5779.000000000000000,0.100329862716389,0.225336685776711,10.385969161987305,10.160632476210594,0.333179350500805,0.222202438439166,1925.443466544153353,0.305674552917480,0.378312098979950
1578,MX20263,1578,601.000000000000000,0.010434027944722,0.241608202457428,2.517375469207764,2.275767266750336,0.313314321557813,0.169664191796614,188.301907256245556,0.287478029727936,0.325513631105423
1579,MX11003,1579,7772.000000000000000,0.134930557714444,0.395466744899750,55.689826965332031,55.294360220432281,1.566740310355465,3.768653082546032,12176.705692082672613,0.681924045085907,2.396595454216005
1580,MX26056,1580,5978.000000000000000,0.103784723882778,0.248916566371918,20.539665222167969,20.290748655796051,0.395692896049292,0.625789037584446,2365.452132582667218,0.311181381344795,0.446587207913399
1581,MX20266,1581,2518.000000000000000,0.043715278477222,0.240959569811821,3.134683847427368,2.893724277615547,0.307232065988827,0.120399852413768,773.610342159866605,0.289544641971588,0.326117479801178
1582,MX20267,1582,53.000000000000000,0.000920138903611,0.288591772317886,1.567453026771545,1.278861254453659,0.439445937017225,0.242627947001419,23.290634661912918,0.348261773586273,0.712776827812195
1583,MX20268,1583,52.000000000000000,0.000902777792222,0.391620695590973,3.285096645355225,2.893475949764252,0.799845904684984,0.638935131956490,41.591987043619149,0.548337042331696,1.451510357856750
1584,MX14078,1584,3936.000000000000000,0.068333334426667,0.313556820154190,27.182737350463867,26.869180530309677,0.646143430207924,1.599536052061784,2543.220541298388525,0.403995230793953,0.650380223989487
1585,MX20269,1585,509.000000000000000,0.008836805696944,0.268253266811371,4.563097476959229,4.294844210147858,0.524826059407008,0.455789497540395,267.136464238166866,0.376663714647293,0.857858645915985
1586,MX20270,1586,318.000000000000000,0.005520833421667,0.256997108459473,0.641580283641815,0.384583175182343,0.306786743724871,0.049453966452411,97.558184504508986,0.295137897133827,0.340911826491356
1587,MX21135,1587,355.000000000000000,0.006163194543056,0.295060157775879,3.442704439163208,3.147644281387329,0.396595502235520,0.284848590059458,140.791403293609619,0.342329651117325,0.441994142532349
1588,MX20271,1588,355.000000000000000,0.006163194543056,0.261017918586731,1.835781574249268,1.574763655662537,0.374845403852597,0.174085251514626,133.070118367671910,0.324888139963150,0.494807320833206
1589,MX20272,1589,706.000000000000000,0.012256944640556,0.246584221720695,3.768267393112183,3.521683171391487,0.339019396635189,0.269212213068076,239.347694024443570,0.296050637960434,0.343854382634163
1590,MX20273,1590,537.000000000000000,0.009322916815833,0.256483703851700,1.849250674247742,1.592766970396042,0.369316697176165,0.155300186008678,198.323066383600434,0.322881549596786,0.487345486879349
1591,MX20274,1591,318.000000000000000,0.005520833421667,0.261639028787613,0.898810029029846,0.637171000242233,0.314893845211035,0.059985291414785,100.136242777109103,0.300538480281830,0.344430342316628
1592,MX20275,1592,1016.000000000000000,0.017638889171111,0.270903646945953,1.219915390014648,0.949011743068695,0.349242434169598,0.077804008774255,354.830313116311686,0.332141339778900,0.400398597121239
1593,MX20276,1593,101.000000000000000,0.001753472250278,0.259287863969803,1.439284563064575,1.179996699094772,0.378931276278921,0.189538652127916,38.272058904170990,0.315430819988251,0.548838615417480
1594,MX20278,1594,3641.000000000000000,0.063211806566944,0.262164413928986,7.045929431915283,6.783765017986298,0.482179779390553,0.387618675536033,1755.616576761002307,0.384575158357620,0.655937731266022
1595,MX20279,1595,337.000000000000000,0.005850694538056,0.256054461002350,4.159049510955811,3.902995049953461,0.456430203659952,0.471301127038177,153.816978633403778,0.313228011131287,0.675054931640625
1596,MX20281,1596,95.000000000000000,0.001649305581944,0.291548699140549,2.302563428878784,2.011014729738235,0.484162623003909,0.391504084113960,45.995449185371385,0.344127386808395,0.819338119029999
1597,MX20282,1597,1003.000000000000000,0.017413194723056,0.245196908712387,1.427198171615601,1.182001262903214,0.300769245963273,0.068904037858070,301.671553701162338,0.292794227600098,0.316554898023605
1598,MX20283,1598,799.000000000000000,0.013871527999722,0.262887239456177,2.331128358840942,2.068241119384766,0.354853514437383,0.171190696648657,283.527958035469169,0.321870207786560,0.387668919563294
1599,MX20284,1599,349.000000000000000,0.006059027874722,0.309863299131393,4.672831058502197,4.362967759370804,0.516542635964801,0.515922580543601,180.273379951715498,0.383442133665085,0.650011694431305
1600,MX20285,1600,504.000000000000000,0.008750000140000,0.293979495763779,7.732788085937500,7.438808590173721,0.487327757158450,0.574018443352637,245.613189607858743,0.372243240475655,0.596461158990860
1601,MX20286,1601,270.000000000000000,0.004687500075000,0.297984719276428,3.127488851547241,2.829504132270813,0.479378552790042,0.326698088835466,129.432209253311214,0.367074221372604,0.739311128854752
1602,MX12054,1602,11637.000000000000000,0.202031253232500,0.230190709233284,5.068608760833740,4.838418051600456,0.344557687362323,0.184229078059129,4009.617807835354597,0.303818851709366,0.422960180044174
1603,MX20287,1603,228.000000000000000,0.003958333396667,0.293288975954056,1.282306909561157,0.989017933607101,0.368939869497952,0.121023378808934,84.118290245533018,0.338070556521416,0.401698932051659
1604,MX21136,1604,42.000000000000000,0.000729166678333,2.230049848556519,93.421775817871094,91.191725969314575,13.013079949787684,14.831914773001840,546.549357891082764,9.806001186370850,23.667230606079102
1605,MX20288,1605,195.000000000000000,0.003385416720833,0.262333661317825,0.908147454261780,0.645813792943954,0.322462373666274,0.081255569259816,62.880162864923463,0.302421748638153,0.368089729547501
1606,MX20289,1606,147.000000000000000,0.002552083374167,0.286750227212906,0.881829202175140,0.595078974962234,0.404222157333984,0.111262212577510,59.420657128095598,0.370641738176346,0.554713773727417
1607,MX28036,1607,2798.000000000000000,0.048576389666111,0.241293981671333,1.194482922554016,0.953188940882683,0.297428964535366,0.050595158655077,832.206242769954770,0.291515260934830,0.312416651844978
1608,MX21137,1608,1045.000000000000000,0.018142361401389,0.380997508764267,12.664967536926270,12.283970028162003,0.789490050020400,1.028499080722798,825.017102271318095,0.509851574897766,1.232278156280518
1609,MX19046,1609,313.000000000000000,0.005434027864722,10.452225685119629,71.893424987792969,61.441199302673340,44.345177656545452,6.680006107761422,13880.040606498727357,43.671272277832031,51.909156036376949
1610,MX21138,1610,803.000000000000000,0.013940972445278,0.403754979372025,12.627483367919922,12.223728388547897,0.730237279073387,1.079405683807020,586.380535095929645,0.506317794322968,0.830846500396731
1611,MX20290,1611,57.000000000000000,0.000989583349167,0.406005769968033,3.976959466934204,3.570953696966171,0.858311347794114,0.725548383318804,48.923746824264519,0.531084597110748,1.653062510490417
1612,MX24030,1612,3488.000000000000000,0.060555556524444,0.279734551906586,2.020729303359985,1.740994751453400,0.376181975964012,0.121731614628857,1312.122732162474449,0.352300256490707,0.415421968698502
1613,MX21139,1613,478.000000000000000,0.008298611243889,0.301995903253555,3.092536211013794,2.790540307760239,0.492502465594763,0.334135610228091,235.416178554296494,0.399149551987648,0.672582441568375
1614,MX20291,1614,918.000000000000000,0.015937500255000,0.240696251392365,1.301774621009827,1.061078369617462,0.314354315318963,0.087782328978228,288.577261462807769,0.294606417417526,0.350976121425629
1615,MX20292,1615,584.000000000000000,0.010138889051111,0.251370489597321,0.756870627403259,0.505500137805939,0.352219894120138,0.070406504481742,205.696418166160356,0.346355214715004,0.430036962032318
1616,MX29025,1616,289.000000000000000,0.005017361191389,0.816155076026917,30.184228897094727,29.368073821067810,6.256775723402890,7.684363268731306,1808.208184063435056,2.380654573440552,20.266747665405266
1617,MX20293,1617,219.000000000000000,0.003802083394167,0.370309740304947,25.289995193481445,24.919685453176498,2.852590590171074,3.977379076185208,624.717339247465247,0.946576595306396,6.886611938476569
1618,MX20294,1618,494.000000000000000,0.008576389026111,0.289484888315201,6.524728775024414,6.235243886709213,0.738028736913252,0.950029608996869,364.586196035146713,0.364587619900703,1.591931033134460
1619,MX20295,1619,214.000000000000000,0.003715277837222,0.323557883501053,7.353359699249268,7.029801815748215,1.228414092526257,1.466703161242259,262.880615800619069,0.534505128860474,3.259034299850464
1620,MX20296,1620,735.000000000000000,0.012760416870833,0.236613839864731,1.779024481773376,1.542410641908646,0.311403234272587,0.102233194381345,228.881377190351429,0.296170175075531,0.320300894975662
1621,MX20297,1621,573.000000000000000,0.009947916825833,0.273992151021957,2.038576126098633,1.764583975076675,0.393421440796494,0.159476481877650,225.430485576391334,0.337718486785889,0.559498047828674
1622,MX20298,1622,1374.000000000000000,0.023854167048333,0.268585562705994,19.377462387084961,19.108876824378967,0.645531026708855,1.323462259183060,886.959630697966873,0.344939842820168,0.859662747383118
1623,MX20299,1623,174.000000000000000,0.003020833381667,0.270144224166870,1.745209455490112,1.475065231323242,0.374670189858853,0.179101811831668,65.192613035440431,0.326541930437088,0.434258687496185
1624,MX05033,1624,37144.000000000000000,0.644861121428889,0.253178685903549,45.804054260253906,45.550875574350357,0.500129169509083,1.450484136751777,18576.797872245362669,0.319629713892937,0.539639973640442
1625,MX20300,1625,594.000000000000000,0.010312500165000,0.286504179239273,4.722917556762695,4.436413377523422,0.429751444545258,0.373052014662613,255.272358059883146,0.350553423166275,0.499363866448402
1626,MX20301,1626,40.000000000000000,0.000694444455556,0.466122955083847,3.917173147201538,3.451050192117691,1.186192014068365,0.893715800202052,47.447680562734604,0.762962162494659,2.643185496330262
1627,MX20302,1627,362.000000000000000,0.006284722322778,0.294636070728302,4.312880039215088,4.018243968486786,0.440815337866709,0.397028050572108,159.575152307748795,0.347978815436363,0.533523935079575
1628,MX20303,1628,16.000000000000000,0.000277777782222,0.452758610248566,2.668503999710083,2.215745389461517,1.132655950263143,0.584695837426392,18.122495204210285,0.936873137950897,1.896733522415161
1629,MX21140,1629,375.000000000000000,0.006510416770833,1.484970092773438,109.097129821777344,107.612159729003906,14.440089641888930,16.470701096793334,5415.033615708348407,7.418981075286865,39.769880676269537
1630,MX20305,1630,230.000000000000000,0.003993055619444,0.337238073348999,4.912941455841064,4.575703382492065,0.595330795645714,0.664208926854299,136.926082998514289,0.403781309723854,0.747112578153610
1631,MX20304,1631,460.000000000000000,0.007986111238889,0.256670951843262,1.398544192314148,1.141873240470886,0.324007905242236,0.094589672126835,149.043636411428508,0.306601077318192,0.349703451991081
1632,MX26057,1632,11910.000000000000000,0.206770836641667,0.243164852261543,9.806816101074219,9.563651248812675,0.293693940416541,0.191581867036229,3497.894830361000004,0.283324062824249,0.300190123915672
1633,MX10030,1633,9295.000000000000000,0.161371530359722,0.242824718356133,7.465971469879150,7.223146751523018,0.301770325001048,0.142661374961165,2804.955170884738891,0.293710619211197,0.311820834875107
1634,MX20306,1634,361.000000000000000,0.006267361211389,0.250628560781479,1.221187710762024,0.970559149980545,0.370308991366806,0.122625824471506,133.681545883417101,0.329386532306671,0.491976350545883
1635,MX19019,1635,366.000000000000000,0.006354166768333,1.108560919761658,60.627319335937500,59.518758416175842,21.647464488047699,16.645828059445009,7922.972002625458117,19.600886344909668,45.691400527954102
1636,MX20307,1636,3375.000000000000000,0.058593750937500,0.240545406937599,4.130506992340088,3.889961585402489,0.319887288018509,0.183576566365088,1079.619597062467619,0.289520055055618,0.341067081689835
1637,MX20308,1637,126.000000000000000,0.002187500035000,0.821426153182983,23.788078308105469,22.966652154922485,3.803750936001067,3.939291194446325,479.272617936134395,2.239089608192444,7.835083484649658
1638,MX20309,1638,508.000000000000000,0.008819444585556,0.305157721042633,3.053503751754761,2.748346030712128,0.532503456698627,0.316965116752041,270.511756002902644,0.438662618398666,0.730137073993683
1639,MX20310,1639,115.000000000000000,0.001996527809722,0.396715462207794,7.930572032928467,7.533856570720673,2.248654441729836,1.825289170307051,258.595260798931122,1.825467109680176,5.039495944976808
1640,MX20311,1640,256.000000000000000,0.004444444515556,0.256386399269104,1.019556879997253,0.763170480728149,0.313418426550925,0.072771481949258,80.235117197036757,0.299958080053329,0.328872188925743
1641,MX20312,1641,415.000000000000000,0.007204861226389,0.328360646963120,5.330247879028320,5.001887232065201,0.607717168690211,0.571160636734813,252.202625006437501,0.427895277738571,0.935041940212250
1642,MX20313,1642,340.000000000000000,0.005902777872222,0.244459658861160,1.470262050628662,1.225802391767502,0.330157666346606,0.143783170462606,112.253606557846069,0.297668516635895,0.356297424435616
1643,MX20314,1643,285.000000000000000,0.004947916745833,0.252626150846481,1.876569390296936,1.623943239450455,0.340931740873738,0.189960241630357,97.165546149015398,0.299053072929382,0.357840842008591
1644,MX18013,1644,2577.000000000000000,0.044739584049167,0.261271953582764,10.989539146423340,10.728267192840576,0.418768417664078,0.542910218670983,1079.166212320328668,0.321751326322556,0.458968490362167
1645,MX20315,1645,39.000000000000000,0.000677083344167,0.648035228252411,3.387634038925171,2.739598810672760,1.305311030302292,0.712762177637175,50.907130181789398,1.097727060317993,2.283537960052491
1646,MX20316,1646,587.000000000000000,0.010190972385278,0.245720773935318,1.290896773338318,1.045175999403000,0.303521175629236,0.081601479136274,178.166930094361248,0.291549086570740,0.316859787702560
1647,MX20317,1647,398.000000000000000,0.006909722332778,0.255449146032333,1.912922859191895,1.657473713159561,0.359959604302842,0.181016945186860,143.263922512531195,0.315532475709915,0.422969001531601
1648,MX20318,1648,1584.000000000000000,0.027500000440000,0.267473429441452,23.234685897827148,22.967212468385696,0.836719317380527,2.114320862481783,1325.363398730754852,0.346483111381531,0.956970298290253
1649,MX20319,1649,753.000000000000000,0.013072916875833,0.221821755170822,1.535022735595703,1.313200980424881,0.281966073005640,0.079389419989803,212.320452973246660,0.270473539829254,0.298774701356888
1650,MX20320,1650,130.000000000000000,0.002256944480556,0.284734338521957,1.415694117546082,1.130959779024124,0.404855414766532,0.173755020123359,52.631203919649103,0.340700462460518,0.552513313293457
1651,MX20321,1651,538.000000000000000,0.009340277927222,0.284401804208755,1.004873394966125,0.720471590757370,0.352769667441960,0.059196066436739,189.790081083774680,0.342065751552582,0.394086667895317
1652,MX20322,1652,31.000000000000000,0.000538194453056,0.412075251340866,2.335568904876709,1.923493653535843,0.806580904991396,0.488900098563450,25.004008054733276,0.601189911365509,1.411147713661194
1653,MX20323,1653,205.000000000000000,0.003559027834722,0.283294647932053,1.172089457511902,0.888794809579849,0.373886830777657,0.117575015406232,76.646800309419646,0.338183820247650,0.465847414731979
1654,MX20324,1654,2158.000000000000000,0.037465278377222,0.287542521953583,19.409179687500000,19.121637165546417,0.661497613820797,1.138386405737388,1427.511850625279067,0.404705852270126,0.932633292675018
1655,MX20325,1655,2753.000000000000000,0.047795139653611,0.246833533048630,7.113845825195312,6.867012292146683,0.359301096551686,0.345516538620528,989.155918806792556,0.304898589849472,0.385391891002655
1656,MX20326,1656,747.000000000000000,0.012968750207500,0.257633358240128,1.528062105178833,1.270428746938705,0.330141309194935,0.105698469338654,246.615557968616542,0.307633757591248,0.370331269502640
1657,MX20327,1657,3474.000000000000000,0.060312500965000,0.240564659237862,11.167226791381836,10.926662132143974,0.472318072569013,0.590662004135975,1640.832984104752768,0.348017036914825,0.603087693452836
1658,MX20328,1658,482.000000000000000,0.008368055689444,0.265994459390640,1.403846502304077,1.137852042913437,0.325549696738295,0.091123456043265,156.914953827858028,0.308293789625168,0.345295587182045
1659,MX20329,1659,455.000000000000000,0.007899305681944,0.262794792652130,3.379751443862915,3.116956651210785,0.346796451885622,0.227917361091538,157.792385607957925,0.306589603424072,0.383896398544312
1660,MX20330,1660,729.000000000000000,0.012656250202500,0.261602401733398,0.931921482086182,0.670319080352783,0.338793014507071,0.076462626095893,246.980107575654813,0.321933180093765,0.374627786874771
1661,MX20331,1661,223.000000000000000,0.003871527839722,0.262173146009445,1.990712642669678,1.728539496660233,0.403338250691581,0.258809721822813,89.944429904222503,0.309450149536133,0.589186322689056
1662,MX14098,1662,588.000000000000000,0.010208333496667,4.594194889068604,71.032943725585938,66.438748836517334,33.542638472148283,14.820631924589486,19723.071421623189963,35.931594848632812,50.525800323486330
1663,MX20332,1663,161.000000000000000,0.002795138933611,0.287541419267654,1.011314630508423,0.723773211240768,0.363673042621672,0.103459657544642,58.551359862089171,0.329396247863770,0.470649123191833
1664,MX20333,1664,1964.000000000000000,0.034097222767778,0.248653739690781,9.350302696228027,9.101648956537247,0.365727934235225,0.424183275768720,718.289662837982405,0.302389174699783,0.368069681525230
1665,MX20337,1665,838.000000000000000,0.014548611343889,0.273850291967392,7.944308757781982,7.670458465814590,0.467284953359488,0.573932799893944,391.584790915250665,0.352343916893005,0.576900476217270
1666,MX20339,1666,876.000000000000000,0.015208333576667,0.254444211721420,5.188794612884521,4.934350401163101,0.415903429428465,0.397116481905353,364.331404179335095,0.317949011921883,0.537868380546570
1667,MX20340,1667,891.000000000000000,0.015468750247500,0.270472288131714,2.842579364776611,2.572107076644897,0.365194679778300,0.191231606712005,325.388459682464884,0.316558986902237,0.436574459075928
1668,MX20335,1668,141.000000000000000,0.002447916705833,0.264419078826904,0.746044278144836,0.481625199317932,0.330187236374997,0.084190179352090,46.556400328874581,0.299586713314056,0.426706880331039
1669,MX21141,1669,863.000000000000000,0.014982639128611,0.274621814489365,4.193781852722168,3.919160038232803,0.442071925550871,0.352868087142124,381.508071750401882,0.338576853275299,0.579006731510162
1670,MX20336,1670,809.000000000000000,0.014045139113611,0.240152806043625,1.705641031265259,1.465488225221634,0.317666097001917,0.110798102578282,256.991872474551144,0.297549277544022,0.335471320152283
1671,MX20341,1671,143.000000000000000,0.002482638928611,0.258534073829651,1.006069421768188,0.747535347938538,0.342245480814180,0.102698197393216,48.941103756427758,0.315620750188828,0.375454485416412
1672,MX30211,1672,1443.000000000000000,0.025052083734167,0.297605693340302,13.971349716186523,13.673744022846222,0.777038419403637,1.159726299786512,1121.266439199447859,0.435442507266998,1.380436325073242
1673,MX20342,1673,41.000000000000000,0.000711805566944,2.039736747741699,12.779908180236816,10.740171432495117,4.686708543358780,2.348649536545766,192.155050277709961,3.898747682571411,7.392761707305908
1674,MX13054,1674,1026.000000000000000,0.017812500285000,0.401146918535233,14.007916450500488,13.606769531965256,1.649042868445724,1.534276771715499,1691.917983025312651,1.047759354114532,3.465227007865906
1675,MX21142,1675,1089.000000000000000,0.018906250302500,0.403657227754593,17.096290588378906,16.692633360624313,1.019806030450117,1.635773276236879,1110.568767160177231,0.574368476867676,1.570750617980957
1676,MX21143,1676,554.000000000000000,0.009618055709444,0.460496932268143,14.733406066894531,14.272909134626389,2.033563982547404,2.713152386254589,1126.594446331261679,0.585351049900055,6.338646268844603
1677,MX21144,1677,118.000000000000000,0.002048611143889,1.256371140480042,22.132303237915039,20.875932097434998,4.955231049303283,4.889040428860081,584.717263817787398,2.779226779937744,12.638756752014160
1678,MX20343,1678,74.000000000000000,0.001284722242778,0.609071731567383,3.904683113098145,3.295611381530762,1.364465494413634,0.893980650333470,100.970446586608915,0.816483497619629,2.673027276992798
1679,MX20344,1679,1009.000000000000000,0.017517361391389,0.249132588505745,2.092456102371216,1.843323513865471,0.315162509310588,0.130271377221749,317.998971894383260,0.292246371507645,0.335805296897888
1680,MX14080,1680,5581.000000000000000,0.096892362661389,0.240862607955933,6.730254173278809,6.489391565322876,0.331980516931487,0.199117374321676,1852.783264994627643,0.306610286235809,0.348224818706512
1681,MX20345,1681,481.000000000000000,0.008350694578056,0.295968890190125,4.021882534027100,3.725913643836975,0.455915570011258,0.365095936845554,219.295389175415096,0.361599892377853,0.589156627655029
1682,MX20346,1682,216.000000000000000,0.003750000060000,0.267087638378143,2.169642925262451,1.902555286884308,0.368313042929879,0.221867932846078,79.555617272853837,0.315057694911957,0.402144774794579
1683,MX20347,1683,518.000000000000000,0.008993055699444,0.254070758819580,1.287580251693726,1.033509492874146,0.343437804391025,0.115500160798101,177.900782674551010,0.311224594712257,0.425177729129791
1684,MX20348,1684,1132.000000000000000,0.019652778092222,0.269240111112595,3.699621438980103,3.430381327867508,0.396954167831703,0.267653534388541,449.352117985487382,0.334032803773880,0.470612972974777
1685,MX20349,1685,151.000000000000000,0.002621527819722,0.607241630554199,4.807148456573486,4.199906826019287,0.940403838820805,0.676212424443172,142.000979661941585,0.727926790714264,1.353367567062378
1686,MX21145,1686,1151.000000000000000,0.019982639208611,0.280724793672562,1.549978613853455,1.269253820180893,0.391000091874216,0.112465751808647,450.041105747222389,0.367016524076462,0.471152901649475
1687,MX20350,1687,35.000000000000000,0.000607638898611,1.676969766616821,33.752143859863281,32.075174093246460,12.654682721410483,9.617323457965128,442.913895249366874,10.708962440490723,25.117140960693359
1688,MX20351,1688,246.000000000000000,0.004270833401667,0.293513357639313,1.188065886497498,0.894552528858185,0.443525825816441,0.151543830932891,109.107353150844588,0.392687991261482,0.620251506567001
1689,MX15077,1689,650.000000000000000,0.011284722402778,0.324364960193634,3.487835645675659,3.163470685482025,0.476234410542709,0.291406828100073,309.552366852760542,0.390548437833786,0.660379564762116
1690,MX20352,1690,223.000000000000000,0.003871527839722,0.315017104148865,5.106719493865967,4.791702389717102,0.588367795195815,0.595188432740287,131.206018328666687,0.391220211982727,0.786367523670197
1691,MX20534,1691,518.000000000000000,0.008993055699444,0.253971993923187,3.866166353225708,3.612194359302521,0.371871758151699,0.314679149463932,192.629570722579984,0.307326972484589,0.398458266258240
1692,MX20535,1692,668.000000000000000,0.011597222407778,0.250131309032440,2.857106208801270,2.606974899768829,0.343542625402619,0.197907724179859,229.486473768949566,0.296953499317169,0.426867568492889
1693,MX20536,1693,346.000000000000000,0.006006944540556,0.252878040075302,2.169493913650513,1.916615873575211,0.337712197806794,0.178235386406923,116.848420441150722,0.302814424037933,0.361386999487877
1694,MX24034,1694,2610.000000000000000,0.045312500725000,0.259133249521255,7.884408473968506,7.625275224447250,0.401661866595005,0.422741036828361,1048.337471812963940,0.326060697436333,0.470404765009880
1695,MX31064,1695,131.000000000000000,0.002274305591944,0.320744246244431,5.494956016540527,5.174211770296097,0.664614326853789,0.755343440939445,87.064476817846312,0.434929072856903,1.024242758750916
1696,MX29020,1696,499.000000000000000,0.008663194583056,0.493254810571671,13.487386703491211,12.994131892919540,1.076198179282264,1.401214234940703,537.022891461849554,0.668766498565674,1.551767826080322
1697,MX20353,1697,266.000000000000000,0.004618055629444,0.271480500698090,1.591667294502258,1.320186793804169,0.410565127443550,0.223172762495368,109.210323899984303,0.321120664477348,0.680073320865631
1698,MX26058,1698,7996.000000000000000,0.138819446665556,0.247206032276154,33.502628326416016,33.255422294139862,0.454937562870124,1.351954755009887,3637.680752709511125,0.301830872893333,0.414200007915497
1699,MX20354,1699,75.000000000000000,0.001302083354167,0.295866221189499,0.971759855747223,0.675893634557724,0.386293447415034,0.128235314385227,28.972008556127555,0.343602806329727,0.503977549076080
1700,MX20355,1700,203.000000000000000,0.003524305611944,0.280261546373367,1.041430115699768,0.761168569326401,0.347958294922495,0.085539065598179,70.635533869266496,0.329345345497131,0.372776430845261
1701,MX20356,1701,135.000000000000000,0.002343750037500,0.373176962137222,5.417673587799072,5.044496625661850,0.960650740729438,1.003961264384871,129.687849998474121,0.564507901668549,1.959735774993898
1702,MX16078,1702,511.000000000000000,0.008871527919722,0.383445590734482,9.752573013305664,9.369127422571182,0.844052854174504,0.922576225291368,431.311008483171406,0.552804231643677,1.516087174415588
1703,MX29056,1703,49.000000000000000,0.000850694458056,1.549016237258911,16.221746444702148,14.672730207443237,6.088130405970983,4.355561687462647,298.318389892578125,4.262672424316406,12.607660484313966
1704,MX20357,1704,842.000000000000000,0.014618055789444,0.238177224993706,2.741076231002808,2.502899006009102,0.315004769456075,0.150613207194942,265.234015882015115,0.291970595717430,0.340654662251472
1705,MX20358,1705,223.000000000000000,0.003871527839722,0.314619302749634,4.505093574523926,4.190474271774292,0.557522212176045,0.468339646063159,124.327453315257998,0.418352872133255,0.856899273395539
1706,MX20359,1706,228.000000000000000,0.003958333396667,0.269336432218552,2.840155601501465,2.570819169282913,0.389201368809792,0.290645986907881,88.737912088632640,0.321414589881897,0.412701764702797
1707,MX20360,1707,132.000000000000000,0.002291666703333,0.593002021312714,3.768579721450806,3.175577700138092,0.962568058660536,0.554635706077465,127.058983743190765,0.722388178110123,1.590012490749360
1708,MX29057,1708,36.000000000000000,0.000625000010000,1.631749749183655,20.227951049804688,18.596201300621033,6.852793825997247,5.131445591454971,246.700577735900879,4.849161863327026,14.948963165283203
1709,MX08060,1709,1809.000000000000000,0.031406250502500,0.263900369405746,30.447969436645508,30.184069067239761,0.726520375661128,2.120220283993981,1314.275359570980299,0.367156684398651,0.814298593997955
1710,MX20361,1710,248.000000000000000,0.004305555624444,0.238690227270126,0.974777638912201,0.736087411642075,0.304495534288787,0.073381319636704,75.514892503619180,0.288957372307777,0.340538597106934
1711,MX11034,1711,977.000000000000000,0.016961805826944,0.302264362573624,8.883142471313477,8.580878108739853,0.597335125156655,0.715907340466656,583.596417278051945,0.409143507480621,0.850124430656433
1712,MX19048,1712,4733.000000000000000,0.082170140203611,0.334048211574554,63.492607116699219,63.158558905124664,3.107696698082437,9.116384011732958,14708.728472024176881,0.507439672946930,3.613337755203253
1713,MX24031,1713,3221.000000000000000,0.055920139783611,0.255026251077652,1.000908970832825,0.745882719755173,0.331999923290210,0.065518129521165,1069.371752917765207,0.314782559871674,0.383030682802200
1714,MX29058,1714,47.000000000000000,0.000815972235278,2.792152881622314,18.388488769531250,15.596335887908936,6.919431869019854,3.279564411116636,325.213297843933105,6.577471256256104,10.726315689086913
1715,MX20362,1715,124.000000000000000,0.002152777812222,0.277632713317871,3.166289567947388,2.888656854629517,0.633509379961798,0.519905136070521,78.555163115262971,0.392004787921906,1.175126481056214
1716,MX20363,1716,1078.000000000000000,0.018715278077222,0.286751091480255,2.100230693817139,1.813479602336884,0.373808033999352,0.107028049368916,402.965060651301656,0.351110786199570,0.430202847719192
1717,MX20364,1717,3095.000000000000000,0.053732639748611,0.242838665843010,15.001151084899902,14.758312419056892,0.348182971946450,0.472846364316147,1077.626298174262729,0.297204732894897,0.356967628002167
1718,MX20365,1718,495.000000000000000,0.008593750137500,0.279510974884033,1.172805905342102,0.893294930458069,0.335350944056656,0.077558988263744,165.998717308044576,0.320653438568115,0.356637877225876
1719,MX20366,1719,613.000000000000000,0.010642361281389,0.233213514089584,3.559530258178711,3.326316744089127,0.347651237910567,0.271600014876880,213.110208839177687,0.294286906719208,0.381766575574875
1720,MX20367,1720,249.000000000000000,0.004322916735833,0.317759364843369,10.242291450500488,9.924532085657120,0.673348549977843,1.173133010165015,167.663788944482832,0.414261639118195,0.671079671382904
1721,MX20368,1721,178.000000000000000,0.003090277827222,0.355947911739349,4.371414661407471,4.015466749668121,0.741927422164531,0.613570326611076,132.063081145286588,0.495064198970795,1.307507932186128
1722,MX20369,1722,101.000000000000000,0.001753472250278,0.619402289390564,7.913569450378418,7.294167160987854,1.313721944790076,1.252202539649036,132.685916423797693,0.846936464309692,2.357449293136597
1723,MX20074,1723,187.000000000000000,0.003246527829722,0.254040986299515,0.751020729541779,0.496979743242264,0.313604704358361,0.072550353917474,58.644079715013518,0.298170268535614,0.347714573144913
1724,MX20370,1724,187.000000000000000,0.003246527829722,0.281668066978455,1.375380516052246,1.093712449073792,0.389778336739158,0.144569524339025,72.888548970222459,0.344958811998367,0.518021750450134
1725,MX20371,1725,145.000000000000000,0.002517361151389,0.309902220964432,1.600091457366943,1.290189236402512,0.462366439556253,0.192826742605644,67.043133735656724,0.416014879941940,0.544205057621002
1726,MX21146,1726,238.000000000000000,0.004131944510556,0.357792377471924,4.217270374298096,3.859477996826172,0.590137798620873,0.506443957044926,140.452796071767835,0.455478474497795,0.681064289808273
1727,MX20372,1727,184.000000000000000,0.003194444495556,0.288771361112595,2.687557220458984,2.398785859346390,0.508311870953311,0.278320849709367,93.529384255409227,0.426546454429626,0.703692787885666
1728,MX20373,1728,585.000000000000000,0.010156250162500,0.246254906058311,0.762742936611176,0.516488030552864,0.297943065869503,0.047383999809073,174.296693533659266,0.290716230869293,0.316036689281464
1729,MX10031,1729,5058.000000000000000,0.087812501405000,0.255569398403168,7.731078147888184,7.475508749485016,0.347557662479866,0.305012713294787,1757.946656823160993,0.311209410429001,0.347266155481339
1730,MX26059,1730,5425.000000000000000,0.094184029284722,0.269049942493439,14.513577461242676,14.244527518749237,0.363354724326991,0.554337498073111,1971.199379473928275,0.312489449977875,0.338383436203003
1731,MX20374,1731,37.000000000000000,0.000642361121389,0.422495901584625,1.892351269721985,1.469855368137360,0.696022649069090,0.357279295696859,25.752838015556335,0.507757484912872,1.222540187835693
1732,MX20375,1732,11.000000000000000,0.000190972225278,11.226020812988281,28.614910125732422,17.388889312744141,20.026848446239125,5.619960673140437,220.295332908630371,20.024345397949219,27.698089599609375
1733,MX20376,1733,91.000000000000000,0.001579861136389,0.294067412614822,1.554054021835327,1.259986609220505,0.407121392724278,0.211013675749386,37.048046737909310,0.338291049003601,0.524207711219788
1734,MX11035,1734,2138.000000000000000,0.037118056149444,0.416203469038010,30.602081298828125,30.185877829790115,1.735521260910330,2.586950009277607,3710.544455826284775,1.024598062038422,3.051176810264587
1735,MX20377,1735,2756.000000000000000,0.047847222987778,0.247564181685448,4.270245552062988,4.022681370377541,0.335926764940704,0.170920364718052,925.814164176581130,0.305098265409470,0.367623284459114
1736,MX20378,1736,222.000000000000000,0.003854166728333,0.278493911027908,2.572038650512695,2.293544739484787,0.520087614252760,0.394468908921759,115.459450364112811,0.366848096251488,0.938726133108139
1737,MX20379,1737,212.000000000000000,0.003680555614444,0.330259978771210,2.341930866241455,2.011670887470245,0.596496647680705,0.346866044744825,126.457289308309555,0.478960409760475,0.966784739494324
1738,MX20380,1738,71.000000000000000,0.001232638908611,0.519268453121185,3.677244424819946,3.157975971698761,1.014935733566822,0.691062682894343,72.060437083244338,0.703606486320496,2.077097892761230
1739,MX29059,1739,28.000000000000000,0.000486111118889,1.979864001274109,14.311031341552734,12.331167340278625,8.322698955024991,4.141147575691636,233.035570740699768,8.562352657318115,13.541275310516358
1740,MX20381,1740,137.000000000000000,0.002378472260278,0.289102524518967,3.381842136383057,3.092739611864090,0.580019903444026,0.556863974040317,79.462726771831527,0.362729698419571,1.051904749870301
1741,MX20382,1741,233.000000000000000,0.004045138953611,0.266875267028809,1.087339878082275,0.820464611053467,0.327575337861229,0.098927579988855,76.325053721666279,0.301029890775681,0.370497500896454
1742,MX20383,1742,109.000000000000000,0.001892361141389,0.308631896972656,0.968017816543579,0.659385919570923,0.416562141628441,0.129298954431419,45.405273437500014,0.367548972368240,0.596477615833283
1743,MX29026,1743,130.000000000000000,0.002256944480556,1.485641717910767,22.759241104125977,21.273599386215210,6.437346903177407,3.696312657565225,836.855097413062936,5.668128728866577,11.013529777526855
1744,MX20384,1744,275.000000000000000,0.004774305631944,0.272502601146698,4.268521785736084,3.996019184589386,0.586638633771377,0.535574537012610,161.325624287128562,0.416166782379150,0.942956709861755
1745,MX20385,1745,211.000000000000000,0.003663194503056,1.319340109825134,40.399253845214844,39.079913735389709,10.430314635778494,7.653991027529612,2200.796388149262384,9.307846069335938,20.107515335083008
1746,MX20386,1746,2355.000000000000000,0.040885417320833,0.251984745264053,2.758075475692749,2.506090730428696,0.334296121820017,0.121964392893108,787.267366886140508,0.304322898387909,0.408224046230316
1747,MX31066,1747,2555.000000000000000,0.044357639598611,0.248281687498093,5.064556121826172,4.816274434328079,0.321122925692109,0.232418695952591,820.469075143337477,0.294636636972427,0.322718620300293
1748,MX20387,1748,147.000000000000000,0.002552083374167,0.373150676488876,5.075925350189209,4.702774673700333,0.938617181413028,0.842694312790271,137.976725667715101,0.605177044868469,1.830105447769166
1749,MX21147,1749,1411.000000000000000,0.024496528169722,0.269272595643997,13.663996696472168,13.394724100828171,0.505274562992837,0.872890979293099,712.942408382892609,0.346009463071823,0.562836170196533
1750,MX20569,1750,409.000000000000000,0.007100694558056,0.266452312469482,1.361887216567993,1.095434904098511,0.347652047581078,0.098618327929837,142.189687460660878,0.322976082563400,0.395948839187622
1751,MX20388,1751,241.000000000000000,0.004184027844722,0.334038347005844,1.081910371780396,0.747872024774551,0.437423202383073,0.116252934216820,105.418991774320617,0.404366374015808,0.538069784641266
1752,MX20389,1752,11.000000000000000,0.000190972225278,0.669834911823273,3.195512056350708,2.525677144527435,1.888185333121907,0.775849232910894,20.770038664340976,1.795699357986450,2.861591100692749
1753,MX08024,1753,3547.000000000000000,0.061579862096389,0.275355249643326,8.787605285644531,8.512250036001205,0.427635013813497,0.424646926589348,1516.821393996475081,0.342377543449402,0.480873507261276
1754,MX21148,1754,165.000000000000000,0.002864583379167,1.103616118431091,16.409725189208984,15.306109070777893,4.060826084108069,2.952190874664236,670.036303877831301,3.197397708892822,8.074549674987793
1755,MX29060,1755,28.000000000000000,0.000486111118889,6.357147693634033,18.978652954101562,12.621505260467529,9.402957728930881,2.785394946052829,263.282816410064640,8.949044704437256,11.013739204406740
1756,MX20390,1756,45.000000000000000,0.000781250012500,7.989269733428955,42.179908752441406,34.190639019012451,23.472775321536599,8.211662819815576,1056.274889469146956,23.460144042968750,34.698511505126959
1757,MX20391,1757,336.000000000000000,0.005833333426667,0.252461165189743,1.810244083404541,1.557782918214798,0.344278283062435,0.162351809556819,115.677503108978314,0.305531725287437,0.396265655755997
1758,MX20392,1758,763.000000000000000,0.013246527989722,0.275095432996750,1.529191613197327,1.254096180200577,0.378580804811705,0.115728922563039,288.857154071331081,0.344660222530365,0.471754765510559
1759,MX20393,1759,56.000000000000000,0.000972222237778,0.444901198148727,4.923442363739014,4.478541165590286,1.188957896083594,1.128204049787807,66.581642180681257,0.657226353883743,2.705492973327637
1760,MX20047,1760,136.000000000000000,0.002361111148889,0.288498163223267,2.364287614822388,2.075789451599121,0.412107694894075,0.275174221186090,56.046646505594239,0.334429964423180,0.493605166673660
1761,MX20394,1761,478.000000000000000,0.008298611243889,0.260757297277451,2.173537492752075,1.912780195474625,0.380270522259269,0.184625849660327,181.769309639930754,0.337180212140083,0.432994562387466
1762,MX20395,1762,400.000000000000000,0.006944444555556,0.252194076776505,0.841127097606659,0.588933020830154,0.324247001782060,0.072454807121349,129.698800712823839,0.304349303245544,0.380064252018929
1763,MX20399,1763,153.000000000000000,0.002656250042500,0.867723941802979,21.010017395019531,20.142293453216553,5.697900941169342,5.266478300135081,871.778843998909338,3.109448194503784,14.746960639953619
1764,MX20400,1764,466.000000000000000,0.008090277907222,0.273371398448944,2.801607131958008,2.528235733509064,0.393648437995767,0.234412085821200,183.440172106027518,0.343179330229759,0.430560752749443
1765,MX20404,1765,305.000000000000000,0.005295138973611,0.273568332195282,1.866498351097107,1.592930018901825,0.362096999610057,0.153629368406852,110.439584881067248,0.319835811853409,0.425781661272049
1766,MX20406,1766,1403.000000000000000,0.024357639278611,0.282412320375443,3.040256261825562,2.757843941450119,0.394814278301136,0.143605374848364,553.924432456493150,0.361367642879486,0.480645430088043
1767,MX20407,1767,22220.000000000000000,0.385763895061111,0.227342933416367,2.936095476150513,2.708752542734146,0.304707270808365,0.050419107301727,6770.595557361859392,0.300472915172577,0.330490353703499
1768,MX20401,1768,2008.000000000000000,0.034861111668889,0.270466655492783,16.431339263916016,16.160872608423233,0.607977034071408,1.167215395477626,1220.817884415387880,0.356914922595024,0.745047646760940
1769,MX20402,1769,401.000000000000000,0.006961805666944,0.276501357555389,3.801846742630005,3.525345385074615,0.406489111687477,0.322979160403835,163.002133786678456,0.334969162940979,0.444980919361115
1770,MX20403,1770,33.000000000000000,0.000572916675833,1.632794976234436,14.620918273925781,12.988123297691345,5.426938548232570,3.719837568221602,179.088972091674805,4.839402675628662,11.603995132446292
1771,MX32058,1771,1400.000000000000000,0.024305555944444,0.270673722028732,10.375703811645508,10.105030089616776,0.410120264632361,0.542541182471598,574.168370485306014,0.327319338917732,0.442867273092270
1772,MX14081,1772,1317.000000000000000,0.022864583699167,0.285498946905136,8.731123924255371,8.445624977350235,0.440330021835767,0.510695215831769,579.914638757705006,0.335837662220001,0.540830230712891
1773,MX14056,1773,3854.000000000000000,0.066909723292778,0.253168880939484,3.259884595870972,3.006715714931488,0.301707792054760,0.094703602700482,1162.781830579044481,0.293452322483063,0.315533673763275
1774,MX18014,1774,5480.000000000000000,0.095138890411111,0.256403297185898,12.850424766540527,12.594021469354630,0.474038165802286,0.605710738831282,2597.729148596524738,0.351243451237679,0.578436988592148
1775,MX24032,1775,8562.000000000000000,0.148645835711667,0.258859187364578,12.078916549682617,11.820057362318039,0.446617084984551,0.524215036589820,3823.935481637724934,0.352252528071404,0.574661147594452
1776,MX20408,1776,121.000000000000000,0.002100694478056,0.304902732372284,0.836265325546265,0.531362593173981,0.377379557564239,0.071146492436372,45.662926465272896,0.353909045457840,0.442809641361237
1777,MX20409,1777,82.000000000000000,0.001423611133889,0.916786253452301,14.942377090454102,14.025590837001801,3.377537960686335,3.605047625649466,276.958112776279449,1.332269966602325,9.347632503509525
1778,MX20410,1778,2627.000000000000000,0.045607639618611,0.239089712500572,2.811480045318604,2.572390332818031,0.304362012047164,0.126676099546177,799.559005647900108,0.285154819488525,0.322300767898560
1779,MX20411,1779,36.000000000000000,0.000625000010000,0.680356800556183,3.351073980331421,2.670717179775238,1.193735561437077,0.712005278064216,42.974480211734779,0.785060405731201,2.248852968215942
1780,MX20412,1780,1906.000000000000000,0.033090278307222,0.243721634149551,3.101948022842407,2.858226388692856,0.315556533290669,0.122851781715538,601.450752452015990,0.298905208706856,0.341707289218903
1781,MX20413,1781,2478.000000000000000,0.043020834021667,0.265451967716217,22.880830764770508,22.615378797054291,0.919613654270492,2.084948499923708,2278.802635282279880,0.403404802083969,1.323447275161746
1782,MX20414,1782,1336.000000000000000,0.023194444815556,0.252606391906738,7.245781421661377,6.993175029754639,0.431562338448214,0.453129144628180,576.567284166813238,0.340788006782532,0.495537504553795
1783,MX20415,1783,819.000000000000000,0.014218750227500,0.268457621335983,3.155147790908813,2.886690169572830,0.384142350546461,0.257489168614484,314.612585097551232,0.326453804969788,0.438183915615082
1784,MX20416,1784,868.000000000000000,0.015069444685556,0.236760288476944,3.929751396179199,3.692991107702255,0.319493659939360,0.242140955340886,277.320496827364138,0.288317620754242,0.323590320348740
1785,MX20417,1785,1589.000000000000000,0.027586805996944,0.272656738758087,3.704728841781616,3.432072103023529,0.400851459811512,0.203389115978367,636.952969640492711,0.352352470159531,0.501242530345917
1786,MX20418,1786,3548.000000000000000,0.061597223207778,0.239792540669441,11.344192504882812,11.104399964213371,0.360347923869949,0.477163676134413,1278.514433890578175,0.299343660473824,0.374282762408257
1787,MX20419,1787,260.000000000000000,0.004513888961111,0.282374590635300,1.572136640548706,1.289762049913406,0.358652157164537,0.148450361095810,93.249560862779632,0.328219935297966,0.369925940036774
1788,MX20396,1788,34.000000000000000,0.000590277787222,0.484418302774429,2.196867704391479,1.712449401617050,1.043723482419463,0.500162754732437,35.486598402261748,0.815562099218369,1.926398730278015
1789,MX20420,1789,248.000000000000000,0.004305555624444,0.249709054827690,4.222178936004639,3.972469881176949,0.397022297005019,0.437052339043563,98.461529657244725,0.290391832590103,0.463522472977638
1790,MX20421,1790,718.000000000000000,0.012465277977222,0.277029424905777,9.042327880859375,8.765298455953598,0.502006699862919,0.687647290582459,360.440810501575697,0.353584110736847,0.582900947332382
1791,MX20422,1791,213.000000000000000,0.003697916725833,0.272415935993195,1.042568325996399,0.770152390003204,0.392682335326369,0.124030427140434,83.641337424516692,0.347864806652069,0.504791009426117
1792,MX20423,1792,378.000000000000000,0.006562500105000,0.266464143991470,0.902827620506287,0.636363476514816,0.329584665162853,0.067258013716607,124.583003431558566,0.313899323344231,0.373379349708557
1793,MX20424,1793,704.000000000000000,0.012222222417778,0.253664404153824,1.440455198287964,1.186790794134140,0.321193445346911,0.098971515655013,226.120185524225320,0.297782853245735,0.360542622208595
1794,MX20425,1794,270.000000000000000,0.004687500075000,0.250991374254227,1.932592153549194,1.681600779294968,0.339410134156545,0.189753979811457,91.640736222267179,0.298494860529900,0.360903775691986
1795,MX20426,1795,1143.000000000000000,0.019843750317500,0.254994243383408,1.246847510337830,0.991853266954422,0.338369294909772,0.075034834467759,386.756104081869239,0.320841401815414,0.397146242856979
1796,MX20427,1796,752.000000000000000,0.013055555764444,0.332624316215515,13.556766510009766,13.224142193794250,0.908471179610871,1.290134208670475,683.170327067375069,0.522070497274399,1.488152635097503
1797,MX20428,1797,783.000000000000000,0.013593750217500,0.233676224946976,1.003072738647461,0.769396513700485,0.291809136135977,0.061927606314819,228.486553594469939,0.281393408775330,0.311178016662598
1798,MX20429,1798,252.000000000000000,0.004375000070000,0.251789361238480,1.772238731384277,1.520449370145798,0.366807428026010,0.185680082226193,92.435471862554550,0.305752798914909,0.517333847284317
1799,MX20430,1799,180.000000000000000,0.003125000050000,0.269384920597076,1.269044160842896,0.999659240245819,0.331066489881939,0.120920366645748,59.591968178749070,0.302958324551582,0.349976897239685
1800,MX20431,1800,1818.000000000000000,0.031562500505000,0.241359293460846,3.839200019836426,3.597840726375580,0.307944858706955,0.172590207401071,559.843753129243396,0.288635909557343,0.317472937703133
1801,MX20432,1801,63.000000000000000,0.001093750017500,0.290649443864822,0.939553201198578,0.648903757333755,0.373427228322105,0.124195835173765,23.525915384292603,0.331893771886826,0.446239101886749
1802,MX20433,1802,169.000000000000000,0.002934027824722,0.270805209875107,0.921022653579712,0.650217443704605,0.369209786138591,0.103095476783184,62.396453857421875,0.331814169883728,0.467434775829315
1803,MX20434,1803,181.000000000000000,0.003142361161389,0.301649272441864,2.389357328414917,2.087708055973053,0.630097534116460,0.303699103854301,114.047653675079331,0.565773308277130,0.902635335922241
1804,MX20435,1804,413.000000000000000,0.007170139003611,0.269020438194275,2.575740575790405,2.306720137596130,0.424048828804464,0.280342334788443,175.132166296243582,0.338013648986816,0.578781592845917
1805,MX20436,1805,175.000000000000000,0.003038194493056,0.261535674333572,1.127582788467407,0.866047114133835,0.323268695388522,0.112738899512051,56.572021692991292,0.297018468379974,0.336496472358704
1806,MX20437,1806,748.000000000000000,0.012986111318889,0.244574248790741,6.245509624481201,6.000935375690460,0.449017093043755,0.429752923216996,335.864785596728439,0.350736185908318,0.610592108964920
1807,MX20438,1807,121.000000000000000,0.002100694478056,0.252735286951065,1.033975481987000,0.781240195035934,0.337427087805488,0.111060099195247,40.828677624464028,0.303537040948868,0.392229467630386
1808,MX20439,1808,2531.000000000000000,0.043940972925278,0.272439777851105,4.319499492645264,4.047059714794159,0.453534483685884,0.303647543290365,1147.895778208972388,0.365163207054138,0.633408904075623
1809,MX20440,1809,556.000000000000000,0.009652777932222,0.242190480232239,1.509303927421570,1.267113447189331,0.302058914555706,0.094088661297753,167.944756492972488,0.288871690630913,0.315588280558586
1810,MX20441,1810,428.000000000000000,0.007430555674444,0.390616774559021,15.641837120056152,15.251220345497131,0.853421809447703,1.303784000245873,365.264534443616924,0.520070910453796,1.161334490776062
1811,MX20442,1811,234.000000000000000,0.004062500065000,0.258109182119370,1.357844829559326,1.099735647439957,0.330400317525252,0.140773190821801,77.313674300909042,0.301816686987877,0.337307518720627
1812,MX20443,1812,426.000000000000000,0.007395833451667,0.250707387924194,1.493396639823914,1.242689251899719,0.316957607515541,0.114486537803280,135.023940801620512,0.293505817651749,0.333916693925858
1813,MX20444,1813,90.000000000000000,0.001562500025000,0.258323520421982,0.508892416954041,0.250568896532059,0.301397691832648,0.038637656524451,27.125792264938351,0.291940584778786,0.344594532251358
1814,MX20445,1814,165.000000000000000,0.002864583379167,0.295198678970337,1.144299745559692,0.849101066589355,0.412529989625468,0.126803922224034,68.067448288202286,0.371015936136246,0.554864096641541
1815,MX20446,1815,361.000000000000000,0.006267361211389,0.294102638959885,1.118305683135986,0.824203044176102,0.407353838477439,0.111241219089584,147.054735690355358,0.368954181671143,0.531807005405426
1816,MX20447,1816,2448.000000000000000,0.042500000680000,0.265958428382874,5.563508510589600,5.297550082206726,0.379383791384160,0.253386635551745,928.731521308422884,0.334723740816116,0.442441853880882
1817,MX20448,1817,774.000000000000000,0.013437500215000,0.233712270855904,1.564287185668945,1.330574914813042,0.303877895519869,0.088094091902038,235.201491132378777,0.291296243667603,0.317361146211624
1818,MX20449,1818,2035.000000000000000,0.035329861676389,0.250249683856964,2.645828962326050,2.395579278469086,0.303952286269800,0.098337202748393,618.542902559043114,0.292659401893616,0.317837846279144
1819,MX19049,1819,3824.000000000000000,0.066388889951111,0.301235735416412,23.600879669189453,23.299643933773041,1.211362121634529,2.195467920874847,4632.248753130440491,0.424622327089310,2.471898460388185
1820,MX20450,1820,1008.000000000000000,0.017500000280000,0.257054001092911,1.786035299301147,1.528981298208237,0.348995387583734,0.109727988925815,351.787350684404259,0.318759292364120,0.430952101945877
1821,MX20451,1821,420.000000000000000,0.007291666783333,0.259217858314514,0.918954312801361,0.659736454486847,0.318799958484514,0.061185850654528,133.895982563495693,0.307299628853798,0.349589699506760
1822,MX20452,1822,82.000000000000000,0.001423611133889,0.452367871999741,6.432288169860840,5.979920297861099,1.461902748884224,1.376930399186433,119.876025408506408,0.793365657329559,3.458026742935181
1823,MX20453,1823,902.000000000000000,0.015659722472778,0.241691455245018,3.894149541854858,3.652458086609840,0.342634770234514,0.247050380611138,309.056562751531601,0.299196273088455,0.365497401356697
1824,MX20454,1824,347.000000000000000,0.006024305651944,0.254798531532288,1.106648564338684,0.851850032806396,0.353503243122733,0.100743402291625,122.665625363588276,0.318329125642776,0.457557541131973
1825,MX20455,1825,452.000000000000000,0.007847222347778,0.289902031421661,3.458505630493164,3.168603599071503,0.454675379118560,0.353801898854570,205.513271361589261,0.359567761421204,0.586557114124298
1826,MX20456,1826,187.000000000000000,0.003246527829722,0.335766881704330,3.717008590698242,3.381241708993912,0.555773306339182,0.404255047532548,103.929608285427094,0.445625692605972,0.677701306343079
1827,MX20457,1827,1532.000000000000000,0.026597222647778,0.239356905221939,1.074508905410767,0.835152000188828,0.311321450645400,0.063543394406455,476.944462388753323,0.299964383244514,0.337582510709763
1828,MX20459,1828,1595.000000000000000,0.027690972665278,0.267807990312576,6.513633251190186,6.245825260877609,0.391190201268301,0.341981939251315,623.948371022939455,0.326852470636368,0.452971005439758
1829,MX20460,1829,1514.000000000000000,0.026284722642778,0.233418911695480,1.054649829864502,0.821230918169022,0.306670730060047,0.053089000057330,464.299485310911848,0.297114744782448,0.335681957006454
1830,MX20458,1830,1000.000000000000000,0.017361111388889,0.252216726541519,1.302316904067993,1.050100177526474,0.311549840539694,0.069628645139931,311.549840539693662,0.300990328192711,0.335662400722504
1831,MX13055,1831,1274.000000000000000,0.022118055909444,0.317838788032532,31.814977645874023,31.497138857841492,0.945245933471894,1.554477713470211,1204.243319243193355,0.580878376960754,1.624213540554047
1832,MX20461,1832,183.000000000000000,0.003177083384167,0.281097143888474,1.858742594718933,1.577645450830460,0.402059359954355,0.220548209675646,73.576862871646895,0.331928253173828,0.533566391468048
1833,MX07119,1833,82.000000000000000,0.001423611133889,0.518752634525299,8.976045608520508,8.457292973995209,1.833145845227125,1.805123228456021,150.317959308624268,0.989048838615417,4.447317361831665
1834,MX20462,1834,540.000000000000000,0.009375000150000,0.324003309011459,8.043784141540527,7.719780832529068,0.785009920983402,0.777212148913744,423.905357331037123,0.551107078790665,1.289932882785797
1835,MX20463,1835,494.000000000000000,0.008576389026111,0.244975566864014,1.236770510673523,0.991794943809509,0.321654655552103,0.086510203245463,158.897399842739105,0.302113398909569,0.352210780978203
1836,MX20464,1836,220.000000000000000,0.003819444505556,0.268886923789978,1.870795249938965,1.601908326148987,0.361514122106812,0.159219058371974,79.533106863498688,0.324599087238312,0.439255997538567
1837,MX20465,1837,593.000000000000000,0.010295139053611,0.254953682422638,2.069803714752197,1.814850032329559,0.342078351049762,0.120254297572210,202.852462172508581,0.320371061563492,0.370158684253693
1838,MX18015,1838,7119.000000000000000,0.123593751977500,0.238842606544495,29.450817108154297,29.211974501609802,0.558375794405448,1.176582935364182,3975.077280372383029,0.353928714990616,0.722496032714844
1839,MX20466,1839,2217.000000000000000,0.038489583949167,0.261284977197647,7.597077846527100,7.335792869329453,0.380567637606144,0.246376471723079,843.718452572822002,0.330395519733429,0.491624826192856
1840,MX20467,1840,3104.000000000000000,0.053888889751111,0.244407370686531,11.224826812744141,10.980419442057610,0.401621048938791,0.586317250446408,1246.631735906007179,0.315558120608330,0.440116840600967
1841,MX20468,1841,3034.000000000000000,0.052673611953889,0.255404859781265,2.620527029037476,2.365122169256210,0.350888910905341,0.126976267094765,1064.596955686805131,0.323721468448639,0.394855418801308
1842,MX20469,1842,3796.000000000000000,0.065902778832222,0.277970463037491,13.171043395996094,12.893072932958603,0.460094694923550,0.515051138435859,1746.519461929796080,0.355677589774132,0.604308575391769
1843,MX20470,1843,2110.000000000000000,0.036631945030556,0.246886447072029,2.206552267074585,1.959665820002556,0.319286621492620,0.097795232797756,673.694771349428493,0.304849982261658,0.348139035701752
1844,MX20471,1844,126.000000000000000,0.002187500035000,0.261508047580719,0.857156038284302,0.595647990703583,0.327752919897201,0.084004404177719,41.296867907047293,0.304561764001846,0.362417578697205
1845,MX20472,1845,1284.000000000000000,0.022291667023333,0.244304403662682,4.499358654022217,4.255054250359535,0.338937147569805,0.261294013595874,435.195297479629062,0.298252329230309,0.357402995228767
1846,MX20473,1846,575.000000000000000,0.009982639048611,0.252346575260162,3.153694868087769,2.901348292827606,0.350633616395619,0.248371130167767,201.614329427480840,0.297782152891159,0.366784352064133
1847,MX20474,1847,533.000000000000000,0.009253472370278,0.281228929758072,4.803899288177490,4.522670358419418,0.460867352657872,0.445532061353929,245.642298966645996,0.348940879106522,0.539688408374786
1848,MX11036,1848,416.000000000000000,0.007222222337778,0.460056781768799,18.975927352905273,18.515870571136475,1.405725002718659,2.036404499695697,584.781601130961917,0.776527196168900,2.892137408256531
1849,MX20475,1849,897.000000000000000,0.015572916915833,0.282348364591599,8.205368041992188,7.923019677400589,0.609697804037676,0.801386871441277,546.898930221795581,0.397171080112457,0.826815271377563
1850,MX21149,1850,464.000000000000000,0.008055555684444,0.405786335468292,25.449369430541992,25.043583095073700,2.362725530847393,3.451036018062271,1096.304646313190233,1.115905284881592,6.113014745712279
1851,MX20476,1851,257.000000000000000,0.004461805626944,0.269999742507935,1.345499038696289,1.075499296188354,0.358189271117927,0.128584121200063,92.054642677307129,0.326337277889252,0.408959120512009
1852,MX20477,1852,964.000000000000000,0.016736111378889,0.251152992248535,1.487615585327148,1.236462593078613,0.300124048599317,0.075496081707914,289.319582849741380,0.288738697767258,0.319146430492401
1853,MX20478,1853,1005.000000000000000,0.017447916945833,0.246891841292381,1.522626042366028,1.275734201073647,0.321138837992848,0.101070146037932,322.744532182812748,0.297876864671707,0.358983433246613
1854,MX20479,1854,100.000000000000000,0.001736111138889,0.268454968929291,0.881264269351959,0.612809300422668,0.347578261494637,0.115860728238485,34.757826149463661,0.311069309711456,0.445512348413468
1855,MX20066,1855,2677.000000000000000,0.046475695188056,0.256069898605347,6.808770656585693,6.552700757980347,0.386314601797109,0.326854986614910,1034.164189010861037,0.333736121654510,0.428291243314743
1856,MX20480,1856,343.000000000000000,0.005954861206389,0.280655443668365,1.977727532386780,1.697072088718414,0.355183809474328,0.166060270340921,121.828046649694400,0.326845437288284,0.374560219049454
1857,MX20481,1857,278.000000000000000,0.004826388966111,0.302036583423615,1.404507040977478,1.102470457553864,0.401451267141232,0.123019824340063,111.603452265262618,0.365518510341644,0.497349202632904
1858,MX10032,1858,32973.000000000000000,0.572447925825833,0.230067968368530,36.617675781250000,36.387607812881470,0.350292432832604,0.833912545390343,11550.192387789467830,0.284469544887543,0.328517317771912
1859,MX20482,1859,3834.000000000000000,0.066562501065000,0.258017420768738,16.912811279296875,16.654793858528137,0.574971391608085,1.156479045777162,2204.440315425396420,0.343166738748550,0.703668940067292
1860,MX30212,1860,1961.000000000000000,0.034045139433611,0.262933850288391,3.753400802612305,3.490466952323914,0.378362240139651,0.207482772284262,741.968352913855824,0.334467798471451,0.441036790609360
1861,MX20483,1861,470.000000000000000,0.008159722352778,0.295355081558228,5.795802116394043,5.500447034835815,0.766879969010961,0.907211567216438,360.433585435151713,0.378082618117332,1.986117839813233
1862,MX20484,1862,986.000000000000000,0.017118055829444,0.281968146562576,5.470353126525879,5.188384979963303,0.409716465924139,0.378374556226952,403.980435401201476,0.328943371772766,0.466580718755722
1863,MX20485,1863,627.000000000000000,0.010885416840833,0.262907445430756,2.397520780563354,2.134613335132599,0.359162746148817,0.207188428893485,225.195041835308245,0.314855039119720,0.389742934703827
1864,MX20487,1864,529.000000000000000,0.009184027924722,0.275555402040482,1.354807972908020,1.079252570867538,0.347570763869187,0.091412865362260,183.864934086799678,0.324268400669098,0.406558507680893
1865,MX20488,1865,68.000000000000000,0.001180555574444,0.300036370754242,1.098629951477051,0.798593580722809,0.465261635534904,0.177568126434487,31.637791216373451,0.373451843857765,0.750807255506516
1866,MX20489,1866,1417.000000000000000,0.024600694838056,0.256212979555130,1.792097330093384,1.535884350538254,0.337583063918264,0.110864222274179,478.355201572179908,0.310069978237152,0.395659130811691
1867,MX20490,1867,82.000000000000000,0.001423611133889,0.323003202676773,2.543959617614746,2.220956414937973,0.967779429220571,0.520183856544308,79.357913196086855,0.906407982110977,1.671037840843201
1868,MX20491,1868,1222.000000000000000,0.021215278117222,0.235317349433899,1.830807328224182,1.595489978790283,0.298051502183689,0.088326643756617,364.218935668468191,0.281054705381393,0.319459530711174
1869,MX20492,1869,1215.000000000000000,0.021093750337500,0.259729236364365,1.867330670356750,1.607601433992386,0.335075035286539,0.104971025746799,407.116167873144548,0.305695056915283,0.401141434907913
1870,MX20493,1870,86.000000000000000,0.001493055579444,0.312860786914825,1.772674202919006,1.459813416004181,0.514851153589958,0.295800090659034,44.277199208736413,0.394268423318863,0.790954381227493
1871,MX20494,1871,310.000000000000000,0.005381944530556,0.295017868280411,1.274267435073853,0.979249566793442,0.420777492273238,0.148053977586173,130.441022604703818,0.378143176436424,0.567162454128265
1872,MX13056,1872,318.000000000000000,0.005520833421667,0.469295650720596,22.000568389892578,21.531272739171982,3.932918304823481,4.071951747453820,1250.668020933866728,2.410609126091003,9.489436054229740
1873,MX30143,1873,3045.000000000000000,0.052864584179167,0.278692126274109,13.411035537719727,13.132343411445618,0.469151478418574,0.583681910100668,1428.566251784558972,0.365546226501465,0.594941914081573
1874,MX20495,1874,671.000000000000000,0.011649305741944,0.248453527688980,0.983814179897308,0.735360652208328,0.306287794505786,0.062651058093985,205.519110113382283,0.291382819414139,0.334820747375488
1875,MX20496,1875,308.000000000000000,0.005347222307778,0.270153105258942,2.223451614379883,1.953298509120941,0.395766417217719,0.208848370914015,121.896056503057522,0.330443665385246,0.536974537372589
1876,MX20497,1876,202.000000000000000,0.003506944500556,0.252007693052292,3.379316329956055,3.127308636903763,0.465427109363055,0.467858557323632,94.016276091337190,0.315776169300079,0.657346725463868
1877,MX20498,1877,5023.000000000000000,0.087204862506389,0.246119320392609,3.710199117660522,3.464079797267914,0.338264563300565,0.131644079066997,1699.102901458739552,0.312720000743866,0.377825391292572
1878,MX20499,1878,333.000000000000000,0.005781250092500,0.275835871696472,5.690678596496582,5.414842724800110,0.469713284625663,0.540246703334357,156.414523780345945,0.336002588272095,0.595943140983582
1879,MX20500,1879,1624.000000000000000,0.028194444895556,0.239647477865219,4.691103935241699,4.451456457376480,0.322257223130741,0.189183720138410,523.345730364323117,0.296924665570259,0.359127902984619
1880,MX20501,1880,246.000000000000000,0.004270833401667,0.278752982616425,5.624881744384766,5.346128761768341,0.452421560035489,0.510383781517262,111.295703768730192,0.331415891647339,0.512253493070602
1881,MX20502,1881,1044.000000000000000,0.018125000290000,0.259296715259552,3.195892095565796,2.936595380306244,0.343635379126246,0.190096173861200,358.755335807800691,0.307649299502373,0.376009577512741
1882,MX20503,1882,43.000000000000000,0.000746527789722,0.301848798990250,1.105929493904114,0.804080694913864,0.432685902645422,0.165489608501702,18.605493813753132,0.363212764263153,0.671671247482300
1883,MX24033,1883,21992.000000000000000,0.381805561664445,0.255949676036835,5.579760551452637,5.323810875415802,0.318735895078750,0.140267062287217,7009.639804571871537,0.303528681397438,0.333855983614922
1884,MX20506,1884,215.000000000000000,0.003732638948611,0.284008502960205,1.989477515220642,1.705469012260437,0.362518641837808,0.179666119879094,77.941507995128632,0.322003602981567,0.404075968265533
1885,MX20507,1885,699.000000000000000,0.012135416860833,0.259217709302902,3.909788608551025,3.650570899248123,0.364132710152942,0.274380974134669,254.528764396906212,0.313725531101227,0.392002475261688
1886,MX20508,1886,340.000000000000000,0.005902777872222,0.261798143386841,3.032498836517334,2.770700693130493,0.439410395482007,0.314265796693227,149.399534463882389,0.327399939298630,0.646273714303971
1887,MX20509,1887,508.000000000000000,0.008819444585556,0.303431421518326,3.558173656463623,3.254742234945297,0.493441709852594,0.273365781967667,250.668388605117542,0.410746335983276,0.709958523511887
1888,MX20505,1888,972.000000000000000,0.016875000270000,0.276406317949295,5.514367580413818,5.237961262464523,0.486105370638057,0.420250082119585,472.494420260191134,0.381911814212799,0.657022279500961
1889,MX20510,1889,86.000000000000000,0.001493055579444,0.271103441715240,0.758168399333954,0.487064957618713,0.332732348594555,0.091800205553722,28.614981979131709,0.305506885051727,0.395358085632324
1890,MX20511,1890,716.000000000000000,0.012430555754444,0.265636324882507,1.233765363693237,0.968129038810730,0.328151060299501,0.071628442906033,234.956159174442462,0.312888279557228,0.360197544097900
1891,MX20512,1891,310.000000000000000,0.005381944530556,0.242678076028824,1.249571442604065,1.006893366575241,0.306781900457798,0.103691150275381,95.102389141917243,0.283749192953110,0.340347123146057
1892,MX20513,1892,1658.000000000000000,0.028784722682778,0.264475941658020,4.522719383239746,4.258243441581726,0.379082176955675,0.253090237085464,628.518249392509915,0.334291890263557,0.440677753090858
1893,MX20514,1893,277.000000000000000,0.004809027854722,0.245319157838821,0.804494559764862,0.559175401926041,0.318340507117419,0.061415563605354,88.180320471525178,0.302154809236526,0.358638793230057
1894,MX20515,1894,5824.000000000000000,0.101111112728889,0.237732425332069,24.534835815429688,24.297103390097618,0.638683461110814,1.542889838663801,3719.692477509380751,0.339146718382835,0.820480686426163
1895,MX20516,1895,1091.000000000000000,0.018940972525278,0.243759110569954,2.744621038436890,2.500861927866936,0.316035228951277,0.156911252487934,344.794434785842952,0.292311400175095,0.328423947095871
1896,MX20517,1896,558.000000000000000,0.009687500155000,0.270734071731567,4.279768466949463,4.009034395217896,0.453639988296775,0.383478500298314,253.131113469600564,0.342634260654449,0.616835165023804
1897,MX20518,1897,55.000000000000000,0.000954861126389,0.296953648328781,0.687532901763916,0.390579253435135,0.377662741596049,0.084322956776879,20.771450787782669,0.342324435710907,0.488963800668716
1898,MX20519,1898,149.000000000000000,0.002586805596944,0.360044360160828,9.022152900695801,8.662108540534973,1.594030027021498,1.839766539535163,237.510474026203212,0.773657679557800,3.817353868484497
1899,MX20520,1899,810.000000000000000,0.014062500225000,0.284763365983963,5.125289440155029,4.840526074171066,0.480826951434583,0.433984336963989,389.469830662012214,0.358440354466438,0.641226881742478
1900,MX20521,1900,132.000000000000000,0.002291666703333,0.275695234537125,0.394955456256866,0.119260221719742,0.316326158742110,0.019782489935515,41.755052953958511,0.313798800110817,0.337215501070023
1901,MX20522,1901,271.000000000000000,0.004704861186389,0.262220352888107,2.137238025665283,1.875017672777176,0.336227595806122,0.180602127175529,91.117678463459058,0.299368083477020,0.366217017173767
1902,MX20523,1902,338.000000000000000,0.005868055649444,0.277313858270645,4.440772533416748,4.163458675146103,0.435026502203660,0.447545584063181,147.038957744836949,0.334984973073006,0.511738151311875
1903,MX20524,1903,179.000000000000000,0.003107638938611,0.275263726711273,1.263338088989258,0.988074362277985,0.343556947381803,0.104053570657187,61.496693581342676,0.322447657585144,0.351079916954041
1904,MX20525,1904,3142.000000000000000,0.054548611983889,0.233308464288712,18.073843002319336,17.840534538030624,0.413176424886716,0.715379170288998,1298.200326994061697,0.321935355663300,0.434327635169029
1905,MX15078,1905,515.000000000000000,0.008940972365278,0.293904900550842,11.231001853942871,10.937096953392029,0.600130522424735,0.766458982104296,309.067219048738764,0.403842598199844,0.835009467601776
1906,MX21151,1906,99.000000000000000,0.001718750027500,0.890837967395782,10.835077285766602,9.944239318370819,2.744836544147647,2.212546898796331,271.738817870617083,1.644792795181274,5.411554431915285
1907,MX20530,1907,340.000000000000000,0.005902777872222,0.357011377811432,4.757993221282959,4.400981843471527,0.691652940914912,0.490845870803703,235.161999911070012,0.536325633525848,1.126176548004151
1908,MX20531,1908,218.000000000000000,0.003784722282778,0.306173682212830,4.254429817199707,3.948256134986877,0.536963260091773,0.589216195824111,117.057990700006513,0.367625102400780,0.592854315042496
1909,MX20532,1909,390.000000000000000,0.006770833441667,0.274175912141800,1.277980566024780,1.003804653882980,0.407488070084498,0.124126145873118,158.920347332954407,0.365687191486359,0.552110278606415
1910,MX20533,1910,327.000000000000000,0.005677083424167,0.264185965061188,2.607792615890503,2.343606650829315,0.461123998194295,0.300092812235662,150.787547409534426,0.345197379589081,0.713960051536560
1911,MX20526,1911,1096.000000000000000,0.019027778082222,0.249560847878456,5.743955612182617,5.494394764304161,0.439983625522387,0.432245412003156,482.222053572535629,0.325916036963463,0.561580240726471
1912,MX20527,1912,410.000000000000000,0.007118055669444,0.256834834814072,2.092066764831543,1.835231930017471,0.362925571566675,0.159745805857301,148.799484342336598,0.323261931538582,0.431592580676079
1913,MX20528,1913,259.000000000000000,0.004496527849722,0.282995730638504,2.778878927230835,2.495883196592331,0.384150456737827,0.253426148969905,99.494968295097308,0.331170916557312,0.403618407249451
1914,MX20529,1914,298.000000000000000,0.005173611193889,0.306725382804871,1.879682660102844,1.572957277297974,0.445364220830418,0.213064632135604,132.718537807464571,0.365221887826920,0.672604280710221
1915,MX26060,1915,7325.000000000000000,0.127170140923611,0.241736620664597,9.570283889770508,9.328547269105911,0.309212283331379,0.216324529659392,2264.979975402352466,0.293842047452927,0.312690258026123
1916,MX08061,1916,18757.000000000000000,0.325642366321389,0.246170446276665,27.081161499023438,26.834991052746773,0.320952874708386,0.487743558889651,6020.113070905204950,0.295658230781555,0.318798476457596
1917,MX08062,1917,16058.000000000000000,0.278784726682778,0.250078916549683,26.045133590698242,25.795054674148560,0.442768744677992,0.896265151191459,7109.980502039200474,0.321111291646957,0.468936845660210
1918,MX14082,1918,1072.000000000000000,0.018611111408889,0.291933089494705,32.660175323486328,32.368242233991623,1.288715397188467,3.234529130929372,1381.502905786036308,0.423287272453308,2.002973031997680
1919,MX30144,1919,3241.000000000000000,0.056267362011389,0.273228704929352,19.356267929077148,19.083039224147797,0.532853413110013,0.887521887555295,1726.977911889550796,0.368116259574890,0.724511384963989
1920,MX16080,1920,1243.000000000000000,0.021579861456389,0.298304349184036,3.725794315338135,3.427489966154099,0.443709813004430,0.207173939004981,551.531297564506076,0.392743498086929,0.578645431995392
1921,MX31067,1921,879.000000000000000,0.015260416910833,0.341215908527374,10.349590301513672,10.008374392986298,0.697434910192696,0.865072808819776,613.045286059379691,0.508747816085815,0.882253420352936
1922,MX05034,1922,41663.000000000000000,0.723315983795278,0.242008373141289,35.077835083007812,34.835826709866524,0.310253032515191,0.420792335344518,12926.072093680402759,0.293264687061310,0.314747905731201
1923,MX20537,1923,2110.000000000000000,0.036631945030556,0.270198523998260,3.869427919387817,3.599229395389557,0.376069999503864,0.223091245977774,793.507698953152271,0.323806241154671,0.437949946522713
1924,MX11037,1924,2690.000000000000000,0.046701389636111,0.618075489997864,71.498130798339844,70.880055308341980,6.120190213426760,9.583059884719969,16463.311674117983785,2.701745271682739,14.271944999694824
1925,MX07080,1925,4242.000000000000000,0.073645834511667,0.225653588771820,5.111466884613037,4.885813295841217,0.403606806672277,0.235848918334795,1712.100073903801103,0.331375226378441,0.584222012758255
1926,MX07081,1926,1538.000000000000000,0.026701389316111,0.287052899599075,12.816112518310547,12.529059618711472,0.926054142095798,1.119833040477001,1424.271270543337323,0.602180421352386,1.588058650493622
1927,MX25017,1927,32821.000000000000000,0.569809036894722,0.237519919872284,23.456024169921875,23.218504250049591,0.361035460321947,0.451582008733888,11849.544843226614830,0.294355809688568,0.416465729475021
1928,MX31068,1928,671.000000000000000,0.011649305741944,0.279429882764816,5.083124160766602,4.803694278001785,0.451652411643510,0.472597161724374,303.058768212795258,0.333463996648788,0.537649929523468
1929,MX13057,1929,2088.000000000000000,0.036250000580000,0.383047670125961,13.369652748107910,12.986605077981949,0.829441089968114,0.824184616020313,1731.872995853422935,0.644191741943359,1.201650714874267
1930,MX07082,1930,515.000000000000000,0.008940972365278,0.365638405084610,4.489967346191406,4.124328941106796,0.675622723229880,0.410313029153048,347.945702463388329,0.550397157669067,0.994841444492340
1931,MX20538,1931,87.000000000000000,0.001510416690833,0.432210952043533,1.611841678619385,1.179630726575851,0.770118453379335,0.249720904919702,67.000305444002151,0.685848891735077,1.149674248695374
1932,MX30146,1932,78.000000000000000,0.001354166688333,0.531449317932129,2.919054746627808,2.387605428695679,0.874718409318190,0.396548843136120,68.228035926818833,0.798556208610535,1.190727865695953
1933,MX07083,1933,3081.000000000000000,0.053489584189167,0.229682892560959,33.955284118652344,33.725601226091385,0.564528237942441,1.111539044569114,1739.311501100661644,0.350175201892853,0.878720879554749
1934,MX30145,1934,474.000000000000000,0.008229166798333,0.459728926420212,9.940462112426758,9.480733186006546,1.089241253738665,1.476270057795439,516.300354272127265,0.635859727859497,1.504408550262450
1935,MX30147,1935,567.000000000000000,0.009843750157500,0.321844547986984,9.410446166992188,9.088601619005203,1.620760960869058,1.523800970755101,918.971464812756039,0.971872746944427,3.839947986602785
1936,MX30148,1936,2052.000000000000000,0.035625000570000,0.320552438497543,12.898090362548828,12.577537924051285,0.586450702469019,0.728763497063733,1203.396841466426167,0.459404736757278,0.728840082883835
1937,MX24035,1937,1545.000000000000000,0.026822917095833,0.336224853992462,70.954437255859375,70.618212401866913,5.946774021417960,11.217951429161626,9187.765863090748098,1.015042781829834,23.175500869751001
1938,MX20539,1938,61.000000000000000,0.001059027794722,0.622538745403290,9.698065757751465,9.075527012348175,3.133929064039324,2.476046075655826,191.169672906398745,2.473147153854370,7.382856369018555
1939,MX23008,1939,10548.000000000000000,0.183125002930000,0.235440075397491,77.671951293945312,77.436511218547821,1.480156298410354,5.925907582519994,15612.688635632412115,0.301294520497322,0.804453492164613
1940,MX07084,1940,758.000000000000000,0.013159722432778,0.311988502740860,3.345072031021118,3.033083528280258,0.492203599466183,0.275833928784453,373.090328395366384,0.416858121752739,0.638470613956451
1941,MX21152,1941,563.000000000000000,0.009774305711944,0.452616453170776,8.339226722717285,7.886610269546509,0.924216435709390,0.986516264217163,520.333853304386366,0.601161718368530,1.532422351837158
1942,MX32042,1942,18527.000000000000000,0.321649310701944,0.253842353820801,44.296245574951172,44.042403221130371,0.500241431161667,1.333978314478261,9267.972995132206051,0.334063172340393,0.516617584228516
1943,MX30149,1943,2369.000000000000000,0.041128472880278,0.261539906263351,8.219474792480469,7.957934886217117,0.581654300917146,0.634067641661198,1377.939038872718129,0.417650341987610,0.890379655361177
1944,MX28037,1944,32394.000000000000000,0.562395842331667,0.233286589384079,22.770757675170898,22.537471085786819,0.307210103516841,0.329892024125446,9951.764093324545684,0.288503974676132,0.315218341350555
1945,MX31069,1945,2729.000000000000000,0.047378472980278,0.256785839796066,6.242733955383301,5.985948115587234,0.347224746476866,0.310469215628177,947.576333135366440,0.297985821962357,0.346123898029328
1946,MX07085,1946,465.000000000000000,0.008072916795833,0.332971274852753,7.121488094329834,6.788516819477081,0.697519220844392,0.823421958600227,324.346437692642496,0.455886483192444,1.090325927734375
1947,MX15079,1947,725.000000000000000,0.012586805756944,0.478762120008469,25.331729888916016,24.852967768907547,1.611462936113620,2.267889481344787,1168.310628682374272,0.942589819431305,2.826364755630495
1948,MX26061,1948,9140.000000000000000,0.158680558094444,0.247119545936584,4.888009071350098,4.640889525413513,0.294496078274052,0.111449305547154,2691.694155424833298,0.284980997443199,0.302324473857880
1949,MX26062,1949,4854.000000000000000,0.084270834681667,0.245497226715088,6.369789123535156,6.124291896820068,0.294860415805329,0.177780885724555,1431.252458319067728,0.284533023834229,0.300473952293396
1950,MX07086,1950,1385.000000000000000,0.024045139273611,0.295751571655273,18.626037597656250,18.330286026000977,0.822864919190802,1.531026911994993,1139.667913079261325,0.448514580726624,1.181135272979736
1951,MX07087,1951,1136.000000000000000,0.019722222537778,0.299219578504562,22.416255950927734,22.117036372423172,1.020887199710586,1.669864977270741,1159.727858871225180,0.581310182809830,1.671650290489197
1952,MX10033,1952,7473.000000000000000,0.129739585409167,0.246658176183701,10.246400833129883,9.999742656946182,0.322831999778221,0.321239813611486,2412.523534342645689,0.293224513530731,0.332218128442764
1953,MX31070,1953,1543.000000000000000,0.026788194873056,0.251317322254181,7.096921443939209,6.845604121685028,0.350249225202506,0.438221704920254,540.434554487467040,0.291288286447525,0.331751358509064
1954,MX31071,1954,1117.000000000000000,0.019392361421389,0.257865250110626,2.713610410690308,2.455745160579681,0.339888973810253,0.159246615450183,379.655983746052300,0.308181583881378,0.373084020614624
1955,MX15080,1955,2794.000000000000000,0.048506945220556,0.254591464996338,13.749127388000488,13.494535923004150,0.479172833418540,0.558597471854891,1338.808896571400055,0.368443503975868,0.659618806838990
1956,MX31072,1956,437.000000000000000,0.007586805676944,0.301960766315460,4.053131103515625,3.751170337200165,0.506953363014850,0.415526244600648,221.538619637489461,0.389071732759476,0.680848717689515
1957,MX07088,1957,388.000000000000000,0.006736111218889,0.384864747524261,2.507098674774170,2.122233927249908,0.523277805177207,0.185535458703583,203.031788408756370,0.491727918386459,0.565211731195450
1958,MX32043,1958,1009.000000000000000,0.017517361391389,0.265483826398849,4.849900245666504,4.584416419267654,0.382070453067719,0.364052729769331,385.509087145328238,0.309373319149017,0.373648750782013
1959,MX16081,1959,1330.000000000000000,0.023090278147222,0.258943647146225,1.710294723510742,1.451351076364517,0.367328294842763,0.114581327780280,488.546632140874692,0.336795568466187,0.448901030421257
1960,MX32044,1960,2058.000000000000000,0.035729167238333,0.280884057283401,9.730481147766113,9.449597090482712,0.476158261834938,0.621843015520495,979.933702856303398,0.345872521400452,0.615666741132736
1961,MX16082,1961,3893.000000000000000,0.067586806636944,0.265724450349808,13.816036224365234,13.550311774015427,0.488797183181338,0.781961353800194,1902.887434124947049,0.352818816900253,0.594076788425446
1962,MX27015,1962,3602.000000000000000,0.062534723222778,0.325426936149597,18.832832336425781,18.507405400276184,0.777626515518686,0.846491732777972,2801.010708898307712,0.562660962343216,1.280012214183808
1963,MX31073,1963,1200.000000000000000,0.020833333666667,0.245652526617050,8.068225860595703,7.822573333978653,0.352196467903753,0.455506100081810,422.635761484503121,0.286584094166756,0.341817086935043
1964,MX31074,1964,520.000000000000000,0.009027777922222,0.342310279607773,4.513430595397949,4.171120315790176,0.527020091448839,0.378906872720417,274.050447553396396,0.424980491399765,0.725473415851593
1965,MX14083,1965,2053.000000000000000,0.035642361681389,0.420862495899200,22.737123489379883,22.316260993480682,1.606403008081599,2.880008497122200,3297.945375591521952,0.712736666202545,3.100205326080320
1966,MX14084,1966,9944.000000000000000,0.172638891651111,0.247941315174103,14.775597572326660,14.527656257152557,0.333932873440047,0.366396911084943,3320.628493487831747,0.299999654293060,0.344503629207611
1967,MX30150,1967,1285.000000000000000,0.022309028134722,0.258704811334610,6.151794910430908,5.893090099096298,0.423047485193854,0.406034844316653,543.616018474102702,0.325059235095978,0.537207162380219
1968,MX24036,1968,6659.000000000000000,0.115607640738611,0.256156444549561,5.886080265045166,5.629923820495605,0.364747159732393,0.237106924500750,2428.851336658005039,0.321575522422791,0.430169641971588
1969,MX10034,1969,29886.000000000000000,0.518854174968333,0.234361529350281,13.294463157653809,13.060101628303528,0.301720880447643,0.175401289499461,9017.230233058266094,0.286752983927727,0.318038061261177
1970,MX14085,1970,6762.000000000000000,0.117395835211667,0.265602499246597,14.514282226562500,14.248679727315903,0.462356030791160,0.647633431798567,3126.451480209821966,0.337784618139267,0.563391810655594
1971,MX20031,1971,548.000000000000000,0.009513889041111,0.299024522304535,7.192130565643311,6.893106043338776,0.557025171544430,0.598127529648455,305.249794006347599,0.396091908216476,0.817744630575180
1972,MX24037,1972,1768.000000000000000,0.030694444935556,0.350061357021332,21.639987945556641,21.289926588535309,1.022200044126532,1.400726503069374,1807.249678015707786,0.713342905044556,1.377941715717316
1973,MX30151,1973,3748.000000000000000,0.065069445485556,0.252256840467453,11.564389228820801,11.312132388353348,0.397003552718376,0.360921943884653,1487.969315588472227,0.340915873646736,0.478795781731606
1974,MX24038,1974,940.000000000000000,0.016319444705556,0.278363615274429,6.491616249084473,6.213252633810043,0.473898522429010,0.329357097868942,445.464611083269119,0.405278652906418,0.628787487745285
1975,MX24039,1975,1316.000000000000000,0.022847222587778,0.279499679803848,5.359484672546387,5.079984992742538,0.441044863460636,0.293185437861624,580.415040314197199,0.373134374618530,0.594193428754807
1976,MX28038,1976,573.000000000000000,0.009947916825833,0.810054600238800,70.892105102539062,70.082050502300262,15.331834385324317,15.741332941998861,8785.141102790834339,5.717434406280518,37.945299530029303
1977,MX30152,1977,4287.000000000000000,0.074427084524167,0.233449399471283,6.965313434600830,6.731864035129547,0.399237401802584,0.243169825240185,1711.530741527677719,0.352716147899628,0.520916748046875
1978,MX24040,1978,9297.000000000000000,0.161406252582500,0.231227502226830,13.726335525512695,13.495108023285866,0.432378398815290,0.620713065877851,4019.821973785753926,0.322218269109726,0.526854193210602
1979,MX24012,1979,684.000000000000000,0.011875000190000,0.308503538370132,4.054159164428711,3.745655626058578,0.594095737177726,0.349404866002640,406.361484229564269,0.531019181013107,0.812436884641648
1980,MX16083,1980,3536.000000000000000,0.061388889871111,0.258030861616135,8.375099182128906,8.117068320512772,0.416245523090074,0.399501492244318,1471.844169646502451,0.337216168642044,0.503361940383911
1981,MX30153,1981,783.000000000000000,0.013593750217500,0.290229529142380,8.678163528442383,8.387933999300003,0.497587208661083,0.509213331074358,389.610784381628207,0.381709694862366,0.691176474094391
1982,MX20541,1982,105.000000000000000,0.001822916695833,0.284942030906677,1.932400822639465,1.647458791732788,0.429582349459330,0.242992046353052,45.106146693229661,0.365572303533554,0.572859466075897
1983,MX16084,1983,1567.000000000000000,0.027204861546389,0.308625489473343,10.996910095214844,10.688284605741501,0.587578729299048,0.750597588420900,920.735868811608157,0.401439607143402,0.779796636104584
1984,MX16085,1984,1911.000000000000000,0.033177083864167,0.292227804660797,17.708019256591797,17.415791451931000,0.880771180040733,1.316428485841113,1683.153725057840120,0.514141917228699,1.651370525360107
1985,MX16086,1985,1128.000000000000000,0.019583333646667,0.332876890897751,12.654813766479492,12.321936875581741,0.803222933903020,1.021440089073409,906.035469442606654,0.528838604688644,1.309605479240417
1986,MX20542,1986,55.000000000000000,0.000954861126389,0.340599656105042,1.709803462028503,1.369203805923462,0.582350624149496,0.364269327249493,32.029284328222275,0.414551466703415,1.248342728614807
1987,MX24041,1987,1887.000000000000000,0.032760417190833,0.249762952327728,2.628979206085205,2.379216253757477,0.377002198511669,0.149476034242920,711.403148591519653,0.330750346183777,0.503145062923432
1988,MX24042,1988,727.000000000000000,0.012621527979722,0.290970921516418,14.591684341430664,14.300713419914246,0.894406253771736,1.595084767149482,650.233346492052419,0.458411961793900,1.294742941856384
1989,MX30154,1989,1669.000000000000000,0.028975694908056,0.265219986438751,2.437651157379150,2.172431170940399,0.384074692939697,0.148179126705873,641.020662516355060,0.344571381807327,0.504495537281036
1990,MX30155,1990,6531.000000000000000,0.113385418480833,0.245297208428383,13.586088180541992,13.340790972113609,0.485652764207040,0.682627814418910,3171.798203036175437,0.348455905914307,0.693106412887573
1991,MX07089,1991,4728.000000000000000,0.082083334646667,0.266157746315002,31.921655654907227,31.655497908592224,1.735458245819242,3.640223755363421,8205.246586233375638,0.692135393619537,2.685071539878846
1992,MX07090,1992,327.000000000000000,0.005677083424167,0.296225458383560,9.397729873657227,9.101504415273666,0.628772277259681,0.786603236942947,205.608534663915606,0.424415588378906,0.985899782180786
1993,MX14086,1993,3077.000000000000000,0.053420139743611,0.274130016565323,16.308744430541992,16.034614413976669,0.521877741567649,0.773180484593040,1605.817810803654993,0.343201994895935,0.730826258659363
1994,MX07091,1994,206.000000000000000,0.003576388946111,0.389480382204056,17.099966049194336,16.710485666990280,1.383009870943514,2.029772595540668,284.900033414363861,0.828474879264832,2.110273599624634
1995,MX11038,1995,609.000000000000000,0.010572916835833,0.446978777647018,24.003301620483398,23.556322842836380,1.700546578673895,2.657480089259243,1035.632866412402109,0.835701167583466,3.449839305877687
1996,MX16087,1996,918.000000000000000,0.015937500255000,0.321929454803467,6.436927795410156,6.114998340606689,0.565393790667613,0.497055614888867,519.031499832869031,0.438063263893127,0.751616168022156
1997,MX16088,1997,1273.000000000000000,0.022100694798056,0.387124598026276,23.614780426025391,23.227655827999115,2.300309199193098,3.518868207547440,2928.293610572813122,0.933652400970459,5.656924152374266
1998,MX11039,1998,1660.000000000000000,0.028819444905556,0.416064113378525,21.418130874633789,21.002066761255264,1.331004183299572,1.906307041528176,2209.466944277288803,0.749275863170624,2.439611864089966
1999,MX13058,1999,1193.000000000000000,0.020711805886944,0.309314370155334,7.410150051116943,7.100835680961609,0.739486584669386,0.698020817179071,882.207495510577701,0.490723401308060,1.381102657318115
2000,MX30209,2000,1459.000000000000000,0.025329861516389,0.264312833547592,13.078796386718750,12.814483553171158,0.467167762369224,0.764962519011889,681.597765296697162,0.339890211820602,0.564414870738983
2001,MX20543,2001,1071.000000000000000,0.018593750297500,0.254797220230103,3.451150894165039,3.196353673934937,0.350524785972777,0.247187219069141,375.412045776843854,0.305411607027054,0.373261839151382
2002,MX30156,2002,453.000000000000000,0.007864583459167,0.301044970750809,2.214772939682007,1.913727968931198,0.460356969838637,0.180367355286013,208.541707336902618,0.407929360866547,0.593347394466400
2003,MX12055,2003,3206.000000000000000,0.055659723112778,0.286485999822617,21.560461044311523,21.273975044488907,0.691246343073589,1.131342237766987,2216.135775893925256,0.449365407228470,1.015479207038879
2004,MX31075,2004,1120.000000000000000,0.019444444755556,0.262346774339676,6.307185649871826,6.044838875532150,0.412542158817606,0.430949133929308,462.047217875718445,0.320017531514168,0.494459769129753
2005,MX27016,2005,2059.000000000000000,0.035746528349722,0.358471482992172,118.735420227050781,118.376948744058609,1.562021498123729,3.803985711120057,3216.202264636759082,0.993116378784180,2.202394342422485
2006,MX21153,2006,866.000000000000000,0.015034722462778,0.521320760250092,49.104972839355469,48.583652079105377,1.900086334272014,3.648069478965593,1645.474765479563985,0.959929108619690,3.452974319458008
2007,MX14087,2007,6442.000000000000000,0.111840279567222,0.225217044353485,17.838907241821289,17.613690197467804,0.380871308840828,0.676584957902968,2453.572971552611307,0.296874061226845,0.399120861291885
2008,MX15081,2008,775.000000000000000,0.013454861326389,2.178653478622437,81.150672912597656,78.972019433975220,21.224107804452196,17.457271251388150,16448.683548450451781,16.184305191040039,44.410773468017581
2009,MX21154,2009,896.000000000000000,0.015555555804444,0.582980871200562,46.753101348876953,46.170120477676392,4.652993520655272,6.214564030068036,4169.082194507123859,2.357667326927185,10.101730823516846
2010,MX02003,2010,14571.000000000000000,0.252968754047500,0.249212756752968,111.191009521484375,110.941796764731407,0.817871148442817,2.944670832348229,11917.200503960282731,0.352850317955017,0.885105311870575
2011,MX14089,2011,392.000000000000000,0.006805555664444,0.303355842828751,12.241120338439941,11.937764495611191,0.730860598385334,1.309946223803008,286.497354567050820,0.370621949434280,1.195934307575228
2012,MX12056,2012,3413.000000000000000,0.059253473170278,0.283263772726059,6.023717880249023,5.740454107522964,0.469816072845333,0.347461912203857,1603.482256621122815,0.373192846775055,0.641545045375824
2013,MX31076,2013,1836.000000000000000,0.031875000510000,0.270547568798065,7.800678253173828,7.530130684375763,0.466784779867056,0.516258375791286,857.016855835915294,0.345306351780891,0.583936423063278
2014,MX14088,2014,3810.000000000000000,0.066145834391667,0.257301509380341,11.551901817321777,11.294600307941437,0.433348157634259,0.552362260996007,1651.056480586526050,0.330548450350761,0.493603223562241
2015,MX30158,2015,2621.000000000000000,0.045503472950278,0.299200385808945,24.757972717285156,24.458772331476212,0.569888383718631,0.880134543968950,1493.677453726530985,0.403647392988205,0.762060284614563
2016,MX06009,2016,4522.000000000000000,0.078506945700556,0.214132964611053,35.763294219970703,35.549161255359650,1.000230529989385,2.647324854919642,4523.042456612000024,0.424676343798637,1.276606583595276
2017,MX21155,2017,713.000000000000000,0.012378472420278,0.288538485765457,13.768734931945801,13.480196446180344,0.650199651676342,1.298903835627632,463.592351645231815,0.376767665147781,0.827287662029267
2018,MX13059,2018,2623.000000000000000,0.045538195173056,0.310969948768616,15.940904617309570,15.629934668540955,0.780508698169120,0.855478001022576,2047.274315297601561,0.526656687259674,1.453610682487488
2019,MX12057,2019,13932.000000000000000,0.241875003870000,0.238991051912308,15.083646774291992,14.844655722379684,0.420793062466899,0.511099851537593,5862.488946288840452,0.337282583117485,0.497650861740112
2020,MX07092,2020,4981.000000000000000,0.086475695828056,0.237167030572891,5.999543190002441,5.762376159429550,0.397148030514075,0.275386103469472,1978.194339990609251,0.348572820425034,0.467995941638947
2021,MX18016,2021,4068.000000000000000,0.070625001130000,0.260249793529510,33.706222534179688,33.445972740650177,0.543309554347774,1.274035537700818,2210.183267086746127,0.331291064620018,0.641153258085251
2022,MX21156,2022,2717.000000000000000,0.047170139643611,0.321650207042694,48.312393188476562,47.990742981433868,3.643782114188464,7.955675282763242,9900.156004250056867,0.706549763679504,9.814194679260256
2023,MX30159,2023,435.000000000000000,0.007552083454167,0.378605961799622,8.739727020263672,8.361121058464050,0.915079913468196,0.829488626974260,398.059762358665409,0.718021452426910,1.396707367897034
2024,MX21157,2024,2415.000000000000000,0.041927084004167,0.271019220352173,9.848523139953613,9.577503919601440,0.457134920642489,0.573195689043279,1103.980833351610727,0.344183087348938,0.549581241607666
2025,MX15082,2025,3301.000000000000000,0.057309028694722,0.269484549760818,16.103765487670898,15.834280937910080,0.616558456756750,1.070832456239460,2035.259465754032135,0.396234244108200,0.829682230949402
2026,MX31077,2026,995.000000000000000,0.017274305831944,0.250933438539505,4.872250080108643,4.621316641569138,0.357892994665022,0.323945065222245,356.103529691696394,0.305351763963699,0.369010514020920
2027,MX31078,2027,402.000000000000000,0.006979166778333,0.322235196828842,7.483458995819092,7.161223798990250,0.605232075375703,0.840440509226888,243.303294301032793,0.379394307732582,0.865577739477158
2028,MX31079,2028,13758.000000000000000,0.238854170488333,0.229077905416489,28.352582931518555,28.123505026102066,0.372479154351304,0.825543932300841,5124.568205565239623,0.284382492303848,0.377812322974205
2029,MX31080,2029,1404.000000000000000,0.024375000390000,0.261306971311569,15.185524940490723,14.924217969179153,0.454654339435603,0.970371670396596,638.334692567586217,0.310573980212212,0.396762746572495
2030,MX31081,2030,1352.000000000000000,0.023472222597778,0.246160998940468,2.878900766372681,2.632739767432213,0.314455319559698,0.179891145585755,425.143592044711284,0.285663217306137,0.327213445305824
2031,MX31082,2031,294.000000000000000,0.005104166748333,0.291386306285858,8.387644767761230,8.096258461475372,0.711631068262924,1.109436311413086,209.219534069299613,0.373761698603630,1.109029459953307
2032,MX31083,2032,328.000000000000000,0.005694444535556,0.296365350484848,16.774068832397461,16.477703481912613,0.881052947353300,1.741450316768852,288.985366731882323,0.348970428109169,1.692443645000459
2033,MX12058,2033,4971.000000000000000,0.086302084714167,0.251984447240829,43.848770141601562,43.596785694360733,0.531575583687397,1.334404927687092,2642.462226510048822,0.351328194141388,0.623327136039734
2034,MX15083,2034,147.000000000000000,0.002552083374167,1.122574090957642,22.637651443481445,21.515077352523804,4.884740582939715,4.560308780290142,718.056865692138103,3.060069084167480,11.220789718627930
2035,MX15084,2035,815.000000000000000,0.014149305781944,0.979623138904572,31.571273803710938,30.591650664806366,3.507623406933861,3.622253773113732,2858.713076651096344,2.110832452774048,8.131480026245118
2036,MX15085,2036,1773.000000000000000,0.030781250492500,0.385403722524643,24.369606018066406,23.984202295541763,1.546924801613742,1.874440585391893,2742.697673261164255,0.886789619922638,3.314100933074951
2037,MX15086,2037,2800.000000000000000,0.048611111888889,0.312099784612656,12.669507980346680,12.357408195734024,0.728891690309558,0.867477749201553,2040.896732866762250,0.475660517811775,1.222761344909667
2038,MX31084,2038,1687.000000000000000,0.029288194913056,0.260175883769989,7.804700851440430,7.544524967670441,0.413966383782801,0.569308982163078,698.361289441585768,0.316622823476791,0.398639917373657
2039,MX17018,2039,512.000000000000000,0.008888889031111,0.630160510540009,22.368318557739258,21.738158047199249,5.862931777955963,6.172846074269906,3001.821070313453220,2.351926803588867,16.276328468322756
2040,MX17033,2040,181.000000000000000,0.003142361161389,0.903829395771027,11.288399696350098,10.384570300579071,2.270047790767080,2.025348844894183,410.878650128841457,1.306643724441528,5.108138561248779
2041,MX15087,2041,928.000000000000000,0.016111111368889,0.533974647521973,18.776861190795898,18.242886543273926,3.260037607609712,2.992078319904397,3025.314899861813046,2.212246417999268,7.771141672134402
2042,MX08063,2042,22738.000000000000000,0.394756950760556,0.238761737942696,5.794283866882324,5.555522128939629,0.292719768721841,0.107623472607441,6655.862101197213633,0.283848807215691,0.302428549528122
2043,MX31085,2043,3533.000000000000000,0.061336806536944,0.245274022221565,12.115489006042480,11.870214983820915,0.378610523204069,0.529236179427669,1337.630978479976648,0.295138418674469,0.393674272298813
2044,MX30161,2044,5784.000000000000000,0.100416668273333,0.241859659552574,10.525086402893066,10.283226743340492,0.375772402929670,0.374322201668375,2173.467578545212746,0.323686674237251,0.438146728277206
2045,MX04008,2045,5191.000000000000000,0.090121529219722,0.247084513306618,12.406482696533203,12.159398183226585,0.363876196468778,0.545247031583322,1888.881335869427176,0.296687126159668,0.346891790628433
2046,MX14090,2046,1404.000000000000000,0.024375000390000,0.274665087461472,7.984094619750977,7.709429532289505,0.435464234730797,0.507895888069054,611.391785562038763,0.331912845373154,0.494672185182571
2047,MX30162,2047,321.000000000000000,0.005572916755833,0.305011272430420,2.576372623443604,2.271361351013184,0.508848716258260,0.309161856908956,163.340437918901387,0.377401798963547,0.793634355068207
2048,MX21158,2048,698.000000000000000,0.012118055749444,0.326609432697296,1.779903531074524,1.453294098377228,0.423801810104389,0.139253229274865,295.813663452863580,0.392737507820129,0.479418453574181
2049,MX15088,2049,814.000000000000000,0.014131944670556,0.557147622108459,140.223144531250000,139.665996909141541,9.366577098571696,18.577233386006604,7624.393758237360998,3.837848782539368,18.378442382812505
2050,MX29027,2050,65.000000000000000,0.001128472240278,1.713942527770996,21.632072448730469,19.918129920959473,8.139849420694205,6.252555872269968,529.090212345123291,5.520531177520752,17.802522277832033
2051,MX13060,2051,882.000000000000000,0.015312500245000,0.335517883300781,13.084469795227051,12.748951911926270,0.838680149949327,0.937520950475321,739.715892255306017,0.605592787265778,1.300884020328522
2052,MX15089,2052,183.000000000000000,0.003177083384167,0.931733012199402,17.904672622680664,16.972939610481262,3.115657820401946,3.558600457082805,570.165381133556025,1.484666824340820,8.209512138366705
2053,MX15090,2053,1026.000000000000000,0.017812500285000,0.356717944145203,17.379861831665039,17.023143887519836,2.045977769713653,2.590368759077902,2099.173191726208188,1.044207274913788,5.033829450607300
2054,MX07093,2054,936.000000000000000,0.016250000260000,0.318765223026276,4.730508327484131,4.411743104457855,0.883620033120243,0.591469880628140,827.068351000547636,0.692480891942978,1.568461656570435
2055,MX30163,2055,429.000000000000000,0.007447916785833,0.281178474426270,1.664717674255371,1.383539199829102,0.370651996288544,0.146355461028235,159.009706407785501,0.332453519105911,0.429683709144592
2056,MX27017,2056,9104.000000000000000,0.158055558084444,0.240428015589714,30.156139373779297,29.915711358189583,0.499052836121058,1.232966201659804,4543.377020046109465,0.332959756255150,0.571619427204132
2057,MX14091,2057,4678.000000000000000,0.081215279077222,0.287566184997559,29.873363494873047,29.585797309875488,0.654027288708744,1.460182960261793,3059.539656579503571,0.411026269197464,0.782151335477829
2058,MX30164,2058,302.000000000000000,0.005243055639444,0.380268126726151,6.535490512847900,6.155222386121750,0.846997247034352,0.863897699276800,255.793168604374273,0.593815028667450,1.220845150947572
2059,MX20544,2059,653.000000000000000,0.011336805736944,0.259247124195099,1.887799143791199,1.628552019596100,0.338394773955732,0.143671263479752,220.971787393093138,0.309023141860962,0.369295448064804
2060,MX14092,2060,1665.000000000000000,0.028906250462500,0.288091570138931,10.224252700805664,9.936161130666733,0.541891220471522,0.604319989165649,902.248882085084006,0.389050871133804,0.777366447448731
2061,MX29028,2061,385.000000000000000,0.006684027884722,0.533854007720947,19.325757980346680,18.791903972625732,2.794307400808709,4.132544688635554,1075.808349311353140,0.870611011981964,10.177218246459965
2062,MX15091,2062,156.000000000000000,0.002708333376667,2.479951381683350,39.321899414062500,36.841948032379150,15.975597563462379,9.799452455587671,2492.193219900131226,15.501912117004395,28.978930473327637
2063,MX21159,2063,1224.000000000000000,0.021250000340000,0.332957029342651,6.503036499023438,6.170079469680786,0.493330544700809,0.373997819481457,603.836586713790098,0.415674522519112,0.624326527118683
2064,MX07094,2064,1381.000000000000000,0.023975694828056,0.300289571285248,19.914352416992188,19.614062845706940,1.019107298541121,1.978328631339961,1407.387179285287630,0.436255037784576,1.720074057579041
2065,MX15092,2065,415.000000000000000,0.007204861226389,1.759043574333191,34.759281158447266,33.000237584114075,8.344297705788202,7.019209910806876,3462.883547902104056,5.759331226348877,18.795524597167972
2066,MX20545,2066,716.000000000000000,0.012430555754444,0.262730062007904,10.588558197021484,10.325828135013580,0.586766622502711,0.991090734370824,420.124901711940936,0.327392742037773,0.827167659997940
2067,MX20546,2067,526.000000000000000,0.009131944590556,0.296880662441254,6.278326034545898,5.981445372104645,0.783155585253194,0.833872351492506,411.939837843179760,0.460637032985687,1.602350354194641
2068,MX21160,2068,673.000000000000000,0.011684027964722,0.284464210271835,5.550319194793701,5.265854984521866,0.474042382096819,0.457717897451928,319.030523151159059,0.351232767105103,0.614315223693849
2069,MX20547,2069,225.000000000000000,0.003906250062500,0.325325518846512,2.745842933654785,2.420517414808273,0.476222666369544,0.325967198901258,107.150099933147402,0.378623425960541,0.593758177757263
2070,MX26063,2070,4173.000000000000000,0.072447917825833,0.232663810253143,4.159419536590576,3.926755726337433,0.292125782526971,0.117839339311740,1219.040890485048294,0.284489810466766,0.299799275398254
2071,MX31086,2071,547.000000000000000,0.009496527929722,0.284138202667236,6.403214454650879,6.119076251983643,0.472790594946532,0.590213855524691,258.616455435753039,0.332012951374054,0.590832793712617
2072,MX16089,2072,3936.000000000000000,0.068333334426667,0.257643580436707,22.036117553710938,21.778473973274231,0.485947837757811,1.022568778067955,1912.690689414742792,0.337468907237053,0.544570565223694
2073,MX17019,2073,1817.000000000000000,0.031545139393611,0.305832564830780,14.262066841125488,13.956234276294708,0.775161882695353,1.107240662590934,1408.469140857456296,0.504719018936157,1.059391188621521
2074,MX21161,2074,1117.000000000000000,0.019392361421389,0.352237999439240,9.221509933471680,8.869271934032440,1.149851107501302,1.267253360029305,1284.383687078954154,0.660935044288635,2.558134365081787
2075,MX21162,2075,147.000000000000000,0.002552083374167,0.395775049924850,5.214387416839600,4.818612366914749,0.780947847431209,0.797442687990367,114.799333572387724,0.520886361598969,1.430189514160157
2076,MX14093,2076,7001.000000000000000,0.121545140833611,0.316793531179428,42.837310791015625,42.520517259836197,1.289974188233350,3.421338652528108,9031.109291821683655,0.521223723888397,1.759746789932251
2077,MX30165,2077,297.000000000000000,0.005156250082500,0.361501544713974,2.599226713180542,2.237725168466568,0.638412847663417,0.342356644454256,189.608615756034936,0.513604760169983,0.967088997364044
2078,MX21163,2078,308.000000000000000,0.005347222307778,0.468436449766159,11.400758743286133,10.932322293519974,1.260303709220577,1.830770214754893,388.173542439937762,0.691796123981476,2.290074491500854
2079,MX21164,2079,1079.000000000000000,0.018732639188611,0.497287154197693,30.324249267578125,29.826962113380432,2.999157031727012,3.771089721546167,3236.090437233445755,1.661442518234253,7.278076362609863
2080,MX13061,2080,1206.000000000000000,0.020937500335000,0.388072013854980,75.508224487304688,75.120152473449707,2.683605126900655,6.680429526655731,3236.427783042189731,0.584082961082458,5.780236244201660
2081,MX32045,2081,2734.000000000000000,0.047465278537222,0.253329068422318,10.708498954772949,10.455169886350632,0.388423676059555,0.456458531623103,1061.950330346822739,0.321056991815567,0.438758477568627
2082,MX12059,2082,4193.000000000000000,0.072795140053611,0.245286092162132,6.401181221008301,6.155895128846169,0.431080779770153,0.344451278883330,1807.521709576250032,0.336933553218842,0.589005601406097
2083,MX13062,2083,1736.000000000000000,0.030138889371111,0.280214667320251,3.475445032119751,3.195230364799500,0.444053320342907,0.238505906475095,770.876564115286669,0.368777260184288,0.620040565729141
2084,MX10035,2084,31384.000000000000000,0.544861119828889,0.228610485792160,10.127217292785645,9.898606806993484,0.286176833020026,0.161001340370465,8981.373727500496898,0.276907429099083,0.293955475091934
2085,MX13063,2085,1750.000000000000000,0.030381944930556,0.535308718681335,51.410224914550781,50.874916195869446,2.677708531311581,3.901654086626440,4685.989929795267017,1.595100998878479,5.230829811096192
2086,MX20548,2086,2822.000000000000000,0.048993056339444,0.233943164348602,3.097265481948853,2.863322317600250,0.322184208038637,0.156020319891651,909.203835085034143,0.297231242060661,0.362156456708908
2087,MX21165,2087,141.000000000000000,0.002447916705833,0.427297860383987,1.979960680007935,1.552662819623947,0.599853348858813,0.259756660498123,84.579322189092650,0.501091182231903,0.898983299732208
2088,MX21166,2088,651.000000000000000,0.011302083514167,0.444667518138885,7.115365505218506,6.670697987079620,0.784287847727308,0.749094717801798,510.571388870477620,0.567851960659027,1.142123937606812
2089,MX29019,2089,116.000000000000000,0.002013888921111,1.639305710792542,14.099659919738770,12.460354208946228,5.114755528754201,3.390379936377868,593.311641335487366,3.814130902290344,10.173200607299805
2090,MX13064,2090,733.000000000000000,0.012725694648056,0.435959130525589,4.644242286682129,4.208283156156540,0.921680726832615,0.678839221681752,675.591972768306732,0.633669555187225,1.669656395912172
2091,MX30166,2091,475.000000000000000,0.008246527909722,0.305725485086441,2.671644926071167,2.365919440984726,0.536387676439787,0.320974531481899,254.784146308898926,0.448666960000992,0.758294808864594
2092,MX15093,2092,888.000000000000000,0.015416666913333,0.593984663486481,23.039073944091797,22.445089280605316,3.544627624052062,4.284593076992142,3147.629330158231369,1.651067495346069,9.613123035430917
2093,MX15094,2093,212.000000000000000,0.003680555614444,0.739931643009186,24.969196319580078,24.229264676570892,3.623005025229364,4.784325981813022,768.077065348625069,1.694899559020996,8.760181140899661
2094,MX32046,2094,3656.000000000000000,0.063472223237778,0.271154820919037,9.517294883728027,9.246140062808990,0.409116615588151,0.402811252294377,1495.730346590281215,0.330514073371887,0.470523804426193
2095,MX21167,2095,355.000000000000000,0.006163194543056,0.404263317584991,3.145395278930664,2.741131961345673,0.784008057352522,0.411011197996902,278.322860360145398,0.653891265392303,1.300966930389404
2096,MX30167,2096,1137.000000000000000,0.019739583649167,0.284074366092682,6.940943241119385,6.656868875026703,0.463513419648064,0.444902697382801,527.014758139848368,0.373332381248474,0.592567920684814
2097,MX21168,2097,573.000000000000000,0.009947916825833,0.402299404144287,8.551733970642090,8.149434566497803,0.766100281352148,0.893682780871981,438.975461214781092,0.523049950599670,1.022861576080325
2098,MX21169,2098,1927.000000000000000,0.033454861646389,0.293882220983505,32.012340545654297,31.718458324670792,0.802934203020451,1.397824335083719,1547.254209220410075,0.472283244132996,1.308565664291382
2099,MX21170,2099,2234.000000000000000,0.038784722842778,0.323687136173248,11.766470909118652,11.442783772945404,0.757442653806164,1.037275660630522,1692.126888602969984,0.449305504560471,1.354509723186494
2100,MX21171,2100,80.000000000000000,0.001388888911111,0.670660674571991,9.273571968078613,8.602911293506622,1.971477346122265,1.774220676855581,157.718187689781189,1.284820377826691,3.883969187736515
2101,MX29029,2101,82.000000000000000,0.001423611133889,2.013038396835327,13.335929870605469,11.322891473770142,7.107290922141657,2.868536479090526,582.797855615615845,7.070839881896973,10.596853446960450
2102,MX01009,2102,1181.000000000000000,0.020503472550278,0.431837826967239,31.844474792480469,31.412636965513229,1.715281687405632,2.658354040623378,2025.747672826050803,0.848974645137787,3.592045307159424
2103,MX18017,2103,8204.000000000000000,0.142430557834444,0.253963947296143,40.424953460693359,40.170989513397217,1.388565450775974,4.220617237963101,11391.790958166087876,0.367000862956047,1.459662687778473
2104,MX15095,2104,1024.000000000000000,0.017777778062222,0.727175295352936,99.647171020507812,98.919995725154877,6.956827437970792,10.898036664695582,7123.791296482090729,2.299532413482666,20.874282646179200
2105,MX17020,2105,1191.000000000000000,0.020677083664167,0.533576607704163,27.490150451660156,26.956573843955994,2.216858598787578,2.460115327177865,2640.278591156005405,1.419844031333923,4.533153533935547
2106,MX14094,2106,8480.000000000000000,0.147222224577778,0.260676175355911,41.475288391113281,41.214612215757370,0.487871646596434,1.398116439984878,4137.151563137761514,0.324011161923409,0.508467227220535
2107,MX30168,2107,491.000000000000000,0.008524305691944,0.500092625617981,7.384341239929199,6.884248614311218,0.977009843541745,0.741510836230845,479.711833178996983,0.755267798900604,1.366362094879150
2108,MX22017,2108,1839.000000000000000,0.031927083844167,0.573736608028412,32.928375244140625,32.354638636112213,2.394728971733354,3.559384198019039,4403.906579017637341,1.185741543769836,5.310448265075685
2109,MX15096,2109,606.000000000000000,0.010520833501667,1.368956923484802,23.525402069091797,22.156445145606995,4.469845222757989,4.408028777887283,2708.726204991341547,2.347404003143311,10.784960269927979
2110,MX29030,2110,772.000000000000000,0.013402777992222,0.408337295055389,12.483989715576172,12.075652420520782,1.005613116788741,1.371019187099536,776.333326160907745,0.601266831159592,1.643807375431060
2111,MX17021,2111,332.000000000000000,0.005763888981111,0.562439203262329,54.701301574707031,54.138862371444702,2.160602686814514,3.782166917013744,717.320092022418635,1.114110708236694,4.937619018554703
2112,MX21172,2112,1631.000000000000000,0.028315972675278,0.303004294633865,10.804813385009766,10.501809090375900,0.699670200476538,0.736978282036256,1141.162096977233205,0.483264118432999,1.170511126518250
2113,MX17022,2113,488.000000000000000,0.008472222357778,0.410654515028000,11.593702316284180,11.183047801256180,1.276668510476097,1.475608477529366,623.014233112335205,0.724254339933395,2.547426104545594
2114,MX21173,2114,49.000000000000000,0.000850694458056,0.918099284172058,11.206185340881348,10.288086056709290,3.238813037775002,2.438320645023528,158.701838850975093,2.358119010925293,7.410113620758058
2115,MX13065,2115,221.000000000000000,0.003836805616944,0.767926990985870,14.787786483764648,14.019859492778778,3.112141088392943,3.104790386931892,687.783180534840312,1.545491933822632,7.942479133605957
2116,MX12060,2116,1075.000000000000000,0.018663194743056,0.299117714166641,5.013581752777100,4.714464038610458,0.532201269892760,0.378740109363561,572.116365134716830,0.418072283267975,0.812388813495636
2117,MX31087,2117,1692.000000000000000,0.029375000470000,0.251789987087250,6.166418075561523,5.914628088474274,0.392787821115331,0.370722424863243,664.596993327140012,0.313358232378960,0.524780660867692
2118,MX29031,2118,841.000000000000000,0.014600694678056,0.412403225898743,26.741407394409180,26.329004168510437,2.972249176463956,4.129279963039528,2499.661557406187057,1.089970469474792,8.155338287353516
2119,MX29032,2119,130.000000000000000,0.002256944480556,1.653390526771545,12.957495689392090,11.304105162620544,4.321737665396473,2.649063239084710,561.825896501541479,3.342368364334106,8.049585723876959
2120,MX14095,2120,1096.000000000000000,0.019027778082222,0.360869914293289,10.287760734558105,9.926890820264816,0.674604859692556,0.825797347528237,739.366926223041105,0.471068143844604,0.836826980113983
2121,MX32047,2121,3404.000000000000000,0.059097223167778,0.265861898660660,13.053632736206055,12.787770837545395,0.370188189852112,0.495461427716771,1260.120598256590711,0.313242107629776,0.369738447666168
2122,MX15097,2122,740.000000000000000,0.012847222427778,0.304891318082809,5.397756576538086,5.092865258455276,0.620677600196889,0.446667151692479,459.301424145698093,0.497827336192131,0.947537845373154
2123,MX15098,2123,124.000000000000000,0.002152777812222,0.756816208362579,18.804233551025391,18.047417342662811,2.705362817452801,3.069774169502252,335.464989364147357,1.515590190887451,5.863449335098268
2124,MX30170,2124,975.000000000000000,0.016927083604167,0.265874207019806,2.707265853881836,2.441391646862030,0.380854313526398,0.185333601212359,371.332955688237803,0.327393025159836,0.511667716503143
2125,MX15099,2125,2115.000000000000000,0.036718750587500,0.525346755981445,51.543334960937500,51.017988204956055,8.742088469066815,10.203456679865369,18489.517112076311605,4.545824527740479,24.738699340820318
2126,MX30171,2126,211.000000000000000,0.003663194503056,0.402470856904984,7.006123542785645,6.603652685880661,0.831301067818963,0.930728643054243,175.404525309801102,0.564458906650543,1.126150369644165
2127,MX30172,2127,2186.000000000000000,0.037951389496111,0.301567018032074,10.008162498474121,9.706595480442047,0.524023254912377,0.477837705564439,1145.514835238455817,0.410272359848022,0.778361350297928
2128,MX31088,2128,389.000000000000000,0.006753472330278,0.292504251003265,4.563890933990479,4.271386682987213,0.439655676675639,0.431737871257048,171.026058226823750,0.351101398468018,0.449060928821564
2129,MX21174,2129,458.000000000000000,0.007951389016111,0.343750774860382,29.904394149780273,29.560643374919891,3.784655965962265,5.496161755466248,1733.372432410717465,1.624887704849243,11.198575210571295
2130,MX30173,2130,2581.000000000000000,0.044809028494722,0.323502600193024,14.414780616760254,14.091278016567230,0.555969805426027,0.628313152519256,1434.958067804574966,0.440357208251953,0.685054898262024
2131,MX13067,2131,812.000000000000000,0.014097222447778,0.440537095069885,14.873181343078613,14.432644248008728,2.398283910832086,2.433456084861524,1947.406535595654077,1.307044267654419,6.075171470642089
2132,MX15100,2132,84.000000000000000,0.001458333356667,10.680387496948242,51.679889678955078,40.999502182006836,26.001938229515446,8.799794334096262,2184.162811279297330,26.035544395446777,35.996656799316405
2133,MX21175,2133,656.000000000000000,0.011388889071111,0.450887829065323,12.810050964355469,12.359163135290146,1.194146213689593,1.344247935862173,783.359916180372807,0.707792222499847,2.256135225296021
2134,MX15101,2134,652.000000000000000,0.011319444625556,0.573961734771729,31.217798233032227,30.643836498260498,4.311207463953400,5.453578646293637,2810.907266497616547,2.116941213607788,10.998313617706296
2135,MX13068,2135,1273.000000000000000,0.022100694798056,0.306070923805237,10.874249458312988,10.568178534507751,0.624284820863793,0.762213328961039,794.714576959608962,0.434247732162476,0.957566535472870
2136,MX31089,2136,1687.000000000000000,0.029288194913056,0.264308214187622,22.809343338012695,22.545035123825073,0.747962583026449,1.766035413155359,1261.812877565619829,0.334705024957657,0.913856208324432
2137,MX11040,2137,2045.000000000000000,0.035503472790278,0.293227195739746,8.873807907104492,8.580580711364746,0.637855189572337,0.649644150684314,1304.413862675429073,0.411924719810486,1.135910987854004
2138,MX30174,2138,7438.000000000000000,0.129131946510556,0.415784299373627,5590.616699218750000,5590.200914919376373,8.063706154182555,109.756785329395285,59977.846374809843837,1.099406719207764,6.620767402648926
2139,MX24043,2139,2402.000000000000000,0.041701389556111,0.276843339204788,8.973528861999512,8.696685522794724,0.411970412912318,0.474957833890472,989.552931815387183,0.324286624789238,0.469206994771958
2140,MX30175,2140,3593.000000000000000,0.062378473220278,0.372540712356567,261.931579589843750,261.559038877487183,2.540269193238212,10.147435800316654,9127.187211304897573,0.824666500091553,4.027230739593506
2141,MX02004,2141,6770.000000000000000,0.117534724102778,0.294590443372726,161.670837402343750,161.376246958971024,9.860009475490365,14.834944619710729,66752.264149069771520,1.294821143150330,33.769001388549817
2142,MX07096,2142,3922.000000000000000,0.068090278867222,0.290396809577942,10.326768875122070,10.036372065544128,0.510159354970382,0.486109152005559,2000.844990193839976,0.384278208017349,0.735281419754028
2143,MX21176,2143,414.000000000000000,0.007187500115000,0.407724112272263,4.544340133666992,4.136616021394730,0.904085352081032,0.658002217971266,374.291335761547145,0.644852221012115,1.882607257366180
2144,MX15102,2144,830.000000000000000,0.014409722452778,0.453374415636063,7.817898750305176,7.364524334669113,1.163207323184932,0.991648472609866,965.462078243493806,0.709041535854340,2.405569934844971
2145,MX31090,2145,681.000000000000000,0.011822916855833,0.300954252481461,6.025543212890625,5.724588960409164,0.638866526483614,0.602776433449622,435.068104535341320,0.490466207265854,0.885423421859741
2146,MX16090,2146,940.000000000000000,0.016319444705556,0.305802017450333,9.315844535827637,9.010042518377304,0.556629461937762,0.772659462891267,523.231694221496582,0.372891649603844,0.692494279146195
2147,MX16091,2147,859.000000000000000,0.014913194683056,0.302712231874466,9.199680328369141,8.896968096494675,0.582976235291455,0.724477121294278,500.776586115360146,0.396135658025742,0.852099800109864
2148,MX31091,2148,2339.000000000000000,0.040607639538611,0.250484526157379,9.637503623962402,9.387019097805023,0.382696186696021,0.483450811964934,895.126380681992487,0.299767494201660,0.417799663543701
2149,MX16092,2149,7368.000000000000000,0.127916668713333,0.238338291645050,5.717168331146240,5.478830039501190,0.316544924714035,0.188400523914225,2332.303005293013030,0.292431131005287,0.334878692030907
2150,MX31092,2150,2512.000000000000000,0.043611111808889,0.233889609575272,4.829673767089844,4.595784157514572,0.306628842078813,0.205195835017779,770.251651301978313,0.279352024197578,0.311943790316582
2151,MX31093,2151,857.000000000000000,0.014878472460278,0.396052211523056,9.589539527893066,9.193487316370010,0.921477098900350,0.986631862909442,789.705873757600102,0.637829482555389,1.492806243896484
2152,MX31094,2152,1141.000000000000000,0.019809028094722,0.264266729354858,3.451802015304565,3.187535285949707,0.364587192050623,0.247181427243691,415.993986129760629,0.314029365777969,0.403864711523056
2153,MX31095,2153,354.000000000000000,0.006145833431667,0.578464746475220,17.857107162475586,17.278642416000366,1.965669829798283,2.239947249773826,695.847119748592149,1.301766276359558,3.509543776512146
2154,MX12061,2154,1914.000000000000000,0.033229167198333,0.289569646120071,9.856660842895508,9.567091196775436,0.558808299456894,0.705472506543095,1069.559085160494988,0.403533831238747,0.723796176910400
2155,MX14096,2155,965.000000000000000,0.016753472490278,0.313768357038498,20.117101669311523,19.803333312273026,0.862621872073011,1.848193366536529,832.430106550455207,0.420976459980011,1.160073113441467
2156,MX13069,2156,384.000000000000000,0.006666666773333,1.746861100196838,42.991188049316406,41.244326949119568,15.767382900230587,9.295143177246837,6054.675033688545227,14.622236728668213,28.558633041381832
2157,MX31096,2157,19136.000000000000000,0.332222227537778,0.243277654051781,24.321601867675781,24.078324213624001,0.381889451821538,0.799157705129939,7307.836550056949818,0.291839838027954,0.354425176978111
2158,MX30180,2158,1124.000000000000000,0.019513889201111,0.265663325786591,2.263041734695435,1.997378408908844,0.355538308010619,0.129084031803183,399.625058203935964,0.325815171003342,0.415977597236633
2159,MX21179,2159,2091.000000000000000,0.036302083914167,0.284580886363983,12.518337249755859,12.233756363391876,0.651004598592241,0.819837695562769,1361.250615656375658,0.435301393270493,1.123526453971863
2160,MX12062,2160,3902.000000000000000,0.067743056639444,0.279522687196732,4.219496250152588,3.939973562955856,0.406303187987854,0.214425482639274,1585.395039528607413,0.357647180557251,0.492506355047226
2161,MX12063,2161,1368.000000000000000,0.023750000380000,0.277925282716751,2.878911733627319,2.600986450910568,0.440113358264953,0.232706121884307,602.075074106455077,0.367886364459991,0.621877682209015
2162,MX30176,2162,488.000000000000000,0.008472222357778,0.367835044860840,7.840414524078369,7.472579479217529,0.627191842274099,0.676593537487867,306.069619029760474,0.470485895872116,0.821111869812012
2163,MX20551,2163,660.000000000000000,0.011458333516667,0.269588679075241,18.923442840576172,18.653854161500931,1.576026971096343,2.697837702224922,1040.177800923586346,0.593460500240326,4.275311231613161
2164,MX30177,2164,662.000000000000000,0.011493055739444,0.283808380365372,4.875549793243408,4.591741412878036,0.520410145292469,0.407897171177053,344.511516183614617,0.386176913976669,0.830282056331634
2165,MX30178,2165,2766.000000000000000,0.048020834101667,0.290716379880905,18.733396530151367,18.442680150270462,0.430866147210352,0.716118014838981,1191.775763183832623,0.356132328510284,0.449207648634911
2166,MX21177,2166,1953.000000000000000,0.033906250542500,0.307773411273956,20.718534469604492,20.410761058330536,1.127471306433268,1.569757428703985,2201.951461464172098,0.606475710868835,2.365988731384277
2167,MX30179,2167,321.000000000000000,0.005572916755833,0.306776553392410,2.632171869277954,2.325395315885544,0.500565660798290,0.310368215424767,160.681577116250992,0.385119020938873,0.752966940402985
2168,MX20552,2168,279.000000000000000,0.004843750077500,0.259512305259705,1.694255113601685,1.434742808341980,0.348503927496599,0.154137034761809,97.232595771551132,0.316230744123459,0.386133569478989
2169,MX21178,2169,868.000000000000000,0.015069444685556,0.329248189926147,1.862210512161255,1.532962322235107,0.496411204853091,0.174487122227688,430.884925812482834,0.440659388899803,0.664552527666092
2170,MX09011,2170,426.000000000000000,0.007395833451667,4.410040855407715,66.899307250976562,62.489266395568848,24.139681712002794,16.402976667677237,10283.504409313190990,19.378659248352051,48.873880386352539
2171,MX10036,2171,24693.000000000000000,0.428697923525833,0.248115777969360,29.926223754882812,29.678107976913452,0.398871419980662,0.782615425746164,9849.331973582480714,0.313667237758636,0.414523589611053
2172,MX21180,2172,1547.000000000000000,0.026857639318611,0.482075452804565,10.140427589416504,9.658352136611938,1.101183655574851,1.225892454973758,1703.531115174294200,0.633123278617859,2.095830392837525
2173,MX13070,2173,144.000000000000000,0.002500000040000,1.279446363449097,27.512004852294922,26.232558488845825,5.608815305762823,5.788972747245616,807.669404029846532,3.033693909645081,14.098904895782493
2174,MX13071,2174,2660.000000000000000,0.046180556294444,0.256767153739929,3.213446140289307,2.956678986549377,0.353368659328697,0.158097769541390,939.960633814333733,0.311671063303947,0.441110172867775
2175,MX14097,2175,3563.000000000000000,0.061857639878611,0.532345473766327,82.920463562011719,82.388118088245392,9.186658287028248,12.328191694505794,32732.063476681647444,3.140642881393433,27.757655334472659
2176,MX12064,2176,2331.000000000000000,0.040468750647500,0.294974356889725,9.251471519470215,8.956497162580490,0.563766591784678,0.617385901015918,1314.139925450085457,0.407342493534088,0.794130146503448
2177,MX30181,2177,4540.000000000000000,0.078819445705556,0.406069159507751,464.073944091796875,463.667874932289124,1.929026127977517,8.890116146867754,8757.778621017929254,0.842694967985153,2.742188453674316
2178,MX20553,2178,403.000000000000000,0.006996527889722,0.334324479103088,14.327040672302246,13.992716193199158,2.138732394864482,3.071690911603054,861.909155130386239,0.661210834980011,7.295437240600586
2179,MX12065,2179,582.000000000000000,0.010104166828333,0.308988511562347,4.583886146545410,4.274897634983063,0.532908998711413,0.480321596815592,310.153037250042075,0.374055817723274,0.845070290565491
2180,MX15103,2180,792.000000000000000,0.013750000220000,0.471407622098923,24.647720336914062,24.176312714815140,2.551099112163286,4.000983038406579,2020.470496833322841,0.978399962186813,6.874338483810424
2181,MX30182,2181,180.000000000000000,0.003125000050000,0.493725866079330,11.251804351806641,10.758078485727310,1.448179497155880,1.329687989921580,260.672309488058318,0.998619765043259,2.800527620315552
2182,MX17023,2182,536.000000000000000,0.009305555704444,0.546588182449341,10.615709304809570,10.069121122360229,0.977145311214141,1.021364465245343,523.749886810779458,0.654476135969162,1.470174193382263
2183,MX15104,2183,399.000000000000000,0.006927083444167,6.673584938049316,73.194953918457031,66.521368980407715,41.941617068192727,15.174658889977460,16734.705210208896460,44.922256469726562,58.135754394531247
2184,MX09012,2184,1550.000000000000000,0.026909722652778,0.569911181926727,123.516532897949219,122.946621716022491,11.123873716823526,16.460748921343264,17242.004261076464900,1.501817226409912,39.612999725341794
2185,MX16093,2185,980.000000000000000,0.017013889161111,0.336331009864807,8.474209785461426,8.137878775596619,0.765257430411114,0.627867760089189,749.952281802892003,0.579753488302231,1.306363451480866
2186,MX21181,2186,106.000000000000000,0.001840277807222,2.189028501510620,14.594062805175781,12.405034303665161,4.114676740934259,2.887690003812108,436.155734539031471,2.841462612152100,8.369190216064453
2187,MX32048,2187,3758.000000000000000,0.065243056599444,0.271161466836929,17.849260330200195,17.578098863363266,0.519380427877152,0.967684836021749,1951.831647962338138,0.338405683636665,0.627241307497025
2188,MX30024,2188,1375.000000000000000,0.023871528159722,0.300829797983170,3.454949378967285,3.154119580984116,0.453816073504361,0.217340803835815,623.997101068496477,0.397500246763229,0.588902378082276
2189,MX17024,2189,1172.000000000000000,0.020347222547778,0.508906900882721,19.527772903442383,19.018866002559662,1.877178386464053,2.067562120465326,2200.053068935870215,1.234872996807098,3.925699853897095
2190,MX13072,2190,410.000000000000000,0.007118055669444,0.433276772499084,21.931510925292969,21.498234152793884,1.378587486031580,1.853826524162790,565.220869272947652,0.772836089134216,2.864109349250794
2191,MX13073,2191,1965.000000000000000,0.034114583879167,0.274898499250412,7.593412399291992,7.318513900041580,0.489128655377235,0.409907113506590,961.137807816267582,0.386806398630142,0.691187787055970
2192,MX21182,2192,75.000000000000000,0.001302083354167,0.916741192340851,10.632734298706055,9.715993106365204,2.718907175858815,2.326315086716436,203.918038189411106,1.658056259155273,5.882244205474855
2193,MX21183,2193,715.000000000000000,0.012413194643056,0.380556404590607,6.886055946350098,6.505499541759491,0.863907674392620,0.672336713979214,617.693987190723306,0.625855028629303,1.560274314880371
2194,MX12066,2194,2989.000000000000000,0.051892361941389,0.266494601964951,24.285743713378906,24.019249111413956,0.798850286381826,1.644227156216760,2387.763505995278138,0.425508350133896,1.200559234619141
2195,MX21184,2195,310.000000000000000,0.005381944530556,0.363095402717590,2.661653757095337,2.298558354377747,0.570784923530394,0.281833842972639,176.943326294422178,0.480420529842377,0.824322819709778
2196,MX30183,2196,834.000000000000000,0.014479166898333,0.355100750923157,19.706262588500977,19.351161837577820,1.241588970668597,2.267313618572055,1035.485201537609782,0.583787351846695,2.245854020118717
2197,MX21185,2197,416.000000000000000,0.007222222337778,0.455942571163177,5.510752677917480,5.054810106754303,0.853067954787268,0.645195912580447,354.876269191503525,0.591734230518341,1.557574629783630
2198,MX12067,2198,1398.000000000000000,0.024270833721667,0.306923091411591,8.856294631958008,8.549371540546417,0.638201994978650,0.700749130075763,892.206388980152155,0.433219864964485,0.960792940855026
2199,MX30184,2199,276.000000000000000,0.004791666743333,0.392763286828995,6.689980983734131,6.297217696905136,0.946763593541539,0.778126778767718,261.306751817464772,0.770783841609955,1.495463669300079
2200,MX17025,2200,2680.000000000000000,0.046527778522222,0.273454010486603,12.999824523925781,12.726370513439178,0.672081647023783,1.025201633938565,1801.178814023737914,0.403663188219070,1.022525620460510
2201,MX21186,2201,1463.000000000000000,0.025399305961944,0.324941456317902,15.483601570129395,15.158660113811493,1.010262256441094,1.170931748740645,1478.013681173320720,0.618562161922455,1.784355521202087
2202,MX15105,2202,3884.000000000000000,0.067430556634444,0.256183594465256,3.021774530410767,2.765590935945511,0.393154628390694,0.187870916022135,1527.012576669456621,0.347210049629211,0.494504263997078
2203,MX29033,2203,257.000000000000000,0.004461805626944,1.165550589561462,54.324352264404297,53.158801674842834,14.322649992857460,10.874282656430507,3680.921048164367221,10.890903472900391,30.479966735839845
2204,MX21187,2204,271.000000000000000,0.004704861186389,0.350306481122971,1.757610321044922,1.407303839921951,0.517886431564704,0.236268930097872,140.347222954034663,0.429040908813477,0.754535615444183
2205,MX29034,2205,2858.000000000000000,0.049618056349444,0.321853101253510,17.107290267944336,16.785437166690826,0.815010462589744,1.128167659725013,2329.299902081487744,0.521771192550659,1.243844914436342
2206,MX13074,2206,213.000000000000000,0.003697916725833,1.330821156501770,26.397382736206055,25.066561579704285,4.985243463740102,4.453924488199234,1061.856857776641618,3.167998313903809,11.018395996093751
2207,MX17026,2207,281.000000000000000,0.004878472300278,1.017954349517822,14.740337371826172,13.722383022308350,2.984237768047646,2.235079452937399,838.570812821388472,2.253259658813477,5.531026363372803
2208,MX16094,2208,1007.000000000000000,0.017482639168611,0.299405544996262,3.954701185226440,3.655295640230179,0.487830780646297,0.336778878540307,491.245596110821054,0.395630210638046,0.645161592960358
2209,MX30185,2209,57.000000000000000,0.000989583349167,1.031310558319092,34.821186065673828,33.789875507354736,4.953154545081292,6.538992026500311,282.329809069633654,2.048444747924805,13.446508598327632
2210,MX29035,2210,71.000000000000000,0.001232638908611,1.002524495124817,10.600775718688965,9.598251223564148,2.945169536160752,2.550912122530526,209.107037067413358,1.651233434677124,7.307260513305664
2211,MX21188,2211,1090.000000000000000,0.018923611413889,0.392168343067169,8.760712623596191,8.368544280529022,0.858714131450435,0.850589724034368,935.998403280974344,0.545627743005753,1.654550921916963
2212,MX21189,2212,502.000000000000000,0.008715277917222,0.437903344631195,14.776279449462891,14.338376104831696,2.012016775598566,2.021815080638441,1010.032421350480035,1.326893329620361,4.028600096702578
2213,MX16095,2213,2510.000000000000000,0.043576389586111,0.246184349060059,9.304443359375000,9.058259010314941,0.426143343099560,0.531080664132495,1069.619791179895174,0.318869516253471,0.492010393738747
2214,MX13075,2214,584.000000000000000,0.010138889051111,0.537457883358002,27.030345916748047,26.492888033390045,2.122440626870278,2.999277699210274,1239.505326092242285,1.175665318965912,4.678410482406627
2215,MX14099,2215,2541.000000000000000,0.044114584039167,0.263660013675690,8.023267745971680,7.759607732295990,0.443762275059361,0.503421585109114,1127.599940925836108,0.322253406047821,0.555980861186981
2216,MX22018,2216,3403.000000000000000,0.059079862056389,0.277937144041061,12.238565444946289,11.960628300905228,0.559199258400487,0.726063356244763,1902.955076336857246,0.367043793201447,0.854719316959381
2217,MX15106,2217,2125.000000000000000,0.036892361701389,0.345531553030014,98.024734497070312,97.679202944040298,11.941121313445725,13.099716331545425,25374.882791072166583,7.473439216613770,31.624736022949236
2218,MX14100,2218,14991.000000000000000,0.260260420830833,0.242840170860291,12.995612144470215,12.752771973609924,0.331770982355481,0.288301047541522,4973.578796491021421,0.297569543123245,0.348661243915558
2219,MX30186,2219,93.000000000000000,0.001614583359167,0.620566189289093,5.625428676605225,5.004862487316132,1.266667830687698,0.887605158117394,117.800108253955869,0.962233543395996,2.045930480957031
2220,MX07097,2220,7783.000000000000000,0.135121529939722,0.240113049745560,23.728820800781250,23.488707751035690,0.619111081811926,1.288177838680193,4818.541549742219104,0.358935028314590,0.877223932743073
2221,MX14101,2221,833.000000000000000,0.014461805786944,1.578957557678223,76.562873840332031,74.983916282653809,16.125955744951700,13.059330806712801,13432.921135544766003,11.662475585937500,35.595073699951186
2222,MX15125,2222,44.000000000000000,0.000763888901111,8.506859779357910,37.163513183593750,28.656653404235840,16.841476548801772,7.055183198351327,741.024968147277946,14.845478534698486,24.965058326721191
2223,MX15107,2223,444.000000000000000,0.007708333456667,0.410517275333405,12.895003318786621,12.484486043453217,1.309420603084136,1.652418972231663,581.382747769356570,0.772905170917511,2.215781521797180
2224,MX14102,2224,1461.000000000000000,0.025364583739167,0.276087284088135,8.681766510009766,8.405679225921631,0.431729034537897,0.553052114303535,630.756119459867591,0.336159855127335,0.478415340185165
2225,MX30187,2225,251.000000000000000,0.004357638958611,0.287526488304138,4.444373607635498,4.156847119331360,0.561998542205271,0.469781718607450,141.061634093522969,0.389500796794891,0.885023415088654
2226,MX14103,2226,727.000000000000000,0.012621527979722,0.274178922176361,8.510216712951660,8.236037790775299,0.652106997932331,0.912259708237489,474.081787496804793,0.401187390089035,0.947001826763153
2227,MX10037,2227,8413.000000000000000,0.146059030114722,0.240527436137199,7.624851226806641,7.384323790669441,0.295789799673031,0.156633368479285,2488.479584649207482,0.283453345298767,0.306548434495926
2228,MX05035,2228,6623.000000000000000,0.114982640728611,0.262515902519226,143.917282104492188,143.654766201972961,6.612226514329965,15.344602152752042,43792.776204407360638,0.328146874904633,31.721598815917979
2229,MX14104,2229,2958.000000000000000,0.051354167488333,0.251235306262970,6.149056434631348,5.897821128368378,0.366661103675299,0.334885401823821,1084.583544671534582,0.310792207717896,0.407006877660752
2230,MX29036,2230,68.000000000000000,0.001180555574444,1.454075813293457,29.454364776611328,28.000288963317871,9.808432561509747,7.963463350934030,666.973414182662736,7.149240732192993,21.252517890930175
2231,MX07098,2231,820.000000000000000,0.014236111338889,0.297188758850098,3.398745298385620,3.101556539535522,0.458742081065003,0.315873871393779,376.168506473302784,0.378095403313637,0.558856779336929
2232,MX17027,2232,299.000000000000000,0.005190972305278,0.710314929485321,12.641370773315430,11.931055843830109,1.933878796355781,1.867082730572844,578.229760110378379,1.287627577781677,4.038891315460202
2233,MX21190,2233,768.000000000000000,0.013333333546667,0.276139169931412,3.923690557479858,3.647551387548447,0.385111395153217,0.293317273735069,295.765551477670840,0.323158234357834,0.462731960415840
2234,MX20554,2234,1310.000000000000000,0.022743055919444,0.238255828619003,2.427544355392456,2.189288526773453,0.332387309538499,0.132845111504820,435.427375495433409,0.307905569672585,0.370001628994942
2235,MX14105,2235,1679.000000000000000,0.029149306021944,0.359716236591339,17.386665344238281,17.026949107646942,0.935682419370226,1.520233544538898,1571.010782122610181,0.562941312789917,1.309179353713989
2236,MX30188,2236,487.000000000000000,0.008454861246389,0.365031272172928,3.584351778030396,3.219320505857468,0.618173657501502,0.362190925504078,301.050571203231698,0.518166780471802,0.827266669273377
2237,MX32057,2237,1114.000000000000000,0.019340278087222,0.353061437606812,31.186031341552734,30.832969903945923,1.059845244274534,2.494358866568300,1180.667602121830669,0.499529644846916,1.407654953002930
2238,MX30207,2238,2696.000000000000000,0.046805556304444,0.415133237838745,14.310712814331055,13.895579576492310,0.992834045819784,1.168954410801812,2676.680587530138382,0.658490955829620,1.569466412067413
2239,MX26064,2239,16254.000000000000000,0.282187504515000,0.239746853709221,12.388958930969238,12.149212077260017,0.301394343112132,0.235456195825733,4898.863652944587557,0.289098575711250,0.311402285099030
2240,MX32011,2240,1540.000000000000000,0.026736111538889,0.276766180992126,5.908718585968018,5.631952404975891,0.373824835926682,0.323876006777685,575.690247327089764,0.323928579688072,0.386593699455261
2241,MX20555,2241,104.000000000000000,0.001805555584444,0.432971000671387,4.852313995361328,4.419342994689941,1.146618000016763,0.839596428635780,119.248272001743373,0.727653145790100,2.455976581573486
2242,MX26065,2242,9375.000000000000000,0.162760419270833,0.249057650566101,2.667163133621216,2.418105483055115,0.293599831004142,0.051765102837788,2752.498415663827927,0.289609491825104,0.305409526824951
2243,MX28039,2243,15590.000000000000000,0.270659726552778,0.249669954180717,19.739503860473633,19.489833906292915,0.362901315795562,0.465830951754576,5657.631513252804325,0.312400877475739,0.389204576611519
2244,MX13076,2244,1674.000000000000000,0.029062500465000,0.446727335453033,995.077636718750000,994.630909383296967,7.071855990120449,36.680714873770349,11838.286927461631421,1.842717230319977,12.761391067504885
2245,MX13077,2245,1079.000000000000000,0.018732639188611,0.554486691951752,35.396499633789062,34.842012941837311,4.855083376473027,6.764899985351937,5238.634963214395611,1.973355531692505,13.635666847229007
2246,MX21191,2246,1366.000000000000000,0.023715278157222,0.267738789319992,11.325964927673340,11.058226138353348,0.506392283242408,0.779452260773050,691.731858909129073,0.341570824384689,0.641446560621262
2247,MX15108,2247,130.000000000000000,0.002256944480556,6.691386699676514,95.715332031250000,89.023945331573486,42.000776793406558,19.893255231105346,5460.100983142852783,43.192451477050781,62.730918502807619
2248,MX15109,2248,330.000000000000000,0.005729166758333,5.433324813842773,76.850204467773438,71.416879653930664,41.175273223356776,17.123198172518904,13587.840163707736792,44.885135650634766,59.765139770507815
2249,MX23009,2249,9850.000000000000000,0.171006947180556,0.231496855616570,45.310836791992188,45.079339936375618,0.523241612345434,1.899586008015931,5153.929881602521164,0.290066629648209,0.433174625039101
2250,MX07100,2250,1971.000000000000000,0.034218750547500,0.286908090114594,10.768808364868164,10.481900274753571,0.520683275963799,0.575969070411949,1026.266736924647148,0.376238167285919,0.745341002941132
2251,MX16096,2251,10161.000000000000000,0.176406252822500,0.226855590939522,8.622869491577148,8.396013900637627,0.294688186617878,0.160389324724811,2994.326664224258366,0.279437869787216,0.308192759752274
2252,MX31097,2252,2066.000000000000000,0.035868056129444,0.256959766149521,4.926198482513428,4.669238716363907,0.327964384610055,0.240894289949516,677.574418604372795,0.295144259929657,0.334148198366165
2253,MX16097,2253,7639.000000000000000,0.132621529899722,0.239184215664864,13.483211517333984,13.244027301669121,0.348776938052588,0.311910083662844,2664.307029783721191,0.301814883947372,0.405649650096893
2254,MX14106,2254,2131.000000000000000,0.036996528369722,0.258380830287933,7.107063293457031,6.848682463169098,0.414899741551620,0.368551549535440,884.151349246502491,0.334802865982056,0.511894226074219
2255,MX14107,2255,655.000000000000000,0.011371527959722,0.308462768793106,8.770762443542480,8.462299674749374,0.657608287480041,0.820556107798394,430.733428299427146,0.398286461830139,1.100566363334656
2256,MX14108,2256,3583.000000000000000,0.062204862106389,0.264810740947723,18.914403915405273,18.649593174457550,0.589430755188835,1.054189503792444,2111.930395841596692,0.373738497495651,0.774196982383728
2257,MX16098,2257,1206.000000000000000,0.020937500335000,0.285549342632294,8.894636154174805,8.609086811542511,0.676468093819286,0.781011062970374,815.820521146059036,0.456078127026558,1.041827738285065
2258,MX18018,2258,1193.000000000000000,0.020711805886944,0.276057481765747,22.694200515747070,22.418143033981323,0.855579162957982,2.226374040113044,1020.705941408872945,0.372677147388458,0.990264153480528
2259,MX30189,2259,4521.000000000000000,0.078489584589167,0.292823284864426,46.371578216552734,46.078754931688309,1.249711728589084,2.978680404868608,5649.946724951249053,0.466464996337891,1.728765726089478
2260,MX30190,2260,272.000000000000000,0.004722222297778,0.349645048379898,3.348518371582031,2.998873323202133,0.532811864991399,0.364241671077716,144.924827277660398,0.423185825347900,0.678687572479248
2261,MX07102,2261,794.000000000000000,0.013784722442778,0.529574930667877,10.398549079895020,9.868974149227142,1.856898342256885,1.205405915613746,1474.377283751966843,1.515642523765564,3.078847289085389
2262,MX07101,2262,1632.000000000000000,0.028333333786667,0.555058479309082,73.163139343261719,72.608080863952637,11.381144748818071,15.103798293021827,18574.028230071093276,3.277226090431213,38.365217208862305
2263,MX21192,2263,205.000000000000000,0.003559027834722,0.396935164928436,2.384493112564087,1.987557947635651,0.616230016510661,0.303544728848429,126.327153384685488,0.516506433486938,0.870760989189148
2264,MX07103,2264,835.000000000000000,0.014496528009722,0.347388446331024,10.390840530395508,10.043452084064484,1.087788462103484,1.022513715617782,908.303365856409414,0.750199317932129,2.028091382980347
2265,MX16099,2265,5052.000000000000000,0.087708334736667,0.245167240500450,4.142757415771484,3.897590175271034,0.321738812196426,0.156990683059576,1625.424479216341751,0.301430612802505,0.346161514520645
2266,MX21193,2266,1381.000000000000000,0.023975694828056,0.385252535343170,4.944386959075928,4.559134423732758,0.679174006395283,0.465251012117363,937.939302831886494,0.529985010623932,1.035052418708801
2267,MX07104,2267,1742.000000000000000,0.030243056039444,0.263226479291916,80.792076110839844,80.528849631547928,0.988594796521384,3.925918600059052,1722.132135540251056,0.457905694842339,1.137729036808014
2268,MX16100,2268,918.000000000000000,0.015937500255000,0.329685598611832,4.808604717254639,4.478919118642807,0.600687832192139,0.440404116136657,551.431429952383155,0.454014524817467,0.956503307819367
2269,MX16101,2269,4666.000000000000000,0.081006945740556,0.248782575130463,2.152275085449219,1.903492510318756,0.329081564164448,0.091355475546761,1535.494578391315372,0.311095267534256,0.376010388135910
2270,MX29038,2270,191.000000000000000,0.003315972275278,0.923978090286255,22.170280456542969,21.246302366256714,5.869395240439169,4.731842436590425,1121.054490923881303,4.360062122344971,12.649639129638672
2271,MX31098,2271,3798.000000000000000,0.065937501055000,0.238702252507210,14.021622657775879,13.782920405268669,0.382234057383106,0.661786120231203,1451.724949941036357,0.292518556118011,0.374723169207573
2272,MX31099,2272,939.000000000000000,0.016302083594167,0.255400091409683,5.717033386230469,5.461633294820786,0.378924391584528,0.368895935396061,355.810003697871878,0.302150309085846,0.423614251613617
2273,MX31100,2273,654.000000000000000,0.011354166848333,0.336278289556503,16.420434951782227,16.084156662225723,1.025974584600976,1.353771833824576,670.987378329038506,0.673532426357269,1.669895768165590
2274,MX31101,2274,1746.000000000000000,0.030312500485000,0.355707079172134,37.990230560302734,37.634523481130600,2.395292356320128,5.083189847445586,4182.180454134944739,0.825803786516190,4.454317331314087
2275,MX14109,2275,3644.000000000000000,0.063263889901111,0.336355656385422,26.083053588867188,25.746697932481766,0.759903119903560,1.250947924748195,2769.086968928572333,0.520288586616516,1.055734038352967
2276,MX14110,2276,2200.000000000000000,0.038194445055556,0.265672445297241,12.127132415771484,11.861459970474243,0.441712624850597,0.672779378199525,971.767774671314214,0.328878030180931,0.482664668560028
2277,MX20557,2277,551.000000000000000,0.009565972375278,0.314129978418350,10.312797546386719,9.998667567968369,0.720001596666723,1.210189528892403,396.720879763364564,0.415479898452759,0.808719158172607
2278,MX07105,2278,281.000000000000000,0.004878472300278,0.245788082480431,4.859820365905762,4.614032283425331,0.805717743959715,0.657102595869031,226.406686052679930,0.613371610641479,1.436307787895203
2279,MX26066,2279,16542.000000000000000,0.287187504595000,0.242339670658112,12.316005706787109,12.073666036128998,0.317608443427196,0.302707904599915,5253.878871172674735,0.292239338159561,0.321608927845955
2280,MX11041,2280,584.000000000000000,0.010138889051111,0.487710207700729,29.850526809692383,29.362816601991653,3.522315458688019,4.871144488205766,2057.032227873803549,1.356200277805328,10.466619491577156
2281,MX08065,2281,17320.000000000000000,0.300694449255556,0.236865088343620,6.736574649810791,6.499709561467171,0.301393936100408,0.180396998232196,5220.142973259064092,0.281131222844124,0.306485250592232
2282,MX30191,2282,605.000000000000000,0.010503472390278,0.383686721324921,16.333141326904297,15.949454605579376,1.451209041057538,1.765213573977873,877.981469839810643,0.803892016410828,2.942500305175781
2283,MX08066,2283,14035.000000000000000,0.243663198343056,0.233882725238800,5.139266014099121,4.905383288860321,0.287860317353593,0.125574445984705,4040.119554057684127,0.279053777456284,0.296428775787354
2284,MX16102,2284,5014.000000000000000,0.087048612503889,0.270492762327194,40.594432830810547,40.323940068483353,1.668264473369028,4.517683650468350,8364.678069472305651,0.397446453571320,2.167014408111572
2285,MX30210,2285,9321.000000000000000,0.161822919255833,0.238716155290604,4.270214080810547,4.031497925519943,0.334270055437468,0.131023098468672,3115.731186732642982,0.315280616283417,0.360310047864914
2286,MX20558,2286,265.000000000000000,0.004600694518056,0.268350303173065,3.411764144897461,3.143413841724396,0.446948834635177,0.364634954723499,118.441441178321881,0.334649145603180,0.645667159557342
2287,MX31102,2287,5376.000000000000000,0.093333334826667,0.238551393151283,24.237531661987305,23.998980268836021,0.737563848085256,1.981048977294706,3965.143247306337798,0.318232670426369,0.862655431032181
2288,MX15110,2288,1981.000000000000000,0.034392361661389,0.318999141454697,21.920911788940430,21.601912647485733,1.330679383980754,1.900943717693296,2636.075859665874759,0.752385318279266,2.613143205642700
2289,MX15122,2289,231.000000000000000,0.004010416730833,4.158688068389893,69.581535339355469,65.422847270965576,32.847169589170662,21.421992154892475,7587.696175098422827,37.585147857666016,58.894386291503906
2290,MX14111,2290,1766.000000000000000,0.030659722712778,0.297657191753387,14.369105339050293,14.071448147296906,0.567808924654196,0.828602543431926,1002.750560939309480,0.408199727535248,0.702393531799316
2291,MX14112,2291,971.000000000000000,0.016857639158611,0.259632170200348,10.844370841979980,10.584738671779633,0.571626181889758,0.849380930430471,555.049022614955447,0.360398501157761,0.829512178897858
2292,MX11042,2292,4077.000000000000000,0.070781251132500,0.424582660198212,47.364135742187500,46.939553081989288,1.805367898547767,3.033868604205576,7360.484922379247109,1.056902766227722,3.133984947204590
2293,MX08067,2293,15537.000000000000000,0.269739587649167,0.244771286845207,14.398287773132324,14.153516486287117,0.307404816443184,0.262593539782158,4776.148633077756131,0.293232977390289,0.314510685205460
2294,MX28040,2294,4694.000000000000000,0.081493056859444,0.306558102369308,45.840763092041016,45.534204989671707,1.190835793747461,3.179576668157368,5589.783215850579836,0.495047405362129,1.367382633686065
2295,MX19050,2295,9218.000000000000000,0.160034724782778,0.261853307485580,5.262924671173096,5.001071363687515,0.353050850013326,0.171542934901140,3254.422735422837832,0.327601626515388,0.383785995841026
2296,MX32049,2296,28899.000000000000000,0.501718758027500,0.240201950073242,26.297136306762695,26.056934356689453,0.354216663845126,0.549891330711327,10236.507368460299404,0.296705394983292,0.356171721220017
2297,MX24044,2297,14315.000000000000000,0.248524309531944,0.251088500022888,30.602497100830078,30.351408600807190,0.342894490784048,0.512524809790268,4908.534635573644664,0.306692600250244,0.340809512138367
2298,MX30192,2298,1675.000000000000000,0.029079861576389,0.275541722774506,12.289471626281738,12.013929903507233,0.536453661438244,0.802636888987603,898.559882909059070,0.359658747911453,0.702155327796936
2299,MX24045,2299,6606.000000000000000,0.114687501835000,0.258285790681839,11.871575355529785,11.613289564847946,0.400751787101072,0.458358813567670,2647.366305589678177,0.327388003468513,0.493115842342377
2300,MX07106,2300,6618.000000000000000,0.114895835171667,0.236779719591141,21.587539672851562,21.350759953260422,0.566415379176816,0.810784151008724,3748.536979392169542,0.384823888540268,0.835314923524857
2301,MX09017,2301,168.000000000000000,0.002916666713333,23.705690383911133,113.112243652343750,89.406553268432617,75.440888472965796,19.625667957259257,12674.069263458253772,77.843391418457031,96.457832336425781
2302,MX16103,2302,1127.000000000000000,0.019565972535278,0.351367384195328,17.641141891479492,17.289774507284164,0.935402892734905,1.598559247847575,1054.199060112238158,0.508043766021729,1.416657328605651
2303,MX21194,2303,1580.000000000000000,0.027430555994444,0.366325736045837,195.759140014648438,195.392814278602600,2.411546707398530,8.708864305405454,3810.243797689677194,0.788199812173843,3.744823932647711
2304,MX30193,2304,1218.000000000000000,0.021145833671667,0.745742738246918,95.795623779296875,95.049881041049957,15.958635527756783,14.670134759124652,19437.618072807763383,11.204295158386230,36.221442413330074
2305,MX32050,2305,811.000000000000000,0.014079861336389,0.352158218622208,16.469263076782227,16.117104858160019,1.271382269230195,1.800544123639271,1031.091020345688094,0.681143641471863,2.353613376617432
2306,MX10038,2306,1885.000000000000000,0.032725694968056,0.273567378520966,28.878301620483398,28.604734241962433,0.864947324864745,2.524602496667878,1630.425707370043483,0.364410221576691,0.909819936752320
2307,MX21195,2307,1293.000000000000000,0.022447917025833,0.317235738039017,12.857956886291504,12.540721148252487,0.799234755400624,0.915221784595430,1033.410538733006433,0.530697226524353,1.378230929374695
2308,MX11043,2308,5255.000000000000000,0.091232640348611,0.267897635698318,13.326068878173828,13.058171242475510,0.424839249908300,0.449736139437929,2232.530258268114267,0.331705629825592,0.529266583919525
2309,MX28041,2309,7456.000000000000000,0.129444446515556,0.261614680290222,44.319583892822266,44.057969212532043,2.054185205906658,5.933281269079537,15316.004895240044789,0.411163091659546,2.293879985809326
2310,MX05036,2310,22708.000000000000000,0.394236117418889,0.252598464488983,18.655693054199219,18.403094589710236,0.419503228924938,0.536815717375534,9526.079322427489387,0.328206837177277,0.507574987411499
2311,MX30194,2311,256.000000000000000,0.004444444515556,0.395660489797592,19.368713378906250,18.973052889108658,1.445049401256254,1.972551263456697,369.932646721601145,0.854529172182083,2.877707004547119
2312,MX07071,2312,2168.000000000000000,0.037638889491111,0.245210617780685,32.923728942871094,32.678518325090408,0.658232601971204,1.276487209395474,1427.048281073571388,0.487524092197418,0.894039660692215
2313,MX14114,2313,1585.000000000000000,0.027517361551389,0.331383496522903,15.789105415344238,15.457721918821335,0.820196219949693,1.208392769394612,1300.011008620263055,0.520612597465515,1.135967087745667
2314,MX07107,2314,13410.000000000000000,0.232812503725000,0.246446266770363,15.760081291198730,15.513635024428368,0.497943211045177,0.721465582276374,6677.418460115817652,0.357083752751350,0.654380661249161
2315,MX15111,2315,1530.000000000000000,0.026562500425000,0.351340323686600,29.920646667480469,29.569306343793869,1.112878082020610,1.731888458195674,1702.703465491532825,0.752485424280167,1.869584953784943
2316,MX06010,2316,1422.000000000000000,0.024687500395000,0.290437430143356,35.263702392578125,34.973264962434769,2.950065523700372,7.121639384668042,4194.993174701929092,0.446760937571526,8.699199676513691
2317,MX24056,2317,2971.000000000000000,0.051579861936389,0.266880273818970,12.943314552307129,12.676434278488159,0.494433344212976,0.657132249149256,1468.961465656752580,0.361225187778473,0.651941537857056
2318,MX24046,2318,4413.000000000000000,0.076614584559167,0.300010085105896,12.649600982666016,12.349590897560120,0.490327858665540,0.547084786834142,2163.816840291029621,0.388624936342239,0.553110682964325
2319,MX20405,2319,859.000000000000000,0.014913194683056,0.256089806556702,3.810816049575806,3.554726243019104,0.347645267722771,0.247049775634060,298.627284973860071,0.310195297002792,0.359526920318604
2320,MX32051,2320,33993.000000000000000,0.590156259442500,0.255010604858398,20.205074310302734,19.950063705444336,0.347895995640319,0.396923162176276,11826.028579801368323,0.308149367570877,0.360498249530792
2321,MX20338,2321,41.000000000000000,0.000711805566944,2.081542015075684,21.612817764282227,19.531275749206543,7.407043648929132,5.452471872417926,303.688789606094417,5.051849842071533,15.550413131713867
2322,MX24047,2322,9721.000000000000000,0.168767363811389,0.245413184165955,12.967419624328613,12.722006440162659,0.372820821942806,0.341073716480267,3624.191210106018843,0.319979846477509,0.426500827074051
2323,MX24048,2323,738.000000000000000,0.012812500205000,0.297293454408646,17.000549316406250,16.703255861997604,0.819683081533527,1.498745042421826,604.926114171743052,0.390392854809761,1.221538162231446
2324,MX24049,2324,12635.000000000000000,0.219357642398611,0.264399468898773,14.326923370361328,14.062523901462555,0.434447753240717,0.636913579022795,5489.247362196456379,0.336604058742523,0.451712846755981
2325,MX24050,2325,5125.000000000000000,0.088975695868056,0.298769265413284,83.865112304687500,83.566343039274216,1.547070328706647,5.026049702308319,7928.735434621565219,0.501684784889221,1.960330581665040
2326,MX20540,2326,707.000000000000000,0.012274305751944,0.280036091804504,10.920419692993164,10.640383601188660,0.556082628024518,0.952586311342527,393.150418013334388,0.344140291213989,0.678650200366974
2327,MX13066,2327,454.000000000000000,0.007881944570556,0.697871088981628,18.894094467163086,18.196223378181458,2.002359726618040,2.333240460830997,909.071315884590263,1.157567560672760,4.159317064285278
2328,MX20334,2328,5748.000000000000000,0.099791668263333,0.244048342108727,14.288355827331543,14.044307485222816,0.410802721575411,0.548986256321881,2361.294043615461305,0.318981215357780,0.474957668781281
2329,MX20565,2329,398.000000000000000,0.006909722332778,0.389135092496872,26.671316146850586,26.282181054353714,3.669564660769610,5.330496952397110,1460.486734986304782,1.251622855663300,11.569313621520998
2330,MX15112,2330,1514.000000000000000,0.026284722642778,0.518288433551788,8.025608062744141,7.507319629192352,1.189636385621925,0.885377234573528,1801.109487831593697,0.904582113027573,2.063654327392578
2331,MX20560,2331,1383.000000000000000,0.024010417050833,0.245521649718285,5.196371555328369,4.950849905610085,0.424345233295159,0.396045391257984,586.869457647204854,0.316153913736343,0.579992008209228
2332,MX32052,2332,1730.000000000000000,0.030034722702778,0.324337244033813,22.501667022705078,22.177329778671265,0.754370859041379,1.239171560169850,1305.061586141586304,0.500892430543900,1.018981826305390
2333,MX32053,2333,2188.000000000000000,0.037986111718889,0.294629037380219,24.060155868530273,23.765526831150055,0.589969706205715,1.259447969835143,1290.853717178104944,0.380759447813034,0.614836692810059
2334,MX14115,2334,3398.000000000000000,0.058993056499444,0.250581562519073,15.634387016296387,15.383805453777313,0.351610510278408,0.605504192401965,1194.772513926030115,0.295472875237465,0.328052520751953
2335,MX15113,2335,1136.000000000000000,0.019722222537778,0.382055431604385,48.875595092773438,48.493539661169052,6.841569435349856,8.087572709183704,7772.022878557435433,3.282672882080078,18.585961341857910
2336,MX14116,2336,2277.000000000000000,0.039531250632500,0.294554680585861,24.903795242309570,24.609240561723709,0.704299520388684,1.738176309951321,1603.690007925033342,0.405390411615372,0.795837819576264
2337,MX20038,2337,287.000000000000000,0.004982638968611,0.276897192001343,3.612073421478271,3.335176229476929,0.435200381985110,0.355715165753926,124.902509629726438,0.345453858375549,0.535348355770111
2338,MX24051,2338,7566.000000000000000,0.131354168768333,0.254906713962555,11.199085235595703,10.944178521633148,0.421098666860885,0.443106239657430,3186.032513469459445,0.337843641638756,0.528072267770767
2339,MX26067,2339,7940.000000000000000,0.137847224427778,0.247245952486992,23.264677047729492,23.017431095242500,0.327381246047147,0.445160105236948,2599.407093614343466,0.291604310274124,0.322965627908707
2340,MX32054,2340,1895.000000000000000,0.032899306081944,0.299022197723389,17.691722869873047,17.392700672149658,0.589213520838906,0.908981220539825,1116.559621989726793,0.396923214197159,0.825940799713135
2341,MX24052,2341,3238.000000000000000,0.056215278677222,0.273118317127228,6.987271785736084,6.714153468608856,0.432307430030461,0.398634055780970,1399.811458438633508,0.350672230124474,0.494861522316933
2342,MX26068,2342,5990.000000000000000,0.103993057219444,0.248404711484909,4.573898792266846,4.325494080781937,0.297288808510180,0.139066943144637,1780.759962975976578,0.285907506942749,0.303827992081642
2343,MX14068,2343,9162.000000000000000,0.159062502545000,0.243914723396301,9.669120788574219,9.425206065177917,0.321543657805392,0.235555520144890,2945.982992812998873,0.297855332493782,0.337353587150574
2344,MX20277,2344,4740.000000000000000,0.082291667983333,0.229410767555237,7.969791412353516,7.740380644798279,0.310747032096995,0.207889949012493,1472.940932139757933,0.287665292620659,0.331925448775292
2345,MX20280,2345,299.000000000000000,0.005190972305278,0.260846972465515,2.387120485305786,2.126273512840271,0.385888140237451,0.225302579104068,115.380553930997834,0.334555208683014,0.467763614654541
2346,MX20486,2346,690.000000000000000,0.011979166858333,0.281748563051224,4.301707744598389,4.019959181547165,0.435025631949522,0.360450431014840,300.167686045169887,0.341558620333672,0.561872005462646
2347,MX05037,2347,9808.000000000000000,0.170277780502222,0.264493703842163,11.197710037231445,10.933216333389282,0.366543395219896,0.390190538872906,3595.057620316739303,0.321829333901405,0.395601955056191
2348,MX15114,2348,2107.000000000000000,0.036579861696389,0.413644343614578,8.583642005920410,8.169997662305832,1.125754399043893,0.649603706875247,2371.964518785482142,0.938910007476807,1.843502187728882
2349,MX07108,2349,9263.000000000000000,0.160815974795278,0.250446408987045,25.978412628173828,25.727966219186783,0.641319303179642,1.326933452038987,5940.540705353019803,0.393192082643509,0.810652208328249
2350,MX11044,2350,643.000000000000000,0.011163194623056,1.383279323577881,113.366645812988281,111.983366489410400,7.062392812494542,10.431615021146808,4541.118578433990479,3.188699007034302,17.375997924804693
2351,MX28042,2351,6607.000000000000000,0.114704862946389,0.249537885189056,15.132055282592773,14.882517397403717,0.328805226050582,0.310607081295600,2172.416128516195386,0.299770981073380,0.349590706825256
2352,MX19051,2352,4587.000000000000000,0.079635417940833,0.271993428468704,10.614539146423340,10.342545717954636,0.388480389120794,0.421578176407899,1781.959544897080832,0.328678786754608,0.399266934394837
2353,MX16104,2353,1745.000000000000000,0.030295139373611,0.320529699325562,5.524293899536133,5.203764200210571,0.601898067728497,0.424682303111956,1050.312128186226573,0.478322029113770,0.856494104862213
2354,MX32055,2354,11005.000000000000000,0.191059030834722,0.273412317037582,50.612537384033203,50.339125066995621,0.443045792150149,0.927836086637275,4875.718942612393221,0.334081441164017,0.466533148288727
2355,MX16105,2355,736.000000000000000,0.012777777982222,0.391460895538330,13.802435874938965,13.410974979400635,1.227099448887876,1.641834953787721,903.145194381476472,0.638585388660431,2.596092700958252
2356,MX30087,2356,622.000000000000000,0.010798611283889,0.686991274356842,81.673599243164062,80.986607968807220,15.041370161284963,14.103744048891469,9355.732240319246557,9.674755096435547,34.405952835083006
2357,MX15043,2357,536.000000000000000,0.009305555704444,0.584673225879669,27.557767868041992,26.973094642162323,2.526656159269275,3.992842873602900,1354.287701368331454,0.926837295293808,6.594654321670532
2358,MX18008,2358,2524.000000000000000,0.043819445145556,0.284708738327026,24.786300659179688,24.501591920852661,0.737769441729303,2.023182444330019,1862.130070924761412,0.361295953392982,0.741842973232270
2359,MX29039,2359,203.000000000000000,0.003524305611944,0.662566840648651,17.978597640991211,17.316030800342560,4.282432256367407,4.405785495335500,869.333748042583693,2.226053476333618,11.306171035766601
2360,MX12069,2360,1107.000000000000000,0.019218750307500,0.289906919002533,4.653286933898926,4.363380014896393,0.564147262742311,0.438309122601375,624.511019855738368,0.417225271463394,0.965467846393585
2361,MX29040,2361,514.000000000000000,0.008923611253889,0.584137618541718,6.910024642944336,6.325887024402618,1.469304024941261,1.105382182899722,755.222268819808392,1.038452386856079,3.124734020233154
2362,MX21196,2362,295.000000000000000,0.005121527859722,0.284658014774323,3.426339387893677,3.141681373119354,0.499149419493594,0.414352098922763,147.249078750610380,0.345471203327179,0.784645974636078
2363,MX11045,2363,4569.000000000000000,0.079322917935833,0.244730755686760,8.159633636474609,7.914902880787849,0.351918808171723,0.256354668479003,1607.917034536601022,0.314067363739014,0.415965461730957
2364,MX30092,2364,887.000000000000000,0.015399305801944,0.317274719476700,11.694772720336914,11.377498000860214,0.791443079945199,1.207914735234252,702.010011911391871,0.466482788324356,1.066799306869507
2365,MX29042,2365,35.000000000000000,0.000607638898611,3.225808382034302,31.710510253906250,28.484701871871948,9.157243803569251,6.606776413254000,320.503533124923820,7.686682701110840,18.517035675048835
2366,MX28043,2366,4419.000000000000000,0.076718751227500,0.263592034578323,13.775753974914551,13.512161940336227,0.482080535884355,0.709306238158119,2130.313888072966165,0.342424899339676,0.628030407428742
2367,MX21197,2367,1545.000000000000000,0.026822917095833,0.341320127248764,18.127840042114258,17.786519914865494,0.959159964863151,1.644793759108674,1481.902145713568189,0.500465154647827,1.594329524040222
2368,MX21198,2368,1008.000000000000000,0.017500000280000,0.250068038702011,3.889726638793945,3.639658600091934,0.323355137917494,0.214153309333776,325.941979020833855,0.292291462421417,0.321224516630173
2369,MX24054,2369,2001.000000000000000,0.034739583889167,0.252796322107315,14.391466140747070,14.138669818639755,0.623355677802821,0.788867719220631,1247.334711283445358,0.481478840112686,0.950169384479523
2370,MX21199,2370,729.000000000000000,0.012656250202500,0.327592760324478,15.825233459472656,15.497640699148178,1.083274910520296,1.670768672824706,789.707409769295850,0.435341358184814,2.672948980331423
2371,MX31103,2371,551.000000000000000,0.009565972375278,0.282992303371429,4.969209194183350,4.686216890811920,0.486599840615925,0.441248852351449,268.116512179374809,0.371043086051941,0.617345631122589
2372,MX21200,2372,298.000000000000000,0.005173611193889,0.375776261091232,5.155368804931641,4.779592543840408,0.705513785649466,0.588275160642418,210.243108123540935,0.527695536613464,1.007437372207642
2373,MX13078,2373,680.000000000000000,0.011805555744444,0.292334228754044,3.675826072692871,3.383491843938828,0.534488330387017,0.304820093491093,363.452064663171427,0.432421371340752,0.800265991687775
2374,MX13079,2374,928.000000000000000,0.016111111368889,0.278523504734039,3.756463527679443,3.477940022945404,0.453198599211615,0.292708987811077,420.568300068378278,0.378161653876305,0.612775081396103
2375,MX12070,2375,1290.000000000000000,0.022395833691667,0.276755154132843,7.786305904388428,7.509550750255585,0.417072635403900,0.439486982824085,538.023699671030954,0.335234358906746,0.451655513048172
2376,MX21201,2376,232.000000000000000,0.004027777842222,0.362067550420761,6.469503402709961,6.107435852289200,0.702509890471039,0.724437212724626,162.982294589281025,0.451931774616241,1.067219233512879
2377,MX09013,2377,566.000000000000000,0.009826389046111,1.031511306762695,82.658996582031250,81.627485275268555,23.410669277708450,15.927897831413752,13250.438811182983045,20.519926071166992,45.514328002929688
2378,MX12071,2378,2220.000000000000000,0.038541667283333,0.284777015447617,8.965078353881836,8.680301338434219,0.494396720826626,0.478448575504033,1097.560720235108874,0.358701169490814,0.783497512340546
2379,MX17028,2379,461.000000000000000,0.008003472350278,1.088872194290161,27.071374893188477,25.982502698898315,6.989782579550258,5.143334049412109,3222.289769172668912,5.525845050811768,14.091777801513672
2380,MX21202,2380,390.000000000000000,0.006770833441667,0.360451459884644,4.280112266540527,3.919660806655884,0.776246307064326,0.543310642747072,302.736059755086956,0.611932337284088,1.236550164222719
2381,MX21203,2381,804.000000000000000,0.013958333556667,0.321120768785477,9.397024154663086,9.075903385877609,0.628876275053961,0.831248512502874,505.616525143384479,0.472136542201042,0.660647690296174
2382,MX15115,2382,271.000000000000000,0.004704861186389,0.848240792751312,22.361505508422852,21.513264715671539,5.210610540590602,4.814879767348756,1412.075456500053178,3.878224849700928,13.035465240478516
2383,MX30195,2383,183.000000000000000,0.003177083384167,0.332172334194183,6.261000633239746,5.928828299045563,1.058637150161253,1.075900570450139,193.730598479509382,0.597775161266327,2.163241529464722
2384,MX13080,2384,772.000000000000000,0.013402777992222,0.320941984653473,3.142526865005493,2.821584880352020,0.536816108064640,0.302252218932200,414.422035425902152,0.430839717388153,0.790316629409790
2385,MX14118,2385,2820.000000000000000,0.048958334116667,0.294795900583267,20.473962783813477,20.179166883230209,0.615587891870780,1.151429598536828,1735.957855075600264,0.401367202401161,0.801863098144531
2386,MX07109,2386,1022.000000000000000,0.017743055839444,0.295259922742844,22.715091705322266,22.419831782579422,0.899181745873505,1.839452187632213,918.963744282721905,0.487953260540962,1.205497539043426
2387,MX30196,2387,437.000000000000000,0.007586805676944,0.503881335258484,8.522691726684570,8.018810391426086,1.358986848688234,1.096724263929111,593.877252876758121,0.982440471649170,2.520920753479005
2388,MX21204,2388,146.000000000000000,0.002534722262778,0.344102352857590,9.298515319824219,8.954412966966629,1.228090739005232,1.624727301679878,179.301247894763947,0.530383259057999,2.932425856590271
2389,MX29043,2389,178.000000000000000,0.003090277827222,1.255134582519531,24.513311386108398,23.258176803588867,6.716325713677355,4.996417391723458,1195.505977034569241,5.720041036605835,14.024688816070562
2390,MX17029,2390,950.000000000000000,0.016493055819444,0.782509446144104,24.213123321533203,23.430613875389099,4.667315488489056,4.221613254490658,4433.949714064602631,2.817060470581055,11.348371028900146
2391,MX31104,2391,7329.000000000000000,0.127239585369167,0.242250964045525,4.939393043518066,4.697142079472542,0.311765369319107,0.180440503782353,2284.928391739736071,0.286952644586563,0.319624119997025
2392,MX20561,2392,293.000000000000000,0.005086805636944,0.270172864198685,3.974042415618896,3.703869551420212,0.440397660683446,0.438400813608486,129.036514580249730,0.329423546791077,0.560606598854065
2393,MX31105,2393,240.000000000000000,0.004166666733333,0.545234858989716,7.163836002349854,6.618601143360138,1.058750674128532,0.771877462785902,254.100161790847721,0.802059024572372,1.845673084259033
2394,MX17030,2394,873.000000000000000,0.015156250242500,0.785088896751404,31.210828781127930,30.425739884376526,3.087489487788933,3.614738838554903,2695.378322839738303,1.707078576087952,6.839501762390143
2395,MX26069,2395,14164.000000000000000,0.245902781712222,0.237190678715706,6.866809844970703,6.629619166254997,0.292979099545538,0.141773611278895,4149.755965963002382,0.284833103418350,0.301799985766411
2396,MX30197,2396,552.000000000000000,0.009583333486667,0.283938735723495,6.551014900207520,6.267076164484024,0.491370318916396,0.443454796957020,271.236416041850816,0.397387146949768,0.647188168764115
2397,MX21205,2397,626.000000000000000,0.010868055729444,0.458853214979172,16.336345672607422,15.877492457628250,1.773388230381682,2.148681424068148,1110.141032218932651,0.927934110164642,4.321772336959839
2398,MX31106,2398,663.000000000000000,0.011510416850833,0.265953123569489,4.386300086975098,4.120346963405609,0.386879956335684,0.308872328327027,256.501411050558147,0.321293890476227,0.446316146850586
2399,MX20563,2399,320.000000000000000,0.005555555644444,0.264589101076126,1.776135921478271,1.511546820402145,0.397849452402443,0.214613556083635,127.311824768781619,0.327136769890785,0.577488541603088
2400,MX16106,2400,871.000000000000000,0.015121528019722,0.367916226387024,15.082125663757324,14.714209437370300,1.069248334411639,1.722445761204191,931.315299272537573,0.571106314659119,1.754714250564575
2401,MX11046,2401,3320.000000000000000,0.057638889811111,0.330312579870224,42.012866973876953,41.682554394006729,1.174043906946855,2.596441624058060,3897.825771063559841,0.630097091197968,1.893349862098694
2402,MX20564,2402,310.000000000000000,0.005381944530556,0.259778767824173,1.950990796089172,1.691212028264999,0.345071821731906,0.201778407873951,106.972264736890722,0.297136768698692,0.366032201051712
2403,MX21206,2403,1225.000000000000000,0.021267361451389,0.303944766521454,4.124310493469238,3.820365726947784,0.478885316216216,0.336790279897756,586.634512364864577,0.408059090375900,0.559644329547882
2404,MX21207,2404,871.000000000000000,0.015121528019722,0.379623085260391,18.645977020263672,18.266353935003281,1.568742058888916,1.711730109591230,1366.374333292246320,1.106243491172791,2.717997789382935
2405,MX16107,2405,2265.000000000000000,0.039322917295833,0.282418042421341,19.954210281372070,19.671792238950729,0.973320960472227,2.048887512951833,2204.571975469593326,0.392197519540787,1.600890970230108
2406,MX32056,2406,2241.000000000000000,0.038906250622500,0.320512384176254,153.500335693359375,153.179823309183121,4.220035112938776,12.008472342993748,9457.098688095797115,0.606744349002838,8.890573501586914
2407,MX29044,2407,147.000000000000000,0.002552083374167,1.755589008331299,25.898448944091797,24.142859935760498,7.584188962469296,6.933462678291407,1114.875777482986678,3.257990837097168,18.783818435668948
2408,MX17031,2408,131.000000000000000,0.002274305591944,1.527035236358643,28.919483184814453,27.392447948455811,7.592023964146620,6.132694658972190,994.555139303207170,5.173424243927002,16.065677642822266
2409,MX21208,2409,2429.000000000000000,0.042170139563611,0.349671274423599,24.540941238403320,24.191269963979721,1.055188142207978,1.795465966316782,2563.051997423177454,0.613195478916168,1.642324471473695
2410,MX15116,2410,331.000000000000000,0.005746527869722,0.329708814620972,7.633616924285889,7.303908109664917,0.862013764341792,1.134157544843842,285.326555997133028,0.430459529161453,1.869854807853699
2411,MX14119,2411,2392.000000000000000,0.041527778442222,0.316969096660614,26.910757064819336,26.593787968158722,0.899847330793391,1.708554845805658,2152.434815257791342,0.476561844348907,1.336761176586151
2412,MX15117,2412,1440.000000000000000,0.025000000400000,0.284203082323074,6.041466236114502,5.757263153791428,0.472707576842771,0.360951262684075,680.698910653590247,0.392660006880760,0.631600588560105
2413,MX17032,2413,265.000000000000000,0.004600694518056,0.617623746395111,5.668616294860840,5.050992548465729,1.427777702853364,1.081588178573829,378.361091256141606,0.968021750450134,3.095750141143799
2414,MX30198,2414,1313.000000000000000,0.022795139253611,0.274515628814697,2.682197809219360,2.407682180404663,0.348191529716686,0.129739650856853,457.175478518009186,0.322270929813385,0.405820667743683
2415,MX13081,2415,1367.000000000000000,0.023732639268611,0.276175051927567,22.578807830810547,22.302632778882980,0.835375309579111,1.898030598028478,1141.958048194645244,0.406238019466400,1.054843497276307
2416,MX16108,2416,1676.000000000000000,0.029097222687778,0.337146162986755,38.080963134765625,37.743816971778870,2.682039086406868,5.267879486973240,4495.097508817911148,0.718200176954269,6.357620954513550
2417,MX14120,2417,5785.000000000000000,0.100434029384722,0.345535665750504,76.687171936035156,76.341636270284653,8.887548032276770,15.252445513011967,51414.465366721116879,1.141111493110657,37.054660797119148
2418,MX14121,2418,1255.000000000000000,0.021788194793056,0.303074091672897,20.635053634643555,20.331979542970657,1.371728357447097,2.410285973909941,1721.519088596106485,0.696570992469788,2.294528102874757
2419,MX21209,2419,2116.000000000000000,0.036736111698889,0.270216166973114,7.444070339202881,7.173854172229767,0.425613326589191,0.358547024203872,900.597799062729223,0.346703380346298,0.542011916637421
2420,MX21210,2420,104.000000000000000,0.001805555584444,0.411786258220673,4.135110378265381,3.723324120044708,0.823689844459295,0.657508196569767,85.663743823766694,0.557746887207031,1.472713363170624
2421,MX14122,2421,1522.000000000000000,0.026423611533889,0.271971017122269,5.694066047668457,5.422095030546188,0.399428705387454,0.335758779540811,607.930489599705197,0.334491908550262,0.462957876920700
2422,MX20567,2422,1500.000000000000000,0.026041667083333,0.271833509206772,3.603781461715698,3.331947952508926,0.374246135036151,0.192915509950018,561.369202554226376,0.330051571130753,0.442368352413178
2423,MX20568,2423,215.000000000000000,0.003732638948611,0.344937831163406,3.508202552795410,3.163264721632004,0.568779896858126,0.442266760293570,122.287677824497138,0.433851122856140,0.826811480522156
2424,MX12072,2424,1121.000000000000000,0.019461805866944,0.277365535497665,5.954498291015625,5.677132755517960,0.584740173885803,0.445486010773668,655.493734925985450,0.438417166471481,0.994420886039734
2425,MX13082,2425,579.000000000000000,0.010052083494167,0.586945652961731,14.532500267028809,13.945554614067078,2.594190086004851,2.954904630695002,1502.036059796808786,1.191906929016113,7.814054775238038
2426,MX14123,2426,1989.000000000000000,0.034531250552500,0.414029657840729,12.236518859863281,11.822489202022552,0.692272927771268,0.596877663050373,1376.930853337051758,0.566611588001251,0.884222149848938
2427,MX14023,2427,1350.000000000000000,0.023437500375000,0.310689985752106,36.295982360839844,35.985292375087738,2.829646000840045,6.051996364747558,3820.022101134060904,0.687047690153122,6.536518573761009
2428,MX14124,2428,3589.000000000000000,0.062309028774722,0.445739477872849,43.492267608642578,43.046528130769730,1.959332917503213,3.022550355723587,7032.045840919029615,1.138377904891968,3.388824415206912
2429,MX05038,2429,42271.000000000000000,0.733871539519722,0.240715175867081,20.514141082763672,20.273425906896591,0.327251101907707,0.395650693059021,13833.231328740683239,0.297991842031479,0.351967751979828
2430,MX21211,2430,150.000000000000000,0.002604166708333,0.527690887451172,18.448631286621094,17.920940399169922,2.315725282033283,3.066638907996521,347.358792304992505,1.029807925224304,5.535047006607049
2431,MX24055,2431,3087.000000000000000,0.053593750857500,0.326503843069077,18.478345870971680,18.151842027902603,0.874494248999334,1.182208187909518,2699.563746660944162,0.579089045524597,1.254556226730347
2432,MX30199,2432,105.000000000000000,0.001822916695833,1.806066036224365,8.244352340698242,6.438286304473877,3.153600536073956,1.392933303346412,331.128056287765389,2.708894729614258,5.277358245849610
2433,MX21212,2433,1330.000000000000000,0.023090278147222,0.306013822555542,8.761311531066895,8.455297708511353,0.613435804440563,0.593035764561101,815.869619905948525,0.450582474470139,0.957411926984788
2434,MX13083,2434,1595.000000000000000,0.027690972665278,0.488452523946762,41.780933380126953,41.292480856180191,2.247882058160803,4.196709173889430,3585.371882766480667,1.002487540245056,4.093444442749023
2435,MX30200,2435,875.000000000000000,0.015190972465278,0.304741352796555,1.971664786338806,1.666923433542252,0.472210614272526,0.167046149554969,413.184287488460598,0.415069967508316,0.660182988643646
2436,MX12038,2436,7193.000000000000000,0.124878474220278,0.252096205949783,30.669473648071289,30.417377442121506,0.704734168902206,1.818627551903936,5069.152876913564796,0.331291556358337,0.873635721206665
2437,MX21213,2437,877.000000000000000,0.015225694688056,0.323809653520584,2.006087064743042,1.682277411222458,0.491898492233511,0.240675706009687,431.394977688789425,0.396568596363068,0.737367939949036
2438,MX29037,2438,383.000000000000000,0.006649305661944,0.446857810020447,20.115991592407227,19.669133782386780,1.445092267685086,2.480803084044126,553.470338523387909,0.655695974826813,2.745393514633179
2439,MX13084,2439,4359.000000000000000,0.075677084544167,0.269860088825226,20.956344604492188,20.686484515666962,0.630657372158254,1.128276498927325,2749.035485237829562,0.387471735477448,0.909861326217653
2440,MX20570,2440,1722.000000000000000,0.029895833811667,0.238514780998230,23.125547409057617,22.887032628059387,0.551194863253285,1.206016091805485,949.157554522157398,0.290530279278755,0.748715311288834
2441,MX07111,2441,946.000000000000000,0.016423611373889,0.387148082256317,88.116531372070312,87.729383289813995,4.293119223973462,9.205337598099968,4061.290785878894894,0.939730376005173,10.974572658538818
2442,MX15118,2442,1532.000000000000000,0.026597222647778,0.342673480510712,36.600730895996094,36.258057415485382,2.963929350106125,4.994051141968227,4540.739764362583628,0.636279612779617,8.808761978149414
2443,MX21214,2443,312.000000000000000,0.005416666753333,0.471361398696899,15.127357482910156,14.655996084213257,1.577461131776755,2.233992841664918,492.167873114347572,0.776027023792267,2.956730127334596
2444,MX16109,2444,566.000000000000000,0.009826389046111,0.348898589611053,4.075932979583740,3.727034389972687,0.552959315294512,0.433217421985378,312.974972456693649,0.419426918029785,0.771847695112228
2445,MX16110,2445,2961.000000000000000,0.051406250822500,0.328138232231140,33.493606567382812,33.165468335151672,0.953796374842107,1.749533046897217,2824.191065907478787,0.510582327842712,1.614388704299927
2446,MX16111,2446,795.000000000000000,0.013802083554167,0.330912053585052,3.936659097671509,3.605747044086456,0.701638023171035,0.476503802792492,557.802228420972483,0.523111879825592,1.246694469451905
2447,MX12073,2447,10544.000000000000000,0.183055558484444,0.233263641595840,8.532536506652832,8.299272865056992,0.349995427492197,0.248023311175250,3690.351787477725338,0.301945805549622,0.422190150618553
2448,MX16112,2448,2539.000000000000000,0.044079861816389,0.321421235799789,31.458261489868164,31.136840254068375,1.463946145390280,3.014681927657794,3716.959263145919977,0.637278616428375,2.496682643890391
2449,MX12074,2449,1496.000000000000000,0.025972222637778,0.266374230384827,7.405920028686523,7.139545798301697,0.524244609742082,0.532939055533993,784.269936174154168,0.369635194540024,0.881069511175156
2450,MX30201,2450,1402.000000000000000,0.024340278167222,0.354230403900146,8.063615798950195,7.709385395050049,0.648750274034268,0.438905434225008,909.547884196043469,0.572120338678360,0.866367620229721
2451,MX21215,2451,178.000000000000000,0.003090277827222,0.361824721097946,4.877150058746338,4.515325337648392,0.631420930282453,0.597736099888532,112.392925590276704,0.461661294102669,0.870483720302583
2452,MX30202,2452,1208.000000000000000,0.020972222557778,0.261848419904709,1.071931600570679,0.810083180665970,0.354097437557598,0.091162207554802,427.749704569578626,0.328570336103439,0.426426649093628
2453,MX21216,2453,91.000000000000000,0.001579861136389,0.406909734010696,2.063980340957642,1.657070606946945,0.633339483331848,0.266302136932244,57.633892983198166,0.556142985820770,0.840672194957733
2454,MX21217,2454,1327.000000000000000,0.023038194813056,0.269866198301315,3.992553949356079,3.722687751054764,0.528410835066684,0.335265149689041,701.201178133489179,0.432362258434296,0.790319418907166
2455,MX30203,2455,347.000000000000000,0.006024305651944,0.414319455623627,3.348541259765625,2.934221804141998,0.631297395191550,0.337842748259720,219.060196131467706,0.529179632663727,0.848735487461090
2456,MX15119,2456,998.000000000000000,0.017326389166111,0.389031291007996,13.499497413635254,13.110466122627258,1.238880538420831,1.543718428074270,1236.402777343989328,0.634040981531143,2.761609268188480
2457,MX15120,2457,1114.000000000000000,0.019340278087222,1.415372610092163,53.001953125000000,51.586580514907837,10.941020564074151,9.664118557393895,12188.296908378604712,7.484152555465698,25.108258819580080
