OID_,ADM2_PCODE,ZONE_CODE,COUNT,AREA,MIN,MAX,RANGE,MEAN,STD,SUM,MEDIAN,PCT90
1,MX31001,1,1458.000000000000000,0.025312500405000,0.224128454923630,4.132161617279053,3.908033162355423,0.358093406795556,0.295591323119061,522.100187107920760,0.284194275736809,0.456273475289345
2,MX05001,2,3900.000000000000000,0.067708334416667,0.221736207604408,9.037424087524414,8.815687879920006,0.318605631375924,0.357057870359175,1242.561962366103899,0.287218853831291,0.331241568922997
3,MX11001,3,3062.000000000000000,0.053159723072778,0.408692777156830,26.359893798828125,25.951201021671295,1.364104373004604,1.847316159344946,4176.887590140097927,0.852122187614441,2.402774238586427
4,MX19001,4,239.000000000000000,0.004149305621944,0.611726880073547,8.567096710205078,7.955369830131531,1.545909091019729,1.398584324825281,369.472272753715288,1.019022583961487,2.977710533142090
5,MX28001,5,9508.000000000000000,0.165069447085556,0.196429237723351,9.465916633605957,9.269487395882607,0.273288046463940,0.265665487151552,2598.422745779140314,0.247664608061314,0.275859409570694
6,MX20001,6,616.000000000000000,0.010694444615556,0.171018332242966,2.645550727844238,2.474532395601273,0.249515207726266,0.168095585503538,153.701367959380121,0.222509011626244,0.261075854301453
7,MX07001,7,1207.000000000000000,0.020954861446389,0.174762472510338,9.867280960083008,9.692518487572670,0.460386133072982,0.737148141647010,555.686062619089739,0.259269893169403,0.745751166343689
8,MX21001,8,869.000000000000000,0.015086805796944,0.414235651493073,124.590721130371094,124.176485478878021,2.687143668755293,5.203619762684289,2335.127848148349585,1.181259512901306,7.085127544403077
9,MX30001,9,483.000000000000000,0.008385416800833,0.299697667360306,3.753063678741455,3.453366011381149,0.553312832277507,0.447724079364510,267.250097990035897,0.393890649080276,0.947439384460449
10,MX07002,10,2342.000000000000000,0.040659722872778,0.226116746664047,14.852117538452148,14.626000791788101,0.515000393962524,0.850949771393161,1206.130922660230908,0.347003117203712,0.651272267103196
11,MX11002,11,4363.000000000000000,0.075746528989722,0.317976921796799,25.586061477661133,25.268084555864334,0.948477249106706,1.779206133613538,4138.206237852560662,0.496184170246124,1.575515604019166
12,MX15001,12,2356.000000000000000,0.040902778432222,0.325659513473511,19.993976593017578,19.668317079544067,1.129914593501792,1.356469091499768,2662.078782290222080,0.732891082763672,2.143828749656677
13,MX31002,13,691.000000000000000,0.011996527969722,0.282762855291367,14.617259025573730,14.334496170282364,0.971982986252491,1.468765818528582,671.640243500471115,0.580991804599762,1.506762027740479
14,MX07003,14,2609.000000000000000,0.045295139613611,0.158841878175735,10.320700645446777,10.161858767271042,0.456991191817774,0.577909647223207,1192.290019452571414,0.332806557416916,0.706794047355652
15,MX18001,15,7160.000000000000000,0.124305557544444,0.201374635100365,21.261486053466797,21.060111418366432,0.381608611740712,0.852969253492100,2732.317660063501080,0.263453871011734,0.434242290258408
16,MX12001,16,8405.000000000000000,0.145920141223611,0.224743008613586,52.730792999267578,52.506049990653992,2.205022150015699,5.257860572798282,18533.211170881953876,0.461133599281311,4.847618961334230
17,MX21002,17,900.000000000000000,0.015625000250000,0.272776961326599,2.725198507308960,2.452421545982361,0.381815769804848,0.186710118363374,343.634192824363481,0.339633718132973,0.470589438080788
18,MX12076,18,3089.000000000000000,0.053628473080278,0.198427528142929,6.062261581420898,5.863834053277969,0.406362778495415,0.338072025859457,1255.254622772337598,0.295372813940048,0.694628512859345
19,MX14001,19,1695.000000000000000,0.029427083804167,0.328048676252365,12.228669166564941,11.900620490312576,0.811738721670302,0.872677383006978,1375.897133231161206,0.571789145469666,1.251231169700623
20,MX13001,20,1202.000000000000000,0.020868055889444,0.282270520925522,7.312976837158203,7.030706316232681,0.962639406273845,0.830154060048035,1157.092566341161955,0.676461935043335,1.813734757900239
21,MX21003,21,2998.000000000000000,0.052048611943889,0.188251852989197,26.060941696166992,25.872689843177795,0.638433425197052,1.525508473112638,1914.023408740761624,0.298422604799271,0.876723080873490
22,MX30002,22,91.000000000000000,0.001579861136389,0.335813969373703,5.369260311126709,5.033446341753006,0.771568650727744,0.885078451005697,70.212747216224670,0.463072061538696,1.533143043518066
23,MX14002,23,766.000000000000000,0.013298611323889,0.384546577930450,19.369258880615234,18.984712302684784,1.499901097997360,2.282239174873617,1148.924241065978094,0.709069937467575,3.066799521446228
24,MX20002,24,3714.000000000000000,0.064479167698333,0.213637530803680,6.830225467681885,6.616587936878204,0.443833026029952,0.401665322072505,1648.395858675242152,0.341196641325951,0.622308808565140
25,MX21004,25,691.000000000000000,0.011996527969722,0.366379261016846,29.520046234130859,29.153666973114014,2.246583292047815,3.729297756122675,1552.389054805040132,0.799515902996063,5.826135158538818
26,MX13002,26,1189.000000000000000,0.020642361441389,0.402146697044373,12.272963523864746,11.870816826820374,1.360751614438275,1.268377980972020,1617.933669567108382,0.919034659862518,2.768150949478149
27,MX30003,27,3213.000000000000000,0.055781250892500,0.226593837141991,26.605150222778320,26.378556385636330,0.693778425158277,1.858588781323895,2229.110080033543909,0.334944367408752,0.867288470268250
28,MX15002,28,429.000000000000000,0.007447916785833,1.934440732002258,79.797447204589844,77.863006472587585,15.004557927171666,14.461706066788263,6436.955350756644293,9.555941581726074,31.724223327636718
29,MX26001,29,1976.000000000000000,0.034305556104444,0.209542065858841,6.387165546417236,6.177623480558395,0.284555429268463,0.286375720890249,562.281528234482039,0.247081466019154,0.282092168927193
30,MX21005,30,371.000000000000000,0.006440972325278,0.363990128040314,6.967551708221436,6.603561580181122,0.682658757080608,0.741647505835652,253.266398876905555,0.482330709695816,0.894115924835205
31,MX13003,31,1359.000000000000000,0.023593750377500,0.244773358106613,41.498767852783203,41.253994494676590,2.214615003710902,4.470347454780765,3009.661790043116071,0.541483581066132,5.348063564300537
32,MX30004,32,4253.000000000000000,0.073836806736944,0.221686929464340,10.029386520385742,9.807699590921402,0.430230552344190,0.445395085598343,1829.770539119841715,0.331351131200790,0.577961337566376
33,MX29022,33,75.000000000000000,0.001302083354167,0.760178565979004,12.193545341491699,11.433366775512695,3.156041522026061,3.114740301610892,236.703114151954594,1.526198387145996,8.928759765625014
34,MX16001,34,873.000000000000000,0.015156250242500,0.227644816040993,6.732916355133057,6.505271539092064,0.526034935062831,0.601908579464868,459.228498309851602,0.369162887334824,0.757489061355591
35,MX30005,35,900.000000000000000,0.015625000250000,0.226827651262283,7.118306636810303,6.891478985548019,0.371537366592222,0.386418431852809,334.383629932999554,0.307305797934532,0.434324222803116
36,MX15003,36,2262.000000000000000,0.039270833961667,0.322784155607224,12.295639038085938,11.972854882478714,1.021556664182486,1.036053896746421,2310.761174380783814,0.708748131990433,1.757752561569215
37,MX30006,37,830.000000000000000,0.014409722452778,0.246357008814812,7.429419994354248,7.183062985539436,0.863332276189902,1.000636861095303,716.565789237618787,0.504671066999435,1.896376121044159
38,MX05002,38,60849.000000000000000,1.056406266902500,0.197911992669106,57.597827911376953,57.399915918707848,0.383204812826899,1.793945738703356,23317.629655704007746,0.253933429718018,0.278530567884445
39,MX13004,39,601.000000000000000,0.010434027944722,0.248478710651398,3.600532531738281,3.352053821086884,0.498423126592811,0.382747412894301,299.552299082279376,0.393148571252823,0.712242841720581
40,MX30204,40,1795.000000000000000,0.031163194943056,0.655994474887848,674.762145996093750,674.106151521205902,5.619335813475852,32.800392159753002,10086.707785189155402,1.482960700988770,6.347393417358401
41,MX26002,41,21434.000000000000000,0.372118061509444,0.198739871382713,80.724784851074219,80.526044979691505,0.507506207052956,2.497841483315318,10877.888041973050349,0.253905549645424,0.333670425415039
42,MX19002,42,5103.000000000000000,0.088593751417500,0.224216878414154,7.755311012268066,7.531094133853912,0.317547874510953,0.311201911096829,1620.446803629391297,0.273019254207611,0.323412954807281
43,MX01001,43,5938.000000000000000,0.103090279427222,0.288912594318390,130.303878784179688,130.014966189861298,6.702858882390650,13.557665482796923,39801.576043635679525,1.009772062301636,29.150825119018585
44,MX16002,44,6898.000000000000000,0.119756946360556,0.180002570152283,10.907338142395020,10.727335572242737,0.292671790431292,0.375466364786145,2018.850010395049139,0.245782829821110,0.302112880349159
45,MX25001,45,16923.000000000000000,0.293802088034167,0.211973085999489,66.240859985351562,66.028886899352074,1.288906506417854,4.441401750400531,21812.164808109340811,0.322181403636932,1.605556178092957
46,MX18002,46,2524.000000000000000,0.043819445145556,0.197025448083878,11.220104217529297,11.023078769445419,0.361637663409090,0.556465736546842,912.773462444544066,0.265631854534149,0.436198261380196
47,MX21006,47,456.000000000000000,0.007916666793333,0.313719391822815,6.453042984008789,6.139323592185974,0.774532462355860,0.732406515431084,353.186802834272328,0.493434891104698,1.577599823474884
48,MX12002,48,4282.000000000000000,0.074340278967222,0.200067237019539,6.116834640502930,5.916767403483391,0.300511953246504,0.247341193669674,1286.792183801530655,0.257040828466415,0.347112154960632
49,MX24001,49,3917.000000000000000,0.068003473310278,0.220379799604416,18.310661315917969,18.090281516313553,0.457819099694239,0.694195180750140,1793.277413502335094,0.306529372930527,0.701925325393677
50,MX14003,50,1366.000000000000000,0.023715278157222,0.253598183393478,22.847061157226562,22.593462973833084,0.753393901149316,1.880368049333326,1029.136068969965663,0.362623021006584,0.840924680233002
51,MX21007,51,909.000000000000000,0.015781250252500,0.246141493320465,4.117774009704590,3.871632516384125,0.350126830887611,0.256900893958101,318.265289276838132,0.303155183792114,0.391575992107391
52,MX21008,52,303.000000000000000,0.005260416750833,0.400402486324310,11.439160346984863,11.038757860660553,1.780424127681026,1.816980845233473,539.468510687350886,1.120125889778137,3.969905853271484
53,MX21009,53,354.000000000000000,0.006145833431667,0.235997989773750,4.183062076568604,3.947064086794853,0.430588451608763,0.408418073603631,152.428311869502011,0.313640832901001,0.602016210556030
54,MX08001,54,91485.000000000000000,1.588281275412500,0.209988057613373,29.129375457763672,28.919387400150299,0.280217862704672,0.330043332187992,25635.731169536891684,0.265398949384689,0.295404738187790
55,MX13005,55,1190.000000000000000,0.020659722552778,0.449927181005478,10.700764656066895,10.250837475061417,1.062399016784020,1.278353628310213,1264.254829972984453,0.655615627765656,1.784943211078645
56,MX21010,56,1939.000000000000000,0.033663194983056,0.247371673583984,22.090772628784180,21.843400955200195,0.873176768998499,1.577933916411502,1693.089755088089305,0.482449620962143,1.472328948974609
57,MX12003,57,9798.000000000000000,0.170104169388333,0.166203767061234,7.819693565368652,7.653489798307419,0.309479861107133,0.298507844660715,3032.283679127684536,0.247122392058372,0.389488744735718
58,MX31003,58,385.000000000000000,0.006684027884722,0.254488408565521,13.085787773132324,12.831299364566803,0.877404273872252,1.670951805238706,337.800645440816822,0.391766935586929,1.351442098617554
59,MX30160,59,6359.000000000000000,0.110399307321944,0.235709816217422,61.915550231933594,61.679840415716171,0.706805327090852,2.128421915843307,4494.575074970730384,0.408504575490952,0.866345214843750
60,MX26003,60,33668.000000000000000,0.584513898241111,0.193540394306183,21.403305053710938,21.209764659404755,0.282842902882911,0.444200082636489,9522.754854261842411,0.247038118541241,0.283856272697449
61,MX24002,61,2955.000000000000000,0.051302084154167,0.210878267884254,4.104849338531494,3.893971070647240,0.310170891119542,0.186892069723270,916.554983258246693,0.272113621234894,0.367715364694595
62,MX21011,62,392.000000000000000,0.006805555664444,0.201023787260056,7.777375698089600,7.576351910829544,0.376381106712685,0.643454317172172,147.541393831372346,0.251962512731552,0.378418430685997
63,MX12004,63,2302.000000000000000,0.039965278417222,0.194644719362259,6.830547809600830,6.635903090238571,0.386539152285309,0.465663779815403,889.813128560782275,0.269246339797974,0.517906731367111
64,MX07113,64,131.000000000000000,0.002274305591944,0.383631706237793,6.616703033447266,6.233071327209473,1.449305269099374,1.061307646981355,189.858990252018032,1.135817646980286,2.742398262023926
65,MX08002,65,49188.000000000000000,0.853958346996667,0.210344225168228,44.131557464599609,43.921213239431381,0.327207052726211,0.736150200720677,16094.660509496854502,0.275101169943810,0.328100907802582
66,MX28002,66,18846.000000000000000,0.327187505235000,0.183056041598320,20.958326339721680,20.775270298123360,0.286449050380365,0.448186699618330,5398.418803468355691,0.249254815280437,0.299599021673203
67,MX13006,67,2169.000000000000000,0.037656250602500,0.268461465835571,7.019549846649170,6.751088380813599,0.529002839585173,0.431944018017031,1147.407159060240929,0.395262956619263,0.863937020301819
68,MX21012,68,258.000000000000000,0.004479166738333,0.368787080049515,13.291749954223633,12.922962874174118,1.215526025886683,1.850262541759953,313.605714678764286,0.532459586858749,2.684034204483035
69,MX05003,69,1335.000000000000000,0.023177083704167,0.226787999272346,20.849981307983398,20.623193308711052,0.960862373859247,2.447326036678770,1282.751269102095193,0.292383134365082,1.255737686157227
70,MX08003,70,11190.000000000000000,0.194270836441667,0.217369154095650,17.049495697021484,16.832126542925835,0.319702350066592,0.465573705644011,3577.469297245160305,0.270924523472786,0.321658369898796
71,MX19004,71,987.000000000000000,0.017135416940833,0.310702383518219,28.673654556274414,28.362952172756195,2.067717241872529,3.167714297427756,2040.836917728186336,0.978029370307922,4.556515693664550
72,MX13007,72,1358.000000000000000,0.023576389266111,0.250440388917923,10.069889068603516,9.819448679685593,0.548111617214022,0.614031026253218,744.335576176641780,0.382306411862373,0.846680742502212
73,MX15004,73,845.000000000000000,0.014670139123611,0.250150442123413,8.470404624938965,8.220254182815552,0.710696492710057,0.787290387500692,600.538536339998018,0.498090565204620,1.132271718978882
74,MX15005,74,2381.000000000000000,0.041336806216944,0.393225491046906,36.801300048828125,36.408074557781219,1.901888766042428,2.478516250393855,4528.397151947022394,1.090608477592468,3.759001255035400
75,MX15006,75,45.000000000000000,0.000781250012500,1.287213802337646,20.777893066406250,19.490679264068604,6.423958399560717,5.638793518902045,289.078127980232239,3.948033332824707,15.246114730834964
76,MX30008,76,349.000000000000000,0.006059027874722,0.248254314064980,4.437799930572510,4.189545616507530,0.595665095144493,0.454757198694650,207.887118205428038,0.476154774427414,0.983222723007201
77,MX12005,77,460.000000000000000,0.007986111238889,0.238785684108734,19.388591766357422,19.149806082248688,0.612131646113551,1.172032841591580,281.580557212233316,0.321064502000809,0.986401271820069
78,MX28003,78,8372.000000000000000,0.145347224547778,0.210802331566811,368.788177490234375,368.577375158667564,2.674147761790408,10.028041915911212,22387.965061709295696,0.346255272626877,4.976386356353763
79,MX07004,79,4662.000000000000000,0.080937501295000,0.178080916404724,12.786366462707520,12.608285546302795,0.371052694580857,0.608538021500550,1729.847662135956853,0.268700048327446,0.469487324357033
80,MX26004,80,24210.000000000000000,0.420312506725000,0.204274237155914,33.560588836669922,33.356314599514008,0.301053855396140,0.726452637755395,7288.513839140551681,0.255630373954773,0.290656501054764
81,MX21013,81,235.000000000000000,0.004079861176389,0.590474426746368,16.176988601684570,15.586514174938202,2.064824376714989,2.706366115718266,485.233728528022368,0.970409452915192,4.623671627044677
82,MX30009,82,3201.000000000000000,0.055572917555833,0.211123034358025,28.870677947998047,28.659554913640022,0.441191539647838,1.001377588278759,1412.254118412729895,0.281545162200928,0.510232508182526
83,MX30010,83,1622.000000000000000,0.028159722672778,0.235726580023766,17.961208343505859,17.725481763482094,0.721847033915920,1.189681882330988,1170.835889011621475,0.415803954005241,1.259273564815523
84,MX30011,84,3424.000000000000000,0.059444445395556,0.227905765175819,40.937614440917969,40.709708675742149,0.998522999753011,2.818832979705255,3418.942751154308553,0.347972095012665,1.221280741691591
85,MX09010,85,475.000000000000000,0.008246527909722,0.811145901679993,85.686607360839844,84.875461459159851,36.500951500189984,24.927044282317198,17337.951962590243056,39.478122711181641,69.007843017578125
86,MX16003,86,797.000000000000000,0.013836805776944,0.356306374073029,9.457028388977051,9.100722014904022,0.941116626356895,1.082738330350498,750.069951206445239,0.604449689388275,1.587779140472412
87,MX14004,87,622.000000000000000,0.010798611283889,0.238541424274445,6.096808910369873,5.858267486095428,0.537754925093658,0.673916217273037,334.483563408255520,0.346162259578705,0.782222199440002
88,MX17001,88,577.000000000000000,0.010017361271389,0.363052755594254,11.088853836059570,10.725801080465317,1.127670725307183,1.275470276816332,650.666008502244722,0.619460165500641,2.307670736312866
89,MX15007,89,1099.000000000000000,0.019079861416389,0.281959831714630,9.805101394653320,9.523141562938690,0.904400394058314,0.949230808202041,993.936033070087433,0.578477382659912,1.792942619323731
90,MX07005,90,1545.000000000000000,0.026822917095833,0.238209500908852,6.907167911529541,6.668958410620689,0.464829885863178,0.419926749356716,718.162173658609277,0.358122587203979,0.671602320671082
91,MX07006,91,1219.000000000000000,0.021163194783056,0.213346734642982,5.498061180114746,5.284714445471764,0.547702550374649,0.498170362234267,667.649408906697204,0.385204523801804,0.908806109428406
92,MX07007,92,741.000000000000000,0.012864583539167,0.224049225449562,4.514028549194336,4.289979323744774,0.459415288086523,0.452928136700022,340.426728472113837,0.316600769758224,0.685185790061951
93,MX15008,93,3134.000000000000000,0.054409723092778,0.209653660655022,7.442859172821045,7.233205512166023,0.353700733348375,0.360847883066749,1108.498098313807759,0.286670848727226,0.434988680481911
94,MX14005,94,864.000000000000000,0.015000000240000,0.325684607028961,19.002330780029297,18.676646173000336,0.935647872897487,1.769567131237327,808.399762183428948,0.502207159996033,1.217794251441956
95,MX30012,95,648.000000000000000,0.011250000180000,0.272668659687042,5.457345485687256,5.184676826000214,0.481706030390881,0.419260859100566,312.145507693290540,0.369568780064583,0.677980107069016
96,MX18003,96,2585.000000000000000,0.044878472940278,0.202439561486244,5.520341873168945,5.317902311682701,0.302960645259004,0.280822296275512,783.153267994525550,0.254121303558350,0.328377056121826
97,MX30014,97,751.000000000000000,0.013038194653056,0.380922079086304,13.695383071899414,13.314460992813110,1.818551264772723,2.048209904861825,1365.731999844315169,1.005115389823914,4.316987991333008
98,MX29001,98,54.000000000000000,0.000937500015000,1.298151969909668,9.742730140686035,8.444578170776367,5.126584812446876,2.663504091488170,276.835579872131291,5.372489929199219,8.672939682006836
99,MX22001,99,3549.000000000000000,0.061614584319167,0.338117629289627,27.332912445068359,26.994794815778732,0.946505209624716,1.233888238436258,3359.146988958115344,0.660367131233215,1.618092083930970
100,MX14006,100,4195.000000000000000,0.072829862276389,0.204391807317734,28.033130645751953,27.828738838434219,0.679578451476591,1.891961008468483,2850.831603944301150,0.317227780818939,0.893545126914978
101,MX15009,101,870.000000000000000,0.015104166908333,0.344918608665466,27.696584701538086,27.351666092872620,2.213517618213575,3.869457488174783,1925.760327845810252,0.747403562068939,5.905766153335574
102,MX21014,102,219.000000000000000,0.003802083394167,0.336432754993439,3.637956380844116,3.301523625850677,0.583115674181072,0.443376277287651,127.702332645654693,0.441945821046829,0.925339484214783
103,MX21015,103,673.000000000000000,0.011684027964722,0.704171717166901,40.219718933105469,39.515547215938568,6.159903223854646,8.079386480837613,4145.614869654176800,2.395491361618042,18.728388214111344
104,MX19005,104,23826.000000000000000,0.413645839951667,0.215096995234489,36.145824432373047,35.930727437138557,0.344040255017015,0.944511869631307,8197.103116035406856,0.273090392351151,0.339409008622169
105,MX16004,105,1196.000000000000000,0.020763889221111,0.270960688591003,7.993563652038574,7.722602963447571,0.521248693275812,0.565940131775133,623.413437157870931,0.376633644104004,0.735825121402740
106,MX16005,106,378.000000000000000,0.006562500105000,0.272928178310394,10.347761154174805,10.074832975864410,0.790665825996449,1.160621740906690,298.871682226657867,0.440271586179733,1.583819258213043
107,MX07008,107,2822.000000000000000,0.048993056339444,0.148566916584969,16.375566482543945,16.226999565958977,0.369358196157584,0.805356196397779,1042.328829556702658,0.239003501832485,0.411769992113113
108,MX30015,108,2128.000000000000000,0.036944445035556,0.210243344306946,9.538132667541504,9.327889323234558,0.393055343020119,0.479354814918303,836.421769946812333,0.292661368846893,0.524379271268845
109,MX25002,109,6640.000000000000000,0.115277779622222,0.208426684141159,16.339664459228516,16.131237775087357,0.531257364593715,1.074144817507595,3527.548900902265814,0.297349438071251,0.702760189771654
110,MX20174,110,15.000000000000000,0.000260416670833,2.245827913284302,9.949711799621582,7.703883886337280,6.417498811086020,2.285817704651040,96.262482166290297,5.889184951782227,9.386199188232421
111,MX28004,111,2941.000000000000000,0.051059028594722,0.209729731082916,4.143663406372070,3.933933675289154,0.317004015132791,0.253184502227082,932.308808505537627,0.270214915275574,0.357963651418686
112,MX13008,112,1591.000000000000000,0.027621528219722,0.298543184995651,27.534164428710938,27.235621243715286,1.190344340560725,2.266068984060299,1893.837845832113089,0.662996351718903,1.937171936035156
113,MX11004,113,1868.000000000000000,0.032430556074444,0.478264689445496,27.670877456665039,27.192612767219543,2.022988429655998,2.748556136349769,3778.942386597404493,1.125377655029297,4.035802030563355
114,MX11005,114,2098.000000000000000,0.036423611693889,0.586779356002808,48.487079620361328,47.900300264358521,3.425569406285299,4.677699481914993,7186.844614386557623,1.733057796955109,7.949429464340210
115,MX16006,115,8098.000000000000000,0.140590280027222,0.197166264057159,25.053728103637695,24.856561839580536,0.552470063487521,1.534256143512003,4473.902574121946600,0.278771802783012,0.618168091773987
116,MX15010,116,375.000000000000000,0.006510416770833,0.675822854042053,30.907598495483398,30.231775641441345,4.848336674213415,5.603559262433995,1818.126252830030580,2.284842729568481,12.269109916687015
117,MX12006,117,3085.000000000000000,0.053559028634722,0.194361209869385,6.814788818359375,6.620427608489990,0.301838956017355,0.323808017318604,931.173179313541368,0.256824970245361,0.321127861738205
118,MX30017,118,333.000000000000000,0.005781250092500,0.330715328454971,36.030155181884766,35.699439853429794,1.457103492440403,3.845073135526349,485.215462982654117,0.562313258647919,1.756034421920777
119,MX29002,119,59.000000000000000,0.001024305571944,1.774443149566650,34.663940429687500,32.889497280120850,11.081219024577385,7.625791351329045,653.791922450065726,9.396198272705078,22.697999572753908
120,MX29005,120,218.000000000000000,0.003784722282778,0.870263755321503,43.889507293701172,43.019243538379669,11.186817029473980,10.925628246345195,2438.726112425327756,6.398943901062012,30.257731056213380
121,MX19006,121,1170.000000000000000,0.020312500325000,2.001380920410156,77.710083007812500,75.708702087402344,24.017710183013214,16.789590052749539,28100.720914125460695,23.163285255432129,46.497270584106445
122,MX16007,122,288.000000000000000,0.005000000080000,0.295151770114899,4.978936672210693,4.683784902095795,0.507359111164179,0.484010979679131,146.119424015283585,0.389170929789543,0.606131225824356
123,MX32001,123,1469.000000000000000,0.025503472630278,0.225809648633003,12.963325500488281,12.737515851855278,0.570502833911479,1.105630999230560,838.068663015962443,0.310454368591309,0.699694406986237
124,MX32002,124,1016.000000000000000,0.017638889171111,0.245869845151901,3.431394577026367,3.185524731874466,0.391156772943580,0.237074863665240,397.415281310677585,0.330993190407753,0.490932509303093
125,MX16008,125,11129.000000000000000,0.193211808646944,0.171757623553276,5.429875850677490,5.258118227124214,0.253907077108844,0.129695477120965,2825.731861144323375,0.235083073377609,0.275859951972961
126,MX30018,126,102.000000000000000,0.001770833361667,0.362596690654755,4.134140014648438,3.771543323993683,0.620037764603017,0.576009072327953,63.243851989507711,0.441762477159500,1.003929728269578
127,MX08004,127,2623.000000000000000,0.045538195173056,0.298282325267792,94.542175292968750,94.243892967700958,1.199624666913611,4.368705261049316,3146.615501314401172,0.454534024000168,1.362289309501650
128,MX24003,128,4003.000000000000000,0.069496528889722,0.211315214633942,4.711619853973389,4.500304639339447,0.373152000696964,0.239619718808725,1493.727458789945558,0.297980576753616,0.570421123504639
129,MX21016,129,836.000000000000000,0.014513889121111,0.237938165664673,3.248061895370483,3.010123729705811,0.494728283413005,0.310645148870595,413.592844933271749,0.395024925470352,0.867523819208145
130,MX19007,130,13763.000000000000000,0.238940976045278,0.198494747281075,10.070307731628418,9.871812984347343,0.287113586231858,0.298198510863306,3951.544287309059655,0.250026464462280,0.297236132621765
131,MX14008,131,4746.000000000000000,0.082395834651667,0.257628411054611,20.733394622802734,20.475766211748123,0.734664730642899,1.627738917437735,3486.718811631200879,0.385431036353111,0.912931978702545
132,MX12007,132,3707.000000000000000,0.064357639918611,0.208421722054482,35.209075927734375,35.000654205679893,0.544960422547384,1.252854935036417,2020.168286383153600,0.332639843225479,0.662519025802612
133,MX16009,133,3451.000000000000000,0.059913195403056,0.220505625009537,13.858542442321777,13.638036817312241,0.406743598028356,0.701489014411219,1403.672156795857973,0.295068800449371,0.487861901521683
134,MX26005,134,3872.000000000000000,0.067222223297778,0.203303620219231,4.917554378509521,4.714250758290291,0.250489317030792,0.146474102124270,969.894635543227992,0.239852748811245,0.257594347000122
135,MX26006,135,16617.000000000000000,0.288489587949167,0.211819544434547,8.777239799499512,8.565420255064964,0.265386656498825,0.172663536508502,4409.930071040968869,0.252620577812195,0.272566980123520
136,MX24004,136,3151.000000000000000,0.054704861986389,0.245771646499634,5.959989547729492,5.714217901229858,0.403517672293756,0.232775177366757,1271.484185397626106,0.356143623590469,0.512932419776917
137,MX06001,137,2013.000000000000000,0.034947917225833,0.231739252805710,20.981462478637695,20.749723225831985,0.618069651814699,1.395545661773260,1244.174209102988470,0.338915139436722,0.685164546966553
138,MX07009,138,3895.000000000000000,0.067621528859722,0.197385728359222,22.053817749023438,21.856432020664215,0.561057227283756,1.303863543190383,2185.317900270229075,0.303307116031647,0.710035204887390
139,MX22003,139,3674.000000000000000,0.063784723242778,0.205167934298515,6.959895133972168,6.754727199673653,0.370480806523682,0.417107202187783,1361.146483168007308,0.280882924795151,0.488203647732735
140,MX05004,140,8449.000000000000000,0.146684030124722,0.236438646912575,54.557655334472656,54.321216687560081,0.730058040699602,2.209745841770545,6168.260385870938080,0.345149278640747,0.855151247978210
141,MX16010,141,16928.000000000000000,0.293888893591111,0.179642856121063,8.301680564880371,8.122037708759308,0.255553038527622,0.220847612238443,4326.001836195591750,0.237716883420944,0.264112427830696
142,MX08005,142,70001.000000000000000,1.215295158333611,0.209615066647530,53.195747375488281,52.986132308840752,0.310761923192939,0.688059960243898,21753.645385428892041,0.275285661220551,0.323503166437149
143,MX01002,143,2761.000000000000000,0.047934028544722,0.303183257579803,20.513290405273438,20.210107147693634,1.226646739615775,1.834358494155065,3386.771648079153692,0.606943309307098,2.707422018051147
144,MX30019,144,145.000000000000000,0.002517361151389,0.345042020082474,6.487902641296387,6.142860621213913,1.254088201605040,1.062976676828435,181.842789232730780,0.925276756286621,2.258195114135741
145,MX20003,145,374.000000000000000,0.006493055659444,0.219658225774765,2.046925783157349,1.827267557382584,0.331389955498955,0.181474264344885,123.939843356609316,0.282813474535942,0.443746799230576
146,MX20004,146,410.000000000000000,0.007118055669444,0.199294760823250,2.052754640579224,1.853459879755974,0.284838478412570,0.191701705184574,116.783776149153780,0.248472966253757,0.298096230626106
147,MX20005,147,3211.000000000000000,0.055746528669722,0.221981033682823,10.616972923278809,10.394991889595985,0.442234433419383,0.511453258662580,1420.014765709637686,0.324204474687576,0.596438646316528
148,MX20006,148,1683.000000000000000,0.029218750467500,0.197186365723610,14.931957244873047,14.734770879149437,0.471095473645558,1.040281754430518,792.853682145474863,0.270874053239822,0.577485549449921
149,MX20007,149,23.000000000000000,0.000399305561944,0.396671772003174,4.489301681518555,4.092629909515381,1.705573543258335,1.222533569591987,39.228191494941711,1.456173062324524,3.085677003860474
150,MX20008,150,924.000000000000000,0.016041666923333,0.174673989415169,1.545837879180908,1.371163889765739,0.225594662146005,0.084216155928054,208.449467822909043,0.214812435209751,0.237091474235058
151,MX11006,151,1580.000000000000000,0.027430555994444,0.207718312740326,2.254919052124023,2.047200739383698,0.335372368142574,0.181965017200671,529.888341665267376,0.273213282227516,0.493826526403427
152,MX14010,152,1763.000000000000000,0.030607639378611,0.230682611465454,9.703621864318848,9.472939252853394,0.374208020550313,0.581105645659833,659.728740230202220,0.281770169734955,0.384513866901398
153,MX21017,153,241.000000000000000,0.004184027844722,0.331252247095108,23.487016677856445,23.155764430761337,2.462174460724677,3.145549435604223,593.384045034647102,1.458427071571350,4.783062458038330
154,MX12008,154,2749.000000000000000,0.047725695208056,0.185349494218826,6.339075088500977,6.153725594282150,0.319766794976082,0.324874290013239,879.038919389249600,0.259922802448273,0.345937937498093
155,MX15011,155,438.000000000000000,0.007604166788333,3.452336072921753,67.174774169921875,63.722438097000122,12.932448559700088,11.193407552520476,5664.412469148638593,7.793169260025024,30.179288864135742
156,MX14011,156,2195.000000000000000,0.038107639498611,0.192594364285469,3.514359474182129,3.321765109896660,0.282800617352433,0.202640713696047,620.747355088590894,0.246561795473099,0.307263088226318
157,MX14012,157,3043.000000000000000,0.052829861956389,0.187781587243080,5.235281467437744,5.047499880194664,0.270490319374123,0.216581849121548,823.102041855456719,0.238797977566719,0.288256645202637
158,MX21018,158,1631.000000000000000,0.028315972675278,0.198623389005661,7.348795413970947,7.150172024965286,0.423382451094272,0.574392097185514,690.536777734756924,0.284432411193848,0.556738138198853
159,MX26007,159,1636.000000000000000,0.028402778232222,0.218713611364365,6.448860645294189,6.230147033929825,0.289733129173226,0.335631813808995,474.003399327397119,0.255990922451019,0.278650075197220
160,MX13010,160,310.000000000000000,0.005381944530556,1.002784609794617,751.500915527343750,750.498130917549133,23.506223063699661,70.952124178036399,7286.929149746894836,9.300552368164062,38.802960968017580
161,MX15012,161,43.000000000000000,0.000746527789722,1.459806323051453,19.287614822387695,17.827808499336243,7.190830269525219,5.283252027555218,309.205701589584407,6.285337924957275,15.322639656066901
162,MX15013,162,461.000000000000000,0.008003472350278,2.132187128067017,55.484931945800781,53.352744817733765,25.459483101155911,15.165585138376379,11736.821709632875354,24.749872207641602,45.586303710937500
163,MX15014,163,1286.000000000000000,0.022326389246111,0.467781960964203,52.227214813232422,51.759432852268219,3.201989155488661,4.841901340084885,4117.758053958418714,1.487311124801636,7.233800649642944
164,MX30020,164,304.000000000000000,0.005277777862222,0.360771000385284,6.000085353851318,5.639314353466034,1.483576580686005,1.041009809485465,451.007280528545493,1.117080032825470,3.064570212364194
165,MX12009,165,717.000000000000000,0.012447916865833,0.190244093537331,2.578106403350830,2.387862309813499,0.408746975007749,0.280254651141100,293.071581080555916,0.314332038164139,0.653705430030823
166,MX29003,166,537.000000000000000,0.009322916815833,0.355289369821548,6.361715316772461,6.006425946950912,0.728904093943495,0.591514022011117,391.421498447656631,0.533662140369415,1.176807403564454
167,MX13011,167,711.000000000000000,0.012343750197500,0.272284179925919,6.166815757751465,5.894531577825546,0.548310823916719,0.483587502578531,389.848995804787023,0.409542083740234,0.866707086563110
168,MX17002,168,391.000000000000000,0.006788194553056,0.763968348503113,11.904345512390137,11.140377163887024,3.672413137867629,2.727039593751427,1435.913536906243053,2.602634429931641,8.108527183532715
169,MX15015,169,822.000000000000000,0.014270833561667,-1.500000000000000,23.445386886596680,24.945386886596680,1.559724639004454,2.965275050386655,1282.093653261661530,0.606962591409683,3.800385689735410
170,MX21080,170,65.000000000000000,0.001128472240278,0.398445993661880,2.369792222976685,1.971346229314804,0.742547227786137,0.457790605135194,48.265569806098931,0.511196434497833,1.413542366027832
171,MX21019,171,1449.000000000000000,0.025156250402500,0.358695328235626,38.504165649414062,38.145470321178436,3.973062307485806,5.376407824494179,5756.967283546932777,1.569319128990173,10.520644760131837
172,MX12010,172,2804.000000000000000,0.048680556334444,0.192199930548668,8.930640220642090,8.738440290093422,0.348203401975387,0.367760499262284,976.362339138985817,0.260881483554840,0.484663411974907
173,MX29004,173,933.000000000000000,0.016197916925833,0.324946016073227,18.662448883056641,18.337502866983414,1.051807725065389,1.518910095718326,981.336607486007779,0.619091153144836,1.854721331596375
174,MX32003,174,1416.000000000000000,0.024583333726667,0.217084020376205,5.527990341186523,5.310906320810318,0.352862965968032,0.335491306066315,499.653959810733909,0.284572124481201,0.441769972443581
175,MX13013,175,608.000000000000000,0.010555555724444,1.043609380722046,63.403003692626953,62.359394311904907,8.299470801298552,8.153666963112077,5046.078247189519971,5.493569612503052,18.904639244079601
176,MX14013,176,2558.000000000000000,0.044409722932778,0.318160533905029,32.282199859619141,31.964039325714111,1.119482503354875,2.271659026277056,2863.636243581771396,0.524779170751572,1.900544953346253
177,MX13012,177,2286.000000000000000,0.039687500635000,0.241294309496880,11.599461555480957,11.358167245984077,0.604023757921116,0.760573156558735,1380.798310607670828,0.385089352726936,1.060051560401917
178,MX14014,178,2242.000000000000000,0.038923611733889,0.246262803673744,18.521226882934570,18.274964079260826,0.462064468719724,0.755809315371340,1035.948538869621416,0.339864522218704,0.533064711093903
179,MX30021,179,604.000000000000000,0.010486111278889,0.288111060857773,15.344784736633301,15.056673675775528,0.973560884348210,1.613649011187222,588.030774146318663,0.531132131814957,1.643719840049744
180,MX12011,180,7098.000000000000000,0.123229168638333,0.172617197036743,13.543029785156250,13.370412588119507,0.361861903937343,0.598617785914090,2568.495794147257584,0.248377047479153,0.457307377457619
181,MX21020,181,127.000000000000000,0.002204861146389,0.407198339700699,15.727975845336914,15.320777505636215,2.235872046684655,3.066466310684759,283.955749928951207,0.870587408542633,6.198310184478762
182,MX30022,182,319.000000000000000,0.005538194533056,0.455154657363892,9.624751091003418,9.169596433639526,1.307648626053969,1.359958355874644,417.139911711215973,0.756141483783722,2.935786008834839
183,MX21021,183,56.000000000000000,0.000972222237778,0.432189345359802,3.643139600753784,3.210950255393982,0.772592005452940,0.657034648852944,43.265152305364616,0.508094221353531,1.348964214324951
184,MX30023,184,2594.000000000000000,0.045034722942778,0.267045378684998,7.451911449432373,7.184866070747375,0.474121970195630,0.416251624320916,1229.872390687463621,0.381198495626450,0.649306315183640
185,MX21022,185,635.000000000000000,0.011024305731944,0.340279459953308,6.018531322479248,5.678251862525940,0.703129925033239,0.573610836395074,446.487502396106549,0.532769560813904,1.093184137344361
186,MX21023,186,650.000000000000000,0.011284722402778,-1.500000000000000,5.255815029144287,6.755815029144287,0.456719797654794,0.500913961362236,296.867868475616092,0.320962369441986,0.672269964218140
187,MX14015,187,3509.000000000000000,0.060920139863611,0.203597515821457,23.292816162109375,23.089218646287918,0.673123806128988,1.792252339478027,2361.991435706618176,0.289380192756653,0.826463115215302
188,MX15016,188,1422.000000000000000,0.024687500395000,0.539072096347809,23.722429275512695,23.183357179164886,2.151285259909772,2.878717303861871,3059.127639591696607,1.098596215248108,4.721597766876221
189,MX17003,189,701.000000000000000,0.012170139083611,0.368294149637222,16.250215530395508,15.881921380758286,1.258877917805345,1.804700258382684,882.473420381546589,0.643859803676605,2.492241382598877
190,MX24053,190,957.000000000000000,0.016614583599167,0.263463616371155,6.968928337097168,6.705464720726013,0.676535026001955,0.548917894145001,647.444019883870965,0.519597411155701,1.108603000640869
191,MX21024,191,927.000000000000000,0.016093750257500,0.197932556271553,3.041211605072021,2.843279048800468,0.297915067969789,0.238087253793946,276.167268007994039,0.252128303050995,0.301324504613876
192,MX30025,192,861.000000000000000,0.014947916905833,0.238929048180580,3.925074100494385,3.686145052313805,0.462506429485881,0.413392724491867,398.218035787343922,0.326774924993515,0.699900507926941
193,MX17004,193,1865.000000000000000,0.032378472740278,0.371747404336929,58.594421386718750,58.222673982381821,1.811529866524100,2.999005373626027,3378.503201067446753,0.870691061019897,4.066640377044678
194,MX15017,194,251.000000000000000,0.004357638958611,0.904018342494965,16.954261779785156,16.050243437290192,2.822979483946386,2.972143179129976,708.567850470542794,1.392825126647949,6.728012084960938
195,MX20398,195,519.000000000000000,0.009010416810833,0.183045327663422,4.856237888336182,4.673192560672760,0.363027001994883,0.522700065988901,188.411014035344095,0.242468208074570,0.373589468002319
196,MX14016,196,2150.000000000000000,0.037326389486111,0.301740676164627,12.658729553222656,12.356988877058029,0.692415370982747,0.928696828269912,1488.693047612906412,0.445781096816063,1.060351002216339
197,MX21025,197,529.000000000000000,0.009184027924722,0.286429315805435,3.397688627243042,3.111259311437607,0.451588719970563,0.276760576094338,238.890432864427595,0.381216615438461,0.577021515369415
198,MX20009,198,770.000000000000000,0.013368055769444,0.213645547628403,3.522179841995239,3.308534294366837,0.326131387093625,0.256351458028932,251.121168062091073,0.271019622683525,0.357965204119682
199,MX14017,199,4405.000000000000000,0.076475695668056,0.184789031744003,13.367956161499023,13.183167129755020,0.303158652606536,0.456971502267376,1335.413864731789999,0.238384246826172,0.327320218086243
200,MX12012,200,5137.000000000000000,0.089184029204722,0.193222701549530,14.975614547729492,14.782391846179962,0.401749811432741,0.610951118697799,2063.788781329989888,0.290766805410385,0.545004618167878
201,MX09002,201,165.000000000000000,0.002864583379167,30.934169769287109,71.572631835937500,40.638462066650391,54.506597761674321,7.494805968941543,8993.588630676262255,55.391082763671875,62.883305358886716
202,MX12013,202,1924.000000000000000,0.033402778312222,0.214909076690674,9.545855522155762,9.330946445465088,0.389637435455333,0.481409177692861,749.662425816060249,0.292380854487419,0.475207608938217
203,MX31004,203,546.000000000000000,0.009479166818333,0.268137812614441,7.565369129180908,7.297231316566467,0.691541940574245,0.879054169564705,377.581899553537653,0.427904129028320,1.133497953414917
204,MX26008,204,5717.000000000000000,0.099253473810278,0.199682891368866,4.504863739013672,4.305180847644806,0.245506763395697,0.105965597624711,1403.562166333197410,0.240131050348282,0.255489963293076
205,MX23010,205,29961.000000000000000,0.520156258322500,0.146098107099533,18.201995849609375,18.055897742509842,0.257523665126249,0.429717875321839,7715.666530847553986,0.217465728521347,0.252186626195908
206,MX26009,206,6018.000000000000000,0.104479168338333,0.196286454796791,2.565246582031250,2.368960127234459,0.237988041968253,0.055319332487322,1432.212036564947084,0.235373735427856,0.250866737961769
207,MX26010,207,7277.000000000000000,0.126336807576944,0.196902588009834,4.869564056396484,4.672661468386650,0.247680099546639,0.123880266838666,1802.368084400889074,0.241618543863297,0.256864142417908
208,MX08006,208,5061.000000000000000,0.087864584739167,0.217739164829254,6.511501312255859,6.293762147426605,0.346671238880199,0.363388877808554,1754.503139972685631,0.272412478923798,0.381854087114334
209,MX26011,209,6673.000000000000000,0.115850696298056,0.214197680354118,11.869024276733398,11.654826596379280,0.275150024768529,0.296335490459649,1836.076115280393651,0.256499767303467,0.274212414026260
210,MX26012,210,8285.000000000000000,0.143836807856944,0.198896035552025,17.769594192504883,17.570698156952858,0.386609336719431,0.752326141965080,3203.058354720484658,0.254113644361496,0.460831648111343
211,MX25003,211,25018.000000000000000,0.434340284727222,0.200398623943329,18.205335617065430,18.004936993122101,0.288548606746354,0.315303620970505,7218.909043580289108,0.254978254437447,0.302520325779915
212,MX18020,212,3844.000000000000000,0.066736112178889,0.200933605432510,39.897563934326172,39.696630328893661,1.851753687425968,4.355610635007862,7118.141174465421500,0.357117056846619,4.987503623962409
213,MX27001,213,17530.000000000000000,0.304340282647222,0.180860176682472,32.194423675537109,32.013563498854637,0.346254220238531,0.843395153230450,6069.836480781441423,0.250708281993866,0.372762766480446
214,MX08007,214,28074.000000000000000,0.487395841131667,0.200813069939613,14.697095870971680,14.496282801032066,0.264804393089678,0.211197799102745,7434.118531599623566,0.248284995555878,0.273327600955963
215,MX26013,215,4365.000000000000000,0.075781251212500,0.209073051810265,29.639223098754883,29.430150046944618,0.320580469834846,0.822403174396891,1399.333750829104247,0.248343214392662,0.285529839992523
216,MX30026,216,100.000000000000000,0.001736111138889,0.948868811130524,22.241216659545898,21.292347848415375,5.924905759096143,5.766933009421569,592.490575909614336,3.420331597328186,15.742332458496099
217,MX08008,217,11169.000000000000000,0.193906253102500,0.199583902955055,2.806862115859985,2.607278212904930,0.254554240652244,0.069580417368456,2843.116313844912384,0.246839910745621,0.266811299324036
218,MX26014,218,4527.000000000000000,0.078593751257500,0.201598823070526,7.287469863891602,7.085871040821075,0.273885015912580,0.274879085561213,1239.877467036249072,0.243114531040192,0.269776958227158
219,MX26015,219,9312.000000000000000,0.161666669253333,0.195818811655045,4.032052040100098,3.836233228445053,0.252444657071452,0.096949540406333,2350.764646649359747,0.245564781129360,0.262450385093689
220,MX07010,220,382.000000000000000,0.006631944550556,0.233176499605179,4.294062137603760,4.060885637998581,0.518457382527322,0.378649417003832,198.050720125436925,0.425907298922539,0.776996344327927
221,MX07011,221,1046.000000000000000,0.018159722512778,0.213328972458839,4.105308055877686,3.891979083418846,0.443188308985693,0.342495238178699,463.574971199035190,0.335239827632904,0.717230439186096
222,MX07114,222,5118.000000000000000,0.088854168088333,0.171612352132797,7.133001804351807,6.961389452219009,0.288673888139308,0.353590531075410,1477.432959496978810,0.231217294931412,0.299143552780151
223,MX09014,223,132.000000000000000,0.002291666703333,47.133125305175781,89.393295288085938,42.260169982910156,60.477444706541114,7.604437659736219,7983.022701263426825,59.835599899291992,69.889720916748047
224,MX12014,224,1125.000000000000000,0.019531250312500,0.202002897858620,9.881043434143066,9.679040536284447,0.475857885215018,0.708169150684071,535.340120866894836,0.299920678138733,0.657473731040955
225,MX23005,225,10529.000000000000000,0.182795141813611,0.190933212637901,130.808349609375000,130.617416396737099,3.512813993738766,10.907059555548509,36986.418540075472265,0.308023482561111,5.662176036834717
226,MX26071,226,1709.000000000000000,0.029670139363611,0.228719130158424,18.487413406372070,18.258694276213646,0.728665661827523,1.808856876928228,1245.289616063236963,0.326214194297791,0.813950371742249
227,MX29045,227,125.000000000000000,0.002170138923611,0.367598086595535,9.963632583618164,9.596034497022629,0.959916323423385,1.549992297407868,119.989540427923160,0.496614664793015,1.275022792816163
228,MX30027,228,1161.000000000000000,0.020156250322500,0.225583851337433,2.333030700683594,2.107446849346161,0.369962658672165,0.164586220535892,429.526646718383063,0.317733377218246,0.524617493152618
229,MX32004,229,1655.000000000000000,0.028732639348611,0.203076541423798,6.271546840667725,6.068470299243927,0.302424787250531,0.313593190173033,500.513022899628197,0.256467908620834,0.323787891864777
230,MX26016,230,7613.000000000000000,0.132170141003611,0.219658553600311,27.623262405395508,27.403603851795197,0.318611121234044,0.831923052727176,2425.586465954779214,0.263496696949005,0.290092730522156
231,MX07012,231,1716.000000000000000,0.029791667143333,0.258759826421738,26.090545654296875,25.831785827875137,1.411968236706614,2.823856842052693,2422.937494188548953,0.496732383966446,2.979178786277771
232,MX30028,232,184.000000000000000,0.003194444495556,1.920748114585876,61.785945892333984,59.865197777748108,26.137604623385094,17.032783516855179,4809.319250702857062,28.717406272888184,47.172248077392588
233,MX07013,233,1785.000000000000000,0.030989583829167,0.236710116267204,19.973793029785156,19.737082913517952,0.683463644363633,1.373891567860067,1219.982605189085461,0.345273554325104,1.108921670913696
234,MX08009,234,14277.000000000000000,0.247864587299167,0.202900558710098,17.876682281494141,17.673781722784042,0.292520737368504,0.461070407172179,4176.318567410130527,0.246868446469307,0.284602868556976
235,MX31005,235,359.000000000000000,0.006232638988611,0.273089379072189,5.253206253051758,4.980116873979568,0.470161815954782,0.568282602120422,168.788091927766629,0.332187533378601,0.550097656250000
236,MX14019,236,4361.000000000000000,0.075711806766944,0.198995709419250,7.135025978088379,6.936030268669128,0.293243129827156,0.313243968478721,1278.833289176228618,0.246718645095825,0.304452806711197
237,MX16011,237,342.000000000000000,0.005937500095000,0.318419605493546,13.118913650512695,12.800494045019150,1.218390911468985,1.983764743713530,416.689691722392865,0.479356974363327,2.874163913726807
238,MX31006,238,3281.000000000000000,0.056961806466944,0.185331463813782,10.824989318847656,10.639657855033875,0.293025708005982,0.555191869452245,961.417347967626711,0.225300088524818,0.275514394044876
239,MX08010,239,42643.000000000000000,0.740329872956389,0.209849625825882,19.038070678710938,18.828221052885056,0.300247688597805,0.498933509382161,12803.462184876181709,0.261479407548904,0.287385988235474
240,MX16012,240,4569.000000000000000,0.079322917935833,0.227987244725227,13.478537559509277,13.250550314784050,0.492584227889444,0.755047219947606,2250.617337226869040,0.336951375007629,0.631566739082336
241,MX12015,241,1500.000000000000000,0.026041667083333,0.248818293213844,11.791233062744141,11.542414769530296,0.603214585761229,0.949551763490125,904.821878641843455,0.385222345590591,0.806492626667023
242,MX28005,242,9813.000000000000000,0.170364586059167,0.202203616499901,6.412823677062988,6.210620060563087,0.262147727776324,0.152253840121988,2572.455652669069423,0.248372510075569,0.274786770343781
243,MX19008,243,2446.000000000000000,0.042465278457222,0.214825481176376,17.825283050537109,17.610457569360733,0.369623346380640,0.893928028377630,904.098705247044563,0.259622082114220,0.324371293187141
244,MX28006,244,7388.000000000000000,0.128263890941111,0.181721344590187,16.744325637817383,16.562604293227196,0.280274920982400,0.388306362120700,2070.671116217969484,0.244249649345875,0.285569739341736
245,MX14020,245,7674.000000000000000,0.133229168798333,0.188148990273476,6.797631263732910,6.609482273459435,0.265549316860548,0.216283560911491,2037.825457587844539,0.235572814941406,0.282211047410965
246,MX26017,246,57923.000000000000000,1.005607654978611,0.203310385346413,52.493579864501953,52.290269479155540,0.400184905628527,1.653240772859112,23179.910288721173856,0.264184117317200,0.330561423301697
247,MX07015,247,838.000000000000000,0.014548611343889,0.168899536132812,17.549863815307617,17.380964279174805,1.057986123963016,1.753747669123674,886.592371881007352,0.482498660683632,2.192282295227051
248,MX31007,248,508.000000000000000,0.008819444585556,0.295636445283890,13.591219902038574,13.295583456754684,0.720981433752954,1.449613358936186,366.258568346500397,0.365272685885429,0.842305606603623
249,MX22004,249,6724.000000000000000,0.116736112978889,0.218726724386215,25.128652572631836,24.909925848245621,0.628006201053505,1.085191788318207,4222.713695883768196,0.365995019674301,1.018248581886291
250,MX19009,250,5892.000000000000000,0.102291668303333,0.360733807086945,3943.272705078125000,3942.911971271038055,7.256430150889172,93.129748235315233,42754.886449039004219,1.071593761444092,4.948194265365603
251,MX26018,251,25612.000000000000000,0.444652784892222,0.196821287274361,49.901485443115234,49.704664155840874,0.915245537127872,3.771584068395788,23441.268696919050853,0.252033382654190,0.787718522548675
252,MX04010,252,68933.000000000000000,1.196753491370278,0.159787848591805,19.264966964721680,19.105179116129875,0.232864053544507,0.218380060125998,16052.017802983515139,0.218304947018623,0.243478077650070
253,MX30029,253,662.000000000000000,0.011493055739444,-1.500000000000000,5.806443691253662,7.306443691253662,0.501515475014546,0.623078753402589,332.003244459629116,0.327707901597023,1.094048452377319
254,MX32005,254,1949.000000000000000,0.033836806096944,0.257262408733368,32.782062530517578,32.524800121784210,1.243495562432545,3.359963366267341,2423.572851181029819,0.405185848474503,1.575750899314883
255,MX20011,255,330.000000000000000,0.005729166758333,0.186767175793648,1.707921504974365,1.521154329180717,0.287066580626097,0.177644399143820,94.731971606612149,0.237574234604836,0.356572285294533
256,MX15018,256,512.000000000000000,0.008888889031111,0.399801373481750,37.728923797607422,37.329122424125671,4.199744931072929,5.482979393799639,2150.269404709339597,1.879877388477325,11.319869613647469
257,MX04001,257,9986.000000000000000,0.173368058329444,0.184330880641937,36.272071838378906,36.087740957736969,0.497048659231117,1.538234105883847,4963.527911081931961,0.240481741726398,0.477923333644867
258,MX13014,258,1055.000000000000000,0.018315972515278,0.232787251472473,3.994623899459839,3.761836647987366,0.387346121386329,0.290684693521128,408.650158062577589,0.312800556421280,0.533890759944916
259,MX31008,259,1446.000000000000000,0.025104167068333,0.198387354612350,9.228466987609863,9.030079632997513,0.311816107857854,0.486647474802835,450.886091962456987,0.240014575421810,0.304376557469368
260,MX21026,260,330.000000000000000,0.005729166758333,0.413290053606033,13.463973045349121,13.050682991743088,1.699751335111532,2.104952818830063,560.917940586805685,0.974307805299759,3.751844239234926
261,MX29006,261,1253.000000000000000,0.021753472570278,0.446502983570099,29.414884567260742,28.968381583690643,1.598359316064180,3.293625352791654,2002.744223028417764,0.692761421203613,2.609086465835570
262,MX21027,262,1930.000000000000000,0.033506944980556,0.179780587553978,3.467974424362183,3.288193836808205,0.267847767086227,0.154729047371349,516.946190476417542,0.240144945681095,0.303973233699799
263,MX01003,263,4692.000000000000000,0.081458334636667,0.229756057262421,40.190490722656250,39.960734665393829,0.624982990851693,1.631336211842444,2932.420193076143732,0.316976383328438,0.776366239786148
264,MX08011,264,72654.000000000000000,1.261354186848334,0.204722627997398,52.095188140869141,51.890465512871742,0.309077223573925,1.001455045228834,22455.696601539981202,0.258382186293602,0.282601982355118
265,MX28007,265,4767.000000000000000,0.082760417990833,0.247404828667641,22.314733505249023,22.067328676581383,0.629108170808950,1.421975536317984,2998.958650246263005,0.336462646722794,0.868813991546631
266,MX30007,266,613.000000000000000,0.010642361281389,0.251126855611801,4.932020664215088,4.680893808603287,0.422543587196515,0.387792253484227,259.019218951463586,0.329686164855957,0.539345681667328
267,MX30030,267,104.000000000000000,0.001805555584444,0.887745380401611,30.084533691406250,29.196788311004639,7.201032256850826,7.996894265318387,748.907354712485812,3.352980613708496,19.322579956054689
268,MX21028,268,78.000000000000000,0.001354166688333,0.347470223903656,4.033949375152588,3.686479151248932,0.734455152199818,0.636437094749586,57.287501871585846,0.468080461025238,1.539129507541656
269,MX04002,269,16063.000000000000000,0.278871532239722,0.181542366743088,91.036903381347656,90.855361014604568,1.075436347712992,5.210007946772559,17274.734053313793993,0.250799745321274,0.695888984203339
270,MX21099,270,1210.000000000000000,0.021006944780556,0.276501864194870,8.625649452209473,8.349147588014603,0.642099513076554,0.699494256198767,776.940410822630156,0.420106440782547,1.042272949218751
271,MX14117,271,1363.000000000000000,0.023663194823056,0.261014968156815,18.144584655761719,17.883569687604904,0.502031789356002,1.024635047650927,684.269328892230874,0.331561088562012,0.558730888366699
272,MX26019,272,12597.000000000000000,0.218697920165833,0.226834744215012,85.351554870605469,85.124720126390457,0.761512631869667,2.950053658088873,9592.774623662193335,0.286516487598419,0.583887028694153
273,MX10001,273,17925.000000000000000,0.311197921645833,0.191661268472672,18.575223922729492,18.383562654256821,0.278875752537823,0.373428098226913,4998.847864240476156,0.244252979755402,0.282922494411468
274,MX05005,274,11072.000000000000000,0.192222225297778,0.202454820275307,7.105224609375000,6.902769789099693,0.262726869338564,0.157278597659881,2908.911897316577324,0.253810584545135,0.272465288639069
275,MX04011,275,27909.000000000000000,0.484531257752500,0.165708795189857,25.357744216918945,25.192035421729088,0.270781710591736,0.494713686378769,7557.246760904766234,0.225015059113503,0.280617821216583
276,MX20012,276,877.000000000000000,0.015225694688056,0.201391741633415,2.592620849609375,2.391229107975960,0.290057155177286,0.172694669196993,254.380125090479851,0.260959386825562,0.336386698484421
277,MX10002,277,4597.000000000000000,0.079809029054722,0.202714458107948,6.135924339294434,5.933209881186485,0.282615696843200,0.192260949400536,1299.184358388190276,0.248677358031273,0.323663520812988
278,MX32006,278,2290.000000000000000,0.039756945080556,0.203552976250648,11.361504554748535,11.157951578497887,0.347043255348913,0.631978566586708,794.729054749010857,0.259053334593773,0.328099042177200
279,MX31009,279,656.000000000000000,0.011388889071111,0.221908599138260,10.991407394409180,10.769498795270920,0.456759957437654,0.918316781614921,299.634532079100950,0.278809010982513,0.495380342006683
280,MX31010,280,1781.000000000000000,0.030920139383611,0.187658563256264,4.935121059417725,4.747462496161461,0.277414975944093,0.262990477053596,494.076072156429575,0.233970165252686,0.306130260229111
281,MX20247,281,182.000000000000000,0.003159722272778,0.214443728327751,4.604244232177734,4.389800503849983,0.449232678655740,0.599448515747082,81.760347515344606,0.269837290048599,0.691761928796769
282,MX15019,282,102.000000000000000,0.001770833361667,1.745571613311768,27.952972412109375,26.207400798797607,8.747597592718463,6.241391359705237,892.254954457283247,6.774196147918701,18.334351348876964
283,MX16013,283,4534.000000000000000,0.078715279037222,0.187201842665672,4.867384910583496,4.680183067917824,0.267227465221942,0.176284883613519,1211.609327316284407,0.248253010213375,0.283460262417793
284,MX26020,284,13875.000000000000000,0.240885420520833,0.214668437838554,14.554913520812988,14.340245082974434,0.276169431719694,0.258184573325505,3831.850865110760878,0.260030806064606,0.284641057252884
285,MX24005,285,1974.000000000000000,0.034270833881667,0.206532701849937,15.782348632812500,15.575815930962563,0.451099594426555,1.017321140096645,890.470599398019544,0.282727062702179,0.480902546644211
286,MX27002,286,9170.000000000000000,0.159201391436111,0.240625813603401,1438.276123046875000,1438.035497233271599,2.471687022678666,25.372095825985127,22665.369997963363858,0.581621676683426,2.864959454536439
287,MX13015,287,2958.000000000000000,0.051354167488333,0.227048173546791,4.979835987091064,4.752787813544273,0.449213891229047,0.317746630404794,1328.774690255519999,0.353282377123833,0.686667227745056
288,MX08012,288,13681.000000000000000,0.237517364911389,0.211468234658241,7.794048786163330,7.582580551505089,0.272873950368583,0.181718512070445,3733.188514992585169,0.254150211811066,0.279870241880417
289,MX30208,289,1191.000000000000000,0.020677083664167,0.282391637563705,23.983707427978516,23.701315790414810,0.771977130852259,1.747185984683364,919.424762845040050,0.421722739934921,0.924049854278564
290,MX04003,290,31186.000000000000000,0.541423619773889,0.175426483154297,1717.102783203125000,1716.927356719970703,0.876345437042279,17.113291295647119,27329.708799600510247,0.239029347896576,0.409500062465668
291,MX30031,291,1234.000000000000000,0.021423611453889,0.256709754467010,4.994071006774902,4.737361252307892,0.603893334272421,0.396247649976638,745.204374492167858,0.479052186012268,1.093662214279175
292,MX28008,292,15363.000000000000000,0.266718754267500,0.181946083903313,19.288076400756836,19.106130316853523,0.261274913753769,0.254787821985093,4013.966499999146890,0.246903628110886,0.280857038497925
293,MX08013,293,20232.000000000000000,0.351250005620000,0.197056919336319,13.101042747497559,12.903985828161240,0.277043074160263,0.334150448597085,5605.135476410437150,0.245942354202271,0.281636452674866
294,MX14021,294,2593.000000000000000,0.045017361831389,0.205077797174454,10.634720802307129,10.429643005132675,0.403517870336622,0.673935196766251,1046.321837782861621,0.267408400774002,0.459737741947174
295,MX05006,295,17450.000000000000000,0.302951393736111,0.203822970390320,30.797502517700195,30.593679547309875,0.409330153213358,1.277847166799192,7142.811173573091764,0.265801638364792,0.374973019957543
296,MX30157,296,1353.000000000000000,0.023489583709167,0.318070352077484,86.833999633789062,86.515929281711578,1.329800681590331,5.094194628956867,1799.220322191717969,0.470156222581863,1.497051334381103
297,MX07016,297,3090.000000000000000,0.053645834191667,0.200200557708740,14.932355880737305,14.732155323028564,0.388701526174461,0.573957055431756,1201.087715879084271,0.279421359300613,0.497778835892677
298,MX30032,298,3179.000000000000000,0.055190973105278,0.204365104436874,16.094861984252930,15.890496879816055,0.399317560855155,0.833528532018880,1269.430525958539192,0.274116635322571,0.441529953479767
299,MX24006,299,9925.000000000000000,0.172309030534722,0.197462156414986,11.374559402465820,11.177097246050835,0.304240579300324,0.352274809323541,3019.587749555718347,0.255129665136337,0.317414325475693
300,MX21029,300,71.000000000000000,0.001232638908611,0.385770589113235,2.488967895507812,2.103197306394577,0.629960130637800,0.400883379560774,44.727169275283828,0.485815107822418,0.905650973320007
301,MX30033,301,1327.000000000000000,0.023038194813056,0.304748177528381,5.843120574951172,5.538372397422791,0.507544805928110,0.374688643493845,673.511957466602439,0.412318974733353,0.704331660270691
302,MX24007,302,5969.000000000000000,0.103628473880278,0.211641147732735,25.704971313476562,25.493330165743828,0.413067324546678,1.089746995732619,2465.598860219121889,0.280957400798798,0.442444580793381
303,MX11007,303,2760.000000000000000,0.047916667433333,0.575938701629639,71.273025512695312,70.697086811065674,8.533597154461836,12.892210485910716,23552.728146314664627,2.568667292594910,28.496062469482411
304,MX31011,304,2559.000000000000000,0.044427084044167,0.190684303641319,18.979957580566406,18.789273276925087,0.318095912064318,0.923904309814466,814.007438972590080,0.231236517429352,0.258840036392212
305,MX31012,305,2717.000000000000000,0.047170139643611,0.186538442969322,9.317262649536133,9.130724206566811,0.270927193182815,0.436505992920220,736.109183877707096,0.221867501735687,0.250185865163803
306,MX27003,306,12601.000000000000000,0.218767364611389,0.209751889109612,258.797790527343750,258.588038638234138,0.656562484152193,3.887097709959316,8273.343862801790237,0.309006243944168,0.814159929752350
307,MX27004,307,8343.000000000000000,0.144843752317500,0.272351890802383,17638.382812500000000,17638.110460609197617,12.213604888776839,274.200534783722787,101898.105587065161671,1.259190678596497,8.679388236999511
308,MX19011,308,5230.000000000000000,0.090798612563889,0.229743555188179,12.316158294677734,12.086414739489555,0.373366264676957,0.612761193597596,1952.705564260485062,0.289358839392662,0.353480657935143
309,MX24008,309,4859.000000000000000,0.084357640238611,0.202335968613625,21.670988082885742,21.468652114272118,0.485706969022285,1.104556526046780,2360.050162479285063,0.299345284700394,0.591065931320190
310,MX30034,310,458.000000000000000,0.007951389016111,0.295885920524597,51.600578308105469,51.304692387580872,2.414745736135149,5.354846370258386,1105.953547149898213,0.697458356618881,6.978773403167724
311,MX24009,311,619.000000000000000,0.010746527949722,0.348463326692581,12.522337913513184,12.173874586820602,1.490583585710633,1.984082961383194,922.671239554882050,0.619755506515503,3.981083154678345
312,MX30054,312,1409.000000000000000,0.024461805946944,0.272809147834778,17.142164230346680,16.869355082511902,0.581399439602054,0.966091243918585,819.191810399294241,0.384079486131668,0.829111540317536
313,MX31016,313,569.000000000000000,0.009878472380278,0.206495761871338,7.433457851409912,7.226962089538574,0.354962228262152,0.584023615191187,201.973507881164409,0.246941447257996,0.357311928272247
314,MX20025,314,112.000000000000000,0.001944444475556,0.248415291309357,13.406139373779297,13.157724082469940,2.026676209643484,2.822494500499147,226.987735480070171,0.440017849206924,6.465586709976198
315,MX20026,315,655.000000000000000,0.011371527959722,0.207101091742516,6.953719139099121,6.746618047356606,0.537302824104106,0.630611772545413,351.933349788189275,0.352437376976013,0.864647817611695
316,MX21045,316,1931.000000000000000,0.033524306091944,-1.500000000000000,21.140892028808594,22.640892028808594,0.807403100520405,1.634390863249515,1559.095387104901420,0.415933996438980,1.407245278358459
317,MX07022,317,908.000000000000000,0.015763889141111,0.257906258106232,7.149691581726074,6.891785323619843,0.576516112665511,0.572391568786257,523.476630300283887,0.419752463698387,0.879897528886795
318,MX32009,318,4579.000000000000000,0.079496529049722,0.204139634966850,22.445432662963867,22.241293027997017,0.407837006574011,0.929410641310551,1867.485653102394735,0.262595742940903,0.442581349611282
319,MX15025,319,1117.000000000000000,0.019392361421389,0.532604455947876,65.081420898437500,64.548816442489624,11.105145370736112,14.003410612424211,12404.447379112238195,3.922059059143066,29.447280502319337
320,MX30055,320,756.000000000000000,0.013125000210000,0.233344987034798,5.926386833190918,5.693041846156120,0.536954010348944,0.576705731344528,405.937231823801994,0.365576907992363,0.873707503080368
321,MX04004,321,33891.000000000000000,0.588385426080833,0.168565183877945,33.964378356933594,33.795813173055649,0.319088076820399,0.937987988723427,10814.214011520156419,0.226743191480637,0.299556523561478
322,MX07023,322,1677.000000000000000,0.029114583799167,0.274110645055771,17.092725753784180,16.818615108728409,1.278543706159188,1.186198869189735,2144.117795228957675,0.942461073398590,2.533539056777954
323,MX07024,323,1987.000000000000000,0.034496528329722,0.173988074064255,6.519049167633057,6.345061093568802,0.307608519418790,0.411716120166269,611.218128085135845,0.240284159779549,0.320045989751816
324,MX31017,324,2225.000000000000000,0.038628472840278,0.178206324577332,4.037081241607666,3.858874917030334,0.263293937592024,0.245032871429452,585.829011142252625,0.222313806414604,0.265413492918015
325,MX15026,325,1445.000000000000000,0.025086805956944,0.354573339223862,7.384698390960693,7.030125051736832,1.104742799415718,1.020305976947811,1596.353345155712987,0.651673078536987,2.379537773132324
326,MX31018,326,842.000000000000000,0.014618055789444,0.217349767684937,5.013857364654541,4.796507596969604,0.329822575023084,0.334534675666208,277.710608169436398,0.266459718346596,0.352167725563049
327,MX14030,327,3134.000000000000000,0.054409723092778,0.284813791513443,22.495662689208984,22.210848897695541,0.936842735483529,1.892197725831712,2936.065133005379266,0.417607039213181,1.542792952060700
328,MX13017,328,1380.000000000000000,0.023958333716667,0.291478008031845,5.589578628540039,5.298100620508194,0.597271238267421,0.524658335693670,824.234308809041295,0.424956932663918,1.011548995971681
329,MX21046,329,430.000000000000000,0.007465277897222,0.279261678457260,7.383712768554688,7.104451090097427,0.821411096148713,1.149703831138520,353.206771343946627,0.392894968390465,1.834256851673127
330,MX13018,330,1163.000000000000000,0.020190972545278,0.246901378035545,4.850820541381836,4.603919163346291,0.504372276615604,0.360247564321769,586.584957703946998,0.399670213460922,0.805414104461669
331,MX07025,331,890.000000000000000,0.015451389136111,0.228873163461685,3.779822111129761,3.550948947668076,0.346799792349339,0.243560061008438,308.651815190911293,0.296151980757713,0.422462934255600
332,MX15027,332,59.000000000000000,0.001024305571944,1.860134124755859,15.068299293518066,13.208165168762207,6.045556223998634,3.449092992611952,356.687817215919438,5.142192363739014,11.529048538208009
333,MX16021,333,1164.000000000000000,0.020208333656667,0.229116305708885,6.809963226318359,6.580846920609474,0.429212229934447,0.596141799875649,499.603035643696842,0.300144776701927,0.442587894201279
334,MX24015,334,10945.000000000000000,0.190017364151389,0.204132452607155,22.088890075683594,21.884757623076439,0.335929855900359,0.632144658823121,3676.752272829425692,0.267962634563446,0.347487425804138
335,MX16022,335,1604.000000000000000,0.027847222667778,0.268075525760651,33.126628875732422,32.858553349971771,0.910718390601975,1.639337486150754,1460.792298525568640,0.537591665983200,1.492017483711243
336,MX16023,336,754.000000000000000,0.013090277987222,0.324385464191437,12.826251029968262,12.501865565776825,0.721427179457970,1.159595249763890,543.956093311309360,0.432269215583801,1.016179752349854
337,MX31019,337,6990.000000000000000,0.121354168608333,0.183647572994232,13.483219146728516,13.299571573734283,0.317734887213239,0.566808274614222,2220.966861620542659,0.231352351605892,0.320717796683312
338,MX07026,338,1230.000000000000000,0.021354167008333,0.288681745529175,12.469292640686035,12.180610895156860,1.141544895419259,0.989945600136084,1404.100221365688185,0.882271021604538,2.049560642242432
339,MX16024,339,1101.000000000000000,0.019114583639167,0.238439172506332,9.994155883789062,9.755716711282730,0.536602325500628,0.993052142013959,590.799160376191708,0.305899500846863,0.646909773349762
340,MX07027,340,4052.000000000000000,0.070347223347778,0.207640498876572,28.123764038085938,27.916123539209366,1.058028280988760,2.036989353336981,4287.130594566454420,0.491638898849487,1.995657241344452
341,MX07028,341,255.000000000000000,0.004427083404167,0.249916136264801,3.871350049972534,3.621433913707733,0.525408830712823,0.501924295423471,133.979251831769886,0.359878331422806,0.835971915721893
342,MX29010,342,385.000000000000000,0.006684027884722,0.570498108863831,34.101158142089844,33.530660033226013,5.381652076523022,7.121951067870683,2071.936049461363837,1.964728593826294,15.343578147888184
343,MX15028,343,102.000000000000000,0.001770833361667,3.369266510009766,43.046531677246094,39.677265167236328,17.109130994946351,8.718366049188583,1745.131361484527815,16.057864665985107,28.571587181091310
344,MX21047,344,3954.000000000000000,0.068645834431667,0.180463999509811,12.575265884399414,12.394801884889603,0.346234006615950,0.539020615143221,1369.009262159464697,0.255168870091438,0.401986148953438
345,MX21048,345,400.000000000000000,0.006944444555556,0.387687116861343,9.129962921142578,8.742275804281235,1.618095330372454,1.609537366820190,647.238132148981663,1.083797335624695,3.876913404464726
346,MX31021,346,2347.000000000000000,0.040746528429722,0.179265663027763,9.443090438842773,9.263824775815010,0.277678673368695,0.413773365478398,651.711846396327132,0.219113215804100,0.293889015913010
347,MX21050,347,540.000000000000000,0.009375000150000,0.295415103435516,5.286647796630859,4.991232693195343,0.812300935166853,0.579300417407931,438.642504990100861,0.622615545988083,1.506706941127778
348,MX07029,348,566.000000000000000,0.009826389046111,0.248814329504967,10.254202842712402,10.005388513207436,0.563863834596565,0.895574109506993,319.146930381655523,0.336943268775940,0.793502211570740
349,MX15029,349,210.000000000000000,0.003645833391667,1.316093921661377,71.659286499023438,70.343192577362061,22.784273846944167,22.260530833550298,4784.697507858275458,9.757336139678955,58.422000885009766
350,MX07030,350,4836.000000000000000,0.083958334676667,0.168804064393044,12.425240516662598,12.256436452269554,0.362009127910123,0.562544943526024,1750.676142573352990,0.248291552066803,0.493910804390907
351,MX30056,351,467.000000000000000,0.008107639018611,0.249657899141312,1.589862823486328,1.340204924345016,0.381685893336506,0.174160492734660,178.247312188148527,0.321052044630051,0.564450407028198
352,MX15030,352,34.000000000000000,0.000590277787222,18.513099670410156,47.723655700683594,29.210556030273438,33.548826890833233,8.726638732237992,1140.660114288329851,34.376672744750977,45.527514266967771
353,MX21049,353,448.000000000000000,0.007777777902222,0.293032824993134,7.871174335479736,7.578141510486603,0.802133967035583,0.863570687462249,359.356017231941223,0.516652017831802,1.508673393726349
354,MX30057,354,672.000000000000000,0.011666666853333,0.241642370820045,6.104876518249512,5.863234147429466,0.469471063775321,0.500676766633967,315.484554857015496,0.334092289209366,0.686951595544815
355,MX30058,355,4685.000000000000000,0.081336806856944,0.202452927827835,246.468688964843750,246.266236037015915,0.670114221971725,5.486481781679083,3139.485129937530019,0.301075994968414,0.521115779876709
356,MX31020,356,223.000000000000000,0.003871527839722,0.383944928646088,7.211001396179199,6.827056467533112,1.012578662869107,1.172622633164951,225.805041819810839,0.600336492061615,2.056716346740723
357,MX21051,357,1597.000000000000000,0.027725694888056,0.241512045264244,24.171634674072266,23.930122628808022,0.937060888224490,1.879592317013829,1496.486238494510872,0.436352729797363,1.674961590766909
358,MX21052,358,126.000000000000000,0.002187500035000,0.277600646018982,6.199750900268555,5.922150254249573,0.753299434506704,0.974129030642116,94.915728747844724,0.413061648607254,1.318415284156799
359,MX21053,359,3769.000000000000000,0.065434028824722,0.250307440757751,20.677419662475586,20.427112221717834,0.643532884566907,1.127883720864435,2425.475441932673675,0.366574168205261,1.037419319152832
360,MX21054,360,736.000000000000000,0.012777777982222,0.229781180620193,12.131197929382324,11.901416748762131,0.772659594679008,1.242524292694553,568.677461683750153,0.329985380172729,1.612121641635895
361,MX08019,361,44744.000000000000000,0.776805567984445,0.211148351430893,111.229667663574219,111.018519312143326,1.625914755956877,7.146808720432412,72749.929840534518007,0.280440509319305,0.756558448076249
362,MX31022,362,2364.000000000000000,0.041041667323333,0.175836965441704,4.236259460449219,4.060422495007515,0.241246366889142,0.195666063578653,570.306411325931435,0.213235378265381,0.238825020194054
363,MX21055,363,630.000000000000000,0.010937500175000,0.248378023505211,7.467509746551514,7.219131723046303,0.543225696659278,0.691667320496032,342.232188895344848,0.339421719312668,0.838632863759995
364,MX21056,364,689.000000000000000,0.011961805746944,0.196889474987984,3.065166234970093,2.868276759982109,0.281309362290041,0.204116026798599,193.822150617838048,0.246089786291122,0.296943670511246
365,MX12028,365,3681.000000000000000,0.063906251022500,0.202046722173691,17.359678268432617,17.157631546258926,0.607831876248291,1.076088045172753,2237.429136469958394,0.364611953496933,0.981598496437073
366,MX16025,366,1520.000000000000000,0.026388889311111,0.247549191117287,5.817276477813721,5.569727286696434,0.577219679824224,0.707483051228908,877.373913332820393,0.339978650212288,0.988761520385745
367,MX21058,367,720.000000000000000,0.012500000200000,0.226497218012810,6.456910610198975,6.230413392186165,0.575961829245918,0.652117962173815,414.692517057060854,0.322626397013664,1.190133070945740
368,MX13019,368,1108.000000000000000,0.019236111418889,0.318035662174225,6.353921413421631,6.035885751247406,0.823367220023479,0.702773143555575,912.290879786014216,0.546904027462006,1.704364967346192
369,MX07031,369,8205.000000000000000,0.142447918945833,0.179755955934525,14.425440788269043,14.245684832334518,0.441374067251164,0.594044308629788,3621.474221795803260,0.316250532865524,0.662516403198242
370,MX12029,370,10682.000000000000000,0.185451391856111,0.190537601709366,37.591335296630859,37.400797694921494,0.724088973373574,2.593093398987071,7734.718413576516468,0.272022500634193,0.697533434629440
371,MX15031,371,270.000000000000000,0.004687500075000,4.933888912200928,87.348701477050781,82.414812564849854,51.899074626851977,17.943048269208589,14012.750149250034156,54.712890625000000,72.191619110107425
372,MX14031,372,3290.000000000000000,0.057118056469444,0.197051227092743,3.536399364471436,3.339348137378693,0.270064846156760,0.147512425651933,888.513343855741709,0.249625101685524,0.284486442804336
373,MX19013,373,22052.000000000000000,0.382847228347778,0.204495370388031,20.310743331909180,20.106247961521149,0.294147956231159,0.536849659153427,6486.550730809514789,0.257246777415276,0.294248533248901
374,MX30059,374,858.000000000000000,0.014895833571667,0.351457208395004,13.619219779968262,13.267762571573257,1.040395804218478,1.351050553791252,892.659600019454501,0.712149888277054,1.651989638805390
375,MX30060,375,704.000000000000000,0.012222222417778,0.256861954927444,6.605548858642578,6.348686903715134,0.622110288971189,0.743983885785571,437.965643435716913,0.403196990489960,0.954178720712662
376,MX21059,376,438.000000000000000,0.007604166788333,0.221269741654396,6.640437126159668,6.419167384505272,0.466919318930199,0.674600011566560,204.510661691427202,0.301165699958801,0.619263398647308
377,MX16026,377,5051.000000000000000,0.087690973625278,0.188374951481819,6.008654594421387,5.820279642939568,0.266037214663189,0.197707033592972,1343.753971263766289,0.242024645209312,0.285741746425629
378,MX08020,378,10467.000000000000000,0.181718752907500,0.200264185667038,20.390052795410156,20.189788609743118,0.280949259665335,0.424784020663559,2940.695900917062772,0.242629915475845,0.266482222080231
379,MX20027,379,177.000000000000000,0.003072916715833,0.221288010478020,2.230200767517090,2.008912757039070,0.350746727006584,0.259503102271878,62.082170680165326,0.275280624628067,0.433437222242356
380,MX14032,380,1485.000000000000000,0.025781250412500,0.205481350421906,5.015505790710449,4.810024440288544,0.292468147325998,0.259034150608992,434.315198779106481,0.256836950778961,0.296379476785660
381,MX30062,381,218.000000000000000,0.003784722282778,0.371040314435959,14.614933013916016,14.243892699480057,1.263344375228663,1.839947939946637,275.409073799848500,0.722390383481979,2.115558433532716
382,MX31023,382,1454.000000000000000,0.025243055959444,0.221257299184799,8.243892669677734,8.022635370492935,0.390579668556480,0.491133470544247,567.902838081121899,0.279680550098419,0.471864137053490
383,MX25007,383,16800.000000000000000,0.291666671333333,0.196763202548027,27.324855804443359,27.128092601895332,0.309831556708863,0.649755932432553,5205.170152708893511,0.250216618180275,0.316651043295860
384,MX30063,384,1961.000000000000000,0.034045139433611,0.203564554452896,4.971940040588379,4.768375486135483,0.326235050748709,0.241835253286723,639.746934518218154,0.268053203821182,0.433285683393478
385,MX16027,385,957.000000000000000,0.016614583599167,0.255564987659454,5.754830360412598,5.499265372753143,0.479363762441723,0.420086667938870,458.751120656728972,0.354899942874908,0.744819557666779
386,MX30064,386,115.000000000000000,0.001996527809722,0.357133030891418,1.553877830505371,1.196744799613953,0.558074766397476,0.234331140266412,64.178598135709777,0.470269769430161,0.784127748012543
387,MX31024,387,418.000000000000000,0.007256944560556,0.223264649510384,10.666646957397461,10.443382307887077,0.540561968772605,1.149605956294505,225.954902946949034,0.270938843488693,0.577493387460709
388,MX16028,388,1147.000000000000000,0.019913194763056,0.274609118700027,6.052636623382568,5.778027504682541,0.467270260077512,0.391909289241172,535.958988308906441,0.363809525966644,0.633954167366028
389,MX16029,389,5464.000000000000000,0.094861112628889,0.178253889083862,5.415883064270020,5.237629175186157,0.260187404396594,0.163254095963140,1421.663977622987431,0.244098208844662,0.277438664436340
390,MX19012,390,719.000000000000000,0.012482639088611,0.494217336177826,55.987274169921875,55.493056833744049,5.522198484073261,8.466885519535436,3970.460710048674628,1.498848438262939,16.673618316650398
391,MX20013,391,54.000000000000000,0.000937500015000,0.603181123733521,4.507756710052490,3.904575586318970,1.662952633919539,1.056414165365571,89.799442231655107,1.260152816772461,3.183365845680237
392,MX14022,392,2460.000000000000000,0.042708334016667,0.197215706110001,15.610192298889160,15.412976592779160,0.557846884671750,1.262352753769402,1372.303336292503900,0.267755836248398,0.604328316450118
393,MX07017,393,11902.000000000000000,0.206631947750556,0.178419128060341,25.471158981323242,25.292739853262901,0.415923104152131,1.105524188764053,4950.316785618661015,0.268252521753311,0.450753125548363
394,MX30035,394,403.000000000000000,0.006996527889722,0.225090175867081,6.813889503479004,6.588799327611923,0.476902381473085,0.608100465588864,192.191659733653097,0.313309848308563,0.693596172332764
395,MX24010,395,15917.000000000000000,0.276336809976944,0.191446751356125,10.938373565673828,10.746926814317703,0.280640572048302,0.276093634070526,4466.955985292819605,0.251591503620148,0.293051886558533
396,MX24011,396,2620.000000000000000,0.045486111838889,0.228819131851196,19.494916915893555,19.266097784042358,0.656752018710129,1.374787337397872,1720.690289020536738,0.318953320384026,0.981998038291931
397,MX20014,397,1430.000000000000000,0.024826389286111,0.199112668633461,21.176158905029297,20.977046236395836,0.871024576485991,2.240458098595528,1245.565144374967304,0.288141265511513,1.149694037437441
398,MX28009,398,233.000000000000000,0.004045138953611,4.010230064392090,883.447143554687500,879.436913490295410,64.670193037761649,116.579566108275600,15068.154977798463733,35.872913360595703,114.305485534668009
399,MX24013,399,12198.000000000000000,0.211770836721667,0.204634383320808,26.673099517822266,26.468465134501457,0.600976877245557,1.669089957097527,7330.715948641304749,0.294593587517738,0.632055431604386
400,MX15020,400,176.000000000000000,0.003055555604444,4.146036148071289,73.943695068359375,69.797658920288086,33.716731217774495,21.271857031182741,5934.144694328310834,42.958387374877930,55.648458480834961
401,MX30036,401,221.000000000000000,0.003836805616944,0.284033507108688,7.105355739593506,6.821322232484818,0.719455786285357,0.946945486399517,158.999728769064006,0.428985297679901,1.026718735694885
402,MX16014,402,1806.000000000000000,0.031354167168333,0.196835473179817,6.754368782043457,6.557533308863640,0.397685327370169,0.536931693759633,718.219701230526084,0.280603528022766,0.526098072528839
403,MX12016,403,13029.000000000000000,0.226197920285833,0.170190334320068,3.044657230377197,2.874466896057129,0.242094137710652,0.081564371159126,3154.244520232083232,0.231791600584984,0.261616861820221
404,MX30037,404,206.000000000000000,0.003576388946111,0.313635647296906,1.934345960617065,1.620710313320160,0.514376965251941,0.273958310825517,105.961654841899772,0.407716929912567,0.807467192411423
405,MX16015,405,13942.000000000000000,0.242048614983889,0.168444722890854,13.535813331604004,13.367368608713150,0.258349343467402,0.366281975802411,3601.906546622524274,0.230580933392048,0.262047004699707
406,MX07018,406,759.000000000000000,0.013177083544167,0.228390291333199,11.571849822998047,11.343459531664848,0.508098651572807,0.804750907249345,385.646876543760584,0.317349702119827,0.798780333995819
407,MX20015,407,583.000000000000000,0.010121527939722,0.206911608576775,2.308472871780396,2.101561263203621,0.322195051336984,0.202665400839033,187.839714929461451,0.270262151956558,0.391205549240112
408,MX21030,408,63.000000000000000,0.001093750017500,0.335001766681671,1.937444567680359,1.602442800998688,0.554080712889868,0.377819936373419,34.907084912061691,0.399132430553436,0.907584381103516
409,MX30038,409,995.000000000000000,0.017274305831944,0.311898350715637,20.149284362792969,19.837386012077332,1.801299610898722,2.913850928399426,1792.293112844228290,0.802304208278656,4.005429744720460
410,MX15021,410,1420.000000000000000,0.024652778172222,0.296804457902908,41.274116516113281,40.977312058210373,2.189497562613290,3.977983729221317,3109.086538910872605,0.751521617174149,5.571386909484878
411,MX17005,411,414.000000000000000,0.007187500115000,0.501451492309570,124.315597534179688,123.814146041870117,3.878239912975237,11.688501897196740,1605.591323971748125,1.009474456310272,7.984169244766231
412,MX30039,412,1442.000000000000000,0.025034722622778,0.435110062360764,1979.723754882812500,1979.288644820451736,24.319578641289297,103.804978148028425,35068.832400739163859,5.571788787841797,36.856386184692383
413,MX21031,413,562.000000000000000,0.009756944600556,0.222980946302414,2.705261468887329,2.482280522584915,0.361638649051936,0.289973209961357,203.240920767188214,0.287083864212036,0.416861030459404
414,MX30040,414,1385.000000000000000,0.024045139273611,0.389706015586853,285.429138183593750,285.039432168006897,3.975875305247229,12.937917560022315,5506.587297767411656,1.458855867385864,8.119620704650881
415,MX12078,415,3034.000000000000000,0.052673611953889,0.194886043667793,9.277050971984863,9.082164928317070,0.367048540129894,0.486681679187732,1113.625270754097301,0.264745593070984,0.502049577236176
416,MX15022,416,71.000000000000000,0.001232638908611,2.519033432006836,33.101413726806641,30.582380294799805,10.238799978309954,7.124543582758604,726.954798460006714,8.371272087097168,20.214607238769531
417,MX12017,417,2185.000000000000000,0.037934028384722,0.220309093594551,37.264499664306641,37.044190570712090,0.562540321089583,1.441626531749794,1229.150601580739021,0.306832253932953,0.762092137336731
418,MX14024,418,1654.000000000000000,0.028715278237222,0.253476113080978,14.697762489318848,14.444286376237869,0.829195766307710,1.411505106566280,1371.489797472951977,0.440004482865334,1.461501395702363
419,MX16016,419,1956.000000000000000,0.033958333876667,0.255268812179565,6.992635726928711,6.737366914749146,0.509375599538623,0.492557170114252,996.338672697545690,0.354200914502144,0.820097178220749
420,MX30041,420,46.000000000000000,0.000798611123889,0.433361977338791,2.717631340026855,2.284269362688065,0.875233034076898,0.497471877445542,40.260719567537322,0.666028469800949,1.604637205600739
421,MX21032,421,1187.000000000000000,0.020607639218611,0.187378615140915,2.014655113220215,1.827276498079300,0.259506811175209,0.114566087490449,308.034584864973624,0.242892682552338,0.280220329761505
422,MX21033,422,232.000000000000000,0.004027777842222,0.427931964397430,8.089462280273438,7.661530315876007,1.069413705889520,1.053413824260885,248.103979766368724,0.682178109884262,2.281569337844850
423,MX20016,423,620.000000000000000,0.010763889061111,0.210725545883179,3.272296905517578,3.061571359634399,0.357736705676202,0.274312799632297,221.796757519245290,0.276973277330399,0.522553461790085
424,MX16074,424,652.000000000000000,0.011319444625556,0.254600375890732,11.295127868652344,11.040527492761612,0.570905039418328,0.973625019276149,372.230085700750124,0.342062786221504,0.746848922967911
425,MX06002,425,3692.000000000000000,0.064097223247778,0.203607380390167,46.950302124023438,46.746694743633270,2.051336715149242,6.017480939985804,7573.535152331001882,0.367808252573013,2.441134238243104
426,MX30042,426,648.000000000000000,0.011250000180000,0.231238469481468,3.226388931274414,2.995150461792946,0.354771662779429,0.264071894144464,229.892037481069707,0.299668371677399,0.413337108492851
427,MX22005,427,4056.000000000000000,0.070416667793333,0.265885412693024,35.644199371337891,35.378313958644867,1.365942580180879,2.589772166817488,5540.263105213643939,0.572795242071152,2.926450490951538
428,MX14025,428,3269.000000000000000,0.056753473130278,0.206312432885170,23.625032424926758,23.418719992041588,0.468412745638011,1.222390524348803,1531.241265490656588,0.280252546072006,0.490512955188751
429,MX06003,429,1552.000000000000000,0.026944444875556,0.201042607426643,19.169717788696289,18.968675181269646,0.779167546208987,1.511028611462681,1209.268031716347195,0.370526671409607,1.320063340663911
430,MX27005,430,3786.000000000000000,0.065729167718333,0.275400042533875,210.867126464843750,210.591726422309875,2.141013807009528,5.576694941551675,8105.878273338072177,1.274162828922272,3.302925109863281
431,MX30043,431,1544.000000000000000,0.026805555984444,0.219473630189896,2.083340406417847,1.863866776227951,0.341071925758158,0.161123329854575,526.615053370595206,0.287937432527542,0.473000404238701
432,MX07019,432,4754.000000000000000,0.082534723542778,0.196095973253250,35.493682861328125,35.297586888074875,1.249028101036865,3.358251373150270,5937.879592329255502,0.372528254985809,2.064461922645566
433,MX03001,433,88267.000000000000000,1.532413218963056,0.176356285810471,33.326496124267578,33.150139838457108,0.282487453727999,0.828229537474288,24934.320078209311760,0.234751895070076,0.263918310403824
434,MX11009,434,2439.000000000000000,0.042343750677500,0.339172422885895,28.839231491088867,28.500059068202972,1.495648910100951,2.357012478992653,3647.887691736218585,0.675302207469940,3.301917886734012
435,MX18004,435,9428.000000000000000,0.163680558174444,0.196588650345802,24.413347244262695,24.216758593916893,0.421695102436098,0.948100117438231,3975.741425767533201,0.272472098469734,0.435935127735138
436,MX20018,436,1109.000000000000000,0.019253472530278,0.179538249969482,1.610795974731445,1.431257724761963,0.241617454170536,0.083756535362191,267.953756675124339,0.229253068566322,0.259046810865402
437,MX14026,437,1326.000000000000000,0.023020833701667,0.223109200596809,15.914035797119141,15.690926596522331,0.440076422053045,0.954144139069890,583.541335642338140,0.301202520728111,0.434210419654846
438,MX32007,438,12405.000000000000000,0.215364586779167,0.191467672586441,28.921703338623047,28.730235666036606,0.307375845222979,0.633243077293314,3812.997359991054054,0.250080764293671,0.304408931732178
439,MX20019,439,852.000000000000000,0.014791666903333,0.182069092988968,1.999559998512268,1.817490905523300,0.266865638185275,0.133245126604116,227.369523733854152,0.238882333040237,0.298085397481918
440,MX25004,440,11023.000000000000000,0.191371530839722,0.199658662080765,22.922376632690430,22.722717970609665,0.400026210169497,0.708548005834724,4409.488914698360531,0.278182625770569,0.457365578413010
441,MX10003,441,5544.000000000000000,0.096250001540000,0.194832041859627,3.638863325119019,3.444031283259392,0.258139522509679,0.119312299251223,1431.125512793659937,0.244407936930656,0.264588105678558
442,MX31013,442,320.000000000000000,0.005555555644444,0.505193293094635,17.091781616210938,16.586588323116302,2.722578891366720,2.830470216682779,871.225245237350350,1.717671513557434,6.385202312469486
443,MX20020,443,277.000000000000000,0.004809027854722,0.203076720237732,3.131285905838013,2.928209185600281,0.357778372801168,0.274596063196363,99.104609265923500,0.271371275186539,0.528775036334991
444,MX16017,444,1882.000000000000000,0.032673611633889,0.286013305187225,15.671092987060547,15.385079681873322,0.770565317759606,0.949992722530665,1450.203928023577646,0.503616899251938,1.374636745452881
445,MX29018,445,126.000000000000000,0.002187500035000,0.769201099872589,26.336526870727539,25.567325770854950,8.223252190010886,6.993275753721620,1036.129775941371690,6.326110363006592,20.163658142089844
446,MX07021,446,1670.000000000000000,0.028993056019444,0.227818176150322,11.505130767822266,11.277312591671944,0.439112838638756,0.623340166285949,733.318440526722952,0.308209151029587,0.622358125448227
447,MX12018,447,1445.000000000000000,0.025086805956944,0.208258450031281,9.848214149475098,9.639955699443817,0.449300494326027,0.668313224708411,649.239214301109200,0.294875770807266,0.617785882949829
448,MX12019,448,3600.000000000000000,0.062500001000000,0.186854124069214,16.051004409790039,15.864150285720825,0.300457029702763,0.374706161048786,1081.645306929946400,0.250101149082184,0.323311653733253
449,MX12020,449,1505.000000000000000,0.026128472640278,0.196998968720436,8.770448684692383,8.573449715971947,0.461565047195583,0.554538008802003,694.655396029352460,0.304496556520462,0.762334966659546
450,MX16018,450,853.000000000000000,0.014809028014722,0.327102482318878,6.200071811676025,5.872969329357147,0.619410314670341,0.528031840950216,528.356998413801193,0.441882133483887,1.071188306808472
451,MX06004,451,2612.000000000000000,0.045347222947778,0.216408446431160,19.202634811401367,18.986226364970207,0.512077533598608,1.049132562566200,1337.546517759563358,0.306523248553276,0.704008191823959
452,MX30044,452,795.000000000000000,0.013802083554167,0.379172146320343,50.179733276367188,49.800561130046844,5.259794490367362,8.353128904211484,4181.536619842052460,1.472417235374451,19.337570571899416
453,MX08014,453,9863.000000000000000,0.171232641628611,0.207249149680138,11.111791610717773,10.904542461037636,0.265144758031467,0.214805798896495,2615.122748464362758,0.253379493951797,0.272112309932709
454,MX21034,454,184.000000000000000,0.003194444495556,2.177509546279907,45.379943847656250,43.202434301376343,10.948050729606463,7.583988800275631,2014.441334247589111,9.298046588897705,20.754683876037625
455,MX11010,455,622.000000000000000,0.010798611283889,0.353672176599503,11.224970817565918,10.871298640966415,0.941626626962251,1.037587740568345,585.691761970519906,0.681920319795609,1.572218382358550
456,MX22006,456,1178.000000000000000,0.020451389216111,0.603753507137299,56.372329711914062,55.768576204776764,8.652370967666647,12.107656233691358,10192.492999911310108,2.855063080787659,29.304579353332517
457,MX11011,457,1673.000000000000000,0.029045139353611,0.462353438138962,34.191436767578125,33.729083329439163,2.427240852531530,4.343988011566268,4060.773946285250076,1.075504779815674,4.725432491302489
458,MX25005,458,11141.000000000000000,0.193420141983611,0.204105779528618,41.286254882812500,41.082149103283882,0.338265244774711,0.866110766547853,3768.613092035053342,0.258791357278824,0.347130715847015
459,MX30045,459,2505.000000000000000,0.043489584029167,0.236903563141823,17.016031265258789,16.779127702116966,0.684689597526709,1.140092437513180,1715.147441804406753,0.406895250082016,0.989335179328917
460,MX30046,460,381.000000000000000,0.006614583439167,0.326257705688477,3.359643697738647,3.033385992050171,0.560174151277292,0.327470013694908,213.426351636648064,0.458574205636978,0.812695086002350
461,MX30047,461,788.000000000000000,0.013680555774444,0.269972503185272,23.798467636108398,23.528495132923126,0.945323879683988,1.863815813517274,744.915217190982389,0.512395590543747,1.377741408348085
462,MX01004,462,657.000000000000000,0.011406250182500,0.291712909936905,27.525506973266602,27.233794063329697,1.401372518849698,2.604606408323384,920.701744884251525,0.633500397205353,2.911247110366820
463,MX20021,463,561.000000000000000,0.009739583489167,0.271808415651321,10.715870857238770,10.444062441587448,0.705744478154310,0.993084775411752,395.922652244568042,0.429651021957397,1.104074358940125
464,MX30048,464,1321.000000000000000,0.022934028144722,0.494666695594788,63.749561309814453,63.254894614219666,3.645404225312609,5.249721720198099,4815.578981637955621,1.767173528671265,8.460950851440430
465,MX20022,465,553.000000000000000,0.009600694598056,0.193380832672119,2.035258531570435,1.841877698898315,0.276587540105282,0.140887949878862,152.952909678220806,0.247750401496887,0.291500139236450
466,MX30049,466,2654.000000000000000,0.046076389626111,0.255757212638855,17.098970413208008,16.843213200569153,0.641519036792505,0.867550652923096,1702.591523647306985,0.444170832633972,0.971838235855104
467,MX16019,467,2516.000000000000000,0.043680556254444,0.220261782407761,14.535030364990234,14.314768582582474,0.381204009897095,0.714076880714544,959.109288901091190,0.281384140253067,0.416357085108757
468,MX21035,468,1229.000000000000000,0.021336805896944,0.235393747687340,19.929449081420898,19.694055333733559,0.662546123706102,1.280701689552493,814.269186034799304,0.372127234935760,0.931744194030762
469,MX24014,469,459.000000000000000,0.007968750127500,0.306348592042923,5.222685337066650,4.916336745023727,0.614994382027188,0.418203857252059,282.282421350479183,0.533019006252289,0.800687789916992
470,MX30050,470,398.000000000000000,0.006909722332778,0.345071107149124,2.827190876007080,2.482119768857956,0.572690688934757,0.293411630469631,227.930894196033307,0.473861113190651,0.842363619804382
471,MX08015,471,62584.000000000000000,1.086527795162222,0.203327193856239,8.135013580322266,7.931686386466026,0.265973092831943,0.080914914521494,16645.660041794351855,0.263299152255058,0.281706812977791
472,MX09003,472,266.000000000000000,0.004618055629444,20.970195770263672,90.236816406250000,69.266620635986328,58.545801571437316,12.507111073078727,15573.183218002326612,58.853193283081055,75.878131866455078
473,MX21036,473,1130.000000000000000,0.019618055869444,0.205850154161453,4.299470901489258,4.093620747327805,0.377755853533745,0.278670412190506,426.864114493131638,0.300877422094345,0.563408935070038
474,MX15023,474,200.000000000000000,0.003472222277778,1.407139897346497,49.870754241943359,48.463614344596863,10.234060194492338,11.747706957904892,2046.812038898467563,4.343488931655884,28.332638740539544
475,MX21037,475,658.000000000000000,0.011423611293889,0.212037384510040,8.132135391235352,7.920098006725311,0.579046294183717,0.848273672842956,381.012461572885627,0.351896166801453,0.802472925186158
476,MX12021,476,8702.000000000000000,0.151076391306111,0.195627555251122,18.405761718750000,18.210134163498878,0.429604728193536,0.654677711567815,3738.420344740146902,0.277333259582520,0.638794142007828
477,MX12022,477,16511.000000000000000,0.286649310141945,0.174238100647926,23.139333724975586,22.965095624327660,0.302349792482143,0.397727858554524,4992.097423672666991,0.250673770904541,0.352283865213394
478,MX30051,478,1169.000000000000000,0.020295139213611,0.292034953832626,3.893694877624512,3.601659923791885,0.491531240572983,0.280141034566709,574.600020229816664,0.411036968231201,0.681096136569977
479,MX23001,479,2377.000000000000000,0.041267361771389,0.199625477194786,45.994476318359375,45.794850841164589,1.416410312507900,4.764620552795281,3366.807312831277159,0.296041548252106,1.444801974296571
480,MX28010,480,9707.000000000000000,0.168524308251944,0.186722472310066,9.825781822204590,9.639059349894524,0.270940866155151,0.248860047154058,2630.022987768051280,0.250725120306015,0.276495057344437
481,MX09004,481,352.000000000000000,0.006111111208889,0.788231074810028,92.678604125976562,91.890373051166534,19.761996145783474,20.228845951413234,6956.222643315782989,12.365518569946289,50.103138351440485
482,MX12023,482,3072.000000000000000,0.053333334186667,0.198468148708344,11.114320755004883,10.915852606296539,0.387122365296818,0.638676860690766,1189.239906191826321,0.267195016145706,0.437892827391624
483,MX12024,483,1171.000000000000000,0.020329861436389,0.206870838999748,5.826618194580078,5.619747355580330,0.368791647758065,0.370746179857476,431.855019524693546,0.279721260070801,0.506357729434967
484,MX29008,484,424.000000000000000,0.007361111228889,0.441424518823624,24.595376968383789,24.153952449560165,1.806183643006491,3.052994057347179,765.821864634752387,0.764248490333557,3.580287098884582
485,MX21038,485,115.000000000000000,0.001996527809722,1.141856908798218,19.163259506225586,18.021402597427368,4.405899274867513,3.945344769665227,506.678416609763929,2.855437040328979,9.992110443115237
486,MX05007,486,55738.000000000000000,0.967673626593889,0.193084836006165,22.266012191772461,22.072927355766296,0.254761774035302,0.297128258509543,14199.911761179680980,0.242314912378788,0.266242942214012
487,MX06005,487,2042.000000000000000,0.035451389456111,0.217710599303246,16.497350692749023,16.279640093445778,0.843158323306820,1.300211859778449,1721.729296192527045,0.483584597706795,1.359601557254792
488,MX08017,488,19197.000000000000000,0.333281255332500,0.212456166744232,65.534713745117188,65.322257578372955,0.847895439438055,3.106943877090990,16277.048750892348835,0.308795034885406,0.948828125000001
489,MX09015,489,165.000000000000000,0.002864583379167,48.958908081054688,123.581916809082031,74.623008728027344,72.060210811730627,12.918222711432231,11889.934783935554151,71.799819946289062,88.487873840332028
490,MX32008,490,1632.000000000000000,0.028333333786667,0.245211884379387,25.123868942260742,24.878657057881355,0.611851891968401,1.573947157266325,998.542287692430705,0.325596928596497,0.630573976039887
491,MX21039,491,304.000000000000000,0.005277777862222,0.323328495025635,5.594398975372314,5.271070480346680,0.773643399637781,0.610669414328929,235.187593489885330,0.577950924634933,1.307042193412780
492,MX12025,492,1536.000000000000000,0.026666667093333,0.202053055167198,6.342892646789551,6.140839591622353,0.373937787458999,0.410371353948850,574.368441537022932,0.283726021647453,0.474403619766235
493,MX13016,493,1951.000000000000000,0.033871528319722,0.309823065996170,16.007186889648438,15.697363823652267,1.182143044282326,1.655073341769821,2306.361079394818262,0.614341259002686,2.531232357025146
494,MX21040,494,790.000000000000000,0.013715277997222,0.682612419128418,18.745719909667969,18.063107490539551,1.920178330774549,1.762380414871327,1516.940881311894145,1.224837362766266,3.708701968193054
495,MX15024,495,210.000000000000000,0.003645833391667,3.873211145401001,63.128795623779297,59.255584478378296,28.280023112751191,16.873115790349658,5938.804853677750543,26.848381042480469,52.092497634887692
496,MX14027,496,6898.000000000000000,0.119756946360556,0.188000738620758,6.749411106109619,6.561410367488861,0.291828102382778,0.257505706477083,2013.030250236405664,0.250166535377502,0.327096271514893
497,MX15121,497,541.000000000000000,0.009392361261389,6.487941265106201,96.984230041503906,90.496288776397705,36.991743227029758,17.004136628528340,20012.533085823099100,37.804492950439453,57.754673004150391
498,MX14028,498,2071.000000000000000,0.035954861686389,0.191900506615639,6.372724056243896,6.180823549628258,0.287531238968449,0.335201029981452,595.477195903658867,0.235754698514938,0.281696528196335
499,MX17006,499,479.000000000000000,0.008315972355278,0.971543371677399,30.839679718017578,29.868136346340179,10.218055815437891,7.886892386209470,4894.448735594749451,8.140336036682129,22.064690017700194
500,MX21041,500,188.000000000000000,0.003263888941111,7.128132343292236,89.899864196777344,82.771731853485107,26.228732940998491,14.570204677384799,4931.001792907716663,21.867363929748535,47.457275772094725
501,MX29009,501,84.000000000000000,0.001458333356667,1.098909735679626,5.200345039367676,4.101435303688049,2.587475538253784,1.004691882127615,217.347945213317843,2.429112553596497,4.018918180465699
502,MX21042,502,980.000000000000000,0.017013889161111,0.218639656901360,3.012623310089111,2.793983653187752,0.320483710084643,0.218063225820481,314.074035882949943,0.268852949142456,0.385395926237106
503,MX26022,503,8534.000000000000000,0.148159724592778,0.216531127691269,52.097091674804688,51.880560547113419,0.330088937206780,1.054929985004180,2816.978990122664527,0.260259851813316,0.288686695694923
504,MX10004,504,27490.000000000000000,0.477256952080556,0.187425911426544,41.396266937255859,41.208841025829315,0.328889417442333,0.865569647007345,9041.170085489722624,0.252238303422928,0.307977315783501
505,MX11012,505,1303.000000000000000,0.022621528139722,0.314917713403702,33.772212982177734,33.457295268774033,1.221520387293829,2.650412676743885,1591.641064643859636,0.560048758983612,2.104368782043457
506,MX17007,506,979.000000000000000,0.016996528049722,0.555444717407227,59.824813842773438,59.269369125366211,8.664177329291848,9.704301078896068,8482.229605376718609,2.245492458343506,22.431286621093754
507,MX12026,507,1839.000000000000000,0.031927083844167,0.193916320800781,4.170649528503418,3.976733207702637,0.320263200128059,0.280490435017445,588.964025035501095,0.262939542531967,0.371323043107987
508,MX21043,508,904.000000000000000,0.015694444695556,0.292451649904251,12.248071670532227,11.955620020627975,0.832739895555825,0.862713537208399,752.796865582465330,0.670301526784897,1.284165346622467
509,MX30052,509,167.000000000000000,0.002899305601944,0.419125556945801,7.291365623474121,6.872240066528320,1.309173487439127,1.342209008165595,218.631972402334128,0.811286211013794,2.854798316955566
510,MX20023,510,241.000000000000000,0.004184027844722,0.348894178867340,12.225443840026855,11.876549661159515,2.137566448618268,2.406076576279679,515.153514117002601,1.060149908065796,5.669763565063477
511,MX30053,511,745.000000000000000,0.012934027984722,0.369353055953979,12.512706756591797,12.143353700637817,1.220817197249241,1.364247052143352,909.508811950684390,0.707477629184723,2.567956113815308
512,MX16020,512,1270.000000000000000,0.022048611463889,0.347225069999695,40.808856964111328,40.461631894111633,0.975010613733389,2.264228341588979,1238.263479441404570,0.501053690910339,1.620386004447938
513,MX25006,513,30874.000000000000000,0.536006953020556,0.198343411087990,88.810272216796875,88.611928805708885,1.464034690112682,5.327151067928615,45200.607022538955789,0.339007198810577,1.447237706184388
514,MX26023,514,10831.000000000000000,0.188038197453056,0.201159521937370,17.879484176635742,17.678324654698372,0.288190810637026,0.512004673366649,3121.394670009623496,0.247935026884079,0.272646933794022
515,MX31014,515,684.000000000000000,0.011875000190000,0.196560353040695,3.129249095916748,2.932688742876053,0.284132204993426,0.199655364697016,194.346428215503693,0.249862693250179,0.317447388172150
516,MX27006,516,2907.000000000000000,0.050468750807500,0.760936856269836,718.120849609375000,717.359912753105164,6.236456922107759,31.956068299892689,18129.380272567257634,2.172220468521118,6.201685810089113
517,MX14029,517,3213.000000000000000,0.055781250892500,0.262632548809052,15.720329284667969,15.457696735858917,0.508293268643843,0.616164217770707,1633.146272152668416,0.390111684799194,0.683583831787110
518,MX08018,518,8515.000000000000000,0.147829863476389,0.217441171407700,14.709194183349609,14.491753011941910,0.338386713098724,0.288588861238366,2881.362862035634407,0.286267071962357,0.415476858615875
519,MX12027,519,6589.000000000000000,0.114392362941389,0.203017681837082,8.579010009765625,8.375992327928543,0.322470055360192,0.270521375626567,2124.755194768306410,0.273450970649719,0.384393084049225
520,MX20024,520,388.000000000000000,0.006736111218889,0.200379073619843,1.518415212631226,1.318036139011383,0.322401911634760,0.180340113897955,125.091941714286747,0.265120968222618,0.410686203837395
521,MX21044,521,1499.000000000000000,0.026024305971944,0.243217945098877,5.061377525329590,4.818159580230713,0.489585547684988,0.469591530413159,733.888735979796252,0.333927482366562,0.821749413013458
522,MX31015,522,464.000000000000000,0.008055555684444,0.217188879847527,11.320404052734375,11.103215172886848,0.540118121927412,0.970182569900142,250.614808574319028,0.305802613496780,0.753180229663849
523,MX14033,523,2125.000000000000000,0.036892361701389,0.302058100700378,20.393684387207031,20.091626286506653,0.743791957869249,1.328538391205875,1580.557910472153935,0.426074624061584,1.210788965225220
524,MX18009,524,25937.000000000000000,0.450295146093611,0.184964343905449,7.672458171844482,7.487493827939034,0.268629537184578,0.160687612899121,6967.444305956395510,0.242669552564621,0.288912183046341
525,MX08021,525,2824.000000000000000,0.049027778562222,0.257646173238754,40.444690704345703,40.187044531106949,2.731923336643336,6.114410692197861,7714.951502680781232,0.672985285520554,5.687465238571175
526,MX26024,526,2073.000000000000000,0.035989583909167,0.210636794567108,6.481582164764404,6.270945370197296,0.265503329100439,0.293616895595334,550.388401225209236,0.241659611463547,0.259291440248489
527,MX19014,527,25804.000000000000000,0.447986118278889,0.193716451525688,21.074777603149414,20.881061151623726,0.323690495549490,0.549694992898709,8352.509547159041176,0.265631526708603,0.351188924908638
528,MX19015,528,3740.000000000000000,0.064930556594444,0.239762574434280,7.633328914642334,7.393566340208054,0.361024648903366,0.339235642992460,1350.232186898589362,0.296413600444794,0.426162374019623
529,MX19016,529,3189.000000000000000,0.055364584219167,0.278128176927567,8.105804443359375,7.827676266431808,0.490020412399165,0.495721489697180,1562.675095140935809,0.394503474235535,0.631671059131622
530,MX11013,530,1152.000000000000000,0.020000000320000,0.345363169908524,21.367609024047852,21.022245854139328,1.337560860026212,1.753316886073348,1540.870110750195863,0.831784904003143,2.385627174377443
531,MX11014,531,8296.000000000000000,0.144027780082222,0.279398143291473,85.405014038085938,85.125615894794464,1.090842364271499,3.607363814825877,9049.628253996355852,0.523906439542770,1.391652286052704
532,MX21060,532,78.000000000000000,0.001354166688333,0.998756468296051,8.073877334594727,7.075120866298676,2.557562509408363,1.678677313071968,199.489875733852301,1.979314923286438,4.707254695892333
533,MX15032,533,955.000000000000000,0.016579861376389,0.292367219924927,10.156517028808594,9.864149808883667,0.982329890834099,0.859989996137147,938.125045746564979,0.668215811252594,2.002119159698486
534,MX08022,534,5459.000000000000000,0.094774307071944,0.221106112003326,6.778522014617920,6.557415902614594,0.325429854792735,0.344266776799882,1776.521577313541002,0.270539075136185,0.328145790100098
535,MX10005,535,47447.000000000000000,0.823732652068611,0.186120554804802,114.318977355957031,114.132856801152229,0.727844565903594,3.521065441374806,34534.041118427812762,0.250056475400925,0.465798598527908
536,MX31025,536,400.000000000000000,0.006944444555556,0.238815680146217,10.237174987792969,9.998359307646751,0.634318346828222,1.141458784473338,253.727338731288796,0.326701313257217,0.823543119430543
537,MX31026,537,876.000000000000000,0.015208333576667,0.236704394221306,10.106282234191895,9.869577839970589,0.458555009964530,0.802649028698779,401.694188728928566,0.288881674408913,0.544869750738144
538,MX31027,538,1032.000000000000000,0.017916666953333,0.208914771676064,13.007322311401367,12.798407539725304,0.435387776355988,0.969997737983481,449.320185199380091,0.254292175173759,0.404411357641220
539,MX31028,539,1504.000000000000000,0.026111111528889,0.185678049921989,7.479368209838867,7.293690159916878,0.268031036818123,0.369177167493150,403.118679374456235,0.220438316464424,0.276332634687424
540,MX31029,540,2547.000000000000000,0.044218750707500,0.181027963757515,11.721252441406250,11.540224477648735,0.296755928091316,0.600081531002341,755.837348848581769,0.224019736051559,0.284802377223969
541,MX31030,541,1551.000000000000000,0.026927083764167,0.186211913824081,5.030324459075928,4.844112545251846,0.261436115092881,0.282533392967538,405.487414509058112,0.222843721508980,0.253755807876587
542,MX31031,542,670.000000000000000,0.011631944630556,0.189871490001678,5.732112884521484,5.542241394519806,0.313130940430200,0.423901830690918,209.797730088233919,0.230458691716194,0.338353577256203
543,MX24016,543,3521.000000000000000,0.061128473200278,0.199278995394707,18.085269927978516,17.885990932583809,0.490708409576075,1.095558533600822,1727.784310117359155,0.277516603469849,0.546769440174103
544,MX15033,544,773.000000000000000,0.013420139103611,4.423538208007812,79.204223632812500,74.780685424804688,44.165937287995590,17.376401203872511,34140.269523620590917,49.298461914062500,61.522932434082037
545,MX15034,545,266.000000000000000,0.004618055629444,0.373879224061966,15.328117370605469,14.954238146543503,1.635417469013902,2.292648350707585,435.021046757698002,0.876228034496307,3.889169216156006
546,MX16030,546,1510.000000000000000,0.026215278197222,0.290759563446045,11.678104400634766,11.387344837188721,0.568956767150898,0.728040195010053,859.124718397855418,0.380369216203690,0.814367067813874
547,MX12075,547,6133.000000000000000,0.106475696148056,0.198032319545746,29.612648010253906,29.414615690708160,0.518075271733876,1.285462254755444,3177.355641543863840,0.290848851203918,0.596576702594757
548,MX14034,548,1476.000000000000000,0.025625000410000,0.201326176524162,4.340439796447754,4.139113619923592,0.278075246771338,0.198309841621646,410.439064234495618,0.251333922147751,0.293661564588547
549,MX13009,549,685.000000000000000,0.011892361301389,0.485642820596695,15.585715293884277,15.100072473287582,1.809989218598734,1.769327121597228,1239.842614740132603,1.190131545066833,3.579115390777588
550,MX14009,550,560.000000000000000,0.009722222377778,0.386699467897415,20.634262084960938,20.247562617063522,1.718651892191599,2.341732548334092,962.445059627295336,0.898438304662704,3.559658789634706
551,MX20010,551,1235.000000000000000,0.021440972565278,0.226000666618347,29.220247268676758,28.994246602058411,0.925484551338531,2.029815045317580,1142.973420903085753,0.426647067070007,1.508225059509278
552,MX07014,552,772.000000000000000,0.013402777992222,0.331569731235504,14.189992904663086,13.858423173427582,1.034124575130680,1.441456311983049,798.344172000884782,0.548958867788315,2.048147082328796
553,MX19010,553,543.000000000000000,0.009427083484167,0.701437652111053,89.921150207519531,89.219712555408478,8.533038196313445,12.778686907855581,4633.439740598200842,3.374639987945557,23.055613708496097
554,MX29007,554,285.000000000000000,0.004947916745833,0.393567711114883,20.208484649658203,19.814916938543320,1.914434646932702,3.231914414755374,545.613874375820160,0.616924524307251,4.680307388305674
555,MX20030,555,277.000000000000000,0.004809027854722,0.382719814777374,20.897777557373047,20.515057742595673,1.738569373580955,2.929474993994734,481.583716481924569,0.793536543846130,3.469586420059204
556,MX25010,556,21693.000000000000000,0.376614589359167,0.197882667183876,59.856986999511719,59.659104332327843,0.415622186003119,1.020219023995405,9016.092080965654532,0.272229701280594,0.497461038827896
557,MX14037,557,879.000000000000000,0.015260416910833,0.229489281773567,11.338852882385254,11.109363600611687,0.631592412840519,1.218434172288497,555.169730886816069,0.328643888235092,0.862136077880860
558,MX30205,558,1973.000000000000000,0.034253472770278,0.220211952924728,19.285558700561523,19.065346747636795,0.469276444755166,0.940624206420979,925.882425501942066,0.302025884389877,0.670611345767975
559,MX14054,559,566.000000000000000,0.009826389046111,0.220160156488419,4.849268913269043,4.629108756780624,0.447942002580992,0.492146350003549,253.535173460841236,0.295399785041809,0.731469660997391
560,MX01010,560,2561.000000000000000,0.044461806266944,0.281898349523544,16.191791534423828,15.909893184900284,0.840124059996536,1.090006867937283,2151.557717651128314,0.552470505237579,1.366860032081604
561,MX28021,561,8282.000000000000000,0.143784724522778,0.200703918933868,28.960632324218750,28.759928405284882,0.610550532660402,1.809312013115892,5056.579511493448081,0.281397432088852,0.717184829711915
562,MX22011,562,3739.000000000000000,0.064913195483056,0.286616533994675,60.648502349853516,60.361885815858841,4.398119797224224,7.214915858999665,16444.569921821374010,1.516105294227600,12.077247619628924
563,MX24058,563,4162.000000000000000,0.072256945600556,0.206164002418518,19.492984771728516,19.286820769309998,0.398582636966322,0.701128718267091,1658.900935053830153,0.277212366461754,0.483869430422783
564,MX10018,564,18258.000000000000000,0.316979171738333,0.201733410358429,15.097044944763184,14.895311534404755,0.264782474008074,0.307093388517297,4834.398410439420331,0.244538739323616,0.265227654576302
565,MX15064,565,681.000000000000000,0.011822916855833,0.467789024114609,23.001096725463867,22.533307701349258,2.102682531186313,2.293042662036314,1431.926803737879027,1.523338556289673,3.759554862976074
566,MX32015,566,1782.000000000000000,0.030937500495000,0.220539689064026,3.520866632461548,3.300326943397522,0.309879505866773,0.193443977593380,552.205279454589686,0.271137759089470,0.350364547967911
567,MX07070,567,401.000000000000000,0.006961805666944,0.261567205190659,7.065814495086670,6.804247289896011,0.631193144883301,0.636986342851061,253.108451098203574,0.495030164718628,0.920428454875946
568,MX14070,568,405.000000000000000,0.007031250112500,2.134671211242676,56.608318328857422,54.473647117614746,20.359997947127731,15.203813003877233,8245.799168586730957,17.333112716674805,42.408609771728521
569,MX32041,569,3195.000000000000000,0.055468750887500,0.194288760423660,5.979740142822266,5.785451382398605,0.268600112526256,0.230650944937235,858.177359521388894,0.242714256048203,0.272582036256790
570,MX08064,570,2446.000000000000000,0.042465278457222,0.212614640593529,5.922685146331787,5.710070505738258,0.334310348312434,0.326410752000848,817.723111972213701,0.272181674838066,0.372604086995125
571,MX25008,571,8260.000000000000000,0.143402780072222,0.203320816159248,36.231540679931641,36.028219863772392,0.507494170182625,1.470749820809685,4191.901845708483961,0.281198650598526,0.590896707773209
572,MX13020,572,1203.000000000000000,0.020885417000833,0.205014884471893,1.363864660263062,1.158849775791168,0.285857602854817,0.098639423502541,343.886696234344981,0.265254527330399,0.328459447622299
573,MX21061,573,488.000000000000000,0.008472222357778,0.306549578905106,4.377198696136475,4.070649117231369,0.594686619143506,0.357514695633908,290.207070142030830,0.504980504512787,0.865720403194428
574,MX20029,574,175.000000000000000,0.003038194493056,0.255208194255829,1.906495571136475,1.651287376880646,0.486117435523442,0.290749460092720,85.070551216602325,0.371047586202621,0.793225038051605
575,MX13021,575,607.000000000000000,0.010538194613056,0.500604808330536,38.782562255859375,38.281957447528839,1.589444415769625,3.097942933691720,964.792760372162093,0.691926121711731,2.926007795333861
576,MX17008,576,335.000000000000000,0.005815972315278,1.171971321105957,31.099615097045898,29.927643775939941,10.116855748375848,7.901277649778665,3389.146675705908820,7.308093547821045,20.920963287353516
577,MX27007,577,2912.000000000000000,0.050555556364444,0.188269957900047,29.962249755859375,29.773979797959328,0.619646314219421,1.976336472519971,1804.410067006953113,0.274059146642685,0.635375535488129
578,MX29046,578,249.000000000000000,0.004322916735833,0.298777520656586,16.922061920166016,16.623284399509430,0.870087432933141,1.674933741573930,216.651770800351983,0.442564278841019,1.211601328849793
579,MX30065,579,2064.000000000000000,0.035833333906667,0.305695116519928,26.487615585327148,26.181920468807220,1.315744503278486,2.463300199981211,2715.696654766794381,0.640380799770355,2.478989076614380
580,MX26025,580,3117.000000000000000,0.054114584199167,0.258025735616684,86.916885375976562,86.658859640359879,1.530941307669005,5.429818045080893,4771.944056004287631,0.386589348316193,1.643873906135560
581,MX14035,581,6300.000000000000000,0.109375001750000,0.275304049253464,40.481426239013672,40.206122189760208,0.795708410867623,2.031359872577853,5012.962988466022580,0.435895100235939,1.019553875923157
582,MX02001,582,284403.000000000000000,4.937552162334168,0.184011235833168,78.171546936035156,77.987535700201988,0.314356828411337,0.998844226433932,89404.025070669362321,0.243940234184265,0.275788468122482
583,MX21062,583,258.000000000000000,0.004479166738333,0.326754480600357,4.166234970092773,3.839480489492416,0.677295129082000,0.575949554483079,174.742143303155871,0.438437774777412,1.313814628124238
584,MX13022,584,706.000000000000000,0.012256944640556,0.556256115436554,14.082633972167969,13.526377856731415,1.749555056898857,1.648233933361712,1235.185870170593262,1.156118869781494,3.481108546257019
585,MX16031,585,2112.000000000000000,0.036666667253333,0.279019892215729,8.551528930664062,8.272509038448334,0.529338269931914,0.483908027356068,1117.962426096201625,0.424874961376190,0.728809273242951
586,MX16032,586,1211.000000000000000,0.021024305891944,0.245563641190529,6.087968826293945,5.842405185103416,0.499318112232387,0.505937213984731,604.674233913421062,0.322615772485733,0.882325470447540
587,MX04009,587,23595.000000000000000,0.409635423220833,0.168890029191971,39.674922943115234,39.506032913923264,0.318860881560104,1.047835184094492,7523.522500410649627,0.222265824675560,0.292578804492950
588,MX05008,588,5376.000000000000000,0.093333334826667,0.216700747609138,11.747485160827637,11.530784413218498,0.326240351296118,0.496443122901952,1753.868128567929489,0.268575951457024,0.318742409348488
589,MX25009,589,6810.000000000000000,0.118229168558333,0.205030709505081,37.640918731689453,37.435888022184372,0.535162245975631,1.681545664486710,3644.454895094043877,0.288700267672539,0.506612908840180
590,MX07032,590,2019.000000000000000,0.035052083894167,0.161677688360214,29.328329086303711,29.166651397943497,0.543118058033602,1.191836385469135,1096.555359169841950,0.336317390203476,0.798015785217285
591,MX29012,591,689.000000000000000,0.011961805746944,0.433893799781799,5.657470226287842,5.223576426506042,0.740052883528140,0.509812823006532,509.896436750888427,0.565945982933044,1.129860687255860
592,MX21063,592,392.000000000000000,0.006805555664444,0.343397349119186,17.902050018310547,17.558652669191360,1.378295800515583,2.136498022682757,540.291953802108651,0.660925656557083,2.570917105674744
593,MX30066,593,1202.000000000000000,0.020868055889444,0.312325984239578,4.811598777770996,4.499272793531418,0.578972685282521,0.390416710840911,695.925167709589800,0.458543106913567,0.883166050910950
594,MX31032,594,3674.000000000000000,0.063784723242778,0.186836376786232,15.034301757812500,14.847465381026268,0.331412374717779,0.735103684069626,1217.609064713120233,0.228273473680019,0.297039607167244
595,MX26026,595,4882.000000000000000,0.084756945800556,0.217714473605156,19.887405395507812,19.669690921902657,0.603483011498161,1.152939295800713,2946.204062134022479,0.332274988293648,0.914895337820054
596,MX14036,596,1696.000000000000000,0.029444444915556,0.213479787111282,25.377882003784180,25.164402216672897,0.650558317291006,1.868393007262387,1103.346906125545502,0.297224372625351,0.621626377105713
597,MX22007,597,1505.000000000000000,0.026128472640278,0.346917510032654,22.358016967773438,22.011099457740784,1.425590808209394,2.011129469945163,2145.514166355137149,0.777404665946960,2.828908348083496
598,MX23002,598,63566.000000000000000,1.103576406546111,0.160187184810638,36.415927886962891,36.255740702152252,0.250631339471326,0.490811999051778,15931.631724834311171,0.214993469417095,0.241122230887413
599,MX30067,599,215.000000000000000,0.003732638948611,0.296003460884094,2.923207759857178,2.627204298973083,0.531229458853256,0.367544129043388,114.214333653450069,0.399917304515839,0.850842964649200
600,MX12030,600,1221.000000000000000,0.021197917005833,0.236436501145363,14.097148895263672,13.860712394118309,0.573122363198888,1.052617041317773,699.782405465842203,0.346566855907440,0.784857213497162
601,MX30068,601,301.000000000000000,0.005225694528056,0.583456575870514,23.459911346435547,22.876454770565033,4.562269199330148,4.680607474642150,1373.243028998374484,2.408686161041260,11.773792266845703
602,MX05009,602,14631.000000000000000,0.254010420730833,0.194123759865761,55.164951324462891,54.970827564597130,0.554432900212173,2.324700556284506,8111.907763004297522,0.249306291341782,0.534818112850189
603,MX13023,603,485.000000000000000,0.008420139023611,0.540020525455475,23.691509246826172,23.151488721370697,2.794519204945908,2.917354019242493,1355.341814398765109,1.824297547340393,5.662188434600830
604,MX07033,604,1025.000000000000000,0.017795139173611,0.235038235783577,2.445580720901489,2.210542485117912,0.349465216165636,0.182423769757469,358.201846569776592,0.297696024179459,0.448759585618973
605,MX21064,605,2148.000000000000000,0.037291667263333,0.273456662893295,177.393417358398438,177.119960695505142,0.972314333144289,6.573158110956977,2088.531187593933737,0.402411401271820,0.907293319702148
606,MX32010,606,25895.000000000000000,0.449565979415278,0.198396876454353,55.165416717529297,54.967019841074944,0.618139666490951,1.871542355884375,16006.726663783181721,0.296913772821426,0.715144193172455
607,MX20032,607,298.000000000000000,0.005173611193889,0.194901987910271,1.370368719100952,1.175466731190681,0.293337819410250,0.167992648927126,87.414670184254646,0.246237143874168,0.370198121666908
608,MX05010,608,2393.000000000000000,0.041545139553611,0.290483236312866,47.760913848876953,47.470430612564087,2.368300351397147,6.634793475455757,5667.342740893373048,0.520808279514313,3.385503196716310
609,MX07034,609,3709.000000000000000,0.064392362141389,0.184909433126450,14.496891975402832,14.311982542276382,0.609688647109469,0.938671817466360,2261.335192129019561,0.345750957727432,1.122690749168397
610,MX07035,610,451.000000000000000,0.007829861236389,0.406087994575500,6.909837245941162,6.503749251365662,0.837219653993911,0.716234395216482,377.586063951253720,0.626602292060852,1.381245732307434
611,MX26027,611,14236.000000000000000,0.247152781732222,0.210234716534615,25.813665390014648,25.603430673480034,0.297252734926779,0.700760822394159,4231.689934417627228,0.253973498940468,0.277363896369934
612,MX16033,612,1809.000000000000000,0.031406250502500,0.223423913121223,10.295228958129883,10.071805045008659,0.467476016401652,0.692282848435199,845.664113670587994,0.312337040901184,0.627111196517944
613,MX08023,613,9319.000000000000000,0.161788197033056,0.212697967886925,7.707183837890625,7.494485870003700,0.290149899332522,0.276039200698590,2703.906911879769268,0.261020630598068,0.290584158897400
614,MX19017,614,36338.000000000000000,0.630868065649445,0.194696918129921,16.111837387084961,15.917140468955040,0.322152006103043,0.435228598633337,11706.359597772383495,0.259524956345558,0.351686367392540
615,MX19018,615,5359.000000000000000,0.093038195933056,0.286766022443771,58.647304534912109,58.360538512468338,3.163070450107826,7.582509860428079,16950.894542127840396,0.527607500553131,8.442172431945796
616,MX32012,616,4028.000000000000000,0.069930556674444,0.225351661443710,9.774002075195312,9.548650413751602,0.380502513875259,0.419900616625910,1532.664125889544493,0.297691553831100,0.437423408031464
617,MX19020,617,9786.000000000000000,0.169895836051667,0.217009574174881,20.131277084350586,19.914267510175705,0.358309728650564,0.681198900337813,3506.419004574415339,0.283940628170967,0.350290700793266
618,MX12031,618,1281.000000000000000,0.022239583689167,0.193969011306763,4.881635189056396,4.687666177749634,0.294132286256686,0.213519164698720,376.783458694814954,0.263870775699615,0.339193105697632
619,MX05011,619,13657.000000000000000,0.237100698238056,0.204168051481247,13.492480278015137,13.288312226533890,0.306303824884890,0.296326438703431,4183.191336452945507,0.274037390947342,0.337363380193710
620,MX32013,620,1002.000000000000000,0.017395833611667,0.282663941383362,16.440586090087891,16.157922148704529,0.720058247893156,1.196696206971348,721.498364388942491,0.405392214655876,1.148467147350311
621,MX19021,621,768.000000000000000,0.013333333546667,0.622319221496582,58.311004638671875,57.688685417175293,21.749323683247560,15.071953988019661,16703.480588734128105,19.755245208740234,43.212713623046881
622,MX21065,622,454.000000000000000,0.007881944570556,0.334294438362122,12.051851272583008,11.717556834220886,1.126791570155107,1.578727238319335,511.563372850418375,0.562183886766434,2.502275490760803
623,MX32014,623,24751.000000000000000,0.429704867986389,0.191825941205025,14.954733848571777,14.762907907366753,0.266721192303200,0.252517878810475,6601.616230696491584,0.241796404123306,0.276164442300797
624,MX12032,624,8473.000000000000000,0.147100696798056,0.184199541807175,12.739574432373047,12.555374890565872,0.295885202381132,0.312598879411326,2507.035319775333846,0.249594584107399,0.354880434274674
625,MX32016,625,2240.000000000000000,0.038888889511111,0.260915100574493,10.017149925231934,9.756234824657440,0.606617913381862,0.833937784041229,1358.824125975371089,0.361964479088783,1.011453962326050
626,MX26070,626,19968.000000000000000,0.346666672213333,0.199619948863983,44.030597686767578,43.830977737903595,0.343621782530904,1.144763989032510,6861.439753577083138,0.265474900603294,0.294844785332680
627,MX10006,627,11242.000000000000000,0.195173614233889,0.199152082204819,7.823424816131592,7.624272733926773,0.277845393303630,0.255064878963192,3123.537911519405952,0.246846027672291,0.281644690036774
628,MX19022,628,12795.000000000000000,0.222135420220833,0.204423978924751,7.699807167053223,7.495383188128471,0.313510242155773,0.246305298949048,4011.363548383120360,0.271650999784470,0.369906276464462
629,MX19023,629,2017.000000000000000,0.035017361671389,0.230740115046501,4.865154743194580,4.634414628148079,0.313746290856738,0.263135466590500,632.826268658040590,0.278328865766525,0.313558316230774
630,MX19024,630,6675.000000000000000,0.115885418520833,0.186428636312485,5.935595035552979,5.749166399240494,0.260168421857813,0.219668762190265,1736.624215900900936,0.236363723874092,0.261223989725113
631,MX19025,631,953.000000000000000,0.016545139153611,0.438553094863892,63.325439453125000,62.886886358261108,6.909726544167039,10.357099045125842,6584.969396591187433,2.258550167083740,21.109548187255925
632,MX08025,632,4570.000000000000000,0.079340279047222,0.213572010397911,11.110790252685547,10.897218242287636,0.347408921380795,0.560263839830962,1587.658770710231238,0.263465598225594,0.319701477885246
633,MX14079,633,1764.000000000000000,0.030625000490000,0.221082001924515,9.172197341918945,8.951115339994431,0.496251728943213,0.781122753848734,875.388049855828285,0.312998667359352,0.623029989004135
634,MX28011,634,3699.000000000000000,0.064218751027500,0.193161875009537,5.232766151428223,5.039604276418686,0.289174925595337,0.207430928527242,1069.658049777151518,0.253156751394272,0.350972962379456
635,MX10007,635,4356.000000000000000,0.075625001210000,0.418851464986801,121.630035400390625,121.211183935403824,5.688069246887236,12.124917048195126,24777.229639440800383,1.537847578525543,11.458354473114014
636,MX28012,636,16421.000000000000000,0.285086810116944,0.187684416770935,18.284120559692383,18.096436142921448,0.321191151239325,0.546648819896819,5274.279894500963564,0.257303923368454,0.335569173097610
637,MX08026,637,2581.000000000000000,0.044809028494722,0.245800554752350,5.513318538665771,5.267517983913422,0.360311811998435,0.297536373039037,929.964786767959936,0.303077012300491,0.411359041929245
638,MX26028,638,1959.000000000000000,0.034010417210833,0.197473645210266,5.745768070220947,5.548294425010681,0.265324382635329,0.247270672262240,519.770465582609745,0.244690820574760,0.262314409017563
639,MX14038,639,4184.000000000000000,0.072638890051111,0.191728815436363,9.533011436462402,9.341282621026039,0.274525533161388,0.299015168513693,1148.614830747247652,0.244147144258022,0.279554286599159
640,MX08027,640,36571.000000000000000,0.634913204603056,0.196025744080544,18.108318328857422,17.912292584776878,0.262851644157127,0.308315942644190,9612.747478470284477,0.245293006300926,0.265943944454193
641,MX14039,641,754.000000000000000,0.013090277987222,2.588091373443604,101.425086975097656,98.836995601654053,44.713339430267659,13.384060703212388,33713.857930421814672,46.479644775390625,57.094284057617188
642,MX24017,642,18993.000000000000000,0.329739588609167,0.191114187240601,8.523049354553223,8.331935167312622,0.316352274596224,0.259767510520216,6008.478751406076299,0.268287539482117,0.362373232841492
643,MX08028,643,32483.000000000000000,0.563940981245278,0.209546357393265,70.850486755371094,70.640940397977829,0.303199551545190,0.698713893881249,9848.831032842403147,0.265636920928955,0.302395427227020
644,MX19026,644,611.000000000000000,0.010607639058611,2.306269407272339,62.905658721923828,60.599389314651489,32.147249422760126,13.740971145499854,19641.969397306438623,36.447284698486328,46.197498321533203
645,MX21066,645,754.000000000000000,0.013090277987222,0.199198424816132,5.274792671203613,5.075594246387482,0.453384807081374,0.527729829508793,341.852144539356232,0.285137161612511,0.747439360618591
646,MX32017,646,4138.000000000000000,0.071840278927222,0.246421739459038,64.436866760253906,64.190445020794868,2.200542530344693,6.788185137272508,9105.844990566338311,0.397140368819237,3.119749188423158
647,MX20034,647,154.000000000000000,0.002673611153889,0.216584801673889,3.317143201828003,3.100558400154114,0.466867748889830,0.499889371674893,71.897633329033880,0.293049022555351,0.845418661832810
648,MX20033,648,19.000000000000000,0.000329861116389,1.279270887374878,6.098422527313232,4.819151639938354,3.375104232838280,1.595175219811955,64.126980423927307,3.508672475814819,5.318914985656738
649,MX10008,649,6761.000000000000000,0.117378474100278,0.203765004873276,51.774288177490234,51.570523172616959,0.527531017190498,2.031580857283768,3566.637207224955546,0.265139281749725,0.431101858615875
650,MX21067,650,1130.000000000000000,0.019618055869444,0.269023478031158,22.389528274536133,22.120504796504974,0.807862003213536,1.599701232314128,912.884063631295476,0.424585431814194,1.337590003013611
651,MX08029,651,50023.000000000000000,0.868454875006389,0.193809121847153,52.241836547851562,52.048027426004410,0.263720352480059,0.497399400922973,13192.083192109996162,0.242908462882042,0.268550449609756
652,MX10009,652,28487.000000000000000,0.494565980135278,0.192375674843788,17.694648742675781,17.502273067831993,0.254499938396928,0.238937044655499,7249.939745113287245,0.241166964173317,0.260364812612534
653,MX11015,653,5079.000000000000000,0.088177084744167,0.283053696155548,91.088325500488281,90.805271804332733,2.019395781927023,5.537712553651519,10256.511176407349922,0.595938384532928,3.268647861480713
654,MX25011,654,13163.000000000000000,0.228524309211944,0.204757362604141,52.499538421630859,52.294781059026718,0.939723440743470,2.713219968297436,12369.579650506297185,0.379215806722641,1.310707783699036
655,MX26029,655,41602.000000000000000,0.722256956000556,0.196057826280594,60.026992797851562,59.830934971570969,0.458122316271339,1.902703076112041,19058.804601520252618,0.253578126430511,0.332508385181427
656,MX08030,656,9575.000000000000000,0.166232641548611,0.198757857084274,14.106928825378418,13.908170968294144,0.263755806998858,0.285976190603492,2525.461852014062515,0.243657320737839,0.267976504564285
657,MX20035,657,22.000000000000000,0.000381944450556,0.268217116594315,3.012581110000610,2.744363993406296,0.980204429138790,0.853316229000928,21.564497441053391,0.594009310007095,2.562382650375366
658,MX28013,658,6181.000000000000000,0.107309029494722,0.195490300655365,16.099494934082031,15.904004633426666,0.405835474517195,0.493089977685173,2508.469067990782605,0.304365813732147,0.524139761924744
659,MX05012,659,15458.000000000000000,0.268368059849445,0.218651458621025,13.330681800842285,13.112030342221260,0.308477721424906,0.296307117814969,4768.448617786203613,0.279750689864159,0.329627057909966
660,MX08031,660,30398.000000000000000,0.527743063999444,0.203065782785416,21.392282485961914,21.189216703176498,0.318751484992922,0.510455168256235,9689.407640814832121,0.255416825413704,0.332181042432785
661,MX28014,661,12596.000000000000000,0.218680559054444,0.217958837747574,20.130252838134766,19.912294000387192,0.310795062675566,0.519036098320660,3914.774609461432192,0.275151178240776,0.325597524642944
662,MX20036,662,1373.000000000000000,0.023836805936944,0.196754693984985,1.376268625259399,1.179513931274414,0.275550400155874,0.084225642947571,378.330699414014475,0.258611112833023,0.306459450721741
663,MX09005,663,432.000000000000000,0.007500000120000,4.794927597045898,81.570022583007812,76.775094985961914,53.537279570544250,17.162126180047260,23128.104774475115846,57.245687484741211,70.494868469238284
664,MX28015,664,2199.000000000000000,0.038177083944167,0.292046040296555,31.765815734863281,31.473769694566727,0.846445415631484,2.185722547974805,1861.333468973632989,0.419398725032806,0.958727681636811
665,MX30069,665,860.000000000000000,0.014930555794444,0.299663364887238,16.575109481811523,16.275446116924286,0.848828175213448,1.368369987045855,729.992230683565026,0.513353645801544,1.293651616573334
666,MX31033,666,2935.000000000000000,0.050954861926389,0.183612480759621,18.612295150756836,18.428682669997215,0.453940468473167,1.026300833136102,1332.315274968744689,0.249162986874580,0.529100775718689
667,MX04005,667,6321.000000000000000,0.109739585089167,0.189522325992584,22.404045104980469,22.214522778987885,0.365183545623357,0.876580216422939,2308.325191885240656,0.236090034246445,0.342047274112701
668,MX21068,668,252.000000000000000,0.004375000070000,0.339857012033463,2.379641056060791,2.039784044027328,0.562270562445361,0.293904145937032,141.692181736230907,0.452096313238144,0.883974796533585
669,MX26030,669,90117.000000000000000,1.564531275032500,0.204054251313210,121.916885375976562,121.712831124663353,0.950985490888022,5.183420509340136,85699.959482355887303,0.278586804866791,0.535877859592438
670,MX20028,670,1551.000000000000000,0.026927083764167,0.197153821587563,8.911015510559082,8.713861688971519,0.455695364895673,0.626899601306118,706.783510953188397,0.309900730848312,0.677345573902130
671,MX20039,671,1613.000000000000000,0.028003472670278,0.218968376517296,34.940635681152344,34.721667304635048,1.448291398552510,3.643628860205012,2336.094025865198546,0.346544504165649,2.880674028396603
672,MX20043,672,2305.000000000000000,0.040017361751389,0.215623393654823,38.757503509521484,38.541880115866661,1.568026395287535,4.488584413204402,3614.300841137768657,0.442466884851456,1.944313335418699
673,MX20397,673,1700.000000000000000,0.029513889361111,0.218152791261673,30.244070053100586,30.025917261838913,0.797696079506595,2.019250035589250,1356.083335161210925,0.344676852226257,1.041907453536988
674,MX20549,674,2386.000000000000000,0.041423611773889,0.193138346076012,4.571168422698975,4.378030076622963,0.321644277941851,0.283390995657967,767.443247169257461,0.253689736127853,0.407033920288086
675,MX05013,675,5939.000000000000000,0.103107640538611,0.224832981824875,17.663009643554688,17.438176661729813,0.336271250997153,0.553136228731779,1997.114959672089981,0.283249199390411,0.326624500751495
676,MX10010,676,24375.000000000000000,0.423177090104167,0.205145239830017,7.250555992126465,7.045410752296448,0.255865083077012,0.119524308518661,6236.711400002178380,0.248831182718277,0.265285462141037
677,MX16034,677,5667.000000000000000,0.098385418240833,0.211540356278419,19.893033981323242,19.681493625044823,0.607445758903008,1.341416401262755,3442.395115703347528,0.314040064811707,0.852484929561615
678,MX19047,678,890.000000000000000,0.015451389136111,0.273256838321686,17.009647369384766,16.736390531063080,1.102512940061226,2.065402501687962,981.236516654491425,0.509626775979996,1.964917719364167
679,MX28016,679,10935.000000000000000,0.189843753037500,0.189192563295364,7.950231075286865,7.761038511991501,0.286758534170799,0.267305412925155,3135.704571157692044,0.245494514703751,0.316336423158646
680,MX08032,680,10085.000000000000000,0.175086808356944,0.212970390915871,59.196529388427734,58.983558997511864,0.646892753137064,2.720172954449206,6523.913415387285568,0.265240848064423,0.421681141853333
681,MX30070,681,5173.000000000000000,0.089809029214722,0.214769691228867,4.213990688323975,3.999220997095108,0.305759782351448,0.131191782366554,1581.695354104038643,0.282579302787781,0.352942407131195
682,MX19028,682,2301.000000000000000,0.039947917305833,0.251649916172028,17.918979644775391,17.667329728603363,0.450898003702524,0.792835467794563,1037.516306519507452,0.342651963233948,0.585582017898560
683,MX31034,683,474.000000000000000,0.008229166798333,0.271853923797607,7.094594478607178,6.822740554809570,0.518652434464747,0.731087735818863,245.841253936290258,0.324374213814735,0.646729350090027
684,MX31035,684,606.000000000000000,0.010520833501667,0.216719090938568,9.713963508605957,9.497244417667389,0.526706800651629,0.984880199714103,319.184321194887445,0.302672386169434,0.633101850748062
685,MX31036,685,992.000000000000000,0.017222222497778,0.203832924365997,8.936170578002930,8.732337653636932,0.398976528251003,0.698703023441557,395.784716024995134,0.259107664227486,0.421787041425705
686,MX21057,686,319.000000000000000,0.005538194533056,0.335401892662048,4.949341297149658,4.613939404487610,0.677396205899111,0.403042045221141,216.089389681816272,0.605491220951080,1.020131731033325
687,MX04006,687,38534.000000000000000,0.668993066259445,0.170712247490883,19.346752166748047,19.176039919257164,0.252510490182198,0.343944399974721,9730.239228680828091,0.223124466836452,0.250788295269012
688,MX14040,688,3787.000000000000000,0.065746528829722,0.211793810129166,16.746665954589844,16.534872144460678,0.342637054148028,0.502330638701876,1297.566524058581763,0.271905392408371,0.391536647081375
689,MX26031,689,6455.000000000000000,0.112065974015278,0.197329401969910,4.334999084472656,4.137669682502747,0.246238850032886,0.118121692237148,1589.471776962278909,0.238527536392212,0.254021632671356
690,MX18005,690,11337.000000000000000,0.196822919815833,0.191059991717339,7.514637947082520,7.323577955365181,0.273002687155216,0.164570404297818,3095.031464278684780,0.252461463212967,0.291691273450851
691,MX19029,691,653.000000000000000,0.011336805736944,0.241643041372299,20.863977432250977,20.622334390878677,0.927134960661619,2.081952318072644,605.419129312037512,0.421560496091843,1.179591012001038
692,MX29013,692,1718.000000000000000,0.029826389366111,0.375692844390869,37.976795196533203,37.601102352142334,1.959205532171117,4.221770426808606,3365.915104269980020,0.764668375253677,3.426199316978454
693,MX12033,693,1349.000000000000000,0.023420139263611,0.225053504109383,7.919232845306396,7.694179341197014,0.474714633135375,0.625823198727626,640.390040099620819,0.297242313623428,0.751602911949158
694,MX16036,694,482.000000000000000,0.008368055689444,0.297944009304047,8.362865447998047,8.064921438694000,0.804553001438929,1.081281231780999,387.794546693563575,0.412023767828941,1.669602274894716
695,MX11016,695,632.000000000000000,0.010972222397778,0.499138116836548,16.191009521484375,15.691871404647827,1.389080777764319,1.659874124075073,877.899051547049453,0.845058798789978,2.405829739570617
696,MX16037,696,997.000000000000000,0.017309028054722,0.251310646533966,3.832190036773682,3.580879390239716,0.479870420550869,0.369709156997474,478.430809289216199,0.358186066150665,0.761665797233581
697,MX32018,697,1882.000000000000000,0.032673611633889,0.224215358495712,6.493499279022217,6.269283920526505,0.371550987523116,0.340848193844900,699.258958518504755,0.298433363437653,0.471761426329613
698,MX21069,698,1148.000000000000000,0.019930555874444,0.320680379867554,13.167824745178223,12.847144365310669,0.938238474757829,1.034793725729146,1077.097769021987688,0.574906378984451,1.920313560962676
699,MX26032,699,4423.000000000000000,0.076788195673056,0.203393936157227,7.446463584899902,7.243069648742676,0.263528139561436,0.235565311211850,1165.584961280230573,0.245326489210129,0.264883142709732
700,MX13024,700,1515.000000000000000,0.026302083754167,0.266134440898895,5.574075698852539,5.307941257953644,0.743501599039575,0.516714300493198,1126.404922544956435,0.533230543136597,1.362470555305483
701,MX26033,701,9201.000000000000000,0.159739585889167,0.208388283848763,29.065601348876953,28.857213065028191,0.494329135348754,1.351762015427806,4548.322374343887532,0.276611566543579,0.590813279151917
702,MX21070,702,831.000000000000000,0.014427083564167,0.280305564403534,8.779525756835938,8.499220192432404,0.762462959966649,0.796319039487534,633.606719732285114,0.447928607463837,1.583735823631287
703,MX30071,703,1001.000000000000000,0.017378472500278,0.241749137639999,16.690029144287109,16.448280006647110,0.977498435325081,1.816596395188407,978.475933760406178,0.560328423976898,1.224324107170105
704,MX21071,704,1244.000000000000000,0.021597222567778,0.326073020696640,49.871349334716797,49.545276314020157,2.384662157876893,4.783084024216708,2966.519724398855033,0.849057734012604,5.214715290069583
705,MX20040,705,230.000000000000000,0.003993055619444,0.228611066937447,2.991288900375366,2.762677833437920,0.561841543796270,0.385096200153230,129.223555073142194,0.408973440527916,0.965525043010712
706,MX13025,706,1460.000000000000000,0.025347222627778,0.238031789660454,4.770172595977783,4.532140806317329,0.412807181487753,0.292832316091612,602.698484972119900,0.331850841641426,0.591890412569046
707,MX20041,707,730.000000000000000,0.012673611313889,0.233154326677322,11.396265983581543,11.163111656904221,0.697071946524594,1.019140095045460,508.862520962953624,0.410149544477463,1.139641094207764
708,MX30072,708,2602.000000000000000,0.045173611833889,0.226581484079361,6.923386096954346,6.696804612874985,0.354187197553753,0.336675576830300,921.595088034866194,0.293309673666954,0.426683178544045
709,MX13026,709,538.000000000000000,0.009340277927222,0.246775895357132,2.487967252731323,2.241191357374191,0.391884981311830,0.173397557814127,210.834119945764598,0.332118660211563,0.552588444948196
710,MX07037,710,1472.000000000000000,0.025555555964444,0.240529805421829,17.593803405761719,17.353273600339890,0.775316776454692,1.211484521456665,1141.266294941306569,0.516619533300400,1.104330253601075
711,MX13027,711,1066.000000000000000,0.018506944740556,0.243518471717834,3.461711883544922,3.218193411827087,0.443534796641647,0.334881404872728,472.808093219995612,0.342052504420280,0.673834562301636
712,MX21072,712,235.000000000000000,0.004079861176389,0.372877717018127,2.624372243881226,2.251494526863098,0.657413544426573,0.334292810398627,154.492182940244703,0.549773097038269,1.103625226020813
713,MX24018,713,361.000000000000000,0.006267361211389,0.321319341659546,3.299497127532959,2.978177785873413,0.707602659833728,0.439117808756425,255.444560199975939,0.588283896446228,1.082510709762573
714,MX21073,714,681.000000000000000,0.011822916855833,0.229783356189728,4.750437736511230,4.520654380321503,0.409039905505384,0.498027726729345,278.556175649166221,0.291727006435394,0.480716526508331
715,MX21150,715,888.000000000000000,0.015416666913333,0.289682596921921,6.365850448608398,6.076167851686478,0.548341345914581,0.560597126035926,486.927115172147694,0.399985626339912,0.786756742000581
716,MX15035,716,595.000000000000000,0.010329861276389,0.891393959522247,69.082229614257812,68.190835654735565,10.432018188468536,11.816102809469777,6207.050822138779040,4.499384880065918,29.935512924194342
717,MX08033,717,4477.000000000000000,0.077725695688056,0.220592096447945,3.913833379745483,3.693241283297539,0.281194965904489,0.121745445203326,1258.909862354396182,0.264954864978790,0.295459073781967
718,MX21074,718,855.000000000000000,0.014843750237500,0.321722388267517,40.672325134277344,40.350602746009827,4.089155295160081,6.004994554219040,3496.227777361869357,1.832061648368835,10.605166816711428
719,MX14041,719,1560.000000000000000,0.027083333766667,0.218710228800774,9.076160430908203,8.857450202107430,0.426110993812864,0.603680090176968,664.733150348067852,0.280229538679123,0.564353567361832
720,MX14042,720,3904.000000000000000,0.067777778862222,0.191385403275490,17.430316925048828,17.238931521773338,0.353531265406121,0.756977269480284,1380.186060145496867,0.255218788981438,0.385825690627098
721,MX13028,721,1979.000000000000000,0.034357639438611,0.266195982694626,19.805582046508789,19.539386063814163,0.948483383628441,1.617105893634291,1877.048616200684592,0.515567064285278,1.463629984855652
722,MX26034,722,2252.000000000000000,0.039097222847778,0.210403352975845,3.554780006408691,3.344376653432846,0.266001653032076,0.147876657837098,599.035722628236044,0.248558774590492,0.274714323878288
723,MX16038,723,10158.000000000000000,0.176354169488333,0.184477910399437,15.222761154174805,15.038283243775368,0.325240532585042,0.532954371880158,3303.793329998854460,0.253868237137794,0.361930224299431
724,MX21075,724,375.000000000000000,0.006510416770833,0.271981984376907,9.459079742431641,9.187097758054733,0.621998065074285,0.837227868248647,233.249274402856827,0.353123307228088,1.099260330200196
725,MX30073,725,3489.000000000000000,0.060572917635833,0.220657974481583,12.106316566467285,11.885658591985703,0.443223914544198,0.608173059794192,1546.408237844706264,0.303607523441315,0.640543627738953
726,MX29014,726,871.000000000000000,0.015121528019722,0.352380514144897,10.313241958618164,9.960861444473267,0.775552896695077,0.900987388899645,675.506573021412123,0.523779869079590,1.255661010742188
727,MX15036,727,1172.000000000000000,0.020347222547778,0.480753690004349,21.040195465087891,20.559441775083542,2.284233476445332,3.070277019454061,2677.121634393929526,1.221150040626526,5.341593122482300
728,MX21076,728,1584.000000000000000,0.027500000440000,0.268940418958664,8.776521682739258,8.507581263780594,0.478975691277572,0.483088973973534,758.697494983673209,0.366870671510696,0.682646828889847
729,MX21077,729,209.000000000000000,0.003628472280278,0.314277052879333,1.754369258880615,1.440092206001282,0.478064550309660,0.204925420225217,99.915491014719038,0.416734904050827,0.620682680606842
730,MX31037,730,987.000000000000000,0.017135416940833,0.198556795716286,5.258495330810547,5.059938535094261,0.310457448375986,0.374559011451702,306.421501547097876,0.242954879999161,0.321862530708313
731,MX13029,731,3298.000000000000000,0.057256945360556,0.290483325719833,25.008949279785156,24.718465954065323,0.825840287547607,1.442925686258800,2723.621268332007276,0.477547481656075,1.420142686367035
732,MX30074,732,93.000000000000000,0.001614583359167,1.066077113151550,27.242910385131836,26.176833271980286,5.056507370805228,5.181767093466705,470.255185484886226,2.552347660064697,13.259383201599118
733,MX27008,733,18020.000000000000000,0.312847227227778,0.231405317783356,1712.182861328125000,1711.951456010341644,3.458141605274047,33.492991715366387,62315.711727038324170,0.734673529863358,2.847738838195801
734,MX22008,734,1939.000000000000000,0.033663194983056,0.417675167322159,21.212293624877930,20.794618457555771,1.806736423189707,1.770165383396196,3503.261924564841593,1.267384529113770,3.501205015182495
735,MX16039,735,396.000000000000000,0.006875000110000,0.297610849142075,4.483820915222168,4.186210066080093,0.578672845857311,0.442886862012518,229.154446959495317,0.431357711553574,0.904401868581772
736,MX07039,736,1668.000000000000000,0.028958333796667,0.247325286269188,9.204145431518555,8.956820145249367,0.623765975120756,0.686043941261724,1040.441646501421474,0.435825109481812,0.981204092502594
737,MX17009,737,936.000000000000000,0.016250000260000,0.436789184808731,18.403039932250977,17.966250747442245,1.257606036929237,1.684776346405853,1177.119250565766151,0.631390839815140,2.618818163871765
738,MX21078,738,342.000000000000000,0.005937500095000,0.312965363264084,5.654424667358398,5.341459304094315,0.780082700371045,0.690684226869203,266.788283526897374,0.549054473638535,1.331373727321625
739,MX21079,739,250.000000000000000,0.004340277847222,0.326406031847000,6.085909843444824,5.759503811597824,1.012320868492126,1.042769364861753,253.080217123031417,0.542093575000763,2.484770727157593
740,MX12034,740,6526.000000000000000,0.113298612923889,0.192187190055847,13.583723068237305,13.391535878181458,0.356999746064557,0.518080429737205,2329.780342817301516,0.269678443670273,0.421291619539261
741,MX15037,741,697.000000000000000,0.012100694638056,1.227303624153137,68.380981445312500,67.153677821159363,13.835854479709008,12.457804224180572,9643.590572357177734,9.941859245300293,31.850354385375972
742,MX07038,742,1523.000000000000000,0.026440972645278,0.200953036546707,10.840450286865234,10.639497250318527,0.543258665103860,0.613360957791412,827.382946953178475,0.398740410804749,0.856197881698608
743,MX07040,743,1912.000000000000000,0.033194444975556,0.182574242353439,24.856321334838867,24.673747092485428,0.852084294803223,2.083303834790259,1629.185171663762503,0.379876196384430,1.276006793975831
744,MX31038,744,3760.000000000000000,0.065277778822222,0.198273003101349,47.017349243164062,46.819076240062714,0.715815801771872,2.081770575022515,2691.467414662240117,0.288059726357460,0.809753054380417
745,MX30075,745,1861.000000000000000,0.032309028294722,0.235634431242943,20.363613128662109,20.127978697419167,0.600929115878389,1.006458808510066,1118.329084649681363,0.350973188877106,1.047353148460388
746,MX08034,746,15372.000000000000000,0.266875004270000,0.207792684435844,11.857690811157227,11.649898126721382,0.276961607428621,0.278979849478314,4257.453829392768057,0.251490831375122,0.275984007120132
747,MX12035,747,2812.000000000000000,0.048819445225556,0.210754260420799,28.045322418212891,27.834568157792091,1.323355535604322,3.313532280731065,3721.275766119353648,0.375978589057922,2.153712415695192
748,MX12036,748,948.000000000000000,0.016458333596667,0.197889938950539,5.617750644683838,5.419860705733299,0.395496564025240,0.429672749566119,374.930742695927620,0.283648967742920,0.529281187057495
749,MX30076,749,776.000000000000000,0.013472222437778,0.248934656381607,1.878168106079102,1.629233449697495,0.361416937764158,0.150649487821964,280.459543704986629,0.313023284077644,0.494420990347862
750,MX12081,750,1175.000000000000000,0.020399305881944,0.187096253037453,2.601732492446899,2.414636239409447,0.300438964227413,0.154412422583512,353.015782967209759,0.260872364044189,0.397429782152176
751,MX26035,751,11790.000000000000000,0.204687503275000,0.213019594550133,16.702037811279297,16.489018216729164,0.337430234464477,0.602890930574402,3978.302464336181401,0.266354471445084,0.323780474066734
752,MX16040,752,874.000000000000000,0.015173611353889,0.296283453702927,12.345311164855957,12.049027711153030,0.721346548172374,1.044901918723685,630.456883102654615,0.464458286762238,1.067311286926270
753,MX10011,753,12994.000000000000000,0.225590281387222,0.194804593920708,5.119768619537354,4.924964025616646,0.264413707548882,0.149272821318363,3435.791715890178239,0.246698014438152,0.271066716313362
754,MX11017,754,4255.000000000000000,0.073871528959722,0.390210300683975,73.155265808105469,72.765055507421494,5.604406361245108,10.502217258942514,23846.749067097935040,1.659394860267639,14.616761779785156
755,MX16041,755,635.000000000000000,0.011024305731944,0.287063956260681,5.106324672698975,4.819260716438293,0.695942182850650,0.574409138299907,441.923286110162564,0.505722582340240,1.295259785652161
756,MX15038,756,394.000000000000000,0.006840277887222,0.543208956718445,14.205619812011719,13.662410855293274,2.187794807144834,2.687927947670836,861.991154015064581,0.763699114322662,5.819817495346067
757,MX30077,757,4560.000000000000000,0.079166667933333,0.212261646986008,16.717435836791992,16.505174189805984,0.439025470771289,0.886660668822659,2001.956146717076535,0.303073287010193,0.509899431467056
758,MX23003,758,4307.000000000000000,0.074774306751944,0.184607744216919,19.278083801269531,19.093476057052612,0.535146770757951,1.475410954297243,2304.877141654495063,0.249139815568924,0.530932450294495
759,MX19030,759,2886.000000000000000,0.050104167468333,0.206593826413155,7.072762012481689,6.866168186068535,0.296729480257814,0.302815305526459,856.361280024051780,0.254862785339355,0.324712172150612
760,MX21081,760,1515.000000000000000,0.026302083754167,0.179966866970062,3.278098821640015,3.098131954669952,0.282877595058763,0.207472641132310,428.559556514025587,0.239194646477699,0.310354959964752
761,MX21082,761,528.000000000000000,0.009166666813333,0.276028633117676,13.455563545227051,13.179534912109375,0.956825035765315,1.460836094796973,505.203618884086154,0.471361413598061,2.006129038333893
762,MX12037,762,1046.000000000000000,0.018159722512778,0.230621665716171,3.470166206359863,3.239544540643692,0.337135164733142,0.219162546888656,352.643382310866230,0.284906044602394,0.408067196607590
763,MX30078,763,889.000000000000000,0.015434028024722,0.215590119361877,4.073341846466064,3.857751727104187,0.347447800120031,0.262905993546769,308.881094306707496,0.291812509298325,0.430856740474701
764,MX30079,764,744.000000000000000,0.012916666873333,0.246328711509705,5.242991924285889,4.996663212776184,0.423408428527495,0.372823165265582,315.015870824456385,0.339326635003090,0.567577058076859
765,MX07042,765,467.000000000000000,0.008107639018611,0.258101582527161,7.392876625061035,7.134775042533875,0.662550322504065,0.930676574482594,309.411000609398116,0.381604045629501,1.004371917247775
766,MX30083,766,3341.000000000000000,0.058003473150278,0.225107610225677,8.721024513244629,8.495916903018951,0.432605698646740,0.320400997678023,1445.335639178756992,0.341872304677963,0.654125392436981
767,MX30080,767,641.000000000000000,0.011128472400278,0.295189559459686,8.410740852355957,8.115551292896271,0.639431151138639,0.645295089049986,409.875367879867554,0.471073657274246,0.960816144943237
768,MX30082,768,757.000000000000000,0.013142361321389,0.520992755889893,17.793209075927734,17.272216320037842,2.079503289774514,2.343880479845262,1574.183990359307018,1.233164668083191,4.075168991088868
769,MX30081,769,258.000000000000000,0.004479166738333,0.401388734579086,26.555343627929688,26.153954893350601,2.222004924633706,3.777945769667184,573.277270555496102,0.639320433139801,5.420594692230225
770,MX31039,770,693.000000000000000,0.012031250192500,0.263145059347153,8.889808654785156,8.626663595438004,0.472391630750026,0.705245380869129,327.367400109767686,0.318569183349609,0.590159833431244
771,MX30084,771,1644.000000000000000,0.028541667123333,0.244386777281761,4.248282432556152,4.003895655274391,0.373995806922152,0.292264269112235,614.849106580018429,0.310253128409386,0.454635038971901
772,MX13030,772,2434.000000000000000,0.042256945120556,0.277152419090271,23.564590454101562,23.287438035011292,1.367641415217419,2.038736863430996,3328.839204639199124,0.738141298294067,2.683483576774599
773,MX20065,773,355.000000000000000,0.006163194543056,0.207687333226204,1.291735172271729,1.084047839045525,0.299503145461351,0.143716469572333,106.323616638779711,0.255201876163483,0.395933711528778
774,MX21083,774,2774.000000000000000,0.048159722992778,0.239261776208878,4.382440567016602,4.143178790807724,0.424132550297749,0.288475486633857,1176.543694525955971,0.340246483683586,0.602025234699249
775,MX07043,775,616.000000000000000,0.010694444615556,0.260537236928940,5.838124752044678,5.577587515115738,0.467522553712517,0.413995523252049,287.993893086910532,0.386156991124153,0.585421323776245
776,MX29015,776,802.000000000000000,0.013923611333889,0.448031276464462,20.363586425781250,19.915555149316788,2.008223284546871,2.516273567182785,1610.595074206590652,0.988097488880157,5.176834011077879
777,MX30085,777,679.000000000000000,0.011788194633056,0.581576645374298,32.614559173583984,32.032982528209686,3.854785822452606,4.674460149133486,2617.399573445319220,2.068185091018677,8.713639450073245
778,MX07044,778,1370.000000000000000,0.023784722602778,0.278017759323120,10.434110641479492,10.156092882156372,0.735913693252271,0.840829583171685,1008.201759755611533,0.479128420352936,1.330924057960510
779,MX15039,779,1610.000000000000000,0.027951389336111,0.456725418567657,59.176712036132812,58.719986617565155,8.242693691834900,13.973476645643442,13270.736843854188919,1.452362537384033,33.812865447998043
780,MX15040,780,563.000000000000000,0.009774305711944,0.451799213886261,28.350368499755859,27.898569285869598,2.980843570367905,3.928895668705895,1678.214930117130280,1.596948266029358,6.607716751098633
781,MX15041,781,488.000000000000000,0.008472222357778,0.283961534500122,8.034710884094238,7.750749349594116,0.656405507296813,0.694810140659830,320.325887560844649,0.458446234464645,1.073242735862732
782,MX07045,782,524.000000000000000,0.009097222367778,0.270011156797409,3.902891397476196,3.632880240678787,0.507256051795628,0.406254081267793,265.802171140909081,0.387740984559059,0.757619613409042
783,MX29016,783,222.000000000000000,0.003854166728333,0.418444156646729,22.294429779052734,21.875985622406006,1.488922602018795,2.992751602464808,330.540817648172435,0.630941927433014,2.202206993103028
784,MX21084,784,97.000000000000000,0.001684027804722,0.429831415414810,3.792229413986206,3.362397998571396,0.776890588789871,0.589114161698767,75.358387112617493,0.530337750911713,1.331782031059266
785,MX15042,785,1671.000000000000000,0.029010417130833,0.535843253135681,34.209877014160156,33.674033761024475,2.518770434269998,2.596161324666324,4208.865395665166034,1.760684967041016,4.814877510070801
786,MX06006,786,1854.000000000000000,0.032187500515000,0.207149416208267,6.780232429504395,6.573083013296127,0.315394245498003,0.286279905000130,584.740931153297652,0.273079201579094,0.352116546034813
787,MX14044,787,1008.000000000000000,0.017500000280000,0.437517881393433,37.457481384277344,37.019963502883911,3.452597874970665,5.013129347504858,3480.218657970430286,1.591842830181122,8.890301132202149
788,MX14045,788,4162.000000000000000,0.072256945600556,0.250453561544418,16.850587844848633,16.600134283304214,0.703736530759196,0.860316395824798,2928.951441019773029,0.480875492095947,1.230290520191193
789,MX16042,789,620.000000000000000,0.010763889061111,0.311430811882019,7.316544055938721,7.005113244056702,0.670831185435095,0.796719913795040,415.915334969758646,0.420229703187943,1.197695302963257
790,MX20042,790,2747.000000000000000,0.047690972985278,0.180258497595787,6.829190254211426,6.648931756615639,0.272154582161924,0.271408816971705,747.608637198806150,0.239160716533661,0.289496856927872
791,MX18006,791,2467.000000000000000,0.042829861796389,0.203655049204826,25.264816284179688,25.061161234974861,0.575148495256199,1.810984203585977,1418.891337797043661,0.264919459819794,0.560883975028992
792,MX31040,792,2289.000000000000000,0.039739583969167,0.199676647782326,27.881311416625977,27.681634768843651,0.596301616364404,1.720630347758953,1364.934399858120059,0.273195832967758,0.587884795665741
793,MX09006,793,112.000000000000000,0.001944444475556,50.278579711914062,113.640586853027344,63.362007141113281,69.216028962816466,11.572171454040664,7752.195243835443762,66.942672729492188,82.257519531250011
794,MX09007,794,563.000000000000000,0.009774305711944,11.467404365539551,118.860549926757812,107.393145561218262,61.156779014831365,15.799783646241199,34431.266585350058449,61.217006683349609,78.089189147949213
795,MX21085,795,2647.000000000000000,0.045954861846389,0.223601311445236,27.117057800292969,26.893456488847733,0.870737306354265,1.986069155037517,2304.841649919738757,0.366868704557419,1.454851531982422
796,MX13031,796,2212.000000000000000,0.038402778392222,0.202481776475906,8.740800857543945,8.538319081068039,0.341889315950019,0.394875205917846,756.259166881441161,0.274812564253807,0.405603012442589
797,MX16043,797,587.000000000000000,0.010190972385278,0.325184643268585,21.815546035766602,21.490361392498016,2.571109977400079,4.094170021540839,1509.241556733846437,0.869952619075775,7.920070934295651
798,MX18007,798,2527.000000000000000,0.043871528479722,0.208523392677307,22.465007781982422,22.256484389305115,0.411877913959988,0.995171330493494,1040.815488576889493,0.261965245008469,0.444834762811661
799,MX30086,799,1037.000000000000000,0.018003472510278,0.250445038080215,14.009816169738770,13.759371131658554,0.779138797648042,1.039949515701124,807.966933161019710,0.484925687313080,1.445423436164856
800,MX27009,800,2915.000000000000000,0.050607639698611,0.343061387538910,34.573665618896484,34.230604231357574,0.864375821875462,1.186746082561419,2519.655520766970767,0.669091343879700,1.174282956123352
801,MX30088,801,359.000000000000000,0.006232638988611,0.252065360546112,4.148777484893799,3.896712124347687,0.457959270908972,0.414232506665593,164.407378256320811,0.349263370037079,0.563718152046204
802,MX14046,802,2621.000000000000000,0.045503472950278,0.273742109537125,38.635196685791016,38.361454576253891,0.870292966236643,2.250562342746992,2281.037864506241931,0.436919867992401,1.144911885261536
803,MX32019,803,3600.000000000000000,0.062500001000000,0.228823885321617,23.641954421997070,23.413130536675453,0.517986783513592,1.235286023271352,1864.752420648929728,0.299221679568291,0.605222016572952
804,MX27010,804,1817.000000000000000,0.031545139393611,0.419799655675888,80.088928222656250,79.669128566980362,2.201596673924515,4.066324221369876,4000.301156520843961,1.454711198806763,3.441994810104370
805,MX21086,805,1028.000000000000000,0.017847222507778,0.277418613433838,3.741584777832031,3.464166164398193,0.504642996516673,0.342508699222301,518.773000419139635,0.393581554293633,0.802694600820542
806,MX22009,806,5958.000000000000000,0.103437501655000,0.197627469897270,21.016216278076172,20.818588808178902,0.369110651289248,0.727273292202344,2199.161260381341890,0.273066684603691,0.460625490546227
807,MX15044,807,23.000000000000000,0.000399305561944,6.907702922821045,59.840984344482422,52.933281421661377,21.346251757248588,13.036143458595435,490.963790416717529,18.670225143432617,37.639393615722668
808,MX30089,808,1527.000000000000000,0.026510417090833,0.273387581110001,19.046260833740234,18.772873252630234,0.963685057427886,2.025842110607890,1471.547082692381537,0.448761671781540,1.391670489311218
809,MX13032,809,193.000000000000000,0.003350694498056,0.381732761859894,7.550767421722412,7.169034659862518,1.149832825432170,1.025104220432446,221.917735308408794,0.782104969024658,2.073069000244141
810,MX30090,810,652.000000000000000,0.011319444625556,0.357826650142670,8.880033493041992,8.522206842899323,0.803834615492382,0.820532681983625,524.100169301033134,0.549785435199738,1.516250145435333
811,MX14047,811,811.000000000000000,0.014079861336389,0.298877000808716,14.922812461853027,14.623935461044312,0.987266621372115,1.701321750716964,800.673229932785148,0.489267110824585,1.771082997322083
812,MX08035,812,40204.000000000000000,0.697986122278889,0.200129598379135,17.388637542724609,17.188507944345474,0.276154322023948,0.247801721680746,11102.508362650785784,0.259084925055504,0.287691140174866
813,MX17010,813,509.000000000000000,0.008836805696944,0.408480703830719,16.459930419921875,16.051449716091156,2.002229118218355,2.548292373099067,1019.134621173142705,1.010279774665833,4.573229122161863
814,MX11018,814,877.000000000000000,0.015225694688056,0.471390396356583,17.837406158447266,17.366015762090683,1.367292447841833,1.774447436066671,1199.115476757287752,0.814860701560974,2.614380550384521
815,MX28017,815,13561.000000000000000,0.235434031544722,0.184718474745750,6.935728073120117,6.751009598374367,0.266638893739295,0.206725747636487,3615.890037998574826,0.244050562381744,0.282471448183060
816,MX11019,816,4385.000000000000000,0.076128473440278,0.295063287019730,15.927632331848145,15.632569044828415,0.651405046779998,0.727201383526825,2856.411130130292349,0.474456191062927,0.963004696369171
817,MX32020,817,7817.000000000000000,0.135711807726944,0.216456905007362,50.369060516357422,50.152603611350060,0.646076955502638,2.108873596478469,5050.383561164120692,0.316164255142212,0.736477291584015
818,MX30091,818,6887.000000000000000,0.119565974135278,0.205467373132706,9.282224655151367,9.076757282018661,0.318818672703903,0.264749473115814,2195.704198911783351,0.277013629674911,0.364967781305313
819,MX01005,819,2532.000000000000000,0.043958334036667,0.290752053260803,51.958648681640625,51.667896628379822,2.925858455776325,6.870269597242543,7408.273610025655216,0.543559104204178,7.037202072143566
820,MX14048,820,3316.000000000000000,0.057569445365556,0.267808705568314,18.402212142944336,18.134403437376022,0.579454914112862,1.018371864742339,1921.472495198249590,0.375660881400108,0.770418822765350
821,MX15045,821,2836.000000000000000,0.049236111898889,0.366252332925797,41.282459259033203,40.916206926107407,1.499215712090389,2.286491587142609,4251.775759488343283,0.865238726139069,2.870213389396667
822,MX30093,822,274.000000000000000,0.004756944520556,0.486546009778976,9.016012191772461,8.529466181993484,1.303960910787548,1.065459534285115,357.285289555788097,0.983046919107437,2.308734178543091
823,MX14049,823,7301.000000000000000,0.126753474250278,0.199148550629616,104.351692199707031,104.152543649077415,0.382262397934567,2.167244158939605,2790.897767320273033,0.259057968854904,0.340713769197464
824,MX15046,824,578.000000000000000,0.010034722382778,0.657780289649963,15.858798980712891,15.201018691062927,2.304627544327178,2.297750858795011,1332.074720621108554,1.596632242202759,5.200152444839483
825,MX05014,825,11707.000000000000000,0.203246531029722,0.215877458453178,7.775746822357178,7.559869363903999,0.311973234670234,0.232284678257030,3652.270658284427554,0.279124826192856,0.334891164302826
826,MX08036,826,56467.000000000000000,0.980329876796389,0.203764453530312,48.070255279541016,47.866490826010704,0.316759683259989,1.005645721969919,17886.469034641788312,0.256122082471848,0.291806644201279
827,MX16044,827,969.000000000000000,0.016822916935833,0.276288300752640,7.797018051147461,7.520729750394821,0.600376774344528,0.679442774575134,581.765094339847110,0.392114460468292,1.055199146270752
828,MX28018,828,8554.000000000000000,0.148506946820556,0.185841917991638,12.604933738708496,12.419091820716858,0.275675624746612,0.358513347076631,2358.129294082517845,0.245763085782528,0.280246853828430
829,MX32021,829,5951.000000000000000,0.103315973875278,0.187650069594383,8.996632575988770,8.808982506394386,0.271755490933442,0.251014201198951,1617.216926544910848,0.238913550972939,0.281086713075638
830,MX16045,830,1206.000000000000000,0.020937500335000,0.284192025661469,23.045804977416992,22.761612951755524,1.191502575356371,2.485216900641304,1436.952105879783403,0.443759232759476,2.228249788284302
831,MX07046,831,6346.000000000000000,0.110173612873889,0.205035492777824,16.309177398681641,16.104141905903816,0.431791734691208,0.641640108788554,2740.150348350404784,0.311894521117210,0.575691848993301
832,MX15047,832,1369.000000000000000,0.023767361491389,0.487090975046158,11.997553825378418,11.510462850332260,1.684192584281947,1.380486123274579,2305.659647881984711,1.187224388122559,3.272071361541748
833,MX07047,833,1152.000000000000000,0.020000000320000,0.242416292428970,17.523097991943359,17.280681699514389,0.718401698149844,1.310617698429579,827.598756268619923,0.379119634628296,1.165178763866425
834,MX17011,834,283.000000000000000,0.004913194523056,1.955474615097046,52.135669708251953,50.180195093154907,15.107649215539848,9.382853130359385,4275.464727997777118,13.661960601806641,26.746775436401368
835,MX14050,835,1610.000000000000000,0.027951389336111,0.291746795177460,24.467596054077148,24.175849258899689,1.217649215478336,2.199563896027320,1960.415236920121060,0.549377441406250,2.381956434249882
836,MX15048,836,1367.000000000000000,0.023732639268611,0.496477037668228,19.560577392578125,19.064100354909897,2.206776454227197,2.112421257858888,3016.663412928578509,1.501979589462280,4.421986198425294
837,MX17012,837,763.000000000000000,0.013246527989722,0.428659141063690,29.156583786010742,28.727924644947052,2.931486653664477,3.599129179224815,2236.724316745996020,1.517102122306824,7.021849536895759
838,MX21087,838,2951.000000000000000,0.051232639708611,0.193564757704735,9.678004264831543,9.484439507126808,0.317244122979481,0.448996230426280,936.187406912448637,0.257332682609558,0.316118687391281
839,MX17013,839,446.000000000000000,0.007743055679444,0.443258076906204,7.570426464080811,7.127168387174606,1.178063931686996,1.222839719527917,525.416513532400359,0.727040052413940,2.589964628219604
840,MX21088,840,153.000000000000000,0.002656250042500,0.363988399505615,1.935337305068970,1.571348905563354,0.593019315230302,0.248801025516082,90.731955230236167,0.509576618671417,0.883524763584137
841,MX27011,841,7923.000000000000000,0.137552085534167,0.199575707316399,20.677976608276367,20.478400900959969,0.336176718043420,0.503787300077558,2663.528137058016000,0.267219007015228,0.401703763008118
842,MX21089,842,846.000000000000000,0.014687500235000,0.293115735054016,4.809357643127441,4.516241908073425,0.465414294537078,0.341797698424548,393.740493178367728,0.375213369727135,0.639349043369293
843,MX15049,843,231.000000000000000,0.004010416730833,0.520737409591675,14.434234619140625,13.913497209548950,1.892052229606744,2.418809916643111,437.064065039157867,0.862250685691833,4.587935924530029
844,MX30169,844,2628.000000000000000,0.045625000730000,0.237046048045158,18.263906478881836,18.026860430836678,0.429840235960992,0.663715851305746,1129.620140105485916,0.330705165863037,0.505958962440491
845,MX12079,845,641.000000000000000,0.011128472400278,0.213724166154861,4.097073554992676,3.883349388837814,0.503100799835417,0.370402953712166,322.487612694502104,0.372904598712921,0.838666081428528
846,MX23006,846,23758.000000000000000,0.412465284377222,0.161908626556396,12.492656707763672,12.330748081207275,0.240384306092236,0.282651450931133,5711.050344139333902,0.214452184736729,0.242144283652306
847,MX16113,847,1104.000000000000000,0.019166666973333,0.317690849304199,10.906250953674316,10.588560104370117,0.850029314395741,0.897616489051141,938.432363092898186,0.541059762239456,1.628000235557556
848,MX32022,848,3192.000000000000000,0.055416667553333,0.216101557016373,18.639989852905273,18.423888295888901,0.515955471921535,1.289169947993476,1646.929866373538289,0.274924203753471,0.511058676242829
849,MX21090,849,112.000000000000000,0.001944444475556,1.930479764938354,14.884203910827637,12.953724145889282,6.291035858648162,3.150206946350094,704.596016168594133,5.774100065231323,9.934401893615725
850,MX21091,850,118.000000000000000,0.002048611143889,0.531828939914703,27.512351989746094,26.980523049831390,3.607337125277116,5.746511098157097,425.665780782699642,1.104890942573547,9.822950744628905
851,MX21092,851,1106.000000000000000,0.019201389196111,0.232271015644073,3.671562194824219,3.439291179180145,0.373880298966524,0.282132413355223,413.511610656975847,0.304711699485779,0.461621001362801
852,MX12039,852,2000.000000000000000,0.034722222777778,0.219958871603012,8.297867774963379,8.077908903360367,0.416779286794365,0.507624406590102,833.558573588730042,0.305530130863190,0.545025712251663
853,MX30094,853,4873.000000000000000,0.084600695798056,0.219484284520149,13.470967292785645,13.251483008265495,0.427328447171630,0.654790337857003,2082.371523067353337,0.314765542745590,0.519481158256531
854,MX14051,854,683.000000000000000,0.011857639078611,0.554518580436707,42.488880157470703,41.934361577033997,2.195279080208014,3.755027445150036,1499.375611782073747,1.176314949989319,3.731739521026613
855,MX05015,855,12943.000000000000000,0.224704864706389,0.204287588596344,6.037144660949707,5.832857072353363,0.273696993765824,0.151384430135430,3542.460190311059705,0.262894213199615,0.286898010969162
856,MX07048,856,3652.000000000000000,0.063402778792222,0.435634970664978,317.018981933593750,316.583346962928772,2.807265986552756,11.097596330104633,10252.135382890663095,0.869254499673843,3.754392671585086
857,MX08037,857,19272.000000000000000,0.334583338686667,0.266293942928314,118.758552551269531,118.492258608341217,4.991946852839046,14.267746217006620,96204.799747914090403,0.441348135471344,9.119587802887008
858,MX16046,858,692.000000000000000,0.012013889081111,0.235375285148621,4.884902477264404,4.649527192115784,0.462180049777720,0.395540537202007,319.828594446182137,0.336243733763695,0.738404810428619
859,MX19031,859,1285.000000000000000,0.022309028134722,0.892771065235138,64.163635253906250,63.270864188671112,11.265749181986783,13.387946551279510,14476.487698853015900,3.035479784011841,32.533008575439453
860,MX13033,860,555.000000000000000,0.009635416820833,0.233746051788330,2.572055339813232,2.338309288024902,0.362837834293778,0.269978452184290,201.374998033046637,0.281742066144943,0.499102497100830
861,MX32023,861,1705.000000000000000,0.029600694918056,0.229179814457893,19.372344970703125,19.143165156245232,0.580876582450183,1.249562059016785,990.394573077561517,0.298553347587585,0.782805716991425
862,MX30095,862,940.000000000000000,0.016319444705556,0.220142483711243,2.703046083450317,2.482903599739075,0.369228750895312,0.207932669509296,347.075025841593742,0.316483229398727,0.499150300025940
863,MX12080,863,1227.000000000000000,0.021302083674167,0.222776964306831,4.956599235534668,4.733822271227837,0.358271843100235,0.357939457306444,439.599551483988421,0.281564593315125,0.446995002031326
864,MX15050,864,657.000000000000000,0.011406250182500,0.531829416751862,32.632766723632812,32.100937306880951,1.595576328683298,3.311316308328408,1048.293647944926761,0.752997577190399,1.978669095039367
865,MX14052,865,1216.000000000000000,0.021111111448889,0.202082455158234,4.594465732574463,4.392383277416229,0.302885913951812,0.295855842416028,368.309271365403788,0.254716739058495,0.326836392283440
866,MX08038,866,21866.000000000000000,0.379618061629445,0.214853420853615,11.654997825622559,11.440144404768944,0.289760908912151,0.212103761878245,6335.912034273083918,0.269527643918991,0.300915345549583
867,MX16047,867,1320.000000000000000,0.022916667033333,0.236117228865623,5.255538463592529,5.019421234726906,0.538638726576711,0.546914265537028,711.003119081258660,0.345625475049019,0.920661401748658
868,MX31041,868,509.000000000000000,0.008836805696944,0.667679607868195,37.543453216552734,36.875773608684540,7.089171355974475,8.551235337612374,3608.388220191007804,2.376403570175171,21.690678787231448
869,MX31042,869,1001.000000000000000,0.017378472500278,0.191121429204941,5.597923755645752,5.406802326440811,0.341399665598150,0.483537825784552,341.741065263747998,0.240606635808945,0.371380925178528
870,MX31043,870,694.000000000000000,0.012048611303889,0.198121726512909,8.112327575683594,7.914205849170685,0.372217470914211,0.585924346919899,258.318924814462321,0.242837056517601,0.436054292321205
871,MX31044,871,1777.000000000000000,0.030850694938056,0.202147364616394,8.210645675659180,8.008498311042786,0.339388324259101,0.506515599921227,603.093052208423046,0.252949595451355,0.370976573228836
872,MX31045,872,779.000000000000000,0.013524305771944,0.219262689352036,8.155828475952148,7.936565786600113,0.377843440784110,0.523821096531908,294.340040370822067,0.273477643728256,0.452382135391236
873,MX30016,873,641.000000000000000,0.011128472400278,0.464880436658859,24.561267852783203,24.096387416124344,1.777588920130188,3.011195066810421,1139.434497803450540,0.775193333625793,3.181529045104980
874,MX14018,874,2077.000000000000000,0.036059028354722,0.311292648315430,19.827869415283203,19.516576766967773,1.050449941269640,1.829648364706946,2181.784528017043158,0.494927525520325,1.941548562049866
875,MX26021,875,21928.000000000000000,0.380694450535556,0.200779229402542,13.403588294982910,13.202809065580368,0.270621628167880,0.229371403239065,5934.191062465280083,0.250775694847107,0.300511690974236
876,MX20017,876,507.000000000000000,0.008802083474167,0.205185517668724,1.124000310897827,0.918814793229103,0.299338665616348,0.116455890434404,151.764703467488545,0.264942318201065,0.399827051162720
877,MX07020,877,12504.000000000000000,0.217083336806667,0.160182371735573,20.218870162963867,20.058687791228294,0.311087023819573,0.512546503864512,3889.832145839940495,0.237471468746662,0.362464797496796
878,MX08016,878,5569.000000000000000,0.096684029324722,0.221220150589943,6.989459991455078,6.768239840865135,0.320688314161943,0.313791309879878,1785.913221567862365,0.279667109251022,0.330203080177307
879,MX07036,879,233.000000000000000,0.004045138953611,0.290029555559158,3.825388669967651,3.535359114408493,0.699219037023225,0.522649914000171,162.918035626411466,0.541696131229401,1.137985730171204
880,MX16035,880,9634.000000000000000,0.167256947120556,0.194489285349846,7.956701755523682,7.762212470173836,0.294978494062412,0.236279839566190,2841.822811797273062,0.260606110095978,0.332710194587708
881,MX14043,881,9954.000000000000000,0.172812502765000,0.180153399705887,12.267805099487305,12.087651699781418,0.285090523701022,0.334911341694803,2837.791072919977069,0.236232072114944,0.300350320339203
882,MX07041,882,2493.000000000000000,0.043281250692500,0.211577758193016,18.494726181030273,18.283148422837257,0.709226246231348,1.254614107983085,1768.101031854749635,0.392922431230545,1.124724745750427
883,MX07050,883,2236.000000000000000,0.038819445065556,0.197152316570282,8.573058128356934,8.375905811786652,0.309057881299252,0.383713194088457,691.053422585128601,0.258018821477890,0.338619560003281
884,MX09008,884,316.000000000000000,0.005486111198889,0.711808025836945,58.744892120361328,58.033084094524384,14.838954178970083,20.600245083082971,4689.109520554546179,1.724506199359894,51.269054412841797
885,MX29048,885,58.000000000000000,0.001006944460556,4.082938671112061,16.536514282226562,12.453575611114502,10.050754070281982,3.548369869531938,582.943736076354980,10.184241771697998,14.752945899963379
886,MX21095,886,60.000000000000000,0.001041666683333,0.355823159217834,4.187437057495117,3.831613898277283,0.676275791724523,0.717213070437606,40.576547503471389,0.405250817537308,1.445946788787842
887,MX14057,887,668.000000000000000,0.011597222407778,0.252037644386292,9.658565521240234,9.406527876853943,0.500075449352850,0.791227430111928,334.050400167704083,0.324002921581268,0.616217327117920
888,MX13040,888,1165.000000000000000,0.020225694768056,0.233378008008003,2.066825151443481,1.833447143435478,0.369240485304416,0.148474618898425,430.165165379644122,0.321064710617065,0.537637794017792
889,MX03003,889,78587.000000000000000,1.364357660718611,0.179735243320465,81.910163879394531,81.730428636074066,0.473783447225666,2.695981956418483,37233.219767123438942,0.238076627254486,0.290644770860672
890,MX15070,890,183.000000000000000,0.003177083384167,7.285543441772461,75.395004272460938,68.109460830688477,43.483020245703216,15.201723550663264,7957.392704963688630,47.520473480224609,60.893231201171872
891,MX20069,891,128.000000000000000,0.002222222257778,0.242553830146790,3.024734258651733,2.782180428504944,0.503717669984326,0.464020564902030,64.475861757993670,0.333106383681297,0.913293707370758
892,MX30127,892,682.000000000000000,0.011840277967222,-1.500000000000000,14.542140960693359,16.042140960693359,0.756458626003100,1.093560513775191,515.904782934114337,0.439144641160965,1.658772540092468
893,MX16069,893,1423.000000000000000,0.024704861506389,0.329601466655731,38.420917510986328,38.091316044330597,2.786961780998460,5.381955581533032,3965.846614360809326,0.748314917087555,7.132411861419676
894,MX20076,894,909.000000000000000,0.015781250252500,0.181499287486076,1.123157501220703,0.941658213734627,0.252267358064389,0.075451583607320,229.311028480529700,0.235536858439445,0.291659557819366
895,MX20556,895,52.000000000000000,0.000902777792222,0.226376220583916,1.006824851036072,0.780448630452156,0.372634789404961,0.159450796920603,19.377009049057957,0.316170915961266,0.597290313243866
896,MX07099,896,7709.000000000000000,0.133836807696944,0.183067575097084,16.355093002319336,16.172025427222252,0.496840103181101,0.747215360724311,3830.140355423109213,0.304039299488068,0.714466488361359
897,MX12068,897,8631.000000000000000,0.149843752397500,0.191960319876671,26.241769790649414,26.049809470772743,0.360894738243210,0.694612365707963,3114.882485777141937,0.260430783033371,0.401748597621918
898,MX18019,898,21677.000000000000000,0.376336811576944,0.192538410425186,18.030862808227539,17.838324397802353,0.260315305663577,0.258320611624249,5642.854880869364024,0.241702854633331,0.265397518873215
899,MX21093,899,886.000000000000000,0.015381944690556,0.230559229850769,4.238776683807373,4.008217453956604,0.443065321623740,0.384956463875833,392.555874958633922,0.334842979907990,0.638498097658157
900,MX14053,900,12623.000000000000000,0.219149309061944,0.240222394466400,74.506172180175781,74.265949785709381,0.871517087974716,2.807816787153812,11001.160201504844736,0.379939556121826,1.038164329528810
901,MX16048,901,357.000000000000000,0.006197916765833,0.337098389863968,9.098832130432129,8.761733740568161,0.969366898306278,1.195166889256193,346.063982695341053,0.502808630466461,2.061740159988404
902,MX24019,902,2687.000000000000000,0.046649306301944,0.204661309719086,1.936158776283264,1.731497466564178,0.297265592026675,0.109671238331981,798.752645775675774,0.271926224231720,0.353679120540619
903,MX05016,903,3528.000000000000000,0.061250000980000,0.204015180468559,9.467610359191895,9.263595178723335,0.281005046619715,0.401668133391887,991.385804474352881,0.243515834212303,0.272075760364532
904,MX19032,904,17946.000000000000000,0.311562504985000,0.206826552748680,21.385700225830078,21.178873673081398,0.280914218603709,0.459201915092152,5041.286567062164067,0.253989785909653,0.275706022977829
905,MX22010,905,3599.000000000000000,0.062482639888611,0.196665599942207,7.233845233917236,7.037179633975029,0.378673335331848,0.329284648673366,1362.845333859319453,0.288522988557816,0.568110156059265
906,MX30096,906,85.000000000000000,0.001475694468056,0.248910635709763,2.508902788162231,2.259992152452469,0.493093502872130,0.441955453693429,41.912947744131081,0.310345381498337,0.869173872470856
907,MX07049,907,732.000000000000000,0.012708333536667,0.277169972658157,19.443796157836914,19.166626185178757,1.106436119827090,1.626346969268943,809.911239713430064,0.643113136291504,2.063215661048889
908,MX30061,908,17168.000000000000000,0.298055560324444,0.204287558794022,21.765609741210938,21.561322182416916,0.385828679997756,0.767160749202281,6623.906778201475390,0.279593676328659,0.449530157446861
909,MX07052,909,14688.000000000000000,0.255000004080000,0.167398482561111,20.850391387939453,20.682992905378342,0.362690571246137,0.662622167791296,5327.199110463262514,0.262782201170921,0.447651991248131
910,MX30107,910,255.000000000000000,0.004427083404167,0.301220893859863,1.182643532752991,0.881422638893127,0.433815793079488,0.117278034226152,110.623027235269475,0.397717326879501,0.560489606857300
911,MX07075,911,1144.000000000000000,0.019861111428889,0.202042341232300,16.313142776489258,16.111100435256958,0.687209336738382,1.478274586271032,786.167481228708652,0.350665614008904,0.887380486726761
912,MX30132,912,495.000000000000000,0.008593750137500,0.315323054790497,9.566914558410645,9.251591503620148,0.857942688224292,1.149860982568973,424.681630671024664,0.493161082267761,1.569282269477845
913,MX16052,913,5601.000000000000000,0.097239584889167,0.199593037366867,1150.615112304687500,1150.415519267320633,2.505640992097630,29.878649679474570,14034.095196738824598,0.285438448190689,2.190265893936157
914,MX23007,914,16527.000000000000000,0.286927087924167,0.183505848050117,16.020677566528320,15.837171718478203,0.267505605532252,0.401034234789368,4421.065142631537128,0.228359580039978,0.261499339342117
915,MX29047,915,126.000000000000000,0.002187500035000,0.352571457624435,8.109697341918945,7.757125884294510,1.032033432570715,1.358396833041058,130.036212503910065,0.548618078231812,2.082941055297852
916,MX11020,916,6118.000000000000000,0.106215279477222,0.322857171297073,84.110168457031250,83.787311285734177,9.965591317495104,16.947515702924740,60969.487680435042421,1.703937292098999,40.321857833862310
917,MX12040,917,3537.000000000000000,0.061406250982500,0.190674677491188,9.586361885070801,9.395687207579613,0.320184240902856,0.405079597853409,1132.491660073399999,0.256737947463989,0.359614980220795
918,MX10012,918,11113.000000000000000,0.192934030864722,0.227027788758278,59.788799285888672,59.561771497130394,1.118985147299149,3.837477718533659,12435.281941935440045,0.344473540782928,1.284385848045349
919,MX30097,919,413.000000000000000,0.007170139003611,0.233438283205032,9.472774505615234,9.239336222410202,0.807012894865099,1.316272309848911,333.296325579285678,0.337776035070419,1.770716190338135
920,MX15051,920,1141.000000000000000,0.019809028094722,1.067080974578857,46.536830902099609,45.469749927520752,6.007560155456472,7.064219683978195,6854.626137375835242,3.079169273376465,13.534832000732422
921,MX21094,921,1363.000000000000000,0.023663194823056,0.282569050788879,19.848197937011719,19.565628886222839,0.912869098141887,1.713534454089592,1244.240580767392430,0.476882070302963,1.358442521095275
922,MX19033,922,12908.000000000000000,0.224097225807778,0.202459573745728,34.334247589111328,34.131788015365601,0.472111389156391,1.482626338724816,6094.013811230694046,0.268449753522873,0.444524651765824
923,MX28019,923,13067.000000000000000,0.226857642518611,0.181153476238251,8.012434959411621,7.831281483173370,0.267659915865877,0.187645946654191,3497.512120619408506,0.247280582785606,0.289262288808823
924,MX13034,924,885.000000000000000,0.015364583579167,0.232419654726982,3.240380525588989,3.007960870862007,0.438595399715133,0.307258764680652,388.156928747892437,0.332215815782547,0.703309261798859
925,MX20044,925,2396.000000000000000,0.041597222887778,0.245396584272385,13.875086784362793,13.629690200090408,0.576800705090737,1.163986557256057,1382.014489397405669,0.341864928603172,0.721049696207047
926,MX08039,926,7060.000000000000000,0.122569446405556,0.208568334579468,12.840987205505371,12.632418870925903,0.298284741166039,0.336896299718682,2105.890272632235792,0.263531386852264,0.308570685982704
927,MX03009,927,23988.000000000000000,0.416458339996667,0.174443945288658,29.175207138061523,29.000763192772865,0.274614354479067,0.780894679795366,6587.449135243867204,0.226455427706242,0.246161694824696
928,MX32024,928,2164.000000000000000,0.037569445045556,0.300968468189240,67.081169128417969,66.780200660228729,1.685393432840403,4.573080212307532,3647.191388666632065,0.556795179843903,3.211032056808472
929,MX19003,929,3609.000000000000000,0.062656251002500,0.234469696879387,8.313458442687988,8.078988745808601,0.335109851170557,0.450522814159419,1209.411452874541965,0.276362866163254,0.310789358615875
930,MX03008,930,19056.000000000000000,0.330833338626667,0.183805584907532,88.763267517089844,88.579461932182312,1.258672274703096,5.535840008148607,23985.258866742202372,0.256342887878418,0.704446464776993
931,MX19027,931,2581.000000000000000,0.044809028494722,0.230365037918091,11.971197128295898,11.740832090377808,0.376989102211169,0.591860967188053,973.008872807026364,0.288166224956512,0.372929066419601
932,MX19042,932,6943.000000000000000,0.120538196373056,0.248176679015160,12.614154815673828,12.365978136658669,0.387274096195573,0.365111404812980,2688.844049885865843,0.328703939914703,0.480264610052109
933,MX16075,933,2384.000000000000000,0.041388889551111,0.235167562961578,19.126718521118164,18.891550958156586,0.707037607564174,1.655536603718222,1685.577656432990807,0.332960784435272,0.898479574918748
934,MX30137,934,170.000000000000000,0.002951388936111,0.346888840198517,2.417374372482300,2.070485532283783,0.709364812689669,0.335401285175150,120.592018157243743,0.608593136072159,1.074778842926025
935,MX21118,935,151.000000000000000,0.002621527819722,1.090503811836243,15.142309188842773,14.051805377006531,4.930526671820131,3.887362566349420,744.509527444839705,3.113565683364868,11.285660743713379
936,MX32025,936,897.000000000000000,0.015572916915833,0.327673614025116,30.404909133911133,30.077235519886017,1.060042735525596,2.148105044564655,950.858333766459964,0.515333116054535,1.836770987510681
937,MX15123,937,3476.000000000000000,0.060347223187778,0.201324328780174,8.273426055908203,8.072101727128029,0.320074087658295,0.349553330151296,1112.577528700231824,0.264947220683098,0.376099154353142
938,MX27012,938,11850.000000000000000,0.205729169958333,0.233206734061241,2880.614257812500000,2880.381051078438759,2.445451286666489,41.415787643941314,28978.597746997893410,0.488679066300392,1.983447754383087
939,MX08040,939,46755.000000000000000,0.811718762987500,0.196755975484848,21.433088302612305,21.236332327127457,0.283091440401654,0.383969395236000,13235.940295979318762,0.246998220682144,0.284120595455170
940,MX16049,940,5058.000000000000000,0.087812501405000,0.195595279335976,7.799781322479248,7.604186043143272,0.304869775092853,0.252206072344123,1542.031322419648404,0.269362002611160,0.350157004594803
941,MX14055,941,1465.000000000000000,0.025434028184722,0.218709051609039,20.563863754272461,20.345154702663422,0.611729386255603,1.411350575561583,896.183550864457970,0.332062512636185,0.703113126754761
942,MX26036,942,6718.000000000000000,0.116631946310556,0.222514584660530,43.918106079101562,43.695591494441032,0.601012399548237,2.305589836563978,4037.601300165058092,0.280668497085571,0.485179883241654
943,MX30098,943,67.000000000000000,0.001163194463056,0.527071714401245,5.290009498596191,4.762937784194946,1.330839026330122,1.087588771084508,89.166214764118180,0.817658782005310,2.750032329559326
944,MX20045,944,130.000000000000000,0.002256944480556,0.355736106634140,8.137218475341797,7.781482368707657,1.657896354565253,1.779639638717123,215.526526093482886,0.953261762857437,3.701917886734010
945,MX20046,945,1153.000000000000000,0.020017361431389,0.187225580215454,2.514828443527222,2.327602863311768,0.285914509338290,0.142389712551544,329.659429267048552,0.257207036018372,0.361628192663193
946,MX20048,946,202.000000000000000,0.003506944500556,0.216484144330025,1.581086039543152,1.364601895213127,0.317696339865722,0.164857261214838,64.174660652875914,0.275033205747604,0.370490917563439
947,MX20049,947,48.000000000000000,0.000833333346667,0.353657901287079,6.208763599395752,5.855105698108673,1.033309505631526,1.154684073924829,49.598856270313249,0.547894030809402,2.114626932144167
948,MX20050,948,416.000000000000000,0.007222222337778,0.222970411181450,1.794308066368103,1.571337655186653,0.346972787860208,0.145768084588383,144.340679749846430,0.304715454578400,0.465512350201607
949,MX20051,949,195.000000000000000,0.003385416720833,0.265247941017151,5.641949176788330,5.376701235771179,0.635960489358658,0.798177687067753,124.012295424938287,0.347655028104782,1.185493755340576
950,MX20052,950,4102.000000000000000,0.071215278917222,0.177500262856483,6.090037345886230,5.912537083029747,0.252334607491721,0.238332211712608,1035.076559931041402,0.221079453825951,0.262128648161888
951,MX20053,951,605.000000000000000,0.010503472390278,0.193752408027649,3.622891426086426,3.429139018058777,0.299262055311322,0.251664558817196,181.053543463349541,0.255462706089020,0.330082094669342
952,MX20562,952,194.000000000000000,0.003368055609444,0.184164315462112,2.040148496627808,1.855984181165695,0.326923804261635,0.284109748551187,63.423218026757247,0.227154560387135,0.517342418432236
953,MX20054,953,121.000000000000000,0.002100694478056,0.235816434025764,1.809583544731140,1.573767110705376,0.420193544719830,0.274385825673263,50.843418911099413,0.330257683992386,0.666304469108582
954,MX08041,954,5305.000000000000000,0.092100695918056,0.200089052319527,3.338292360305786,3.138203307986259,0.243740813738889,0.077257009730332,1293.045016884804454,0.239085897803307,0.255691874027252
955,MX28020,955,1873.000000000000000,0.032517361631389,0.211887225508690,4.439939498901367,4.228052273392677,0.290605181131017,0.208286814728865,544.303504258394128,0.254638701677322,0.325532889366150
956,MX15052,956,1039.000000000000000,0.018038194733056,0.458779841661453,13.340507507324219,12.881727665662766,1.553764317216956,1.742130643834572,1614.361125588416826,0.884425342082977,3.452967166900635
957,MX12041,957,2312.000000000000000,0.040138889531111,0.189243853092194,3.985883235931396,3.796639382839203,0.355273977676117,0.275618858672261,821.393436387182192,0.276459679007530,0.528546583652497
958,MX30099,958,553.000000000000000,0.009600694598056,0.336215257644653,51.233276367187500,50.897061109542847,1.884302088515885,3.609579330318442,1042.019054949284055,0.930101990699768,3.007858848571778
959,MX31046,959,496.000000000000000,0.008611111248889,0.200046196579933,5.855488300323486,5.655442103743553,0.393916991389086,0.550500939140613,195.382827728986882,0.263807967305183,0.475659817457199
960,MX31047,960,630.000000000000000,0.010937500175000,0.244388833642006,7.841489315032959,7.597100481390953,0.456066262911236,0.633674125619424,287.321745634078525,0.314425066113472,0.531645423173904
961,MX30100,961,1223.000000000000000,0.021232639228611,0.347033321857452,14.079411506652832,13.732378184795380,0.982636619203908,1.013966795008600,1201.764585286379088,0.731571853160858,1.436934590339660
962,MX08042,962,26705.000000000000000,0.463628479640278,0.197145283222198,9.480166435241699,9.283021152019501,0.260291123993385,0.143336500144609,6951.074466243355346,0.254352867603302,0.273789465427399
963,MX11008,963,4098.000000000000000,0.071145834471667,0.268341422080994,29.131938934326172,28.863597512245178,0.657643243139577,1.418366028235073,2695.022010385987869,0.418538808822632,0.889703774452210
964,MX06007,964,6677.000000000000000,0.115920140743611,0.197745814919472,162.129821777343750,161.932075962424278,1.926781921802175,6.904832839693973,12865.122891873123081,0.382068097591400,2.516473293304443
965,MX07051,965,5921.000000000000000,0.102795140533611,0.138850688934326,13.474029541015625,13.335178852081299,0.366288656817762,0.687976028585788,2168.795137017970774,0.254546523094177,0.458684414625168
966,MX10013,966,40187.000000000000000,0.697690983385278,0.199348628520966,35.671146392822266,35.471797764301300,0.300543762218617,0.666146989680663,12077.952172279541628,0.258734822273254,0.302817219495773
967,MX16050,967,3463.000000000000000,0.060121528739722,0.273140251636505,21.305597305297852,21.032457053661346,0.689399705296679,1.144076645084514,2387.391179442400698,0.428634256124496,1.006611132621765
968,MX07115,968,2629.000000000000000,0.045642361841389,0.159547910094261,2.279065132141113,2.119517222046852,0.266615219400064,0.128264115838136,700.931411802769389,0.240414530038834,0.317552924156189
969,MX16051,969,1161.000000000000000,0.020156250322500,0.264895111322403,11.774374008178711,11.509478896856308,0.515596567249627,0.858387326073734,598.607614576817014,0.325950354337692,0.671057701110840
970,MX30101,970,346.000000000000000,0.006006944540556,0.290342271327972,26.444095611572266,26.153753340244293,1.937205333499550,3.084821553108873,670.273045390844345,0.917393147945404,4.492692708969116
971,MX19034,971,1379.000000000000000,0.023940972605278,0.265278995037079,19.855352401733398,19.590073406696320,1.123233307587917,1.635914698432700,1548.938731163737884,0.767030656337738,1.767293000221252
972,MX20055,972,708.000000000000000,0.012291666863333,0.176785171031952,3.729395389556885,3.552610218524933,0.321952709770304,0.296806640364606,227.942518517375078,0.254119172692299,0.389951205253601
973,MX12077,973,1018.000000000000000,0.017673611393889,0.223335444927216,8.923079490661621,8.699744045734406,0.411913971491670,0.694111613901976,419.328422978519995,0.273085981607437,0.482019606232643
974,MX07116,974,4455.000000000000000,0.077343751237500,0.151039212942123,3.126050233840942,2.975011020898819,0.239872793724507,0.140893578941601,1068.633296042678012,0.217341318726540,0.258796221017838
975,MX30102,975,1983.000000000000000,0.034427083884167,0.248339846730232,21.963932037353516,21.715592190623283,1.109501725448783,2.516688783191856,2200.141921564936638,0.398275494575500,1.676750802993774
976,MX12042,976,3023.000000000000000,0.052482639728611,0.206584155559540,6.070683956146240,5.864099800586700,0.357454998275124,0.374379166299987,1080.586459785700299,0.271967291831970,0.416434448957443
977,MX20056,977,281.000000000000000,0.004878472300278,0.224968329071999,4.571710586547852,4.346742257475853,0.369197728582973,0.469474038906835,103.744561731815310,0.277445524930954,0.412126809358597
978,MX14058,978,9189.000000000000000,0.159531252552500,0.185134693980217,16.381973266601562,16.196838572621346,0.286647719183416,0.386819134502491,2634.005891576409340,0.244778394699097,0.329044961929321
979,MX08043,979,3871.000000000000000,0.067204862186389,0.210563018918037,8.165359497070312,7.954796478152275,0.296755530700392,0.313015655393797,1148.740659341215860,0.256996631622314,0.300354212522507
980,MX05017,980,4169.000000000000000,0.072378473380278,0.358444213867188,46.001327514648438,45.642883300781250,2.280420407306148,4.297636055107032,9507.072678059330428,1.020255327224731,4.770116710662843
981,MX08044,981,6172.000000000000000,0.107152779492222,0.216735139489174,10.198617935180664,9.981882795691490,0.313548128916724,0.348103910925830,1935.219051674020193,0.272857323288918,0.333544403314590
982,MX28022,982,19686.000000000000000,0.341770838801667,0.223811596632004,62.386955261230469,62.163143664598465,1.579244869666467,5.967472226009629,31089.014504254068015,0.371411532163620,1.284823834896088
983,MX24020,983,6630.000000000000000,0.115104168508333,0.213865101337433,93.283363342285156,93.069498240947723,1.240768152547278,5.354901284056312,8226.292851388452618,0.362817004323006,1.293927288055421
984,MX20057,984,6632.000000000000000,0.115138890731111,0.198433369398117,18.629589080810547,18.431155711412430,0.400803325783161,0.835220722472790,2658.127656593926531,0.276406958699226,0.421691370010376
985,MX24057,985,590.000000000000000,0.010243055719444,0.285363942384720,7.375538825988770,7.090174883604050,0.967079507193322,0.810192935676682,570.576909244059834,0.775416314601898,1.600821387767792
986,MX31048,986,4540.000000000000000,0.078819445705556,0.197812318801880,11.574398994445801,11.376586675643921,0.332112623846347,0.527456232310779,1507.791312262414749,0.249869331717491,0.337868568301201
987,MX31049,987,468.000000000000000,0.008125000130000,0.203130513429642,6.227536201477051,6.024405688047409,0.364757803674691,0.599269873294429,170.706652119755603,0.242861419916153,0.362738838791847
988,MX14059,988,1437.000000000000000,0.024947917065833,0.225216850638390,22.227533340454102,22.002316489815712,0.535380498985076,1.158053212182613,769.341777041554565,0.309897035360336,0.705776357650757
989,MX07053,989,522.000000000000000,0.009062500145000,0.207416146993637,4.305581569671631,4.098165422677994,0.484292915954444,0.358441017790715,252.800902128219775,0.378411009907722,0.794944620132447
990,MX32026,990,62083.000000000000000,1.077829878356389,0.186832100152969,192.868316650390625,192.681484550237656,0.319513014814554,1.622025051397805,19836.326498731927131,0.241950184106827,0.277454799413681
991,MX21096,991,276.000000000000000,0.004791666743333,0.328627884387970,6.376384258270264,6.047756373882294,0.797125789458337,0.819385074560880,220.006717890500965,0.519538372755051,1.321483433246613
992,MX07054,992,1839.000000000000000,0.031927083844167,0.197264626622200,15.354428291320801,15.157163664698601,0.555521730303181,0.858460132723455,1021.604462027550426,0.358592301607132,0.848358714580536
993,MX26037,993,3634.000000000000000,0.063090278787222,0.205139592289925,6.526641845703125,6.321502253413200,0.260956595342731,0.199350760827454,948.316267475484551,0.248678795993328,0.265660527348518
994,MX29017,994,71.000000000000000,0.001232638908611,0.868504941463470,18.583415985107422,17.714911043643951,3.514401309087243,4.235634099288338,249.522492945194244,1.507421493530273,10.686676025390625
995,MX17014,995,287.000000000000000,0.004982638968611,0.573424577713013,14.046325683593750,13.472901105880737,2.020360718413097,2.403187312008114,579.843526184558868,0.956100463867188,5.030954456329354
996,MX25012,996,12797.000000000000000,0.222170142443611,0.189591705799103,196.179733276367188,195.990141570568085,1.923419229711291,7.873246932510052,24613.995882615388837,0.306920289993286,1.463203692436216
997,MX20058,997,894.000000000000000,0.015520833581667,0.207607701420784,2.178467988967896,1.970860287547112,0.396486331402456,0.180383169361764,354.458780273795242,0.342703804373741,0.590703582763672
998,MX30103,998,217.000000000000000,0.003767361171389,0.378337442874908,3.880702018737793,3.502364575862885,0.638570073562833,0.454563147529947,138.569705963134766,0.520245909690857,0.873237359523773
999,MX30104,999,1451.000000000000000,0.025190972625278,0.203514575958252,13.966103553771973,13.762588977813721,0.555580950559705,0.919582651951673,806.147959262132417,0.391349852085114,0.754182338714600
1000,MX30105,1000,1963.000000000000000,0.034079861656389,0.315892547369003,35.226333618164062,34.910441070795059,1.865929381888679,3.563096391312094,3662.819376647476474,0.717550456523895,3.841250896453857
1001,MX15053,1001,69.000000000000000,0.001197916685833,8.484786987304688,49.287593841552734,40.802806854248047,29.308898455854774,10.387273016947342,2022.313993453979492,28.615690231323242,42.843538665771490
1002,MX19035,1002,1079.000000000000000,0.018732639188611,0.244355306029320,4.956702232360840,4.712346926331520,0.391799788849568,0.408741748809441,422.751972168683892,0.290550947189331,0.497070366144180
1003,MX32027,1003,9685.000000000000000,0.168142363801389,0.196851298213005,11.237750053405762,11.040898755192757,0.275779935088302,0.278327878052585,2670.928671330203997,0.248447611927986,0.281335490942001
1004,MX28023,1004,13083.000000000000000,0.227135420300833,0.205535858869553,7.750654697418213,7.545118838548660,0.269706983695854,0.151293313425411,3528.576467692863844,0.254945576190948,0.284329575300217
1005,MX08045,1005,2273.000000000000000,0.039461806186944,0.298926174640656,78.040870666503906,77.741944491863251,1.710263354527600,4.789751938765175,3887.428604841235938,0.606071352958679,2.400884723663329
1006,MX31050,1006,4418.000000000000000,0.076701390116111,0.297057300806046,94.412651062011719,94.115593761205673,12.543008385139258,17.764577962745570,55415.011045545237721,2.478130817413330,45.299946212768567
1007,MX20037,1007,854.000000000000000,0.014826389126111,0.193038612604141,1.627462029457092,1.434423416852951,0.284523652050758,0.112578218103844,242.983198851347026,0.256278693675995,0.343542352318764
1008,MX07055,1008,113.000000000000000,0.001961805586944,0.569649457931519,7.007542610168457,6.437893152236938,1.552530497576283,1.279675475038074,175.435946226119995,1.033824086189270,2.946375322341919
1009,MX13035,1009,724.000000000000000,0.012569444645556,0.317222714424133,8.548605918884277,8.231383204460144,0.958252625076810,0.783125033675786,693.774900555610202,0.775816857814789,1.649261510372164
1010,MX15054,1010,328.000000000000000,0.005694444535556,2.130787849426270,45.948348999023438,43.817561149597168,20.113094234611921,10.917584272880624,6597.094908952710284,18.172989845275879,34.822674942016604
1011,MX12043,1011,2952.000000000000000,0.051250000820000,0.182262733578682,5.986485481262207,5.804222747683525,0.335332841488727,0.307183761563853,989.902548074723541,0.260604232549667,0.443421503901482
1012,MX13037,1012,3973.000000000000000,0.068975695548056,0.216231271624565,8.286650657653809,8.070419386029243,0.363007539335199,0.344273934418209,1442.228953778747382,0.286859065294266,0.496290349960327
1013,MX02002,1013,85128.000000000000000,1.477916690313334,0.196708410978317,113.276161193847656,113.079452782869339,1.206249513107493,5.828362105064433,102685.608551814657403,0.271896973252296,0.893347549438477
1014,MX15055,1014,60.000000000000000,0.001041666683333,2.230835199356079,22.115327835083008,19.884492635726929,7.924190350373586,5.095978500793323,475.451421022415161,6.503827333450317,14.655152988433839
1015,MX24021,1015,4434.000000000000000,0.076979167898333,0.258510559797287,10.140101432800293,9.881590873003006,0.768551345707919,0.804549430893900,3407.756666868915090,0.468951702117920,1.484175658226013
1016,MX14060,1016,1438.000000000000000,0.024965278177222,0.264394760131836,10.108564376831055,9.844169616699219,0.468438341467536,0.602923495923101,673.614335030316852,0.335405573248863,0.601254236698151
1017,MX10014,1017,42477.000000000000000,0.737447928465833,0.185523465275764,9.843640327453613,9.658116862177849,0.254070006463015,0.152943558599562,10792.131664529482805,0.238126769661903,0.264968824386597
1018,MX32028,1018,2438.000000000000000,0.042326389566111,0.213082775473595,5.438788890838623,5.225706115365028,0.305824848376306,0.226401728015824,745.600980341434138,0.275107830762863,0.324002817273140
1019,MX14061,1019,16962.000000000000000,0.294479171378333,0.181346595287323,12.204683303833008,12.023336708545685,0.254851840533092,0.216190366644329,4322.796919122305553,0.237714402377605,0.264154303073883
1020,MX17015,1020,1066.000000000000000,0.018506944740556,0.474189758300781,13.077676773071289,12.603487014770508,1.335301630436590,1.644831020744075,1423.431538045405205,0.765042632818222,2.874762058258057
1021,MX30106,1021,146.000000000000000,0.002534722262778,0.237231180071831,5.532709121704102,5.295477941632271,0.621252345201904,0.740298973584139,90.702842399477959,0.378501981496811,1.016809105873108
1022,MX20059,1022,2277.000000000000000,0.039531250632500,0.162103489041328,102.397636413574219,102.235532924532890,0.892532897829278,4.615736876640795,2032.297408357266249,0.321500808000565,1.005655002593994
1023,MX28024,1023,4778.000000000000000,0.082951390216111,0.234298452734947,20.628324508666992,20.394026055932045,0.383458829181196,0.890465761208895,1832.166285827755019,0.285331606864929,0.364835426211357
1024,MX19036,1024,5077.000000000000000,0.088142362521389,0.188985347747803,7.652377605438232,7.463392257690430,0.291463308049536,0.273583252097079,1479.759214967492653,0.253667563199997,0.304070621728897
1025,MX28025,1025,3291.000000000000000,0.057135417580833,0.243180066347122,48.071262359619141,47.828082293272018,0.888570392803740,3.225099271387463,2924.285162717107596,0.312484502792358,0.749712467193604
1026,MX32029,1026,5658.000000000000000,0.098229168238333,0.206692755222321,21.209161758422852,21.002469003200531,0.453846479863846,1.101920129857918,2567.863383069642168,0.275256231427193,0.448036828637123
1027,MX09016,1027,229.000000000000000,0.003975694508056,13.540092468261719,101.576835632324219,88.036743164062500,51.926808115696808,19.279678901827662,11891.239058494569690,54.956687927246094,76.133769226074222
1028,MX09009,1028,1474.000000000000000,0.025590278187222,0.463972151279449,58.926471710205078,58.462499558925629,4.566041449112682,8.478827405520743,6730.345095992092865,0.806102663278580,15.722063159942630
1029,MX19037,1029,20082.000000000000000,0.348645838911667,0.205305784940720,17.923311233520508,17.718005448579788,0.299366006103628,0.391382306402510,6011.868134573065618,0.265947565436363,0.328950527310371
1030,MX06008,1030,2052.000000000000000,0.035625000570000,0.210704177618027,12.791767120361328,12.581062942743301,0.526093265161529,0.973900896360262,1079.543380111458191,0.287888348102570,0.639276885986328
1031,MX30108,1031,10199.000000000000000,0.177065975055278,0.211199745535851,825.497314453125000,825.286114707589149,2.143402305578229,22.129420863046089,21860.560114592357422,0.315813809633255,1.163451504707337
1032,MX13051,1032,567.000000000000000,0.009843750157500,0.927976012229919,85.960639953613281,85.032663941383362,14.206109652548648,13.673844682153060,8054.864172995083209,9.286706924438477,32.793779754638678
1033,MX13038,1033,956.000000000000000,0.016597222487778,0.332859486341476,5.403236865997314,5.070377379655838,0.735020555836386,0.627718518620045,702.679651379585380,0.535914242267609,1.277645826339722
1034,MX13039,1034,267.000000000000000,0.004635416740833,0.475800871849060,25.802450180053711,25.326649308204651,2.302833311231840,3.763373534655878,614.856494098901294,1.130751729011536,3.747980070114137
1035,MX28026,1035,4512.000000000000000,0.078333334586667,0.162327006459236,3.858270645141602,3.695943638682365,0.248203316802516,0.124549849932885,1119.893365412950288,0.233421988785267,0.258011803030968
1036,MX30109,1036,2603.000000000000000,0.045190972945278,0.236206695437431,16.643987655639648,16.407780960202217,0.572881234525673,1.044186861239567,1491.209853470326379,0.376317292451859,0.734557795524597
1037,MX07056,1037,180.000000000000000,0.003125000050000,0.473390191793442,6.001535892486572,5.528145700693130,1.684843310382631,0.977621628297865,303.271795868873653,1.469099760055542,2.851936984062194
1038,MX20060,1038,329.000000000000000,0.005711805646944,0.199004501104355,1.539599657058716,1.340595155954361,0.298799877199359,0.161741733273286,98.305159598588986,0.250858038663864,0.391874206066132
1039,MX13041,1039,672.000000000000000,0.011666666853333,0.517885625362396,25.238986968994141,24.721101343631744,2.495429464926320,3.273666859852683,1676.928600430487222,1.356657922267914,5.359079408645628
1040,MX21097,1040,47.000000000000000,0.000815972235278,0.837621331214905,9.185420989990234,8.347799658775330,3.196092180749204,2.179780371590427,150.216332495212583,2.153516530990601,7.034611320495605
1041,MX30110,1041,326.000000000000000,0.005659722312778,0.311738967895508,4.510056018829346,4.198317050933838,0.633698657612128,0.555185346408525,206.585762381553678,0.478505447506905,0.871027201414108
1042,MX14062,1042,3149.000000000000000,0.054670139763611,0.194131925702095,5.184462547302246,4.990330621600151,0.269569688716477,0.208086790951181,848.874949768185729,0.241432249546051,0.283546358346939
1043,MX12044,1043,2501.000000000000000,0.043420139583611,0.207249566912651,8.261174201965332,8.053924635052681,0.330950494559227,0.359705103642897,827.707186892627419,0.270164966583252,0.403446763753891
1044,MX31051,1044,237.000000000000000,0.004114583399167,0.298486649990082,5.518053054809570,5.219566404819489,0.807946732149848,0.727109116223025,191.483375519514027,0.604398488998413,1.521110820770264
1045,MX25013,1045,14461.000000000000000,0.251059031794722,0.214286044239998,37.454959869384766,37.240673825144768,0.420253804158713,0.890074626457173,6077.290261939156153,0.294589728116989,0.504073023796082
1046,MX24022,1046,6527.000000000000000,0.113315974035278,0.215105608105659,9.196593284606934,8.981487676501274,0.353384562935985,0.326203307418823,2306.541042283174193,0.294861048460007,0.429913443326950
1047,MX26038,1047,10087.000000000000000,0.175121530579722,0.197362333536148,25.132905960083008,24.935543626546860,0.275037113849313,0.571784766029880,2774.299367398020877,0.244287833571434,0.263122516870499
1048,MX13042,1048,991.000000000000000,0.017204861386389,0.228214219212532,10.239194869995117,10.010980650782585,0.436408447705051,0.616679436229849,432.480771675705910,0.307218581438065,0.597792923450470
1049,MX21098,1049,774.000000000000000,0.013437500215000,0.251702845096588,5.971065044403076,5.719362199306488,0.530021517467745,0.635242594261463,410.236654520034676,0.338761135935783,0.783489328622819
1050,MX30111,1050,1230.000000000000000,0.021354167008333,0.596061110496521,580.363098144531250,579.767037034034729,4.670831067678409,27.106250462105042,5745.122213244443628,1.275479733943939,4.797716712951666
1051,MX32030,1051,812.000000000000000,0.014097222447778,0.229298189282417,4.164221286773682,3.934923097491264,0.326267911809418,0.261481635371970,264.929544389247724,0.278954759240150,0.378424662351608
1052,MX05018,1052,6549.000000000000000,0.113697918485833,0.226647585630417,390.460235595703125,390.233588010072708,2.696838565399433,12.589433544625019,17661.595764800884353,0.306727737188339,1.933897829055784
1053,MX20061,1053,108.000000000000000,0.001875000030000,0.345181047916412,1.696768164634705,1.351587116718292,0.626607553274543,0.261174847755865,67.673615753650665,0.536200582981110,1.057696199417114
1054,MX32031,1054,8079.000000000000000,0.140260418910833,0.198928043246269,13.193513870239258,12.994585826992989,0.296477225582956,0.397949031239374,2395.239505484699293,0.253015428781509,0.319193226099014
1055,MX07117,1055,960.000000000000000,0.016666666933333,0.149129465222359,5.961790084838867,5.812660619616508,0.303650739463046,0.358104782910203,291.504709884524459,0.234906502068043,0.382748645544052
1056,MX19038,1056,9633.000000000000000,0.167239586009167,0.219902560114861,37.881248474121094,37.661345914006233,0.680380415951404,2.050754203868369,6554.104546859877701,0.302919328212738,0.892101120948795
1057,MX19039,1057,1682.000000000000000,0.029201389356111,0.493678301572800,92.083419799804688,91.589741498231888,23.712569495178066,19.043574815891567,39884.541890889508068,25.988060951232910,46.676468276977545
1058,MX16053,1058,5896.000000000000000,0.102361112748889,0.254561573266983,68.511512756347656,68.256951183080673,3.632367682823931,7.478536898430555,21416.439857929894060,0.585961371660233,12.802031993865967
1059,MX05019,1059,3382.000000000000000,0.058715278717222,0.215182602405548,16.184831619262695,15.969649016857147,0.423490751281355,0.914823749788848,1432.245720833541554,0.269443437457085,0.490513625741005
1060,MX08046,1060,11396.000000000000000,0.197847225387778,0.200455874204636,3.998713970184326,3.798258095979691,0.257210978071137,0.104238682319765,2931.176306098682744,0.243922889232635,0.267211779952049
1061,MX15056,1061,1168.000000000000000,0.020277778102222,0.390326827764511,10.871185302734375,10.480858474969864,1.189675432872282,1.148563526322869,1389.540905594825517,0.757397383451462,2.436367845535278
1062,MX16054,1062,912.000000000000000,0.015833333586667,0.275738149881363,3.642489671707153,3.366751521825790,0.416425047703741,0.256321479454644,379.779643505811691,0.345866590738297,0.550364333391190
1063,MX32032,1063,918.000000000000000,0.015937500255000,0.289382636547089,27.331705093383789,27.042322456836700,1.645796416242137,3.141997593913398,1510.841110110281988,0.591731041669846,3.918820023536688
1064,MX08047,1064,9566.000000000000000,0.166076391546111,0.197941884398460,3.947371959686279,3.749430075287819,0.252111989454125,0.103727715032303,2411.703291118161815,0.242222063243389,0.260736197233200
1065,MX11021,1065,790.000000000000000,0.013715277997222,0.335288554430008,35.331031799316406,34.995743244886398,1.631658852326718,4.172108250226909,1289.010493338107153,0.552908509969711,2.106549692153931
1066,MX07057,1066,2835.000000000000000,0.049218750787500,0.168984085321426,18.392948150634766,18.223964065313339,0.635938515780886,1.183050347097338,1802.885692238812226,0.401461929082870,0.916455852985382
1067,MX31052,1067,1594.000000000000000,0.027673611553889,0.244871452450752,16.645635604858398,16.400764152407646,0.907435227891283,1.626953705360401,1446.451753258704684,0.387563169002533,1.911556720733643
1068,MX32033,1068,2704.000000000000000,0.046944445195556,0.230339720845222,17.088199615478516,16.857859894633293,0.430038057069277,0.765009971689622,1162.822906315326009,0.296901881694794,0.495266380906105
1069,MX16055,1069,1863.000000000000000,0.032343750517500,0.232099160552025,13.301985740661621,13.069886580109596,0.594311527511924,1.051921724572833,1107.202375754713557,0.343090862035751,0.843559312820434
1070,MX03002,1070,161917.000000000000000,2.811059072754722,0.172949135303497,55.197380065917969,55.024430930614471,0.266919754136201,0.531812045136440,43218.845830471291265,0.240889996290207,0.276075118780136
1071,MX31053,1071,1980.000000000000000,0.034375000550000,0.203987374901772,12.170575141906738,11.966587767004967,0.405164381500447,0.817167054235467,802.225475370885192,0.255276709794998,0.418718844652176
1072,MX29011,1072,178.000000000000000,0.003090277827222,0.372472882270813,4.322723865509033,3.950250983238220,0.852005616667565,0.706550657410377,151.656999766826658,0.586048573255539,1.711537611484529
1073,MX31054,1073,359.000000000000000,0.006232638988611,0.344312816858292,5.776306152343750,5.431993335485458,0.600082858608294,0.617501065961606,215.429746240377568,0.420079112052917,0.875066828727722
1074,MX05020,1074,43951.000000000000000,0.763038206653056,0.189045429229736,26.036462783813477,25.847417354583740,0.314830915606437,0.785394355696666,13837.133571818505516,0.249217808246613,0.278856813907623
1075,MX27013,1075,2603.000000000000000,0.045190972945278,0.335230529308319,39.669448852539062,39.334218323230743,2.164202481359415,3.900179152414057,5633.419058978555768,1.031227827072144,4.220174884796143
1076,MX26039,1076,6653.000000000000000,0.115503474070278,0.223176807165146,24.838983535766602,24.615806728601456,0.332918631861161,0.715657033917384,2214.907657772303082,0.267892897129059,0.310047727823257
1077,MX26040,1077,15209.000000000000000,0.264045143113611,0.198209419846535,5.271030426025391,5.072821006178856,0.242276537084463,0.083680215154596,3684.783852517593459,0.239008679986000,0.253716564178467
1078,MX26041,1078,9377.000000000000000,0.162795141493611,0.204435840249062,118.446891784667969,118.242455944418907,0.521424818950458,2.870688145326180,4889.400527298442285,0.258153736591339,0.365564352273941
1079,MX05021,1079,3753.000000000000000,0.065156251042500,0.202333003282547,12.091053009033203,11.888720005750656,0.386109737648095,0.709106504223071,1449.069845393300966,0.254447877407074,0.462472814321518
1080,MX16056,1080,1505.000000000000000,0.026128472640278,0.235553830862045,11.022593498229980,10.787039667367935,0.553699045987223,0.928583265751575,833.317064210770582,0.330391079187393,0.690604043006899
1081,MX08048,1081,25993.000000000000000,0.451267368331389,0.209150314331055,19.089994430541992,18.880844116210938,0.366375157096713,0.636185255255942,9523.189458414857654,0.268417924642563,0.389005619287491
1082,MX29021,1082,535.000000000000000,0.009288194593056,0.427187830209732,28.058200836181641,27.631013005971909,1.267866651365691,2.545737356165950,678.308658480644567,0.561443090438843,2.090195035934449
1083,MX30206,1083,133.000000000000000,0.002309027814722,2.934708595275879,171.309829711914062,168.375121116638184,17.891662735688062,27.763978324464997,2379.591143846512296,9.241336822509766,37.081408691406246
1084,MX30112,1084,541.000000000000000,0.009392361261389,0.354667007923126,9.905512809753418,9.550845801830292,0.836418025429720,0.938618029729521,452.502151757478316,0.565779864788055,1.364740848541260
1085,MX30113,1085,90.000000000000000,0.001562500025000,0.604966759681702,3.925397872924805,3.320431113243103,1.166213695208232,0.588640412404723,104.959232568740845,1.004652231931686,1.747155022621158
1086,MX30013,1086,685.000000000000000,0.011892361301389,0.286259800195694,29.932222366333008,29.645962566137314,1.428997244495547,2.912771333792540,978.863112479449342,0.525269746780396,2.992776441574101
1087,MX20062,1087,12.000000000000000,0.000208333336667,0.339496701955795,3.191149950027466,2.851653248071671,1.184820495545864,0.998623060604233,14.217845946550369,0.627074003219604,2.807740545272827
1088,MX29023,1088,266.000000000000000,0.004618055629444,1.228305459022522,27.821826934814453,26.593521475791931,4.836454410302014,4.290280934298067,1286.496873140335765,2.865533828735352,10.777447223663330
1089,MX15057,1089,785.000000000000000,0.013628472440278,1.101782798767090,78.107147216796875,77.005364418029785,20.909795233550348,17.013968108974069,16414.189258337024512,16.817987442016602,43.827753448486334
1090,MX21100,1090,302.000000000000000,0.005243055639444,0.366806298494339,3.837107658386230,3.470301359891891,0.933872415727338,0.705355557650899,282.029469549656142,0.640901863574982,1.823394823074341
1091,MX30114,1091,1769.000000000000000,0.030711806046944,0.230246752500534,7.743448734283447,7.513201981782913,0.406428405706527,0.456540547036405,718.971849694846810,0.311400175094604,0.505405163764954
1092,MX21101,1092,140.000000000000000,0.002430555594444,0.370231002569199,4.544131755828857,4.173900753259659,0.814836573387895,0.608918629735878,114.077120274305329,0.622218012809753,1.289915788173676
1093,MX05022,1093,4819.000000000000000,0.083663195783056,0.268495678901672,90.880531311035156,90.612035632133484,1.439089423048222,4.996917132851181,6934.971929669381097,0.463339388370514,1.603813338279723
1094,MX26042,1094,14689.000000000000000,0.255017365191389,0.212844848632812,58.415832519531250,58.202987670898438,0.810944899997810,3.034093092225708,11911.969636067828105,0.299536973237991,0.768990302085877
1095,MX25018,1095,9464.000000000000000,0.164305558184444,0.224218517541885,40.980907440185547,40.756688922643661,0.846004970069418,2.028141434769950,8006.591036736967908,0.356700852513313,1.389626348018647
1096,MX20063,1096,21.000000000000000,0.000364583339167,1.275076866149902,5.609085083007812,4.334008216857910,2.897142858732315,1.329226518377953,60.840000033378608,2.337843418121338,4.803495883941650
1097,MX10015,1097,12317.000000000000000,0.213836808976944,0.203079909086227,13.361432075500488,13.158352166414261,0.280361517488333,0.313122210133534,3453.212810903799436,0.248815283179283,0.281539189815521
1098,MX21102,1098,92.000000000000000,0.001597222247778,0.716268599033356,7.875387668609619,7.159119069576263,2.084151730589245,1.873772310248358,191.741959214210510,1.064226686954498,5.356658077239991
1099,MX20064,1099,2461.000000000000000,0.042725695128056,0.172276422381401,4.328975677490234,4.156699255108833,0.285557419764032,0.257515407468671,702.756810039282868,0.233663842082024,0.331146329641342
1100,MX15059,1100,272.000000000000000,0.004722222297778,2.977416753768921,57.155254364013672,54.177837610244751,12.211351777700823,9.660232355074662,3321.487683534624011,8.784822463989258,26.286628532409672
1101,MX15058,1101,317.000000000000000,0.005503472310278,8.733838081359863,86.214645385742188,77.480807304382324,46.970265099678883,15.215387331004797,14889.574036598205566,52.142799377441406,60.438450622558605
1102,MX21103,1102,532.000000000000000,0.009236111258889,0.250546306371689,5.683314323425293,5.432768017053604,0.571281244264061,0.721631858573753,303.921621948480492,0.340914785861969,1.083313000202180
1103,MX13043,1103,1243.000000000000000,0.021579861456389,0.232108920812607,3.289583444595337,3.057474523782730,0.378092487253494,0.188716226829761,469.968961656093370,0.320870816707611,0.538696491718292
1104,MX15060,1104,1153.000000000000000,0.020017361431389,0.506907403469086,54.000808715820312,53.493901312351227,9.872784239151956,13.143467175150235,11383.320227742206043,3.354888916015625,33.270080566406236
1105,MX07058,1105,144.000000000000000,0.002500000040000,0.221524223685265,5.311683654785156,5.090159431099892,0.513578269216749,0.829543323138204,73.955270767211900,0.271289661526680,0.735993528366089
1106,MX32034,1106,4403.000000000000000,0.076440973445278,0.228212565183640,26.517988204956055,26.289775639772415,0.456907799233502,1.095196908046578,2011.765040025111148,0.300924420356750,0.498952382802963
1107,MX16057,1107,2696.000000000000000,0.046805556304444,0.205468848347664,4.300820827484131,4.095351979136467,0.276013256086572,0.176608416728884,744.131738409398849,0.253978207707405,0.290071502327919
1108,MX26043,1108,9532.000000000000000,0.165486113758889,0.218363761901855,64.251762390136719,64.033398628234863,1.415724129095961,5.700094795994720,13494.682398542696319,0.301484346389771,0.836043840646743
1109,MX30115,1109,316.000000000000000,0.005486111198889,0.430031538009644,25.130239486694336,24.700207948684692,2.670682370191134,4.144190328896695,843.935628980398292,1.022510409355164,6.405943393707275
1110,MX10016,1110,6043.000000000000000,0.104913196123056,0.206706792116165,11.934071540832520,11.727364748716354,0.361174974152234,0.534512246004860,2182.580368801950044,0.274029105901718,0.378796577453613
1111,MX08049,1111,10518.000000000000000,0.182604169588333,0.199900820851326,7.513617515563965,7.313716694712639,0.267681447097355,0.164347818789991,2815.473460569981853,0.255170658230782,0.274321892857552
1112,MX13044,1112,1696.000000000000000,0.029444444915556,0.302976906299591,6.924734592437744,6.621757686138153,0.738526622184885,0.600069569704299,1252.541151225565500,0.552837461233139,1.193454146385193
1113,MX15061,1113,410.000000000000000,0.007118055669444,0.616524875164032,22.845146179199219,22.228621304035187,2.292323198987215,3.457610300382437,939.852511584758304,1.052612602710724,5.292947769165044
1114,MX21104,1114,830.000000000000000,0.014409722452778,0.389860808849335,23.537889480590820,23.148028671741486,1.420197365226515,2.285985816531005,1178.763813138006981,0.714533805847168,2.870398211479187
1115,MX32035,1115,2064.000000000000000,0.035833333906667,0.277376681566238,11.083898544311523,10.806521862745285,0.566775283769004,0.708860888642768,1169.824185699224699,0.365072146058083,0.917238879203797
1116,MX08050,1116,14086.000000000000000,0.244548615023889,0.215810686349869,27.067380905151367,26.851570218801498,0.430599460155344,1.379964246511328,6065.423995748178640,0.261519446969032,0.331532567739487
1117,MX10039,1117,9524.000000000000000,0.165347224867778,0.200493484735489,20.740110397338867,20.539616912603378,0.318806879554085,0.618415306456863,3036.316720873102895,0.249954894185066,0.325514799356461
1118,MX28027,1118,6325.000000000000000,0.109809029534722,0.275726497173309,92.934097290039062,92.658370792865753,5.784114462151354,14.679550264111054,36584.523973107316124,0.642847120761871,15.465733146667503
1119,MX28028,1119,1534.000000000000000,0.026631944870556,0.223310694098473,4.488610267639160,4.265299573540688,0.320859573781490,0.255630752810208,492.198586180806217,0.275416657328606,0.360107651352882
1120,MX16058,1120,1158.000000000000000,0.020104166988333,0.222422510385513,5.511963844299316,5.289541333913803,0.407267392698244,0.410364469355716,471.615640744566633,0.307110682129860,0.530223631858826
1121,MX16059,1121,1636.000000000000000,0.028402778232222,0.208598434925079,3.099948883056641,2.891350448131561,0.333493629657188,0.187020215413415,545.595578119158972,0.285650625824928,0.410424992442131
1122,MX20504,1122,495.000000000000000,0.008593750137500,0.204228073358536,2.605911970138550,2.401683896780014,0.288550853337904,0.197766613337672,142.832672402262631,0.255443304777145,0.305932909250259
1123,MX16060,1123,383.000000000000000,0.006649305661944,0.331158012151718,11.658430099487305,11.327272087335587,1.179597486559467,1.350725091006013,451.785837352275735,0.740963757038116,2.185436344146729
1124,MX20067,1124,439.000000000000000,0.007621527899722,0.357761830091476,104.258605957031250,103.900844126939774,14.360482957545072,15.838882038818536,6304.252018362286435,10.165006637573242,36.124021911621092
1125,MX05023,1125,137393.000000000000000,2.385295177053611,0.192311689257622,63.441276550292969,63.248964861035347,0.258195671571961,0.394995095371228,35474.277904286398552,0.250050842761993,0.269741195440292
1126,MX08051,1126,9510.000000000000000,0.165104169308333,0.201721921563148,27.470386505126953,27.268664583563805,0.346690974766084,0.772781983314200,3297.031170025457868,0.251114562153816,0.314482742547989
1127,MX10017,1127,18992.000000000000000,0.329722227497778,0.203255325555801,16.319204330444336,16.115949004888535,0.283496225124859,0.334950195274823,5384.160307571322846,0.257874861359596,0.283242601156235
1128,MX11022,1128,5156.000000000000000,0.089513890321111,0.245947569608688,175.545745849609375,175.299798280000687,0.686765526570928,4.684748558366558,3540.963054999703672,0.318667396903038,0.631144255399704
1129,MX16061,1129,706.000000000000000,0.012256944640556,0.303593188524246,6.725410461425781,6.421817272901535,0.674291765385917,0.660647925049920,476.049986362457446,0.420225575566292,1.303011119365692
1130,MX28029,1130,7478.000000000000000,0.129826390966111,0.188418835401535,4.662934780120850,4.474515944719315,0.277511206836376,0.150594761005107,2075.228804722421046,0.259508192539215,0.298800215125084
1131,MX07059,1131,46570.000000000000000,0.808506957380556,0.125592604279518,26.993173599243164,26.867580994963646,0.285269552271191,0.564778278250969,13285.003049269369512,0.223425425589085,0.321668231487274
1132,MX07060,1132,297.000000000000000,0.005156250082500,0.244308978319168,9.760666847229004,9.516357868909836,0.716503401998719,1.063753050726371,212.801510393619594,0.390505790710449,1.465820431709290
1133,MX21105,1133,329.000000000000000,0.005711805646944,0.272677242755890,5.844859123229980,5.572181880474091,0.793283854574418,0.929182446005028,260.990388154983634,0.464555799961090,1.628976511955261
1134,MX14063,1134,1210.000000000000000,0.021006944780556,0.342655837535858,29.911043167114258,29.568387329578400,2.420766343336458,5.089591012068098,2929.127275437114804,0.673212379217148,4.792976427078254
1135,MX20068,1135,590.000000000000000,0.010243055719444,0.249425172805786,24.017604827880859,23.768179655075073,1.101910667399229,2.281043303727845,650.127293765545119,0.480149477720261,1.784773254394533
1136,MX15062,1136,688.000000000000000,0.011944444635556,0.662862539291382,34.324924468994141,33.662061929702759,4.403418363613448,5.666790615310575,3029.551834166052231,1.617414236068726,12.137120723724372
1137,MX21106,1137,594.000000000000000,0.010312500165000,0.569261074066162,48.436798095703125,47.867537021636963,4.846399779472286,7.209142352564176,2878.761469006537936,1.787127494812012,12.105004787445070
1138,MX07061,1138,9928.000000000000000,0.172361113868889,0.200739040970802,22.982505798339844,22.781766757369041,0.466467789465098,0.875174800844695,4631.092213809492023,0.306252241134644,0.640818023681641
1139,MX15063,1139,1899.000000000000000,0.032968750527500,0.456081300973892,13.455325126647949,12.999243825674057,1.166295640041102,1.445334761142391,2214.795420438052588,0.692426860332489,2.144348382949830
1140,MX17016,1140,424.000000000000000,0.007361111228889,0.623663783073425,10.028671264648438,9.405007481575012,1.821075338237690,1.654512127429967,772.135943412780648,1.104390382766724,3.954651999473571
1141,MX08052,1141,36280.000000000000000,0.629861121188889,0.210285067558289,44.226943969726562,44.016658902168274,0.347044182670238,1.238329193633166,12590.762947276229170,0.266319289803505,0.302597406506538
1142,MX32036,1142,3267.000000000000000,0.056718750907500,0.278631031513214,32.851440429687500,32.572809398174286,0.793200746885599,1.846250521648087,2591.386840075251257,0.385210603475571,1.097248578071594
1143,MX14064,1143,5810.000000000000000,0.100868057169444,0.237837567925453,19.682598114013672,19.444760546088219,0.450254317494862,0.889208368667292,2615.977584645147999,0.311678931117058,0.457046863436699
1144,MX12045,1144,3470.000000000000000,0.060243056519444,0.175409272313118,10.932330131530762,10.756920859217644,0.362606203057923,0.494354740003434,1258.243524610994427,0.265267923474312,0.494898080825806
1145,MX21107,1145,310.000000000000000,0.005381944530556,0.313471078872681,2.050889253616333,1.737418174743652,0.473138831411639,0.193223169357639,146.673037737608013,0.426348060369492,0.600183159112931
1146,MX30116,1146,385.000000000000000,0.006684027884722,0.327223658561707,18.610328674316406,18.283105015754700,1.591143388639795,2.523171852189949,612.590204626320997,0.762648999691010,3.161850261688239
1147,MX30117,1147,1047.000000000000000,0.018177083624167,0.309171348810196,7.295984268188477,6.986812919378281,0.614437870702634,0.516143007861645,643.316450625658149,0.467147886753082,0.934347379207611
1148,MX12046,1148,2919.000000000000000,0.050677084144167,0.237751334905624,15.767798423767090,15.530047088861465,0.581786949484877,1.075526350709909,1698.236105546355475,0.336760491132736,0.791772019863129
1149,MX13045,1149,393.000000000000000,0.006822916775833,0.415491849184036,7.298772335052490,6.883280485868454,1.191839488863035,0.930034381288612,468.392919123172874,0.909735858440399,2.225397586822510
1150,MX26044,1150,2834.000000000000000,0.049201389676111,0.197227463126183,2.684823751449585,2.487596288323402,0.242815084271685,0.084170524909958,688.137948825954822,0.236865833401680,0.252919176220894
1151,MX31055,1151,1296.000000000000000,0.022500000360000,0.213819921016693,4.554771900177002,4.340951979160309,0.373897220364507,0.389683440485205,484.570797592401561,0.266112998127937,0.509197473526001
1152,MX26045,1152,11968.000000000000000,0.207777781102222,0.204319745302200,22.996364593505859,22.792044848203659,0.278153972808560,0.413690211172408,3328.946746572841676,0.252361804246902,0.276060110330582
1153,MX26046,1153,4970.000000000000000,0.086284723602778,0.213022232055664,12.907694816589355,12.694672584533691,0.286274466536174,0.357324970525543,1422.784098684784794,0.260509684681892,0.295700427889824
1154,MX21108,1154,1180.000000000000000,0.020486111438889,0.302827894687653,29.621023178100586,29.318195283412933,0.882847930086871,1.989685021749822,1041.760557502508163,0.447629511356354,1.230725848674776
1155,MX30118,1155,140.000000000000000,0.002430555594444,0.807963073253632,43.387653350830078,42.579690277576447,22.135162581290523,13.229997497391864,3098.922761380673364,25.061985015869141,38.647470855712889
1156,MX07062,1156,2748.000000000000000,0.047708334096667,0.233094930648804,56.870780944824219,56.637686014175415,0.662118996248148,2.280773139863403,1819.503001689910661,0.386400505900383,0.728742229938507
1157,MX07063,1157,453.000000000000000,0.007864583459167,0.303849905729294,16.046625137329102,15.742775231599808,0.810901611846015,1.606314694445915,367.338430166244791,0.439474910497665,1.036132955551148
1158,MX10019,1158,8778.000000000000000,0.152395835771667,0.189611345529556,5.317852973937988,5.128241628408432,0.245930873373628,0.133959796943967,2158.781206473706334,0.230917096138000,0.251292154192924
1159,MX30119,1159,228.000000000000000,0.003958333396667,0.376951992511749,14.805766105651855,14.428814113140106,1.066223713651038,1.834385374724146,243.099006712436704,0.634171962738037,1.333331918716431
1160,MX30120,1160,113.000000000000000,0.001961805586944,1.397562265396118,12.794080734252930,11.396518468856812,4.185516682346311,3.051416038795606,472.963385105133113,2.655471086502075,9.112277984619139
1161,MX23004,1161,42051.000000000000000,0.730052095014167,0.152053892612457,36.711536407470703,36.559482514858246,0.342888917400024,1.296439639700214,14418.821865588399305,0.214378118515015,0.275496453046799
1162,MX15065,1162,704.000000000000000,0.012222222417778,0.597562253475189,36.267654418945312,35.670092165470123,3.870960474522274,5.198664109549874,2725.156174063680737,1.806670010089874,10.132268810272222
1163,MX15066,1163,777.000000000000000,0.013489583549167,0.225263237953186,4.593492984771729,4.368229746818542,0.369062379251883,0.299091908201618,286.761468678713015,0.302964389324188,0.472450125217438
1164,MX15067,1164,554.000000000000000,0.009618055709444,0.638095974922180,21.153167724609375,20.515071749687195,4.313711205759633,3.792149041058642,2389.796007990836642,3.352053165435791,9.115486145019529
1165,MX07064,1165,2033.000000000000000,0.035295139453611,0.208968505263329,13.777525901794434,13.568557396531105,0.467970618892935,0.722625220277786,951.384268209337051,0.329573303461075,0.704794323444366
1166,MX31056,1166,4296.000000000000000,0.074583334526667,0.174972668290138,10.773984909057617,10.599012240767479,0.346097493221640,0.686609922418422,1486.834830880164873,0.228327773511410,0.324291661381721
1167,MX30121,1167,9807.000000000000000,0.170260419390833,0.199872538447380,8.065306663513184,7.865434125065804,0.292506804026338,0.241204927704018,2868.614227086300616,0.261009514331818,0.310999286174774
1168,MX15068,1168,239.000000000000000,0.004149305621944,0.843096017837524,37.930194854736328,37.087098836898804,4.962201429959623,6.474629550257634,1185.966141760349956,1.711922168731689,13.985969352722169
1169,MX01006,1169,993.000000000000000,0.017239583609167,0.369559556245804,57.424034118652344,57.054474562406540,2.583622454036278,5.748086534958577,2565.537096858024597,1.096791625022888,4.541336441040041
1170,MX13048,1170,761.000000000000000,0.013211805766944,0.580485522747040,63.415359497070312,62.834873974323273,16.056008059154507,15.799413553043330,12218.622133016580847,8.967407226562500,40.997558593750000
1171,MX13047,1171,1931.000000000000000,0.033524306091944,0.207391113042831,2.178273200988770,1.970882087945938,0.312088928781045,0.144309411016149,602.643721476198607,0.273053139448166,0.389209806919098
1172,MX28030,1172,6936.000000000000000,0.120416668593333,0.201392516493797,11.888382911682129,11.686990395188332,0.316378694777447,0.398161837354859,2194.402626976371266,0.259349018335342,0.328238785266876
1173,MX21109,1173,494.000000000000000,0.008576389026111,0.317089855670929,5.008634090423584,4.691544234752655,0.779096311041219,0.626987302534739,384.873577654362009,0.576281577348709,1.380983603000641
1174,MX16062,1174,847.000000000000000,0.014704861346389,0.323611378669739,9.953980445861816,9.630369067192078,0.681198290768030,0.887041242538314,576.974952280521052,0.413909047842026,1.064882826805114
1175,MX30122,1175,1496.000000000000000,0.025972222637778,0.228840857744217,10.152737617492676,9.923896759748459,0.541839545961212,0.641361171982618,810.591960757973652,0.419303476810455,0.707392841577530
1176,MX07065,1176,14140.000000000000000,0.245486115038889,0.181344270706177,23.708127975463867,23.526783704757690,0.394856159322628,0.799759422751307,5583.266092821956590,0.272263109683990,0.496511134505272
1177,MX04007,1177,10675.000000000000000,0.185329864076389,0.184561729431152,16.958717346191406,16.774155616760254,0.294386778041129,0.437824273572418,3142.578855589054001,0.252995818853378,0.319750499725342
1178,MX21110,1178,1789.000000000000000,0.031059028274722,0.297953009605408,88.500915527343750,88.202962517738342,1.284655035841456,3.675728589521433,2298.247859120364865,0.550051033496857,2.354399251937867
1179,MX28031,1179,2434.000000000000000,0.042256945120556,0.188999861478806,7.038553714752197,6.849553853273392,0.278073556653867,0.288342471060988,676.831036895513307,0.242174439132214,0.297019526362419
1180,MX31057,1180,3344.000000000000000,0.058055556484444,0.188199967145920,14.518704414367676,14.330504447221756,0.283668151468431,0.565665954786923,948.586298510431789,0.225835077464581,0.260542735457420
1181,MX16063,1181,1431.000000000000000,0.024843750397500,0.267121493816376,12.196047782897949,11.928926289081573,0.771533672935391,1.135922731160922,1104.064685970544588,0.400848060846329,1.575719714164734
1182,MX29024,1182,299.000000000000000,0.005190972305278,0.543364346027374,25.173057556152344,24.629693210124969,3.507274405214701,3.846061069934118,1048.675047159195401,1.929703235626221,8.605584526062009
1183,MX07066,1183,933.000000000000000,0.016197916925833,0.293504208326340,12.750181198120117,12.456676989793777,0.662116721448152,0.814986545505262,617.754901111125605,0.461541026830673,1.057960724830628
1184,MX07067,1184,521.000000000000000,0.009045139033611,0.246166422963142,5.550544738769531,5.304378315806389,0.647476677788196,0.677100567315743,337.335349127649977,0.388008862733841,1.294975042343140
1185,MX21111,1185,1099.000000000000000,0.019079861416389,0.259623199701309,3.162174224853516,2.902551025152206,0.438978491695064,0.235552958076021,482.437362372875384,0.372340142726898,0.596993374824524
1186,MX30123,1186,15956.000000000000000,0.277013893321111,0.187755689024925,40.703834533691406,40.516078844666481,0.456245041726216,1.207407315162947,7279.845885783495760,0.292236328125000,0.569463938474655
1187,MX32037,1187,3452.000000000000000,0.059930556514444,0.245699673891068,11.939580917358398,11.693881243467331,0.497277801621140,0.691385874744909,1716.602971196174167,0.350817859172821,0.609817707538605
1188,MX10020,1188,5262.000000000000000,0.091354168128333,0.203082770109177,19.013633728027344,18.810550957918167,0.330275771207046,0.601459185925690,1737.911108091478127,0.258210673928261,0.322384780645370
1189,MX15069,1189,14.000000000000000,0.000243055559444,9.662775039672852,20.087934494018555,10.425159454345703,14.797102042606898,2.630407281939306,207.159428596496582,14.334321022033691,18.071415901184082
1190,MX29041,1190,116.000000000000000,0.002013888921111,1.124167680740356,27.064672470092773,25.940504789352417,9.180264575728053,6.465499313004740,1064.910690784454118,8.627130985260010,18.924221992492676
1191,MX30124,1191,7259.000000000000000,0.126024307571944,0.265674680471420,239.253326416015625,238.987651735544205,1.686271614489887,7.103019201275780,12240.645649582093029,0.684884130954742,2.019116926193236
1192,MX16065,1192,1213.000000000000000,0.021059028114722,0.246261179447174,10.937891960144043,10.691630780696869,0.726411432691182,1.215849397079790,881.137067854403426,0.367763012647629,1.244138431549072
1193,MX16064,1193,2489.000000000000000,0.043211806246944,0.233333185315132,13.684412956237793,13.451079770922661,0.470758997128401,0.809475957398140,1171.719143852590378,0.313599288463593,0.562634897232056
1194,MX27014,1194,1713.000000000000000,0.029739583809167,0.267016083002090,1900.115234375000000,1899.848218291997910,6.221010791354195,62.308219276933862,10656.591485589737204,1.081608653068542,7.625756549835205
1195,MX19040,1195,6105.000000000000000,0.105989585029167,0.215004473924637,8.291255950927734,8.076251477003098,0.273548704598109,0.217990237155693,1670.014841571452962,0.259501963853836,0.280860930681229
1196,MX05024,1196,54923.000000000000000,0.953524320811945,0.191896915435791,32.534545898437500,32.342648983001709,0.299522635299341,0.741408205928916,16450.681698545697145,0.254512339830399,0.293723243474960
1197,MX30126,1197,1917.000000000000000,0.033281250532500,0.245160147547722,13.017183303833008,12.772023156285286,0.638231001401793,0.799455558670084,1223.488829687237285,0.438024103641510,1.070250892639161
1198,MX30125,1198,1982.000000000000000,0.034409722772778,0.250298857688904,11.017603874206543,10.767305016517639,0.490060901680942,0.648327293723211,971.300707131626268,0.370420753955841,0.639877474308014
1199,MX16066,1199,2166.000000000000000,0.037604167268333,0.241368710994720,19.124544143676758,18.883175432682037,1.008529408211412,1.904712953276148,2184.474698185918896,0.436430305242538,1.859377861022949
1200,MX12047,1200,1449.000000000000000,0.025156250402500,0.201780945062637,0.863993585109711,0.662212640047073,0.270999410631247,0.036914485660113,392.678146004676762,0.265864282846451,0.294236212968826
1201,MX22012,1201,1610.000000000000000,0.027951389336111,0.471385359764099,31.335985183715820,30.864599823951721,2.845389415980866,3.820482360530027,4581.076959729193732,1.481341063976288,6.882341861724854
1202,MX22013,1202,3477.000000000000000,0.060364584299167,0.225241258740425,10.513402938842773,10.288161680102348,0.413788778877204,0.479758371223241,1438.743584156037286,0.295720696449280,0.564961171150208
1203,MX16067,1203,1839.000000000000000,0.031927083844167,0.258154332637787,4.480217456817627,4.222063124179840,0.451757394972542,0.355542771053265,830.781849354504857,0.350308954715729,0.628084075450897
1204,MX11023,1204,7779.000000000000000,0.135052085494167,0.282936841249466,31.119245529174805,30.836308687925339,1.018874286984651,2.003286476378888,7925.823078453598100,0.577577292919159,1.670976161956787
1205,MX10021,1205,8655.000000000000000,0.150260419070833,0.200714111328125,10.477699279785156,10.276985168457031,0.283467390413645,0.378601672744817,2453.410264030098915,0.241781681776047,0.271921896934509
1206,MX16068,1206,1646.000000000000000,0.028576389346111,0.225326210260391,12.289002418518066,12.063676208257675,0.602936273275504,0.955529505945469,992.433105811479095,0.311784371733665,1.065159142017365
1207,MX30128,1207,3018.000000000000000,0.052395834171667,0.241488024592400,69.713531494140625,69.472043469548225,1.216351815264220,3.894360363470796,3670.949778467414944,0.425731658935547,1.594189155101776
1208,MX19041,1208,1673.000000000000000,0.029045139353611,0.489237278699875,65.543006896972656,65.053769618272781,5.690206598519429,9.587328734790590,9519.715639323005234,2.103047847747803,15.637046813964844
1209,MX12048,1209,9641.000000000000000,0.167378474900278,0.180108368396759,9.051627159118652,8.871518790721893,0.292764319235415,0.350693227478907,2822.540801748632930,0.244047433137894,0.323048293590546
1210,MX21112,1210,1136.000000000000000,0.019722222537778,0.217510610818863,8.026380538940430,7.808869928121567,0.424045121271006,0.540241983600352,481.715257763862667,0.285382628440857,0.665579795837402
1211,MX31058,1211,5266.000000000000000,0.091423612573889,0.176716297864914,16.317007064819336,16.140290766954422,0.334476038307075,0.793010551499654,1761.350817725058732,0.228028424084187,0.323535233736038
1212,MX21113,1212,1088.000000000000000,0.018888889191111,0.211442455649376,5.207053184509277,4.995610728859901,0.374178394236985,0.385234197759939,407.106092929839974,0.278969258069992,0.501059722900391
1213,MX07068,1213,2886.000000000000000,0.050104167468333,0.227312728762627,128.566909790039062,128.339597061276436,0.936533259120738,3.857562562464935,2702.834985822449653,0.475528046488762,1.006668925285339
1214,MX05025,1214,2527.000000000000000,0.043871528479722,0.254805326461792,62.368183135986328,62.113377809524536,4.206316992929438,9.936022254019576,10629.363041132688522,0.493200957775116,15.483353805542002
1215,MX14065,1215,4334.000000000000000,0.075243056759444,0.187584593892097,7.772531032562256,7.584946438670158,0.312776959958057,0.315153301918034,1355.575344458219661,0.260439574718475,0.360152637958527
1216,MX07069,1216,8478.000000000000000,0.147187502355000,0.161047711968422,25.286874771118164,25.125827059149742,0.414013258335964,0.948376767567069,3510.004404172306295,0.265260294079781,0.556322062015534
1217,MX12049,1217,799.000000000000000,0.013871527999722,0.326326429843903,9.424959182739258,9.098632752895355,0.680017532633899,0.755858307536835,543.334008574485665,0.448729485273361,1.141082644462586
1218,MX22002,1218,3565.000000000000000,0.061892362101389,0.206048443913460,8.635024070739746,8.428975626826286,0.358171206482831,0.346807605330434,1276.880351111291247,0.285979449748993,0.482202565670013
1219,MX32038,1219,15987.000000000000000,0.277552087774167,0.229189977049828,29.740087509155273,29.510897532105446,0.392066158611072,0.610178475874904,6267.961677715205042,0.304415136575699,0.467508351802826
1220,MX20070,1220,326.000000000000000,0.005659722312778,0.248588562011719,3.942198991775513,3.693610429763794,0.423757218692932,0.455231692520647,138.144853293895807,0.309846252202988,0.481360062956810
1221,MX13049,1221,939.000000000000000,0.016302083594167,0.243157759308815,4.279504299163818,4.036346539855003,0.464745593924746,0.308500183619277,436.396112695336626,0.386359632015228,0.653282868862152
1222,MX26047,1222,52787.000000000000000,0.916440986885278,0.198281213641167,32.786266326904297,32.587985113263130,0.280435511920320,0.536908572462761,14803.349367737944704,0.255445003509521,0.277984368801117
1223,MX30129,1223,1238.000000000000000,0.021493055899444,0.228731602430344,9.400202751159668,9.171471148729324,0.432933734672714,0.615021508043462,535.971963524819444,0.307830438017845,0.552150827646255
1224,MX30130,1224,5840.000000000000000,0.101388890511111,0.204560548067093,13.337368011474609,13.132807463407516,0.347422879258144,0.466582249418230,2028.949614867563014,0.274441868066788,0.408741730451584
1225,MX02005,1225,2751.000000000000000,0.047760417430833,0.260924339294434,48.639160156250000,48.378235816955566,2.860327203548514,5.886693402461963,7868.760136961963326,0.499040037393570,7.683315277099609
1226,MX20071,1226,503.000000000000000,0.008732639028611,0.214449957013130,4.031451225280762,3.817001268267632,0.342033002503349,0.325613731104528,172.042600259184695,0.268530040979385,0.386825937032700
1227,MX10022,1227,5765.000000000000000,0.100086807156944,0.204723179340363,13.090617179870605,12.885894000530243,0.341130043934556,0.546476750477841,1966.614703282713890,0.257905781269073,0.334914672374725
1228,MX15071,1228,632.000000000000000,0.010972222397778,0.434896111488342,15.709287643432617,15.274391531944275,1.656419716209550,1.605020233356983,1046.857260644435883,1.281386196613312,2.857028698921203
1229,MX14066,1229,4160.000000000000000,0.072222223377778,0.248824596405029,32.416835784912109,32.168011188507080,0.780818205785293,1.809771862137016,3248.203736066819147,0.345425516366959,1.235672998428345
1230,MX30131,1230,317.000000000000000,0.005503472310278,1.473424077033997,805.298583984375000,803.825159907341003,32.374081942185249,85.156522311512120,10262.583975672723682,18.241355895996094,39.877220153808601
1231,MX08053,1231,2014.000000000000000,0.034965278337222,0.240060612559319,22.955247879028320,22.715187266469002,0.630038162018242,1.564649865940160,1268.896858304739453,0.307918608188629,0.705575942993164
1232,MX05026,1232,15186.000000000000000,0.263645837551667,0.205254673957825,13.196475028991699,12.991220355033875,0.289163668913113,0.338135430246773,4391.239476114539684,0.259245425462723,0.294962868094444
1233,MX31059,1233,1800.000000000000000,0.031250000500000,0.257745742797852,43.963371276855469,43.705625534057617,1.477912341439064,3.980995502640391,2660.242214590316053,0.413608580827713,2.545365452766424
1234,MX13050,1234,455.000000000000000,0.007899305681944,0.350645393133163,27.106616973876953,26.755971580743790,1.810799816480050,3.675939004220637,823.913916498422623,0.639977216720581,3.290593862533570
1235,MX21114,1235,2698.000000000000000,0.046840278527222,0.430757105350494,161.200332641601562,160.769575536251068,20.551926632184610,22.635603803684560,55449.098053634079406,8.655228137969971,52.772406387329113
1236,MX10023,1236,35335.000000000000000,0.613454870926389,0.183794930577278,21.564268112182617,21.380473181605339,0.274682318834496,0.392078176488116,9705.899736016925090,0.240153819322586,0.276752108335495
1237,MX11024,1237,298.000000000000000,0.005173611193889,0.968797206878662,24.471355438232422,23.502558231353760,2.661661900129895,2.839648760517673,793.175246238708610,1.896354734897614,4.082461929321290
1238,MX07072,1238,1213.000000000000000,0.021059028114722,0.259312808513641,18.877502441406250,18.618189632892609,0.741049444415013,1.281865005135169,898.892976075410161,0.418766647577286,1.172552704811096
1239,MX30133,1239,1433.000000000000000,0.024878472620278,0.289004415273666,36.152896881103516,35.863892465829849,1.841365389406310,3.749320493633470,2638.676603019242066,0.586441457271576,4.174477291107177
1240,MX17017,1240,1462.000000000000000,0.025381944850556,0.266272842884064,17.224393844604492,16.958121001720428,1.572563321560255,2.469582160195459,2299.087576121092297,0.696293711662292,3.497613739967349
1241,MX30134,1241,1903.000000000000000,0.033038194973056,0.223441958427429,15.136053085327148,14.912611126899719,0.538909975989392,0.879571969487425,1025.545684307813190,0.353311389684677,0.789152824878693
1242,MX26048,1242,33593.000000000000000,0.583211814886945,0.199510917067528,45.265682220458984,45.066171303391457,0.430309210933746,1.915613377366848,14455.377322897318663,0.275346577167511,0.310066068172455
1243,MX14067,1243,3401.000000000000000,0.059045139833611,0.227125659584999,61.447162628173828,61.220036968588829,2.944706755958910,7.448429144849917,10014.947677016252783,0.437560856342316,6.814535617828369
1244,MX12050,1244,626.000000000000000,0.010868055729444,0.275840431451797,21.879930496215820,21.604090064764023,1.314225410024960,2.632228784876231,822.705106675624847,0.494431734085083,2.535546064376831
1245,MX16070,1245,957.000000000000000,0.016614583599167,0.285122126340866,21.398872375488281,21.113750249147415,1.005604466456479,2.274236239843598,962.363474398850826,0.407415449619293,1.405220198631287
1246,MX11025,1246,1460.000000000000000,0.025347222627778,0.289278477430344,42.660354614257812,42.371076136827469,2.232273356289895,4.762513909457513,3259.119100183246246,0.674080640077591,4.308624505996706
1247,MX16071,1247,3581.000000000000000,0.062170139883611,0.282828420400620,22.994205474853516,22.711377054452896,0.780600738946503,1.463995149542916,2795.331246167428162,0.428148537874222,1.259825468063354
1248,MX20073,1248,1995.000000000000000,0.034635417220833,0.195663243532181,10.412459373474121,10.216796129941940,0.395495064194340,0.562297024833359,789.012653067708357,0.281249493360519,0.562317132949829
1249,MX21115,1249,922.000000000000000,0.016006944700556,0.329603016376495,13.995664596557617,13.666061580181122,1.632868641821785,2.138876663042130,1505.504887759685289,0.805688798427582,4.017809104919434
1250,MX12051,1250,4143.000000000000000,0.071927084484167,0.193351820111275,8.735275268554688,8.541923448443413,0.406064341746176,0.436116867642809,1682.324567854405132,0.298984020948410,0.613287734985352
1251,MX16072,1251,1164.000000000000000,0.020208333656667,0.243007838726044,6.794102668762207,6.551094830036163,0.481648196955932,0.539549073797737,560.638501256704899,0.337615743279457,0.649723285436630
1252,MX22014,1252,3409.000000000000000,0.059184028724722,0.421658843755722,97.056190490722656,96.634531646966934,12.834919427813048,17.517603617499788,43754.240329414678854,3.010771512985229,42.590778350830085
1253,MX21116,1253,829.000000000000000,0.014392361341389,0.234935000538826,3.894920349121094,3.659985348582268,0.611880856594217,0.460669946156846,507.249230116605986,0.457198530435562,1.135708737373352
1254,MX31060,1254,514.000000000000000,0.008923611253889,0.188251420855522,2.318085908889771,2.129834488034248,0.253859120758127,0.200324438321414,130.483588069677154,0.219916634261608,0.252998548746109
1255,MX26049,1255,19909.000000000000000,0.345642366641389,0.201822698116302,6.054175376892090,5.852352678775787,0.255514947189034,0.095714604271228,5087.047083586469853,0.245993882417679,0.277726769447327
1256,MX16073,1256,1061.000000000000000,0.018420139183611,0.257527828216553,10.395524978637695,10.137997150421143,0.588642523015702,0.921026977629214,624.549716919660000,0.334790617227554,0.906349003314972
1257,MX14069,1257,3347.000000000000000,0.058107639818611,0.206765025854111,4.276890277862549,4.070125252008438,0.310569272633983,0.200928902262545,1039.475355505941707,0.269675791263580,0.376434993743896
1258,MX30135,1258,125.000000000000000,0.002170138923611,0.543052613735199,49.887565612792969,49.344512999057770,7.464204874992366,9.874038026733880,933.025609374045757,2.243034362792969,19.136869049072274
1259,MX21117,1259,22.000000000000000,0.000381944450556,1.060186862945557,28.225297927856445,27.165111064910889,10.845499829812484,8.870383108478483,238.600996255874634,8.122691869735718,25.733460426330577
1260,MX30136,1260,58.000000000000000,0.001006944460556,0.647101581096649,7.524767875671387,6.877666294574738,2.279375992972275,1.847998735615349,132.203807592391939,1.524882495403290,5.105509996414190
1261,MX05027,1261,35046.000000000000000,0.608437509735000,0.195356771349907,193.196731567382812,193.001374796032906,0.609718367173788,3.272573218247426,21368.189895972587692,0.269854396581650,0.451730266213417
1262,MX07073,1262,327.000000000000000,0.005677083424167,0.271747499704361,13.226392745971680,12.954645246267319,0.775305315077487,1.315476609348809,253.524838030338145,0.501041769981384,0.936198031902314
1263,MX15072,1263,118.000000000000000,0.002048611143889,1.099506258964539,15.768796920776367,14.669290661811829,4.370913287340588,3.743494345701019,515.767767906189306,2.622644782066345,10.171447563171387
1264,MX24023,1264,3955.000000000000000,0.068663195543056,0.200123369693756,7.686238288879395,7.486114919185638,0.361506342673121,0.390470179478154,1429.757585272191818,0.287354499101639,0.441895759105682
1265,MX26050,1265,4718.000000000000000,0.081909723532778,0.210677132010460,6.960486888885498,6.749809756875038,0.260360222958870,0.197031867495551,1228.379531919950750,0.246668092906475,0.263836789131165
1266,MX19043,1266,3525.000000000000000,0.061197917645833,0.217455208301544,5.295567989349365,5.078112781047821,0.287627583391278,0.177852684610079,1013.887231454254675,0.263988435268402,0.300448089838028
1267,MX07074,1267,2129.000000000000000,0.036961806146944,0.831216394901276,5296.264648437500000,5295.433432042598724,28.998522025170324,221.291178322206093,61737.853391587617807,3.222332477569580,28.929858779907228
1268,MX20075,1268,162.000000000000000,0.002812500045000,0.230845987796783,4.997613906860352,4.766767919063568,0.553793819322262,0.744822084305865,89.714598730206433,0.292923688888550,1.021433377265931
1269,MX20077,1269,57.000000000000000,0.000989583349167,0.525733351707458,9.773623466491699,9.247890114784241,2.762858540342565,2.068095416292581,157.482936799526215,2.085376501083374,5.938461017608643
1270,MX28032,1270,16158.000000000000000,0.280520837821667,0.223175123333931,299.381988525390625,299.158813402056694,2.985705119072236,10.485834349988648,48243.023313969184528,0.374048441648483,2.976654505729682
1271,MX01007,1271,1892.000000000000000,0.032847222747778,0.264533936977386,52.769866943359375,52.505333006381989,1.587717864890809,4.113736897665726,3003.962200373410724,0.504578441381454,2.863680744171143
1272,MX30138,1272,71.000000000000000,0.001232638908611,0.559766530990601,29.257070541381836,28.697304010391235,9.087860104063866,8.969627290785803,645.238067388534432,5.403706073760986,23.050832748413086
1273,MX28033,1273,8079.000000000000000,0.140260418910833,0.248451888561249,67.942733764648438,67.694281876087189,1.295099285274083,4.834259668545556,10463.107125729316977,0.382249802350998,1.403481483459472
1274,MX32039,1274,9390.000000000000000,0.163020835941667,0.212754338979721,62.490516662597656,62.277762323617935,0.623774278305146,2.434918759222466,5857.240473285317421,0.272599413990974,0.505307811498642
1275,MX31061,1275,1338.000000000000000,0.023229167038333,0.187482386827469,7.447188377380371,7.259705990552902,0.296286417263238,0.491936345203991,396.431226298212607,0.227908775210381,0.270782744884491
1276,MX24024,1276,15410.000000000000000,0.267534726502778,0.197713360190392,42.651485443115234,42.453772082924843,0.486753775079787,1.585707658069307,7500.875673979511703,0.279225796461105,0.530449050664902
1277,MX08054,1277,12041.000000000000000,0.209045142233611,0.228621155023575,6.604847431182861,6.376226276159286,0.324212996718713,0.194722440504358,3903.848693490018832,0.289779841899872,0.363776445388794
1278,MX10024,1278,7390.000000000000000,0.128298613163889,0.198197677731514,24.024948120117188,23.826750442385674,0.313571145820038,0.702610483331612,2317.290767610083094,0.247002467513084,0.295986539125443
1279,MX20078,1279,61.000000000000000,0.001059027794722,0.556906402111053,4.351222991943359,3.794316589832306,1.099263114030244,0.875137554997636,67.055049955844865,0.717107772827148,1.995471239089966
1280,MX11026,1280,2203.000000000000000,0.038246528389722,0.360592395067215,57.493911743164062,57.133319348096848,1.523731737192577,3.596785814666021,3356.781017035248169,0.770346105098724,2.351656341552734
1281,MX08055,1281,10203.000000000000000,0.177135419500833,0.221163839101791,13.093909263610840,12.872745424509048,0.386777203763384,0.526070257503925,3946.287809997803379,0.293882191181183,0.410942935943604
1282,MX18010,1282,7698.000000000000000,0.133645835471667,0.191600754857063,14.218599319458008,14.026998564600945,0.342792919527465,0.401656697307193,2638.819894522429422,0.267455622553825,0.407562199234963
1283,MX08056,1283,6162.000000000000000,0.106979168378333,0.211905628442764,4.788745880126953,4.576840251684189,0.278196929922858,0.152002011883794,1714.249482184651924,0.257041886448860,0.285050177574158
1284,MX25014,1284,13363.000000000000000,0.231996531489722,0.198285669088364,38.112735748291016,37.914450079202652,0.429851077904577,1.144805518728634,5744.099954038859323,0.277684479951859,0.473796886205673
1285,MX26051,1285,18595.000000000000000,0.322829866276389,0.195686802268028,19.572000503540039,19.376313701272011,0.259400360194479,0.305078102502082,4823.549697816336447,0.238874241709709,0.259713709354401
1286,MX18011,1286,2617.000000000000000,0.045434028504722,0.195292875170708,16.515607833862305,16.320314958691597,0.420840724437210,0.894892211774854,1101.340175852178390,0.260933011770248,0.457345950603486
1287,MX07076,1287,1219.000000000000000,0.021163194783056,0.242308378219604,15.685654640197754,15.443346261978149,0.603942571848118,0.997557614038943,736.205995082855907,0.371637940406799,0.904920458793640
1288,MX05028,1288,10435.000000000000000,0.181163197343056,0.221897974610329,41.391014099121094,41.169116124510765,0.702402824374783,2.525352630360578,7329.573472350863995,0.298791378736496,0.616157126426697
1289,MX19044,1289,8050.000000000000000,0.139756946680556,0.208563566207886,25.507431030273438,25.298867464065552,0.545415428743599,1.682019290927587,4390.594201385968518,0.271586626768112,0.449225825071335
1290,MX31062,1290,1002.000000000000000,0.017395833611667,0.218323752284050,10.855319023132324,10.636995270848274,0.422574324209890,0.687901824178425,423.419472858309405,0.281461343169212,0.505045995116234
1291,MX05029,1291,1517.000000000000000,0.026336805976944,0.221670836210251,11.989282608032227,11.767611771821976,0.370979908576276,0.741859050694835,562.776521310210569,0.283279269933701,0.348463016748428
1292,MX26052,1292,26675.000000000000000,0.463107646298611,0.185581773519516,23.629734039306641,23.444152265787125,0.280026662736823,0.512417917600137,7469.711228504763312,0.242182701826096,0.265543699264526
1293,MX16076,1293,639.000000000000000,0.011093750177500,0.303377628326416,48.991565704345703,48.688188076019287,3.657873645961187,8.049542354594916,2337.381259769198550,0.701261758804321,9.597177124023439
1294,MX32040,1294,7189.000000000000000,0.124809029774722,0.200546592473984,11.024755477905273,10.824208885431290,0.339167543753644,0.460501375669687,2438.275472044946582,0.260092496871948,0.345281511545181
1295,MX11027,1295,3773.000000000000000,0.065503473270278,0.347679764032364,1884.262695312500000,1883.915015548467636,8.195267128945956,61.766424779109514,30920.742877513090207,1.772249698638916,11.045379066467287
1296,MX20079,1296,629.000000000000000,0.010920139063611,0.535156905651093,4064.731445312500000,4064.196288406848907,47.867885129156043,294.306044086084796,30108.899746239152591,4.706513881683350,40.675710296630875
1297,MX24025,1297,8768.000000000000000,0.152222224657778,0.210794404149055,32.542316436767578,32.331522032618523,0.411348736737889,1.087382875456398,3606.705723717807359,0.284218117594719,0.450641345977783
1298,MX19045,1298,8668.000000000000000,0.150486113518889,0.223612859845161,84.660163879394531,84.436551019549370,1.002293514970554,3.557265169223743,8687.880187764763832,0.313445538282394,0.981691145896912
1299,MX30139,1299,530.000000000000000,0.009201389036111,0.220292136073112,5.653206348419189,5.432914212346077,0.434207544827236,0.461246089697054,230.129998758435164,0.315431833267212,0.600407350063324
1300,MX05030,1300,28949.000000000000000,0.502586813596945,0.203198671340942,100.270477294921875,100.067278623580933,1.597002362751160,6.819337411192096,46231.621399283321807,0.272663593292236,0.750499796867371
1301,MX07077,1301,6015.000000000000000,0.104427085004167,0.207556888461113,10.711821556091309,10.504264667630196,0.390203907600267,0.459637943015546,2347.076504215605837,0.292794376611710,0.522157704830170
1302,MX25015,1302,4000.000000000000000,0.069444445555556,0.235898286104202,49.958454132080078,49.722555845975876,1.138881372500212,3.885709378658837,4555.525490000850368,0.354276359081268,1.191283559799194
1303,MX16079,1303,2419.000000000000000,0.041996528449722,0.240168482065201,10.302307128906250,10.062138646841049,0.514517842522088,0.706058726967389,1244.618661060931345,0.342721760272980,0.693285083770752
1304,MX11028,1304,2947.000000000000000,0.051163195263056,0.303991794586182,50.406600952148438,50.102609157562256,1.631024336952412,3.502477065319799,4806.628720998757672,0.715479016304016,3.070477151870731
1305,MX31063,1305,807.000000000000000,0.014010416890833,0.231404557824135,6.175384998321533,5.943980440497398,0.450330482373450,0.462218878349280,363.416699275374413,0.317225545644760,0.617249131202698
1306,MX20080,1306,268.000000000000000,0.004652777852222,0.189562991261482,2.019548892974854,1.829985901713371,0.322336955524202,0.257753755570008,86.386304080486269,0.247264862060547,0.390124377608299
1307,MX20081,1307,476.000000000000000,0.008263889021111,0.196094304323196,2.555768013000488,2.359673708677292,0.318365205110622,0.252644683703966,151.541837632656097,0.253326907753944,0.398617535829544
1308,MX20082,1308,736.000000000000000,0.012777777982222,0.197109133005142,2.195005178451538,1.997896045446396,0.297402082800703,0.181800322227903,218.887932941317700,0.257835403084755,0.355256885290146
1309,MX20083,1309,126.000000000000000,0.002187500035000,0.636766076087952,14.069949150085449,13.433183073997498,2.438580379599618,3.198744740131727,307.261127829551867,1.147178649902344,6.274086713790894
1310,MX20084,1310,271.000000000000000,0.004704861186389,0.237782120704651,6.184855937957764,5.947073817253113,0.795074878858464,1.034824052123549,215.465292170643835,0.387349605560303,1.909191846847534
1311,MX20085,1311,1631.000000000000000,0.028315972675278,0.180947467684746,2.950334310531616,2.769386842846870,0.279625190210664,0.149423480264990,456.068685233593158,0.248522594571114,0.343494296073914
1312,MX13036,1312,1227.000000000000000,0.021302083674167,0.235121488571167,8.487688064575195,8.252566576004028,0.450113759343470,0.497851568755790,552.289582714438097,0.327824741601944,0.668020343780518
1313,MX20086,1313,251.000000000000000,0.004357638958611,0.211214303970337,2.058277368545532,1.847063064575195,0.312975539391734,0.212109676743350,78.556860387325315,0.260099709033966,0.359467267990112
1314,MX13052,1314,1474.000000000000000,0.025590278187222,0.455733805894852,22.242738723754883,21.787004917860031,1.777295608290828,2.509616432174482,2619.733726620680500,0.853939235210419,3.989906620979309
1315,MX20087,1315,32.000000000000000,0.000555555564444,3.517264366149902,13.010750770568848,9.493486404418945,7.637176603078844,2.637189125054833,244.389651298523006,7.119404554367065,11.474981307983400
1316,MX20088,1316,1272.000000000000000,0.022083333686667,0.189826145768166,0.922550022602081,0.732723876833916,0.253897857963570,0.055607363370676,322.958075329661597,0.244222156703472,0.277398949861527
1317,MX21119,1317,290.000000000000000,0.005034722302778,3.026536941528320,69.686386108398438,66.659849166870117,23.773789013665294,12.730553856594419,6894.398813962935492,21.654793739318848,41.500079727172860
1318,MX20089,1318,483.000000000000000,0.008385416800833,0.220598921179771,1.888375639915466,1.667776718735695,0.310669127180709,0.167561928826401,150.053188428282652,0.273939013481140,0.356604242324829
1319,MX07118,1319,193.000000000000000,0.003350694498056,0.271035552024841,17.164522171020508,16.893486618995667,1.047677964744173,2.060397631537968,202.201847195625305,0.406096220016479,2.061104178428653
1320,MX20090,1320,431.000000000000000,0.007482639008611,0.250604480504990,5.960885524749756,5.710281044244766,0.504226458252444,0.606682338468180,217.321603506803484,0.335580497980118,0.749404132366180
1321,MX20091,1321,134.000000000000000,0.002326388926111,0.314535439014435,10.383708000183105,10.069172561168671,1.583612111077380,2.111631597053653,212.204022884368925,0.605911314487457,4.279440879821777
1322,MX20092,1322,138.000000000000000,0.002395833371667,0.274764657020569,4.012349605560303,3.737584948539734,0.674486150776130,0.652005463256845,93.079088807106004,0.440752670168877,1.344349694252014
1323,MX20093,1323,247.000000000000000,0.004288194513056,0.195496976375580,1.007478952407837,0.811981976032257,0.267127495786922,0.102400039235370,65.980491459369702,0.241398751735687,0.312839251756668
1324,MX20094,1324,313.000000000000000,0.005434027864722,0.213397070765495,2.502011537551880,2.288614466786385,0.307681034833859,0.210070098109540,96.304163902997942,0.260082900524139,0.353334295749664
1325,MX20095,1325,275.000000000000000,0.004774305631944,0.202334374189377,1.668340325355530,1.466005951166153,0.390625689192252,0.227422821631623,107.422064527869182,0.304803520441055,0.635944128036499
1326,MX20096,1326,110.000000000000000,0.001909722252778,0.240056678652763,1.712870955467224,1.472814276814461,0.418092898753556,0.272188967790312,45.990218862891197,0.307760879397392,0.728162467479706
1327,MX20097,1327,236.000000000000000,0.004097222287778,0.209526240825653,2.152407169342041,1.942880928516388,0.347278856183008,0.232822239724744,81.957810059189811,0.274880424141884,0.506577968597412
1328,MX30140,1328,111.000000000000000,0.001927083364167,0.490661799907684,3.423041820526123,2.932380020618439,1.083196684046909,0.701367736602382,120.234831929206862,0.768568396568298,2.379264593124390
1329,MX20098,1329,713.000000000000000,0.012378472420278,0.181594163179398,1.372326254844666,1.190732091665268,0.270093977555821,0.103697452093829,192.577005997300319,0.248643547296524,0.292607247829437
1330,MX20099,1330,70.000000000000000,0.001215277797222,0.227985456585884,1.846078991889954,1.618093535304070,0.405383416584560,0.278737259141268,28.376839160919186,0.305085852742195,0.731027269363403
1331,MX30141,1331,4712.000000000000000,0.081805556864444,0.197704359889030,28.336957931518555,28.139253571629524,0.562137538892913,1.403529710639275,2648.792083263405402,0.288580790162086,0.851951837539674
1332,MX20100,1332,201.000000000000000,0.003489583389167,0.212015599012375,0.930682122707367,0.718666523694992,0.275773976572710,0.088199234902304,55.430569291114772,0.254779070615768,0.321188658475876
1333,MX20101,1333,33.000000000000000,0.000572916675833,0.234994530677795,2.041707992553711,1.806713461875916,0.618201034990224,0.453909760379862,20.400634154677395,0.365486443042755,1.340994954109192
1334,MX20102,1334,336.000000000000000,0.005833333426667,0.216076850891113,4.961463451385498,4.745386600494385,0.594139094774921,0.692332943036798,199.630735844373561,0.313681468367577,1.300729453563690
1335,MX20103,1335,57.000000000000000,0.000989583349167,0.484751403331757,12.372404098510742,11.887652695178986,2.370388503660235,2.780731411986144,135.112144708633423,1.249323129653931,6.991919040679932
1336,MX20104,1336,515.000000000000000,0.008940972365278,0.179915264248848,2.141770601272583,1.961855337023735,0.266505423246078,0.175065750457236,137.250292971730147,0.227266594767570,0.307773464918137
1337,MX20105,1337,534.000000000000000,0.009270833481667,0.198119282722473,1.464773416519165,1.266654133796692,0.303006672234124,0.163857659016060,161.805562973022319,0.250529646873474,0.424702507257461
1338,MX24026,1338,480.000000000000000,0.008333333466667,0.233306393027306,2.003050088882446,1.769743695855141,0.454542714636773,0.209058646126137,218.180503025650808,0.412607371807098,0.653208810091019
1339,MX20106,1339,81.000000000000000,0.001406250022500,0.238028630614281,0.810492157936096,0.572463527321815,0.353133491343922,0.128232954540886,28.603812798857696,0.298913896083832,0.537937521934509
1340,MX21120,1340,394.000000000000000,0.006840277887222,0.297976225614548,3.413767814636230,3.115791589021683,0.600556386530701,0.403331801248892,236.619216293096088,0.454083800315857,1.107070016860962
1341,MX20107,1341,55.000000000000000,0.000954861126389,0.991836071014404,21.809709548950195,20.817873477935791,8.065647768974308,6.535226531558212,443.610627293586958,6.826649188995361,16.746942901611330
1342,MX20108,1342,930.000000000000000,0.016145833591667,0.181564822793007,2.589679956436157,2.408115133643150,0.257232444725370,0.160594902971421,239.226173594593774,0.224213473498821,0.278178963065147
1343,MX15073,1343,120.000000000000000,0.002083333366667,1.300014138221741,25.017093658447266,23.717079520225525,5.468493598699570,6.104869438215838,656.219231843948364,2.376641750335693,17.684350776672368
1344,MX20109,1344,379.000000000000000,0.006579861216389,0.224006608128548,1.548856854438782,1.324850246310234,0.307868826397176,0.172925201624095,116.682285204529705,0.260367125272751,0.367628121376038
1345,MX20110,1345,140.000000000000000,0.002430555594444,0.215669825673103,1.763510227203369,1.547840401530266,0.379649866904531,0.238862411953132,53.150981366634383,0.303658768534660,0.566349476575851
1346,MX20111,1346,336.000000000000000,0.005833333426667,0.220550879836082,3.184253931045532,2.963703051209450,0.364396180026233,0.322995071821513,122.437116488814254,0.285824313759804,0.437777623534203
1347,MX20112,1347,451.000000000000000,0.007829861236389,0.193200752139091,4.313083648681641,4.119882896542549,0.345639295859506,0.390072622841943,155.883322432637357,0.269727557897568,0.350190013647079
1348,MX20113,1348,588.000000000000000,0.010208333496667,0.193561777472496,2.336650371551514,2.143088594079018,0.268004669928226,0.186402883040017,157.586745917797174,0.231821924448013,0.273472735285759
1349,MX20114,1349,150.000000000000000,0.002604166708333,0.236269235610962,1.212626218795776,0.976356983184814,0.382981181740761,0.164365556787569,57.447177261114135,0.313828513026237,0.631836235523224
1350,MX20115,1350,153.000000000000000,0.002656250042500,0.568242847919464,21.688816070556641,21.120573222637177,3.612617755247876,4.739513833188127,552.730516552924996,1.302472472190857,11.230917167663582
1351,MX20121,1351,370.000000000000000,0.006423611213889,0.203790053725243,0.757647871971130,0.553857818245888,0.272662491331229,0.067669869721630,100.885121792554870,0.253139883279800,0.331770047545433
1352,MX13053,1352,1798.000000000000000,0.031215278277222,0.215119719505310,6.036563396453857,5.821443676948547,0.366541191976977,0.330293042982118,659.041063174604915,0.292961925268173,0.475387918949127
1353,MX20122,1353,456.000000000000000,0.007916666793333,0.182429552078247,3.049397945404053,2.866968393325806,0.257862804392189,0.225811384210850,117.585438802838183,0.219775140285492,0.267504572868347
1354,MX20116,1354,282.000000000000000,0.004895833411667,0.193658679723740,1.294409275054932,1.100750595331192,0.289448003027033,0.131343194107302,81.624336853623433,0.253405824303627,0.357394328713417
1355,MX20117,1355,761.000000000000000,0.013211805766944,0.189846873283386,1.684150099754333,1.494303226470947,0.249919089064022,0.098591743962843,190.188426777720792,0.231949850916862,0.263903051614761
1356,MX20118,1356,115.000000000000000,0.001996527809722,0.269930571317673,6.575883388519287,6.305952817201614,0.943328032286271,1.261522449211153,108.482723712921128,0.466397166252136,2.272749996185307
1357,MX20119,1357,415.000000000000000,0.007204861226389,0.193804368376732,0.972612380981445,0.778808012604713,0.247218787670135,0.067559489980410,102.595796883106232,0.234878897666931,0.265574437379837
1358,MX20120,1358,43.000000000000000,0.000746527789722,0.233464300632477,2.266873121261597,2.033408820629120,0.631279515665631,0.510344436454568,27.145019173622138,0.423694461584091,1.229143571853638
1359,MX10025,1359,11999.000000000000000,0.208315975555278,0.199572816491127,6.690214157104492,6.490641340613365,0.263939595218002,0.150465276142512,3167.011203020802441,0.251171559095383,0.272587221860886
1360,MX20123,1360,530.000000000000000,0.009201389036111,0.196796700358391,2.200303792953491,2.003507092595100,0.296360033919227,0.186037164097373,157.070817977190075,0.253545597195625,0.342970949411392
1361,MX18012,1361,5414.000000000000000,0.093993057059444,0.196490526199341,19.524736404418945,19.328245878219604,0.422941904359521,0.768326219640170,2289.807470202447803,0.289041191339493,0.529632055759430
1362,MX20124,1362,1021.000000000000000,0.017725694728056,0.297837376594543,19.843671798706055,19.545834422111511,0.755773403472928,1.243463189393322,771.644644945859909,0.480799347162247,1.174449682235718
1363,MX05031,1363,34007.000000000000000,0.590399315001945,0.195247575640678,38.298954010009766,38.103706434369087,0.290623499177760,0.789593836253153,9883.233336538092772,0.247062757611275,0.271985399723053
1364,MX28034,1364,14947.000000000000000,0.259496531929722,0.189012482762337,5.456258296966553,5.267245814204216,0.243956008753690,0.085560844256369,3646.410462841397930,0.238890081644058,0.259712880849838
1365,MX20125,1365,11235.000000000000000,0.195052086454167,0.152224808931351,15.452075004577637,15.299850195646286,0.231246279334566,0.184311121595696,2598.051948323851775,0.219120681285858,0.247737991809845
1366,MX24027,1366,3215.000000000000000,0.055815973115278,0.198546916246414,6.998221397399902,6.799674481153488,0.310314919070730,0.359800834930256,997.662464812397161,0.262340307235718,0.332807081937790
1367,MX20126,1367,668.000000000000000,0.011597222407778,0.198099896311760,2.118808507919312,1.920708611607552,0.290555575316002,0.172098722656409,194.091124311089629,0.254978671669960,0.327454286813736
1368,MX20127,1368,159.000000000000000,0.002760416710833,0.233526095747948,1.209028005599976,0.975501909852028,0.405834159854823,0.157963117710576,64.527631416916847,0.362973332405090,0.567871713638306
1369,MX14071,1369,2617.000000000000000,0.045434028504722,0.229215413331985,4.796477317810059,4.567261904478073,0.347956672430403,0.266011867873953,910.602611750364076,0.301064401865005,0.396561324596405
1370,MX07078,1370,1920.000000000000000,0.033333333866667,0.219599321484566,84.632713317871094,84.413113996386528,3.394161553153149,7.938686955460205,6516.790182054047364,0.785476297140121,8.388975334167482
1371,MX20128,1371,82.000000000000000,0.001423611133889,0.227143689990044,1.797065615653992,1.569921925663948,0.403225780987158,0.319549339066161,33.064514040946968,0.273532882332802,0.795826756954193
1372,MX20129,1372,259.000000000000000,0.004496527849722,0.223967105150223,3.462666034698486,3.238698929548264,0.380662542857719,0.393439971353017,98.591598600149112,0.279668390750885,0.421555900573731
1373,MX29049,1373,50.000000000000000,0.000868055569444,1.384396314620972,18.324937820434570,16.940541505813599,4.779193661212920,4.378480593525205,238.959683060646000,2.483271837234497,11.259510612487794
1374,MX14072,1374,1759.000000000000000,0.030538194933056,0.278502285480499,12.793101310729980,12.514599025249481,0.544498294456362,0.760536786666094,957.772499948740119,0.411419451236725,0.707400679588318
1375,MX11029,1375,5085.000000000000000,0.088281251412500,0.222850784659386,19.894016265869141,19.671165481209755,0.516719587594125,0.740221644234461,2627.519102916125576,0.350375980138779,0.798149800300598
1376,MX21121,1376,655.000000000000000,0.011371527959722,0.300093650817871,3.008729696273804,2.708636045455933,0.440366056174722,0.242472375218883,288.439766794443187,0.384623765945435,0.531049299240112
1377,MX10026,1377,28067.000000000000000,0.487274313351945,0.184547767043114,25.590501785278320,25.405954018235207,0.253723999520348,0.343479459997407,7121.271494537609215,0.231784135103226,0.256434977054596
1378,MX20130,1378,1098.000000000000000,0.019062500305000,0.215279385447502,4.166769027709961,3.951489642262459,0.320316583081021,0.290862166837980,351.707608222961539,0.262375041842461,0.354584914445877
1379,MX20131,1379,1520.000000000000000,0.026388889311111,0.197081446647644,5.952375888824463,5.755294442176819,0.346683077347514,0.462358261072769,526.958277568221774,0.248777121305466,0.378727605938911
1380,MX20132,1380,46.000000000000000,0.000798611123889,0.461678236722946,4.438721656799316,3.977043420076370,1.198193958919981,0.930978008810687,55.116922110319130,0.876928001642227,2.018209517002106
1381,MX20133,1381,539.000000000000000,0.009357639038611,0.203815385699272,2.788879632949829,2.585064247250557,0.313381851880581,0.196435823372037,168.912818163633261,0.269996732473373,0.383740180730820
1382,MX11030,1382,15094.000000000000000,0.262048615303889,0.225884377956390,49.709056854248047,49.483172476291656,0.583493241886516,1.456214300337937,8807.246993035065316,0.354731455445290,0.769626402854919
1383,MX31065,1383,1831.000000000000000,0.031788194953056,0.183859184384346,5.264424800872803,5.080565616488457,0.227345322224691,0.164275692243944,416.269284993409997,0.217828333377838,0.233045443892479
1384,MX26053,1384,813.000000000000000,0.014114583559167,0.209631085395813,3.088508367538452,2.878877282142639,0.281308019073247,0.212863570198271,228.703419506550063,0.249939531087875,0.268894249200821
1385,MX15074,1385,1826.000000000000000,0.031701389396111,0.463045775890350,29.645935058593750,29.182889282703400,1.872844051165754,2.057886773436839,3419.813237428666980,1.335196197032928,3.259091615676880
1386,MX20134,1386,657.000000000000000,0.011406250182500,0.222469955682755,8.265447616577148,8.042977660894394,0.639547594855547,0.685662092228590,420.182769820094450,0.472935467958450,1.034262561798096
1387,MX13046,1387,1624.000000000000000,0.028194444895556,0.232844725251198,7.139274597167969,6.906429871916771,0.490635189562669,0.480312998229822,796.791547849774361,0.368145972490311,0.733826529979706
1388,MX20135,1388,486.000000000000000,0.008437500135000,0.242706567049026,2.752091407775879,2.509384840726852,0.476919516614434,0.306057522870993,231.782885074615166,0.344660192728043,0.856581419706345
1389,MX21122,1389,194.000000000000000,0.003368055609444,0.425237625837326,11.947553634643555,11.522316008806229,1.990353352937503,2.200576542614116,386.128550469875563,0.906457692384720,4.510297298431397
1390,MX21123,1390,229.000000000000000,0.003975694508056,0.323922097682953,1.072245121002197,0.748323023319244,0.435886292868826,0.120660703477897,99.817961066961246,0.395854949951172,0.570892012119293
1391,MX20136,1391,2192.000000000000000,0.038055556164444,0.178540274500847,3.077836036682129,2.899295762181282,0.274036551152703,0.150147688913944,600.688120126724243,0.247780680656433,0.319842365384102
1392,MX07079,1392,1750.000000000000000,0.030381944930556,0.224977880716324,16.192256927490234,15.967279046773911,0.748225894263812,1.151977059582576,1309.395314961670465,0.408753886818886,1.269222187995911
1393,MX28035,1393,30342.000000000000000,0.526770841761667,0.196480825543404,37.748214721679688,37.551733896136284,0.386058937637642,1.184965891751780,11713.800285801322389,0.262349307537079,0.355808934569359
1394,MX20137,1394,1369.000000000000000,0.023767361491389,0.176736563444138,0.937406659126282,0.760670095682144,0.228798390838941,0.051943184015762,313.224997058510723,0.220963582396507,0.248101833462715
1395,MX20138,1395,219.000000000000000,0.003802083394167,0.199424564838409,1.973281860351562,1.773857295513153,0.298094676237673,0.175378193427489,65.282734096050305,0.252208709716797,0.358796346187592
1396,MX20139,1396,303.000000000000000,0.005260416750833,0.188317075371742,0.502590954303741,0.314273878931999,0.253146762452503,0.042633950538100,76.703469023108511,0.243077486753464,0.294300508499146
1397,MX20140,1397,113.000000000000000,0.001961805586944,0.245664596557617,1.361819028854370,1.116154432296753,0.402455077762097,0.219954409671838,45.477423787117011,0.307446300983429,0.700273644924164
1398,MX08057,1398,6965.000000000000000,0.120920140823611,0.218093603849411,9.168614387512207,8.950520783662796,0.276729012650291,0.216287810646054,1927.417573109276645,0.260708510875702,0.281305152177811
1399,MX08058,1399,4627.000000000000000,0.080329862396389,0.223885416984558,6.046639919281006,5.822754502296448,0.312157174230576,0.223825354061470,1444.351245164873490,0.277477949857712,0.335911411046982
1400,MX01011,1400,709.000000000000000,0.012309027974722,0.492064952850342,52.756469726562500,52.264404773712158,5.690718132030478,8.960687628655561,4034.719155609608606,1.755226492881775,16.421484375000027
1401,MX20141,1401,2136.000000000000000,0.037083333926667,0.183105543255806,7.594588279724121,7.411482736468315,0.293072532388044,0.376224388180727,626.002929180861656,0.239991664886475,0.303901642560959
1402,MX08059,1402,2506.000000000000000,0.043506945140556,0.227826535701752,29.713335037231445,29.485508501529694,0.459745744206101,1.484846071555082,1152.122834980488960,0.276129826903343,0.414266854524612
1403,MX11031,1403,2126.000000000000000,0.036909722812778,0.379150003194809,56.757266998291016,56.378116995096207,2.670605702323944,5.975132503116700,5677.707723140704729,0.931161463260651,4.673467397689819
1404,MX20142,1404,71.000000000000000,0.001232638908611,0.233177959918976,1.138720035552979,0.905542075634003,0.415119451536259,0.166017850697494,29.473481059074405,0.351420938968658,0.598606169223785
1405,MX20143,1405,1029.000000000000000,0.017864583619167,0.218014657497406,6.689490795135498,6.471476137638092,0.387615887674460,0.508930075924349,398.856748417019674,0.274862647056580,0.491372138261795
1406,MX20144,1406,234.000000000000000,0.004062500065000,0.223656877875328,1.373071432113647,1.149414554238319,0.311930509331899,0.131233444256971,72.991739183664251,0.275463297963142,0.386442220211029
1407,MX20145,1407,56.000000000000000,0.000972222237778,0.839072942733765,6.775007247924805,5.935934305191040,2.885262853332928,1.448724558540537,161.574719786643954,2.847088575363159,4.583922386169434
1408,MX20146,1408,197.000000000000000,0.003420138943611,0.220042362809181,1.246250987052917,1.026208624243736,0.347508625935782,0.160258249089449,68.459199309349017,0.287645280361176,0.539552950859070
1409,MX20147,1409,113.000000000000000,0.001961805586944,0.215555489063263,1.112497329711914,0.896941840648651,0.315200661531592,0.143242893431528,35.617674753069899,0.274032980203629,0.407077211141586
1410,MX20148,1410,241.000000000000000,0.004184027844722,0.186476498842239,0.909448802471161,0.722972303628922,0.243805862623132,0.087120000900164,58.757212892174692,0.220220863819122,0.304977148771286
1411,MX20149,1411,524.000000000000000,0.009097222367778,0.194877132773399,7.019986629486084,6.825109496712685,0.308707643158108,0.450034563111804,161.762805014848738,0.235193833708763,0.329574227333069
1412,MX20150,1412,951.000000000000000,0.016510416930833,0.187056303024292,8.468485832214355,8.281429529190063,0.389441931081621,0.730661362729510,370.359276458621537,0.246719911694527,0.378243714570999
1413,MX20151,1413,422.000000000000000,0.007326389006111,0.183781042695045,1.108401179313660,0.924620136618614,0.239467496484942,0.076814026687786,101.055283516645432,0.228043921291828,0.249919562041759
1414,MX29050,1414,198.000000000000000,0.003437500055000,0.400110095739365,14.888241767883301,14.488131672143936,1.694586001712866,2.638506456082090,335.528028339147397,0.573169142007828,5.784531116485596
1415,MX20152,1415,488.000000000000000,0.008472222357778,0.193891003727913,1.963205933570862,1.769314929842949,0.292536790101011,0.172274948249251,142.757953569293278,0.250404283404350,0.357939985394478
1416,MX14113,1416,3711.000000000000000,0.064427084364167,0.194273963570595,13.468249320983887,13.273975357413292,0.398760002691672,0.644859891579582,1479.798369988794320,0.286003410816193,0.457536220550537
1417,MX21124,1417,538.000000000000000,0.009340277927222,0.220258027315140,16.396690368652344,16.176432341337204,1.111026391193106,2.251560379343987,597.732198461890789,0.414896190166473,2.099201750755310
1418,MX20153,1418,865.000000000000000,0.015017361351389,0.180999279022217,3.508494377136230,3.327495098114014,0.269620704185756,0.222701104114415,233.221909120678760,0.231158405542374,0.293093967437744
1419,MX21125,1419,57.000000000000000,0.000989583349167,1.817073464393616,15.631888389587402,13.814814925193787,7.542078043285168,4.052210060046409,429.898448467254582,7.459843635559082,13.470074272155761
1420,MX25016,1420,25906.000000000000000,0.449756951640556,0.189112186431885,23.403480529785156,23.214368343353271,0.282245388530762,0.399804592029742,7311.849035277908115,0.246521785855293,0.294178485870361
1421,MX14125,1421,1134.000000000000000,0.019687500315000,0.299859434366226,23.259283065795898,22.959423631429672,1.077517585648219,1.862498541368753,1221.904942125080424,0.592516064643860,1.860564756393433
1422,MX26072,1422,6176.000000000000000,0.107222223937778,0.200934335589409,15.187652587890625,14.986718252301216,0.335449968372989,0.582650933369882,2071.739004671581824,0.261903390288353,0.356317296624184
1423,MX20154,1423,295.000000000000000,0.005121527859722,0.213879987597466,1.581830382347107,1.367950394749641,0.332684345821203,0.172513891215232,98.141882017254829,0.277370721101761,0.499005091190338
1424,MX20155,1424,193.000000000000000,0.003350694498056,0.192762225866318,7.499613761901855,7.306851536035538,0.395752849433706,0.670220001918742,76.380299940705243,0.248884871602058,0.437929475307465
1425,MX20156,1425,462.000000000000000,0.008020833461667,0.197719588875771,2.152537345886230,1.954817757010460,0.304898795562905,0.188340843881002,140.863243550062293,0.258295223116875,0.375252214074135
1426,MX20157,1426,20.000000000000000,0.000347222227778,13.547076225280762,22.561279296875000,9.014203071594238,17.381139278411862,2.340695902838727,347.622785568237248,17.499300003051758,20.950425720214845
1427,MX20158,1427,314.000000000000000,0.005451388976111,0.184340760111809,2.211956501007080,2.027615740895271,0.281771106657329,0.193290947778717,88.476127490401325,0.234158761799335,0.331920230388641
1428,MX26054,1428,2853.000000000000000,0.049531250792500,0.199907436966896,3.073903560638428,2.873996123671532,0.248376203881746,0.117762781126702,708.617309674620515,0.237914428114891,0.255372428894043
1429,MX20159,1429,2842.000000000000000,0.049340278567222,0.169087603688240,1.148700952529907,0.979613348841667,0.220002552249287,0.050737410142977,625.247253492474783,0.212513923645020,0.238161571323872
1430,MX20160,1430,289.000000000000000,0.005017361191389,0.241200074553490,3.622902631759644,3.381702557206154,0.434893426907516,0.414544481990424,125.684200376272187,0.288405984640121,0.717501449584961
1431,MX20161,1431,1076.000000000000000,0.018680555854444,0.188503980636597,0.976415216922760,0.787911236286163,0.259460805240174,0.066070113807646,279.179826438426971,0.245842501521111,0.300314351916313
1432,MX20162,1432,350.000000000000000,0.006076388986111,0.220905423164368,3.656859159469604,3.435953736305237,0.363828897093024,0.343105120327477,127.340113982558250,0.284764513373375,0.420947623252869
1433,MX20163,1433,85.000000000000000,0.001475694468056,0.279385864734650,2.496086835861206,2.216700971126556,0.577564025977078,0.358630483650487,49.092942208051667,0.470431536436081,0.807638120651246
1434,MX21126,1434,204.000000000000000,0.003541666723333,0.871319293975830,11.699594497680664,10.828275203704834,2.004185046635424,1.569161127730994,408.853749513626497,1.510638535022736,3.543165373802185
1435,MX20550,1435,180.000000000000000,0.003125000050000,0.417660951614380,6.277234554290771,5.859573602676392,1.084508913093143,1.014419620028793,195.211604356765804,0.698628753423691,2.449358558654785
1436,MX21127,1436,707.000000000000000,0.012274305751944,0.222346350550652,9.144328117370605,8.921981766819954,0.545956396799445,0.728338520586422,385.991172537207660,0.345595747232437,0.819062936306000
1437,MX29051,1437,39.000000000000000,0.000677083344167,1.760600686073303,15.706975936889648,13.946375250816345,5.052888622650733,3.814826918908853,197.062656283378601,3.098520040512085,10.334770011901860
1438,MX22015,1438,1378.000000000000000,0.023923611493889,0.231799826025963,12.618146896362305,12.386347070336342,0.433332348585734,0.694742568495010,597.131976351141589,0.296494826674461,0.583958077430725
1439,MX20164,1439,274.000000000000000,0.004756944520556,0.198127925395966,3.030873298645020,2.832745373249054,0.368571293941380,0.377899320990244,100.988534539938001,0.240425437688828,0.596603113412857
1440,MX20165,1440,106.000000000000000,0.001840277807222,0.233698025345802,3.030433893203735,2.796735867857933,0.473046162077841,0.475948260014852,50.142893180251143,0.293212085962296,0.870560407638550
1441,MX21128,1441,872.000000000000000,0.015138889131111,0.374579548835754,71.435050964355469,71.060471415519714,2.515294947482033,6.262010048694028,2193.337194204332718,0.645933717489243,5.326368379592893
1442,MX20166,1442,953.000000000000000,0.016545139153611,0.219584733247757,3.713225603103638,3.493640869855881,0.448332964795459,0.358868398212690,427.261315450072516,0.336678862571716,0.649612760543823
1443,MX01008,1443,4357.000000000000000,0.075642362321389,0.220175579190254,29.221015930175781,29.000840350985527,0.423664324322451,1.051272272223483,1845.905461072919024,0.302278608083725,0.429338717460632
1444,MX20167,1444,141.000000000000000,0.002447916705833,0.214896813035011,0.975593507289886,0.760696694254875,0.424576847582844,0.159696330700537,59.865335509181023,0.394025504589081,0.638661324977875
1445,MX20072,1445,532.000000000000000,0.009236111258889,0.224654003977776,16.090988159179688,15.866334155201912,0.743951549403426,1.332087486086005,395.782224282622508,0.383774295449257,1.248568713665009
1446,MX15124,1446,2429.000000000000000,0.042170139563611,0.262631773948669,9.356081008911133,9.093449234962463,1.174228357012349,0.859928560513550,2852.200679182995827,0.996702611446381,2.237136030197145
1447,MX20168,1447,321.000000000000000,0.005572916755833,0.209359869360924,1.759543180465698,1.550183311104774,0.287541811943426,0.173741643693362,92.300921633839650,0.250706970691681,0.313661009073257
1448,MX20169,1448,263.000000000000000,0.004565972295278,0.242758065462112,1.682029008865356,1.439270943403244,0.398612011464830,0.196981399176555,104.834959015250220,0.326685011386871,0.615279495716095
1449,MX11032,1449,2737.000000000000000,0.047517361871389,0.312265366315842,55.719268798828125,55.407003432512283,2.509035563486358,5.253790402826501,6867.230337262161811,1.093168020248413,4.316214942932131
1450,MX20170,1450,380.000000000000000,0.006597222327778,0.207453101873398,3.303796529769897,3.096343427896500,0.338019250294096,0.271681378428981,128.447315111756410,0.268992274999619,0.436334347724915
1451,MX21129,1451,1646.000000000000000,0.028576389346111,0.202607914805412,9.355895042419434,9.153287127614021,0.416667345906738,0.529901857429990,685.834451362490995,0.286055549979210,0.590427398681641
1452,MX29052,1452,176.000000000000000,0.003055555604444,0.503232598304749,10.706545829772949,10.203313231468201,1.780633257532662,2.008733457260955,313.391453325748444,0.960748732089996,4.757654190063477
1453,MX20171,1453,1270.000000000000000,0.022048611463889,0.199906796216965,1.600531697273254,1.400624901056290,0.316001631366455,0.115502094966364,401.322071835398390,0.284495100378990,0.414718934893608
1454,MX20172,1454,174.000000000000000,0.003020833381667,0.200052857398987,1.124069929122925,0.924017071723938,0.292615545292695,0.122493716665437,50.915104880929007,0.255006775259972,0.386415514349938
1455,MX21130,1455,477.000000000000000,0.008281250132500,0.313484638929367,8.503950119018555,8.190465480089188,0.593012907345090,0.765102277568096,282.867156803607941,0.393093079328537,0.698860967159271
1456,MX20173,1456,659.000000000000000,0.011440972405278,0.171356663107872,1.594040393829346,1.422683730721474,0.249434630159000,0.126042974108435,164.377421274781170,0.225901082158089,0.276212704181671
1457,MX21131,1457,120.000000000000000,0.002083333366667,0.333169072866440,6.997656345367432,6.664487272500992,0.766980343560378,1.031886204630770,92.037641227245331,0.399356991052628,1.433966982364655
1458,MX20175,1458,2068.000000000000000,0.035902778352222,0.171830415725708,1.393368363380432,1.221537947654724,0.224349189110143,0.051769799474412,463.954123079775854,0.218589931726456,0.239000603556633
1459,MX20176,1459,1404.000000000000000,0.024375000390000,0.179455488920212,3.521757602691650,3.342302113771439,0.282801929436773,0.180969646526188,397.053908929229465,0.246070690453053,0.329727858304977
1460,MX20177,1460,2437.000000000000000,0.042309028454722,0.173867046833038,6.581096172332764,6.407229125499725,0.294080203907333,0.310699172897664,716.673456922171113,0.239327460527420,0.327416747808456
1461,MX20178,1461,257.000000000000000,0.004461805626944,0.267463475465775,9.698965072631836,9.431501597166061,0.924553327755242,1.387451795342993,237.610205233097076,0.387568145990372,2.086503028869629
1462,MX20179,1462,559.000000000000000,0.009704861266389,0.177685394883156,2.693948030471802,2.516262635588646,0.304468092183734,0.290007028344842,170.197663530707331,0.235957965254784,0.342699760198593
1463,MX20180,1463,346.000000000000000,0.006006944540556,0.235515207052231,3.349233388900757,3.113718181848526,0.389974718493533,0.370873079752767,134.931252598762541,0.296299427747726,0.445379123091698
1464,MX20181,1464,450.000000000000000,0.007812500125000,0.193834900856018,1.232068061828613,1.038233160972595,0.260915744337771,0.107393178771937,117.412084951996917,0.237231023609638,0.293112656474113
1465,MX20183,1465,433.000000000000000,0.007517361231389,0.185677900910378,1.769653677940369,1.583975777029991,0.300358312888454,0.170191741535726,130.055149480700493,0.254830837249756,0.392391389608383
1466,MX20182,1466,248.000000000000000,0.004305555624444,0.206813409924507,1.009022831916809,0.802209421992302,0.280435007786558,0.104075603614864,69.547881931066513,0.252946496009827,0.319409322738648
1467,MX20184,1467,4257.000000000000000,0.073906251182500,0.239191249012947,20.946798324584961,20.707607075572014,1.015017209953062,1.915574326804557,4320.928262770184119,0.469036310911179,1.716886520385744
1468,MX20559,1468,3359.000000000000000,0.058315973155278,0.186351075768471,6.351907253265381,6.165556177496910,0.335944593662519,0.284284522465670,1128.437890112400964,0.280452758073807,0.426089739799500
1469,MX20185,1469,989.000000000000000,0.017170139163611,0.212066367268562,4.468756198883057,4.256689831614494,0.358016384518785,0.335236133735999,354.078204289078542,0.281647056341171,0.450679558515549
1470,MX07112,1470,847.000000000000000,0.014704861346389,0.274750739336014,8.676145553588867,8.401394814252853,0.707361954091713,0.671098959521197,599.135575115680922,0.528098464012146,1.138498473167419
1471,MX20191,1471,97.000000000000000,0.001684027804722,0.212126791477203,1.109606266021729,0.897479474544525,0.297862929013586,0.134850174957797,28.892704114317883,0.251117229461670,0.370278382301331
1472,MX20192,1472,25.000000000000000,0.000434027784722,0.584281265735626,3.762073040008545,3.177791774272919,1.460090723037719,0.966139805376864,36.502268075942986,1.040822863578796,2.999512910842896
1473,MX20186,1473,440.000000000000000,0.007638889011111,0.183164551854134,2.182668447494507,1.999503895640373,0.262997422638264,0.171459044803523,115.718865960836368,0.232772134244442,0.260588654875755
1474,MX20187,1474,325.000000000000000,0.005642361201389,0.210828468203545,1.367617607116699,1.156789138913155,0.308302986209209,0.154046858678897,100.198470517992959,0.258598089218140,0.445227414369583
1475,MX20188,1475,605.000000000000000,0.010503472390278,0.195885807275772,4.883735656738281,4.687849849462509,0.369110511132508,0.400248767393372,223.311859235167560,0.287081986665726,0.457420206069946
1476,MX20189,1476,490.000000000000000,0.008506944580556,0.201725929975510,0.687346994876862,0.485621064901352,0.255431339083886,0.050061867878782,125.161356151103973,0.243538334965706,0.281035956740379
1477,MX20190,1477,6767.000000000000000,0.117482640768611,0.167456462979317,5.303200721740723,5.135744258761406,0.294235144762340,0.213487088615329,1991.089224606754669,0.259231239557266,0.322417783737183
1478,MX10027,1478,12389.000000000000000,0.215086808996944,0.192084550857544,9.534376144409180,9.342291593551636,0.258875018236029,0.196510222849427,3207.202600926160358,0.243365138769150,0.266694074869156
1479,MX20206,1479,586.000000000000000,0.010173611273889,0.198924392461777,3.086749792098999,2.887825399637222,0.300755021922011,0.233553816784182,176.242442846298331,0.255182296037674,0.327736452221870
1480,MX14073,1480,4259.000000000000000,0.073940973405278,0.291963368654251,53.875709533691406,53.583746165037155,1.115885359989304,3.337784337337919,4752.555748194445187,0.505323767662048,1.291322040557861
1481,MX05032,1481,4244.000000000000000,0.073680556734444,0.215832859277725,42.866119384765625,42.650286525487900,0.815233830819003,3.201084887397569,3459.852377995848656,0.277881175279617,0.618759572505951
1482,MX20193,1482,647.000000000000000,0.011232639068611,0.194244936108589,3.613456487655640,3.419211551547050,0.316648060401220,0.342920760914496,204.871295079589203,0.242644131183624,0.338423120975494
1483,MX10028,1483,7191.000000000000000,0.124843751997500,0.206443488597870,9.578722953796387,9.372279465198517,0.328770735444187,0.433366071572143,2364.190358579151507,0.254843413829803,0.331710815429688
1484,MX20194,1484,345.000000000000000,0.005989583429167,0.194898933172226,3.427296638488770,3.232397705316544,0.297647583700608,0.274604539277432,102.688416376709839,0.244906187057495,0.305006992816925
1485,MX22016,1485,3837.000000000000000,0.066614584399167,0.364781528711319,66.139839172363281,65.775057643651962,3.913283551542401,7.453182396791941,15015.268987268194905,1.256531834602356,9.211896324157717
1486,MX20195,1486,170.000000000000000,0.002951388936111,0.199967578053474,1.635031700134277,1.435064122080803,0.349609205477378,0.274334493021324,59.433564931154251,0.236263170838356,0.667074167728424
1487,MX30142,1487,6196.000000000000000,0.107569446165556,0.210245490074158,114.241134643554688,114.030889153480530,0.495932258566959,2.444380678085426,3072.796274080880266,0.301108092069626,0.561296492815018
1488,MX20196,1488,86.000000000000000,0.001493055579444,0.223276168107986,1.615725517272949,1.392449349164963,0.345747253229452,0.252395534576815,29.734263777732842,0.262452617287636,0.456200882792473
1489,MX20197,1489,155.000000000000000,0.002690972265278,0.382007628679276,5.614716529846191,5.232708901166916,0.793424940686072,0.852578008142787,122.980865806341185,0.490329623222351,1.430579543113708
1490,MX20198,1490,3891.000000000000000,0.067552084414167,0.200239554047585,4.370995998382568,4.170756444334984,0.345466999464892,0.230564837289561,1344.212094917894319,0.285866141319275,0.452382206916809
1491,MX29053,1491,21.000000000000000,0.000364583339167,2.315573453903198,20.047117233276367,17.731543779373169,10.943024294716972,5.551480576440046,229.803510189056425,10.356623649597168,18.265525817871094
1492,MX20199,1492,253.000000000000000,0.004392361181389,0.193091794848442,1.334905982017517,1.141814187169075,0.278194626211649,0.154285685517150,70.383240431547179,0.237846031785011,0.325762861967087
1493,MX20200,1493,1545.000000000000000,0.026822917095833,0.173945948481560,1.784200549125671,1.610254600644112,0.243243729827088,0.097013278190105,375.811562582850570,0.227392107248306,0.272728741168976
1494,MX20201,1494,277.000000000000000,0.004809027854722,0.192194283008575,1.698231458663940,1.506037175655365,0.288734096374753,0.160050305970655,79.979344695806518,0.246645674109459,0.353940331935883
1495,MX20202,1495,1013.000000000000000,0.017586805836944,0.181238189339638,2.252941846847534,2.071703657507896,0.266517445886359,0.150137219327728,269.982172682881981,0.232776060700417,0.312690323591232
1496,MX20203,1496,520.000000000000000,0.009027777922222,0.185968607664108,1.420711278915405,1.234742671251297,0.271099962781255,0.095464965917815,140.971980646252632,0.247454680502415,0.324129229784012
1497,MX20204,1497,516.000000000000000,0.008958333476667,0.192716464400291,1.628483057022095,1.435766592621803,0.250646587547868,0.109589799777060,129.333639174699783,0.225949808955193,0.297142103314400
1498,MX20205,1498,3413.000000000000000,0.059253473170278,0.190541520714760,1.802288174629211,1.611746653914452,0.292372749657216,0.110993485027076,997.868194580079489,0.267206937074661,0.347454190254211
1499,MX20207,1499,7970.000000000000000,0.138368057769444,0.190100654959679,1.839294433593750,1.649193778634071,0.261008542574185,0.079388535535031,2080.238084316253662,0.248269356787205,0.281715855002403
1500,MX20208,1500,1758.000000000000000,0.030520833821667,0.183218598365784,3.587922573089600,3.404703974723816,0.312636930516691,0.218541999685927,549.615723848342441,0.256231129169464,0.414120697975159
1501,MX20209,1501,370.000000000000000,0.006423611213889,0.184925913810730,2.044821500778198,1.859895586967468,0.260378063570809,0.183537547789545,96.339883521199255,0.230148352682590,0.260214999318123
1502,MX20210,1502,1041.000000000000000,0.018072916955833,0.187427267432213,1.407470345497131,1.220043078064919,0.278592523362749,0.110341678727784,290.014816820621661,0.243353500962257,0.388927489519119
1503,MX20211,1503,1003.000000000000000,0.017413194723056,0.171804592013359,1.172814965248108,1.001010373234749,0.224644880574698,0.066429814391053,225.318815216422195,0.213793262839317,0.241623407602310
1504,MX20212,1504,921.000000000000000,0.015989583589167,0.199143812060356,0.720269203186035,0.521125391125679,0.257415274487774,0.051579379045104,237.079467803239396,0.248381227254868,0.277569800615311
1505,MX20213,1505,994.000000000000000,0.017256944720556,0.174166217446327,1.935090184211731,1.760923966765404,0.235884692827221,0.133724505732051,234.469384670257284,0.213065698742867,0.243450066447258
1506,MX20214,1506,999.000000000000000,0.017343750277500,0.172113269567490,2.449649333953857,2.277536064386368,0.244172346693379,0.136499981183374,243.928174346685438,0.223399952054024,0.257384932041168
1507,MX20215,1507,72.000000000000000,0.001250000020000,0.255820900201797,3.118294000625610,2.862473100423813,0.654020623200470,0.568460750552670,47.089484870433814,0.440664261579514,1.362384080886841
1508,MX20216,1508,96.000000000000000,0.001666666693333,0.225163474678993,1.624277591705322,1.399114117026329,0.329213208984584,0.241024319879110,31.604468062520038,0.264147654175758,0.373044684529305
1509,MX20217,1509,1758.000000000000000,0.030520833821667,0.172583073377609,0.892098188400269,0.719515115022659,0.235253487066265,0.043138950298511,413.575630262493860,0.229190632700920,0.252553740143776
1510,MX20218,1510,346.000000000000000,0.006006944540556,0.193447262048721,0.768979787826538,0.575532525777817,0.246014396622346,0.072724081721128,85.120981231331854,0.231657482683659,0.258107125759125
1511,MX20219,1511,202.000000000000000,0.003506944500556,0.275477379560471,3.843835592269897,3.568358212709427,0.592235013252437,0.587312558771019,119.631472676992345,0.402401119470596,0.858892041444779
1512,MX20220,1512,1256.000000000000000,0.021805555904444,0.181101441383362,1.063973069190979,0.882871627807617,0.243025294855047,0.070417064886701,305.239770337939319,0.230104707181454,0.264793127775192
1513,MX20221,1513,431.000000000000000,0.007482639008611,0.192631632089615,1.641628861427307,1.448997229337692,0.294699801715510,0.133545446182990,127.015614539384799,0.263288617134094,0.361330717802048
1514,MX20222,1514,188.000000000000000,0.003263888941111,0.228979691863060,0.932837188243866,0.703857496380806,0.313945709787151,0.123076249036593,59.021793439984329,0.268223792314529,0.473811289668083
1515,MX20223,1515,141.000000000000000,0.002447916705833,0.220330283045769,0.592888772487640,0.372558489441872,0.274198765978746,0.056795414435610,38.662026003003128,0.260354727506638,0.301434785127640
1516,MX20224,1516,114.000000000000000,0.001979166698333,0.199610203504562,1.449058413505554,1.249448210000992,0.358747196694215,0.181030064861015,40.897180423140526,0.299773454666138,0.509922575950623
1517,MX14007,1517,966.000000000000000,0.016770833601667,0.259241700172424,9.564374923706055,9.305133223533630,0.581200685591185,0.854545703213664,561.439862281084515,0.371833667159081,0.781284987926483
1518,MX14074,1518,1305.000000000000000,0.022656250362500,0.277183741331100,22.779376983642578,22.502193242311478,0.739113202679659,1.854026151189102,964.542729496955076,0.366896957159042,0.726141047477722
1519,MX20225,1519,283.000000000000000,0.004913194523056,0.249721705913544,2.820983886718750,2.571262180805206,0.449597587539113,0.376003560147160,127.236117273569121,0.318250030279160,0.704651439189911
1520,MX20226,1520,653.000000000000000,0.011336805736944,0.204718977212906,3.025663137435913,2.820944160223007,0.325017272581733,0.253134088070486,212.236278995871857,0.260348558425903,0.398095041513444
1521,MX29054,1521,22.000000000000000,0.000381944450556,1.652262687683105,18.002216339111328,16.349953651428223,5.387050574476069,5.058799426231270,118.515112638473511,2.686347007751465,14.695693969726570
1522,MX20227,1522,134.000000000000000,0.002326388926111,0.565349996089935,21.425273895263672,20.859923899173737,3.546327557136765,3.795069368435921,475.207892656326464,2.009132742881775,8.088150835037233
1523,MX20228,1523,45.000000000000000,0.000781250012500,0.236158698797226,2.595417261123657,2.359258562326431,0.566802804006471,0.540374855099128,25.506126180291179,0.321960002183914,1.305887866020203
1524,MX20229,1524,671.000000000000000,0.011649305741944,0.175975501537323,1.438627481460571,1.262651979923248,0.265070053508669,0.113678659985279,177.862005904317073,0.227514177560806,0.345720857381821
1525,MX20230,1525,254.000000000000000,0.004409722292778,0.188628330826759,1.404678583145142,1.216050252318382,0.267600729416205,0.161444437166040,67.970585271716061,0.227394253015518,0.280785575509072
1526,MX07110,1526,464.000000000000000,0.008055555684444,0.251186519861221,5.469110965728760,5.217924445867538,0.471019466760858,0.471259925915208,218.553032577037982,0.346662089228630,0.703661751747131
1527,MX16077,1527,2305.000000000000000,0.040017361751389,0.206663385033607,8.497346878051758,8.290683493018150,0.381242597180695,0.385616684996089,878.764186501502536,0.300591021776199,0.497874087095261
1528,MX20231,1528,495.000000000000000,0.008593750137500,0.212070301175117,1.338165163993835,1.126094862818718,0.279800359949921,0.107266227751249,138.501178175210953,0.257950395345688,0.304954963922501
1529,MX20232,1529,2245.000000000000000,0.038975695068056,0.220799356698990,3.131100416183472,2.910301059484482,0.351103626181659,0.193581438551024,788.227640777824490,0.305328547954559,0.445919221639633
1530,MX20233,1530,252.000000000000000,0.004375000070000,0.226533949375153,5.032398223876953,4.805864274501801,0.454942173723664,0.567584309872046,114.645427778363285,0.306230813264847,0.584829676151276
1531,MX29055,1531,145.000000000000000,0.002517361151389,0.405142277479172,9.876457214355469,9.471314936876297,1.298174278283941,1.618179640775945,188.235270351171408,0.753955483436584,2.820018959045408
1532,MX20234,1532,322.000000000000000,0.005590277867222,0.249048754572868,1.916437149047852,1.667388394474983,0.540991997080190,0.271589430474696,174.199423059821072,0.452342554926872,0.836472141742707
1533,MX12052,1533,5354.000000000000000,0.092951390376111,0.191694289445877,11.978601455688477,11.786907166242599,0.361966280103131,0.467820913747175,1937.967463672165422,0.267822563648224,0.462242442369461
1534,MX20235,1534,1406.000000000000000,0.024409722612778,0.188866063952446,2.511416912078857,2.322550848126411,0.268113402625914,0.144819467775172,376.967444092035635,0.235090188682079,0.335736110806465
1535,MX11033,1535,10194.000000000000000,0.176979169498333,0.208480268716812,55.087493896484375,54.879013627767563,0.814576177217749,2.706736966580082,8303.789550557736220,0.340130388736725,1.165601408481598
1536,MX10029,1536,3126.000000000000000,0.054270834201667,0.198653981089592,10.382920265197754,10.184266284108162,0.276624075553582,0.356290827876212,864.726860180496715,0.244902044534683,0.274084433913231
1537,MX24028,1537,7491.000000000000000,0.130052085414167,0.256146490573883,75.324005126953125,75.067858636379242,5.177053937867742,11.381439366986516,38781.311048567251419,0.580940008163452,19.899587631225586
1538,MX26055,1538,48571.000000000000000,0.843246541269722,0.215399891138077,121.014701843261719,120.799301952123642,0.720468173282770,4.079529746987510,34993.859644517440756,0.290386974811554,0.445767104625702
1539,MX20236,1539,261.000000000000000,0.004531250072500,0.185344547033310,1.389215588569641,1.203871041536331,0.260514889754555,0.123321175407085,67.994386225938825,0.229761138558388,0.290468692779541
1540,MX12053,1540,5635.000000000000000,0.097829862676389,0.207853227853775,14.682271957397461,14.474418729543686,0.407614067638460,0.617579710147617,2296.905271142722995,0.299195826053619,0.525386691093445
1541,MX14075,1541,1521.000000000000000,0.026406250422500,0.213971301913261,15.408172607421875,15.194201305508614,0.352324818875114,0.760940186183386,535.886049509048121,0.260031253099442,0.318260163068771
1542,MX20237,1542,634.000000000000000,0.011006944620556,0.197605624794960,4.807954788208008,4.610349163413048,0.328892130980544,0.346278266958527,208.517611041664964,0.261496588587761,0.370187708735466
1543,MX24029,1543,2074.000000000000000,0.036006945020556,0.221245646476746,7.818260192871094,7.597014546394348,0.416921547589789,0.379631182722323,864.695289701223146,0.316930413246155,0.617940735816956
1544,MX14076,1544,3463.000000000000000,0.060121528739722,0.196431711316109,11.710000991821289,11.513569280505180,0.291122132428733,0.446681061664330,1008.155944600702810,0.245434880256653,0.283444774150848
1545,MX15075,1545,349.000000000000000,0.006059027874722,1.013977408409119,50.048576354980469,49.034598946571350,5.418673024478138,6.864761892187350,1891.116885542870023,3.100429296493530,10.914271354675293
1546,MX20238,1546,40.000000000000000,0.000694444455556,0.307273358106613,1.666326165199280,1.359052807092667,0.591340617090464,0.346166844012513,23.653624683618553,0.442273855209351,0.945151108503342
1547,MX14077,1547,1708.000000000000000,0.029652778252222,0.217022299766541,11.844478607177734,11.627456307411194,0.670785847833201,1.019477947016422,1145.702228099107515,0.397487491369247,1.040971100330353
1548,MX20239,1548,208.000000000000000,0.003611111168889,0.220650449395180,1.362045526504517,1.141395077109337,0.349134088923725,0.166781953108869,72.619890496134730,0.298194020986557,0.460873609781265
1549,MX20240,1549,308.000000000000000,0.005347222307778,0.208801850676537,3.519022226333618,3.310220375657082,0.373032421309065,0.359924609163080,114.893985763192177,0.272352978587151,0.575113761425018
1550,MX20241,1550,52.000000000000000,0.000902777792222,0.233978524804115,3.148965597152710,2.914987072348595,0.671960083911052,0.645974732353167,34.941924363374717,0.389741271734238,1.455478894710541
1551,MX20242,1551,1187.000000000000000,0.020607639218611,0.194159120321274,5.762034893035889,5.567875772714615,0.354495525799485,0.358064084134297,420.786189123988265,0.267445862293243,0.502550697326660
1552,MX21132,1552,439.000000000000000,0.007621527899722,1.016104817390442,41.500339508056641,40.484234690666199,9.055911817420315,8.247722597526680,3975.545287847518011,6.416339397430420,19.636364364624022
1553,MX20243,1553,121.000000000000000,0.002100694478056,0.415088146924973,3.032243728637695,2.617155581712723,0.715134031270161,0.441213468171020,86.531217783689485,0.536510705947876,1.152708053588867
1554,MX21133,1554,38.000000000000000,0.000659722232778,0.394648611545563,7.180644512176514,6.785995900630951,1.065721479685683,1.389803421743997,40.497416228055954,0.530636727809906,2.084596884250646
1555,MX20244,1555,312.000000000000000,0.005416666753333,0.244693979620934,4.691571712493896,4.446877732872963,0.464376495721249,0.495727129569772,144.885466665029611,0.329424425959587,0.606458228826523
1556,MX20245,1556,212.000000000000000,0.003680555614444,0.226378411054611,2.447378158569336,2.220999747514725,0.394869944678162,0.331518745685151,83.712428271770435,0.274381533265114,0.579683220386505
1557,MX15076,1557,92.000000000000000,0.001597222247778,4.212347507476807,36.193172454833984,31.980824947357178,19.188371160755992,6.472300808091820,1765.330146789551236,19.577422142028809,28.429766654968272
1558,MX20246,1558,74.000000000000000,0.001284722242778,0.232281014323235,1.179141283035278,0.946860268712044,0.365674280435652,0.195090152896722,27.059896752238263,0.302262157201767,0.531433022022247
1559,MX20248,1559,406.000000000000000,0.007048611223889,0.321842342615128,14.781236648559570,14.459394305944443,2.094397095844077,2.422225020218788,850.325220912695045,1.107545554637909,5.377404928207397
1560,MX20250,1560,115.000000000000000,0.001996527809722,0.269830554723740,1.763250589370728,1.493420034646988,0.541350124711576,0.263031643999219,62.255264341831186,0.451346606016159,0.785034704208374
1561,MX20251,1561,312.000000000000000,0.005416666753333,0.228161528706551,19.116462707519531,18.888301178812981,0.491063275016271,1.550239684925716,153.211741805076656,0.276142537593842,0.463339561223984
1562,MX20252,1562,277.000000000000000,0.004809027854722,0.202397823333740,1.340620994567871,1.138223171234131,0.300195848791177,0.156323856999156,83.154250115156174,0.257328301668167,0.371214449405670
1563,MX20253,1563,786.000000000000000,0.013645833551667,0.184862077236176,1.459236979484558,1.274374902248383,0.248664895712419,0.085874868166864,195.450608029961558,0.233168996870518,0.275474116206169
1564,MX20254,1564,1038.000000000000000,0.018020833621667,0.176422312855721,2.010298967361450,1.833876654505730,0.251141645373177,0.137837239251283,260.685027897357884,0.224184907972813,0.274592974781990
1565,MX20255,1565,701.000000000000000,0.012170139083611,0.185388043522835,1.869704127311707,1.684316083788872,0.245004579191031,0.111031537357005,171.748210012912722,0.227188095450401,0.255786210298538
1566,MX20256,1566,117.000000000000000,0.002031250032500,0.222275391221046,0.769139766693115,0.546864375472069,0.318528161089644,0.116021753266116,37.267794847488403,0.274194508790970,0.509849894046783
1567,MX20249,1567,32.000000000000000,0.000555555564444,0.373785704374313,2.526848316192627,2.153062611818314,1.022837596014142,0.529063823044175,32.730803072452545,0.861225575208664,1.761342275142670
1568,MX20566,1568,975.000000000000000,0.016927083604167,0.163588196039200,1.929425597190857,1.765837401151657,0.242876121172538,0.112718697212739,236.804218143225029,0.225026130676270,0.270115590095520
1569,MX21134,1569,250.000000000000000,0.004340277847222,0.535757720470428,26.047468185424805,25.511710464954376,2.917415835142136,3.664562057799274,729.353958785534132,1.348976492881775,6.171288251876827
1570,MX20257,1570,168.000000000000000,0.002916666713333,0.222151726484299,1.041586041450500,0.819434314966202,0.298878651112318,0.121870819139037,50.211613386869409,0.264771923422813,0.389778915047646
1571,MX20258,1571,332.000000000000000,0.005763888981111,0.196055814623833,1.614413976669312,1.418358162045479,0.288273647203144,0.168327026349511,95.706850871443706,0.240145817399025,0.385740405321121
1572,MX20259,1572,425.000000000000000,0.007378472340278,0.201490402221680,2.960648298263550,2.759157896041870,0.308859901743777,0.253434451899183,131.265458241105108,0.247786939144135,0.357156991958618
1573,MX20260,1573,696.000000000000000,0.012083333526667,0.166745662689209,4.815259933471680,4.648514270782471,0.258482954925162,0.273831580513222,179.904136627912578,0.219573929905891,0.259120538830757
1574,MX20261,1574,878.000000000000000,0.015243055799444,0.207697853446007,3.341744661331177,3.134046807885170,0.347058112569713,0.251127913809532,304.717022836208400,0.266036823391914,0.516877561807633
1575,MX20262,1575,302.000000000000000,0.005243055639444,0.196512013673782,1.693193554878235,1.496681541204453,0.286310929731028,0.164344141850946,86.465900778770475,0.244253784418106,0.332754710316658
1576,MX20264,1576,298.000000000000000,0.005173611193889,0.210138931870461,2.263797283172607,2.053658351302147,0.330268751004798,0.240380659787811,98.420087799429837,0.269094869494438,0.386714026331902
1577,MX20265,1577,5779.000000000000000,0.100329862716389,0.179781913757324,4.257451057434082,4.077669143676758,0.266303901697427,0.151647120626132,1538.970247909428508,0.240931078791618,0.304178673028946
1578,MX20263,1578,601.000000000000000,0.010434027944722,0.173686146736145,2.254973411560059,2.081287264823914,0.253775012646856,0.197664791991676,152.518782600760431,0.216797232627869,0.262971818447113
1579,MX11003,1579,7772.000000000000000,0.134930557714444,0.325153231620789,57.190071105957031,56.864917874336243,1.318328247145315,3.294356761567546,10246.047136813387624,0.584593653678894,2.015926814079285
1580,MX26056,1580,5978.000000000000000,0.103784723882778,0.214063003659248,15.475599288940430,15.261536285281181,0.351499931577078,0.536929667188247,2101.266590967771663,0.272112667560577,0.394778418540955
1581,MX20266,1581,2518.000000000000000,0.043715278477222,0.176643863320351,3.585668087005615,3.409024223685265,0.238015799678868,0.129035632808759,599.323783591388633,0.218751601874828,0.253748229146004
1582,MX20267,1582,53.000000000000000,0.000920138903611,0.231028750538826,1.282108426094055,1.051079675555229,0.362513526430670,0.221670782098127,19.213216900825497,0.262921452522278,0.624720644950867
1583,MX20268,1583,52.000000000000000,0.000902777792222,0.310686826705933,3.103048801422119,2.792361974716187,0.654437692119525,0.589699178766741,34.030759990215302,0.418685331940651,1.335299289226532
1584,MX14078,1584,3936.000000000000000,0.068333334426667,0.258907973766327,27.936630249023438,27.677722275257111,0.583813998598332,1.596014563775903,2297.891898483035220,0.352826029062271,0.570591241121292
1585,MX20269,1585,509.000000000000000,0.008836805696944,0.203370004892349,4.168449878692627,3.965079873800278,0.433386234467765,0.406055102197482,220.593593344092199,0.301147609949112,0.720267081260681
1586,MX20270,1586,318.000000000000000,0.005520833421667,0.204283848404884,0.589686155319214,0.385402306914330,0.253079755313741,0.047890850321952,80.479362189769702,0.243225656449795,0.282003363966942
1587,MX21135,1587,355.000000000000000,0.006163194543056,0.200583457946777,3.162068843841553,2.961485385894775,0.304346221307634,0.247139304904935,108.042908564209895,0.260307043790817,0.322356826066971
1588,MX20271,1588,355.000000000000000,0.006163194543056,0.196661293506622,1.564461946487427,1.367800652980804,0.309885568224208,0.167581936954743,110.009376719593973,0.253673493862152,0.424392855167389
1589,MX20272,1589,706.000000000000000,0.012256944640556,0.170630857348442,4.480764865875244,4.310134008526802,0.284299256612491,0.371897533518555,200.715275168418913,0.219138778746128,0.284394025802612
1590,MX20273,1590,537.000000000000000,0.009322916815833,0.188446462154388,2.020354986190796,1.831908524036407,0.291326027786710,0.160570388824169,156.442076921463070,0.247564762830734,0.383002793788910
1591,MX20274,1591,318.000000000000000,0.005520833421667,0.187460571527481,1.146671056747437,0.959210485219955,0.243045802573738,0.087183558635335,77.288565218448625,0.227115549147129,0.267686015367508
1592,MX20275,1592,1016.000000000000000,0.017638889171111,0.188328325748444,1.339307427406311,1.150979101657867,0.269200204849595,0.083936611810826,273.507408127188569,0.253088265657425,0.295791044831276
1593,MX20276,1593,101.000000000000000,0.001753472250278,0.175585746765137,1.146479368209839,0.970893621444702,0.314336251504350,0.165598959914496,31.747961401939392,0.256141394376755,0.492026120424271
1594,MX20278,1594,3641.000000000000000,0.063211806566944,0.201041489839554,8.369527816772461,8.168486326932907,0.430268307667419,0.492262235441152,1566.606908217071805,0.314113408327103,0.613211989402771
1595,MX20279,1595,337.000000000000000,0.005850694538056,0.189028158783913,2.267402887344360,2.078374728560448,0.319549286577751,0.243131926168159,107.688109576702175,0.237943440675735,0.512187451124193
1596,MX20281,1596,95.000000000000000,0.001649305581944,0.216731876134872,2.039121866226196,1.822389990091324,0.393679516566427,0.356195447106372,37.399554073810556,0.261767715215683,0.718587553501130
1597,MX20282,1597,1003.000000000000000,0.017413194723056,0.188939169049263,1.269264817237854,1.080325648188591,0.236367732539016,0.061895430138479,237.076835736632574,0.229222804307938,0.251264256238937
1598,MX20283,1598,799.000000000000000,0.013871527999722,0.189304485917091,2.520880699157715,2.331576213240623,0.297572917592839,0.186894750845472,237.760761156678768,0.262085676193237,0.340545278787613
1599,MX20284,1599,349.000000000000000,0.006059027874722,0.233761429786682,4.408761501312256,4.175000071525574,0.418148619568450,0.481902415235687,145.933868229389020,0.302157223224640,0.512863993644714
1600,MX20285,1600,504.000000000000000,0.008750000140000,0.225244700908661,4.999515056610107,4.774270355701447,0.419681046867655,0.488471153219043,211.519247621297893,0.310491532087326,0.520937556028366
1601,MX20286,1601,270.000000000000000,0.004687500075000,0.225857645273209,2.596902608871460,2.371044963598251,0.384442489401058,0.318640067685976,103.799472138285637,0.277510508894920,0.614440935850143
1602,MX12054,1602,11637.000000000000000,0.202031253232500,0.177711650729179,17.981273651123047,17.803562000393867,0.311429745184502,0.363203756401256,3624.107944712045082,0.249918624758720,0.394412910938263
1603,MX20287,1603,228.000000000000000,0.003958333396667,0.219138726592064,1.131263494491577,0.912124767899513,0.291089702332229,0.109582299151404,66.368452131748214,0.263329207897186,0.324627390503883
1604,MX21136,1604,42.000000000000000,0.000729166678333,1.808474540710449,38.172275543212891,36.363801002502441,10.414566360768818,8.279031235477673,437.411787152290344,7.808421850204468,20.223896598815919
1605,MX20288,1605,195.000000000000000,0.003385416720833,0.196907892823219,1.059930682182312,0.863022789359093,0.266871838539075,0.100891855900825,52.040008515119581,0.241598710417747,0.314782923460007
1606,MX20289,1606,147.000000000000000,0.002552083374167,0.211723491549492,0.845521986484528,0.633798494935036,0.322818870345751,0.123343883125822,47.454373940825462,0.274731129407883,0.483720034360886
1607,MX28036,1607,2798.000000000000000,0.048576389666111,0.195066347718239,0.885864317417145,0.690797969698906,0.243040196954394,0.035193957331359,680.026471078395389,0.239341460168362,0.262284806370735
1608,MX21137,1608,1045.000000000000000,0.018142361401389,0.286094635725021,8.064927101135254,7.778832465410233,0.647668166508515,0.747008629150612,676.813234001398541,0.420420676469803,1.072660517692566
1609,MX19046,1609,313.000000000000000,0.005434027864722,13.071064949035645,108.792945861816406,95.721880912780762,42.890103084210750,8.905879680137371,13424.602265357963915,41.630725860595703,49.929292297363290
1610,MX21138,1610,803.000000000000000,0.013940972445278,-1.500000000000000,13.994532585144043,15.494532585144043,0.619821553917632,1.148422789233724,497.716707795858554,0.422439992427826,0.817081236839294
1611,MX20290,1611,57.000000000000000,0.000989583349167,0.246868520975113,2.427532434463501,2.180663913488388,0.535365201402129,0.441612602651091,30.515816479921352,0.340343117713928,0.959850537776947
1612,MX24030,1612,3488.000000000000000,0.060555556524444,0.230786755681038,2.581341981887817,2.350555226206779,0.330164713558631,0.138328871437439,1151.614520892503606,0.304499313235283,0.367915803194046
1613,MX21139,1613,478.000000000000000,0.008298611243889,0.225617438554764,3.191056728363037,2.965439289808273,0.417360617837646,0.364086543269404,199.498375326394921,0.307733267545700,0.611822509765625
1614,MX20291,1614,918.000000000000000,0.015937500255000,0.171481043100357,1.193557858467102,1.022076815366745,0.242506888226356,0.089145651157942,222.621323391795102,0.222051024436951,0.266885462403297
1615,MX20292,1615,584.000000000000000,0.010138889051111,0.188242152333260,0.782833158969879,0.594591006636620,0.279951651695452,0.065668693295481,163.491764590144186,0.274078264832497,0.349990791082382
1616,MX29025,1616,289.000000000000000,0.005017361191389,0.726680517196655,31.924484252929688,31.197803735733032,5.400878520160401,6.666868480663580,1560.853892326355663,1.956633687019348,17.121761322021481
1617,MX20293,1617,219.000000000000000,0.003802083394167,0.310422122478485,24.539638519287109,24.229216396808624,2.542032891756868,3.840954551855843,556.705203294754142,0.756963849067688,6.295149707794200
1618,MX20294,1618,494.000000000000000,0.008576389026111,0.200601026415825,5.900725364685059,5.700124338269234,0.606068261601182,0.839743191165870,299.397721230983848,0.285308375954628,1.441811668872833
1619,MX20295,1619,214.000000000000000,0.003715277837222,0.258789628744125,7.447227478027344,7.188437849283218,1.085398231432816,1.406706423991643,232.275221526622659,0.466965764760971,2.728537416458130
1620,MX20296,1620,735.000000000000000,0.012760416870833,0.177491500973701,2.083412647247314,1.905921146273613,0.245340903133762,0.125365754981804,180.325563803315276,0.226879462599754,0.253704130649567
1621,MX20297,1621,573.000000000000000,0.009947916825833,0.195747643709183,1.964627623558044,1.768879979848862,0.314764105290642,0.157022958673544,180.359832331538001,0.261010497808456,0.456284165382386
1622,MX20298,1622,1374.000000000000000,0.023854167048333,0.193184122443199,20.963619232177734,20.770435109734535,0.530837601308306,1.328937011950303,729.370864197612036,0.260285943746567,0.684993743896485
1623,MX20299,1623,174.000000000000000,0.003020833381667,0.195459544658661,1.879046559333801,1.683587014675140,0.291702684914244,0.198521769377592,50.756267175078406,0.240175254642963,0.345628270506859
1624,MX05033,1624,37144.000000000000000,0.644861121428889,0.193382516503334,45.312576293945312,45.119193777441978,0.424891969864221,1.478259143058791,15782.187328636624443,0.253698214888573,0.442603144049645
1625,MX20300,1625,594.000000000000000,0.010312500165000,0.208914533257484,4.648466587066650,4.439552053809166,0.346377667453554,0.366816293409479,205.748334467410899,0.270866706967354,0.408110404014587
1626,MX20301,1626,40.000000000000000,0.000694444455556,0.401433676481247,3.133464574813843,2.732030898332596,0.941417184472084,0.691659090249642,37.656687378883362,0.624830722808838,2.191557860374451
1627,MX20302,1627,362.000000000000000,0.006284722322778,0.202312186360359,4.034018993377686,3.831706807017326,0.358319381365130,0.410248657794560,129.711616054177227,0.270785152912140,0.427451026439667
1628,MX20303,1628,16.000000000000000,0.000277777782222,0.341002374887466,2.276776552200317,1.935774177312851,0.972179448232055,0.516019364862645,15.554871171712879,0.883573830127716,1.579574584960938
1629,MX21140,1629,375.000000000000000,0.006510416770833,1.177801251411438,54.463439941406250,53.285638689994812,11.204338547706602,11.567603441640799,4201.626955389975592,6.727683067321777,30.796667098999031
1630,MX20305,1630,230.000000000000000,0.003993055619444,0.269792616367340,4.522476196289062,4.252683579921722,0.496295953185662,0.581480715486903,114.148069232702170,0.331565365195274,0.598445063829422
1631,MX20304,1631,460.000000000000000,0.007986111238889,0.173202484846115,1.180079340934753,1.006876856088638,0.253524111340875,0.083342680123173,116.621091216802526,0.236686229705811,0.282014560699463
1632,MX26057,1632,11910.000000000000000,0.206770836641667,0.198620364069939,6.954516410827637,6.755896046757698,0.248532358971740,0.149958857206557,2960.020395353424192,0.240094378590584,0.256814792752266
1633,MX10030,1633,9295.000000000000000,0.161371530359722,0.199753031134605,6.970343589782715,6.770590558648109,0.252532534194671,0.138382628404937,2347.289905339470351,0.245440065860748,0.262214219570160
1634,MX20306,1634,361.000000000000000,0.006267361211389,0.194380953907967,1.064966082572937,0.870585128664970,0.305122287567303,0.119087027699423,110.149145811796217,0.264367669820786,0.420932263135910
1635,MX19019,1635,366.000000000000000,0.006354166768333,1.033245444297791,71.492179870605469,70.458934426307678,21.113951960873710,16.683333957439533,7727.706417679777587,19.546786308288574,45.265165328979492
1636,MX20307,1636,3375.000000000000000,0.058593750937500,0.176727414131165,4.213897228240967,4.037169814109802,0.254174900222708,0.188403853312106,857.840288251638526,0.223799020051956,0.270169270038605
1637,MX20308,1637,126.000000000000000,0.002187500035000,1.270283341407776,31.154314041137695,29.884030699729919,5.485411409347777,5.307469530852535,691.161837577819938,3.291337966918945,12.642581939697266
1638,MX20309,1638,508.000000000000000,0.008819444585556,0.242664217948914,3.399806022644043,3.157141804695129,0.492000695992643,0.368044684496644,249.936353564262447,0.388567596673965,0.717552202939987
1639,MX20310,1639,115.000000000000000,0.001996527809722,0.332413226366043,6.158062934875488,5.825649708509445,1.868089242862618,1.499468587326044,214.830262929201098,1.500942349433899,4.111244201660156
1640,MX20311,1640,256.000000000000000,0.004444444515556,0.188374459743500,0.857184588909149,0.668810129165649,0.247662757348735,0.072121451437777,63.401665881276131,0.234549626708031,0.260713338851929
1641,MX20312,1641,415.000000000000000,0.007204861226389,0.246789202094078,5.286157131195068,5.039367929100990,0.511186034600419,0.555982625388132,212.142204359173746,0.342675715684891,0.840534949302674
1642,MX20313,1642,340.000000000000000,0.005902777872222,0.196252435445786,1.699700355529785,1.503447920084000,0.278903104233391,0.165829471908007,94.827055439352961,0.242711886763573,0.300151270627976
1643,MX20314,1643,285.000000000000000,0.004947916745833,0.192527249455452,2.088480949401855,1.895953699946404,0.281943589501214,0.208215542844169,80.353923007845879,0.227888584136963,0.345633375644684
1644,MX18013,1644,2577.000000000000000,0.044739584049167,0.201946035027504,11.671578407287598,11.469632372260094,0.358467394071907,0.582978928209203,923.770474523304301,0.264229416847229,0.386016708612442
1645,MX20315,1645,39.000000000000000,0.000677083344167,0.526558220386505,3.002684593200684,2.476126372814178,1.085743679450109,0.638421465248791,42.344003498554230,0.886403203010559,1.953208589553834
1646,MX20316,1646,587.000000000000000,0.010190972385278,0.197393819689751,1.795603394508362,1.598209574818611,0.249625999385291,0.119076625393601,146.530461639165878,0.231777012348175,0.260236960649490
1647,MX20317,1647,398.000000000000000,0.006909722332778,0.201781153678894,2.242887258529663,2.041106104850769,0.302439737597003,0.208408586934684,120.371015563607230,0.253039330244064,0.362477007508278
1648,MX20318,1648,1584.000000000000000,0.027500000440000,0.199111118912697,26.933183670043945,26.734072551131248,0.776484152462070,2.283677404841328,1229.950897499919165,0.273872539401054,0.808336663246155
1649,MX20319,1649,753.000000000000000,0.013072916875833,0.075853079557419,2.455021619796753,2.379168540239334,0.231641498388126,0.131384960743163,174.426048286259203,0.215119957923889,0.252733314037323
1650,MX20320,1650,130.000000000000000,0.002256944480556,0.226562112569809,1.123900175094604,0.897338062524796,0.321329167255989,0.139458521493748,41.772791743278518,0.273015201091766,0.464608252048493
1651,MX20321,1651,538.000000000000000,0.009340277927222,0.194737300276756,1.254997849464417,1.060260549187660,0.269202167826071,0.080031914247318,144.830766290426368,0.254603073000908,0.308972331881523
1652,MX20322,1652,31.000000000000000,0.000538194453056,0.333438992500305,3.052862644195557,2.719423651695251,0.877166676905847,0.729746242372527,27.192166984081268,0.549988925457001,2.060301065444946
1653,MX20323,1653,205.000000000000000,0.003559027834722,0.220064952969551,1.218300104141235,0.998235151171684,0.297509576198531,0.126686254155846,60.989463120698936,0.260209292173386,0.355512076616287
1654,MX20324,1654,2158.000000000000000,0.037465278377222,0.197309195995331,23.160057067871094,22.962747871875763,0.609882113680008,1.364407993043761,1316.125601321457225,0.324037984013557,0.832275277376175
1655,MX20325,1655,2753.000000000000000,0.047795139653611,0.176198884844780,7.920722007751465,7.744523122906685,0.278148724286504,0.334457478762500,765.743437960745950,0.231600925326347,0.291208148002625
1656,MX20326,1656,747.000000000000000,0.012968750207500,0.185755670070648,1.184381246566772,0.998625576496124,0.256324277804239,0.093228390387044,191.474235519766808,0.235963121056557,0.278277808427811
1657,MX20327,1657,3474.000000000000000,0.060312500965000,0.194573402404785,12.456037521362305,12.261464118957520,0.443193756318428,0.814841222454154,1539.655109450219697,0.290787965059280,0.529288578033448
1658,MX20328,1658,482.000000000000000,0.008368055689444,0.195790439844131,1.652244448661804,1.456454008817673,0.256242854713899,0.112754476731497,123.509055972099276,0.236130267381668,0.272718805074692
1659,MX20329,1659,455.000000000000000,0.007899305681944,0.189949184656143,2.797249794006348,2.607300609350204,0.267066246402133,0.190716739142023,121.515142112970310,0.233829155564308,0.278397190570831
1660,MX20330,1660,729.000000000000000,0.012656250202500,0.197466909885406,1.059412717819214,0.861945807933807,0.278321480881857,0.091633537475067,202.896359562873783,0.257071971893311,0.308263283967972
1661,MX20331,1661,223.000000000000000,0.003871527839722,0.193072050809860,2.353055238723755,2.159983187913895,0.338957624384641,0.303887725729950,75.587550237774892,0.235620945692062,0.579826116561890
1662,MX14098,1662,588.000000000000000,0.010208333496667,3.912246465682983,63.334148406982422,59.421901941299438,32.703787165839671,14.960303490372951,19229.826853513724927,35.734607696533203,50.350195312500006
1663,MX20332,1663,161.000000000000000,0.002795138933611,0.197709754109383,0.760340332984924,0.562630578875542,0.278618926864973,0.086287485065061,44.857647225260713,0.253061562776566,0.338381677865982
1664,MX20333,1664,1964.000000000000000,0.034097222767778,0.182568445801735,6.909718513488770,6.727150067687035,0.299550831704846,0.353148807462494,588.317833468318099,0.238859586417675,0.306746420264244
1665,MX20337,1665,838.000000000000000,0.014548611343889,0.206510156393051,6.540264606475830,6.333754450082779,0.370028307016823,0.508045082574199,310.083721280097905,0.268467232584953,0.449842464923859
1666,MX20339,1666,876.000000000000000,0.015208333576667,0.201258227229118,5.583175182342529,5.381916955113411,0.344482295538329,0.390163238156742,301.766490891575870,0.255213677883148,0.456154257059097
1667,MX20340,1667,891.000000000000000,0.015468750247500,0.198832079768181,2.027494907379150,1.828662827610970,0.292148458385708,0.173806056412035,260.304276421666202,0.249689355492592,0.341674000024796
1668,MX20335,1668,141.000000000000000,0.002447916705833,0.194860517978668,0.966334283351898,0.771473765373230,0.276060262576063,0.108023275653592,38.924497023224831,0.243399336934090,0.364289164543152
1669,MX21141,1669,863.000000000000000,0.014982639128611,0.201676145195961,4.878704071044922,4.677027925848961,0.349227318205673,0.363774307598288,301.383175611495687,0.252696961164474,0.454076951742173
1670,MX20336,1670,809.000000000000000,0.014045139113611,0.182573616504669,1.190037965774536,1.007464349269867,0.247561797407560,0.091901974286554,200.277494102716275,0.231868356466293,0.263469731807709
1671,MX20341,1671,143.000000000000000,0.002482638928611,0.212223500013351,1.175934433937073,0.963710933923721,0.279357715294911,0.123756423001574,39.948153287172332,0.248169571161270,0.287582337856293
1672,MX30211,1672,1443.000000000000000,0.025052083734167,0.241504997014999,12.045279502868652,11.803774505853653,0.651017427423805,0.968722256760455,939.418147772550924,0.358671963214874,1.178037357330322
1673,MX20342,1673,41.000000000000000,0.000711805566944,1.683357477188110,11.971052169799805,10.287694692611694,4.196199853245803,2.614980045410880,172.044193983077918,3.173585891723633,7.656402587890625
1674,MX13054,1674,1026.000000000000000,0.017812500285000,0.370834827423096,10.122639656066895,9.751804828643799,1.648976146768175,1.501977101494076,1691.849526584147952,1.029433906078339,3.709160685539246
1675,MX21142,1675,1089.000000000000000,0.018906250302500,0.301668405532837,16.838838577270508,16.537170171737671,0.945820700120663,1.690917511091764,1029.998742431402206,0.483355253934860,1.533147025108338
1676,MX21143,1676,554.000000000000000,0.009618055709444,-1.500000000000000,16.093009948730469,17.593009948730469,1.857803876273036,2.791838856717205,1029.223347455262001,0.529756486415863,5.887057113647461
1677,MX21144,1677,118.000000000000000,0.002048611143889,1.051792144775391,23.145065307617188,22.093273162841797,4.623811900615694,4.771892895675135,545.609804272651900,2.561055064201355,12.069439601898191
1678,MX20343,1678,74.000000000000000,0.001284722242778,0.452376663684845,3.858194112777710,3.405817449092865,1.188769375553002,0.876039353683544,87.968933790922165,0.671469151973724,2.385311746597290
1679,MX20344,1679,1009.000000000000000,0.017517361391389,0.163811311125755,2.121972322463989,1.958161011338234,0.242839793206679,0.118699011730972,245.025351345539121,0.223494991660118,0.260078036785126
1680,MX14080,1680,5581.000000000000000,0.096892362661389,0.191400900483131,8.022061347961426,7.830660447478294,0.272919061469723,0.248948359563109,1523.161282062525515,0.243393361568451,0.287701457738876
1681,MX20345,1681,481.000000000000000,0.008350694578056,0.226190760731697,3.293747186660767,3.067556425929070,0.385783704055818,0.322301583326332,185.561961650848332,0.298468917608261,0.515759766101837
1682,MX20346,1682,216.000000000000000,0.003750000060000,0.198139011859894,2.225850582122803,2.027711570262909,0.312266903205051,0.247989422939686,67.449651092290935,0.250578135251999,0.340077787637711
1683,MX20347,1683,518.000000000000000,0.008993055699444,0.190995678305626,1.265601515769958,1.074605837464333,0.286212789908799,0.127136686335351,148.258225172758102,0.251240909099579,0.363033697009087
1684,MX20348,1684,1132.000000000000000,0.019652778092222,0.202480092644691,4.642702579498291,4.440222486853600,0.326115955746743,0.315058522960681,369.163261905312595,0.258890300989151,0.407917493581772
1685,MX20349,1685,151.000000000000000,0.002621527819722,0.472999572753906,3.806923866271973,3.333924293518066,0.778713537170397,0.542913705249267,117.585744112729969,0.613912403583527,1.070254802703857
1686,MX21145,1686,1151.000000000000000,0.019982639208611,0.200816601514816,3.487792968750000,3.286976367235184,0.340366417938580,0.198023918313233,391.761747047305050,0.299978226423264,0.428664624691010
1687,MX20350,1687,35.000000000000000,0.000607638898611,1.424445271492004,35.148815155029297,33.724369883537292,12.130671882629388,10.075580768231463,424.573515892028581,9.554512023925781,24.921168518066409
1688,MX20351,1688,246.000000000000000,0.004270833401667,0.210108369588852,1.127978086471558,0.917869716882706,0.364834731490147,0.151076611560218,89.749343946576090,0.324537053704262,0.529348522424698
1689,MX15077,1689,650.000000000000000,0.011284722402778,0.269967615604401,2.750937461853027,2.480969846248627,0.429105545144815,0.249084762572817,278.918604344129506,0.347033366560936,0.637681913375854
1690,MX20352,1690,223.000000000000000,0.003871527839722,0.223059877753258,4.741669178009033,4.518609300255775,0.476930359553863,0.537598693893701,106.355470180511460,0.304678529500961,0.640758764743805
1691,MX20534,1691,518.000000000000000,0.008993055699444,0.180876761674881,2.794454097747803,2.613577336072922,0.273452191681935,0.235616971857013,141.648235291242486,0.225603044033051,0.288850694894791
1692,MX20535,1692,668.000000000000000,0.011597222407778,0.187236368656158,2.403988599777222,2.216752231121063,0.265521888225200,0.169952830081823,177.368621334433556,0.229611739516258,0.315157574415207
1693,MX20536,1693,346.000000000000000,0.006006944540556,0.196841135621071,1.246898293495178,1.050057157874107,0.250156085399879,0.100040927497729,86.554005548357978,0.232843890786171,0.266888618469238
1694,MX24034,1694,2610.000000000000000,0.045312500725000,0.199535727500916,9.526535034179688,9.326999306678772,0.368375525346662,0.515435639382637,961.460121154788339,0.273599803447723,0.459842407703400
1695,MX31064,1695,131.000000000000000,0.002274305591944,0.260534435510635,6.721911907196045,6.461377471685410,0.700020799882540,1.037837055517457,91.702724784612684,0.375582903623581,1.241486787796021
1696,MX29020,1696,499.000000000000000,0.008663194583056,0.395397663116455,15.421057701110840,15.025660037994385,1.035189071853081,1.625831562141387,516.559346854687533,0.581685185432434,1.515402317047117
1697,MX20353,1697,266.000000000000000,0.004618055629444,0.190810725092888,1.697693228721619,1.506882503628731,0.336529677243609,0.229179006893091,89.516894146800013,0.248612873256207,0.610002338886261
1698,MX26058,1698,7996.000000000000000,0.138819446665556,0.218293547630310,32.572742462158203,32.354448914527893,0.428971945028147,1.351534357325207,3430.059672445066099,0.271529376506805,0.379446923732758
1699,MX20354,1699,75.000000000000000,0.001302083354167,0.234577178955078,1.357365846633911,1.122788667678833,0.322943850557009,0.170086153194269,24.220788791775707,0.271839410066605,0.458286732435227
1700,MX20355,1700,203.000000000000000,0.003524305611944,0.221443444490433,0.824458181858063,0.603014737367630,0.277316392936143,0.073421162961711,56.295227766037009,0.259533435106277,0.303673160076141
1701,MX20356,1701,135.000000000000000,0.002343750037500,0.291626483201981,5.304465770721436,5.012839287519455,0.840876588335744,0.965735814647815,113.518339425325394,0.461155861616135,2.023219251632691
1702,MX16078,1702,511.000000000000000,0.008871527919722,0.355625599622726,7.655747890472412,7.300122290849686,0.797203927707299,0.799485800675965,407.371207058429661,0.525295019149780,1.521048784255981
1703,MX29056,1703,49.000000000000000,0.000850694458056,1.232785820960999,14.745326995849609,13.512541174888611,5.581558784660029,4.215619582504723,273.496380448341426,3.785778284072876,13.059921836853029
1704,MX20357,1704,842.000000000000000,0.014618055789444,0.185781747102737,3.335850477218628,3.150068730115891,0.246689669734792,0.179514379463787,207.712701916694670,0.223480276763439,0.261705702543259
1705,MX20358,1705,223.000000000000000,0.003871527839722,0.242462337017059,3.146992683410645,2.904530346393585,0.435778059098753,0.353907434799356,97.178507179021850,0.311490684747696,0.760715091228485
1706,MX20359,1706,228.000000000000000,0.003958333396667,0.204944103956223,2.860713481903076,2.655769377946854,0.316042821723641,0.288837174128716,72.057763352990122,0.252555683255196,0.342003253102303
1707,MX20360,1707,132.000000000000000,0.002291666703333,0.464335381984711,3.604585886001587,3.140250504016876,0.811365993411252,0.523910007023266,107.100311130285263,0.590272933244705,1.352186548709870
1708,MX29057,1708,36.000000000000000,0.000625000010000,1.389811992645264,18.756940841674805,17.367128849029541,6.053061339590286,4.718430240116090,217.910208225250301,4.006925463676453,13.461592197418213
1709,MX08060,1709,1809.000000000000000,0.031406250502500,0.222601205110550,36.511882781982422,36.289281576871872,0.702985264925154,2.302782954883657,1271.700344249603177,0.331711560487747,0.758817231655121
1710,MX20361,1710,248.000000000000000,0.004305555624444,0.168475717306137,0.963073968887329,0.794598251581192,0.246204970644847,0.071714188116777,61.058832719922059,0.233644351363182,0.267909640073776
1711,MX11034,1711,977.000000000000000,0.016961805826944,0.237874403595924,7.819396495819092,7.581522092223167,0.523961614378887,0.652965703812403,511.910497248173044,0.341476559638977,0.781253755092621
1712,MX19048,1712,4733.000000000000000,0.082170140203611,0.279991567134857,71.007133483886719,70.727141916751862,3.017643773320270,9.357334681194891,14282.507979124837220,0.420835316181183,3.164413499832157
1713,MX24031,1713,3221.000000000000000,0.055920139783611,0.195623844861984,1.324592351913452,1.128968507051468,0.292854785655493,0.087149781578501,943.285264596342017,0.271034449338913,0.353353857994080
1714,MX29058,1714,47.000000000000000,0.000815972235278,2.452608823776245,19.156753540039062,16.704144716262817,7.992017294498201,4.605049658049851,375.624812841415405,7.467264652252197,14.218911170959471
1715,MX20362,1715,124.000000000000000,0.002152777812222,0.208077073097229,2.414850950241089,2.206773877143860,0.497129204172281,0.442130759252492,61.644021317362814,0.314440265297890,0.835003161430359
1716,MX20363,1716,1078.000000000000000,0.018715278077222,0.204045027494431,1.855717897415161,1.651672869920731,0.295741365534808,0.099210328452672,318.809192046522753,0.277748838067055,0.344979077577591
1717,MX20364,1717,3095.000000000000000,0.053732639748611,0.178259715437889,15.653992652893066,15.475732937455177,0.275783266086185,0.492959205403353,853.549208536743208,0.221345707774162,0.289136022329330
1718,MX20365,1718,495.000000000000000,0.008593750137500,0.206908807158470,1.032488346099854,0.825579538941383,0.268181028932032,0.079696286458774,132.749609321355734,0.251744240522385,0.290321326255798
1719,MX20366,1719,613.000000000000000,0.010642361281389,0.182408377528191,2.921067953109741,2.738659575581551,0.272395662027510,0.233770592233145,166.978540822863721,0.228192448616028,0.289483654499054
1720,MX20367,1720,249.000000000000000,0.004322916735833,0.237571552395821,4.773796081542969,4.536224529147148,0.436805472974796,0.544271744621295,108.764562770724325,0.316445082426071,0.438793766498566
1721,MX20368,1721,178.000000000000000,0.003090277827222,0.282566487789154,4.084256649017334,3.801690161228180,0.644063480951813,0.598401108584546,114.643299609422755,0.398317471146584,1.207588303089143
1722,MX20369,1722,101.000000000000000,0.001753472250278,0.490751624107361,9.191758155822754,8.701006531715393,1.240438503794151,1.451923665783416,125.284288883209229,0.717204809188843,2.346212863922119
1723,MX20074,1723,187.000000000000000,0.003246527829722,0.193407490849495,1.067989826202393,0.874582335352898,0.262960796687692,0.119099969679847,49.173668980598428,0.235072702169418,0.297879284620285
1724,MX20370,1724,187.000000000000000,0.003246527829722,0.224135801196098,1.427566289901733,1.203430488705635,0.303659832254451,0.147555244010275,56.784388631582260,0.259230196475983,0.376478081941605
1725,MX20371,1725,145.000000000000000,0.002517361151389,0.235716253519058,1.726381778717041,1.490665525197983,0.402457358816574,0.225170365032063,58.356317028403282,0.345388799905777,0.510384118556976
1726,MX21146,1726,238.000000000000000,0.004131944510556,0.272569149732590,5.477964401245117,5.205395251512527,0.538158736058644,0.676070810612231,128.081779181957273,0.360878929495811,0.708878463506699
1727,MX20372,1727,184.000000000000000,0.003194444495556,0.236365124583244,2.806246757507324,2.569881632924080,0.470103017904836,0.318661696370739,86.498955294489861,0.389814302325249,0.654861879348755
1728,MX20373,1728,585.000000000000000,0.010156250162500,0.177364543080330,0.872987091541290,0.695622548460960,0.233573151322512,0.056052529134781,136.640293523669271,0.225204229354858,0.251419270038605
1729,MX10031,1729,5058.000000000000000,0.087812501405000,0.205971613526344,8.669985771179199,8.464014157652855,0.292482490991947,0.344445842485671,1479.376439437268573,0.250939071178436,0.293666443228722
1730,MX26059,1730,5425.000000000000000,0.094184029284722,0.227355435490608,18.543230056762695,18.315874621272087,0.328084714896118,0.665323568177356,1779.859578311441510,0.272719562053680,0.295873677730560
1731,MX20374,1731,37.000000000000000,0.000642361121389,0.333032608032227,1.983289837837219,1.650257229804993,0.652580143632116,0.410402756226054,24.145465314388275,0.455871701240540,1.338057017326355
1732,MX20375,1732,11.000000000000000,0.000190972225278,9.109906196594238,24.240055084228516,15.130148887634277,16.418395389210094,5.295868249203618,180.602349281311035,18.963611602783203,21.645547866821289
1733,MX20376,1733,91.000000000000000,0.001579861136389,0.209995627403259,1.279537081718445,1.069541454315186,0.296933013331759,0.180552132388325,27.020904213190082,0.245383337140083,0.359318941831589
1734,MX11035,1734,2138.000000000000000,0.037118056149444,0.344347864389420,32.706562042236328,32.362214177846909,1.554345363554161,2.645856968739451,3323.190387278795242,0.874913930892944,2.754419159889221
1735,MX20377,1735,2756.000000000000000,0.047847222987778,0.183925777673721,4.355143547058105,4.171217769384384,0.272998552396352,0.186840633991714,752.384010404347350,0.239447049796581,0.307537332177162
1736,MX20378,1736,222.000000000000000,0.003854166728333,0.209989160299301,2.323359012603760,2.113369852304459,0.455500342891560,0.414356212186168,101.121076121926350,0.286096259951591,0.870845240354538
1737,MX20379,1737,212.000000000000000,0.003680555614444,0.256028056144714,2.830313920974731,2.574285864830017,0.472896768237060,0.338393251510644,100.254114866256742,0.384580582380295,0.690316945314407
1738,MX20380,1738,71.000000000000000,0.001232638908611,0.429362714290619,3.430457830429077,3.001095116138458,0.826576581723253,0.642578781780920,58.686937302350977,0.569397270679474,1.719771623611450
1739,MX29059,1739,28.000000000000000,0.000486111118889,1.682134509086609,13.751276969909668,12.069142460823059,6.637333767754691,3.437919953713537,185.845345497131348,6.548560380935669,10.822182464599610
1740,MX20381,1740,137.000000000000000,0.002378472260278,0.210201069712639,3.601437807083130,3.391236737370491,0.493105522581261,0.581004348309491,67.555456593632698,0.270549744367599,1.025581407546998
1741,MX20382,1741,233.000000000000000,0.004045138953611,0.197700813412666,1.100133180618286,0.902432367205620,0.261194910870089,0.107084758816641,60.858414232730816,0.234018057584763,0.303217411041260
1742,MX20383,1742,109.000000000000000,0.001892361141389,0.228991135954857,0.861815690994263,0.632824555039406,0.353369082469459,0.136673053078723,38.517229989171014,0.296277374029160,0.545241534709930
1743,MX29026,1743,130.000000000000000,0.002256944480556,1.124808430671692,19.002738952636719,17.877930521965027,5.589766701368185,3.426666882629817,726.669671177864075,4.588747501373291,9.376906871795654
1744,MX20384,1744,275.000000000000000,0.004774305631944,0.203865930438042,3.187754631042480,2.983888700604439,0.470323057824915,0.426329991513933,129.338840901851597,0.332605570554733,0.796321892738342
1745,MX20385,1745,211.000000000000000,0.003663194503056,0.987842798233032,36.374679565429688,35.386836767196655,9.597408341005513,7.872063005103805,2025.053159952163242,7.918654441833496,18.991943359375000
1746,MX20386,1746,2355.000000000000000,0.040885417320833,0.179254665970802,2.911408662796021,2.732153996825218,0.251675927803521,0.112525731159550,592.696809977292901,0.227391853928566,0.310119676589966
1747,MX31066,1747,2555.000000000000000,0.044357639598611,0.194425478577614,7.357390403747559,7.162964925169945,0.267412489909248,0.328348749028066,683.238911718128747,0.232167556881905,0.257932621240616
1748,MX20387,1748,147.000000000000000,0.002552083374167,0.271845340728760,4.393192768096924,4.121347427368164,0.756833719761194,0.704533446578242,111.254556804895444,0.470983177423477,1.589481925964356
1749,MX21147,1749,1411.000000000000000,0.024496528169722,0.205775156617165,13.212073326110840,13.006298169493675,0.428288599242562,0.881657123123624,604.315213531254585,0.274211794137955,0.463275641202927
1750,MX20569,1750,409.000000000000000,0.007100694558056,0.215444818139076,1.637947797775269,1.422502979636192,0.289380663363741,0.123911327204633,118.356691315770078,0.258947312831879,0.335744905471802
1751,MX20388,1751,241.000000000000000,0.004184027844722,0.248327165842056,1.021294355392456,0.772967189550400,0.362622835205798,0.114151613344797,87.392103284597397,0.330138176679611,0.465052545070648
1752,MX20389,1752,11.000000000000000,0.000190972225278,0.622211694717407,3.305973768234253,2.683762073516846,1.784400013360110,0.770200055906341,19.628400146961212,1.973197937011719,2.461501121520996
1753,MX08024,1753,3547.000000000000000,0.061579862096389,0.235884681344032,8.222732543945312,7.986847862601280,0.381954157275989,0.409553756527957,1354.791395857931548,0.300413101911545,0.420107984542847
1754,MX21148,1754,165.000000000000000,0.002864583379167,1.030092716217041,22.696281433105469,21.666188716888428,4.629184209216722,3.947069609944732,763.815394520759128,3.482390165328979,9.296796798706053
1755,MX29060,1755,28.000000000000000,0.000486111118889,5.827707290649414,17.695421218872070,11.867713928222656,8.520702362060547,2.494465205049637,238.579666137695312,8.071795940399170,9.960839176177979
1756,MX20390,1756,45.000000000000000,0.000781250012500,7.089655399322510,43.601573944091797,36.511918544769287,22.769935364193390,8.502068428954312,1024.647091388702620,22.667943954467773,33.859777832031256
1757,MX20391,1757,336.000000000000000,0.005833333426667,0.183987408876419,1.358244776725769,1.174257367849350,0.262937889877884,0.124613111429339,88.347130998969007,0.233845762908459,0.310110226273537
1758,MX20392,1758,763.000000000000000,0.013246527989722,0.209243774414062,1.673664569854736,1.464420795440674,0.306672193471289,0.114840993011770,233.990883618593415,0.272854685783386,0.389863300323486
1759,MX20393,1759,56.000000000000000,0.000972222237778,0.349327594041824,3.938716888427734,3.589389294385910,1.016590867191553,0.970319816654789,56.929088562726960,0.528983056545258,2.372079849243164
1760,MX20047,1760,136.000000000000000,0.002361111148889,0.197802662849426,1.031063675880432,0.833261013031006,0.282001026960857,0.116229300561971,38.352139666676514,0.252810135483742,0.320039942860603
1761,MX20394,1761,478.000000000000000,0.008298611243889,0.207547426223755,1.924433946609497,1.716886520385742,0.297875154903743,0.160749903128319,142.384324043989011,0.260208770632744,0.349284419417381
1762,MX20395,1762,400.000000000000000,0.006944444555556,0.188004463911057,0.731777310371399,0.543772846460342,0.251690853089094,0.063897809384760,100.676341235637651,0.234330415725708,0.293705657124519
1763,MX20399,1763,153.000000000000000,0.002656250042500,0.666724443435669,18.864246368408203,18.197521924972534,5.210611676078998,4.976358654601030,797.223586440086706,2.520481348037720,13.389326858520509
1764,MX20400,1764,466.000000000000000,0.008090277907222,0.211270168423653,2.634699344635010,2.423429176211357,0.309899599095526,0.232703388141754,144.413213178515321,0.263454854488373,0.331738457083702
1765,MX20404,1765,305.000000000000000,0.005295138973611,0.191965878009796,2.041674375534058,1.849708497524261,0.297728470016698,0.175414475206888,90.807183355092988,0.253267109394073,0.372160071134568
1766,MX20406,1766,1403.000000000000000,0.024357639278611,0.212135031819344,3.419844627380371,3.207709595561028,0.339178833741421,0.177084507475629,475.867903739213830,0.297443032264709,0.447934067249298
1767,MX20407,1767,22220.000000000000000,0.385763895061111,0.181565582752228,3.175310134887695,2.993744552135468,0.251659965253595,0.051998085507354,5591.884427934891391,0.248771496117115,0.274659380316734
1768,MX20401,1768,2008.000000000000000,0.034861111668889,0.200623527169228,17.442474365234375,17.241850838065147,0.501595536410155,1.115481061841671,1007.203837111590474,0.276658192276955,0.617352992296219
1769,MX20402,1769,401.000000000000000,0.006961805666944,0.204979136586189,1.807614207267761,1.602635070681572,0.303305779980900,0.155251536681911,121.625617772340775,0.262711703777313,0.363858640193939
1770,MX20403,1770,33.000000000000000,0.000572916675833,1.336691498756409,13.324607849121094,11.987916350364685,4.785156401720915,3.471942833350672,157.910161256790190,3.867649793624878,10.654482078552247
1771,MX32058,1771,1400.000000000000000,0.024305555944444,0.221951052546501,7.641167163848877,7.419216111302376,0.344045389347843,0.433014171130035,481.663545086980548,0.274300485849380,0.383503967523575
1772,MX14081,1772,1317.000000000000000,0.022864583699167,0.226428464055061,2.894078969955444,2.667650505900383,0.336715920571586,0.225860729300685,443.454867392778226,0.273883789777756,0.454982370138168
1773,MX14056,1773,3854.000000000000000,0.066909723292778,0.199008494615555,2.361846685409546,2.162838190793991,0.255463084808179,0.069233958286919,984.554728850723109,0.248732209205627,0.270802840590477
1774,MX18014,1774,5480.000000000000000,0.095138890411111,0.213264867663383,18.302682876586914,18.089418008923531,0.395344181350657,0.609450694446503,2166.486113801602187,0.286998108029366,0.470715385675431
1775,MX24032,1775,8562.000000000000000,0.148645835711667,0.206268548965454,13.247689247131348,13.041420698165894,0.401071335160544,0.557168541353273,3433.972771644581371,0.292582735419273,0.537681031227112
1776,MX20408,1776,121.000000000000000,0.002100694478056,0.226888373494148,0.791272282600403,0.564383909106255,0.308045864105225,0.082649891759333,37.273549556732171,0.280743718147278,0.378147393465042
1777,MX20409,1777,82.000000000000000,0.001423611133889,0.749288499355316,15.198331832885742,14.449043333530426,3.154658504375597,3.729013613406976,258.681997358798924,1.093498051166534,9.145823860168459
1778,MX20410,1778,2627.000000000000000,0.045607639618611,0.172890707850456,1.139198422431946,0.966307714581490,0.224563005904666,0.068940393344526,589.927016511558918,0.213611721992493,0.237811574339867
1779,MX20411,1779,36.000000000000000,0.000625000010000,0.524012267589569,3.084065914154053,2.560053646564484,1.003306595815553,0.640964622371472,36.119037449359915,0.640460252761841,1.875751316547394
1780,MX20412,1780,1906.000000000000000,0.033090278307222,0.182542711496353,2.866431951522827,2.683889240026474,0.250714599218411,0.112491089954661,477.862026110290628,0.236266717314720,0.278160050511360
1781,MX20413,1781,2478.000000000000000,0.043020834021667,0.196658492088318,27.020221710205078,26.823563218116760,0.879440009654096,2.400395459578602,2179.252343922848922,0.312628015875816,1.186791062355042
1782,MX20414,1782,1336.000000000000000,0.023194444815556,0.192297026515007,6.767469882965088,6.575172856450081,0.348012357414840,0.425302386997360,464.944509506225756,0.266518652439117,0.390206962823868
1783,MX20415,1783,819.000000000000000,0.014218750227500,0.194934934377670,2.255839347839355,2.060904413461685,0.301041726391395,0.180011092775210,246.553173914552133,0.257295906543732,0.370454579591751
1784,MX20416,1784,868.000000000000000,0.015069444685556,0.185624152421951,6.144081592559814,5.958457440137863,0.282680148078549,0.382255052150001,245.366368532180900,0.235768221318722,0.272813999652863
1785,MX20417,1785,1589.000000000000000,0.027586805996944,0.210915133357048,4.145023822784424,3.934108689427376,0.337132058085849,0.211976960250138,535.702840298414571,0.289220333099365,0.422971028089523
1786,MX20418,1786,3548.000000000000000,0.061597223207778,0.173875138163567,14.920886039733887,14.747010901570320,0.300700196700240,0.591893726024636,1066.884297892450832,0.230348780751228,0.304986706376076
1787,MX20419,1787,260.000000000000000,0.004513888961111,0.200619459152222,1.409171462059021,1.208552002906799,0.280179430085879,0.134901738524273,72.846651822328511,0.251786202192307,0.291093179583549
1788,MX20396,1788,34.000000000000000,0.000590277787222,0.385708898305893,2.385482072830200,1.999773174524307,1.052882629282334,0.583401895141806,35.798009395599358,0.827645212411880,2.077666807174682
1789,MX20420,1789,248.000000000000000,0.004305555624444,0.174115836620331,4.590428352355957,4.416312515735626,0.347633358631884,0.475007098296885,86.213072940707278,0.229186147451401,0.415032875537872
1790,MX20421,1790,718.000000000000000,0.012465277977222,0.207160651683807,6.285257339477539,6.078096687793732,0.413426353531295,0.552360759321873,296.840121835470029,0.288801655173302,0.517833393812180
1791,MX20422,1791,213.000000000000000,0.003697916725833,0.218865320086479,1.012536168098450,0.793670848011971,0.333665535413603,0.140369098575005,71.070759043097468,0.287116199731827,0.495431482791901
1792,MX20423,1792,378.000000000000000,0.006562500105000,0.193339198827744,0.686645984649658,0.493306785821915,0.260362117497063,0.062954755916957,98.416880413889984,0.246526271104813,0.299468690156937
1793,MX20424,1793,704.000000000000000,0.012222222417778,0.186855643987656,1.509087204933167,1.322231560945511,0.257123937682164,0.113702778482281,181.015252128243503,0.229881152510643,0.304145824909210
1794,MX20425,1794,270.000000000000000,0.004687500075000,0.181850448250771,2.371145486831665,2.189295038580894,0.302563514808814,0.243691421550445,81.692148998379693,0.243828244507313,0.373205181956291
1795,MX20426,1795,1143.000000000000000,0.019843750317500,0.190888196229935,1.390689015388489,1.199800819158554,0.258663539654940,0.076830692798967,295.652425825596197,0.242603033781052,0.302913242578506
1796,MX20427,1796,752.000000000000000,0.013055555764444,0.249735012650490,9.484392166137695,9.234657153487206,0.788865565758278,1.115694995575347,593.226905450224876,0.440711185336113,1.361780607700347
1797,MX20428,1797,783.000000000000000,0.013593750217500,0.169957950711250,0.757371544837952,0.587413594126701,0.228737470271639,0.052471640370704,179.101439222693443,0.220102295279503,0.246040678024292
1798,MX20429,1798,252.000000000000000,0.004375000070000,0.186876982450485,1.323758125305176,1.136881142854691,0.280540846938652,0.138631882763229,70.696293428540272,0.237799271941185,0.402191501855850
1799,MX20430,1799,180.000000000000000,0.003125000050000,0.193029344081879,0.957787573337555,0.764758229255676,0.257432946066062,0.092834785075634,46.337930291891098,0.235391736030579,0.277250215411186
1800,MX20431,1800,1818.000000000000000,0.031562500505000,0.168946921825409,3.213212966918945,3.044266045093536,0.248562902867860,0.155940132600394,451.887357413769394,0.232037313282490,0.258544287085533
1801,MX20432,1801,63.000000000000000,0.001093750017500,0.217670574784279,0.999249875545502,0.781579300761223,0.333539506509190,0.147250376905659,21.012988910078999,0.281671196222305,0.472077643871307
1802,MX20433,1802,169.000000000000000,0.002934027824722,0.185317486524582,0.799507796764374,0.614190310239792,0.283746698551629,0.096806202242532,47.953192055225372,0.249855369329453,0.387477701902390
1803,MX20434,1803,181.000000000000000,0.003142361161389,0.246339410543442,2.398925781250000,2.152586370706558,0.560128719108540,0.323008147780619,101.383298158645658,0.478225320577621,0.875915527343750
1804,MX20435,1804,413.000000000000000,0.007170139003611,0.186835825443268,2.774242639541626,2.587406814098358,0.340889999349816,0.286006268209933,140.787569731474036,0.254515081644058,0.482335215806961
1805,MX20436,1805,175.000000000000000,0.003038194493056,0.206988781690598,1.111732363700867,0.904743582010269,0.261892005120005,0.098982090948224,45.831100896000862,0.240757361054420,0.273020148277283
1806,MX20437,1806,748.000000000000000,0.012986111318889,0.196466296911240,6.149704933166504,5.953238636255264,0.366561150088667,0.395619554037941,274.187740266323203,0.272762179374695,0.541806006431580
1807,MX20438,1807,121.000000000000000,0.002100694478056,0.214738100767136,1.289370417594910,1.074632316827774,0.302315913818099,0.155745725000909,36.580225571990020,0.254337966442108,0.365203917026520
1808,MX20439,1808,2531.000000000000000,0.043940972925278,0.202428877353668,4.507530689239502,4.305101811885834,0.384966083786460,0.324014839933646,974.349158063529671,0.291719406843185,0.558568060398102
1809,MX20440,1809,556.000000000000000,0.009652777932222,0.175321295857430,1.489686846733093,1.314365550875664,0.232348465099395,0.098174760182875,129.185746595263481,0.219947986304760,0.243729405105114
1810,MX20441,1810,428.000000000000000,0.007430555674444,0.319272965192795,16.580276489257812,16.261003524065018,0.760814705184687,1.283652344358867,325.628693819045907,0.436953708529472,0.964942747354508
1811,MX20442,1811,234.000000000000000,0.004062500065000,0.196343913674355,1.188823699951172,0.992479786276817,0.262325202170600,0.119885823563548,61.384097307920456,0.238405346870422,0.269036176800728
1812,MX20443,1812,426.000000000000000,0.007395833451667,0.183275550603867,1.648475527763367,1.465199977159500,0.257621663312117,0.143455717492070,109.746828570961938,0.230010516941547,0.270378798246384
1813,MX20444,1813,90.000000000000000,0.001562500025000,0.197078809142113,0.521633684635162,0.324554875493050,0.238457344141271,0.042846962829317,21.461160972714424,0.228450804948807,0.264903002977371
1814,MX20445,1814,165.000000000000000,0.002864583379167,0.220808386802673,1.184472560882568,0.963664174079895,0.350888818321806,0.161420730572763,57.896655023097992,0.289202094078064,0.518682515621185
1815,MX20446,1815,361.000000000000000,0.006267361211389,0.222122833132744,1.110846638679504,0.888723805546761,0.334800193886017,0.106784904090336,120.862869992852097,0.298098981380463,0.458640813827515
1816,MX20447,1816,2448.000000000000000,0.042500000680000,0.193411171436310,5.126425743103027,4.933014571666718,0.291175387976266,0.209088244888243,712.797349765898502,0.253787815570831,0.340657761693001
1817,MX20448,1817,774.000000000000000,0.013437500215000,0.177949011325836,1.713698029518127,1.535749018192291,0.231037511362740,0.087263444535166,178.823033794760619,0.219217598438263,0.242064209282398
1818,MX20449,1818,2035.000000000000000,0.035329861676389,0.186473011970520,4.018553733825684,3.832080721855164,0.244481534036723,0.148426043634686,497.519921764730725,0.228996023535728,0.255004066228867
1819,MX19049,1819,3824.000000000000000,0.066388889951111,0.251906782388687,21.977140426635742,21.725233644247055,0.988276615528449,1.875014976804198,3779.169777780788991,0.350404739379883,1.896298813819886
1820,MX20450,1820,1008.000000000000000,0.017500000280000,0.190330401062965,4.349639415740967,4.159309014678001,0.290730143808538,0.203567192097241,293.055984959006196,0.249730743467808,0.368780899047852
1821,MX20451,1821,420.000000000000000,0.007291666783333,0.192686200141907,1.039154767990112,0.846468567848206,0.258238046900148,0.070441501350582,108.459979698061957,0.244647398591042,0.289104789495468
1822,MX20452,1822,82.000000000000000,0.001423611133889,0.396645933389664,6.759916305541992,6.363270372152328,1.404818490874477,1.434690538015957,115.195116251707077,0.643261939287186,3.526466941833497
1823,MX20453,1823,902.000000000000000,0.015659722472778,0.185514360666275,5.006287097930908,4.820772737264633,0.281368712545631,0.286456070325671,253.794578716159123,0.235707946121693,0.301436379551887
1824,MX20454,1824,347.000000000000000,0.006024305651944,0.206134095788002,1.322297692298889,1.116163596510887,0.293238384407604,0.109789801569473,101.753719389438672,0.257882028818130,0.389804303646088
1825,MX20455,1825,452.000000000000000,0.007847222347778,0.210206866264343,3.815848588943481,3.605641722679138,0.368496207009375,0.367108934111496,166.560285568237390,0.271412074565887,0.489486390352250
1826,MX20456,1826,187.000000000000000,0.003246527829722,0.235662162303925,3.830071449279785,3.594409286975861,0.448798468565558,0.448512560562164,83.925313621759400,0.327368944883347,0.604254651069641
1827,MX20457,1827,1532.000000000000000,0.026597222647778,0.185884729027748,1.141633749008179,0.955749019980431,0.261013012797652,0.078137726727431,399.871935606003206,0.245229184627533,0.286408346891403
1828,MX20459,1828,1595.000000000000000,0.027690972665278,0.194471940398216,5.424170970916748,5.229699030518532,0.316095041191690,0.302826530849718,504.171590700745469,0.259364634752274,0.373569989204407
1829,MX20460,1829,1514.000000000000000,0.026284722642778,0.190600007772446,1.134229302406311,0.943629294633865,0.257637304173908,0.070860479206299,390.062878519296873,0.244987338781357,0.284952393174171
1830,MX20458,1830,1000.000000000000000,0.017361111388889,0.192845836281776,1.580997943878174,1.388152107596397,0.252237346038222,0.089935229872684,252.237346038222285,0.239741474390030,0.276354032754898
1831,MX13055,1831,1274.000000000000000,0.022118055909444,0.245144799351692,31.960575103759766,31.715430304408073,0.917475486487103,1.580977571706959,1168.863769784568831,0.526710450649261,1.694225311279298
1832,MX20461,1832,183.000000000000000,0.003177083384167,0.196989908814430,1.736283659934998,1.539293751120567,0.313934223003726,0.195141882938445,57.449962809681914,0.253095597028732,0.443850439786911
1833,MX07119,1833,82.000000000000000,0.001423611133889,0.405300498008728,8.992203712463379,8.586903214454651,1.688213261889248,1.762675905707715,138.433487474918337,0.857858747243881,4.275280046463013
1834,MX20462,1834,540.000000000000000,0.009375000150000,0.243336066603661,5.835823059082031,5.592486992478371,0.570932257699745,0.583568622911775,308.303419157862436,0.393374294042587,0.915771263837814
1835,MX20463,1835,494.000000000000000,0.008576389026111,0.186771735548973,1.541448354721069,1.354676619172096,0.257975017282403,0.115058387810967,127.439658537507057,0.236437901854515,0.277033859491348
1836,MX20464,1836,220.000000000000000,0.003819444505556,0.185404747724533,1.672808885574341,1.487404137849808,0.292799857394262,0.144336147704117,64.415968626737623,0.263526961207390,0.366545733809471
1837,MX20465,1837,593.000000000000000,0.010295139053611,0.195001214742661,1.057476639747620,0.862475425004959,0.264312311906437,0.073031669033975,156.737200960517100,0.250982046127319,0.286191940307617
1838,MX18015,1838,7119.000000000000000,0.123593751977500,0.194396868348122,33.354022979736328,33.159626111388206,0.500726720545042,1.343098607303228,3564.673523560156355,0.287011027336121,0.635164213180542
1839,MX20466,1839,2217.000000000000000,0.038489583949167,0.183115959167480,4.814076900482178,4.630960941314697,0.275519628244098,0.195176997001048,610.827015817165375,0.236748680472374,0.336802113056183
1840,MX20467,1840,3104.000000000000000,0.053888889751111,0.166561752557755,11.893605232238770,11.727043479681015,0.327786909277101,0.614710509355157,1017.450566396121530,0.237102136015892,0.364738664031029
1841,MX20468,1841,3034.000000000000000,0.052673611953889,0.201734155416489,2.364422798156738,2.162688642740250,0.294433731460502,0.125708926077613,893.311941251162011,0.267168641090393,0.333421453833580
1842,MX20469,1842,3796.000000000000000,0.065902778832222,0.193306788802147,12.296288490295410,12.102981701493263,0.357107282316880,0.529518207787837,1355.579243674874760,0.258556187152863,0.472550928592682
1843,MX20470,1843,2110.000000000000000,0.036631945030556,0.181640297174454,2.745782852172852,2.564142554998398,0.256317394703485,0.117181402142504,540.829702824353490,0.242029465734959,0.283164012432098
1844,MX20471,1844,126.000000000000000,0.002187500035000,0.201908513903618,1.102547287940979,0.900638774037361,0.293503649887585,0.119563437896117,36.981459885835683,0.264290049672127,0.349699616432190
1845,MX20472,1845,1284.000000000000000,0.022291667023333,0.184857919812202,4.510490417480469,4.325632497668266,0.280825585057245,0.273721190585567,360.580051213503111,0.239830419421196,0.295714655518532
1846,MX20473,1846,575.000000000000000,0.009982639048611,0.189446687698364,2.868546724319458,2.679100036621094,0.278948200811511,0.220991763822313,160.395215466618538,0.236112937331200,0.295089060068131
1847,MX20474,1847,533.000000000000000,0.009253472370278,0.215629711747169,3.071815490722656,2.856185778975487,0.354450727437271,0.313689338862678,188.922237724065496,0.276260703802109,0.411159265041351
1848,MX11036,1848,416.000000000000000,0.007222222337778,0.423873722553253,18.795295715332031,18.371421992778778,1.397167407334424,2.076022544529427,581.221641451120263,0.744737923145294,2.714789509773254
1849,MX20475,1849,897.000000000000000,0.015572916915833,0.206482574343681,7.646428108215332,7.439945533871651,0.472080323392465,0.701420959315497,423.456050083041305,0.303475677967072,0.592623758316040
1850,MX21149,1850,464.000000000000000,0.008055555684444,0.332890838384628,13.308823585510254,12.975932747125626,1.706307739468998,2.170193845244472,791.726791113615036,0.793743401765823,4.658554410934448
1851,MX20476,1851,257.000000000000000,0.004461805626944,0.210988059639931,1.575338959693909,1.364350900053978,0.285979376054923,0.145107376352986,73.496699646115275,0.255020111799240,0.318364983797073
1852,MX20477,1852,964.000000000000000,0.016736111378889,0.173345938324928,0.780402779579163,0.607056841254234,0.224102489789368,0.044149146470595,216.034800156950638,0.214417673647404,0.249422764778137
1853,MX20478,1853,1005.000000000000000,0.017447916945833,0.171735107898712,1.303120136260986,1.131385028362274,0.248235735415819,0.094811887532204,249.476914092897914,0.228093400597572,0.276597106456757
1854,MX20479,1854,100.000000000000000,0.001736111138889,0.206784158945084,0.902181029319763,0.695396870374680,0.276208479851484,0.121925304685159,27.620847985148426,0.237706355750561,0.369751465320587
1855,MX20066,1855,2677.000000000000000,0.046475695188056,0.201293885707855,11.950009346008301,11.748715460300446,0.316594463188255,0.405895988562815,847.523377954958505,0.262595146894455,0.337342536449432
1856,MX20480,1856,343.000000000000000,0.005954861206389,0.211285427212715,1.700940966606140,1.489655539393425,0.283515970795565,0.139605062980129,97.245977982878642,0.259837716817856,0.311841237545013
1857,MX20481,1857,278.000000000000000,0.004826388966111,0.219783723354340,1.283662676811218,1.063878953456879,0.330108174156371,0.123289120777592,91.770072415471063,0.292394161224365,0.440628901124001
1858,MX10032,1858,32973.000000000000000,0.572447925825833,0.188785001635551,39.757377624511719,39.568592622876167,0.301700292557187,0.817302782119580,9947.963746488119796,0.238190978765488,0.277841317653656
1859,MX20482,1859,3834.000000000000000,0.066562501065000,0.188814789056778,16.022275924682617,15.833461135625839,0.475554168885055,1.099317200867688,1823.274683505302164,0.267097279429436,0.551207894086838
1860,MX30212,1860,1961.000000000000000,0.034045139433611,0.210312664508820,3.042993783950806,2.832681119441986,0.323897162591967,0.194945454865004,635.162335842847369,0.280081659555435,0.385475754737854
1861,MX20483,1861,470.000000000000000,0.008159722352778,0.229493781924248,4.088547229766846,3.859053447842598,0.607022653456698,0.699065540108788,285.300647124648094,0.310567453503609,1.707152485847474
1862,MX20484,1862,986.000000000000000,0.017118055829444,0.189875125885010,3.769095420837402,3.579220294952393,0.295045184330452,0.265344508126901,290.914551749825250,0.238538667559624,0.323255985975266
1863,MX20485,1863,627.000000000000000,0.010885416840833,0.200672760605812,2.499022006988525,2.298349246382713,0.287046621361988,0.201249916788873,179.978231593966484,0.245294615626335,0.310817849636078
1864,MX20487,1864,529.000000000000000,0.009184027924722,0.211172446608543,0.973460972309113,0.762288525700569,0.286655052932990,0.081861529886352,151.640523001551685,0.262357294559479,0.354129576683044
1865,MX20488,1865,68.000000000000000,0.001180555574444,0.228158935904503,0.821996212005615,0.593837276101112,0.353908057379372,0.125273856883994,24.065747901797288,0.293600201606750,0.512432318925857
1866,MX20489,1866,1417.000000000000000,0.024600694838056,0.179249525070190,2.536007881164551,2.356758356094360,0.262371459790493,0.131036483184317,371.780358523129280,0.232124492526054,0.324608665704727
1867,MX20490,1867,82.000000000000000,0.001423611133889,0.247198984026909,1.430523753166199,1.183324769139290,0.513210617369268,0.224770769470152,42.083270624279976,0.428181961178780,0.769952595233917
1868,MX20491,1868,1222.000000000000000,0.021215278117222,0.163210347294807,1.957114696502686,1.793904349207878,0.227251665023462,0.089085498143048,277.701534658670482,0.211448967456818,0.245488685369492
1869,MX20492,1869,1215.000000000000000,0.021093750337500,0.193016946315765,1.424111366271973,1.231094419956207,0.255810655806781,0.085420789020902,310.809946805238383,0.235435947775841,0.301525777578354
1870,MX20493,1870,86.000000000000000,0.001493055579444,0.247803404927254,1.501181840896606,1.253378435969353,0.407415618383607,0.239599662874205,35.037743180990212,0.321749344468117,0.722952306270599
1871,MX20494,1871,310.000000000000000,0.005381944530556,0.207213848829269,1.052777409553528,0.845563560724258,0.332338696381738,0.132703583882620,103.024995878338842,0.297462522983551,0.437637937068940
1872,MX13056,1872,318.000000000000000,0.005520833421667,0.412033319473267,19.716932296752930,19.304898977279663,3.660635851183027,3.893989843992886,1164.082200676202547,2.190466761589050,9.144468975067142
1873,MX30143,1873,3045.000000000000000,0.052864584179167,0.229411840438843,13.156381607055664,12.926969766616821,0.416316551625826,0.587380723150680,1267.683899700639813,0.307451546192169,0.552519440650940
1874,MX20495,1874,671.000000000000000,0.011649305741944,0.172341778874397,1.273539185523987,1.101197406649590,0.237496900354164,0.078984605356618,159.360420137643786,0.223460361361504,0.257529973983765
1875,MX20496,1875,308.000000000000000,0.005347222307778,0.209576711058617,2.210137605667114,2.000560894608498,0.324881438601327,0.213780251996986,100.063483089208603,0.259588763117790,0.481200695037842
1876,MX20497,1876,202.000000000000000,0.003506944500556,0.181684017181396,3.271387100219727,3.089703083038330,0.373746037778288,0.459223458510528,75.496699631214156,0.232986524701118,0.568339449167252
1877,MX20498,1877,5023.000000000000000,0.087204862506389,0.195678800344467,4.214354515075684,4.018675714731216,0.275146695228062,0.129871700739181,1382.061850130555285,0.253159850835800,0.307546609640121
1878,MX20499,1878,333.000000000000000,0.005781250092500,0.221434488892555,4.976089477539062,4.754654988646507,0.394646163683038,0.490472182512646,131.417172506451664,0.269555389881134,0.518741631507874
1879,MX20500,1879,1624.000000000000000,0.028194444895556,0.175821900367737,4.452867031097412,4.277045130729675,0.260739584320358,0.201028390788549,423.441084936262087,0.233166247606277,0.294679400324821
1880,MX20501,1880,246.000000000000000,0.004270833401667,0.196597516536713,1.437216520309448,1.240619003772736,0.287139715884275,0.174298292796169,70.636370107531576,0.237980090081692,0.342605262994766
1881,MX20502,1881,1044.000000000000000,0.018125000290000,0.199952647089958,2.685426473617554,2.485473826527596,0.276746253429473,0.166527183922389,288.923088580369892,0.246190339326859,0.300615105032921
1882,MX20503,1882,43.000000000000000,0.000746527789722,0.244759410619736,1.104084372520447,0.859324961900711,0.367734136969544,0.177242155246884,15.812567889690399,0.288667917251587,0.626821064949036
1883,MX24033,1883,21992.000000000000000,0.381805561664445,0.195296600461006,8.192710876464844,7.997414276003838,0.263146990205500,0.160562628551408,5787.128608599355175,0.247385263442993,0.275030058622360
1884,MX20506,1884,215.000000000000000,0.003732638948611,0.205413684248924,1.408432126045227,1.203018441796303,0.274435722758604,0.130105878652481,59.003680393099835,0.243855223059654,0.304436492919922
1885,MX20507,1885,699.000000000000000,0.012135416860833,0.189769759774208,4.022462844848633,3.832693085074425,0.298370785851336,0.286011384537693,208.561179310083645,0.244779214262962,0.308171784877777
1886,MX20508,1886,340.000000000000000,0.005902777872222,0.199238657951355,3.255923986434937,3.056685328483582,0.372129329425447,0.324639269914465,126.523972004652038,0.263639584183693,0.543739175796509
1887,MX20509,1887,508.000000000000000,0.008819444585556,0.225716695189476,4.221571445465088,3.995854750275612,0.419995418713083,0.321608865088276,213.357672706246319,0.333085447549820,0.619856929779053
1888,MX20505,1888,972.000000000000000,0.016875000270000,0.220878288149834,6.425943851470947,6.205065563321114,0.462480220943689,0.526764400469133,449.530774757266158,0.322360336780548,0.652189862728119
1889,MX20510,1889,86.000000000000000,0.001493055579444,0.202137246727943,0.764828801155090,0.562691554427147,0.283241275611312,0.103886162002608,24.358749702572823,0.249923422932625,0.383448272943497
1890,MX20511,1890,716.000000000000000,0.012430555754444,0.203506693243980,1.086680889129639,0.883174195885658,0.266866006685535,0.084766776092301,191.076060786843271,0.248522035777569,0.301288068294525
1891,MX20512,1891,310.000000000000000,0.005381944530556,0.184027269482613,2.076581716537476,1.892554447054863,0.264942120592440,0.184400929024630,82.132057383656530,0.230679661035538,0.272393500804901
1892,MX20513,1892,1658.000000000000000,0.028784722682778,0.194311350584030,4.432402133941650,4.238090783357620,0.313831681536176,0.251086267034920,520.332927986979485,0.266568765044212,0.385560113191605
1893,MX20514,1893,277.000000000000000,0.004809027854722,0.202707901597023,0.927189648151398,0.724481746554375,0.260682910465591,0.075482011292784,72.209166198968830,0.243734315037727,0.291235929727554
1894,MX20515,1894,5824.000000000000000,0.101111112728889,0.193049699068069,24.496303558349609,24.303253859281540,0.633869477348137,1.643494287791105,3691.655836075549360,0.295951008796692,0.880614113807678
1895,MX20516,1895,1091.000000000000000,0.018940972525278,0.169051438570023,1.539714217185974,1.370662778615952,0.235529455785681,0.094612952607348,256.962636262178307,0.219113171100616,0.257746934890747
1896,MX20517,1896,558.000000000000000,0.009687500155000,0.188891470432281,3.142842292785645,2.953950822353363,0.347426636458298,0.316655902115086,193.864063143730505,0.255058780312538,0.492115193605423
1897,MX20518,1897,55.000000000000000,0.000954861126389,0.229843392968178,0.537056446075439,0.307213053107262,0.286435955221003,0.067747015632832,15.753977537155157,0.263734787702560,0.376767551898956
1898,MX20519,1898,149.000000000000000,0.002586805596944,0.321851402521133,10.318195343017578,9.996343940496445,1.411615210291523,1.831330810646563,210.330666333436909,0.651513636112213,3.444452047348027
1899,MX20520,1899,810.000000000000000,0.014062500225000,0.199134558439255,4.952607154846191,4.753472596406937,0.382375295607396,0.434345220121349,309.723989441990625,0.262569606304169,0.508607757091522
1900,MX20521,1900,132.000000000000000,0.002291666703333,0.202881723642349,0.339957028627396,0.137075304985046,0.243284304485177,0.022956565806323,32.113528192043304,0.239264719188213,0.269008725881577
1901,MX20522,1901,271.000000000000000,0.004704861186389,0.193110004067421,1.857488632202148,1.664378628134727,0.263395603402514,0.164992028805002,71.380208522081389,0.230483248829842,0.287296265363693
1902,MX20523,1902,338.000000000000000,0.005868055649444,0.202263399958611,5.853424549102783,5.651161149144173,0.404533126077356,0.643215985029807,136.732196614146289,0.265238791704178,0.464386981725693
1903,MX20524,1903,179.000000000000000,0.003107638938611,0.214848116040230,1.235526561737061,1.020678445696831,0.274612508922316,0.110438680039409,49.155639097094500,0.250993520021439,0.281603604555130
1904,MX20525,1904,3142.000000000000000,0.054548611983889,0.188549548387527,8.587457656860352,8.398908108472824,0.322345554852357,0.453310880005946,1012.809733346105531,0.254800990223885,0.350247806310654
1905,MX15078,1905,515.000000000000000,0.008940972365278,0.248430594801903,11.092427253723145,10.843996658921242,0.571160061237882,0.811210720008577,294.147431537509021,0.356193721294403,0.818760693073273
1906,MX21151,1906,99.000000000000000,0.001718750027500,0.755158722400665,15.866570472717285,15.111411750316620,3.124202112356822,3.040552497983338,309.296009123325348,1.820083022117615,7.391577720642091
1907,MX20530,1907,340.000000000000000,0.005902777872222,0.291030347347260,3.544529676437378,3.253499329090118,0.579126037043683,0.415457151146114,196.902852594852391,0.442066803574562,0.908484768867493
1908,MX20531,1908,218.000000000000000,0.003784722282778,0.243348374962807,3.436763048171997,3.193414673209190,0.412391718032710,0.429889834345809,89.901394531130748,0.299182087182999,0.450419941544533
1909,MX20532,1909,390.000000000000000,0.006770833441667,0.195090144872665,1.131875514984131,0.936785370111465,0.333266465671552,0.114214637061253,129.973921611905098,0.301025167107582,0.460145479440689
1910,MX20533,1910,327.000000000000000,0.005677083424167,0.206540197134018,2.345913171768188,2.139372974634171,0.362198839357139,0.258919907697940,118.439020469784580,0.270094424486160,0.551807093620300
1911,MX20526,1911,1096.000000000000000,0.019027778082222,0.192207321524620,6.570858478546143,6.378651157021523,0.361904912104790,0.447714792343617,396.647783666849818,0.251217424869537,0.479614183306694
1912,MX20527,1912,410.000000000000000,0.007118055669444,0.187025815248489,2.209653615951538,2.022627800703049,0.301776415909209,0.179989282163441,123.728330522775721,0.259092569351196,0.372757494449615
1913,MX20528,1913,259.000000000000000,0.004496527849722,0.219181269407272,2.132788658142090,1.913607388734818,0.291663011586344,0.193938930235200,75.540720000863047,0.249381735920906,0.302731311321259
1914,MX20529,1914,298.000000000000000,0.005173611193889,0.210724964737892,1.782739996910095,1.572015032172203,0.340793668123700,0.192255761567297,101.556513100862475,0.270285487174988,0.532734018564224
1915,MX26060,1915,7325.000000000000000,0.127170140923611,0.220225483179092,9.779016494750977,9.558791011571884,0.274217861593788,0.220507892796472,2008.645836174496935,0.259831219911575,0.276921755075455
1916,MX08061,1916,18757.000000000000000,0.325642366321389,0.204356580972672,4.689074039459229,4.484717458486557,0.270171164536822,0.116986288601523,5067.600533217178054,0.260928779840469,0.281956940889359
1917,MX08062,1917,16058.000000000000000,0.278784726682778,0.225654825568199,27.628660202026367,27.403005376458168,0.401725335623145,0.895757669776855,6450.905439436458437,0.288040950894356,0.412604573369026
1918,MX14082,1918,1072.000000000000000,0.018611111408889,0.244099929928780,32.953884124755859,32.709784194827080,1.227470602033967,3.189296657588515,1315.848485380412058,0.387003928422928,1.863736903667450
1919,MX30144,1919,3241.000000000000000,0.056267362011389,0.218368798494339,15.890700340270996,15.672331541776657,0.447908681700973,0.770371948849172,1451.672037392854691,0.303425341844559,0.593922257423401
1920,MX16080,1920,1243.000000000000000,0.021579861456389,0.255114734172821,4.518047332763672,4.262932598590851,0.414279450093750,0.268288001594973,514.949356466531412,0.347731471061707,0.551751589775085
1921,MX31067,1921,879.000000000000000,0.015260416910833,0.281068712472916,10.938911437988281,10.657842725515366,0.630297002565875,0.905704355826763,554.031065255404428,0.434741050004959,0.774537563323975
1922,MX05034,1922,41663.000000000000000,0.723315983795278,0.197393685579300,44.578746795654297,44.381353110074997,0.273421419888819,0.522012696226660,11391.556616827863763,0.254160881042480,0.274846601486206
1923,MX20537,1923,2110.000000000000000,0.036631945030556,0.186877265572548,3.575873374938965,3.388996109366417,0.280257724783432,0.208302309901334,591.343799293042025,0.236073531210423,0.327973365783692
1924,MX11037,1924,2690.000000000000000,0.046701389636111,0.507169842720032,77.528312683105469,77.021142840385437,5.530703734044241,9.307275077957595,14877.593044579009074,2.252476453781128,13.296791648864746
1925,MX07080,1925,4242.000000000000000,0.073645834511667,0.155561879277229,6.337800025939941,6.182238146662712,0.313547504504634,0.266363833982121,1330.068514108657610,0.242626219987869,0.476651650667191
1926,MX07081,1926,1538.000000000000000,0.026701389316111,0.228002831339836,12.509286880493164,12.281284049153328,0.872602485265626,1.192567779486446,1342.062622338533401,0.509524285793304,1.599219799041748
1927,MX25017,1927,32821.000000000000000,0.569809036894722,0.192776143550873,19.925674438476562,19.732898294925690,0.327631318970714,0.430324634833822,10753.187519937791876,0.259295672178268,0.375640243291855
1928,MX31068,1928,671.000000000000000,0.011649305741944,0.227344632148743,4.918097972869873,4.690753340721130,0.371351360852778,0.422227058064656,249.176763132214177,0.269638717174530,0.437454402446747
1929,MX13057,1929,2088.000000000000000,0.036250000580000,0.321570336818695,16.143770217895508,15.822199881076813,0.734121461966257,0.894479609644067,1532.845612585544586,0.544085830450058,1.091551554203033
1930,MX07082,1930,515.000000000000000,0.008940972365278,0.273000359535217,6.076802730560303,5.803802371025085,0.569159885575470,0.511921342109022,293.117341071367321,0.418265074491501,0.831306433677673
1931,MX20538,1931,87.000000000000000,0.001510416690833,0.320180922746658,1.756833791732788,1.436652868986130,0.609750485625761,0.256387595298004,53.048292249441197,0.536931633949280,0.969911170005799
1932,MX30146,1932,78.000000000000000,0.001354166688333,0.435818135738373,2.937797784805298,2.501979649066925,0.836634795253093,0.470048075834568,65.257514029741287,0.707357794046402,1.453493726253509
1933,MX07083,1933,3081.000000000000000,0.053489584189167,0.161323472857475,48.042861938476562,47.881538465619087,0.470452062343089,1.136550264022122,1449.462804079057378,0.256510376930237,0.828854322433472
1934,MX30145,1934,474.000000000000000,0.008229166798333,0.333226501941681,11.147531509399414,10.814305007457733,0.979412175306289,1.529470982747698,464.241371095180796,0.505361944437027,1.457701373100280
1935,MX30147,1935,567.000000000000000,0.009843750157500,0.268681854009628,10.977646827697754,10.708964973688126,1.835962798702654,1.908549224824101,1040.990906864404678,0.983702003955841,4.609239196777343
1936,MX30148,1936,2052.000000000000000,0.035625000570000,0.247340708971024,12.455909729003906,12.208569020032883,0.501150007354237,0.730960978345454,1028.359815090893335,0.377925813198090,0.629489839076996
1937,MX24035,1937,1545.000000000000000,0.026822917095833,0.272483021020889,58.420272827148438,58.147789806127548,5.414200021726804,10.561319432045817,8364.939033567912702,0.860414028167725,19.939224243164077
1938,MX20539,1938,61.000000000000000,0.001059027794722,0.478128343820572,7.652409553527832,7.174281209707260,2.500547964064801,1.877209335870762,152.533425807952824,2.348983526229858,5.380896568298340
1939,MX23008,1939,10548.000000000000000,0.183125002930000,0.180224463343620,103.846580505371094,103.666356042027473,1.398879417934155,5.906054515273174,14755.380100369471620,0.240673698484898,0.798422402143484
1940,MX07084,1940,758.000000000000000,0.013159722432778,0.248416483402252,4.580198764801025,4.331782281398773,0.440874075118973,0.361276299241348,334.182548940181618,0.345480799674988,0.597149384021759
1941,MX21152,1941,563.000000000000000,0.009774305711944,0.366256028413773,7.415354251861572,7.049098223447800,0.810337955479512,0.925888432861147,456.220268934965134,0.504061937332153,1.349154901504517
1942,MX32042,1942,18527.000000000000000,0.321649310701944,0.199894934892654,63.063354492187500,62.863459557294846,0.416561840357741,1.348588029590033,7717.641216307875766,0.269933998584747,0.420555961132050
1943,MX30149,1943,2369.000000000000000,0.041128472880278,0.219441503286362,9.554977416992188,9.335535913705826,0.529636153249159,0.698924006787871,1254.708047047258106,0.344897121191025,0.819705903530121
1944,MX28037,1944,32394.000000000000000,0.562395842331667,0.194005534052849,27.476743698120117,27.282738164067268,0.264002700071261,0.389232171885238,8552.103466108419525,0.244728989899158,0.268139943480492
1945,MX31069,1945,2729.000000000000000,0.047378472980278,0.182796299457550,8.827020645141602,8.644224345684052,0.286978811691776,0.399715826790704,783.165177106856049,0.228112831711769,0.273624265193940
1946,MX07085,1946,465.000000000000000,0.008072916795833,0.284304946660995,7.001319408416748,6.717014461755753,0.602913369670991,0.761202818012126,280.354716897010746,0.378919690847397,0.949846029281616
1947,MX15079,1947,725.000000000000000,0.012586805756944,0.422725945711136,12.105723381042480,11.682997435331345,1.336102196553659,1.407134354779577,968.674092501403152,0.840241849422455,2.594692897796633
1948,MX26061,1948,9140.000000000000000,0.158680558094444,0.193936988711357,4.919002056121826,4.725065067410469,0.245782374677043,0.126381633756624,2246.450904548171366,0.235623978078365,0.253051650524139
1949,MX26062,1949,4854.000000000000000,0.084270834681667,0.199906662106514,7.389729499816895,7.189822837710381,0.248919300925329,0.187704601711315,1208.254286691547577,0.238145053386688,0.253731158375740
1950,MX07086,1950,1385.000000000000000,0.024045139273611,0.241685867309570,17.806915283203125,17.565229415893555,0.696346444483268,1.443364918006385,964.439825609326022,0.350727319717407,0.973121595382690
1951,MX07087,1951,1136.000000000000000,0.019722222537778,0.230767756700516,20.135599136352539,19.904831379652023,0.979158724487667,1.712483385074057,1112.324311017990340,0.499875009059906,1.832718849182129
1952,MX10033,1952,7473.000000000000000,0.129739585409167,0.197058156132698,11.454508781433105,11.257450625300407,0.268347760761389,0.339925619000101,2005.362816169856615,0.240227982401848,0.268405956029892
1953,MX31070,1953,1543.000000000000000,0.026788194873056,0.189690917730331,8.424171447753906,8.234480530023575,0.294781076293910,0.507761640549190,454.847200721502418,0.227917790412903,0.274582564830780
1954,MX31071,1954,1117.000000000000000,0.019392361421389,0.194773152470589,2.676717996597290,2.481944844126701,0.266069062887928,0.148165588267058,297.199143245816003,0.237113416194916,0.294924491643906
1955,MX15080,1955,2794.000000000000000,0.048506945220556,0.212492227554321,16.786071777343750,16.573579549789429,0.464478883558967,0.667310957034944,1297.754000663754596,0.326280951499939,0.686758756637573
1956,MX31072,1956,437.000000000000000,0.007586805676944,0.247486397624016,3.471725225448608,3.224238827824593,0.448444669490821,0.404266759748801,195.970320567488642,0.335514128208160,0.575342214107514
1957,MX07088,1957,388.000000000000000,0.006736111218889,0.300916492938995,2.373196601867676,2.072280108928680,0.422952985640654,0.193152872106814,164.105758428573580,0.387954622507095,0.466975679993629
1958,MX32043,1958,1009.000000000000000,0.017517361391389,0.201499268412590,5.331368446350098,5.129869177937508,0.328655707986788,0.388801798515689,331.613609358669009,0.255938440561295,0.319266927242279
1959,MX16081,1959,1330.000000000000000,0.023090278147222,0.222389996051788,1.973722457885742,1.751332461833954,0.326148662363228,0.128768374341249,433.777720943093414,0.292497366666794,0.416514420509338
1960,MX32044,1960,2058.000000000000000,0.035729167238333,0.223346874117851,9.720810890197754,9.497464016079903,0.412214898116039,0.600513020345042,848.338260322808082,0.290400862693787,0.524816179275513
1961,MX16082,1961,3893.000000000000000,0.067586806636944,0.223702654242516,13.874610900878906,13.650908246636391,0.417475502682534,0.723749235192922,1625.232131943105742,0.300372928380966,0.492454397678375
1962,MX27015,1962,3602.000000000000000,0.062534723222778,0.269458621740341,21.467903137207031,21.198444515466690,0.717615684011390,0.957391166607141,2584.851693809028347,0.466118842363358,1.231990468502045
1963,MX31073,1963,1200.000000000000000,0.020833333666667,0.179165393114090,8.424309730529785,8.245144337415695,0.289431377438208,0.456565337563087,347.317652925849643,0.224606864154339,0.279056406021118
1964,MX31074,1964,520.000000000000000,0.009027777922222,0.271872878074646,4.345413208007812,4.073540329933167,0.462547309811299,0.400916222584542,240.524601101875305,0.349133864045143,0.657571971416473
1965,MX14083,1965,2053.000000000000000,0.035642361681389,0.361894875764847,26.771537780761719,26.409642904996872,1.682578189150626,3.231001783245810,3454.333022326235550,0.714857637882233,3.093252182006835
1966,MX14084,1966,9944.000000000000000,0.172638891651111,0.180027067661285,14.089226722717285,13.909199655056000,0.268620863248168,0.360742708702406,2671.165864139785299,0.236550152301788,0.273210030794144
1967,MX30150,1967,1285.000000000000000,0.022309028134722,0.215421766042709,7.730999946594238,7.515578180551529,0.404424017632982,0.545853628981503,519.684862658382031,0.274698644876480,0.526045727729798
1968,MX24036,1968,6659.000000000000000,0.115607640738611,0.202409729361534,4.986492156982422,4.784082427620888,0.307410424017730,0.198318590965652,2047.046013534062922,0.270640045404434,0.362582528591156
1969,MX10034,1969,29886.000000000000000,0.518854174968333,0.178708761930466,11.392367362976074,11.213658601045609,0.261846942262067,0.163846636289143,7825.557716444134712,0.244642235338688,0.281447395682335
1970,MX14085,1970,6762.000000000000000,0.117395835211667,0.210859328508377,13.108370780944824,12.897511452436447,0.398486003101189,0.594863564120970,2694.562352970242046,0.284105643630028,0.489562055468559
1971,MX20031,1971,548.000000000000000,0.009513889041111,0.218252837657928,5.202457427978516,4.984204590320587,0.432307092894386,0.460919859889047,236.904286906123303,0.298799917101860,0.688479518890381
1972,MX24037,1972,1768.000000000000000,0.030694444935556,0.311787366867065,21.624813079833984,21.313025712966919,1.148383146581745,1.736907003099512,2030.341403156525757,0.732212781906128,1.691065359115600
1973,MX30151,1973,3748.000000000000000,0.065069445485556,0.196761369705200,11.533825874328613,11.337064504623413,0.355896966780358,0.411099616410444,1333.901831492781639,0.290695950388908,0.441010254621506
1974,MX24038,1974,940.000000000000000,0.016319444705556,0.233489111065865,5.531794548034668,5.298305436968803,0.426178090908426,0.329676582299256,400.607405453920364,0.347880184650421,0.612605267763138
1975,MX24039,1975,1316.000000000000000,0.022847222587778,0.218938782811165,4.852487087249756,4.633548304438591,0.396873031615486,0.297981059970312,522.284909605979806,0.309312462806702,0.595068305730820
1976,MX28038,1976,573.000000000000000,0.009947916825833,0.582265973091125,80.267257690429688,79.684991717338562,14.398454507608067,15.553171884406382,8250.314432859422595,4.361200809478760,35.928994750976571
1977,MX30152,1977,4287.000000000000000,0.074427084524167,0.188703894615173,6.899019241333008,6.710315346717834,0.320379965068133,0.221374258045225,1373.468910247087706,0.282035619020462,0.404197233915329
1978,MX24040,1978,9297.000000000000000,0.161406252582500,0.186785340309143,14.263789176940918,14.077003836631775,0.362428302609486,0.609938076970417,3369.495929360389709,0.263388931751251,0.423467081785202
1979,MX24012,1979,684.000000000000000,0.011875000190000,0.262586116790771,4.020669460296631,3.758083343505859,0.589839132382856,0.366954207931829,403.449966549873182,0.530387163162231,0.881018930673599
1980,MX16083,1980,3536.000000000000000,0.061388889871111,0.221237987279892,5.573224067687988,5.351986080408096,0.342995731737380,0.242355477239370,1212.832907423374081,0.293773129582405,0.425351560115814
1981,MX30153,1981,783.000000000000000,0.013593750217500,0.247130244970322,31.495309829711914,31.248179584741592,0.524251348042854,1.301807154927252,410.488805517554511,0.330779224634171,0.737630307674409
1982,MX20541,1982,105.000000000000000,0.001822916695833,0.219636112451553,1.828693151473999,1.609057039022446,0.392457680191312,0.267898902651547,41.208056420087814,0.302214264869690,0.597718346118928
1983,MX16084,1983,1567.000000000000000,0.027204861546389,0.243857800960541,10.179452896118164,9.935595095157623,0.531202029130149,0.709657378540000,832.393579646944204,0.353922456502914,0.694783520698547
1984,MX16085,1984,1911.000000000000000,0.033177083864167,0.251326620578766,15.527929306030273,15.276602685451508,0.770528431558784,1.163998114453813,1472.479832708835602,0.451282709836960,1.349099874496460
1985,MX16086,1985,1128.000000000000000,0.019583333646667,0.294316142797470,9.330436706542969,9.036120563745499,0.682113725084363,0.754126261465585,769.424281895161926,0.465602129697800,1.179876220226288
1986,MX20542,1986,55.000000000000000,0.000954861126389,0.256294101476669,2.083950757980347,1.827656656503677,0.498325280709700,0.393360290655016,27.407890439033512,0.320140570402145,1.137042975425720
1987,MX24041,1987,1887.000000000000000,0.032760417190833,0.210636362433434,4.394342422485352,4.183706060051918,0.338047349246077,0.208788367458325,637.895348027347723,0.280220836400986,0.497109824419022
1988,MX24042,1988,727.000000000000000,0.012621527979722,0.214021131396294,8.787224769592285,8.573203638195992,0.564966678434914,0.934393784689208,410.730775222182501,0.321684718132019,0.775747048854828
1989,MX30154,1989,1669.000000000000000,0.028975694908056,0.207275226712227,2.188464403152466,1.981189176440239,0.339125159884585,0.150289052182234,565.999891847372282,0.294819086790085,0.458007395267487
1990,MX30155,1990,6531.000000000000000,0.113385418480833,0.204099953174591,15.271961212158203,15.067861258983612,0.434307739902941,0.782161190513673,2836.463849306110660,0.283228188753128,0.637854337692261
1991,MX07089,1991,4728.000000000000000,0.082083334646667,0.199116766452789,35.465251922607422,35.266135156154633,1.785611203327999,4.091686567260285,8442.369769334778539,0.631314098834991,2.752315425872808
1992,MX07090,1992,327.000000000000000,0.005677083424167,0.253745406866074,8.827090263366699,8.573344856500626,0.557016756647588,0.809171835480443,182.144479423761311,0.336452841758728,0.848492693901063
1993,MX14086,1993,3077.000000000000000,0.053420139743611,0.196113124489784,17.080474853515625,16.884361729025841,0.449284926715476,0.790148922950209,1382.449719503521010,0.279518485069275,0.609512794017792
1994,MX07091,1994,206.000000000000000,0.003576388946111,0.300922989845276,23.575632095336914,23.274709105491638,1.469087821766011,2.695642098236960,302.632091283798331,0.770967692136765,2.163091301918030
1995,MX11038,1995,609.000000000000000,0.010572916835833,0.438275635242462,24.136909484863281,23.698633849620819,1.609199604328434,2.601588462926680,980.002559036016351,0.783649206161499,3.284529066085818
1996,MX16087,1996,918.000000000000000,0.015937500255000,0.257056653499603,5.446780681610107,5.189724028110504,0.501830917655252,0.457896618282582,460.680782407521633,0.380077823996544,0.674788719415665
1997,MX16088,1997,1273.000000000000000,0.022100694798056,0.322822451591492,22.693552017211914,22.370729565620422,2.041833314854426,3.414653419304464,2599.253809809683844,0.818006932735443,4.389926815032959
1998,MX11039,1998,1660.000000000000000,0.028819444905556,0.365443795919418,24.967163085937500,24.601719290018082,1.343321194221456,2.170784817363748,2229.913182407617114,0.693387895822525,2.585214090347293
1999,MX13058,1999,1193.000000000000000,0.020711805886944,0.261787176132202,7.924035072326660,7.662247896194458,0.700233349681201,0.786047895284014,835.378386169672467,0.434923708438873,1.389537453651428
2000,MX30209,2000,1459.000000000000000,0.025329861516389,0.209255278110504,11.749260902404785,11.540005624294281,0.400699226894225,0.661935945767549,584.620172038674127,0.292171150445938,0.489693117141724
2001,MX20543,2001,1071.000000000000000,0.018593750297500,0.187240302562714,3.142199516296387,2.954959213733673,0.272957825527137,0.233724287797157,292.337831139563775,0.227639824151993,0.298539668321609
2002,MX30156,2002,453.000000000000000,0.007864583459167,0.247979223728180,2.292613029479980,2.044633805751801,0.395871343728459,0.198401252004087,179.329718708992004,0.341558575630188,0.527274775505066
2003,MX12055,2003,3206.000000000000000,0.055659723112778,0.229236900806427,41.960304260253906,41.731067359447479,0.781032302903147,1.913283494053309,2503.989563107488721,0.408189401030540,1.172240495681763
2004,MX31075,2004,1120.000000000000000,0.019444444755556,0.207675442099571,7.234314441680908,7.026638999581337,0.361079788341053,0.492741424051666,404.409362941979907,0.252748325467110,0.438042178750038
2005,MX27016,2005,2059.000000000000000,0.035746528349722,0.322548300027847,30.515911102294922,30.193362802267075,1.103093622262296,2.077755259286040,2271.269768238068082,0.697703778743744,1.468922281265259
2006,MX21153,2006,866.000000000000000,0.015034722462778,0.411853671073914,40.324832916259766,39.912979245185852,1.640525359479714,2.777546889038572,1420.694961309432074,0.837242275476456,3.173609495162964
2007,MX14087,2007,6442.000000000000000,0.111840279567222,0.185596898198128,19.486690521240234,19.301093623042107,0.314233289320844,0.679723949527473,2024.290849804876189,0.243709154427052,0.321064493060112
2008,MX15081,2008,775.000000000000000,0.013454861326389,2.017364740371704,90.040382385253906,88.023017644882202,22.264452405129710,19.237995486744246,17254.950613975524902,15.896159172058105,49.521535491943368
2009,MX21154,2009,896.000000000000000,0.015555555804444,0.499425858259201,52.593650817871094,52.094224959611893,4.397098790022676,6.272529160282165,3939.800515860318228,2.057983517646790,10.128045558929443
2010,MX02003,2010,14571.000000000000000,0.252968754047500,0.218472257256508,152.073043823242188,151.854571565985680,0.756359509583262,3.221320163669587,11020.914414137707354,0.313419997692108,0.765127241611481
2011,MX14089,2011,392.000000000000000,0.006805555664444,0.236288338899612,10.763820648193359,10.527532309293747,0.633822676630653,1.151978953101743,248.458489239215908,0.316776782274246,1.021172749996185
2012,MX12056,2012,3413.000000000000000,0.059253473170278,0.215312197804451,8.149417877197266,7.934105679392815,0.400616552651261,0.423741356251132,1367.304294198752586,0.290980666875839,0.570062041282654
2013,MX31076,2013,1836.000000000000000,0.031875000510000,0.202511265873909,9.386051177978516,9.183539912104607,0.419579073453976,0.613384647029448,770.347178861499970,0.281462967395782,0.497809857130051
2014,MX14088,2014,3810.000000000000000,0.066145834391667,0.206403434276581,9.221968650817871,9.015565216541290,0.359648829788517,0.493832016624584,1370.262041494249161,0.267408922314644,0.405858573317528
2015,MX30158,2015,2621.000000000000000,0.045503472950278,0.259870350360870,14.470867156982422,14.210996806621552,0.512827259058808,0.781484510098986,1344.120245993134631,0.351145654916763,0.671951711177826
2016,MX06009,2016,4522.000000000000000,0.078506945700556,0.178446725010872,33.680454254150391,33.502007529139519,0.914562416051614,2.496728321232061,4135.651245385398397,0.353464961051941,1.154445493221283
2017,MX21155,2017,713.000000000000000,0.012378472420278,0.216064736247063,13.020119667053223,12.804054930806160,0.573732409600122,1.238186104547625,409.071208044886816,0.298741251230240,0.746685087680817
2018,MX13059,2018,2623.000000000000000,0.045538195173056,0.260173350572586,14.259521484375000,13.999348133802414,0.705191044192979,0.817813620552940,1849.716108918184318,0.455282717943192,1.317587447166444
2019,MX12057,2019,13932.000000000000000,0.241875003870000,0.166774004697800,15.512120246887207,15.345346242189407,0.322360741341942,0.484915844033141,4491.129848375929214,0.248330295085907,0.376838287711143
2020,MX07092,2020,4981.000000000000000,0.086475695828056,0.212028667330742,5.862390995025635,5.650362327694893,0.344915847211950,0.275159532634773,1718.025834962721319,0.292918115854263,0.404852479696274
2021,MX18016,2021,4068.000000000000000,0.070625001130000,0.190713331103325,25.309583663940430,25.118870332837105,0.478369592125787,1.165751789120365,1946.007500767700321,0.276441454887390,0.546914726495743
2022,MX21156,2022,2717.000000000000000,0.047170139643611,0.241824001073837,52.220455169677734,51.978631168603897,3.261320749708380,7.523991039349904,8861.008476957667881,0.560542881488800,8.482068824768071
2023,MX30159,2023,435.000000000000000,0.007552083454167,0.282005369663239,9.281948089599609,8.999942719936371,0.817738300767438,0.919956168842412,355.716160833835545,0.586815834045410,1.287953829765320
2024,MX21157,2024,2415.000000000000000,0.041927084004167,0.207466170191765,9.443200111389160,9.235733941197395,0.379255313298225,0.535524883450740,915.901581615213104,0.274267971515656,0.454209768772125
2025,MX15082,2025,3301.000000000000000,0.057309028694722,0.208866044878960,13.639155387878418,13.430289342999458,0.530564760306828,0.885818979509328,1751.394273772838460,0.340104401111603,0.738508343696594
2026,MX31077,2026,995.000000000000000,0.017274305831944,0.186736121773720,4.303794384002686,4.117058262228966,0.277667378136261,0.313453236793729,276.279041245579492,0.227903112769127,0.288041257858276
2027,MX31078,2027,402.000000000000000,0.006979166778333,0.247634336352348,7.943185806274414,7.695551469922066,0.566516163596763,0.930322313757790,227.739497765898875,0.318192183971405,0.856199777126314
2028,MX31079,2028,13758.000000000000000,0.238854170488333,0.168739482760429,26.552877426147461,26.384137943387032,0.311378417650068,0.840655349326473,4283.944270029639483,0.221864521503448,0.303812152147293
2029,MX31080,2029,1404.000000000000000,0.024375000390000,0.198082000017166,14.089230537414551,13.891148537397385,0.377143955701946,0.921139315154466,529.510113805532455,0.244928374886513,0.323544827103615
2030,MX31081,2030,1352.000000000000000,0.023472222597778,0.182055011391640,6.217619419097900,6.035564407706261,0.263842357884673,0.326262573359383,356.714867860077504,0.220323160290718,0.265481328964233
2031,MX31082,2031,294.000000000000000,0.005104166748333,0.232886984944344,7.988541603088379,7.755654618144035,0.639633396247618,1.094334989305607,188.052218496799583,0.325160548090935,0.884388870000839
2032,MX31083,2032,328.000000000000000,0.005694444535556,0.225389808416367,10.624738693237305,10.399348884820938,0.743534352584947,1.327431262009773,243.879267647862520,0.285274118185043,1.704920303821564
2033,MX12058,2033,4971.000000000000000,0.086302084714167,0.193613842129707,9.197582244873047,9.003968402743340,0.380215904684980,0.503424782166346,1890.053262189036104,0.279659509658813,0.471567034721375
2034,MX15083,2034,147.000000000000000,0.002552083374167,0.997344255447388,26.951154708862305,25.953810453414917,4.818658196196266,4.999517548027781,708.342754840851057,2.845670700073242,11.519398880004882
2035,MX15084,2035,815.000000000000000,0.014149305781944,0.843238711357117,19.386632919311523,18.543394207954407,3.117832171405023,3.094247527513474,2541.033219695093976,1.890252232551575,7.371332263946535
2036,MX15085,2036,1773.000000000000000,0.030781250492500,0.333205729722977,29.623090744018555,29.289885014295578,1.550710633977012,2.049869720733279,2749.409954041241690,0.831273138523102,3.353494024276733
2037,MX15086,2037,2800.000000000000000,0.048611111888889,0.264576762914658,15.696723937988281,15.432147175073624,0.718807806734528,0.970805966121010,2012.661858856678919,0.422821953892708,1.377639663219451
2038,MX31084,2038,1687.000000000000000,0.029288194913056,0.193470239639282,8.736044883728027,8.542574644088745,0.331462841028283,0.534428212870256,559.177812814713207,0.249681815505028,0.314857518672943
2039,MX17018,2039,512.000000000000000,0.008888889031111,0.601571083068848,21.326503753662109,20.724932670593262,5.800903982599267,6.178889484305594,2970.062839090824582,2.253645181655884,16.565554046630858
2040,MX17033,2040,181.000000000000000,0.003142361161389,0.817600488662720,14.943404197692871,14.125803709030151,2.808024555938677,3.006412411458387,508.252444624900590,1.227978944778442,7.219820499420166
2041,MX15087,2041,928.000000000000000,0.016111111368889,0.532740294933319,16.934623718261719,16.401883423328400,3.069593684876273,2.839400286543672,2848.582939565181277,2.097437381744385,7.347576665878297
2042,MX08063,2042,22738.000000000000000,0.394756950760556,0.203858897089958,8.310766220092773,8.106907323002815,0.255878264438179,0.136426284070730,5818.159976795314833,0.245262399315834,0.263529545068741
2043,MX31085,2043,3533.000000000000000,0.061336806536944,0.186477527022362,16.156478881835938,15.970001354813576,0.333256745638741,0.697796554014215,1177.396082341673264,0.231693416833878,0.333162814378738
2044,MX30161,2044,5784.000000000000000,0.100416668273333,0.184181526303291,9.992575645446777,9.808394119143486,0.314972375659981,0.378134249858900,1821.800220817332956,0.263465210795403,0.361214810609817
2045,MX04008,2045,5191.000000000000000,0.090121529219722,0.191488623619080,20.888822555541992,20.697333931922913,0.326226665639643,0.784074015611590,1693.442621335387003,0.241113051772118,0.291775614023209
2046,MX14090,2046,1404.000000000000000,0.024375000390000,0.198223471641541,7.952570915222168,7.754347443580627,0.352206588162911,0.475547325680393,494.498049780726376,0.264024883508682,0.402959710359573
2047,MX30162,2047,321.000000000000000,0.005572916755833,0.246750265359879,2.153950691223145,1.907200425863266,0.414853720557281,0.267508402684447,133.168044298887253,0.296979397535324,0.658722162246704
2048,MX21158,2048,698.000000000000000,0.012118055749444,0.265489578247070,2.172533035278320,1.907043457031250,0.386101383278227,0.170514659089975,269.498765528202114,0.343867465853691,0.461896878480911
2049,MX15088,2049,814.000000000000000,0.014131944670556,0.501267254352570,163.224624633789062,162.723357379436493,10.658573918685281,21.942780730929169,8676.079169809818268,3.939921736717224,20.779395294189456
2050,MX29027,2050,65.000000000000000,0.001128472240278,1.465531229972839,18.116802215576172,16.651270985603333,6.421912184128394,4.967468812531609,417.424291968345642,4.025411128997803,13.667960166931152
2051,MX13060,2051,882.000000000000000,0.015312500245000,0.281544983386993,12.482821464538574,12.201276481151581,0.678817523748967,0.908868193282145,598.717055946588516,0.449244379997253,1.001197838783264
2052,MX15089,2052,183.000000000000000,0.003177083384167,0.829565644264221,19.389484405517578,18.559918761253357,3.074769480958011,3.696501876017067,562.682815015316010,1.439117789268494,7.676716136932378
2053,MX15090,2053,1026.000000000000000,0.017812500285000,0.299738645553589,21.091485977172852,20.791747331619263,2.105674827191795,2.994170098758348,2160.422372698781601,0.948251992464066,5.822002172470093
2054,MX07093,2054,936.000000000000000,0.016250000260000,0.219987228512764,4.519925594329834,4.299938365817070,0.723103681531472,0.556696631954688,676.825045913457643,0.530850350856781,1.420420169830322
2055,MX30163,2055,429.000000000000000,0.007447916785833,0.222957521677017,1.260491132736206,1.037533611059189,0.303905141520333,0.114245929341393,130.375305712222911,0.274752318859100,0.356210577487946
2056,MX27017,2056,9104.000000000000000,0.158055558084444,0.180871829390526,39.674327850341797,39.493456020951271,0.450541634615086,1.480560425085900,4101.731041535746044,0.259488299489021,0.512139546871185
2057,MX14091,2057,4678.000000000000000,0.081215279077222,0.242271468043327,34.519062042236328,34.276790574193001,0.598541505800422,1.626376482866848,2799.977164134373197,0.344650119543076,0.694769829511643
2058,MX30164,2058,302.000000000000000,0.005243055639444,0.322873443365097,9.970968246459961,9.648094803094864,0.934610103534547,1.277499932380339,282.252251267433110,0.566231161355972,1.349781024456027
2059,MX20544,2059,653.000000000000000,0.011336805736944,0.179830744862556,1.511379957199097,1.331549212336540,0.262753417079336,0.112962188372457,171.577981352806148,0.240824669599533,0.288187801837921
2060,MX14092,2060,1665.000000000000000,0.028906250462500,0.256562918424606,12.671550750732422,12.414987832307816,0.499650550318194,0.717051542061548,831.918166279793354,0.332167923450470,0.720698094367982
2061,MX29028,2061,385.000000000000000,0.006684027884722,0.433810114860535,18.404928207397461,17.971118092536926,2.584998675600274,3.958336432322402,995.224490106105350,0.753374159336090,8.977134704589847
2062,MX15091,2062,156.000000000000000,0.002708333376667,2.531141996383667,40.614498138427734,38.083356142044067,16.344474809292027,10.331697306002932,2549.738070249556131,16.544015884399414,30.936750411987305
2063,MX21159,2063,1224.000000000000000,0.021250000340000,0.244230657815933,5.909314155578613,5.665083497762680,0.401851631080111,0.330018992504828,491.866396442055873,0.334055706858635,0.514870774745941
2064,MX07094,2064,1381.000000000000000,0.023975694828056,0.198986500501633,18.559642791748047,18.360656291246414,0.810182139946445,1.755860557502543,1118.861535266040391,0.323961794376373,1.385139465332031
2065,MX15092,2065,415.000000000000000,0.007204861226389,1.598837375640869,34.640548706054688,33.041711330413818,8.591219586923886,7.267998381270314,3565.356128573412661,5.681973934173584,19.441733169555668
2066,MX20545,2066,716.000000000000000,0.012430555754444,0.195993915200233,8.388136863708496,8.192142948508263,0.469542275843673,0.788568168857683,336.192269504069714,0.259655520319939,0.685465842485428
2067,MX20546,2067,526.000000000000000,0.009131944590556,0.232524082064629,6.005772590637207,5.773248508572578,0.650973330545788,0.748121933328309,342.411971867084389,0.385311827063560,1.243064224720001
2068,MX21160,2068,673.000000000000000,0.011684027964722,0.216672182083130,6.289498805999756,6.072826623916626,0.429982758848132,0.569936294293346,289.378396704793033,0.282393515110016,0.614283931255342
2069,MX20547,2069,225.000000000000000,0.003906250062500,0.238469168543816,3.322664976119995,3.084195807576180,0.398829723927710,0.377836928793537,89.736687883734731,0.295418560504913,0.520767474174500
2070,MX26063,2070,4173.000000000000000,0.072447917825833,0.201002463698387,4.479349613189697,4.278347149491310,0.246717410831180,0.133653535603682,1029.551755398512114,0.238569766283035,0.254248863458633
2071,MX31086,2071,547.000000000000000,0.009496527929722,0.222570702433586,8.307999610900879,8.085428908467293,0.439717726962440,0.758935744646142,240.525596648454808,0.263743668794632,0.525862634181977
2072,MX16089,2072,3936.000000000000000,0.068333334426667,0.201383829116821,18.949724197387695,18.748340368270874,0.424687561711553,0.921545189963641,1671.570242896673562,0.286644995212555,0.494287848472595
2073,MX17019,2073,1817.000000000000000,0.031545139393611,0.252588659524918,17.781682968139648,17.529094308614731,0.703996467439434,1.225906911561029,1279.161581337451253,0.420889019966125,0.935056102275848
2074,MX21161,2074,1117.000000000000000,0.019392361421389,0.266873747110367,10.016180992126465,9.749307245016098,1.037241762145459,1.380974802985985,1158.599048316478047,0.506798207759857,2.259661960601806
2075,MX21162,2075,147.000000000000000,0.002552083374167,0.360634535551071,7.755576133728027,7.394941598176956,0.840219370767373,1.156277784235359,123.512247502803788,0.462572336196899,1.514506340026856
2076,MX14093,2076,7001.000000000000000,0.121545140833611,0.266593158245087,45.208545684814453,44.941952526569366,1.297231271490513,3.600530238874568,9081.916131705082080,0.480349123477936,1.722811460494995
2077,MX30165,2077,297.000000000000000,0.005156250082500,0.300622075796127,3.094944477081299,2.794322401285172,0.625450382529685,0.435037627387871,185.758763611316510,0.468601614236832,1.027986407279968
2078,MX21163,2078,308.000000000000000,0.005347222307778,0.399341344833374,12.648590087890625,12.249248743057251,1.233617265019323,2.032779682909010,379.954117625951540,0.564572900533676,2.221701192855836
2079,MX21164,2079,1079.000000000000000,0.018732639188611,0.386995464563370,25.115695953369141,24.728700488805771,2.539852507502200,3.091410719978271,2740.500855594873883,1.437046766281128,6.005461120605470
2080,MX13061,2080,1206.000000000000000,0.020937500335000,0.309161692857742,47.204147338867188,46.894985646009445,2.133922305396738,5.402054073299922,2573.510300308465958,0.500930368900299,3.812178373336792
2081,MX32045,2081,2734.000000000000000,0.047465278537222,0.215259835124016,8.483359336853027,8.268099501729012,0.332379693728166,0.389013504656530,908.726082652806895,0.274346828460693,0.377504581212997
2082,MX12059,2082,4193.000000000000000,0.072795140053611,0.199171334505081,7.099112987518311,6.899941653013229,0.369466059242175,0.363925502809758,1549.171186402439162,0.275406271219254,0.519226920604706
2083,MX13062,2083,1736.000000000000000,0.030138889371111,0.243034064769745,4.003103733062744,3.760069668292999,0.455280055528000,0.308492816692893,790.366176396607671,0.348419785499573,0.720842480659485
2084,MX10035,2084,31384.000000000000000,0.544861119828889,0.188034161925316,8.501352310180664,8.313318148255348,0.245072364565453,0.132798118266325,7691.351089522187067,0.236445859074593,0.254112485051155
2085,MX13063,2085,1750.000000000000000,0.030381944930556,0.486737757921219,62.753093719482422,62.266355961561203,2.739723544444353,4.275364360791823,4794.516202777617764,1.576445519924164,5.390250778198246
2086,MX20548,2086,2822.000000000000000,0.048993056339444,0.180458933115005,3.512738704681396,3.332279771566391,0.264859886471681,0.161893346525926,747.434599623082363,0.239178873598576,0.300065952539444
2087,MX21165,2087,141.000000000000000,0.002447916705833,0.321129828691483,2.056970834732056,1.735841006040573,0.502931900692324,0.254504490874885,70.913397997617651,0.411527663469315,0.756137251853943
2088,MX21166,2088,651.000000000000000,0.011302083514167,0.347113966941833,7.947099208831787,7.599985241889954,0.662639134078531,0.726430395391284,431.378076285123939,0.464598298072815,0.971578001976013
2089,MX29019,2089,116.000000000000000,0.002013888921111,1.301166534423828,13.692363739013672,12.391197204589844,4.411256247553331,3.155732954870292,511.705724716186353,2.925078749656677,9.366786003112793
2090,MX13064,2090,733.000000000000000,0.012725694648056,0.353748023509979,6.301689147949219,5.947941124439240,0.987848238315621,0.932057034938427,724.092758685349963,0.614114582538605,1.982902765274048
2091,MX30166,2091,475.000000000000000,0.008246527909722,0.240055218338966,2.253450632095337,2.013395413756371,0.419668172472402,0.229278777853123,199.342381924390736,0.356721103191376,0.541803050041199
2092,MX15093,2092,888.000000000000000,0.015416666913333,0.512354135513306,25.225723266601562,24.713369131088257,3.322737768896528,4.267894149629750,2950.591138780117035,1.456821143627167,8.883286476135261
2093,MX15094,2093,212.000000000000000,0.003680555614444,0.659331440925598,27.071958541870117,26.412627100944519,3.568957042300478,4.815206001515826,756.618892967701186,1.559529066085815,8.758525657653809
2094,MX32046,2094,3656.000000000000000,0.063472223237778,0.209881231188774,11.365200042724609,11.155318811535835,0.369869548379070,0.500244868221023,1352.243068873880475,0.276921093463898,0.431456640362740
2095,MX21167,2095,355.000000000000000,0.006163194543056,0.332054883241653,3.312896490097046,2.980841606855392,0.726948909440511,0.456281114183239,258.066862851381416,0.578165650367737,1.332990169525147
2096,MX30167,2096,1137.000000000000000,0.019739583649167,0.224768519401550,5.524461746215820,5.299693226814270,0.387483794828623,0.360484143097216,440.569074720144158,0.317698597908020,0.476581877470016
2097,MX21168,2097,573.000000000000000,0.009947916825833,0.318466573953629,6.037106037139893,5.718639463186264,0.568968048738559,0.595043123457303,326.018691927194482,0.409348309040070,0.716573631763458
2098,MX21169,2098,1927.000000000000000,0.033454861646389,0.216907620429993,41.966342926025391,41.749435305595398,0.817348623815508,1.809330042899980,1575.030798092483110,0.402502596378326,1.431278753280640
2099,MX21170,2099,2234.000000000000000,0.038784722842778,0.237655326724052,19.408250808715820,19.170595481991768,0.626533883637954,1.121987143722296,1399.676696047188670,0.346901327371597,0.978831875324249
2100,MX21171,2100,80.000000000000000,0.001388888911111,0.560977995395660,12.916325569152832,12.355347573757172,2.123924663662910,2.313525254878831,169.913973093032808,1.253265202045441,3.949159431457522
2101,MX29029,2101,82.000000000000000,0.001423611133889,1.941556692123413,15.556774139404297,13.615217447280884,6.615529931173093,2.820397063674426,542.473454356193656,6.572648525238037,10.286408424377443
2102,MX01009,2102,1181.000000000000000,0.020503472550278,0.385431617498398,28.790592193603516,28.405160576105118,1.463456642011986,2.491475153481117,1728.342294216155551,0.692291676998138,3.186488866806030
2103,MX18017,2103,8204.000000000000000,0.142430557834444,0.204192787408829,46.590190887451172,46.385998100042343,1.425561118720220,4.664712822225595,11695.303417980683662,0.318291157484055,1.401242864131927
2104,MX15095,2104,1024.000000000000000,0.017777778062222,0.713410973548889,59.162765502929688,58.449354529380798,6.578225991863285,9.321510123397706,6736.103415668003436,2.250033736228943,20.119993591308603
2105,MX17020,2105,1191.000000000000000,0.020677083664167,0.461439013481140,21.516668319702148,21.055229306221008,2.067211727251235,2.211435164763667,2462.049167156220847,1.300937175750732,4.331033706665039
2106,MX14094,2106,8480.000000000000000,0.147222224577778,0.202249348163605,41.600528717041016,41.398279368877411,0.430673614059979,1.422421854736324,3652.112247228620618,0.268869802355766,0.445531535148621
2107,MX30168,2107,491.000000000000000,0.008524305691944,0.426277935504913,7.955198764801025,7.528920829296112,0.919136357708036,0.798012053911999,451.295951634645633,0.688084602355957,1.283315420150757
2108,MX22017,2108,1839.000000000000000,0.031927083844167,0.477572798728943,36.139957427978516,35.662384629249573,2.087152715138341,3.420317174469810,3838.273843139408655,0.992553055286407,4.382870578765869
2109,MX15096,2109,606.000000000000000,0.010520833501667,1.156410574913025,23.110136032104492,21.953725457191467,3.958672897060316,3.951957352281549,2398.955775618551797,2.084823608398438,9.777349948883057
2110,MX29030,2110,772.000000000000000,0.013402777992222,0.316446423530579,11.551342964172363,11.234896540641785,0.889830516487205,1.382948687335762,686.949158728122597,0.492349997162819,1.468074679374693
2111,MX17021,2111,332.000000000000000,0.005763888981111,0.531725287437439,56.641731262207031,56.110005974769592,2.353035241544965,4.175621229748266,781.207700192928314,1.038836896419525,5.391437768936161
2112,MX21172,2112,1631.000000000000000,0.028315972675278,0.238508850336075,12.457483291625977,12.218974441289902,0.656981937025384,0.817398850756636,1071.537539288401149,0.423117876052856,1.131727337837219
2113,MX17022,2113,488.000000000000000,0.008472222357778,-1.500000000000000,8.912097930908203,10.412097930908203,1.160662228821731,1.319998214890637,566.403167665004844,0.643298715353012,2.650184321403503
2114,MX21173,2114,49.000000000000000,0.000850694458056,0.708230495452881,9.434058189392090,8.725827693939209,2.676077955839586,2.030127724096144,131.127819836139707,1.783108592033386,5.918770694732667
2115,MX13065,2115,221.000000000000000,0.003836805616944,0.666332423686981,12.452798843383789,11.786466419696808,2.661757221049314,2.657504734920852,588.248345851898307,1.280931115150452,6.637616157531738
2116,MX12060,2116,1075.000000000000000,0.018663194743056,0.254690945148468,3.378243684768677,3.123552739620209,0.445593654610390,0.288622621090603,479.013178706169299,0.362145125865936,0.628449022769928
2117,MX31087,2117,1692.000000000000000,0.029375000470000,0.191959887742996,9.289811134338379,9.097851246595383,0.354877911340754,0.492317407137862,600.453425988556091,0.260301306843758,0.473987346887588
2118,MX29031,2118,841.000000000000000,0.014600694678056,0.357445389032364,30.600111007690430,30.242665618658066,2.840879886881775,4.305271037129968,2389.179984867572784,0.890265345573425,7.953018188476562
2119,MX29032,2119,130.000000000000000,0.002256944480556,1.395313858985901,12.091235160827637,10.695921301841736,3.785890324299152,2.406271184203326,492.165742158889714,2.939510464668274,7.262968349456789
2120,MX14095,2120,1096.000000000000000,0.019027778082222,0.324783533811569,13.792819023132324,13.468035489320755,0.677539204131731,1.112425572119818,742.582967728377184,0.416212782263756,0.828699767589569
2121,MX32047,2121,3404.000000000000000,0.059097223167778,0.209947496652603,13.892374038696289,13.682426542043686,0.317698800829090,0.525574416305807,1081.446718022221603,0.258490324020386,0.311285731196404
2122,MX15097,2122,740.000000000000000,0.012847222427778,0.274621397256851,6.049167633056641,5.774546235799789,0.637962313519942,0.555069716868574,472.092112004756757,0.488046839833260,1.077547025680543
2123,MX15098,2123,124.000000000000000,0.002152777812222,0.636427819728851,19.438360214233398,18.801932394504547,2.616631082469417,3.306622485100617,324.462254226207733,1.287189126014709,5.479354047775269
2124,MX30170,2124,975.000000000000000,0.016927083604167,0.220205277204514,2.694512128829956,2.474306851625443,0.341358202558298,0.185227224090919,332.824247494340057,0.291828811168671,0.458553373813629
2125,MX15099,2125,2115.000000000000000,0.036718750587500,0.462914347648621,55.992187500000000,55.529273152351379,8.607121499844457,10.346683765569027,18204.061972171024536,4.441270828247070,23.694781875610360
2126,MX30171,2126,211.000000000000000,0.003663194503056,0.305676162242889,5.813795089721680,5.508118927478790,0.687938027472292,0.739420184009263,145.154923796653719,0.476969540119171,1.070717573165894
2127,MX30172,2127,2186.000000000000000,0.037951389496111,0.228407025337219,11.047955513000488,10.819548487663269,0.458249956478465,0.537354733505790,1001.734404861925327,0.336369574069977,0.665349721908569
2128,MX31088,2128,389.000000000000000,0.006753472330278,0.235035553574562,5.239564418792725,5.004528865218163,0.389225417015485,0.485009055991488,151.408687219023705,0.289102762937546,0.365347439050674
2129,MX21174,2129,458.000000000000000,0.007951389016111,0.278640747070312,26.449174880981445,26.170534133911133,3.460279712054929,4.935246259337977,1584.808108121157602,1.532635152339935,9.568069362640383
2130,MX30173,2130,2581.000000000000000,0.044809028494722,0.248077437281609,12.256461143493652,12.008383706212044,0.472845838443801,0.530882574960629,1220.415109023449304,0.371725857257843,0.629344582557678
2131,MX13067,2131,812.000000000000000,0.014097222447778,0.380584537982941,12.802853584289551,12.422269046306610,2.264626487392214,2.275990864683661,1838.876707762478190,1.238891303539276,5.823825597763062
2132,MX15100,2132,84.000000000000000,0.001458333356667,10.049829483032227,57.365734100341797,47.315904617309570,26.118939660844347,9.955509953447756,2193.990931510925293,25.200392723083496,38.497441482543948
2133,MX21175,2133,656.000000000000000,0.011388889071111,0.360591799020767,17.059307098388672,16.698715299367905,1.263775767803920,1.807759256228869,829.036903679371335,0.648780316114426,2.482309341430664
2134,MX15101,2134,652.000000000000000,0.011319444625556,0.504848361015320,30.997213363647461,30.492365002632141,4.186790479472816,5.518494704014010,2729.787392616276065,1.905998826026917,10.939566707611084
2135,MX13068,2135,1273.000000000000000,0.022100694798056,0.259799927473068,15.092069625854492,14.832269698381424,0.628026622561892,0.954484589603815,799.477890521287918,0.399715512990952,1.022874355316162
2136,MX31089,2136,1687.000000000000000,0.029288194913056,0.201369419693947,23.722759246826172,23.521389827132225,0.737606086795260,2.012660027281741,1244.341468423603828,0.270965278148651,0.811427378654480
2137,MX11040,2137,2045.000000000000000,0.035503472790278,0.236087918281555,8.154291152954102,7.918203234672546,0.543679619950303,0.560159711487359,1111.824822798370406,0.345562160015106,1.009227037429810
2138,MX30174,2138,7438.000000000000000,0.129131946510556,0.266248583793640,50.230766296386719,49.964517712593079,0.728481365872119,1.841681111417584,5418.444399356822942,0.424642741680145,0.908307665586472
2139,MX24043,2139,2402.000000000000000,0.041701389556111,0.209641352295876,10.221923828125000,10.012282475829124,0.368006451069366,0.546778527162940,883.951495468616713,0.272269353270531,0.436112189292908
2140,MX30175,2140,3593.000000000000000,0.062378473220278,0.307472825050354,169.441299438476562,169.133826613426208,1.918321591489597,6.373995334969282,6892.529478222121725,0.670033097267151,2.680580949783328
2141,MX02004,2141,6770.000000000000000,0.117534724102778,0.254542440176010,110.028312683105469,109.773770242929459,8.829278139899900,13.328973725150655,59774.213007122321869,1.049320578575134,30.276149177551268
2142,MX07096,2142,3922.000000000000000,0.068090278867222,0.228157088160515,9.014382362365723,8.786225274205208,0.457452966209002,0.517607944275385,1794.130533471704666,0.318938761949539,0.703165519237518
2143,MX21176,2143,414.000000000000000,0.007187500115000,0.309117048978806,3.527437925338745,3.218320876359940,0.724985089710945,0.586868806784737,300.143827140331155,0.482763603329659,1.491018509864807
2144,MX15102,2144,830.000000000000000,0.014409722452778,0.402247697114944,9.452586174011230,9.050338476896286,1.111555500202868,1.092038879947857,922.591065168380169,0.637769937515259,2.315090727806091
2145,MX31090,2145,681.000000000000000,0.011822916855833,0.239142477512360,16.197414398193359,15.958271920681000,0.754393031921855,1.441627421348141,513.741654738783268,0.443690180778503,0.938021063804626
2146,MX16090,2146,940.000000000000000,0.016319444705556,0.266948699951172,8.013114929199219,7.746166229248047,0.516717883785989,0.751060933733038,485.714810758829572,0.334851190447807,0.633294051885605
2147,MX16091,2147,859.000000000000000,0.014913194683056,0.250716418027878,10.320482254028320,10.069765836000443,0.527542745865821,0.742603696057061,453.159218698740290,0.346868604421616,0.759924852848053
2148,MX31091,2148,2339.000000000000000,0.040607639538611,0.178467318415642,12.213613510131836,12.035146191716194,0.337522494851549,0.654852338365582,789.465115457773095,0.234311759471893,0.338098692893982
2149,MX16092,2149,7368.000000000000000,0.127916668713333,0.188041090965271,5.725475311279297,5.537434220314026,0.285583343079777,0.216179205861708,2104.178071811799782,0.256280601024628,0.310037705302238
2150,MX31092,2150,2512.000000000000000,0.043611111808889,0.172338068485260,5.223432540893555,5.051094472408295,0.239855912929270,0.197177234639405,602.518053278325510,0.214828848838806,0.242703001201153
2151,MX31093,2151,857.000000000000000,0.014878472460278,0.331956416368484,11.933939933776855,11.601983517408371,0.896645965208947,1.196009861257060,768.425592184067909,0.548285186290741,1.418570446968078
2152,MX31094,2152,1141.000000000000000,0.019809028094722,0.203601539134979,4.836626529693604,4.633024990558624,0.311172634049741,0.329081664866816,355.047975450754336,0.248575732111931,0.339403271675110
2153,MX31095,2153,354.000000000000000,0.006145833431667,0.496078372001648,15.008965492248535,14.512887120246887,1.783834320340452,1.883361334934633,631.477349400519870,1.146364688873291,3.565854787826537
2154,MX12061,2154,1914.000000000000000,0.033229167198333,0.200067579746246,14.644772529602051,14.444704949855804,0.544848990220822,1.004032322836726,1042.840967282653992,0.340089917182922,0.692293471097946
2155,MX14096,2155,965.000000000000000,0.016753472490278,0.262423723936081,20.313476562500000,20.051052838563919,0.795701008571861,1.794483034473235,767.851473271846203,0.369301319122314,1.063692069053650
2156,MX13069,2156,384.000000000000000,0.006666666773333,1.650686144828796,43.349647521972656,41.698961377143860,14.703854317155978,9.403630598889546,5646.280057787895203,13.034267902374268,28.743221282958984
2157,MX31096,2157,19136.000000000000000,0.332222227537778,0.173228681087494,22.073305130004883,21.900076448917389,0.293912306674024,0.612905095060683,5624.305900514131281,0.225073091685772,0.279472842812538
2158,MX30180,2158,1124.000000000000000,0.019513889201111,0.216132968664169,2.693970203399658,2.477837234735489,0.319107576197152,0.161815911771354,358.676915645599365,0.283220365643501,0.373840156197548
2159,MX21179,2159,2091.000000000000000,0.036302083914167,-1.500000000000000,10.876563072204590,12.376563072204590,0.479927540213826,0.735594561512472,1003.528486587109910,0.328265398740768,0.767647743225098
2160,MX12062,2160,3902.000000000000000,0.067743056639444,0.187911733984947,4.914215087890625,4.726303353905678,0.303764771339772,0.225390446224142,1185.290137767791521,0.257049813866615,0.352438125014305
2161,MX12063,2161,1368.000000000000000,0.023750000380000,0.203355267643929,2.577425241470337,2.374069973826408,0.339244649075625,0.198313252738033,464.086679935454413,0.275389850139618,0.493236407637596
2162,MX30176,2162,488.000000000000000,0.008472222357778,0.266329258680344,6.753897190093994,6.487567931413651,0.506593611579939,0.601718694945848,247.217682451010120,0.379428386688232,0.639540851116180
2163,MX20551,2163,660.000000000000000,0.011458333516667,0.196739628911018,18.937774658203125,18.741035029292107,1.405963231826371,2.670935884072971,927.935733005404700,0.449648261070251,3.617383122444153
2164,MX30177,2164,662.000000000000000,0.011493055739444,0.233749836683273,5.722196578979492,5.488446742296219,0.448453256258251,0.400760264645626,296.876055642962115,0.325783416628838,0.717723256349564
2165,MX30178,2165,2766.000000000000000,0.048020834101667,0.219346269965172,18.397018432617188,18.177672162652016,0.371166348823671,0.773535256099179,1026.646120846272879,0.292198047041893,0.381521031260490
2166,MX21177,2166,1953.000000000000000,0.033906250542500,0.250487327575684,23.129570007324219,22.879082679748535,1.099012694188527,1.735701606314686,2146.371791750193552,0.505968689918518,2.476549673080444
2167,MX30179,2167,321.000000000000000,0.005572916755833,0.234326720237732,2.622748851776123,2.388422131538391,0.405599407921328,0.310424727418393,130.197409942746276,0.292962700128555,0.632443130016327
2168,MX20552,2168,279.000000000000000,0.004843750077500,0.186866551637650,1.829368472099304,1.642501920461655,0.280971998595849,0.187714457848695,78.391187608241992,0.238547503948212,0.299333608150482
2169,MX21178,2169,868.000000000000000,0.015069444685556,0.280645996332169,2.276352405548096,1.995706409215927,0.483817631885203,0.238801624349094,419.953704476356506,0.402831062674522,0.721792644262314
2170,MX09011,2170,426.000000000000000,0.007395833451667,3.442430496215820,61.275272369384766,57.832841873168945,23.904859226074574,17.002826063413178,10183.470030307767956,18.729546546936035,49.315465927124023
2171,MX10036,2171,24693.000000000000000,0.428697923525833,0.200381264090538,27.118413925170898,26.918032661080360,0.330468102601660,0.637638160723925,8160.248857542789665,0.262695252895355,0.340595054626465
2172,MX21180,2172,1547.000000000000000,0.026857639318611,0.423405349254608,9.131496429443359,8.708091080188751,1.000878267910068,1.170773039321162,1548.358680456875618,0.550432682037354,1.860358238220216
2173,MX13070,2173,144.000000000000000,0.002500000040000,1.036079883575439,29.203824996948242,28.167745113372803,5.410329201983080,6.009665096702541,779.087405085563546,2.667598366737366,12.723718738555926
2174,MX13071,2174,2660.000000000000000,0.046180556294444,0.217051267623901,3.239825963973999,3.022774696350098,0.315677828901916,0.161008149616687,839.703024879097256,0.275998488068581,0.395266532897949
2175,MX14097,2175,3563.000000000000000,0.061857639878611,0.452272206544876,78.040596008300781,77.588323801755905,8.841901207259617,12.167568818226533,31503.694001466017653,2.810957193374634,27.304705429077153
2176,MX12064,2176,2331.000000000000000,0.040468750647500,0.197433188557625,7.337657451629639,7.140224263072014,0.398692928954594,0.399904297986403,929.353217393159412,0.316476345062256,0.509734272956848
2177,MX30181,2177,4540.000000000000000,0.078819445705556,0.265606731176376,10.127327919006348,9.861721187829971,0.525964561597104,0.511612632785877,2387.879109650850751,0.403655022382736,0.737400007247925
2178,MX20553,2178,403.000000000000000,0.006996527889722,0.258350431919098,12.586894035339355,12.328543603420258,1.871349090012369,2.812609781474581,754.153683274984587,0.526230156421661,6.435114669799805
2179,MX12065,2179,582.000000000000000,0.010104166828333,0.227409332990646,5.159469127655029,4.932059794664383,0.489134707324898,0.588646721579700,284.676399663090820,0.303486406803131,0.804500299692154
2180,MX15103,2180,792.000000000000000,0.013750000220000,-1.500000000000000,27.713958740234375,29.213958740234375,2.607809981350044,4.501723537292812,2065.385505229234695,0.883471935987473,7.176941776275634
2181,MX30182,2181,180.000000000000000,0.003125000050000,0.392348736524582,11.302240371704102,10.909891635179520,1.364019686149226,1.357841001588796,245.523543506860761,0.919645249843597,2.668293499946594
2182,MX17023,2182,536.000000000000000,0.009305555704444,0.466674238443375,10.450596809387207,9.983922570943832,0.896346524190992,1.055322900825761,480.441736966371650,0.592702031135559,1.301801741123199
2183,MX15104,2183,399.000000000000000,0.006927083444167,5.968902587890625,75.153251647949219,69.184349060058594,36.074515694066115,13.413427244038774,14393.731761932380323,38.505626678466797,51.496691131591788
2184,MX09012,2184,1550.000000000000000,0.026909722652778,0.485336393117905,72.115676879882812,71.630340486764908,11.713885315868160,17.325079368911872,18156.522239595647989,1.408625483512878,43.008166885375985
2185,MX16093,2185,980.000000000000000,0.017013889161111,0.286431998014450,9.721990585327148,9.435558587312698,0.747379609729562,0.709756674484879,732.432017534970782,0.541254550218582,1.288358867168427
2186,MX21181,2186,106.000000000000000,0.001840277807222,1.646298766136169,12.131089210510254,10.484790444374084,3.344276721747415,2.478072141406936,354.493332505226022,2.145766258239746,7.536940813064575
2187,MX32048,2187,3758.000000000000000,0.065243056599444,0.222396731376648,24.973781585693359,24.751384854316711,0.518048331807623,1.379520149653747,1946.825630933048842,0.291262686252594,0.584185177087784
2188,MX30024,2188,1375.000000000000000,0.023871528159722,0.226112470030785,3.130395889282227,2.904283419251442,0.379289855198427,0.220843236368111,521.523550897837367,0.321387588977814,0.526292502880097
2189,MX17024,2189,1172.000000000000000,0.020347222547778,0.437449276447296,15.906039237976074,15.468589961528778,1.888423766597545,2.219357859714704,2213.232654452322549,1.140618383884430,4.405948114395144
2190,MX13072,2190,410.000000000000000,0.007118055669444,0.361145824193954,22.278171539306641,21.917025715112686,1.301005147651929,1.907790699264846,533.412110537290800,0.685702145099640,2.883922076225282
2191,MX13073,2191,1965.000000000000000,0.034114583879167,0.246287181973457,5.950754642486572,5.704467460513115,0.468757536127671,0.402582140156317,921.108558490873065,0.345606952905655,0.732544863224030
2192,MX21182,2192,75.000000000000000,0.001302083354167,0.772805213928223,13.029198646545410,12.256393432617188,2.748863724867504,2.708382707831336,206.164779365062799,1.514421939849854,6.166414070129397
2193,MX21183,2193,715.000000000000000,0.012413194643056,0.344353854656219,8.410813331604004,8.066459476947784,0.837317057047690,0.766397479435573,598.681695789098399,0.576525807380676,1.537711238861085
2194,MX12066,2194,2989.000000000000000,0.051892361941389,0.199923992156982,21.260190963745117,21.060266971588135,0.678435576933209,1.465810036404542,2027.843939453362736,0.333628743886948,1.109885787963867
2195,MX21184,2195,310.000000000000000,0.005381944530556,0.326545715332031,3.112046003341675,2.785500288009644,0.553911176708436,0.345538633488219,171.712464779615317,0.432667925953865,0.836481487751007
2196,MX30183,2196,834.000000000000000,0.014479166898333,0.293911397457123,20.130884170532227,19.836972773075104,1.251051665603115,2.400840873451642,1043.377089112997965,0.549327045679092,2.456254887580872
2197,MX21185,2197,416.000000000000000,0.007222222337778,0.349791258573532,4.996702671051025,4.646911412477493,0.704764446100364,0.571915421158536,293.182009577751273,0.482253894209862,1.336866617202759
2198,MX12067,2198,1398.000000000000000,0.024270833721667,0.256884396076202,11.108951568603516,10.852067172527313,0.576033087034253,0.831170084564816,805.294255673885345,0.351737514138222,0.867312878370285
2199,MX30184,2199,276.000000000000000,0.004791666743333,0.302386999130249,7.486546039581299,7.184159040451050,0.873563033731087,0.912186966037368,241.103397309780007,0.661440521478653,1.344936728477478
2200,MX17025,2200,2680.000000000000000,0.046527778522222,0.198586404323578,16.627222061157227,16.428635656833649,0.648230039495141,1.264988599291487,1737.256505846979053,0.344485029578209,0.997158420085906
2201,MX21186,2201,1463.000000000000000,0.025399305961944,0.279004424810410,14.106370925903320,13.827366501092911,0.907034402645702,1.163470804216187,1326.991331070661317,0.519810676574707,1.656803154945373
2202,MX15105,2202,3884.000000000000000,0.067430556634444,0.201668426394463,2.791385889053345,2.589717462658882,0.329785427602293,0.181303562691568,1280.886600807307786,0.284697175025940,0.416313430666924
2203,MX29033,2203,257.000000000000000,0.004461805626944,1.045256853103638,55.355670928955078,54.310414075851440,13.183891231911641,10.350367889541086,3388.260046601291833,10.060357093811035,28.926155471801763
2204,MX21187,2204,271.000000000000000,0.004704861186389,0.294165313243866,1.557283163070679,1.263117849826813,0.436471485343806,0.193463234622674,118.283772528171511,0.369734495878220,0.633637547492981
2205,MX29034,2205,2858.000000000000000,0.049618056349444,0.249380365014076,17.835647583007812,17.586267217993736,0.709543035169469,1.100678982538451,2027.873994514342940,0.432248294353485,1.060008847713470
2206,MX13074,2206,213.000000000000000,0.003697916725833,1.209504723548889,24.559118270874023,23.349613547325134,4.818923351910191,4.312326998582811,1026.430673956870578,3.174693346023560,11.096272659301757
2207,MX17026,2207,281.000000000000000,0.004878472300278,0.868331491947174,13.458780288696289,12.590448796749115,2.637466742474835,2.048586297735844,741.128154635428587,1.930747866630554,4.828664302825928
2208,MX16094,2208,1007.000000000000000,0.017482639168611,0.270376116037369,3.862730026245117,3.592353910207748,0.432118929574838,0.291645339065466,435.143762081861837,0.351419121026993,0.572315680980682
2209,MX30185,2209,57.000000000000000,0.000989583349167,0.832527279853821,37.732269287109375,36.899742007255554,4.791753146732062,6.974955392863593,273.129929363727513,1.669674873352051,13.174448204040523
2210,MX29035,2210,71.000000000000000,0.001232638908611,0.783701539039612,10.228655815124512,9.444954276084900,2.550385297184258,2.496490494799898,181.077356100082341,1.313929796218872,7.041772365570068
2211,MX21188,2211,1090.000000000000000,0.018923611413889,-1.500000000000000,6.393985748291016,7.893985748291016,0.677192646237688,0.766337164652231,738.139984399080163,0.446061939001083,1.398730587959290
2212,MX21189,2212,502.000000000000000,0.008715277917222,0.346701920032501,15.999812126159668,15.653110206127167,1.750338491631219,1.977626547739614,878.669922798871767,1.105381369590759,3.437335896492005
2213,MX16095,2213,2510.000000000000000,0.043576389586111,0.208612665534019,9.917785644531250,9.709172978997231,0.380305128137904,0.533587201689386,954.565871626138005,0.275608345866203,0.449931854009628
2214,MX13075,2214,584.000000000000000,0.010138889051111,0.470860928297043,18.131654739379883,17.660793811082840,1.893620635650745,2.525032360390462,1105.874451220035326,1.074383616447449,4.249329662323001
2215,MX14099,2215,2541.000000000000000,0.044114584039167,0.186453178524971,7.898032665252686,7.711579486727715,0.360981860020320,0.459307521108594,917.254906311632453,0.261959642171860,0.432032108306885
2216,MX22018,2216,3403.000000000000000,0.059079862056389,0.223212078213692,13.496417045593262,13.273204967379570,0.517528772993436,0.777039165897123,1761.150414496661369,0.310250669717789,0.827441954612732
2217,MX15106,2217,2125.000000000000000,0.036892361701389,0.239035412669182,69.071517944335938,68.832482531666756,12.186812904505144,12.197254991902861,25896.977422073432535,8.032949447631836,31.556903457641617
2218,MX14100,2218,14991.000000000000000,0.260260420830833,0.178179934620857,14.625102996826172,14.446923062205315,0.270365532102703,0.329302253869664,4053.049691751624323,0.233731478452682,0.280005723237991
2219,MX30186,2219,93.000000000000000,0.001614583359167,0.489794999361038,6.392214775085449,5.902419775724411,1.235231126828860,1.092351366704184,114.876494795083985,0.830246984958649,2.165860462188721
2220,MX07097,2220,7783.000000000000000,0.135121529939722,0.181048408150673,25.444669723510742,25.263621315360069,0.569603147737842,1.442218987246832,4433.221298843627665,0.286563038825989,0.802469515800476
2221,MX14101,2221,833.000000000000000,0.014461805786944,1.305646300315857,104.775215148925781,103.469568848609924,16.075264463905526,13.852782608372896,13390.695298433303833,11.577156066894531,36.459534454345707
2222,MX15125,2222,44.000000000000000,0.000763888901111,6.907234668731689,31.049306869506836,24.142072200775146,14.807530944997618,6.513168819643205,651.531361579895133,12.093835830688477,23.023623275756844
2223,MX15107,2223,444.000000000000000,0.007708333456667,0.333219766616821,15.241109848022461,14.907890081405640,1.265083773581831,1.753533963529069,561.697195470332758,0.734882891178131,2.258776116371155
2224,MX14102,2224,1461.000000000000000,0.025364583739167,0.205769672989845,8.539635658264160,8.333865985274315,0.340763182641300,0.495396492455185,497.855009838939395,0.263290911912918,0.366676509380341
2225,MX30187,2225,251.000000000000000,0.004357638958611,0.230255916714668,4.813568592071533,4.583312675356865,0.491150064891078,0.448126138070086,123.278666287660599,0.339041620492935,0.818598687648773
2226,MX14103,2226,727.000000000000000,0.012621527979722,0.217739164829254,8.510301589965820,8.292562425136566,0.601215199066487,0.868040348552278,437.083449721336365,0.362947076559067,0.907649409770966
2227,MX10037,2227,8413.000000000000000,0.146059030114722,0.194897249341011,6.222461700439453,6.027564451098442,0.257699034481967,0.139808982446209,2168.021977096792398,0.243516221642494,0.271426028013229
2228,MX05035,2228,6623.000000000000000,0.114982640728611,0.187917605042458,114.193634033203125,114.005716428160667,5.995790885844894,14.204826915215804,39710.123036950732057,0.263289451599121,28.970277404785158
2229,MX14104,2229,2958.000000000000000,0.051354167488333,0.205847397446632,6.325258255004883,6.119410857558250,0.316110166632259,0.340265131001045,935.053872898221584,0.262749731540680,0.351822447776795
2230,MX29036,2230,68.000000000000000,0.001180555574444,1.315967082977295,31.101819992065430,29.785852909088135,9.658315641038559,7.842342724688410,656.765463590622062,7.625628471374512,20.395650482177739
2231,MX07098,2231,820.000000000000000,0.014236111338889,0.218250393867493,2.380210876464844,2.161960482597351,0.320573679739382,0.226239693831834,262.870417386293184,0.267127647995949,0.361744973063469
2232,MX17027,2232,299.000000000000000,0.005190972305278,0.613256275653839,12.325376510620117,11.712120234966278,1.813485435020167,1.873931527256155,542.232145071029890,1.135398030281067,4.055959701538084
2233,MX21190,2233,768.000000000000000,0.013333333546667,0.200182989239693,3.778384685516357,3.578201696276665,0.299149701740437,0.266040390923817,229.746970936655941,0.244654692709446,0.353256383538246
2234,MX20554,2234,1310.000000000000000,0.022743055919444,0.180385544896126,3.468601465225220,3.288215920329094,0.265311522611224,0.166339373480230,347.558094620704026,0.236927397549152,0.299368080496788
2235,MX14105,2235,1679.000000000000000,0.029149306021944,0.322573423385620,20.818946838378906,20.496373414993286,0.885259080795819,1.683138426903100,1486.349996656180338,0.488626837730408,1.169848847389221
2236,MX30188,2236,487.000000000000000,0.008454861246389,0.291187316179276,3.231738090515137,2.940550774335861,0.532973752435473,0.353004663764762,259.558217436075438,0.433270573616028,0.754969608783722
2237,MX32057,2237,1114.000000000000000,0.019340278087222,0.294134527444839,31.322561264038086,31.028426736593246,0.969903807639005,2.504690571159818,1080.472841709851764,0.425515025854111,1.210609459877015
2238,MX30207,2238,2696.000000000000000,0.046805556304444,0.304878234863281,16.609691619873047,16.304813385009766,0.710529834540556,1.142078974868066,1915.588433921338492,0.428233191370964,0.981131881475449
2239,MX26064,2239,16254.000000000000000,0.282187504515000,0.208970338106155,13.139434814453125,12.930464476346970,0.271005824370531,0.243346995514121,4404.928669318604989,0.258757472038269,0.280236190557480
2240,MX32011,2240,1540.000000000000000,0.026736111538889,0.223208263516426,6.357294559478760,6.134086295962334,0.317484272068197,0.329942858566126,488.925778985023896,0.268110990524292,0.329690057039261
2241,MX20555,2241,104.000000000000000,0.001805555584444,0.355831950902939,3.814886569976807,3.459054619073868,1.008616184959045,0.785109860829297,104.896083235740676,0.598915785551071,2.194519901275635
2242,MX26065,2242,9375.000000000000000,0.162760419270833,0.215568751096725,4.311445236206055,4.095876485109329,0.262449436917306,0.093420186917204,2460.463471099744766,0.255739718675613,0.272466945648193
2243,MX28039,2243,15590.000000000000000,0.270659726552778,0.177313059568405,21.219343185424805,21.042030125856400,0.299294418640403,0.423646128354256,4665.999986603880643,0.254603490233421,0.324429693818092
2244,MX13076,2244,1674.000000000000000,0.029062500465000,0.387270122766495,1255.473876953125000,1255.086606830358505,7.121961341180532,38.931916914489555,11922.163285136211925,1.839978218078613,13.384451007843023
2245,MX13077,2245,1079.000000000000000,0.018732639188611,0.460182070732117,37.291103363037109,36.830921292304993,4.668775126489916,6.870114470129932,5037.608361482619330,1.775697469711304,12.246685218811038
2246,MX21191,2246,1366.000000000000000,0.023715278157222,0.193835437297821,14.759830474853516,14.565995037555695,0.423381934883305,0.894726692526081,578.339723050595126,0.259060144424438,0.509714305400848
2247,MX15108,2247,130.000000000000000,0.002256944480556,6.046619415283203,94.342636108398438,88.296016693115234,37.945509668496939,19.688828974223583,4932.916256904602051,38.484085083007812,60.538948440551756
2248,MX15109,2248,330.000000000000000,0.005729166758333,4.897996902465820,68.025794982910156,63.127798080444336,34.924731026273797,14.927531134803356,11525.161238670352759,38.469034194946289,50.830133056640641
2249,MX23009,2249,9850.000000000000000,0.171006947180556,0.177394643425941,51.982135772705078,51.804741129279137,0.434329484897821,1.704528786919720,4278.145426243532711,0.231048941612244,0.351348009705544
2250,MX07100,2250,1971.000000000000000,0.034218750547500,0.217821925878525,8.959743499755859,8.741921573877335,0.386357401112564,0.393164469748244,761.510437592864378,0.286795109510422,0.567501902580261
2251,MX16096,2251,10161.000000000000000,0.176406252822500,0.175226315855980,4.568269729614258,4.393043413758278,0.254659109397580,0.125765265666169,2587.591210588806462,0.237485677003860,0.272348076105118
2252,MX31097,2252,2066.000000000000000,0.035868056129444,0.187305554747581,5.436308860778809,5.249003306031227,0.265684994570515,0.291960211757329,548.905198782683101,0.224287793040276,0.266700670123100
2253,MX16097,2253,7639.000000000000000,0.132621529899722,0.191191196441650,7.190245628356934,6.999054431915283,0.291741413148790,0.237348026312107,2228.612655043605173,0.252719342708588,0.332985395193100
2254,MX14106,2254,2131.000000000000000,0.036996528369722,0.193436443805695,6.363025188446045,6.169588744640350,0.341090272648801,0.350702811517501,726.863371014595486,0.266332983970642,0.422532320022583
2255,MX14107,2255,655.000000000000000,0.011371527959722,0.266349047422409,7.973364830017090,7.707015782594681,0.602770336620681,0.823659562029023,394.814570486545904,0.345533937215805,1.070627260208131
2256,MX14108,2256,3583.000000000000000,0.062204862106389,0.191354110836983,16.943559646606445,16.752205535769463,0.516537308572326,0.974189476365032,1850.753176614642598,0.315143257379532,0.697716176509858
2257,MX16098,2257,1206.000000000000000,0.020937500335000,0.267267495393753,12.286166191101074,12.018898695707321,0.687257681344675,0.925847064442397,828.832763701678346,0.439200505614281,1.192300438880920
2258,MX18018,2258,1193.000000000000000,0.020711805886944,0.223248884081841,23.041442871093750,22.818193987011909,0.752430314939759,2.122001736886162,897.649365723131950,0.302134633064270,0.837177228927612
2259,MX30189,2259,4521.000000000000000,0.078489584589167,0.239780902862549,199.301239013671875,199.061458110809326,1.429819935294572,5.349955454754159,6464.215927466761968,0.428306668996811,1.889868140220642
2260,MX30190,2260,272.000000000000000,0.004722222297778,0.280435532331467,3.184214115142822,2.903778582811356,0.433317027876482,0.315844242820811,117.862231582403155,0.339947953820229,0.588824224472046
2261,MX07102,2261,794.000000000000000,0.013784722442778,0.442763090133667,9.152686119079590,8.709923028945923,1.850267956666743,1.291293994601326,1469.112757593394235,1.505356967449188,3.150904250144959
2262,MX07101,2262,1632.000000000000000,0.028333333786667,0.452450335025787,63.138256072998047,62.685805737972260,10.090294336315745,13.453323213504007,16467.360356867295195,2.774517416954041,33.929460525512695
2263,MX21192,2263,205.000000000000000,0.003559027834722,0.343926727771759,2.282123088836670,1.938196361064911,0.563412250687436,0.295206953490013,115.499511390924454,0.460592627525330,0.870940315723419
2264,MX07103,2264,835.000000000000000,0.014496528009722,0.283560991287231,11.849736213684082,11.566175222396851,1.088979948637728,1.235642240275474,909.298257112502597,0.669514417648315,2.131698226928711
2265,MX16099,2265,5052.000000000000000,0.087708334736667,0.204383522272110,4.919491291046143,4.715107768774033,0.288141881741779,0.158192864625308,1455.692786559468232,0.266004949808121,0.317176672816277
2266,MX21193,2266,1381.000000000000000,0.023975694828056,0.307844907045364,8.069655418395996,7.761810511350632,0.613996122256298,0.604482472909113,847.928644835947011,0.444219559431076,0.935024023056030
2267,MX07104,2267,1742.000000000000000,0.030243056039444,0.183804914355278,9.757778167724609,9.573973253369331,0.502671323648209,0.743698365488541,875.653445795179891,0.320270881056786,0.702070730924606
2268,MX16100,2268,918.000000000000000,0.015937500255000,0.299164175987244,5.473681449890137,5.174517273902893,0.630619075271038,0.564508053386121,578.908311098813101,0.436338171362877,1.085178887844087
2269,MX16101,2269,4666.000000000000000,0.081006945740556,0.209620282053947,2.664779424667358,2.455159142613411,0.292514142886513,0.097987666096142,1364.870990708468298,0.275557950139046,0.336391508579254
2270,MX29038,2270,191.000000000000000,0.003315972275278,0.730164587497711,32.110187530517578,31.380022943019867,5.880847645055558,5.498142295409012,1123.241900205611728,3.991307735443115,12.898580551147461
2271,MX31098,2271,3798.000000000000000,0.065937501055000,0.183442160487175,14.505034446716309,14.321592286229134,0.306665819481587,0.644686138348148,1164.716782391068591,0.225876793265343,0.302372404932976
2272,MX31099,2272,939.000000000000000,0.016302083594167,0.183825731277466,6.717327594757080,6.533501863479614,0.302013889145546,0.405378369297195,283.591041907668000,0.236505314707756,0.309848946332932
2273,MX31100,2273,654.000000000000000,0.011354166848333,0.257251143455505,16.156515121459961,15.899263978004456,0.950137373549859,1.206686404046763,621.389842301607700,0.627745032310486,1.644120168685915
2274,MX31101,2274,1746.000000000000000,0.030312500485000,0.294476717710495,43.027503967285156,42.733027249574661,2.419351625637088,5.436920841096365,4224.187938362356363,0.753097772598267,4.702577829360962
2275,MX14109,2275,3644.000000000000000,0.063263889901111,0.282931625843048,25.590211868286133,25.307280242443085,0.637039420126429,1.155029461899003,2321.371646940708615,0.428525403141975,0.890228533744813
2276,MX14110,2276,2200.000000000000000,0.038194445055556,0.206914901733398,10.702070236206055,10.495155334472656,0.358235642720352,0.591052488354525,788.118413984775430,0.261322617530823,0.388012224435806
2277,MX20557,2277,551.000000000000000,0.009565972375278,0.249448329210281,9.514083862304688,9.264635533094406,0.637824893917233,1.135718711014900,351.441516548395327,0.344193190336227,0.796421527862549
2278,MX07105,2278,281.000000000000000,0.004878472300278,0.200431108474731,6.029417991638184,5.828986883163452,0.834876630548056,0.864238372319500,234.600333184003659,0.558144569396973,1.624283432960510
2279,MX26066,2279,16542.000000000000000,0.287187504595000,0.195830419659615,11.943482398986816,11.747651979327202,0.274451952510051,0.268158062506398,4539.984198421257133,0.252519398927689,0.277918082475662
2280,MX11041,2280,584.000000000000000,0.010138889051111,0.473019838333130,26.910446166992188,26.437426328659058,3.541578213441858,4.877371917799679,2068.281676650045029,1.334348559379578,10.395469760894793
2281,MX08065,2281,17320.000000000000000,0.300694449255556,0.195332691073418,6.008426189422607,5.813093498349190,0.264942994515903,0.192379770632919,4588.812665015436323,0.243538834154606,0.267414015531540
2282,MX30191,2282,605.000000000000000,0.010503472390278,0.316304624080658,17.240726470947266,16.924421846866608,1.373491656829504,1.864986648357915,830.962452381849744,0.722969293594360,2.987868022918701
2283,MX08066,2283,14035.000000000000000,0.243663198343056,0.194046810269356,5.556715011596680,5.362668201327324,0.247000453221148,0.107178924642019,3466.651360958817349,0.239720851182938,0.257775425910950
2284,MX16102,2284,5014.000000000000000,0.087048612503889,0.242232576012611,35.379882812500000,35.137650236487389,1.644610579107382,4.559131659546970,8246.077443644413506,0.345445320010185,2.054812383651734
2285,MX30210,2285,9321.000000000000000,0.161822919255833,0.203063741326332,3.718201875686646,3.515138134360313,0.292372331584346,0.141556205890071,2725.202502697690761,0.270403653383255,0.318576097488403
2286,MX20558,2286,265.000000000000000,0.004600694518056,0.214781627058983,2.110924482345581,1.896142855286598,0.352007624506950,0.257808495351990,93.282020494341864,0.262492954730988,0.529297316074371
2287,MX31102,2287,5376.000000000000000,0.093333334826667,0.181474193930626,26.281217575073242,26.099743381142616,0.701903220845408,2.197150400101889,3773.431715264911873,0.253241196274757,0.774409294128418
2288,MX15110,2288,1981.000000000000000,0.034392361661389,0.268363863229752,24.448549270629883,24.180185407400131,1.285944434412194,2.052043595300931,2547.455924570555908,0.669374048709869,2.646169185638428
2289,MX15122,2289,231.000000000000000,0.004010416730833,3.929308414459229,72.976524353027344,69.047215938568115,35.386085525735616,23.509359245023802,8174.185756444927392,41.354400634765625,63.533386230468750
2290,MX14111,2290,1766.000000000000000,0.030659722712778,0.263697206974030,14.501774787902832,14.238077580928802,0.520005359013784,0.859310384610391,918.329464018342719,0.347727105021477,0.643119096755981
2291,MX14112,2291,971.000000000000000,0.016857639158611,0.210047677159309,6.903051853179932,6.693004176020622,0.441254883129859,0.514366386869472,428.458491519093457,0.296257048845291,0.630977272987366
2292,MX11042,2292,4077.000000000000000,0.070781251132500,0.385040700435638,48.333385467529297,47.948344767093658,1.641993868554197,2.788231298335862,6694.409002095461801,0.941516041755676,2.864998674392700
2293,MX08067,2293,15537.000000000000000,0.269739587649167,0.216463327407837,8.871390342712402,8.654927015304565,0.269408122226792,0.165264213707115,4185.793995037670356,0.259725987911224,0.278875219821930
2294,MX28040,2294,4694.000000000000000,0.081493056859444,0.272289842367172,43.637916564941406,43.365626722574234,1.152303336558824,3.288118967283681,5408.911861807117930,0.449116468429565,1.245778834819792
2295,MX19050,2295,9218.000000000000000,0.160034724782778,0.210370868444443,7.119445323944092,6.909074455499649,0.293601383693332,0.208275382837151,2706.417554885138088,0.263946682214737,0.322809696197510
2296,MX32049,2296,28899.000000000000000,0.501718758027500,0.188844680786133,28.419811248779297,28.230966567993164,0.295583714249987,0.536969154864858,8542.073758110384006,0.243840068578720,0.294017583131790
2297,MX24044,2297,14315.000000000000000,0.248524309531944,0.189691841602325,29.684450149536133,29.494758307933807,0.275449150408269,0.428901931299510,3943.054588094363680,0.247502237558365,0.279444772005081
2298,MX30192,2298,1675.000000000000000,0.029079861576389,0.215039089322090,9.302538871765137,9.087499782443047,0.460547659966485,0.666899773817328,771.417330443861715,0.304275184869766,0.618600809574127
2299,MX24045,2299,6606.000000000000000,0.114687501835000,0.214959651231766,14.958659172058105,14.743699520826340,0.361687774315155,0.483325310373116,2389.309437125915792,0.291880488395691,0.449916824698448
2300,MX07106,2300,6618.000000000000000,0.114895835171667,0.179820537567139,20.292608261108398,20.112787723541260,0.476600195294999,0.883541330858049,3154.140092462306711,0.285197928547859,0.713997113704681
2301,MX09017,2301,168.000000000000000,0.002916666713333,20.596031188964844,128.032455444335938,107.436424255371094,75.635892640976707,19.703856219368422,12706.829963684087488,77.295436859130859,98.121791839599624
2302,MX16103,2302,1127.000000000000000,0.019565972535278,0.312348246574402,17.311887741088867,16.999539494514465,0.770055887121591,1.290732589683043,867.852984786032607,0.443960368633270,1.246758222579955
2303,MX21194,2303,1580.000000000000000,0.027430555994444,0.322910726070404,100.318809509277344,99.995898783206940,2.253132811056667,6.566306355210450,3559.949841469533112,0.750633627176285,3.643846869468691
2304,MX30193,2304,1218.000000000000000,0.021145833671667,0.646753430366516,205.037322998046875,204.390569567680359,16.915875647308805,17.627796174905288,20603.536538422125886,10.501986980438232,39.877497100830077
2305,MX32050,2305,811.000000000000000,0.014079861336389,0.281154990196228,17.015504837036133,16.734349846839905,1.209372022626727,1.916098747017953,980.800710350275494,0.618943393230438,2.258700132369995
2306,MX10038,2306,1885.000000000000000,0.032725694968056,0.211204856634140,24.168922424316406,23.957717567682266,0.686111415871258,2.097161573166653,1293.320018917322159,0.289396762847900,0.680883371829987
2307,MX21195,2307,1293.000000000000000,0.022447917025833,0.261310517787933,7.529276371002197,7.267965853214264,0.599187372086681,0.585513508507749,774.749272108078117,0.421482563018799,0.992244839668274
2308,MX11043,2308,5255.000000000000000,0.091232640348611,0.200747087597847,11.994530677795410,11.793783590197563,0.375123816507414,0.439245414744996,1971.275655746458142,0.286123424768448,0.490317565202713
2309,MX28041,2309,7456.000000000000000,0.129444446515556,0.198015838861465,58.546802520751953,58.348786681890488,2.094705142560441,6.620659910000403,15618.121542930644864,0.339740961790085,2.020504355430603
2310,MX05036,2310,22708.000000000000000,0.394236117418889,0.194857612252235,18.339555740356445,18.144698128104210,0.348432134802133,0.534072309761013,7912.196917086839676,0.264631852507591,0.412655034661293
2311,MX30194,2311,256.000000000000000,0.004444444515556,0.331071078777313,20.190196990966797,19.859125912189484,1.289067224715837,1.984771622533486,330.001209527254161,0.704922318458557,2.557156801223755
2312,MX07071,2312,2168.000000000000000,0.037638889491111,0.176494553685188,36.352787017822266,36.176292464137077,0.651702085269332,1.448965653855974,1412.890120863911761,0.416270017623901,0.935008609294891
2313,MX14114,2313,1585.000000000000000,0.027517361551389,0.265313804149628,13.748687744140625,13.483373939990997,0.680702220002184,1.040676389598558,1078.913018703460921,0.426573961973190,0.930691921710968
2314,MX07107,2314,13410.000000000000000,0.232812503725000,0.170393466949463,13.587280273437500,13.416886806488037,0.398886359206871,0.634383788942148,5349.066076964141757,0.277662858366966,0.520416742563248
2315,MX15111,2315,1530.000000000000000,0.026562500425000,0.301706731319427,46.906337738037109,46.604631006717682,1.192849795510567,2.359437182665662,1825.060187131167595,0.735819071531296,2.058008098602295
2316,MX06010,2316,1422.000000000000000,0.024687500395000,0.234998106956482,37.848026275634766,37.613028168678284,3.001088521662056,7.343016099501093,4267.547877803443953,0.389991223812103,9.445329475402842
2317,MX24056,2317,2971.000000000000000,0.051579861936389,0.216616168618202,12.556138038635254,12.339521870017052,0.461689486748561,0.691101452395435,1371.679465129974915,0.318588793277740,0.630997300148010
2318,MX24046,2318,4413.000000000000000,0.076614584559167,0.232654064893723,10.261116981506348,10.028462916612625,0.404074185439014,0.461187689483715,1783.179380342368404,0.318017870187759,0.459447461366654
2319,MX20405,2319,859.000000000000000,0.014913194683056,0.192017257213593,4.966776847839355,4.774759590625763,0.284941624446715,0.299655165249058,244.764855399728134,0.240913704037666,0.295756512880325
2320,MX32051,2320,33993.000000000000000,0.590156259442500,0.192102909088135,24.273523330688477,24.081420421600342,0.287876977098485,0.445654318754648,9785.802082508789681,0.244086205959320,0.298921066522598
2321,MX20338,2321,41.000000000000000,0.000711805566944,1.609997391700745,15.045798301696777,13.435800909996033,5.839835605970243,3.915786440555985,239.433259844779940,3.767129659652710,13.065899848937988
2322,MX24047,2322,9721.000000000000000,0.168767363811389,0.206407755613327,8.794713020324707,8.588305264711380,0.307441078626917,0.241396854038663,2988.634725332262406,0.270352154970169,0.347073107957840
2323,MX24048,2323,738.000000000000000,0.012812500205000,0.251535087823868,15.598291397094727,15.346756309270859,0.762349854034137,1.443237598001039,562.614192277192842,0.331022724509239,1.209222614765168
2324,MX24049,2324,12635.000000000000000,0.219357642398611,0.210679069161415,17.994455337524414,17.783776268362999,0.406977794036639,0.820549998134304,5142.164427652939594,0.282629489898682,0.400750452280045
2325,MX24050,2325,5125.000000000000000,0.088975695868056,0.238085359334946,47.447742462158203,47.209657102823257,1.201462955942963,3.935733755428580,6157.497649207686663,0.417767316102982,1.442161011695863
2326,MX20540,2326,707.000000000000000,0.012274305751944,0.212985515594482,14.049417495727539,13.836431980133057,0.520894705954165,1.213866576285435,368.272557109594402,0.270713925361633,0.572825586795807
2327,MX13066,2327,454.000000000000000,0.007881944570556,0.554710388183594,10.265093803405762,9.710383415222168,1.575367308529462,1.671979094984686,715.216758072375683,0.989770025014877,3.392241954803465
2328,MX20334,2328,5748.000000000000000,0.099791668263333,0.173166483640671,13.782110214233398,13.608943730592728,0.337913161951195,0.587430405148764,1942.324854895468661,0.238197870552540,0.395946380496025
2329,MX20565,2329,398.000000000000000,0.006909722332778,0.331728249788284,37.844284057617188,37.512555807828903,3.984273352590034,6.813555057617623,1585.740794330833523,1.033032238483429,13.426557159423830
2330,MX15112,2330,1514.000000000000000,0.026284722642778,0.481553792953491,10.010044097900391,9.528490304946899,1.209243271829589,1.030516769278603,1830.794313549998378,0.870169162750244,2.174236679077149
2331,MX20560,2331,1383.000000000000000,0.024010417050833,0.193168312311172,4.309587001800537,4.116418689489365,0.348036144761098,0.369115697765558,481.333988204598711,0.252454429864883,0.481462371349334
2332,MX32052,2332,1730.000000000000000,0.030034722702778,0.265887528657913,15.242488861083984,14.976601332426071,0.616454614621367,0.888832080850148,1066.466483294964746,0.425110757350922,0.857171386480332
2333,MX32053,2333,2188.000000000000000,0.037986111718889,0.246500685811043,26.675146102905273,26.428645417094231,0.538569351423266,1.324876318254316,1178.389740914105460,0.329475313425064,0.521798926591873
2334,MX14115,2334,3398.000000000000000,0.058993056499444,0.193897753953934,14.176134109497070,13.982236355543137,0.291774496738703,0.483225914084843,991.449739918113437,0.244957514107227,0.276267373561859
2335,MX15113,2335,1136.000000000000000,0.019722222537778,0.305054783821106,85.112655639648438,84.807600855827332,7.771838101728911,9.712273843652584,8828.808083564043045,3.326231122016907,21.103289604187012
2336,MX14116,2336,2277.000000000000000,0.039531250632500,0.244134888052940,23.812696456909180,23.568561568856239,0.611340436029184,1.651791839298873,1392.022172838451070,0.332423120737076,0.668842458724976
2337,MX20038,2337,287.000000000000000,0.004982638968611,0.217652916908264,3.112489700317383,2.894836783409119,0.344743766695365,0.303943698351518,98.941461041569738,0.270228296518326,0.415893769264221
2338,MX24051,2338,7566.000000000000000,0.131354168768333,0.206452473998070,17.773921966552734,17.567469492554665,0.380661257765467,0.515970899367737,2880.083076253520630,0.291813448071480,0.470380499958992
2339,MX26067,2339,7940.000000000000000,0.137847224427778,0.206514522433281,15.111017227172852,14.904502704739571,0.281421588389415,0.350126284213549,2234.487411811951461,0.245976604521275,0.275385370850563
2340,MX32054,2340,1895.000000000000000,0.032899306081944,0.257640719413757,15.802236557006836,15.544595837593079,0.574445422579555,0.934197990027361,1088.574075788257460,0.354080289602280,0.856440055370332
2341,MX24052,2341,3238.000000000000000,0.056215278677222,0.218877315521240,6.610739231109619,6.391861915588379,0.365551211823462,0.384983298848525,1183.654823884369307,0.292189568281174,0.409213063120842
2342,MX26068,2342,5990.000000000000000,0.103993057219444,0.201648816466331,4.879866600036621,4.678217783570290,0.253773875487268,0.149439023447975,1520.105514168734999,0.241829752922058,0.258874893188477
2343,MX14068,2343,9162.000000000000000,0.159062502545000,0.177735194563866,9.325098037719727,9.147362843155861,0.263080710622844,0.240606329760837,2410.345470726500935,0.235400468111038,0.282643470168114
2344,MX20277,2344,4740.000000000000000,0.082291667983333,0.162907719612122,9.210936546325684,9.048028826713562,0.238726414199368,0.227012519301205,1131.563203305006482,0.217497952282429,0.259848538041115
2345,MX20280,2345,299.000000000000000,0.005190972305278,0.213331967592239,2.325684070587158,2.112352102994919,0.331265220574312,0.222433401457621,99.048300951719298,0.278935551643372,0.387505000829696
2346,MX20486,2346,690.000000000000000,0.011979166858333,0.212762027978897,3.180734157562256,2.967972129583359,0.351389058063860,0.306123210734813,242.458450064063186,0.264975309371948,0.486747816205025
2347,MX05037,2347,9808.000000000000000,0.170277780502222,0.213657364249229,12.770566940307617,12.556909576058388,0.313356026233785,0.421886284338674,3073.395905300958475,0.272308096289635,0.325889259576798
2348,MX15114,2348,2107.000000000000000,0.036579861696389,0.360600471496582,10.380599975585938,10.019999504089355,1.147763352287740,0.740363532337748,2418.337383270268674,0.933095037937164,1.897543907165527
2349,MX07108,2349,9263.000000000000000,0.160815974795278,0.197275191545486,29.897432327270508,29.700157135725021,0.558643111239420,1.428801759844231,5174.711139410749638,0.308019459247589,0.670356690883637
2350,MX11044,2350,643.000000000000000,0.011163194623056,1.191274881362915,254.176452636718750,252.985177755355835,7.174943336431937,17.816317941416834,4613.488565325736090,2.970026254653931,15.936550712585449
2351,MX28042,2351,6607.000000000000000,0.114704862946389,0.192045494914055,18.237903594970703,18.045858100056648,0.272770849060629,0.400953993032757,1802.196999743578317,0.242492750287056,0.287750118970871
2352,MX19051,2352,4587.000000000000000,0.079635417940833,0.214005365967751,11.168257713317871,10.954252347350121,0.328629192298655,0.432539530148790,1507.422105073929743,0.269796967506409,0.335678219795227
2353,MX16104,2353,1745.000000000000000,0.030295139373611,0.267981410026550,15.801362991333008,15.533381581306458,0.545841177333051,0.654010757736525,952.492854446173737,0.414521872997284,0.734462761878967
2354,MX32055,2354,11005.000000000000000,0.191059030834722,0.219465032219887,42.626129150390625,42.406664118170738,0.389371827687529,0.859671269740575,4285.036963701257264,0.280192136764526,0.402299666404724
2355,MX16105,2355,736.000000000000000,0.012777777982222,0.347643524408340,12.049418449401855,11.701774924993515,1.006445580607524,1.353401772710745,740.743947327137562,0.559994518756866,1.757422029972076
2356,MX30087,2356,622.000000000000000,0.010798611283889,0.577808320522308,79.317840576171875,78.740032255649567,15.002885769513638,14.493436140737634,9331.794948637481866,9.507379055023193,35.330015182495117
2357,MX15043,2357,536.000000000000000,0.009305555704444,0.487945646047592,28.297489166259766,27.809543520212173,2.301162258902594,3.909255038262179,1233.422970771790460,0.768597066402435,6.088613986968994
2358,MX18008,2358,2524.000000000000000,0.043819445145556,0.223503962159157,25.944448471069336,25.720944508910179,0.734774124379109,2.051063568097578,1854.569889932871547,0.317627236247063,0.760347664356232
2359,MX29039,2359,203.000000000000000,0.003524305611944,0.526963531970978,18.875616073608398,18.348652541637421,3.945527609933186,4.266168797859805,800.942104816436881,1.810608267784119,10.501440238952640
2360,MX12069,2360,1107.000000000000000,0.019218750307500,0.210014581680298,5.431502342224121,5.221487760543823,0.461941358640911,0.439280882641215,511.369084015488397,0.316658943891525,0.801696455478668
2361,MX29040,2361,514.000000000000000,0.008923611253889,0.465656101703644,7.058959484100342,6.593303382396698,1.400660823697246,1.185196875432178,719.939663380384673,0.943602859973907,2.973203444480896
2362,MX21196,2362,295.000000000000000,0.005121527859722,0.208657801151276,3.004796504974365,2.796138703823090,0.415473889041755,0.405119539923512,122.564797267317786,0.262423813343048,0.751302146911622
2363,MX11045,2363,4569.000000000000000,0.079322917935833,0.200024798512459,7.943945407867432,7.743920609354973,0.308156200221289,0.246575641857989,1407.965678811070802,0.269896358251572,0.377297258377075
2364,MX30092,2364,887.000000000000000,0.015399305801944,0.249674454331398,17.142126083374023,16.892451629042625,0.789651855591185,1.552713161415857,700.421195909381368,0.394006550312042,1.070730662345886
2365,MX29042,2365,35.000000000000000,0.000607638898611,2.695254325866699,26.247493743896484,23.552239418029785,8.852078437805172,5.642947672547618,309.822745323181039,7.741011142730713,17.615330505371094
2366,MX28043,2366,4419.000000000000000,0.076718751227500,0.196301475167274,10.938389778137207,10.742088302969933,0.380194504893886,0.574991639374129,1680.079517126083829,0.272369205951691,0.480692601203919
2367,MX21197,2367,1545.000000000000000,0.026822917095833,0.272007256746292,20.800207138061523,20.528199881315231,0.967094758374791,1.839442742050198,1494.161401689052127,0.477677971124649,1.476292252540592
2368,MX21198,2368,1008.000000000000000,0.017500000280000,0.183297246694565,2.843544006347656,2.660246759653091,0.252135814877138,0.159426634575919,254.152901396155471,0.229182772338390,0.253714388608933
2369,MX24054,2369,2001.000000000000000,0.034739583889167,0.208757176995277,20.376386642456055,20.167629465460777,0.617910159551639,1.010534344186481,1236.438229262829964,0.442940115928650,0.972198128700256
2370,MX21199,2370,729.000000000000000,0.012656250202500,0.244579240679741,12.778949737548828,12.534370496869087,0.809104281708864,1.226498017395112,589.837021365762098,0.334461748600006,1.993376064300537
2371,MX31103,2371,551.000000000000000,0.009565972375278,0.211771354079247,6.102561473846436,5.890790119767189,0.410140408848678,0.506983465402256,225.987365275621528,0.292647123336792,0.504642307758331
2372,MX21200,2372,298.000000000000000,0.005173611193889,0.317214727401733,6.790057182312012,6.472842454910278,0.666999890400260,0.677393963836298,198.765967339277353,0.477455377578735,1.002504289150238
2373,MX13078,2373,680.000000000000000,0.011805555744444,0.261465966701508,4.312453746795654,4.050987780094147,0.510600900912986,0.373123295082608,347.208612620830422,0.384580656886101,0.821908313035965
2374,MX13079,2374,928.000000000000000,0.016111111368889,0.241822063922882,3.543129682540894,3.301307618618011,0.413406158331782,0.272120838905195,383.640914931893349,0.336513072252274,0.585101109743118
2375,MX12070,2375,1290.000000000000000,0.022395833691667,0.215657994151115,9.261993408203125,9.046335414052010,0.361881538451643,0.537285743847296,466.827184602618956,0.262786418199539,0.394670310616493
2376,MX21201,2376,232.000000000000000,0.004027777842222,0.284938424825668,5.169221878051758,4.884283453226089,0.547822071560498,0.592403842661844,127.094720602035480,0.349708184599876,0.914585101604462
2377,MX09013,2377,566.000000000000000,0.009826389046111,0.973094284534454,80.051979064941406,79.078884780406952,23.784410650549010,16.696037173383630,13461.976428210738959,20.988084793090820,47.105451583862305
2378,MX12071,2378,2220.000000000000000,0.038541667283333,0.185966655611992,7.556328773498535,7.370362117886543,0.360353539132320,0.379699714530784,799.984856873750914,0.263848826289177,0.540963983535767
2379,MX17028,2379,461.000000000000000,0.008003472350278,1.012275338172913,27.686534881591797,26.674259543418884,7.325683258102154,5.540621965256914,3377.139981985093073,5.778345108032227,15.609817504882812
2380,MX21202,2380,390.000000000000000,0.006770833441667,0.290000498294830,4.851738452911377,4.561737954616547,0.726179364400032,0.587153087686142,283.209952116012516,0.545357257127762,1.298862934112549
2381,MX21203,2381,804.000000000000000,0.013958333556667,0.263109952211380,7.530149936676025,7.267039984464645,0.502317925627849,0.629387293168246,403.863612204790286,0.380539283156395,0.530321252346039
2382,MX15115,2382,271.000000000000000,0.004704861186389,0.745003402233124,23.741777420043945,22.996774017810822,4.899547740322197,4.575877365767465,1327.777437627315521,3.584936380386353,11.441868782043457
2383,MX30195,2383,183.000000000000000,0.003177083384167,0.279976457357407,7.175384044647217,6.895407587289810,1.009540465360130,1.181965696744790,184.745905160903817,0.524419665336609,1.933895778656006
2384,MX13080,2384,772.000000000000000,0.013402777992222,0.261497855186462,3.492694377899170,3.231196522712708,0.507079625608390,0.356534257379303,391.465470969676858,0.380669221282005,0.815318483114242
2385,MX14118,2385,2820.000000000000000,0.048958334116667,0.247926011681557,24.778591156005859,24.530665144324303,0.561500538647808,1.272481307536707,1583.431518986819356,0.344340875744820,0.679745841026306
2386,MX07109,2386,1022.000000000000000,0.017743055839444,0.224592074751854,16.471961975097656,16.247369900345802,0.620625329023471,1.238194429482453,634.279086261987345,0.346947014331818,0.788159626722336
2387,MX30196,2387,437.000000000000000,0.007586805676944,0.393135517835617,10.786850929260254,10.393715411424637,1.295825247429054,1.274039554869359,566.275633126496587,0.873913049697876,2.475483179092410
2388,MX21204,2388,146.000000000000000,0.002534722262778,0.315772265195847,7.582393646240234,7.266621381044388,0.972301016727539,1.215261881050505,141.955948442220659,0.463835552334785,2.004894912242889
2389,MX29043,2389,178.000000000000000,0.003090277827222,1.193738698959351,28.342103958129883,27.148365259170532,8.580282263541481,6.732679104138410,1527.290242910383540,6.865028142929077,19.393365478515626
2390,MX17029,2390,950.000000000000000,0.016493055819444,0.720778703689575,24.811012268066406,24.090233564376831,4.973298972719587,4.809294975721341,4724.634024083607983,2.805968046188354,12.214142894744876
2391,MX31104,2391,7329.000000000000000,0.127239585369167,0.178062409162521,5.455237865447998,5.277175456285477,0.250196894072937,0.206013954916766,1833.693036660552480,0.220466241240501,0.257446163892746
2392,MX20561,2392,293.000000000000000,0.005086805636944,0.204562529921532,3.450388193130493,3.245825663208961,0.353698170836061,0.386369309309383,103.633564054966001,0.251213818788528,0.428881525993347
2393,MX31105,2393,240.000000000000000,0.004166666733333,0.474150419235229,6.437926769256592,5.963776350021362,0.955112214510639,0.786426907283202,229.226931482553397,0.699733614921570,1.517800593376160
2394,MX17030,2394,873.000000000000000,0.015156250242500,0.701861321926117,41.411434173583984,40.709572851657867,3.115996017898482,4.045730911847913,2720.264523625374750,1.601905107498169,6.967176723480228
2395,MX26069,2395,14164.000000000000000,0.245902781712222,0.194247856736183,8.953996658325195,8.759748801589012,0.255028407650416,0.195196900700277,3612.222365960495608,0.241540230810642,0.261563655734062
2396,MX30197,2396,552.000000000000000,0.009583333486667,0.233967930078506,3.825786352157593,3.591818422079086,0.413419750883527,0.287090937913920,228.207702487707110,0.343392312526703,0.571078079938889
2397,MX21205,2397,626.000000000000000,0.010868055729444,0.372208893299103,15.213728904724121,14.841520011425018,1.554779462682933,2.124951429717396,973.291943639516376,0.767046034336090,3.548453569412231
2398,MX31106,2398,663.000000000000000,0.011510416850833,0.203904792666435,6.322651386260986,6.118746593594551,0.341260224535814,0.428341907424436,226.255528867244692,0.258030563592911,0.378456282615662
2399,MX20563,2399,320.000000000000000,0.005555555644444,0.184322446584702,1.879676461219788,1.695354014635086,0.295030505303293,0.195674987821618,94.409761697053909,0.241141475737095,0.367057824134827
2400,MX16106,2400,871.000000000000000,0.015121528019722,0.301933139562607,17.523651123046875,17.221717983484268,1.112784320944075,2.056930011591378,969.235143542289620,0.519304692745209,1.832840442657471
2401,MX11046,2401,3320.000000000000000,0.057638889811111,0.322346150875092,37.191040039062500,36.868693888187408,1.145063885373161,2.130212612447449,3801.612099438893438,0.604954212903976,2.050397586822509
2402,MX20564,2402,310.000000000000000,0.005381944530556,0.184704422950745,1.573140621185303,1.388436198234558,0.256631969876828,0.168954659617672,79.555910661816611,0.221673764288425,0.259763690829277
2403,MX21206,2403,1225.000000000000000,0.021267361451389,0.218675032258034,4.917977809906006,4.699302777647972,0.406394163491775,0.383647412625259,497.832850277423802,0.325269550085068,0.507184672355652
2404,MX21207,2404,871.000000000000000,0.015121528019722,0.322931498289108,18.461019515991211,18.138088017702103,1.420169294941165,1.771109320386591,1236.967455893754504,0.990776956081390,2.343391180038452
2405,MX16107,2405,2265.000000000000000,0.039322917295833,0.251889616250992,21.728302001953125,21.476412385702133,0.939075970676038,2.082437246493623,2127.007073581225995,0.359660595655441,1.515667295455933
2406,MX32056,2406,2241.000000000000000,0.038906250622500,0.256846278905869,163.421905517578125,163.165059238672256,4.132647223235345,12.239914958173495,9261.262427270408807,0.525564968585968,8.051095962524414
2407,MX29044,2407,147.000000000000000,0.002552083374167,1.501175403594971,28.121105194091797,26.619929790496826,7.427387276474306,7.120214060251121,1091.825929641722951,3.138616085052490,18.542872619628909
2408,MX17031,2408,131.000000000000000,0.002274305591944,1.375580191612244,32.520584106445312,31.145003914833069,8.401271660819308,6.991013284596604,1100.566587567329407,5.411200523376465,19.187191009521484
2409,MX21208,2409,2429.000000000000000,0.042170139563611,0.296906620264053,26.818515777587891,26.521609157323837,0.933310466153280,1.762699445228859,2267.011122286317914,0.521688580513000,1.395366954803467
2410,MX15116,2410,331.000000000000000,0.005746527869722,0.273588269948959,7.766410350799561,7.492822080850601,0.727058089571777,1.072967405678549,240.656227648258067,0.350142836570740,1.395507454872131
2411,MX14119,2411,2392.000000000000000,0.041527778442222,0.256042540073395,17.768180847167969,17.512138307094574,0.827904651794943,1.532985671921594,1980.347927093503131,0.414822950959206,1.294740617275239
2412,MX15117,2412,1440.000000000000000,0.025000000400000,0.237507581710815,7.461021423339844,7.223513841629028,0.447643455997523,0.441665694827481,644.606576636433374,0.352213948965073,0.628115040063858
2413,MX17032,2413,265.000000000000000,0.004600694518056,0.530357778072357,7.122785568237305,6.592427790164948,1.639180259209758,1.475286875234017,434.382768690585976,0.993715643882751,3.679362487792968
2414,MX30198,2414,1313.000000000000000,0.022795139253611,0.212724477052689,1.825846791267395,1.613122314214706,0.294031989989803,0.088627221919960,386.064002856611864,0.276878982782364,0.334995251893997
2415,MX13081,2415,1367.000000000000000,0.023732639268611,0.241067588329315,21.741231918334961,21.500164330005646,0.835995906959856,1.933530223490062,1142.806404814123198,0.374260127544403,1.215484237670901
2416,MX16108,2416,1676.000000000000000,0.029097222687778,0.310465395450592,35.711822509765625,35.401357114315033,2.610204807364853,5.177063602611764,4374.703257143493829,0.672336965799332,6.252929210662842
2417,MX14120,2417,5785.000000000000000,0.100434029384722,0.279059559106827,71.276313781738281,70.997254222631454,8.702515037536820,15.235415752802178,50344.049492150501464,1.009110569953918,36.993164062500007
2418,MX14121,2418,1255.000000000000000,0.021788194793056,0.237497434020042,27.561893463134766,27.324396029114723,1.198541894127648,2.288876912362635,1504.170077130198479,0.581476867198944,2.009800720214845
2419,MX21209,2419,2116.000000000000000,0.036736111698889,0.205308780074120,7.128946781158447,6.923638001084328,0.342467917449815,0.341862299781735,724.662113323808171,0.267573922872543,0.445860341191292
2420,MX21210,2420,104.000000000000000,0.001805555584444,0.366468787193298,2.516101598739624,2.149632811546326,0.668641103001741,0.419092020365645,69.538674712181077,0.508604079484940,1.120757329463959
2421,MX14122,2421,1522.000000000000000,0.026423611533889,0.204078137874603,5.181258201599121,4.977180063724518,0.329367961768800,0.313295121121230,501.298037812113762,0.270367160439491,0.388276180624962
2422,MX20567,2422,1500.000000000000000,0.026041667083333,0.203802436590195,4.112979888916016,3.909177452325821,0.360288967092832,0.334752540859871,540.433450639247440,0.270841509103775,0.514550530910492
2423,MX20568,2423,215.000000000000000,0.003732638948611,0.260372519493103,3.260200738906860,2.999828219413757,0.461918386054594,0.434117459301911,99.312453001737637,0.322480767965317,0.710274493694305
2424,MX12072,2424,1121.000000000000000,0.019461805866944,0.203951090574265,6.435329437255859,6.231378346681595,0.478857575836828,0.472950488374040,536.799342513084412,0.330697327852249,0.827557444572449
2425,MX13082,2425,579.000000000000000,0.010052083494167,0.538493633270264,14.897866249084473,14.359372615814209,2.202083761416157,2.687319441061928,1275.006497859955061,1.019147753715515,6.140673637390139
2426,MX14123,2426,1989.000000000000000,0.034531250552500,0.348063826560974,9.946949958801270,9.598886132240295,0.609960810361404,0.555936730636759,1213.212051808833394,0.490034461021423,0.791898012161255
2427,MX14023,2427,1350.000000000000000,0.023437500375000,0.250769555568695,34.962051391601562,34.711281836032867,2.698171979321374,6.059329457309784,3642.532172083854221,0.570226848125458,6.380057859420778
2428,MX14124,2428,3589.000000000000000,0.062309028774722,0.378310173749924,33.355590820312500,32.977280646562576,1.736036331549299,2.764688684856586,6230.634393930436090,0.963451266288757,3.063124942779542
2429,MX05038,2429,42271.000000000000000,0.733871539519722,0.197138622403145,19.733839035034180,19.536700412631035,0.282684534218115,0.418121188265825,11949.357945933921656,0.255285501480103,0.299943208694458
2430,MX21211,2430,150.000000000000000,0.002604166708333,0.438500404357910,19.916177749633789,19.477677345275879,2.239164113402367,3.321809835576679,335.874617010354996,0.898537933826447,5.800399351119993
2431,MX24055,2431,3087.000000000000000,0.053593750857500,0.264281749725342,16.589002609252930,16.324720859527588,0.724725956018202,1.024450587646502,2237.229026228190378,0.477291852235794,1.070433187484741
2432,MX30199,2432,105.000000000000000,0.001822916695833,1.022725582122803,10.884271621704102,9.861546039581299,2.608382062684922,1.875164216854063,273.880116581916809,1.960872888565063,5.209528732299805
2433,MX21212,2433,1330.000000000000000,0.023090278147222,0.245593875646591,7.646503925323486,7.400910049676895,0.537192531266158,0.571210546362029,714.466066583989686,0.370157912373543,0.908058196306229
2434,MX13083,2434,1595.000000000000000,0.027690972665278,0.441541105508804,34.285129547119141,33.843588441610336,1.981998826213019,3.521028660451896,3161.288127809765228,0.878095328807831,3.738783168792728
2435,MX30200,2435,875.000000000000000,0.015190972465278,0.220843032002449,1.982754945755005,1.761911913752556,0.391960313865116,0.189467078880250,342.965274631976627,0.331360548734665,0.581704604625702
2436,MX12038,2436,7193.000000000000000,0.124878474220278,0.192677572369576,20.783779144287109,20.591101571917534,0.562348426183838,1.406416835771939,4044.972229540348962,0.264144837856293,0.715357458591461
2437,MX21213,2437,877.000000000000000,0.015225694688056,0.279178410768509,2.415747165679932,2.136568754911423,0.483489036424130,0.286319054105040,424.019884943962438,0.369837135076523,0.792999482154846
2438,MX29037,2438,383.000000000000000,0.006649305661944,0.384381324052811,22.330667495727539,21.946286171674728,1.512931524228801,2.939530161752149,579.452773779630775,0.563489675521851,3.143932294845582
2439,MX13084,2439,4359.000000000000000,0.075677084544167,0.216866195201874,23.933568954467773,23.716702759265900,0.584280378369596,1.171941743399284,2546.878169313069520,0.342561751604080,0.849617445468903
2440,MX20570,2440,1722.000000000000000,0.029895833811667,0.166207656264305,17.909910202026367,17.743702545762062,0.445760904444635,1.058925698089733,767.600277453661533,0.220197081565857,0.631505066156388
2441,MX07111,2441,946.000000000000000,0.016423611373889,0.294556826353073,68.923316955566406,68.628760129213333,3.183367883050158,7.031015633113923,3011.466017365449716,0.652975976467133,8.173601150512695
2442,MX15118,2442,1532.000000000000000,0.026597222647778,0.290864050388336,37.801044464111328,37.510180413722992,3.260346409351643,5.487499007070050,4994.850699126716790,0.638990432024002,10.120909881591800
2443,MX21214,2443,312.000000000000000,0.005416666753333,0.359811633825302,16.010541915893555,15.650730282068253,1.344281132022540,2.253076964332100,419.415713191032353,0.580492466688156,2.487749862670898
2444,MX16109,2444,566.000000000000000,0.009826389046111,0.302163451910019,4.383340835571289,4.081177383661270,0.527019461820909,0.465182738948459,298.293015390634707,0.388576269149780,0.751903146505356
2445,MX16110,2445,2961.000000000000000,0.051406250822500,0.281232714653015,26.743469238281250,26.462236523628235,0.873317881507755,1.495602910204579,2585.894247144462497,0.464967459440231,1.499935626983643
2446,MX16111,2446,795.000000000000000,0.013802083554167,0.278934627771378,4.045606613159180,3.766671985387802,0.636069094047606,0.477365791313995,505.674929767846720,0.464608848094940,1.106590366363526
2447,MX12073,2447,10544.000000000000000,0.183055558484444,0.182024344801903,10.413639068603516,10.231614723801613,0.286401321984297,0.263212389701957,3019.815539002423520,0.249942310154438,0.320927190780640
2448,MX16112,2448,2539.000000000000000,0.044079861816389,0.274677544832230,32.343200683593750,32.068523138761520,1.376637567106125,2.928210712685982,3495.282782882452011,0.573438286781311,2.431084299087525
2449,MX12074,2449,1496.000000000000000,0.025972222637778,0.205954149365425,6.410075187683105,6.204121038317680,0.396784186014597,0.416090957828246,593.589142277837254,0.282782867550850,0.611078411340714
2450,MX30201,2450,1402.000000000000000,0.024340278167222,0.276414990425110,9.848602294921875,9.572187304496765,0.590221118251029,0.528718542502649,827.490007787943114,0.490402877330780,0.836277073621750
2451,MX21215,2451,178.000000000000000,0.003090277827222,0.324561715126038,6.323783874511719,5.999222159385681,0.683608581678252,0.850788333341709,121.682327538728771,0.400166884064674,1.361631596088412
2452,MX30202,2452,1208.000000000000000,0.020972222557778,0.218864440917969,1.396230697631836,1.177366256713867,0.321379830666035,0.118170011419839,388.226835444570270,0.288129553198814,0.405931520462036
2453,MX21216,2453,91.000000000000000,0.001579861136389,0.348174512386322,2.143690109252930,1.795515596866608,0.629058711476378,0.323279495226063,57.244342744350440,0.532235264778137,0.979748368263245
2454,MX21217,2454,1327.000000000000000,0.023038194813056,0.213891506195068,5.333368301391602,5.119476795196533,0.458954600615886,0.379187244830931,609.032755017281374,0.350312560796738,0.726871109008789
2455,MX30203,2455,347.000000000000000,0.006024305651944,0.349915176630020,2.960614204406738,2.610699027776718,0.544369131326675,0.311614362315830,188.896088570356369,0.457340657711029,0.714159274101258
2456,MX15119,2456,998.000000000000000,0.017326389166111,0.338955402374268,18.849699020385742,18.510743618011475,1.260016475865741,1.807924649586995,1257.496442914009549,0.576158404350281,2.797660565376282
2457,MX15120,2457,1114.000000000000000,0.019340278087222,1.205220699310303,56.441555023193359,55.236334323883057,10.357851769380547,10.248555956153609,11538.646871089929846,6.090337514877319,25.433190536499026
