muni,yhat_1,yhat_2
1011001101,0.091861114,0.07822981
1011001102,0.07870948,0.060296375
1011001103,0.14195858,0.118493706
1011001104,0.08034533,0.05760727
1011001105,0.11643758,0.07629004
1011001106,0.06772886,0.05157059
1011001107,0.070112154,0.045346074
1011001108,0.09588024,0.07267812
1011001109,0.08830874,0.07005035
1011001110,0.08561223,0.074201606
1011001111,0.11734698,0.074201606
1011001112,0.05800243,0.0538575
1011001113,0.05544491,0.0434289
1011001114,0.06408805,0.0538575
1011001115,0.06628026,0.057392914
1011001116,0.108713076,0.08680657
1011001117,0.12075849,0.11085245
1011001118,0.16508673,0.141036
1011001119,0.065438345,0.057392914
1011001120,0.051363543,0.0538575
1011001121,0.051186576,0.04844733
1011001122,0.03962157,0.05064133
1011001123,0.07527698,0.044516467
1011001124,0.05800243,0.04844733
1011001125,0.0678726,0.05337698
1011001126,0.070464365,0.05096566
1011001127,0.10904531,0.077514164
1011001128,0.061170373,0.04203467
1011001129,0.06408381,0.05412425
1011001130,0.07830257,0.02255328
1011001131,0.07204909,0.06680317
1011001132,0.06272704,0.044516467
1011001133,0.10937432,0.091653734
1011001134,0.0969332,0.100831054
1011001135,0.07167307,0.06789568
1011001136,0.08907088,0.0690065
1011001137,0.08850183,0.073599
1011001138,0.073111184,0.08276464
1011001139,0.08597383,0.07963978
1011001140,0.081791855,0.07423503
1011001141,0.09569786,0.080188334
1011001142,0.08009421,0.036112424
1011001143,0.05183202,0.03831162
1011001144,0.038680416,0.038618293
1011001145,0.1018334,0.106684096
1011001146,0.07171863,0.041792963
1011001147,0.20420496,0.19111484
1011001148,0.23721245,0.24476501
1011001149,0.14145301,0.121130355
1011001150,0.1021188,0.10772442
1011001151,0.26208794,0.29082537
1011001152,0.07851949,0.054843254
1011002101,0.13928074,0.12646796
1011002102,0.25329626,0.23351115
1011002103,0.223352,0.21540956
1011002104,0.2321788,0.1588453
1011002105,0.18383445,0.14250717
1011002106,0.26138222,0.24482104
1011002107,0.20133378,0.18778758
1011002108,0.29071248,0.28041023
1011002109,0.28484115,0.28581312
1011002110,0.28623083,0.24579859
1011002111,0.12320858,0.13545644
1011003101,0.15595838,0.108217426
1011003102,0.18552247,0.156242
1011003103,0.19125433,0.17932455
1011003104,0.18100823,0.14811826
1011003105,0.23648298,0.21865007
1011003106,0.21979417,0.18233553
1011003107,0.25174233,0.22794655
1011003108,0.24198993,0.24798392
1011003109,0.17847447,0.20622902
1011003110,0.2830692,0.23403369
1011003111,0.18865126,0.16467597
1011004101,0.15315925,0.10658095
1011004102,0.19792092,0.17892092
1011004103,0.25206673,0.2870015
1011004104,0.19081026,0.190557
1011004105,0.22522451,0.21343108
1011005101,0.13503043,0.088503405
1011005102,0.06975118,0.07429087
1011005103,0.12698689,0.14729951
1011005104,0.14278005,0.10896809
1011005105,0.09984861,0.09237241
1011005106,0.12901136,0.14545737
1011005107,0.1424923,0.1283574
1011005108,0.15120418,0.09860931
1011005109,0.07773272,0.06134811
1011005110,0.12994097,0.13004626
1011005111,0.16041769,0.17018998
1011005112,0.16605982,0.18060955
1011005113,0.03980612,0.035914265
1011005114,0.03264306,0.014175974
1011005115,0.038240217,0.018398073
1011006101,0.09056319,0.084588155
1011006102,0.1113981,0.085121185
1011006103,0.16167018,0.07655323
1011006104,0.14755978,0.12498715
1011006105,0.085653014,0.087320775
1011006106,0.08898886,0.055641282
1011006107,0.16153626,-0.0066166427
1011006108,0.10678234,0.097782575
1011006109,0.21554928,0.20914836
1011006110,0.078646176,0.06770588
1011006111,0.18317126,0.18375596
1011006112,0.24574786,0.21565937
1011006113,0.17120397,0.18948111
1011007101,0.17828457,0.13677166
1011007102,0.1509771,0.11746445
1011007103,0.18686782,0.16525024
1011007104,0.104582235,0.08371866
1011007105,0.16182512,0.14853147
1011007106,0.13030632,0.016990492
1011007107,0.16557752,0.15174615
1011007108,0.2815665,0.23903154
1011007109,0.21337917,0.15343514
1011007110,0.18995093,0.15157059
1011007111,0.22654241,0.2050124
1011008101,0.120650455,0.09237241
1011008102,0.15222843,0.14168721
1011008103,0.15352993,0.17502506
1011008104,0.21229252,0.23988007
1011008105,0.32062778,0.28325254
1011009101,0.23237306,0.16349036
1011009102,0.23118904,0.22596861
1011009103,0.22877043,0.23626795
1011009104,0.22723353,0.19051284
1011009105,0.32288113,0.3307677
1011009106,0.25680196,0.24963199
1011009107,0.1932962,0.15940614
1011009108,0.19758461,0.2456969
1011010101,0.20730023,0.18513398
1011010102,0.18716808,0.17385106
1011010103,0.23990573,0.25835377
1011010104,0.29719576,0.2905027
1011010105,0.2813145,0.3111011
1011010106,0.2810871,0.22314881
1011011101,0.12941463,0.08677231
1011011102,0.12504692,0.11069294
1011011103,0.091156214,0.11804407
1011011104,0.071528874,0.12541065
1011011105,0.09457525,0.05966813
1011011106,0.1536055,0.13409854
1011011107,0.19171585,0.112365685
1011011108,0.098702304,0.05284167
1011011109,0.12627976,0.10369903
1011011110,0.1807076,0.18189955
1011011111,0.13553548,0.14016078
1011011112,0.075556405,0.031361807
1011011113,0.11263395,0.045703217
1011011114,0.07906168,0.045214415
1011011115,0.030213738,0.0037107102
1021001101,0.069432005,0.05607051
1021001102,0.094349384,0.056095153
1021001103,0.059567172,0.034090906
1021001104,0.04270227,0.04175728
1021001105,0.064497605,0.10033726
1021001106,0.047390234,0.05268827
1021001107,0.055454127,0.114662945
1021001108,0.05389463,0.045240197
1021001109,0.07106463,0.05390291
1021001110,0.058445502,0.045838125
1021001111,0.06349608,0.04640777
1021001112,0.048491653,0.05607051
1021001113,0.05197729,0.056058194
1021001114,0.038344897,0.058944236
1021001115,0.042466506,0.054405846
1021001116,0.036958974,0.030842563
1021001117,0.044040434,0.057831787
1021001118,0.051141955,0.055217873
1021001119,0.10455941,0.083516605
1021001120,0.054708146,0.08963749
1021001121,0.095261425,0.080400094
1021001122,0.21309651,0.26424855
1021001123,0.09292881,0.10025112
1021001124,0.1184235,0.082345136
1021001125,0.11170939,0.08368658
1021001126,0.09454752,0.07971918
1021001127,0.18183059,0.09301861
1021002101,0.061495233,0.0538575
1021002102,0.0559632,0.04640777
1021002103,0.04890662,0.050227497
1021002104,0.04606233,0.04640777
1021002105,0.049847677,0.050470624
1021002106,0.04890662,0.050227497
1021002107,0.08620412,0.050276402
1021002108,0.082339324,0.06623309
1021002109,0.036286544,0.046842217
1021002110,0.049344886,0.060132857
1021002111,0.067712754,0.03750293
1021002112,0.04890662,0.050227497
1021002113,0.052925497,0.0538575
1021002114,0.09308823,0.06392548
1021002115,0.04890662,0.04640777
1021002116,0.027749246,0.024723783
1021002117,0.035641342,0.049281497
1021002118,0.031534582,0.03735105
1021002119,0.03213025,0.03735105
1021002120,0.05426134,0.048778385
1021002121,0.038314976,0.040981054
1021002122,0.028023487,0.03735105
1021002123,0.02697518,0.025072593
1021002124,0.05114592,0.042583067
1021002125,0.048745077,-0.011990411
1021002126,0.029467203,0.012783796
1021002127,0.034529652,0.026112014
1021002128,0.05149581,0.042894937
1021002129,0.03213025,0.035914265
1021002130,0.059177082,0.05629118
1021002131,0.05848906,0.04623873
1021002132,0.042495,0.025588399
1021002133,0.03264306,0.005864653
1021002134,0.04736058,0.02000517
1021002135,0.05183202,-0.0039084256
1021002136,0.049197115,0.019250404
1021002137,0.038680416,0.023157474
1021002138,0.032700893,-0.011344106
1021002139,0.030257747,0.007347474
1021002140,0.037702814,-0.004811194
1021002141,0.14433849,0.11499995
1021002142,0.08973799,0.10798719
1021002143,0.076486185,0.055736173
1021002144,0.14712799,0.1510565
1021002145,0.057896446,0.0420459
1021002146,0.097634286,0.08747822
1021002147,0.068259604,0.09146365
1021002148,0.071599476,0.01624078
1021002149,0.11429526,0.10460947
1021002150,0.15852313,0.058755875
1021003101,0.028688086,0.04132443
1021003102,0.047505528,0.047209956
1021003103,0.09625005,0.09457498
1021003104,0.04891693,0.0523423
1021003105,0.041486226,0.042761214
1021003106,0.08518187,0.12789574
1021003107,0.045184385,0.047450975
1021003108,0.050932195,0.04924703
1021003109,0.04606233,0.04640777
1021003110,0.063396856,0.052942686
1021003111,0.048464213,0.038777307
1021003112,0.052213054,0.051121786
1021003113,0.07031527,0.04949711
1021003114,0.04081015,0.057360366
1021003115,0.049010046,0.023123087
1021003116,0.07328726,0.06267916
1021003117,0.1014655,0.0392423
1021003118,0.06315185,0.06792437
1021003119,0.046469755,0.05952513
1021003120,0.072731465,0.10994545
1021004101,0.047193676,0.078748524
1021004102,0.048491653,0.050227497
1021004103,0.032838833,0.043370564
1021004104,0.05545679,0.050227497
1021004105,0.07330245,0.05989238
1021004106,0.09033345,0.07655557
1021004107,0.03197064,0.042164333
1021004108,0.05913357,0.03817605
1021004109,0.09051729,0.07207703
1021004110,0.068967775,0.054824833
1021004111,0.0414108,0.04309628
1021004112,0.065721214,0.011779534
1021004113,0.042569112,0.046989154
1021004114,0.080165595,0.07372259
1021004115,0.05992531,0.070989326
1021004116,0.064681455,0.085226096
1021004117,0.06408381,0.051293164
1021004118,0.08162395,0.05055903
1021004119,0.15594988,0.18629567
1021004120,0.0825097,0.053573187
1021004121,0.049561024,0.059162445
1021004122,0.10401425,0.122802496
1021004123,0.060845375,0.06134702
1021004124,0.049874388,0.049880594
1021004125,0.05776755,0.053058513
1021004126,0.050185658,0.034046322
1021004127,0.06596963,0.05791441
1021004128,0.092902996,0.06644628
1021004129,0.09307315,0.07693325
1021004130,0.07242937,0.05481844
1021004131,0.04318048,0.01523269
1021004132,0.025817407,0.035914265
1021004133,0.05281211,0.017552389
1021004134,0.05258784,0.060603272
1021004135,0.053057387,0.04640777
1021004136,0.05114161,0.05825635
1021004137,0.047791354,0.038974624
1021004138,0.057564303,0.05416161
1021004139,0.05687333,0.032493427
1021004140,0.05089702,0.043908704
1021004141,0.05747792,0.06470785
1021004142,0.055082962,0.044928014
1021004143,0.035263497,0.061725233
1021004144,0.04956959,0.004912921
1021004145,0.040365703,0.058659926
1021004146,0.03490275,0.060584646
1021004147,0.07379475,0.045450144
1021004148,0.04408444,0.040167406
1021004149,0.06543901,0.055147357
1021004150,0.058583993,0.06676962
1021004151,0.047956284,0.050660346
1021004152,0.051750213,0.029752746
1021004153,0.055853005,0.058709893
1021004154,0.04408444,0.04658994
1021004155,0.057001643,0.05763235
1021004156,0.03697593,0.035914265
1021004157,0.05811882,0.051197577
1021004158,0.042465746,0.053683925
1021004159,0.030692281,0.033773787
1021004160,0.043293897,0.030767957
1021004161,0.0389153,0.074432194
1021004162,0.04256704,0.014205789
1021004163,0.03954439,0.03954427
1021004164,0.04789045,0.046021834
1021004165,0.044040434,0.017621852
1021004166,0.0481912,0.05423169
1021004167,0.036113977,0.04307968
1021004168,0.06097814,0.046824068
1021004169,0.05796212,0.015859466
1021004170,0.06134282,0.04112813
1021004171,0.028811565,0.035914265
1021004172,0.060341727,0.05339961
1021004173,0.06858379,0.037498124
1021004174,0.065563165,0.018286001
1021004175,0.04557389,0.04019843
1021004176,0.045065526,0.030763077
1021004177,0.07390587,0.056400713
1021004178,0.05561017,0.020672943
1021004179,0.10709291,0.0821332
1021004180,0.048747,0.04350922
1021004181,0.056445513,0.009454877
1021004182,0.10302344,0.11252712
1021004183,0.051449776,0.01407839
1021004184,0.05400779,0.009926862
1021004185,0.036540315,0.005779002
1021004186,0.04979445,0.006224824
1021004187,0.041540157,0.02551137
1021004188,0.050679035,0.078765705
1021005101,0.061937273,0.07203397
1021005102,0.057114404,0.05035949
1021005103,0.042792708,0.06473339
1021005104,0.0675122,0.058943603
1021005105,0.0722735,0.0565986
1021005106,0.08309355,0.07792268
1021005107,0.057368428,0.07538111
1021005108,0.06606377,0.05509981
1021005109,0.07451713,0.081437446
1021005110,0.059146855,0.03867402
1021005111,0.056468222,0.08525338
1021005112,0.09411593,0.091847
1021005113,0.104144566,0.07108193
1021005114,0.0843556,0.016991895
1031001101,0.09582778,0.063662134
1031001102,0.058728028,0.055323277
1031001103,0.08462252,0.055323277
1031001104,0.0656741,0.060603272
1031001105,0.1049255,0.10259128
1031001106,0.05753426,0.09375511
1031001107,0.10706414,0.11055117
1031001108,0.10505406,0.09015415
1031001109,0.15829863,0.15079176
1031001110,0.115507096,0.12577663
1031001111,0.16671146,0.18322343
1031001112,0.07063869,0.09035239
1031001113,0.20447601,0.15319216
1031002101,0.05756165,0.057413604
1031002102,0.050962463,0.046874423
1031002103,0.020646656,0.021186873
1031002104,0.030805275,0.032395747
1031002105,0.065919705,0.056451928
1031002106,0.13771988,0.07306376
1031002107,0.076349944,0.09390306
1031002108,0.17088167,0.13462216
1031002109,0.19916049,0.20237608
1031002110,0.15168282,0.1337192
1031003101,0.062513374,0.055323277
1031003102,0.04179044,0.03464178
1031003103,0.048491653,0.050227497
1031003104,0.06728721,0.050227497
1031003105,0.0690753,0.07777301
1031003106,0.10899665,0.15958731
1031003107,0.07178836,0.056688517
1031003108,0.04107208,0.06401638
1031003109,0.035845753,0.059767332
1031003110,0.042466506,0.043194063
1031003111,0.06429356,0.06438352
1031003112,0.034364507,0.01122976
1031003113,0.057026044,0.049241845
1031003114,0.06836471,0.11512858
1031003115,0.059894074,0.01860499
1031003116,0.1070029,0.023945633
1031003117,0.032631833,0.043263204
1031003118,0.034364507,0.019892767
1031003119,0.058229268,0.0738564
1031003120,0.04788762,0.0074937716
1031003121,0.08320906,0.07875292
1031003122,0.14214607,0.10280807
1031003123,0.16283262,0.13933805
1031003124,0.14561272,0.04299084
1031003125,0.11862214,0.10381456
1031008101,0.03424275,0.037809856
1031008102,0.047496386,0.04322002
1031008103,0.029865,0.05198867
1031008104,0.027584102,0.015105002
1031008105,0.043109864,0.010755939
1031008106,0.052066065,0.04864561
1031008107,0.034573656,0.0057605
1031008108,0.048050158,0.061222255
1031008109,0.03363383,0.031812757
1031008110,0.04091313,0.034546185
1031008111,0.019328538,0.015665539
1031008112,0.025611114,0.027197082
1031008113,0.03424275,0.018427622
1031008114,0.035959583,0.025735378
1031008115,0.02845231,0.043803412
1031008116,0.027904782,0.035914265
1031008117,0.042466506,0.03154774
1031008118,0.06113243,0.06446669
1031008119,0.031965103,0.034052286
1031008120,0.041805577,0.010594533
1031008121,0.04107537,0.04288446
1031008122,0.044890597,0.03264376
1031008123,0.0491434,0.06438352
1031008124,0.055300377,0.09721328
1031008125,0.1054039,0.08667951
1031008126,0.065762,0.097529545
1031008127,0.07078795,0.075727455
1031009101,0.044047784,0.051544476
1031009102,0.057815805,0.06485568
1031009103,0.06321546,0.035182346
1031009104,0.042466506,0.045240197
1031009105,0.042466506,0.056247912
1031009106,0.05684424,0.057766106
1031009107,0.15360014,0.10661274
1031009108,0.35928994,0.3012107
1041001101,0.11842056,0.113814294
1041001102,0.101117134,0.0995763
1041001103,0.24627592,0.23377547
1041001104,0.28014386,0.27201056
1041001105,0.16790478,0.17635992
1041001106,0.30358872,0.3550575
1041001107,0.27822372,0.30222818
1041001108,0.19511068,0.24082184
1041001109,0.24653442,0.25462168
1041001110,0.35331213,0.3755551
1041001111,0.41519108,0.4104873
1041002101,0.088103116,0.058686048
1041002102,0.07668837,0.07715875
1041002103,0.07631006,0.049970314
1041002104,0.08439268,0.07333902
1041002105,0.046209387,0.036914214
1041002106,0.06785726,0.049780592
1041002107,0.06942793,0.06492061
1041002108,0.029617757,0.044154387
1041002109,0.0735827,0.07090886
1041002110,0.02957374,0.062499072
1041002111,0.046398886,0.05990456
1041002112,0.04225564,0.044154387
1041002113,0.051466655,0.07180708
1041002114,0.081284024,0.08522175
1041002115,0.1942174,0.20168515
1041002116,0.13707922,0.18684429
1041002117,0.2436857,0.31134063
1041002118,0.4820711,0.48664927
1041002119,0.48170575,0.42402378
1041002120,0.32896852,0.32209414
1041003101,0.020343816,0.02444721
1041003102,0.07200801,0.06999333
1041003103,0.069445975,0.043268815
1041003104,0.051358093,0.066609256
1041003105,0.06979043,0.084404215
1041003106,0.0650214,0.11345374
1041003107,0.060364123,0.07472487
1041003108,0.042911854,0.035144746
1041003109,0.06030281,0.05454484
1041003110,0.034858733,0.056369826
1041003111,0.03174955,0.08556866
1041003112,0.027903214,-0.0043402277
1041003113,0.033359077,0.043668766
1041003114,0.041334666,0.05203344
1041003115,0.03213025,0.01815882
1041003116,0.034525204,0.035295676
1041003117,0.18485552,0.11046931
1041003118,0.16381021,0.20189935
1041003119,0.22176753,0.2536859
1041003120,0.3079301,0.24662787
1041003121,0.3995433,0.419041
1041004101,0.113732256,0.115216404
1041004102,0.13305938,0.12238182
1041004103,0.124637306,0.11886391
1041004104,0.17612344,0.1753311
1041004105,0.20090966,0.13109024
1041004106,0.21671167,0.2604906
1041004107,0.25886464,0.3336418
1041004108,0.28708237,0.25476262
1041004109,0.40908536,0.4033081
1041004110,0.11964488,0.10271724
1041004111,0.20420623,0.18417872
1041004112,0.19407728,0.21336734
1041004113,0.40289357,0.3352373
1041004114,0.44671488,0.45334715
1041004115,0.49326956,0.56938446
1041004116,0.37241057,0.3665082
1041004117,0.4046984,0.5240706
1041004118,0.4386888,0.4554337
1041005101,0.13368279,0.113814294
1041005102,0.124838516,0.12722895
1041005103,0.2430047,0.19713643
1041005104,0.1929731,0.18797456
1041005105,0.39553586,0.40212807
1041005106,0.20125176,0.18810527
1041005107,0.25093317,0.29515022
1041005108,0.21008518,0.20602019
1041005109,0.28225115,0.3153883
1041005110,0.46678504,0.62474155
1041006101,0.20989771,0.1514909
1041006102,0.23137613,0.23237821
1041006103,0.32692403,0.3524602
1041006104,0.5211175,0.534856
1041006105,0.4097811,0.4473912
1041006106,0.42352176,0.45748717
1041006107,0.56838495,0.6225527
1041006108,0.5277411,0.60209256
1041006109,0.55041665,0.7014862
1041006110,0.6072573,0.44225764
1041007101,0.1252577,0.13629854
1041007102,0.19307901,0.15288779
1041007103,0.35870355,0.30823725
1041007104,0.5151316,0.5413411
1041007105,0.38973704,0.3670259
1041008101,0.16377628,0.14810984
1041008102,0.21132775,0.23165232
1041008103,0.26736876,0.22349526
1041008104,0.23044725,0.21441256
1041008105,0.31492525,0.30363566
1041009101,0.1693469,0.15140383
1041009102,0.09574541,0.09893237
1041009103,0.11561438,0.110866174
1041009104,0.09708978,0.10195307
1041009105,0.1353142,0.13903047
1041009106,0.16927126,0.14879039
1041009107,0.12840487,0.13044572
1041009108,0.14712378,0.124044776
1041009109,0.28495005,0.35070145
1041009110,0.5432988,0.5352946
1041009111,0.51252884,0.6236565
1041009112,0.44387597,0.4748683
1041009113,0.52273804,0.52497697
1041009114,0.38781977,0.392537
1041009115,0.39783978,0.4352835
1041010101,0.14636794,0.16347566
1041010102,0.27315107,0.21252027
1041010103,0.4250947,0.4548629
1041010104,0.47247538,0.4917231
1041010105,0.48686585,0.5210743
1041010106,0.44496036,0.4781992
1041010107,0.30588236,0.41431075
1041011101,0.14272808,0.12223066
1041011102,0.12630706,0.08172053
1041011103,0.1825655,0.14592154
1041011104,0.44936147,0.47783887
1041011105,0.48584414,0.7006384
1041011106,0.46487972,0.5387537
1041011107,0.47889203,0.47732162
1041011108,0.52946466,0.5937656
1041011109,0.447837,0.45598954
1051002101,0.08091142,0.06719343
1051002102,0.071449086,0.05800876
1051002103,0.08555831,0.044625323
1051002104,0.106894165,0.122670144
1051002105,0.050820474,0.07785894
1051002106,0.058259852,0.07126257
1051002107,0.06766058,0.07431035
1051002108,0.053210568,0.049516268
1051002109,0.059473637,0.04986314
1051002110,0.094296396,0.0766194
1051002111,0.124116726,0.09689804
1051002112,0.10636559,0.084453166
1051002113,0.09338285,0.06751365
1051002114,0.21303123,0.16078243
1051003101,0.11382503,0.059700526
1051003102,0.15955076,0.111808725
1051003103,0.081985824,0.056442935
1051003104,0.11906145,0.045577798
1051003105,0.054344535,0.018973865
1051003106,0.06411228,0.052812383
1051003107,0.091032945,0.08409395
1051004101,0.12189291,0.14068404
1051004102,0.078462325,0.059700526
1051004103,0.088330604,0.069413655
1051004104,0.17328139,0.19664027
1051004105,0.27112693,0.31663957
1051004106,0.39224657,0.36476487
1051004107,0.26099652,0.2711521
1051004108,0.2516377,0.20429347
1051006101,0.08882301,0.070783794
1051006102,0.09352792,0.08447596
1051006103,0.13172638,0.14208546
1051006104,0.114066854,0.14520836
1051006105,0.07460292,0.0788802
1051006106,0.11915548,0.09855144
1051006107,0.13517955,0.116251305
1051006108,0.20439821,0.20589805
1051007101,0.07554943,0.08515998
1051007102,0.11989688,0.13419725
1051007103,0.106370606,0.11432478
1051007104,0.15063925,0.12184065
1051007105,0.055784013,0.05043544
1051007106,0.26310763,0.2838801
1051007107,0.4042107,0.3304736
1051008101,0.16204548,0.1341175
1051008102,0.18639591,0.13824897
1051009101,0.101379484,0.083040304
1051009102,0.11832917,0.12913784
1051009103,0.09703043,0.06639136
1051009104,0.14522198,0.12501657
1051009105,0.122370996,0.11026854
1051009106,0.2077478,0.18833198
1051009107,0.2130915,0.20885126
1051009108,0.19136956,0.14815257
1051009109,0.21809904,0.17174087
1051009110,0.25680926,0.2703889
1051010101,0.09138823,0.095039874
1051010102,0.05821274,0.09989056
1051010103,0.06336143,0.046824068
1051010104,0.094573006,0.0923254
1051010105,0.07030036,0.087219186
1051010106,0.07850611,0.064977035
1051010107,0.08103074,0.06639136
1051010108,0.08236354,0.04736333
1051010109,0.072100654,0.075279705
1051010110,0.11000766,0.092468075
1051010111,0.053377416,0.08494602
1051010112,0.07997523,0.07052448
1051010113,0.07095384,0.054362603
1051010114,0.06918584,0.119193874
1051010115,0.096565016,0.095823586
1051010116,0.12723601,0.0823893
1051011101,0.19052234,0.17320818
1051011102,0.12447374,0.14953671
1051011103,0.24840063,0.18002412
1051011104,0.51372045,0.4349057
1051011105,0.37966692,0.4474302
1051011106,0.38666603,0.38418898
1051014101,0.1465849,0.16343634
1051014102,0.17607869,0.17206402
1051014103,0.072117224,0.09222265
1051014104,0.21114507,0.14668179
1051017101,0.15803097,0.12330748
1051017102,0.122479886,0.1506716
1051017103,0.106729865,0.11221902
1051017104,0.12820846,0.08747238
1051017105,0.19726972,0.1857914
1051017106,0.117573395,0.1194352
1051017107,0.13987122,0.1572904
1051017108,0.09748174,0.09706632
1051017109,0.109248325,0.10897433
1051017110,0.110893056,0.09067923
1051017111,0.1872159,0.1425003
1051017112,0.14957929,0.10762007
1051017113,0.22883236,0.21673073
1051017114,0.17940985,0.15311277
1051018101,0.07259373,0.06113731
1051018102,0.05630795,0.063181885
1051018103,0.060075626,0.05429035
1051018104,0.055528488,0.049011905
1051018105,0.058169194,0.0538575
1051018106,0.063507505,0.06323595
1051018107,0.0823503,0.050227497
1051018108,0.078901544,0.063181885
1051018109,0.07299068,0.05035949
1051018110,0.07857923,0.05396517
1051018111,0.12623002,0.093905926
1051018112,0.07360441,0.09706632
1051018113,0.12920451,0.07316384
1051018114,0.09439667,0.08929508
1051018115,0.14486733,0.14006288
1051018116,0.12520652,0.06666683
1051019101,0.08228483,0.072636165
1051019102,0.12052007,0.063181885
1051019103,0.10584256,0.09187903
1051019104,0.14272627,0.10819952
1051020101,0.12001896,0.12233613
1051020102,0.11878726,0.07839054
1051020103,0.1700986,0.13600117
1051020104,0.08689741,0.095322676
1051020105,0.12677126,0.14863127
1051020106,0.14147995,0.17916565
1051020107,0.13142699,0.1251786
1051020108,0.14211968,0.15066226
1051020109,0.09455988,0.09761509
1051020110,0.15118101,0.14714515
1051021101,0.1239816,0.07063444
1051021102,0.15497087,0.109301135
1051021103,0.18368989,0.14516093
1051022101,0.08598461,0.09697907
1051022102,0.07321688,0.042475007
1051022103,0.07592449,0.038327146
1051022104,0.10927504,0.0919935
1051022105,0.07338054,0.063038416
1051022106,0.07817806,0.049179256
1051022107,0.09278503,0.07816724
1051022108,0.11000806,0.09012429
1051022109,0.07557833,0.09340217
1051023101,0.1931942,0.18800387
1051023102,0.2622786,0.322129
1051023103,0.39687413,0.39989474
1051023104,0.11731347,0.10456584
1051023105,0.36216217,0.22493134
1051024101,0.100819126,0.071625225
1051024102,0.07193345,0.08093788
1051024103,0.12411592,0.0588297
1051024104,0.13566397,0.098086976
1051024105,0.052247077,0.055323277
1051024106,0.08862482,0.084818356
1051024107,0.14336377,0.18288693
1051024108,0.518053,0.5253699
1051024109,0.4400876,0.3867902
1051025101,0.07894768,0.10227148
1051025102,0.10616504,0.1154435
1051025103,0.090255216,0.056507777
1051025104,0.05800243,0.05198275
1051025105,0.05797252,0.07591582
1051025106,0.08543449,0.06733179
1051025107,0.10939512,0.11895403
1051025108,0.08113346,0.07275185
1051025109,0.06784789,0.08745353
1051025110,0.06551305,0.053398557
1051025111,0.08916177,0.09269114
1051025112,0.08637678,0.037788462
1051025113,0.09971977,0.13859144
1051025114,0.116732165,0.081568584
1051026101,0.15994489,0.18233491
1051026102,0.21556741,0.14450958
1051027101,0.05146635,0.049975216
1051027102,0.11959605,0.09955303
1051027103,0.05601618,0.044563122
1051027104,0.033114053,0.032183945
1051027105,0.044530388,0.040981054
1051027106,0.043522485,0.003050954
1051027107,0.07358519,0.07541043
1051027108,0.044040434,0.050146703
1051027109,0.051362563,0.059591137
1051027110,0.05150415,0.01338456
1051027111,0.06515738,0.05544469
1051027112,0.047673255,0.032314956
1051027113,0.06378804,0.059014488
1051027114,0.058722086,0.06426141
1051027115,0.062793754,0.054817025
1051027116,0.27723956,0.19938867
1051028101,0.027604265,0.028855659
1051028102,0.07696846,0.059700526
1051028103,0.062305648,0.050227497
1051028104,0.11984366,0.115482114
1051028105,0.08430829,0.060005352
1051028106,0.070441835,0.01753708
1051028107,0.122061744,0.1382216
1051028108,0.060654562,0.061941262
1051028109,0.055417303,0.04180849
1051028110,0.039737143,0.0013749115
1051028111,0.10160667,0.08274787
1051029101,0.17182325,0.15956864
1051029102,0.11774737,0.097272694
1051030101,0.0787701,0.045346074
1051030102,0.084777996,0.0538575
1051030103,0.073922426,0.045156352
1051030104,0.09215708,0.065916166
1051030105,0.11238194,0.10065578
1051030106,0.06513852,0.06851245
1051030107,0.06719372,0.057392914
1051030108,0.07106196,0.0588297
1051030109,0.07962294,0.057392914
1051030110,0.110472314,0.06495458
1051030111,0.094966784,0.08048917
1051030112,0.06555689,0.057392914
1051030113,0.06513852,0.06495458
1051030114,0.09220029,0.0588297
1051030115,0.09488519,0.057392914
1051030116,0.078084186,0.07082732
1051030117,0.058678795,0.057392914
1051030118,0.08057417,0.070545174
1051030119,0.0523536,0.054362603
1051030120,0.09866377,0.099656954
1051030121,0.13930368,0.12880853
1051030122,0.06408381,0.05357207
1051030123,0.09799838,0.14693016
1051030124,0.13886306,0.13521062
1051030125,0.12011022,0.09693775
1051030126,0.05925467,0.044516467
1051030127,0.05410702,0.05952513
1051030128,0.13275297,0.1599283
1051030129,0.09028781,0.049926642
1051030130,0.15346591,0.14065939
1051030131,0.060297724,0.06789568
1051030132,0.0856292,0.04021141
1051030133,0.078594916,0.08488191
1051030134,0.10949883,0.11692227
1051030135,0.06558166,0.055511586
1051030136,0.076216854,0.052272417
1051030137,0.056272063,0.055361785
1051030138,0.08319045,0.042108506
1051030139,0.073149495,0.07816724
1051030140,0.043843903,0.029144403
1051030141,0.14724177,0.14110357
1051030142,0.081120625,0.07268821
1051030143,0.31417108,0.32256848
1051030144,0.32919773,0.32092202
1051031101,0.08594783,0.064597666
1051031102,0.09265464,0.1187137
1051031103,0.07193522,0.05607051
1051031104,0.06566289,0.05607051
1051031105,0.053844657,0.059471063
1051031106,0.08622741,0.07365306
1051031107,0.06293195,0.07035332
1051031108,0.20553327,0.1939934
1051032101,0.07741244,0.05607051
1051032102,0.09871234,0.07805765
1051032103,0.094908774,0.07471798
1051032104,0.064705044,0.050227497
1051032105,0.10413115,0.09483345
1051032106,0.11388995,0.091273256
1051032107,0.10766611,0.09261148
1051032108,0.111210115,0.10972634
1051032109,0.0634746,0.055989716
1051032110,0.20616786,0.21245609
1051033101,0.11669836,0.09842658
1051033102,0.16004442,0.118614435
1051033103,0.16625544,0.14224242
1051033104,0.134095,0.124981724
1051033105,0.09124346,0.117716596
1051033106,0.2413371,0.21498236
1051033107,0.19950493,0.19804478
1051033108,0.25270292,0.27428973
1051033109,0.27577823,0.27614275
1051033110,0.2521588,0.2595864
1051034101,0.30825403,0.33276728
1051034102,0.09336341,0.11456035
1051034103,0.087735504,0.113169216
1051034104,0.14609309,0.09978939
1051035101,0.08628234,0.07695376
1051035102,0.071514204,0.05607051
1051035103,0.0559632,0.0538575
1051035104,0.05295549,0.04956377
1051035105,0.087011844,0.0588297
1051035106,0.060816813,0.0538575
1051035107,0.0870491,0.050227497
1051035108,0.070112154,0.050227497
1051035109,0.07058464,0.0538575
1051035110,0.11184158,0.081105016
1051035111,0.07799096,0.08798669
1051035112,0.08453573,0.08066447
1051035113,0.06386186,0.05607051
1051035114,0.06795629,0.047444843
1051035115,0.07041225,0.044516467
1051035116,0.13291861,0.098557144
1051035117,0.07591124,0.050227497
1051035118,0.15013173,0.15507604
1051035119,0.17852697,0.1811804
1051035120,0.09427466,0.09407104
1051035121,0.058184963,0.05064133
1051035122,0.09232583,0.10782813
1051035123,0.07036636,0.067086786
1051035124,0.059621368,0.03954427
1051035125,0.07140939,0.10633819
1051035126,0.05146734,0.057517666
1051035127,0.057646304,0.05198275
1051035128,0.052750256,0.04302719
1051035129,0.061899915,0.059416693
1051035130,0.059621368,0.028702598
1051035131,0.05885541,0.022823352
1051035132,0.06134282,0.07887082
1051035133,0.05246717,0.006780184
1051035134,0.041642662,-0.0021892088
1051035135,0.13074823,0.06953383
1051035136,0.08480206,0.07302292
1051035137,0.05943193,0.05443301
1051035138,0.047599237,0.04856283
1051035139,0.05017045,0.04927903
1051035140,0.07788071,0.0775309
1051035141,0.19095986,0.19117226
1051035142,0.1541035,0.14207518
1051035143,0.069074236,0.0641033
1051036101,0.18574408,0.1341457
1051036102,0.26791325,0.23893231
1051036103,0.2602527,0.30866623
1051036104,0.34222266,0.37447807
1051036105,0.28961548,0.28364927
1051036106,0.30377376,0.30790752
1051036107,0.4081085,0.37239563
1051037101,0.1141869,0.07390314
1051037102,0.14237343,0.13170594
1051037103,0.13938683,0.08653294
1051038101,0.11366204,0.06683025
1051038102,0.118326284,0.07864891
1051038103,0.094482586,0.09422809
1051038104,0.14336541,0.11121971
1051038105,0.12666231,0.14033327
1051038106,0.21159607,0.15303276
1061001101,0.106553234,0.13078831
1061001102,0.15122874,0.17584804
1061001103,0.19889556,0.20412849
1061001104,0.21441649,0.209651
1061001105,0.18983243,0.19061701
1061001106,0.24359912,0.25483513
1061001107,0.19882643,0.13362458
1061001108,0.23564145,0.3139299
1061002101,0.054577254,0.036441233
1061002102,0.09846287,0.06738721
1061002103,0.07298404,0.0538575
1061002104,0.08871131,0.06779345
1061002105,0.0629505,0.056284867
1061002106,0.057449147,0.050227497
1061002107,0.06628247,0.059474535
1061002108,0.061832774,0.035177745
1061002109,0.03404383,0.02026219
1061002110,0.059403453,0.03735105
1061002111,0.10975947,0.07123381
1061002112,0.058047425,0.04856283
1061002113,0.035289112,0.055459954
1061002114,0.06628719,0.07457247
1061002115,0.30956528,0.27616963
1061002116,0.21448281,0.18047893
1061003101,0.09496895,0.050441854
1061003102,0.096925326,0.06825261
1061003103,0.09908818,0.057392914
1061003104,0.16089498,0.121674396
1061003105,0.2155033,0.25433144
1061003106,0.21930954,0.18578759
1061003107,0.24442822,0.23652944
1061004101,0.100270666,0.09423257
1061004102,0.10435558,0.10399011
1061004103,0.075895995,0.061138414
1061004104,0.100003146,0.030583695
1061004105,0.11364192,0.11394958
1061004106,0.18695532,0.1809192
1061004107,0.16445181,0.15134215
1061004108,0.18338941,0.20305423
1061005101,0.15397719,0.119152285
1061005102,0.064811446,0.07011262
1061005103,0.07766661,0.050227497
1061005104,0.0806638,0.047757752
1061005105,0.14378029,0.12788762
1061005106,0.1928775,0.17708151
1061005107,0.13710995,0.13266157
1061005108,0.113942906,0.08993511
1061005109,0.09229925,0.09165859
1061005110,0.12173324,0.08702172
1061006101,0.15327139,0.13661551
1061006102,0.20276439,0.19659469
1061006103,0.2545761,0.23138072
1061006104,0.38432294,0.46402374
1061007101,0.064661495,0.07123381
1061007102,0.092128955,0.065317556
1061007103,0.12844212,0.11916276
1061007104,0.10592542,0.06387943
1061007105,0.085791305,0.09029483
1061007106,0.05776755,0.07215564
1061007107,0.11489063,0.10318275
1061007108,0.060523953,0.0591675
1061007109,0.02845231,0.035914265
1061007110,0.038358986,0.052192837
1061007111,0.032174256,0.035914265
1061007112,0.052534416,0.08963017
1061007113,0.02697518,0.035914265
1061007114,0.04799467,0.019580211
1061007115,0.059958912,0.07935207
1061007116,0.05273707,0.03885092
1061007117,0.13593084,0.17270291
1061007118,0.15034926,0.13654795
1061007119,0.2026535,0.18091609
1061008101,0.13473792,0.10896284
1061008102,0.157911,0.15078373
1061008103,0.14271396,0.15593818
1061008104,0.15896206,0.15863824
1061008105,0.07509781,0.07800963
1061009101,0.12847298,0.115733445
1061009102,0.16786598,0.17845774
1061009103,0.11277476,0.1367869
1061009104,0.14732479,0.17546405
1061009105,0.11041941,0.0908534
1061009106,0.16488357,0.15535814
1061009107,0.116860196,0.118581586
1061009108,0.16385867,0.13155963
1061009109,0.068069294,0.05988829
1061009110,0.05255374,0.010784675
1061009111,0.12708281,0.113803744
1061009112,0.23437291,0.19290936
1061009113,0.32563254,0.30357
1061009114,0.29065856,0.24610546
1061009115,0.2767283,0.39114043
1061009116,0.2860481,0.2972135
1061009117,0.26954916,0.3238405
1061010101,0.08560271,0.050227497
1061010102,0.1475239,0.13207452
1061010103,0.054489072,0.04640777
1061010104,0.05165957,0.046543088
1061010105,0.029120127,0.051544476
1061010106,0.047578197,0.04640777
1061010107,0.03575119,0.03735105
1061010108,0.022414958,0.03671486
1061010109,0.032277133,0.035914265
1061010110,0.026730863,0.04531996
1061010111,0.055853866,0.043370564
1061010112,0.05610799,0.025871946
1061010113,0.030243656,0.0039499598
1061010114,0.01982603,0.03671486
1061010115,0.054198533,0.060809255
1061010116,0.022071283,0.005657616
1061010117,0.18583074,0.12248112
1071001101,0.33018056,0.37204328
1071001102,0.33261687,0.34357867
1071001103,0.24141937,0.24806327
1071001104,0.40918174,0.37084746
1071001105,0.57113284,0.5097737
1071001106,0.51152396,0.55402386
1071002101,0.20167288,0.19418256
1071002102,0.3188778,0.36005515
1071002103,0.1855956,0.14643267
1071002104,0.17998637,0.20512559
1071002105,0.31945625,0.36375293
1071002106,0.5518887,0.5994623
1071002107,0.38466385,0.39265487
1071002108,0.3198786,0.3490783
1071003101,0.21391894,0.22492883
1071003102,0.19989556,0.2660328
1071003103,0.5164342,0.4798013
1071003104,0.52598894,0.5036984
1071003105,0.57416695,0.5613308
1071003106,0.5211727,0.51035184
1071003107,0.53128874,0.6310595
1071003108,0.5303824,0.5840515
1071003109,0.56062055,0.61520046
1071003110,0.64391583,0.68970066
1071004101,0.22410177,0.3314228
1071004102,0.26850402,0.32364082
1071004103,0.17185844,0.2002047
1071004104,0.21117164,0.28325143
1071004105,0.5048726,0.52235895
1071004106,0.35210052,0.40126544
1071004107,0.5083055,0.49908915
1071004108,0.7434981,0.7801996
1071004109,0.7108848,0.7164344
1071004110,0.7452074,0.82250035
1071004111,0.8665501,0.890677
1071004112,0.87527525,0.88367814
1071005101,0.4975691,0.58267206
1071005102,0.5249923,0.66208905
1071005103,0.6898277,0.8039711
1071005104,0.7402638,0.7881401
1071005105,0.68180984,0.7896902
1071006101,0.43033403,0.5101662
1071006102,0.40108055,0.42744723
1071006103,0.51501507,0.5547444
1071006104,0.37169725,0.41867262
1071006105,0.50802857,0.61481667
1071006106,0.441113,0.47842476
1071006107,0.58397084,0.56985337
1071007101,0.66574436,0.7652556
1071007102,0.63177836,0.6238833
1071007103,0.6635048,0.7258255
1071007104,0.78386587,0.78845143
1071007105,0.8386803,0.92589283
1071007106,0.84715986,0.7913209
1071008101,0.31122407,0.25706717
1071008102,0.21454012,0.20542678
1071008103,0.3387706,0.38636777
1071008104,0.5950252,0.6886388
1071008105,0.6724973,0.7116667
1071009101,0.14170873,0.15561898
1071009102,0.10981286,0.11556285
1071009103,0.23043273,0.23356085
1071009104,0.14482814,0.18628371
1071009105,0.23053977,0.25881916
1071009106,0.27103403,0.24354163
1071009107,0.38600194,0.37036923
1071009108,0.4109805,0.4049487
1071009109,0.57343477,0.5574837
1071011101,0.38125226,0.4763827
1071011102,0.617905,0.61842835
1071012101,0.17366293,0.13932103
1071012102,0.16170447,0.15656419
1071012103,0.16186391,0.14024235
1071012104,0.10328251,0.13841772
1071012105,0.14344263,0.13855016
1071012106,0.16087314,0.1536826
1071012107,0.16386099,0.16273606
1071012108,0.5158948,0.56724
1071012109,0.4533969,0.47400084
1071012110,0.15013656,0.12318882
1071013101,0.14617051,0.15365702
1071013102,0.16571331,0.16504791
1071013103,0.19298653,0.16074833
1071013104,0.24596001,0.29242188
1071013105,0.3553163,0.45141464
1071013106,0.6600939,0.78608847
1071013107,0.80371225,0.7215931
1071013108,0.63573825,0.4561835
1071014101,0.3355278,0.42688522
1071014102,0.6247764,0.6751862
1071014103,0.7434142,0.79385406
1071014104,0.7671395,0.8112722
1071014105,0.8064815,0.9207535
1071014106,0.58369887,0.57964253
1071014107,0.60427773,0.49117562
1071014108,0.61917895,0.67624253
1071015101,0.19555578,0.15866202
1071015102,0.26258835,0.20120049
1071015103,0.2968538,0.32008615
1071015104,0.33721086,0.42920578
1071015105,0.34151807,0.46253747
1071015106,0.4425712,0.4811352
1071015107,0.5123852,0.5676503
1071015108,0.4355128,0.45130488
1071015109,0.35891655,0.45887432
1071015110,0.43353534,0.46924782
1071015111,0.55788714,0.6277215
1071016101,0.15466915,0.18298945
1071016102,0.32979605,0.38558528
1071016103,0.515429,0.5081002
1071016104,0.40523976,0.433116
1071016105,0.50839835,0.5137816
1071017101,0.16668987,0.15719937
1071017102,0.21619591,0.18507132
1071017103,0.22461367,0.19939196
1071017104,0.12797162,0.09841353
1071017105,0.19536531,0.1910465
1071017106,0.13104492,0.18081988
1071017107,0.19498141,0.21083581
1071017108,0.6115784,0.7000727
1071017109,0.5040327,0.47501636
1071017110,0.60280484,0.68252945
1071017111,0.6021422,0.58602995
1071018101,0.37382063,0.42417148
1071018102,0.52424866,0.55971557
1071018103,0.73684955,0.6964177
1071018104,0.6920062,0.82526845
1071019101,0.22945051,0.34661523
1071019102,0.14935099,0.14503497
1071019103,0.07573177,0.07344482
1071019104,0.124659464,0.15454689
1071019105,0.13785827,0.1229614
1071019106,0.11074906,0.1218206
1071019107,0.17748378,0.15405908
1071019108,0.14410076,0.12381319
1071019109,0.24989937,0.24610756
1071019110,0.23542783,0.29171512
1071019111,0.2148233,0.28647998
1071019112,0.4593082,0.4894416
1071019113,0.55077285,0.6203125
1071019114,0.5636094,0.59613925
1071019115,0.37353697,0.39615238
1071020101,0.21019402,0.21171446
1071020102,0.24852692,0.32441565
1071020103,0.5283222,0.57870996
1071020104,0.3889079,0.4795576
1071020105,0.4754532,0.5237692
1071020106,0.5423323,0.5856021
1071020107,0.33530205,0.3230324
1071020108,0.29181832,0.40522113
1071020109,0.76773024,0.8506934
1071020110,0.68817586,0.78844243
1071020111,0.5416574,0.6250964
1071021101,0.25276312,0.35523885
1071021102,0.25690505,0.23599799
1071021103,0.26480278,0.32179195
1071021104,0.509234,0.5129746
1071021105,0.56923693,0.68896466
1071021106,0.5096261,0.6870694
1071021107,0.6203028,0.82239354
1071022101,0.6930482,0.5848031
1071022102,0.88474107,0.883251
1071022103,0.7516757,0.85624146
1071022104,0.904545,0.68139815
1071022105,0.89111435,0.7720906
1071022106,0.85942143,0.79048276
1071023101,0.6017041,0.55085236
1071023102,0.52933043,0.5816579
1071023103,0.43045405,0.43142334
1071023104,0.7676907,0.66552114
1071023105,0.80130637,0.77190137
1071023106,0.8221941,0.72636527
1071023107,0.8176804,0.73899513
1071023108,0.81722474,0.8571522
1071023109,0.78068846,0.5746472
1071023110,0.81786263,0.61768025
1071023111,0.849451,0.58829343
1071023112,0.8171994,0.71933436
1071023113,0.8660484,0.86460865
1071023114,0.8852985,0.6087066
1071023115,0.7640484,0.69838834
1071023116,0.63850313,0.6372881
1071023117,0.8379446,0.8235575
1071023118,0.86206377,0.8110875
1071023119,0.83566463,0.7929548
1071023120,0.849451,0.794628
1071023121,0.84105796,0.7707285
1071023122,0.7544809,0.73125774
1071023123,0.628175,0.6236521
1071023124,0.83221644,0.82068294
1071023125,0.79692614,0.81371856
1071023126,0.8919783,0.71305746
1071023127,0.82211,0.7268979
1071023128,0.89860266,0.82315433
1071023129,0.85569847,0.7444992
1071023130,0.79195786,0.76169217
1071023131,0.83688813,0.7831597
1071023132,0.7458306,0.7498027
1071023133,0.8791622,0.8035051
1071023134,0.8128251,0.63226944
1071023135,0.8933079,0.78689355
1071023136,0.80668616,0.7923438
1071023137,0.8549373,0.79158235
1071023138,0.77938163,0.6886088
1071023139,0.83442324,0.8284168
1071023140,0.83946556,0.55108714
1071023141,0.789518,0.619541
1071023142,0.8381257,0.68746805
1071023143,0.8816697,0.8304676
1071025101,0.450869,0.5702246
1071025102,0.65447223,0.8392323
1071026101,0.4000088,0.46967602
1071026102,0.49483514,0.4966038
1071026103,0.82483786,0.7977883
1071026104,0.8344159,0.7894768
1071026105,0.8861564,0.86340535
1071026106,0.87514836,0.8853045
1071026107,0.87221986,0.8907359
1071026108,0.8900799,0.8093004
1071026109,0.8134473,0.75952566
1071026110,0.827428,0.8501868
1071026111,0.8223925,0.8720056
1071026112,0.86105,0.6818934
1071026113,0.7455127,0.7951264
1071027101,0.1619294,0.18591309
1071027102,0.15966484,0.17538975
1071027103,0.14962143,0.108156584
1071027104,0.09410111,0.11356016
1071027105,0.06568904,0.08898279
1071027106,0.12525736,0.14130162
1071027107,0.32172292,0.35123962
1071027108,0.16450065,0.19814518
1071027109,0.29676923,0.34437817
1071027110,0.38668722,0.3539027
1071027111,0.26811492,0.312502
1071027112,0.53926337,0.63998693
1071027113,0.11319493,0.1368832
1071027114,0.080526754,0.043136913
1071028101,0.41577908,0.48565355
1071028102,0.3783341,0.404937
1071028103,0.41752595,0.5400498
1071029101,0.17418602,0.17645559
1071029102,0.14768583,0.16284229
1071029103,0.36898673,0.3911774
1071030101,0.2078142,0.21518797
1071030102,0.21105649,0.23177694
1071030103,0.26062587,0.31579491
1071030104,0.52016634,0.47396967
1071030105,0.572115,0.6393396
1071030106,0.546162,0.6377823
1071031101,0.42152897,0.50706184
1071031102,0.28480363,0.35063156
1071031103,0.1381052,0.19545849
1071031104,0.48626795,0.53899634
1071031105,0.57889676,0.5982411
1071031106,0.38122588,0.36455756
1071031107,0.42289868,0.5227475
1071031108,0.7873978,0.816425
1071031109,0.70452785,0.789943
1071031110,0.8759841,0.93785715
1071031111,0.74911296,0.7429976
1071031112,0.80316395,0.7883414
1071031113,0.7277808,0.8153257
1071031114,0.7440481,0.8338082
1071031115,0.79359424,0.8150173
1071031116,0.71533275,0.74684864
1071031117,0.7598942,0.7977118
1071031118,0.8237044,0.93785715
1071031119,0.77659255,0.80253285
1071031120,0.6546926,0.7277582
1071031121,0.723997,0.83573663
1071032101,0.25759718,0.26289672
1071032102,0.33838177,0.33027205
1071032103,0.24683067,0.29359347
1071032104,0.40213397,0.4402901
1071032105,0.70049834,0.74738693
1071032106,0.52392995,0.49817073
1071032107,0.5503981,0.6047406
1071032108,0.63789433,0.7809584
1071034101,0.21352017,0.19868179
1071034102,0.18123856,0.16349572
1071034103,0.30528787,0.34883383
1071034104,0.3136042,0.44593298
1071034105,0.50688624,0.60702515
1071034106,0.41346544,0.56684774
1071034107,0.3889961,0.4419299
1071034108,0.45558494,0.43960768
1071034109,0.54684556,0.6200553
1071034110,0.3807254,0.4123317
1071034111,0.3685208,0.4424273
1071034112,0.5181078,0.52693623
1071035101,0.27717903,0.34157577
1071035102,0.33674487,0.4384091
1071035103,0.5761295,0.5542812
1071035104,0.4561704,0.3924549
1071035105,0.3362482,0.39789268
1071037101,0.23836295,0.23034966
1071037102,0.36544636,0.32348138
1071037103,0.48355448,0.4345454
1071037104,0.4033734,0.42807707
1071037105,0.14109533,0.16776636
1071037106,0.1972211,0.27788487
1071037107,0.43381873,0.4585254
1071037108,0.5103875,0.5655512
1071039101,0.4469223,0.4531771
1071039102,0.48120385,0.5162569
1071039103,0.7169198,0.76928544
1071039104,0.6854469,0.7109019
1071039105,0.723437,0.7297942
1071040101,0.32214233,0.41287762
1071040102,0.21871044,0.20561707
1071040103,0.16562589,0.19315606
1071040104,0.23356594,0.23645759
1071040105,0.31444705,0.33413178
1071040106,0.4064634,0.42817768
1071040107,0.35159075,0.4481344
1071040108,0.62871027,0.65693986
1071040109,0.62330616,0.6186718
1071040110,0.3543927,0.4761074
1071041101,0.27780458,0.31858587
1071041102,0.443811,0.45769617
1071041103,0.46622536,0.4774545
1071041104,0.6337651,0.66388106
1071041105,0.74845314,0.86821127
1071041106,0.3538329,0.48710084
1071041107,0.5200484,0.47679797
1071041108,0.7617738,0.7996234
1071041109,0.6102927,0.7081022
1071041110,0.8380657,0.82286257
1071042101,0.2577119,0.21917187
1071042102,0.36898965,0.41032836
1071042103,0.7220743,0.77593243
1071042104,0.75203884,0.79418015
1071043101,0.29445812,0.35111636
1071043102,0.28418976,0.42561355
1071043103,0.6006856,0.5681514
1071044101,0.16291717,0.17983714
1071044102,0.18419445,0.17538975
1071044103,0.29078302,0.37094483
1071044104,0.34493744,0.4141657
1071044105,0.5610997,0.6055008
1071044106,0.742092,0.70678395
1071044107,0.69924915,0.6978906
1071045101,0.46243575,0.4672774
1071045102,0.44161102,0.47505215
1071045103,0.5648104,0.65265805
1071045104,0.5358459,0.6572496
1071045105,0.5752526,0.6719284
1071046101,0.21509072,0.20710306
1071046102,0.21312873,0.21764348
1071046103,0.32461655,0.38069856
1071046104,0.5344216,0.47850654
1071046105,0.5536121,0.6177563
1071046106,0.5932063,0.60279024
1071046107,0.4283182,0.39998308
1071046108,0.40938267,0.37121853
1071046109,0.43436876,0.45798415
1071046110,0.647365,0.8276813
1071047101,0.358616,0.36964372
1071047102,0.16790822,0.20557287
1071047103,0.26341462,0.2392936
1071047104,0.4076345,0.46494758
1071047105,0.80420995,0.81601375
1071047106,0.88151246,0.84154403
1071047107,0.8419435,0.91427654
1071047108,0.804242,0.8927156
1071047109,0.88187706,0.7425676
1071047110,0.7418107,0.77807045
1071047111,0.72187203,0.6962485
1071047112,0.68483,0.7712423
1071048101,0.17816378,0.15786988
1071048102,0.16310152,0.15929163
1071048103,0.13531397,0.14443044
1071048104,0.24387099,0.2885633
1071048105,0.2813674,0.31989908
1071048106,0.3474549,0.381023
1071048107,0.28282094,0.3041064
1071048108,0.33506215,0.43476626
1071048109,0.5132211,0.48099455
1071049101,0.44508642,0.4351664
1071049102,0.6191749,0.557442
1071049103,0.82777315,0.7862454
1071049104,0.8020987,0.78950655
1071049105,0.82783425,0.7137797
1071049106,0.7834618,0.69146645
1071049107,0.7759199,0.7269977
1071049108,0.806743,0.7498115
1071049109,0.839597,0.85397613
1071049110,0.8259293,0.8681849
1071050101,0.21483375,0.1576633
1071050102,0.29112297,0.29834026
1071050103,0.3553844,0.38674298
1071051101,0.26966232,0.34164008
1071051102,0.16379313,0.18067046
1071051103,0.09227484,0.11045476
1071051104,0.1754918,0.161095
1071051105,0.30399048,0.3204086
1071051106,0.4768825,0.48398045
1071051107,0.52442014,0.5143378
1071051108,0.4521988,0.49295413
1071051109,0.46583182,0.4310292
1071051110,0.5737361,0.5649892
1071051111,0.5907994,0.6046513
1071052101,0.27374262,0.39443743
1071052102,0.24080642,0.23413901
1071052103,0.2340169,0.32019663
1071052104,0.4805562,0.56323344
1071052105,0.6236838,0.7212546
1071052106,0.6434862,0.69137245
1071052107,0.555392,0.64353377
1071054101,0.21370675,0.23583847
1071054102,0.23158367,0.24747828
1071054103,0.24812935,0.24615838
1071054104,0.23080027,0.30091178
1071054105,0.41368404,0.50773436
1071054106,0.4725392,0.47197592
1071054107,0.47033376,0.420155
1071054108,0.5146662,0.46520886
1071054109,0.6170259,0.5179704
1071054110,0.53022355,0.5314462
1071055101,0.14428072,0.15306512
1071055102,0.23024218,0.17054257
1071055103,0.2154157,0.21182024
1071055104,0.33124632,0.39521262
1071055105,0.3005395,0.3397704
1071057101,0.35115656,0.3806636
1071057102,0.23616119,0.16132694
1071057103,0.23557967,0.17305909
1071057104,0.25440487,0.24762467
1071057105,0.54724216,0.6006362
1071057106,0.7410618,0.78195107
1071057107,0.61898214,0.7268316
1071059101,0.21128853,0.1522927
1071059102,0.19374818,0.1960735
1071059103,0.20229031,0.17585264
1071059104,0.17009595,0.18334952
1071059105,0.42313963,0.45721978
1071059106,0.650195,0.71743685
1071059107,0.6524906,0.70763826
1071059108,0.5484798,0.5741149
1071060101,0.6905384,0.75495356
1071060102,0.7047955,0.7346571
1071060103,0.8022189,0.872621
1071061101,0.23675083,0.2140138
1071061102,0.18148099,0.1804076
1071061103,0.20354567,0.18066621
1071061104,0.17573267,0.20923582
1071061105,0.19834027,0.22066833
1071061106,0.28267294,0.34743527
1071061107,0.58971494,0.65564454
1071061108,0.5565112,0.5548584
1071061109,0.5217152,0.5498178
1071061110,0.55732214,0.6466075
1071061111,0.579189,0.7418396
1071062101,0.22252412,0.27391043
1071062102,0.3266287,0.37426636
1071062103,0.54660946,0.51852787
1071062104,0.58516335,0.63336635
1071062105,0.5752565,0.6366843
1071062106,0.53958577,0.6897163
1071062107,0.34230724,0.40454364
1071063101,0.17423587,0.16781195
1071063102,0.16070028,0.2370401
1071063103,0.6648934,0.7341965
1071064101,0.5413793,0.6314039
1071064102,0.7979422,0.80351436
1071065101,0.14767636,0.12731193
1071065102,0.11727089,0.12668078
1071065103,0.101247415,0.095974654
1071065104,0.10904297,0.14075206
1071065105,0.22362466,0.27124655
1071065106,0.517744,0.5775131
1071065107,0.4709092,0.6518014
1071065108,0.48287654,0.50417745
1071065109,0.5770199,0.69749147
1071066101,0.71026367,0.7618259
1071066102,0.45659366,0.46678048
1071066103,0.4138709,0.50016284
1071066104,0.69830036,0.7119583
1071066105,0.80422163,0.74188125
1071066106,0.9001455,0.79996765
1071066107,0.8593778,0.7643413
1071067101,0.42147294,0.47436965
1071067102,0.7225358,0.80412734
1071067103,0.7225358,0.74903744
1071068101,0.13065182,0.16359232
1071068102,0.08804383,0.11819339
1071068103,0.21822,0.20047715
1071068104,0.20357507,0.24752869
1071068105,0.20782226,0.20762077
1071068106,0.38361403,0.40578339
1071068107,0.5499748,0.6062659
1071068108,0.6484885,0.53029305
1071068109,0.35466883,0.40029648
1071069101,0.2002272,0.18829492
1071069102,0.12959085,0.13354783
1071069103,0.23123854,0.21274999
1071069104,0.47722316,0.48289388
1071069105,0.48711404,0.5369716
1071069106,0.42995104,0.37942374
1071069107,0.4899396,0.5041034
1071069108,0.525168,0.4741825
1071069109,0.51844895,0.45489085
1071069110,0.52215725,0.5406125
1071069111,0.37025997,0.374252
1071069112,0.50927305,0.47948748
1071069113,0.5936198,0.55661964
1071069114,0.54235923,0.67524093
1071069115,0.562521,0.52951807
1071069116,0.33058983,0.44945085
1071071101,0.2161932,0.22956932
1071071102,0.34054825,0.40468872
1071071103,0.29724267,0.33643222
1071071104,0.5892418,0.5883728
1071071105,0.64557785,0.70114404
1071071106,0.5946575,0.66895837
1071071107,0.57667536,0.6515573
1071071108,0.5531656,0.62708384
1071071109,0.50795513,0.58860385
1071071110,0.59559256,0.61594546
1071072101,0.22292468,0.2880312
1071072102,0.34330362,0.39501065
1071072103,0.37194502,0.4362614
1071072104,0.64228255,0.7127951
1071073101,0.30372804,0.40916905
1071073102,0.3625401,0.3902917
1071073103,0.31940475,0.36703265
1071073104,0.40156198,0.4804561
1071074101,0.09487845,0.11604063
1071074102,0.11759867,0.14497004
1071074103,0.07984047,0.050417632
1071074104,0.08425441,0.10650537
1071074105,0.09314004,0.106996454
1071074106,0.07701832,0.08034462
1071074107,0.16647185,0.19754174
1071074108,0.121727526,0.13285956
1071074109,0.21886334,0.18284538
1071074110,0.1452484,0.14762034
1071074111,0.16651875,0.19138932
1071075101,0.3130944,0.36704558
1071075102,0.29695487,0.35529572
1071075103,0.28981927,0.42078987
1071075104,0.37430358,0.446782
1071075105,0.40842175,0.45895058
1071075106,0.45497456,0.5312828
1071075107,0.614137,0.6110025
1071075108,0.60072464,0.6945346
1071075109,0.6368738,0.7612847
1071076101,0.4378399,0.4317173
1071076102,0.56043804,0.68015397
1071076103,0.638075,0.7298974
1071076104,0.66174906,0.7727395
1071077101,0.26769254,0.28234252
1071077102,0.40884694,0.49567068
1071077103,0.59289056,0.68264264
1071077104,0.5657398,0.6287013
1071078101,0.071914464,0.07236376
1071078102,0.17281836,0.12875098
1071078103,0.12044842,0.13349044
1071078104,0.12618181,0.16636474
1071078105,0.1339295,0.1746979
1071078106,0.30156174,0.27780282
1071078107,0.24263532,0.20249762
1071078108,0.10627799,0.08617099
1071078109,0.10249841,0.11854081
1071078110,0.13033253,0.16949517
1071078111,0.20438491,0.19929948
1071078112,0.1457187,0.17739303
1071078113,0.13971484,0.17963918
1071078114,0.15055773,0.1659289
1071078115,0.08626026,0.0724372
1071078116,0.25823918,0.24305388
1071078117,0.13050781,0.15304059
1071078118,0.20082112,0.17850703
1071078119,0.26361194,0.3443485
1071078120,0.6160173,0.56196177
1071078121,0.59016913,0.6362254
1071079101,0.1837221,0.17070325
1071079102,0.16704425,0.15761319
1071079103,0.18322851,0.14605513
1071079104,0.2306484,0.27015194
1071079105,0.17489706,0.21406007
1071079106,0.33018172,0.3745201
1071079107,0.2741016,0.3250494
1071079108,0.27268228,0.35047457
1071079109,0.4441032,0.52003247
1071079110,0.51115537,0.66087365
1071079111,0.26381963,0.28719908
1071079112,0.23360763,0.20516974
1071080101,0.2811061,0.4094767
1071080102,0.63673425,0.7679134
1071080103,0.593983,0.77414876
1071080104,0.7548594,0.8778527
1071080105,0.7933739,0.8794204
1071081101,0.2685614,0.3369751
1071081102,0.32847604,0.43031734
1071081103,0.3469878,0.48740038
1071081104,0.24773042,0.24706762
1071081105,0.26786357,0.326073
1071081106,0.44002753,0.49695012
1071081107,0.41906923,0.49695012
1071081108,0.5166553,0.5183447
1071081109,0.7668327,0.75425506
1071081110,0.79933125,0.768749
1071081111,0.86125535,0.8828117
1071081112,0.8871414,0.7934896
1071081113,0.82903916,0.81888306
1071081114,0.85321856,0.93510956
1071081115,0.79616785,0.8838064
1071081116,0.8328883,0.78284466
1071082101,0.49926975,0.54966956
1071082102,0.83058375,0.8532718
1071083101,0.17063817,0.1657282
1071083102,0.40119886,0.45197806
1071083103,0.62496006,0.69207174
1071083104,0.4242835,0.38652766
1071083105,0.37550294,0.47974986
1071083106,0.5600471,0.6482645
1071084101,0.22165006,0.24636377
1071084102,0.46682736,0.5271171
1071084103,0.5904102,0.7399049
1071085101,0.35828656,0.36937666
1071085102,0.39163086,0.5139811
1071085103,0.5021345,0.5710838
1071086101,0.26993242,0.28040332
1071086102,0.26678854,0.22407682
1071086103,0.25126573,0.2471725
1071086104,0.2793456,0.30496296
1071086105,0.27895182,0.24163137
1071086106,0.31730896,0.3459754
1071086107,0.28830367,0.35068163
1071086108,0.49062517,0.50200754
1071087101,0.29661736,0.30096614
1071087102,0.21074021,0.27013552
1071087103,0.28117806,0.29614508
1071087104,0.2846976,0.31631497
1071087105,0.284891,0.4183644
1071087106,0.32058653,0.3156968
1071087107,0.49292028,0.47487384
1071087108,0.4208421,0.42947903
1071087109,0.47379154,0.53708214
1071087110,0.51208895,0.5123073
1071087111,0.54515463,0.58079195
1071087112,0.52286243,0.543834
1071087113,0.40952015,0.4734618
1071089101,0.10147568,0.10550423
1071089102,0.08588292,0.08729097
1071089103,0.17170873,0.20597231
1071089104,0.09733805,0.08656542
1071089105,0.047370803,0.05738749
1071089106,0.13384642,0.1734722
1071089107,0.10042134,0.12266246
1071089108,0.15666519,0.20694911
1071089109,0.12156325,0.12857465
1071089110,0.07129523,0.11730513
1071089111,0.10110217,0.10418234
1071089112,0.12265356,0.16062163
1071089113,0.11109448,0.19167958
1071089114,0.0964309,0.12785192
1071089115,0.10665412,0.13098852
1071089116,0.21638033,0.19128662
1071089117,0.14442712,0.12745312
1071089118,0.13448387,0.13152835
1071089119,0.25136572,0.29845306
1071089120,0.25085512,0.2704402
1071089121,0.3964641,0.4602025
1071089122,0.423228,0.39183855
1071089123,0.5642306,0.54465014
1071089124,0.112940766,0.1831698
1071089125,0.118239745,0.12928084
1071091101,0.306096,0.3934776
1071091102,0.3110284,0.3873343
1071091103,0.25234425,0.25264922
1071091104,0.12263131,0.16469955
1071091105,0.56704503,0.6423338
1071091106,0.581706,0.6217035
1071092101,0.2516418,0.24811472
1071092102,0.42560694,0.48787108
1071092103,0.5151973,0.5484554
1071092104,0.23822114,0.3652042
1071092105,0.24662925,0.34922355
1071092106,0.63342196,0.78615624
1071092107,0.58727765,0.78895575
1071093101,0.6953195,0.602496
1071093102,0.8178805,0.80607635
1071093103,0.89957297,0.7838685
1071093104,0.8594008,0.85660547
1071093105,0.81513417,0.80707425
1071093106,0.8262816,0.8161882
1071093107,0.8654281,0.82805645
1071093108,0.82534385,0.87391067
1071093109,0.8680923,0.8218142
1071093110,0.8968971,0.9050037
1071093111,0.811934,0.92365986
1071093112,0.844682,0.807869
1071094101,0.5001729,0.5565092
1071094102,0.27278814,0.32741383
1071094103,0.255934,0.3754861
1071094104,0.4041898,0.51528513
1071094105,0.40373403,0.480077
1071094106,0.6082505,0.64198005
1071094107,0.75701904,0.69394
1071094108,0.7602459,0.66578335
1071094109,0.52672553,0.5428736
1071094110,0.8096368,0.75971746
1071096101,0.286419,0.374942
1071096102,0.2870844,0.3428541
1071096103,0.320809,0.41091523
1071096104,0.514786,0.57197326
1071096105,0.72101045,0.76515657
1071096106,0.76926273,0.86494654
1071096107,0.584445,0.65970445
1071096108,0.550442,0.6643795
1071096109,0.69042283,0.7832206
1071096110,0.642228,0.72206414
1071096111,0.46062794,0.5149863
1071096112,0.6462642,0.71289855
1071096113,0.72427046,0.77400327
1071096114,0.7216023,0.81395453
1071096115,0.61558115,0.643749
1071096116,0.7285119,0.7377098
1071097101,0.1869485,0.17640443
1071097102,0.19576974,0.17850238
1071097103,0.22229654,0.2232406
1071097104,0.12559482,0.17750108
1071097105,0.11008679,0.13917644
1071097106,0.17897965,0.19477886
1071097107,0.18784197,0.18674193
1071097108,0.32351384,0.3457689
1071097109,0.4036771,0.40229717
1071097110,0.4338322,0.39438593
1071097111,0.38046086,0.35918415
1071097112,0.43718368,0.47515547
1071097113,0.48134303,0.44728652
1071097114,0.29963878,0.3420771
1071097115,0.3387272,0.33554786
1071097116,0.49380532,0.4905006
1071097117,0.5346379,0.4608987
1071097118,0.54412335,0.5499786
1071097119,0.39895558,0.3975444
1071099101,0.15491952,0.14692128
1071099102,0.27562693,0.2821658
1071099103,0.54622036,0.54323757
1071099104,0.6084961,0.64147013
1071099105,0.5576521,0.6081114
1071099106,0.45042384,0.54708815
1071099107,0.5156097,0.50723284
1071099108,0.5471533,0.51467234
1071099109,0.5456966,0.6107322
1071100101,0.48899752,0.6190914
1071100102,0.55256355,0.55091524
1071100103,0.6867369,0.7636974
1071100104,0.62566406,0.6809349
1071100105,0.58160144,0.6245811
1071100106,0.70091766,0.8026305
1071100107,0.80406564,0.8883811
1071100108,0.7799518,0.85956806
1071100109,0.7463799,0.80951715
1071100110,0.68659097,0.81874484
1071100111,0.7908003,0.8578897
1071101101,0.06204352,0.05150355
1071101102,0.07524051,0.06282023
1071101103,0.09761072,0.10186471
1071101104,0.10044372,0.10650537
1071101105,0.07012262,0.07651923
1071101106,0.07465998,0.057724446
1071101107,0.057656985,0.056268368
1071101108,0.069515064,0.05894907
1071101109,0.062513374,0.025366526
1071101110,0.064887814,0.0738763
1071101111,0.074250996,0.06741408
1071101112,0.07763991,0.06282023
1071101113,0.086450346,0.08957341
1071101114,0.088849746,0.09445639
1071101115,0.11874251,0.08403305
1071101116,0.06727834,0.06310454
1071101117,0.070085466,0.06248871
1071101118,0.11903757,0.09709139
1071101119,0.14994794,0.14443305
1071101120,0.0954176,0.08408653
1071101121,0.08136858,0.07233729
1071101122,0.06716778,0.044627603
1071101123,0.08398258,0.07774746
1071101124,0.07348212,0.08005464
1071101125,0.088315725,0.09753385
1071101126,0.09056218,0.1458093
1071101127,0.062337324,0.080737635
1071101128,0.066365406,0.11868401
1071101129,0.059163194,0.08342795
1071101130,0.058061462,0.09167902
1071101131,0.09870722,0.112411596
1071101132,0.087992206,0.07325859
1071101133,0.047578197,0.044817325
1071101134,0.04776896,0.02900049
1071101135,0.08311537,0.10149033
1071101136,0.12948585,0.1777664
1071101137,0.089535594,0.12179496
1071101138,0.042956386,0.045908537
1071101139,0.090274215,0.08919815
1071101140,0.054489072,0.07219166
1071101141,0.046311017,0.05517197
1071101142,0.030796353,0.051326275
1071101143,0.046178695,0.058944236
1071101144,0.049697682,0.053421292
1071101145,0.12779102,0.10098187
1071101146,0.1231329,0.12389484
1071101147,0.10249729,0.11769082
1071101148,0.072632864,0.10981425
1071101149,0.14047918,0.13855016
1071101150,0.0962779,0.106403746
1071101151,0.31852478,0.395601
1071102101,0.17013541,0.16572458
1071102102,0.20614976,0.23773031
1071102103,0.34347808,0.34527513
1071102104,0.37570852,0.5170792
1071102105,0.34506822,0.28096673
1071102106,0.3089471,0.33529836
1071102107,0.31753254,0.39870223
1071102108,0.32876626,0.32053798
1071102109,0.368813,0.36393666
1071102110,0.35339758,0.391276
1071103101,0.32105574,0.2788017
1071103102,0.47441623,0.478599
1071103103,0.39280465,0.40464556
1071103104,0.7179341,0.7224612
1071103105,0.5561705,0.55226094
1071103106,0.3560484,0.327395
1071103107,0.38507956,0.45138514
1071103108,0.3426418,0.36083564
1071103109,0.47581133,0.5217457
1071103110,0.35287327,0.40728462
1071104101,0.31289676,0.29704216
1071104102,0.26343718,0.26234162
1071104103,0.24520276,0.18848702
1071104104,0.30746675,0.405793
1071104105,0.26687327,0.2102773
1071104106,0.3646021,0.49004823
1071104107,0.4635999,0.49216977
1071105101,0.35296875,0.37526834
1071105102,0.4369613,0.47368717
1071105103,0.31422788,0.34775388
1071105104,0.34579992,0.39434943
1071105105,0.29866135,0.23671845
1071105106,0.44812906,0.5013339
1071105107,0.37326136,0.4285181
1071106101,0.20750494,0.21055792
1071106102,0.29958284,0.2909153
1071106103,0.5035668,0.55259687
1071106104,0.6630962,0.7074157
1071106105,0.29428095,0.43883926
1071106106,0.39201987,0.49735597
1071106107,0.3481724,0.28895417
1071106108,0.42173687,0.500373
1071106109,0.49652252,0.60531497
1071106110,0.579259,0.7042105
1071107101,0.24041575,0.2396686
1071107102,0.22062257,0.38797832
1071107103,0.14296143,0.16933686
1071107104,0.46324238,0.5040935
1071107105,0.3704573,0.34259576
1071107106,0.25001583,0.22577941
1071107107,0.51537406,0.5198595
1071107108,0.21649092,0.20325167
1071107109,0.5164757,0.57798713
1071107110,0.24964689,0.24937761
1071107111,0.55016655,0.69962615
1071108101,0.16599032,0.14746512
1071108102,0.18256626,0.20717886
1071108103,0.15620986,0.16652939
1071108104,0.16228758,0.15491946
1071108105,0.1726993,0.18216173
1071108106,0.16856565,0.2908687
1071108107,0.33530504,0.4510309
1071108108,0.3590986,0.377603
1071108109,0.44596165,0.42604974
1071108110,0.2869021,0.3169868
1071108111,0.5769611,0.51056933
1071108112,0.57491595,0.59518254
1071108113,0.45217207,0.49826708
1071109101,0.26336375,0.3502614
1071109102,0.20389763,0.20540518
1071109103,0.21705614,0.2488474
1071109104,0.24889661,0.25878516
1071109105,0.23479027,0.27185667
1071109106,0.3313642,0.40672553
1071109107,0.7405685,0.68998253
1071109108,0.7858702,0.8450949
1071111101,0.5961605,0.6278455
1071111102,0.630332,0.57393926
1071111103,0.7395643,0.73019636
1071111104,0.75514907,0.73771685
1071111105,0.83238137,0.8532682
1071111106,0.69199187,0.7581258
1071111107,0.62473714,0.6453843
1071111108,0.6945991,0.6355865
1071111109,0.68818295,0.6098091
1071111110,0.736913,0.6388829
1071111111,0.6789714,0.61313003
1071111112,0.6395158,0.5758321
1071111113,0.8395172,0.8420467
1071111114,0.87041825,0.86120296
1071111115,0.8343537,0.7541503
1071111116,0.7807957,0.8238263
1071111117,0.87248546,0.8625295
1071111118,0.81299114,0.7610078
1071111119,0.88548994,0.7823875
1071111120,0.881616,0.7385739
1071111121,0.8501198,0.7856755
1071112101,0.75771606,0.70595783
1071112102,0.7683604,0.81913257
1071112103,0.8858953,0.80900556
1071112104,0.85255384,0.890292
1071112105,0.900628,0.8661231
1071112106,0.86185074,0.78478163
1071112107,0.8496505,0.83577245
1071112108,0.88539755,0.74687785
1071112109,0.8090941,0.9209654
1071112110,0.8741095,0.85217613
1071113101,0.8140393,0.8402971
1071113102,0.8567149,0.87484175
1071114101,0.2136748,0.2675467
1071114102,0.20345691,0.27236888
1071114103,0.19410683,0.2733828
1071114104,0.21828656,0.23924989
1071114105,0.34708285,0.42630634
1071114106,0.45701873,0.49831086
1071114107,0.4391319,0.57825714
1071114108,0.44531673,0.44959566
1071116101,0.46049604,0.5694193
1071116102,0.57325923,0.5845905
1071117101,0.4625131,0.60211027
1071117102,0.55692416,0.6267588
1071117103,0.5869165,0.61761963
1081001101,0.09065342,0.06657779
1081001102,0.082588464,0.064163394
1081001103,0.08864919,0.10107036
1081001104,0.03215256,0.07748513
1081001105,0.084365666,0.07336077
1081001106,0.16344628,0.1154435
1081001107,0.19654678,0.27111596
1081002101,0.07958536,0.03821674
1081002102,0.097634286,0.08804387
1081002103,0.08827066,0.0538575
1081002104,0.07873526,0.048709452
1081002105,0.074752904,0.047272734
1081002106,0.088880174,0.048220094
1081002107,0.03042289,0.03945809
1081002108,0.14180721,0.11598832
1081002109,0.19406874,0.1343761
1081003101,0.07528332,0.05910004
1081003102,0.06404892,0.059532896
1081003103,0.21284062,0.1961569
1081003104,0.22002056,0.16777807
1081004101,0.08311816,0.08520015
1081004102,0.08267412,0.06896545
1081004103,0.09044284,0.06994511
1081004104,0.06028101,0.04304054
1081004105,0.09617843,0.05071569
1081004106,0.054573257,0.030466195
1081004107,0.07321376,0.085426964
1081004108,0.080703385,0.10651502
1081004109,0.10275405,0.11889904
1081005101,0.13260007,0.112898216
1081005102,0.16180499,0.14484054
1081005103,0.10265496,0.12727933
1081005104,0.11193131,0.14375673
1081005105,0.09401293,0.10827171
1081005106,0.09824785,0.10798719
1081005107,0.15604743,0.14923202
1081005108,0.36622003,0.4643594
1081006101,0.1405919,0.1223801
1081006102,0.18682809,0.14751661
1081006103,0.13360316,0.12929912
1081007101,0.14983138,0.07464979
1081007102,0.22337201,0.19697806
1081007103,0.3577196,0.37912613
1081007104,0.26933286,0.3597916
1081007105,0.3153956,0.36027482
1081007106,0.67908996,0.60640836
1081007107,0.5716294,0.5659035
1081008101,0.34458607,0.38865831
1081008102,0.48288962,0.5585297
1081008103,0.7706847,0.7633455
1081009101,0.11717327,0.11744983
1081009102,0.14508338,0.13538477
1081009103,0.1716255,0.1874811
1081009104,0.13549952,0.09510648
1081009105,0.11793854,0.09661402
1081009106,0.15414956,0.14790523
1081009107,0.47485942,0.44105327
1081011101,0.07894784,0.045346074
1081011102,0.07380687,0.055294286
1081011103,0.11006352,0.06700696
1081011104,0.12075849,0.111685716
1081011105,0.051747106,0.05235971
1081011106,0.059639215,0.08379007
1081011107,0.10396393,0.08294697
1081011108,0.06772633,0.07051345
1081011109,0.10626879,0.08381929
1081011110,0.19813111,0.20185924
1081011111,0.18291886,0.15009312
1081013101,0.10399892,0.09291172
1081013102,0.08199507,0.057507295
1081013103,0.09316533,0.11391522
1081013104,0.12119179,0.1115226
1081013105,0.21929337,0.15615363
1081013106,0.23212203,0.22611119
1081016101,0.178756,0.156386
1081016102,0.15275432,0.11380692
1081016103,0.16601862,0.13068093
1081017101,0.04081569,0.034156118
1081017102,0.078196,0.058183644
1081017103,0.06323521,0.0655127
1081017104,0.050891053,0.05150355
1081017105,0.058283187,0.05675684
1081017106,0.035515692,0.035914265
1081017107,0.064069,0.056038953
1081017108,0.07107321,0.0640066
1081017109,0.044643417,0.054034896
1081017110,0.07171253,0.09911245
1081017111,0.0869318,0.06001175
1081017112,0.08186584,0.051213246
1081017113,0.17804976,0.17103893
1081017114,0.17254013,0.12490661
1081018101,0.17657079,0.12884013
1081018102,0.18779463,0.1380339
1081018103,0.18924168,0.15456848
1081019101,0.055255674,0.04640777
1081019102,0.06047995,0.0538575
1081019103,0.053663798,0.056452014
1081019104,0.048491653,0.050227497
1081019105,0.05312909,0.052188225
1081019106,0.06258507,0.05607051
1081019107,0.0546764,0.04640777
1081019108,0.07164722,0.10367679
1081019109,0.076975316,0.050227497
1081019110,0.058362603,0.050037775
1081019111,0.0476842,0.04266575
1081019112,0.047861952,0.047547173
1081019113,0.047861952,0.034060646
1081019114,0.054577254,0.050227497
1081019115,0.06281014,0.04640777
1081019116,0.049847677,0.052250784
1081019117,0.030499248,0.043194063
1081019118,0.051363543,0.050227497
1081019119,0.06620539,0.06423327
1081019120,0.041675787,0.046211556
1081019121,0.046976995,0.044153597
1081019122,0.05420708,0.039346468
1081019123,0.053361516,0.061204128
1081019124,0.046780147,0.057668705
1081019125,0.04027207,0.03519521
1081019126,0.035482496,0.040065523
1081019127,0.07164515,0.07166433
1081019128,0.061257906,0.052408393
1081019129,0.060177155,0.054405846
1081019130,0.07070792,0.059033073
1081019131,0.057682,0.046824068
1081019132,0.05389666,0.05235971
1081019133,0.051466595,0.03534462
1081019134,0.07687771,0.063559555
1081019135,0.04270139,0.03954427
1081019136,0.09971841,0.07551547
1081019137,0.06738571,0.052240003
1081019138,0.065687425,0.048868626
1081019139,0.043843903,0.028720193
1081019140,0.090527534,0.062389236
1081019141,0.055853866,0.02828601
1081019142,0.04255612,0.05486529
1081019143,0.08059978,0.13168782
1081019144,0.043843903,0.025665455
1081019145,0.026314268,0.03330779
1081019146,0.08254229,0.092124514
1081019147,0.09023956,0.07056057
1081019148,0.05639107,0.047409087
1081019149,0.058798518,0.04415464
1081019150,0.052077215,0.0052571995
1081019151,0.15183361,0.11778824
1081019152,0.18499838,0.14134866
1081020101,0.1510686,0.07574467
1081020102,0.32781392,0.43474534
1081020103,0.48625794,0.4714511
1081020104,0.6538916,0.68893284
1081021101,0.0804109,0.08203144
1081021102,0.038315736,0.046516694
1081021103,0.06498997,0.06337695
1081021104,0.061218265,0.04640777
1081021105,0.053663798,0.04640777
1081021106,0.055416398,0.05166428
1081021107,0.050746113,0.04941011
1081021108,0.044530388,0.040065523
1081021109,0.06097814,0.050146703
1081021110,0.04324154,0.044796083
1081021111,0.057749875,0.07601145
1081021112,0.06211291,0.034722064
1081021113,0.098688185,0.06586304
1081021114,0.17124104,0.11822945
1081021115,0.1163838,0.08416517
1081021116,0.12067155,0.11980406
1081022101,0.20896356,0.2732541
1081022102,0.30868918,0.33654588
1081023101,0.14647906,0.16140248
1081023102,0.12948753,0.12001037
1081025101,0.13309844,0.10178616
1081025102,0.10495561,0.10077018
1081025103,0.0846137,0.11248183
1081025104,0.1729242,0.14311364
1081027101,0.10650299,0.0800101
1081027102,0.16613604,0.12952799
1081027103,0.09201006,0.06428573
1081027104,0.23839071,0.2777159
1081027105,0.2521137,0.30352977
1081027106,0.16450983,0.17720361
1081027107,0.13896397,0.16882923
1081027108,0.16189858,0.15040499
1081027109,0.14428693,0.115202844
1081027110,0.14582826,0.16641459
1081027111,0.2965733,0.4102767
1081027112,0.6016337,0.5588146
1081027113,0.35288075,0.42675972
1081027114,0.35611328,0.38086608
1081027115,0.43832913,0.46638727
1081027116,0.62523127,0.6171425
1081027117,0.676505,0.67457324
1081027118,0.6463024,0.7783651
1081027119,0.75510323,0.8699096
1081027120,0.76119035,0.7207117
1081027121,0.6204102,0.6129134
1081028101,0.15995783,0.13241109
1081028102,0.15665065,0.1579738
1081029101,0.12393358,0.14963293
1081029102,0.13552791,0.12794155
1081029103,0.31359607,0.3725333
1081029104,0.234323,0.25748044
1081029105,0.27283373,0.24604432
1081029106,0.325395,0.42983508
1081029107,0.39883947,0.40901786
1081029108,0.44111505,0.47367832
1081029109,0.45385173,0.46425086
1081029110,0.42454165,0.45906544
1081029111,0.37812978,0.44603965
1081029112,0.5995171,0.53295964
1081029113,0.80460256,0.80308235
1081029114,0.74199396,0.7421726
1081029115,0.6662832,0.6247712
1081029116,0.67339414,0.5793312
1081029117,0.7182661,0.595079
1081029118,0.61869407,0.55494064
1081030101,0.1481894,0.13113128
1081030102,0.1622754,0.14760883
1081030103,0.23105665,0.34968144
1081030104,0.5189619,0.5865861
1081031101,0.08005497,0.0807699
1081031102,0.10925624,0.12756367
1081031103,0.106368564,0.10288738
1081031104,0.18416761,0.16508462
1081031105,0.18031584,0.16452862
1081031106,0.15675868,0.1435157
1081031107,0.3002316,0.3295593
1081031108,0.24530889,0.21861075
1081032101,0.08613564,0.0538575
1081032102,0.054577254,0.050227497
1081032103,0.06772886,0.045346074
1081032104,0.07073577,0.04557009
1081032105,0.06272704,0.0646831
1081032106,0.14940682,0.10441285
1081032107,0.09801342,0.06392548
1081032108,0.09373501,0.06639136
1081032109,0.07528332,0.055323277
1081032110,0.057088975,0.0538575
1081032111,0.08736044,0.06495458
1081032112,0.049342386,0.03954427
1081032113,0.077078834,0.0679197
1081032114,0.133337,0.13107722
1081034101,0.17393282,0.16693768
1081034102,0.10345823,0.09412013
1081034103,0.20982651,0.1466157
1081035101,0.12399297,0.13283525
1081035102,0.23269372,0.13704619
1081035103,0.16694978,0.115362965
1081035104,0.22532293,0.24747331
1081035105,0.24528638,0.32437328
1081036101,0.11996457,0.073134035
1081036102,0.12101024,0.07839054
1081036103,0.11699157,0.0690057
1081036104,0.15748177,0.13661551
1081036105,0.16689172,0.15506135
1081036106,0.08103361,0.09122329
1081036107,0.08533878,0.0781422
1081036108,0.24686529,0.25142685
1081036109,0.27221787,0.22337443
1081037101,0.054412108,0.041622393
1081037102,0.06768006,0.050227497
1081037103,0.065044396,0.0104415305
1081037104,0.103051424,0.12985818
1081037105,0.12048225,0.11460947
1081037106,0.08095542,0.09553225
1081037107,0.08790649,0.072418444
1081037108,0.10195272,0.063187234
1081037109,0.097678676,0.061544172
1081037110,0.04195557,0.050227497
1081037111,0.059831448,0.050227497
1081037112,0.05625283,0.05497022
1081037113,0.14381346,0.07546091
1081037114,0.055642802,0.040167406
1081037115,0.10546603,0.096722744
1081037116,0.05190667,0.05607051
1081037117,0.10075818,0.07479483
1081037118,0.09949679,0.119084224
1081037119,0.047840632,0.05079746
1081037120,0.078414224,0.053058513
1081037121,0.12428147,0.051146425
1081037122,0.05909401,0.043814838
1081037123,0.048584238,0.053470593
1081037124,0.06572364,0.06429248
1081037125,0.059851017,0.048724905
1081037126,0.1718842,0.120697506
1081037127,0.14854686,0.12275269
1081037128,0.05012817,0.04723094
1081037129,0.079706706,0.05259859
1081037130,0.06823734,0.044627603
1081037131,0.08484595,0.057724446
1081037132,0.090089664,0.057724446
1081037133,0.045797333,0.020138726
1081037134,0.1124873,0.062194686
1081037135,0.07075053,0.07227223
1081037136,0.13709317,0.10169165
1081037137,0.08171248,0.07275185
1081037138,0.0481912,0.054595176
1081037139,0.040301986,0.04866565
1081037140,0.03697593,0.045387283
1081037141,0.027604265,0.035914265
1081037142,0.13215771,0.15688257
1081037143,0.064423956,0.08356396
1081037144,0.13094622,0.07833667
1081037145,0.037751965,0.043194063
1081037146,0.044537906,0.060584646
1081037147,0.095051914,0.092918456
1081037148,0.042101067,0.040065523
1081037149,0.038314976,0.03735105
1081037150,0.038314976,0.045711618
1081037151,0.055400416,0.035015877
1081037152,0.063447006,0.06937792
1081037153,0.075730905,0.08232037
1081037154,0.08419666,0.058990106
1081037155,0.079009525,0.046954095
1081037156,0.06097814,0.040981054
1081037157,0.057192046,0.017621852
1081037158,0.11384731,0.11032038
1081037159,0.03319059,0.028855659
1081037160,0.09462802,0.077725984
1081037161,0.07127969,0.108856946
1081037162,0.051426034,0.00037339627
1081037163,0.07899269,0.049367283
1081037164,0.08087329,0.07325575
1081037165,0.07051231,0.08467682
1081037166,0.05938215,0.043524258
1081037167,0.05938215,0.043524258
1081037168,0.04768125,0.026454434
1081037169,0.10829294,0.09458138
1081037170,0.097154014,0.09399242
1081037171,0.107511856,0.079248495
1081037172,0.07789594,0.021773363
1081037173,0.14760451,0.0863974
1081037174,0.121087834,0.06934669
1081037175,0.13484666,0.1201343
1081038101,0.12808043,0.09923602
1081038102,0.1312073,0.10155589
1081038103,0.162983,0.13788494
1081039101,0.07219917,0.05742586
1081039102,0.120444156,0.105206445
1081039103,0.22878984,0.18623191
1081040101,0.14424606,0.12678559
1081040102,0.15931837,0.13675758
1081040103,0.096547045,0.073531926
1081040104,0.119456,0.094964586
1081040105,0.20323524,0.23995881
1081040106,0.23062018,0.21767542
1081040107,0.113499485,0.13301203
1081040108,0.25347015,0.20421112
1081043101,0.19035184,0.16965427
1081043102,0.17079917,0.15364356
1081044101,0.13872635,0.13281794
1081044102,0.1434561,0.121333145
1081044103,0.27158502,0.26073208
1081045101,0.06404892,0.060662474
1081045102,0.07797566,0.1013985
1081045103,0.092099294,0.076766886
1081045104,0.062068533,0.042761214
1081045105,0.11584663,0.12714863
1081045106,0.13119268,0.11430165
1081045107,0.12389056,0.110852085
1081045108,0.12589099,0.1252332
1081045109,0.12734585,0.107725695
1081045110,0.1255284,0.1150128
1081046101,0.5122658,0.5911789
1081046102,0.6151049,0.5540312
1081048101,0.18881865,0.11998204
1081048102,0.18406951,0.11992295
1081048103,0.10374768,0.08639034
1081048104,0.086684614,0.079996854
1081048105,0.11923823,0.10722208
1081048106,0.12721363,0.112122804
1081048107,0.22530185,0.1743923
1081050101,0.058283187,0.04075479
1081050102,0.07406195,0.07623714
1081050103,0.0733507,0.050227497
1081050104,0.09001766,0.084919624
1081050105,0.055853866,0.048604235
1081050106,0.055978708,0.0664977
1081050107,0.06308295,0.061568208
1081050108,0.05389666,0.05235971
1081050109,0.058642995,0.05235971
1081050110,0.11503512,0.09603769
1081051101,0.14374442,0.15998149
1081051102,0.19648848,0.23927322
1081051103,0.26334265,0.34791803
1081051104,0.34403867,0.3370198
1081052101,0.06511609,0.06363928
1081052102,0.09295323,0.06768304
1081052103,0.0471983,0.0709966
1081052104,0.09390446,0.057507295
1081052105,0.062136423,0.06351053
1081052106,0.065287575,0.057486314
1081052107,0.13210264,0.1033922
1081052108,0.17254041,0.21954738
1081053101,0.14660785,0.13143143
1081053102,0.13544409,0.15047888
1081053103,0.14904016,0.13491398
1081054101,0.19234195,0.24522856
1081054102,0.24299383,0.26028454
1081054103,0.17515902,0.19134927
1081054104,0.25283432,0.22254035
1081055101,0.06822087,0.09695866
1081055102,0.12847184,0.0879945
1081055103,0.10930973,0.05608768
1081055104,0.08973806,0.07674688
1081055105,0.14820784,0.13594648
1081055106,0.1000835,0.1347091
1081055107,0.11391581,0.07650001
1081055108,0.13452128,0.09857533
1081058101,0.101163656,0.06456177
1081058102,0.1278299,0.15550196
1081059101,0.098118484,0.057507295
1081059102,0.10428066,0.13554972
1081060101,0.12958863,0.085420676
1081060102,0.067834266,0.059532896
1081060103,0.07528332,0.05910004
1081060104,0.10246401,0.07546091
1081060105,0.11014325,0.10866801
1081061101,0.15751593,0.1239266
1081061102,0.16104674,0.22960459
1081061103,0.35096526,0.30286345
1081062101,0.09415449,0.050412863
1081062102,0.0673055,0.07293145
1081062103,0.058283187,0.03735105
1081062104,0.18246289,0.12952176
1081062105,0.083364636,0.10631711
1081062106,0.075954944,0.06360413
1081062107,0.13989817,0.14722942
1081062108,0.072414316,0.045711618
1081062109,0.14235039,0.12048292
1081066101,0.29404178,0.34219074
1081066102,0.68066823,0.5964481
1081067101,0.13017397,0.124193974
1081067102,0.27321616,0.14220832
1091002101,0.09047313,0.056729186
1091002102,0.07857385,0.07005035
1091002103,0.10959342,0.085584946
1091002104,0.050422486,0.04640777
1091002105,0.03735989,0.036212225
1091002106,0.06270006,0.06248871
1091002107,0.058903206,0.036441233
1091002108,0.064705044,0.0646226
1091002109,0.051469546,0.041132934
1091002110,0.05423437,0.050227497
1091002111,0.07122521,0.055323277
1091002112,0.047861952,0.061547793
1091002113,0.0476842,0.047547173
1091002114,0.04459072,0.041322656
1091002115,0.08687938,0.057392914
1091002116,0.06736987,0.05150355
1091002117,0.05363221,0.041526347
1091002118,0.047578197,0.055323277
1091003101,0.046770744,0.032621507
1091003102,0.04667731,0.04162052
1091003103,0.04667731,0.033679143
1091003104,0.0432623,0.04771834
1091003105,0.051170792,0.055323277
1091003106,0.047590766,0.029859412
1091003107,0.086299844,0.063926056
1091003108,0.04751905,0.041622393
1091003109,0.0433683,0.028897822
1091003110,0.06736987,0.046418432
1091003111,0.046770744,0.035777505
1091003112,0.09227975,0.06825261
1091003113,0.042454842,0.047547173
1091003114,0.13002938,0.15679623
1091003115,0.091074,0.08789255
1091003116,0.12565847,0.11308477
1091003117,0.09102435,0.090487055
1091003118,0.042454842,0.036441233
1091003119,0.06374516,0.049831167
1091003120,0.10533271,0.09142796
1091003121,0.07695235,0.060976587
1091003122,0.110759065,0.10626358
1091003123,0.068490386,0.050037775
1091003124,0.08110312,0.07102083
1091003125,0.08845484,0.064512
1091003126,0.0784383,0.06323595
1091003127,0.067457676,0.042284247
1091003128,0.103475936,0.101165436
1091003129,0.11655313,0.11106147
1091003130,0.08847456,0.07982545
1091003131,0.05295549,0.043227237
1091003132,0.06134577,0.055133555
1091003133,0.046770744,0.04640777
1091003134,0.066009074,0.05835452
1091003135,0.050329052,0.038560566
1091003136,0.046770744,0.041322656
1091003137,0.045767702,0.027836125
1091003138,0.049170144,0.032621507
1091004101,0.07935175,0.06479631
1091004102,0.07261115,0.067390814
1091004103,0.08384165,0.066230625
1091004104,0.07002396,0.055323277
1091004105,0.051363543,0.068333805
1091004106,0.07812894,0.093146585
1091004107,0.04195557,0.06167936
1091004108,0.051290926,0.062040564
1091004109,0.05533734,0.061266143
1091004110,0.0925162,0.07882313
1091004111,0.060401842,0.05895328
1091004112,0.1271958,0.14073656
1091004113,0.015878873,0.016568169
1091004114,0.04546113,0.051887695
1091004115,0.11804486,0.07392326
1091004116,0.10420317,0.122494414
1091004117,0.099055044,0.08001332
1091004118,0.12510726,0.16098599
1091004119,0.05593879,0.0697937
1091005101,0.12244499,0.111133754
1091005102,0.14526567,0.13871413
1091005103,0.13304651,0.11862311
1091005104,0.15011379,0.1906122
1091005105,0.09351092,0.08204953
1091005106,0.082385726,0.057392914
1091005107,0.08685153,0.05895328
1091005108,0.042454842,0.024016399
1091005109,0.1065366,0.107526064
1091005110,0.105419084,0.091213495
1091005111,0.096616425,0.06248871
1091005112,0.07540126,0.05150355
1091005113,0.0476842,0.041322656
1091005114,0.13638777,0.10941515
1091005115,0.05973276,0.055323277
1091005116,0.0476842,0.041322656
1091005117,0.11523257,0.13517873
1091005118,0.07797586,0.055133555
1091005119,0.04459072,0.050227497
1091005120,0.13180152,0.14547503
1091005121,0.11554173,0.11690658
1091005122,0.08137431,0.05895328
1091005123,0.07751162,0.0651778
1091005124,0.18792282,0.16956708
1091005125,0.042454842,0.027172402
1091005126,0.07998633,0.06248871
1091005127,0.112212576,0.08827405
1091005128,0.121600784,0.10357211
1091005129,0.12193239,0.107526064
1091005130,0.022414958,0.032895133
1091005131,0.052642424,0.049848136
1091005132,0.09353877,0.085584946
1091005133,0.046770744,0.03750293
1091005134,0.08872603,0.060073145
1091005135,0.094761185,0.093146585
1091005136,0.071863525,0.05150355
1091005137,0.04459072,0.04640777
1091005138,0.07964341,0.059347764
1091005139,0.078727305,0.055133555
1091005140,0.09897585,0.042156696
1091005141,0.07421583,0.053787544
1091005142,0.06940384,0.041526347
1091005143,0.12844405,0.12521695
1091005144,0.070085466,0.055200595
1091005145,0.10408835,0.09802696
1091005146,0.09113937,0.08176522
1091005147,0.07823497,0.058736008
1091005148,0.09047313,0.081515804
1091005149,0.21151493,0.21468095
1091005150,0.08847456,0.11602743
1091005151,0.08377371,0.05895328
1091005152,0.09577451,0.093146585
1091005153,0.14730003,0.12927791
1091005154,0.07583557,0.048488073
1091005155,0.13129659,0.10603798
1091005156,0.062305648,0.050227497
1091005157,0.14163773,0.09793779
1091005158,0.14272577,0.1133132
1091005159,0.11285316,0.100036696
1091005160,0.070211284,0.0538575
1091005161,0.18554018,0.14796828
1091005162,0.1358479,0.10536497
1091005163,0.121505536,0.07657439
1091005164,0.07804827,0.05895328
1091005165,0.0639524,0.06248871
1091005166,0.14185235,0.1428459
1091006103,0.06817731,0.055323277
1091006104,0.06687084,0.050227497
1091006105,0.058728028,0.055323277
1091006106,0.04702004,0.056452014
1091006107,0.042454842,0.05150355
1091006108,0.054412108,0.050441854
1091006109,0.07823497,0.09180946
1091006110,0.07310178,0.05150355
1091006111,0.047578197,0.050227497
1091006112,0.098728634,0.08932686
1091006113,0.085385956,0.059710443
1091006114,0.08687938,0.053573187
1091006115,0.08301635,0.066230625
1091006116,0.084232375,0.053573187
1091006117,0.058728028,0.04640777
1091006118,0.049170144,0.07334865
1091006119,0.0433683,0.041322656
1091006120,0.076643,0.057392914
1091006121,0.10346412,0.08204953
1091006122,0.051363543,0.050227497
1091007101,0.084910795,0.066230625
1091007102,0.0476842,0.050227497
1091007103,0.053868946,0.040071238
1091007104,0.046770744,0.046501942
1091007105,0.11197875,0.08204953
1091007106,0.07181643,0.050037775
1091007107,0.12414139,0.08176522
1091007108,0.13608235,0.11862311
1091007109,0.10379421,0.06392548
1091007110,0.07187963,0.046622127
1091007111,0.07663243,0.05150355
1091007112,0.06685083,0.057392914
1091007113,0.08377371,0.05895328
1091007114,0.055620313,0.04640777
1091007115,0.13020352,0.18094079
1091007116,0.081126705,0.053573187
1091007117,0.103888944,0.10007633
1091007118,0.076880656,0.055133555
1091007119,0.084232375,0.05866898
1091007120,0.09446866,0.07005035
1091007121,0.08536889,0.08176522
1091007122,0.10966147,0.10007633
1091007123,0.08698861,0.07666945
1091007124,0.07852288,0.07841953
1091007125,0.077321514,0.06361743
1091007126,0.07823497,0.06248871
1091007127,0.082385726,0.057392914
1091007128,0.15329789,0.15521684
1091007129,0.078727305,0.055133555
1091007130,0.11610851,0.10274152
1091007131,0.11456597,0.070096835
1091007132,0.08013581,0.053573187
1091007133,0.0767014,0.06495458
1091007134,0.07743364,0.05866898
1091007135,0.063113086,0.053383496
1091007136,0.089115284,0.085584946
1091007137,0.15441611,0.16630372
1091007138,0.1662015,0.18820259
1091007139,0.109738424,0.13372245
1091007140,0.114059225,0.085584946
1091007141,0.12855434,0.19520935
1091007142,0.15060149,0.16221927
1091007143,0.06689843,0.0538575
1091007144,0.16296345,0.11106147
1091007145,0.14208627,0.13871413
1091007146,0.14841433,0.14112015
1091007147,0.13477765,0.11946212
1091007148,0.13235171,0.11106147
1091007149,0.11272009,0.11862311
1091007150,0.11642472,0.07005035
1091007151,0.15508667,0.16538815
1091007152,0.1272838,0.12876607
1091007153,0.117580324,0.113237604
1091007154,0.24304332,0.21951665
1091007155,0.19630904,0.16979145
1091007156,0.121449955,0.13871413
1091007157,0.16473648,0.11020195
1091007158,0.17818448,0.17323148
1091007159,0.08541072,0.085584946
1091007160,0.14934024,0.118899114
1091007161,0.10923265,0.085584946
1091007162,0.08562036,0.055133555
1091007163,0.08582425,0.06495458
1091007164,0.057088975,0.04844733
1091007165,0.048491653,0.050227497
1091007166,0.084767506,0.050227497
1091007167,0.08180921,0.07332376
1091007168,0.074922115,0.08805081
1091007169,0.07546817,0.0538575
1091007170,0.07833658,0.044627603
1091007171,0.20020223,0.19946036
1091007172,0.10104407,0.13024089
1091007173,0.10268256,0.08251246
1091007174,0.12462268,0.11106147
1091007175,0.08144225,0.047254328
1091007176,0.1053376,0.08773642
1091007177,0.12469641,0.08805081
1091007178,0.057088975,0.050037775
1091007179,0.08112926,0.0745998
1091007180,0.12308933,0.07228098
1091007181,0.07836443,0.06871322
1091007182,0.16356856,0.18333894
1091007183,0.1097744,0.0891607
1091007184,0.08079375,0.08932686
1091007185,0.07355461,0.055133555
1091007186,0.071151994,0.07591582
1091007187,0.09999681,0.1170022
1091007188,0.11778429,0.11106147
1091007189,0.09960992,0.07027263
1091007190,0.12449873,0.10123727
1091007191,0.11165053,0.14269894
1091007192,0.06574799,0.050280984
1091007193,0.17190303,0.2050149
1091007194,0.11374267,0.08176522
1091007195,0.08627097,0.053573187
1091007196,0.062387057,0.047176372
1091007197,0.09266884,0.055133555
1091007198,0.1358037,0.11106147
1091007199,0.04434969,0.047176372
1091007200,0.06686786,0.046021834
1091007201,0.0433683,0.041322656
1091007202,0.076014824,0.04640777
1091008101,0.046770744,0.032621507
1091008102,0.045767702,0.045346074
1091008103,0.085463546,0.07005035
1091008104,0.06609678,0.0643223
1091008105,0.07284709,0.055323277
1091008106,0.06270006,0.053573187
1091008107,0.07585806,0.07332376
1091008108,0.06270006,0.057392914
1091008109,0.06233268,0.0538575
1091008110,0.09553984,0.09880029
1091008111,0.12070239,0.12484761
1091008112,0.10800148,0.08932686
1091008113,0.12775837,0.1408656
1091008114,0.064552605,0.08413353
1091008115,0.09661389,0.047254328
1091008116,0.12650533,0.1169045
1091008117,0.21183807,0.18776388
1091009101,0.14798762,0.17731702
1091009102,0.1394955,0.16882776
1091009103,0.16811596,0.17557971
1091009104,0.10647587,0.124526344
1091009105,0.13248914,0.08957173
1091009106,0.169054,0.20980725
1091009107,0.15766466,0.15351737
1091009108,0.15318371,0.075893365
1091009109,0.15332484,0.13869107
1091009110,0.15694854,0.15719584
1091009111,0.15625761,0.18866955
1091009112,0.1741,0.20633522
1091009113,0.19641161,0.2360912
1091009114,0.16917123,0.1340517
1091009115,0.25416154,0.24771512
1091009116,0.18131006,0.15120007
1091009117,0.16787139,0.12066211
1091009118,0.20868026,0.20389827
1091010101,0.058903206,0.04640777
1091010102,0.08920128,0.07841953
1091010103,0.06178661,0.05866898
1091010104,0.015878873,0.027309164
1091010105,0.058274414,0.055133555
1091010106,0.044854246,0.08809615
1091010107,0.09697695,0.092586964
1091010108,0.06736987,0.055323277
1091010109,0.06882581,0.055323277
1091010110,0.08668596,0.06248871
1091010111,0.098604836,0.075893365
1091010112,0.07271285,0.07102083
1091010113,0.10295689,0.08932686
1091010114,0.089726895,0.085584946
1091010115,0.045767702,0.03674097
1091010116,0.06736987,0.061166298
1091010117,0.042454842,0.037802666
1091010118,0.042454842,0.037802666
1091010119,0.10695123,0.085584946
1091010120,0.05295549,0.040071238
1091010121,0.042454842,0.030992128
1091010122,0.07695235,0.05079568
1091010123,0.053392615,0.051189087
1091010124,0.06377378,0.07939349
1091010125,0.13231772,0.10941515
1091010126,0.069504924,0.06248871
1091010127,0.10369766,0.08204953
1091010128,0.08319315,0.085584946
1091010129,0.08627097,0.06248871
1091010130,0.0639524,0.06248871
1091010131,0.089115284,0.06248871
1091010132,0.1060107,0.07840267
1091010133,0.10869938,0.10400497
1091010134,0.11850211,0.095552586
1091010135,0.0500836,0.05150355
1091010136,0.051335942,0.050227497
1091010137,0.10564495,0.08789255
1091010138,0.049977597,0.0643223
1091010139,0.09535757,0.085584946
1091010140,0.09305283,0.07005035
1091010141,0.062153213,0.055133555
1091010142,0.09259531,0.085584946
1091010143,0.09235982,0.085584946
1091010144,0.06997949,0.065379284
1091010145,0.091820136,0.06495458
1091010146,0.116919585,0.10980059
1091011101,0.12214531,0.107526064
1091011102,0.11084576,0.09180946
1091011103,0.11835822,0.111133754
1091011104,0.12143603,0.111133754
1091011105,0.13513649,0.136818
1091011106,0.09412575,0.07695376
1091011107,0.09337943,0.06500806
1091011108,0.08788411,0.05866898
1091011109,0.07262387,0.05895328
1091011110,0.058274414,0.05895328
1091011111,0.024804225,0.035914265
1091011112,0.06764737,0.053020965
1091011113,0.11962747,0.068827786
1091011114,0.079485044,0.062921554
1091011115,0.08634516,0.06977956
1091011116,0.13767737,0.12446614
1091011117,0.11998828,0.12825538
1091011118,0.1315709,0.13017547
1091011119,0.09686789,0.05781579
1091011120,0.16105555,0.16089192
1091012101,0.049170144,0.050227497
1091012102,0.049170144,0.036441233
1091012103,0.05190667,0.061166298
1091012104,0.042454842,0.05004779
1091012105,0.068607435,0.05454484
1091012106,0.0973798,0.08117651
1091012107,0.05717796,0.051189087
1091012108,0.046770744,0.037717283
1091012109,0.054644957,0.052250784
1091012110,0.054778557,0.052250784
1091012111,0.06381686,0.05991488
1091012112,0.0432623,0.038560566
1091012113,0.053392615,0.05734657
1091012114,0.061534595,0.05454484
1091012115,0.047578197,0.05607051
1091012116,0.042454842,0.03894207
1091012117,0.0500836,0.032621507
1091012118,0.046770744,0.03750293
1091012119,0.053392615,0.043560296
1091012120,0.066090986,0.03750293
1091012121,0.060300674,0.053573187
1091012122,0.051469546,0.06479631
1091012123,0.086608194,0.068331726
1091012124,0.10610011,0.068331726
1091012125,0.09740335,0.08789255
1091012126,0.08457248,0.093763925
1091012127,0.099705435,0.10484263
1091012128,0.094668515,0.093579434
1091012129,0.067811884,0.05938613
1091012130,0.11267893,0.0876578
1091012131,0.06928929,0.064443186
1091012132,0.16388923,0.1521188
1091012133,0.059870947,0.05426053
1091012134,0.097499534,0.056436166
1091012135,0.07935175,0.068331726
1091012136,0.054778557,0.060772236
1091012137,0.065258875,0.06667631
1091012138,0.11642472,0.066335335
1091012139,0.0432623,0.047465406
1091012140,0.065228954,0.068331726
1091012141,0.04645254,0.04716745
1091012142,0.05557311,0.0538575
1091012143,0.10746977,0.06391625
1091012144,0.14412084,0.1564657
1091012145,0.07572954,0.06361743
1091012146,0.09828286,0.10149332
1091012147,0.06568536,0.03641787
1091012148,0.116757505,0.094698854
1091012149,0.09484884,0.08010414
1091012150,0.09453474,0.10527581
1091012151,0.083835855,0.08672856
1091012152,0.10647587,0.06704619
1091012153,0.19358009,0.14253561
1091012154,0.12115893,0.11074233
1091012155,0.106056474,0.14258546
1091013101,0.085904226,0.07439126
1091013102,0.09784921,0.075893365
1091013103,0.11196924,0.09142796
1091013104,0.10297468,0.08932686
1091013105,0.08663767,0.09241129
1091013106,0.113135815,0.08211788
1091013107,0.08076383,0.068331726
1091013108,0.097761236,0.09765247
1091013109,0.1267875,0.18413556
1091013110,0.11848923,0.1260087
1091013111,0.06910188,0.04536675
1091013112,0.0739779,0.057829123
1091013113,0.109414406,0.08369165
1091013114,0.07288228,0.065188855
1091013115,0.15856732,0.16941182
1091013116,0.16122635,0.16936755
1091013117,0.060830824,0.057277743
1091013118,0.07657169,0.064512
1091013119,0.16727406,0.15541306
1091013120,0.12627804,0.12776041
1091013121,0.11326064,0.0989896
1091013122,0.08008748,0.064512
1091013123,0.082874455,0.062921554
1091013124,0.069160335,0.069114566
1091013125,0.11759662,0.09703358
1091013126,0.14289446,0.1255056
1091013127,0.15977131,0.117189944
1091013128,0.099041134,0.058080256
1091013129,0.08001403,0.079160936
1091013130,0.14932087,0.13942684
1091013131,0.13087082,0.09421688
1091014101,0.042454842,0.04566038
1091014102,0.03344753,0.033220187
1091014103,0.025888039,0.046163015
1091014104,0.042454842,0.024016399
1091014105,0.042454842,0.032053825
1091014106,0.025888039,0.039444704
1091014107,0.0493657,0.04250438
1091014108,0.042454842,0.028897822
1091014109,0.039872453,0.038894985
1091014110,0.042454842,0.049480107
1091014111,0.042454842,0.032717552
1091014112,0.0433683,0.024016399
1091014113,0.030104218,0.029400457
1091014114,0.042454842,0.03762296
1091014115,0.042454842,0.028897822
1091014116,0.042454842,0.032053825
1091014117,0.0433683,0.032717552
1091014118,0.042454842,0.027836125
1091014119,0.0433683,0.032717552
1091014120,0.042454842,0.032717552
1091014121,0.042454842,0.032717552
1091014122,0.045767702,0.004562324
1091014123,0.0433683,0.04250438
1091014124,0.042454842,0.027172402
1091014125,0.0433683,0.028897822
1091014126,0.0433683,0.028897822
1091014127,0.026801495,0.037421048
1091014128,0.0433683,0.028897822
1091014129,0.042454842,0.032053825
1091014130,0.044175755,0.032717552
1091015101,0.08117696,0.0745998
1091015102,0.060125623,0.050227497
1091015103,0.06939426,0.05150355
1091015104,0.05055609,0.032621507
1091015105,0.038875755,0.062161352
1091015106,0.062212218,0.03474084
1091015107,0.04667731,0.018442765
1091015108,0.04751905,0.042312514
1091015109,0.04751905,0.028897822
1091015110,0.07728466,0.026953688
1091015111,0.10393664,0.07119312
1091015112,0.049076714,0.013561342
1091015113,0.0433683,0.024016399
1091015114,0.0433683,0.037802666
1091015115,0.042454842,0.042898443
1091015116,0.0433683,0.028897822
1091015117,0.05608102,0.05150355
1091015118,0.05423437,0.041526347
1091015119,0.03518159,0.05490552
1091015120,0.046106584,0.033993606
1091015121,0.030519182,0.033220187
1091015122,0.05301744,0.034111783
1091015123,0.03136722,0.029337894
1091015124,0.099567294,0.07761852
1091015125,0.04874147,0.018215667
1091015126,0.0433683,0.02501554
1091015127,0.0630448,0.06491824
1091015128,0.07542939,0.05925416
1091015129,0.078700624,0.07266884
1091015130,0.035626024,0.016935017
1091015131,0.0433683,0.028897822
1091015132,0.040106177,0.04281514
1091015133,0.04751905,0.028897822
1091015134,0.058903206,0.033993606
1091015135,0.04751905,0.035274137
1091015136,0.05301744,0.030292053
1091015137,0.07437211,0.059655555
1091015138,0.0433683,0.028897822
1091015139,0.0433683,0.028897822
1091015140,0.05580056,0.043706745
1091015141,0.051404342,0.042898443
1091015142,0.0433683,0.01682144
1091015143,0.04751905,0.01682144
1091015144,0.0433683,0.028897822
1091016101,0.026801495,0.032895133
1091016102,0.025888039,0.0414613
1091016103,0.058797188,0.04640777
1091016104,0.04702004,0.028897822
1091016105,0.022414958,0.042939376
1091016106,0.0632191,0.04640777
1091016107,0.08276893,0.07266004
1091016108,0.042454842,0.034060646
1091016109,0.0433683,0.04403785
1091016110,0.06490061,0.028897822
1091016111,0.068490386,0.080480255
1091016112,0.059710644,0.033993606
1091016113,0.016243547,0.013440222
1091016114,0.042454842,0.037216645
1091016115,0.0433683,0.027836125
1091016116,0.044854246,0.05851901
1091016117,0.06759976,0.06693442
1091016118,0.06305396,0.024016399
1091016119,0.04751905,0.032717552
1091016120,0.0493657,0.024016399
1091016121,0.046770744,0.050227497
1091016122,0.058680944,0.052132078
1091017101,0.04606233,0.05104184
1091017102,0.066090986,0.033739697
1091017103,0.06976927,0.037717283
1091017104,0.107351236,0.05866898
1091017105,0.08092228,0.079762615
1091017106,0.07355461,0.05150355
1091017107,0.026801495,0.048349544
1091017108,0.062305648,0.05150355
1091017109,0.08778531,0.055133555
1091017110,0.09809095,0.07822981
1091017111,0.06976927,0.05150355
1091017112,0.06921652,0.04640777
1091017113,0.06921652,0.046418432
1091017114,0.06976927,0.0745998
1091017115,0.046770744,0.041526347
1091017116,0.0476842,0.056272306
1091017117,0.046106584,0.050227497
1091017118,0.04751905,0.04640777
1091017119,0.05055609,0.03625151
1091017120,0.06921652,0.04640777
1091017121,0.06402654,0.04640777
1091017122,0.071863525,0.061547793
1091017123,0.04606233,0.050227497
1091017124,0.08582425,0.07005035
1091017125,0.06233268,0.055133555
1101001101,0.12799485,0.06282023
1101001102,0.12459252,0.0633163
1101001103,0.12292665,0.11102315
1101001104,0.24885398,0.21426322
1101001105,0.2540781,0.27232057
1101001106,0.28156036,0.32905462
1101002101,0.31988296,0.2924543
1101002102,0.5468916,0.6024611
1101004101,0.13640837,0.085584946
1101004102,0.134095,0.115287334
1101004103,0.13607347,0.14504243
1101004104,0.12890318,0.10714401
1101004105,0.19164492,0.13547489
1101004106,0.2657215,0.2804874
1101004107,0.2577128,0.2711814
1101004108,0.22713529,0.1970554
1101004109,0.22130603,0.23964925
1101005101,0.07943188,0.057392914
1101005102,0.07179366,0.05150355
1101005103,0.07519908,0.061134852
1101005104,0.057088975,0.0538575
1101005105,0.124750055,0.09549695
1101005106,0.098941,0.074201606
1101005107,0.06628026,0.06361743
1101005108,0.08613564,0.04640777
1101005109,0.07134449,0.053573187
1101005110,0.12609464,0.074201606
1101005111,0.0882739,0.052256316
1101005112,0.10536445,0.06879144
1101005113,0.09790783,0.06817731
1101005114,0.09119496,0.11923339
1101005115,0.09552325,0.09964971
1101005116,0.069587305,0.07286447
1101005117,0.05165957,0.044629183
1101005118,0.07505041,0.072807744
1101005119,0.08453573,0.116952166
1101005120,0.07981959,0.05572825
1101005121,0.105268,0.13741365
1101005122,0.099817455,0.094539054
1101005123,0.13652432,0.14659756
1101005124,0.104078665,0.12074874
1101005125,0.08574951,0.10412531
1101005126,0.0957841,0.05412425
1101005127,0.06795629,0.057392914
1101005128,0.08425477,0.058787156
1101005129,0.06823458,0.0646831
1101005130,0.13179018,0.10309059
1101005131,0.06444849,0.06672923
1101005132,0.038680416,0.016037982
1101005133,0.090311185,0.09128871
1101005134,0.1819118,0.15327387
1101005135,0.09020478,0.08503214
1101005136,0.09820024,0.15095246
1101005137,0.107609466,0.11903012
1101005138,0.08719882,0.07698973
1101005139,0.11202226,0.08377431
1101005140,0.091650054,0.08796341
1101005141,0.09101747,0.054843254
1101005142,0.10073099,0.19745545
1101005143,0.24153101,0.20354362
1101005144,0.23303157,0.23591962
1101005145,0.26617005,0.19596808
1101006101,0.24575955,0.21014492
1101006102,0.40988728,0.41611826
1101007101,0.07080059,0.05800876
1101007102,0.14298399,0.112498246
1101007103,0.15169787,0.11357341
1101007104,0.13168025,0.08838234
1101007105,0.1423321,0.14901952
1101007106,0.11489063,0.13085958
1101007107,0.078901,0.06992033
1101007108,0.08627066,0.05752824
1101007109,0.09492014,0.08432498
1101007110,0.044509925,0.043695528
1101007111,0.10524788,0.08895402
1101007112,0.06886179,0.054011
1101007113,0.09094515,0.09326942
1101007114,0.10241918,0.102185324
1101007115,0.14757007,0.14029083
1101007116,0.07379213,0.052849136
1101007117,0.16871868,0.14159404
1101007118,0.2000148,0.16981788
1101007119,0.2011179,0.16037808
1101007120,0.18022951,0.11974638
1101007121,0.15189543,0.1326655
1101008101,0.16388923,0.18505
1101008102,0.099415556,0.047444843
1101008103,0.08974373,0.059262548
1101008104,0.095308624,0.10667409
1101008105,0.14587663,0.13453837
1101008106,0.2447228,0.2580017
1101008107,0.2665764,0.23077862
1101009101,0.10363963,0.1508692
1101009102,0.34890637,0.3595087
1101009103,0.4156851,0.38639733
1101010101,0.2514013,0.24513514
1101010102,0.3274686,0.35871106
1101010103,0.28119236,0.19699383
1101011101,0.25584012,0.26302677
1101011102,0.28518155,0.25781983
1101012101,0.0991684,0.05800876
1101012102,0.0716425,0.050037775
1101012103,0.10120508,0.11867291
1101012104,0.05874105,0.04844733
1101012105,0.06863264,0.054813765
1101012106,0.07589574,0.066824205
1101012107,0.070819,0.054011
1101012108,0.09674294,0.082086
1101012109,0.057793878,0.09433597
1101012110,0.14795418,0.07562125
1101012111,0.09100458,0.0975151
1101012112,0.15505482,0.1663617
1101012113,0.24990822,0.2893888
1101012114,0.30542392,0.32431436
1101012115,0.33546576,0.3039692
1101012116,0.2125936,0.23419733
1101012117,0.2988615,0.26067522
1101013101,0.19632597,0.16381577
1101013102,0.2206891,0.196721
1101013103,0.13084626,0.12458765
1101013104,0.17297699,0.14671782
1101013105,0.15144268,0.13758613
1101013106,0.21399023,0.21695477
1101013107,0.25768235,0.25802058
1101014101,0.18641488,0.16225818
1101014102,0.44263977,0.46338364
1101014103,0.5088821,0.6039279
1101014104,0.4075151,0.45209798
1101014105,0.70063406,0.6732599
1101014106,0.7157236,0.694246
1101014107,0.6697606,0.5270168
1101015101,0.2172271,0.18025683
1101015102,0.25287923,0.24724796
1101015103,0.21539742,0.2505321
1101015104,0.29847145,0.32274505
1101016101,0.18768074,0.17813902
1101016102,0.17772783,0.16452715
1101016103,0.24070753,0.24646764
1101016104,0.25608388,0.23537222
1101016105,0.26710555,0.29846275
1101017101,0.16878036,0.12547673
1101017102,0.26795933,0.25679407
1101017103,0.12969472,0.0858492
1101017104,0.26372334,0.22751263
1101017105,0.37083352,0.27630842
1101018101,0.08592923,0.07799235
1101018102,0.112836905,0.081303924
1101018103,0.16974962,0.092161275
1101018104,0.22082597,0.25796694
1101018105,0.33386528,0.27634755
1101020101,0.15612541,0.1096542
1101020102,0.18834496,0.19095191
1101020103,0.41063726,0.30761492
1101021101,0.21981783,0.20731692
1101021102,0.23222041,0.23634218
1101021103,0.26748252,0.2621589
1101022101,0.13980639,0.100592725
1101022102,0.15040316,0.12988946
1101022103,0.15225911,0.1631729
1101022104,0.2912178,0.30560756
1101022105,0.26720905,0.28415737
1101023101,0.12306532,0.15453364
1101023102,0.14843845,0.18132477
1101023103,0.1609225,0.15390098
1101023104,0.13380049,0.1033527
1101023105,0.08194631,0.08345651
1101023106,0.19489673,0.20194091
1101023107,0.47363505,0.4301089
1101024101,0.13975744,0.092400976
1101024102,0.15221453,0.09264999
1101024103,0.21025574,0.16268091
1101024104,0.27540046,0.2812524
1101024105,0.36035123,0.24837731
1101024106,0.33771083,0.3069059
1101026101,0.18313037,0.15341865
1101026102,0.22128133,0.23115134
1101026103,0.3740414,0.44852966
1101026104,0.520544,0.56195456
1101028101,0.11943539,0.12866287
1101028102,0.21597603,0.1595096
1101028103,0.20600353,0.22417167
1101028104,0.32549208,0.3289967
1101031101,0.16366665,0.21487334
1101031102,0.20214854,0.16460538
1101031103,0.34060583,0.37460098
1101032101,0.124769926,0.10139408
1101032102,0.12884386,0.10925894
1101032103,0.08349068,0.056737795
1101032104,0.07827346,0.053999394
1101032105,0.12747978,0.12501457
1101032106,0.11000846,0.08141038
1101032107,0.116045415,0.09911245
1101032108,0.23512463,0.20448783
1101032109,0.3406487,0.40988806
1101033101,0.16718301,0.13414761
1101033102,0.26015487,0.27006805
1101034101,0.21030694,0.16808711
1101034102,0.35748073,0.36812103
1101034103,0.44065845,0.39035714
1101035101,0.1960731,0.18761027
1101035102,0.1317997,0.11221044
1101035103,0.4513556,0.48775706
1101036101,0.21908511,0.21697214
1101036102,0.19350645,0.16129023
1101036103,0.21158804,0.18476394
1101036104,0.27370518,0.18997674
1101036105,0.15135895,0.13348483
1101036106,0.20251805,0.14217919
1101036107,0.27059698,0.22236446
1101037101,0.24180652,0.31429902
1101037102,0.39073902,0.45056525
1101037103,0.42506143,0.46247482
1101038101,0.10730595,0.08371269
1101038102,0.17960784,0.17689517
1101038103,0.20961691,0.17892174
1101038104,0.12710507,0.0710567
1101038105,0.15082403,0.1515407
1101038106,0.097481236,0.08922394
1101038107,0.15423444,0.11598957
1101038108,0.20110622,0.20795114
1101039101,0.09820214,0.073134035
1101039102,0.123175055,0.08927244
1101039103,0.17089285,0.16924876
1101039104,0.1760212,0.14760883
1101039105,0.21546683,0.25280166
1101039106,0.2802013,0.28789487
1101039107,0.27876782,0.40088913
1111001101,0.16886376,0.17059368
1111001102,0.12220808,0.058063377
1111001103,0.16600038,0.14422664
1111001104,0.26312977,0.22582704
1111001105,0.286556,0.36009514
1111001106,0.3129708,0.35586455
1111001107,0.26999885,0.3268868
1111001108,0.20939177,0.21691725
1111001109,0.33790332,0.3424021
1111001110,0.30929148,0.35001415
1111001111,0.39244136,0.34402394
1111001112,0.26326218,0.28213292
1111002101,0.0691987,0.046622127
1111002102,0.14588827,0.084921226
1111002103,0.11103738,0.06392548
1111002104,0.16123757,0.14618608
1111002105,0.13065462,0.12520073
1111002106,0.14863995,0.15829785
1111002107,0.11529352,0.11071617
1111002108,0.16020674,0.11450949
1111002109,0.17758478,0.17926124
1111002110,0.3916599,0.27398595
1111002111,0.25173953,0.26748094
1111002112,0.25324324,0.2959868
1111003101,0.10497326,0.05625342
1111003102,0.12970471,0.12649266
1111003103,0.11873848,0.08805081
1111003104,0.11773143,0.066230625
1111003105,0.11112816,0.11975185
1111003106,0.13905066,0.15578748
1111003107,0.07476121,0.044331744
1111003108,0.03961652,0.02849631
1111003109,0.16285491,0.20652503
1111003110,0.2946938,0.26387653
1111003111,0.19693111,0.21885754
1111003112,0.16897722,0.2216898
1111004101,0.16740063,0.15928459
1111004102,0.16388923,0.15527736
1111004103,0.2003426,0.11821171
1111004104,0.15098622,0.13291116
1111004105,0.22981036,0.28214404
1111004106,0.27112728,0.32630378
1111004107,0.17274049,0.1828119
1111004108,0.17404282,0.20305388
1111004109,0.25552413,0.18357006
1111004110,0.22189865,0.3135494
1111005101,0.12058513,0.070256785
1111005102,0.15447062,0.12703785
1111005103,0.14635837,0.10021184
1111005104,0.17404282,0.18596564
1111005105,0.18536156,0.14504243
1111005106,0.22937204,0.26198652
1111005107,0.22509542,0.20996079
1111005108,0.19802018,0.12699653
1111005109,0.25355852,0.25031585
1111005110,0.2664729,0.2262596
1111005111,0.2512097,0.28406626
1111005112,0.074311346,0.0641033
1111007101,0.12502101,0.10949347
1111007102,0.12413299,0.09143005
1111007103,0.14314134,0.110470034
1111007104,0.15586828,0.2056441
1111007105,0.16862112,0.16133589
1111007106,0.106729865,0.10778654
1111007107,0.14306761,0.09630259
1111007108,0.0791761,0.0465626
1111007109,0.060376357,0.04640777
1111007110,0.09208901,0.07005035
1111007111,0.08067341,0.062921554
1111007112,0.10010825,0.07533035
1111007113,0.070006594,0.052405626
1111007114,0.04410511,0.046211556
1111007115,0.07826195,0.055618204
1111007116,0.07909866,0.05781579
1111007117,0.1148019,0.09566103
1111007118,0.0602157,0.06820743
1111007119,0.03392543,0.038180016
1111007120,0.051243484,0.023988012
1111007121,0.054945275,0.016098864
1111007122,0.066898465,0.031046622
1111007123,0.244614,0.2531361
1111007124,0.19012992,0.18527149
1111007125,0.23877683,0.2202793
1111007126,0.21354888,0.1945428
1111007127,0.15694144,0.12764387
1111008101,0.17247634,0.15301372
1111008102,0.117665544,0.085584946
1111008103,0.15875006,0.16036406
1111008104,0.25344005,0.28959626
1111008105,0.22551794,0.24980778
1111008106,0.28263995,0.24590331
1111008107,0.29393423,0.30905208
1111008108,0.4286633,0.43688115
1111008109,0.38257647,0.3764285
1111009101,0.18338995,0.1449643
1111009102,0.24881941,0.21126693
1111009103,0.2003429,0.15893283
1111009104,0.31246623,0.27994463
1111009105,0.20378403,0.20597027
1111009106,0.16722985,0.11885077
1111009107,0.26267108,0.2202793
1111009108,0.35010102,0.3682826
1111009109,0.39238018,0.4109224
1111009110,0.28368753,0.30766302
1111009111,0.2819404,0.30483925
1111010101,0.18677342,0.17770833
1111010102,0.16967487,0.13077132
1111010103,0.28988275,0.2773238
1111010104,0.31821004,0.31066245
1111011101,0.13507828,0.07781842
1111011102,0.08181517,0.056729186
1111011103,0.14175282,0.10839072
1111011104,0.15829302,0.13166451
1111011105,0.11894251,0.11311916
1111011106,0.12277083,0.053115916
1111011107,0.14693017,0.12446614
1111011108,0.12570924,0.12980081
1111011109,0.13699925,0.14522424
1111011110,0.13193132,0.12667976
1111011111,0.10563758,0.11702749
1111011112,0.21502292,0.17511338
1111011113,0.28023186,0.31727508
1111011114,0.23736091,0.24119727
1111011115,0.2692268,0.2112811
1111012101,0.25636747,0.2209523
1111012102,0.14175282,0.112210445
1111012103,0.17251593,0.16857164
1111012104,0.20458016,0.17783986
1111012105,0.21107046,0.20033363
1111012106,0.2638297,0.2978556
1111012107,0.2392046,0.28345555
1111012108,0.21946107,0.26368162
1111013101,0.18679139,0.18754418
1111013102,0.1698122,0.12256064
1111013103,0.22412789,0.19056001
1111013104,0.301729,0.25194114
1111013105,0.3427224,0.36834046
1111013106,0.29488444,0.29412478
1111013107,0.33613214,0.34572342
1111013108,0.3252243,0.2834363
1111014101,0.16224058,0.09846914
1111014102,0.21824047,0.184392
1111014103,0.14705777,0.10228133
1111014104,0.15139282,0.13842121
1111014105,0.12297281,0.10938857
1111014106,0.15201005,0.18534149
1111014107,0.18695034,0.20561598
1111014108,0.3974338,0.3782681
1111014109,0.311137,0.2593331
1111014110,0.33507898,0.34232503
1111014111,0.2537468,0.2112374
1111014112,0.24391131,0.25672463
1111014113,0.38901544,0.33911702
1111014114,0.2468153,0.25446573
1111015101,0.077321514,0.061134852
1111015102,0.07838105,0.061134852
1111015103,0.06479432,0.06823756
1111015104,0.092785,0.081642225
1111015105,0.14250775,0.07622489
1111015106,0.069596335,0.08391456
1111015107,0.09446866,0.061134852
1111015108,0.13022861,0.13623391
1111015109,0.19257027,0.2304052
1111015110,0.31787214,0.35924035
1111015111,0.079329744,0.082772784
1111015112,0.097613394,0.083711036
1111015113,0.19754267,0.22183865
1111015114,0.10212584,0.08554405
1111015115,0.102670185,0.12022194
1111016101,0.17330629,0.17030677
1111016102,0.20965965,0.17857257
1111016103,0.18078752,0.18236317
1111016104,0.27811146,0.26716557
1111016105,0.29142922,0.3384936
1111016106,0.33450004,0.30116636
1111016107,0.30644307,0.30460593
1111017101,0.060401842,0.0538575
1111017102,0.10255605,0.082505666
1111017103,0.15220414,0.10639799
1111017104,0.14383222,0.09419065
1111017105,0.20566419,0.17462817
1111017106,0.21747324,0.15893283
1111017107,0.10932766,0.103230126
1111017108,0.090614766,0.09192402
1111017109,0.15682702,0.16257198
1111017110,0.13236278,0.113527335
1111017111,0.06392364,0.068675846
1111017112,0.15347755,0.09347811
1111017113,0.12542264,0.058541916
1111017114,0.2081442,0.17372224
1111017115,0.13156846,0.10019886
1111017116,0.12536211,0.14784138
1111017117,0.08210641,0.08198632
1111017118,0.09469418,0.07949034
1111017119,0.15662809,0.15951465
1111017120,0.052952003,0.06368854
1111017121,0.13974077,0.14989337
1111017122,0.047151424,0.05102728
1111017123,0.034573656,0.020105727
1111017124,0.04367876,0.025423225
1111017125,0.17056473,0.18174957
1111017126,0.30063638,0.22262162
1111017127,0.23830605,0.2707641
1111017128,0.37820733,0.30480915
1111017129,0.25987488,0.28244114
1111017130,0.2227714,0.2192234
1111018101,0.21159163,0.2127996
1111018102,0.2220539,0.18263814
1111018103,0.20234686,0.17782342
1111018104,0.188349,0.19548157
1111018105,0.21126859,0.232758
1111018106,0.25485435,0.28562045
1111018107,0.23758702,0.22736487
1111018108,0.24891156,0.23156221
1111019101,0.22993162,0.18314588
1111019102,0.22455671,0.23860227
1111019103,0.3478201,0.26896173
1111019104,0.29084015,0.35190102
1111019105,0.3134299,0.3489669
1111019106,0.30305028,0.23884949
1111019107,0.31123143,0.37948468
1111020101,0.12452828,0.103336
1111020102,0.15770496,0.18505
1111020103,0.17144795,0.1419528
1111020104,0.13955347,0.13189553
1111020105,0.17950638,0.16189253
1111020106,0.123233356,0.08444543
1111020107,0.17098464,0.21175818
1111020108,0.18368702,0.19610813
1111020109,0.15270509,0.118954636
1111020110,0.12837273,0.093146585
1111020111,0.10808967,0.07560775
1111020112,0.13487679,0.1300886
1111020113,0.12172515,0.11374168
1111020114,0.14853315,0.11862311
1111020115,0.15270509,0.1209339
1111020116,0.14404291,0.15042703
1111020117,0.093591906,0.06248871
1111020118,0.050255843,0.046824068
1111020119,0.08731011,0.08805081
1111020120,0.14297782,0.15665154
1111020121,0.16082668,0.14080971
1111020122,0.15270509,0.13986312
1111020123,0.13955347,0.13986312
1111020124,0.057214756,0.07816667
1111020125,0.14010732,0.10882659
1111020126,0.1223858,0.13868622
1111020127,0.13607661,0.15139984
1111020128,0.07416957,0.06994181
1111020129,0.11760424,0.12405998
1111020130,0.04275581,0.0782319
1111020131,0.058678795,0.057392914
1111020132,0.1746207,0.15165207
1111020133,0.18394034,0.12237064
1111020134,0.042495664,0.064313
1111020135,0.11770037,0.08805081
1111020136,0.16402598,0.12145803
1111020137,0.12650819,0.1092908
1111020138,0.099284455,0.085796654
1111020139,0.10079101,0.09949121
1111020140,0.05672156,0.0595444
1111020141,0.089383304,0.0595444
1111020142,0.10469669,0.10355297
1111020143,0.17236027,0.15975238
1111020144,0.1399529,0.1286174
1111020145,0.09255862,0.121130355
1111020146,0.07203776,0.04977519
1111020147,0.072793655,0.049494877
1111020148,0.15751873,0.17167637
1111020149,0.10667705,0.10711268
1111020150,0.09712599,0.08286594
1111020151,0.07089964,0.079701036
1111020152,0.1141344,0.12749192
1111020153,0.15767118,0.090343125
1111020154,0.18739137,0.17116039
1111020155,0.06721796,0.04729258
1111020156,0.10218271,0.043828435
1111020157,0.08913703,0.07321475
1111020158,0.06340746,0.06559982
1111020159,0.046469755,0.040981054
1111020160,0.19409242,0.12749192
1111020161,0.09186051,0.10455232
1111020162,0.05538858,0.028702598
1111020163,0.13373254,0.14623512
1111020164,0.057512283,0.05412425
1111020165,0.20613603,0.21618713
1111020166,0.0294045,0.028855659
1111020167,0.084815666,0.1366114
1111020168,0.28872246,0.27012104
1111020169,0.09191177,0.09668952
1111020170,0.09968623,0.077763334
1111020171,0.14605026,0.13749284
1111020172,0.07986206,0.040371574
1111020173,0.049197115,0.021880988
1111020174,0.090265505,0.06221396
1111020175,0.035916336,0.03913065
1111020176,0.16940758,0.1255112
1111020177,0.027904782,0.03824332
1111020178,0.063114434,0.0605328
1111020179,0.23572466,0.22700909
1111020180,0.28278422,0.26529458
1111020181,0.31317073,0.2942598
1111020182,0.2082939,0.16867091
1111020183,0.23473948,0.2059726
1111020184,0.186998,0.18561451
1111020185,0.18374972,0.2017879
1111020186,0.13588655,0.10174149
1111020187,0.16626,0.17347133
1111020188,0.11543899,0.11069294
1111020189,0.17710519,0.16163142
1111020190,0.079025626,0.05760513
1111020191,0.025823427,0.029574912
1111021101,0.14926656,0.117431186
1111021102,0.1101774,0.1172415
1111021103,0.08993408,0.07695376
1111021104,0.13586731,0.14261678
1111021105,0.1558409,0.17779289
1111021106,0.14277418,0.17538112
1111021107,0.0689644,0.08768788
1111021108,0.19299884,0.1570788
1111021109,0.13034008,0.13623215
1111021110,0.2835237,0.26858455
1111022101,0.17584315,0.11746445
1111022102,0.19215591,0.16359901
1111022103,0.21057348,0.1823445
1111022104,0.30550796,0.30636457
1111022105,0.48638597,0.49902305
1111022106,0.29816487,0.3132134
1111022107,0.24793248,0.25166938
1111023101,0.16092567,0.1587551
1111023102,0.169676,0.16154653
1111023103,0.20132922,0.21965048
1111023104,0.24216017,0.2337896
1111023105,0.37087658,0.3794899
1111023106,0.21925804,0.26232886
1111023107,0.31410408,0.33180305
1111023108,0.2371802,0.19909723
1111023109,0.3429887,0.37549615
1111023110,0.27323562,0.2427055
1111023111,0.26873437,0.27328482
1111024101,0.10001758,0.06639136
1111024102,0.13965455,0.11885733
1111024103,0.32076907,0.29839292
1111024104,0.28372177,0.30360392
1111024105,0.2912312,0.29546902
1111025101,0.09849044,0.09668319
1111025102,0.17194402,0.13825479
1111025103,0.12058406,0.13838361
1111025104,0.110954955,0.13739738
1111025105,0.16440152,0.13004626
1111025106,0.14237599,0.18396138
1111025107,0.19596896,0.1697032
1111025108,0.15951926,0.1283214
1111025109,0.14184934,0.115287334
1111025110,0.116862275,0.12530693
1111025111,0.30810946,0.29577932
1111025112,0.2591458,0.25553992
1111025113,0.18969415,0.1654284
1111025114,0.25754327,0.23639528
1111025115,0.14264429,0.24531126
1111025116,0.18084641,0.22221984
1111026101,0.19778593,0.18666542
1111026102,0.22539175,0.21024051
1111026103,0.16222987,0.1986499
1111026104,0.13190836,0.15427943
1111026105,0.21204203,0.20902517
1111026106,0.28720647,0.28690544
1111026107,0.28803563,0.2917094
1111026108,0.32884607,0.3332635
1111026109,0.3444692,0.41696408
1111026110,0.39953914,0.39381072
1111026111,0.4182202,0.47551855
1111027101,0.07705799,0.057392914
1111027102,0.11800092,0.09458336
1111027103,0.066654384,0.05337698
1111027104,0.1141018,0.08927244
1111027105,0.08557817,0.06495458
1111027106,0.05948069,0.055423114
1111027107,0.052177854,0.050227497
1111027108,0.04195557,0.05607051
1111027109,0.049575426,0.044516467
1111027110,0.08660812,0.037782896
1111027111,0.086797856,0.102526225
1111027112,0.026585521,0.02746936
1111027113,0.06256045,0.047347236
1111027114,0.23635468,0.16578454
1111027115,0.197317,0.17478274
1111027116,0.29597417,0.2983198
1111027117,0.24026507,0.3128669
1111027118,0.14964071,0.16306198
1111028101,0.14141163,0.11376156
1111028102,0.16345435,0.09286474
1111028103,0.11863272,0.08762204
1111028104,0.25747675,0.25087604
1111028105,0.24424626,0.2337896
1111028106,0.27418163,0.24557444
1111028107,0.24392194,0.26249766
1111028108,0.3167871,0.24212453
1111028109,0.31622255,0.2742071
1111029101,0.15447062,0.14204426
1111029102,0.17160097,0.118201144
1111029103,0.2527034,0.31932732
1111029104,0.30660212,0.3024679
1111029105,0.3860994,0.34019616
1111029106,0.4218695,0.42500654
1111029107,0.3144595,0.35581005
1111029108,0.29267606,0.29922387
1111030101,0.17293076,0.11746445
1111030102,0.1690997,0.1562246
1111030103,0.1657679,0.1487659
1111030104,0.21125157,0.18955506
1111030105,0.3005331,0.30099127
1111030106,0.33087355,0.2608768
1111030107,0.24073583,0.24683851
1111030108,0.2693348,0.24260513
1111030109,0.28336528,0.29624933
1111030110,0.50873107,0.51770496
1111030111,0.30545655,0.2801492
1111030112,0.4162134,0.30382022
1111031101,0.12961558,0.11862311
1111031102,0.19409849,0.17059368
1111031103,0.121995464,0.105008885
1111031104,0.12617601,0.14369352
1111031105,0.14367604,0.1328432
1111031106,0.056768544,0.039397184
1111031107,0.11837504,0.088805266
1111031108,0.0921338,0.092784636
1111031109,0.17822422,0.13192934
1111031110,0.22164689,0.26561442
1111031111,0.23371254,0.3206026
1111031112,0.29755768,0.3164669
1111031113,0.19039637,0.24939835
1111032101,0.11627017,0.07939092
1111032102,0.15447062,0.12501457
1111032103,0.078253165,0.05412425
1111032104,0.08826683,0.069036834
1111032105,0.14377268,0.10762007
1111032106,0.18873625,0.2039056
1111032107,0.2103718,0.207495
1111032108,0.18809947,0.18457724
1111032109,0.19420338,0.21197078
1111032110,0.16965628,0.17879714
1111032111,0.13158032,0.10667409
1111033101,0.12550956,0.06346012
1111033102,0.15527016,0.14511712
1111033103,0.20392174,0.13932736
1111033104,0.15451561,0.09436821
1111033105,0.10667316,0.08889307
1111033106,0.13029394,0.13529684
1111033107,0.1439292,0.13419412
1111033108,0.4170814,0.46811855
1111033109,0.41118366,0.44222647
1111033110,0.2919079,0.2808006
1111033111,0.34041327,0.27416342
1111033112,0.23486927,0.3203626
1111033113,0.23159133,0.23283437
1111033114,0.3582798,0.4229712
1111034101,0.23775734,0.2258442
1111034102,0.418435,0.43185315
1111034103,0.30594346,0.47049165
1111035101,0.20869981,0.22602546
1111035102,0.15685584,0.13390833
1111035103,0.1709756,0.17056003
1111035104,0.18429726,0.15261431
1111035105,0.20074123,0.11517927
1111035106,0.14060041,0.14253147
1111035107,0.22294989,0.2029121
1111035108,0.47158825,0.39598435
1111035109,0.26018414,0.27240598
1111035110,0.24888882,0.2967085
1111036101,0.19184764,0.20953006
1111036102,0.26287907,0.21956483
1111037101,0.16206962,0.121786155
1111037102,0.18483025,0.08823245
1111037103,0.1687468,0.09985807
1111037104,0.19164896,0.16450319
1111037105,0.109455585,0.10799802
1111037106,0.16139247,0.16098565
1111037107,0.09026473,0.110551566
1111037108,0.17038393,0.102458194
1111037109,0.096024305,0.052509602
1111037110,0.11450815,0.09234046
1111037111,0.078662075,0.06829939
1111037112,0.12034064,0.105690576
1111037113,0.25175974,0.24753699
1111037114,0.22604133,0.22056213
1111037115,0.25708234,0.25662938
1111037116,0.36644945,0.39145142
1111037117,0.2695495,0.23843156
1111038101,0.1764587,0.15432832
1111038102,0.17082973,0.16097549
1111038103,0.20650281,0.18706635
1111038104,0.20890896,0.2370652
1111038105,0.26488942,0.2737833
1111039101,0.17092903,0.16931576
1111039102,0.21987246,0.23429775
1111039103,0.1953423,0.20019412
1111039104,0.33093953,0.29574335
1111039105,0.22342838,0.22363123
1111039106,0.23463058,0.18855676
1111039107,0.18908589,0.1504549
1111040101,0.23452534,0.19855696
1111040102,0.40508112,0.36584115
1111040103,0.42064428,0.41989976
1111040104,0.40517148,0.44816557
1111040105,0.41186973,0.44310647
1111041101,0.2014102,0.18505
1111041102,0.15697838,0.15665154
1111041103,0.18414536,0.20184766
1111041104,0.14828001,0.1276927
1111041105,0.20067638,0.2046248
1111041106,0.16339536,0.18194415
1111041107,0.14501289,0.1416474
1111041108,0.16409175,0.1697032
1111041109,0.23686221,0.1958384
1111041110,0.1687063,0.16590135
1111041111,0.1502961,0.13448556
1111042101,0.116018265,0.10300249
1111042102,0.19546172,0.14694111
1111042103,0.17993425,0.09132431
1111042104,0.15896647,0.18233553
1111042105,0.14625686,0.13390833
1111042106,0.08990474,0.05166428
1111042107,0.17616649,0.14714041
1111042108,0.1499922,0.15619291
1111042109,0.1428471,0.12885135
1111042110,0.30943906,0.29193708
1111042111,0.33168015,0.39500073
1111043101,0.23021679,0.2110217
1111043102,0.41949227,0.44799167
1111043103,0.4554231,0.4667415
1111043104,0.4357412,0.42184466
1111043105,0.34841594,0.35916054
1111043106,0.3691353,0.43574548
1111043107,0.3652151,0.42151454
1111044101,0.15979318,0.11257053
1111044102,0.15001868,0.14514053
1111044103,0.13973051,0.08279893
1111044104,0.14306065,0.13421871
1111044105,0.12717135,0.12470611
1111044106,0.14826354,0.12090003
1111044107,0.33633974,0.28316605
1111044108,0.1844559,0.17459911
1111044109,0.22868004,0.22027773
1111044110,0.15233268,0.13589744
1111044111,0.20829119,0.1616031
1111044112,0.2004831,0.2200641
1111044113,0.11450767,0.06406518
1111046101,0.1137301,0.06639136
1111046102,0.19435011,0.16644242
1111046103,0.11215199,0.13340287
1111046104,0.23245731,0.2912406
1111046105,0.20151919,0.1757355
1111046106,0.3645647,0.36659065
1111046107,0.32006693,0.26213428
1121001101,0.08377371,0.053332034
1121001102,0.081817366,0.06179984
1121001103,0.13172013,0.14128079
1121001104,0.07304084,0.07820677
1121001105,0.13298446,0.09846413
1121001106,0.08448578,0.064512
1121001107,0.11011684,0.11264546
1121001108,0.20175701,0.20209867
1121001109,0.1503784,0.18252462
1121001110,0.08504996,0.02054103
1121001111,0.13837758,0.13026807
1121001112,0.12133699,0.12825862
1121001113,0.072461285,0.059175074
1121001114,0.088099904,0.05894907
1121001115,0.060574677,0.049778126
1121001116,0.081723936,0.05152062
1121001117,0.081817366,0.08204532
1121001118,0.11906379,0.07716389
1121001119,0.11591854,0.0647921
1121001120,0.14196973,0.12037466
1121001121,0.18856825,0.2050018
1121001122,0.21753338,0.19694106
1121001123,0.11709544,0.12965608
1121001124,0.13908021,0.17087844
1121001125,0.06706974,0.08811759
1121001126,0.1270853,0.12773143
1121001127,0.15298581,0.1958728
1121001128,0.2088626,0.18037915
1121001129,0.17229344,0.15144849
1121001130,0.18691964,0.25623032
1121001131,0.06204352,0.052250784
1121001132,0.11731995,0.10746535
1121001133,0.07853087,0.11778376
1121001134,0.16794235,0.18324645
1121001135,0.03850672,0.04829957
1121001136,0.15326838,0.18129744
1121001137,0.089035526,0.13289347
1121001138,0.16254114,0.17898357
1121001139,0.22532687,0.15147254
1121001140,0.22561921,0.20590886
1121001141,0.20316815,0.18393683
1121001142,0.12898472,0.109374486
1121001143,0.20278153,0.13476159
1121001144,0.17362718,0.16588007
1121001145,0.18777305,0.17984007
1121001146,0.23766004,0.17819819
1121001147,0.18776825,0.17914334
1121001148,0.13630204,0.18169457
1121001149,0.17955562,0.15445162
1121001150,0.123234965,0.110741995
1121001151,0.3335477,0.33989528
1121001152,0.26327732,0.31577688
1121001153,0.34635192,0.3291561
1121001154,0.29378635,0.37425676
1121002101,0.27576637,0.2765637
1121002102,0.64350253,0.67458415
1121002103,0.7387086,0.67055863
1121003101,0.28979132,0.23287849
1121003102,0.32704297,0.324552
1121003103,0.42563885,0.44447982
1121003104,0.48744914,0.44556743
1121003105,0.5489659,0.46954834
1121004101,0.34283078,0.33071336
1121004102,0.7235563,0.752026
1121004103,0.6549415,0.7507519
1121005101,0.21182416,0.20039906
1121005102,0.2731506,0.28949904
1121005103,0.4025314,0.46411723
1121005104,0.5190096,0.51039076
1121006101,0.19623698,0.18255655
1121006102,0.4152202,0.45115745
1121007101,0.16092353,0.14073743
1121007102,0.15820807,0.1325709
1121007103,0.125392,0.100870125
1121007104,0.18262395,0.16094409
1121007105,0.22377686,0.2267256
1121007106,0.34685,0.38595957
1121007107,0.39850765,0.4294892
1121008101,0.2588911,0.35734576
1121008102,0.5200869,0.49636665
1121010101,0.43663433,0.5155515
1121010102,0.6405268,0.702344
1121010103,0.74250317,0.79821366
1121010104,0.5997424,0.7310235
1121010105,0.7150865,0.76346165
1121010106,0.75028414,0.7673568
1121010107,0.7687396,0.831102
1121010108,0.8485716,0.84018105
1121011101,0.33809766,0.27068383
1121011102,0.27429804,0.2227705
1121011103,0.16886884,0.13486052
1121011104,0.29195666,0.24732727
1121011105,0.1144876,0.12434422
1121011106,0.3161797,0.4291459
1121011107,0.3237192,0.30310547
1121011108,0.5049916,0.5719677
1121011109,0.29929698,0.315946
1121011110,0.48139897,0.50260967
1121012101,0.32705408,0.40337273
1121012102,0.1829106,0.21364887
1121012103,0.22418196,0.23921761
1121012104,0.32951394,0.4053495
1121012105,0.5545417,0.6020948
1121012106,0.5538558,0.55024666
1121012107,0.58674,0.44359648
1121012108,0.61337435,0.64486736
1121013101,0.4358787,0.4156931
1121013102,0.30291215,0.27997744
1121013103,0.30164212,0.2493812
1121013104,0.32636327,0.34880507
1121013105,0.5627493,0.48187193
1121013106,0.55610293,0.5236836
1121013107,0.5235017,0.47390115
1121013108,0.60385424,0.5891454
1121013109,0.5175304,0.50962365
1121014101,0.15824015,0.18193755
1121014102,0.24334528,0.21590573
1121014103,0.26485142,0.2588765
1121014104,0.18714036,0.1854101
1121014105,0.22329792,0.27820495
1121014106,0.35907134,0.31836697
1121014107,0.26868007,0.26836255
1121015101,0.18825257,0.2046289
1121015102,0.1154824,0.07841953
1121015103,0.13409549,0.12740086
1121015104,0.492192,0.44767275
1121015105,0.46656206,0.46851042
1121015106,0.3071683,0.30488795
1121016101,0.2561332,0.29778355
1121016102,0.512446,0.46637166
1121016103,0.60390353,0.62753856
1121016104,0.6180406,0.6387626
1121017101,0.19399269,0.1721427
1121017102,0.30502245,0.32015002
1121017103,0.407379,0.32983512
1121017104,0.39633888,0.43926498
1121018101,0.2665351,0.25533175
1121018102,0.27883893,0.2936888
1121018103,0.2914739,0.3195138
1121018104,0.2665351,0.33323947
1121018105,0.26794717,0.32166374
1121018106,0.5747652,0.52508247
1121018107,0.34752247,0.38470116
1121018108,0.3801776,0.3819867
1121018109,0.41421315,0.41611853
1121019101,0.42235926,0.5532147
1121019102,0.5083579,0.5169756
1121019103,0.54533404,0.5237585
1121019104,0.6525983,0.66006297
1121019105,0.60583085,0.6593027
1121020101,0.333383,0.41793835
1121020102,0.5567167,0.5155505
1121020103,0.6366418,0.63901913
1121020104,0.63284004,0.54633963
1121020105,0.64337313,0.7012212
1121021101,0.2180976,0.19721515
1121021102,0.10836555,0.12460639
1121021103,0.13778917,0.13385524
1121021104,0.1847998,0.16308643
1121021105,0.15270466,0.16497967
1121021106,0.16670418,0.19632795
1121021107,0.22741668,0.2219517
1121021108,0.2716406,0.209651
1121021109,0.23695765,0.24957639
1121021110,0.22502649,0.28769475
1121021111,0.17451814,0.19415957
1121021112,0.26384073,0.23660645
1121021113,0.34262514,0.3569694
1121021114,0.34470877,0.41127053
1121021115,0.3142412,0.37406957
1121021116,0.32073343,0.35377222
1121021117,0.23026153,0.1790154
1121021118,0.24851698,0.20020258
1121021119,0.26404753,0.23627593
1121021120,0.32345814,0.3518984
1121021121,0.49774867,0.40535492
1121021122,0.37319928,0.32688236
1121021123,0.426201,0.5538563
1121021124,0.6508688,0.6521219
1121021125,0.47941393,0.5396566
1121021126,0.38595778,0.36498657
1121022101,0.20873365,0.22560725
1121022102,0.44367763,0.47196063
1121022103,0.32025087,0.34820995
1121022104,0.5143746,0.53024197
1121022105,0.5526029,0.5163507
1121023101,0.23138237,0.20518433
1121023102,0.21558638,0.2041882
1121023103,0.2401456,0.30480224
1121023104,0.24958898,0.3125863
1121023105,0.3485495,0.4014619
1121023106,0.28849864,0.34304768
1121023107,0.23317833,0.233882
1121023108,0.28070718,0.33758414
1121023109,0.52267456,0.4922522
1121023110,0.53766817,0.60606
1121023111,0.4659914,0.45930576
1121023112,0.4967309,0.558368
1121023113,0.50065553,0.50330824
1121023114,0.4422976,0.50330514
1121023115,0.50821775,0.5382007
1121023116,0.5590666,0.540697
1121023117,0.46487895,0.58959115
1121023118,0.50581807,0.46790951
1121024101,0.40234697,0.41818446
1121024102,0.5708761,0.6680288
1121024103,0.64944863,0.7208266
1121025101,0.4259785,0.4447931
1121025102,0.3693028,0.39349532
1121025103,0.537514,0.5882247
1121025104,0.6658018,0.6462967
1121025105,0.574972,0.5314922
1121025106,0.57013226,0.5047246
1121025107,0.55031097,0.587086
1121025108,0.7784626,0.7842638
1121027101,0.27418965,0.29625332
1121027102,0.38160107,0.41741037
1121027103,0.4779952,0.4786063
1121027104,0.42473197,0.48992357
1121028101,0.19400834,0.20455293
1121028102,0.17899543,0.16676053
1121028103,0.26237354,0.2648984
1121028104,0.5521456,0.47457984
1121028105,0.52080476,0.55153924
1121028106,0.7082802,0.58189285
1121028107,0.66328853,0.62898445
1121028108,0.55165595,0.47937068
1121028109,0.62341285,0.6039711
1121028110,0.8053322,0.7288658
1121028111,0.67476624,0.6831266
1121029101,0.104418054,0.08293956
1121029102,0.10044751,0.08034662
1121029103,0.058051955,0.065031365
1121029104,0.07161555,0.05540028
1121029105,0.06175389,0.100285135
1121029106,0.096058905,0.1055855
1121029107,0.10495984,0.07206165
1121029108,0.11320252,0.119640864
1121029109,0.17350887,0.14882825
1121029110,0.083152525,0.099474266
1121029111,0.08778908,0.09868114
1121029112,0.087749034,0.10887995
1121029113,0.16550978,0.13048328
1121029114,0.1794579,0.16392787
1121029115,0.1150448,0.12904654
1121029116,0.22576042,0.24908394
1121029117,0.26004258,0.25676602
1121029118,0.5041589,0.5051417
1121029119,0.22836924,0.17049363
1121029120,0.17372848,0.19255699
1121029121,0.5208542,0.56058574
1121030101,0.29447648,0.27326924
1121030102,0.3035344,0.3364032
1121030103,0.29266936,0.23407495
1121030104,0.23466288,0.25851026
1121030105,0.23167136,0.2249789
1121030106,0.25213277,0.2706584
1121030107,0.23368543,0.32285148
1121030108,0.3054553,0.39738405
1121030109,0.50197095,0.54440635
1121030110,0.56240565,0.5198153
1121030111,0.5278423,0.61982524
1121030112,0.57208234,0.5712118
1121030113,0.46438828,0.54525274
1121032101,0.36042693,0.4352252
1121032102,0.3299498,0.31912315
1121032103,0.6542764,0.59034026
1121033101,0.2208538,0.21295498
1121033102,0.22153927,0.23057875
1121033103,0.20630316,0.2973488
1121033104,0.41992158,0.37256607
1121033105,0.39526984,0.359716
1121033106,0.49288327,0.4506305
1121034101,0.243241,0.18745348
1121034102,0.20616558,0.23167883
1121034103,0.27602583,0.30731133
1121034104,0.25353965,0.19365491
1121034105,0.43279865,0.4439532
1121034106,0.29500282,0.2918646
1121034107,0.42952275,0.40371296
1121035101,0.12514095,0.09160444
1121035102,0.11646973,0.065782964
1121035103,0.14748272,0.12596396
1121035104,0.106023155,0.087749794
1121035105,0.1197611,0.10584887
1121035106,0.17723942,0.14025348
1121035107,0.14270076,0.14548776
1121035108,0.109925,0.08017805
1121035109,0.08076383,0.07408059
1121035110,0.21806416,0.21538576
1121035111,0.22493248,0.24423769
1121035112,0.123801984,0.11943934
1121035113,0.085975036,0.13766916
1121035114,0.19066577,0.23513779
1121035115,0.23866549,0.24798633
1121035116,0.24711369,0.24571934
1121035117,0.27871975,0.25340483
1121035118,0.33124134,0.40774235
1121036101,0.30931666,0.35110125
1121036102,0.34951258,0.407835
1121036103,0.59720176,0.70436615
1121036104,0.45836318,0.5134172
1121036105,0.5337191,0.62746924
1121037101,0.30575457,0.2469034
1121037102,0.43923613,0.46093902
1121038101,0.07972705,0.13219261
1121038102,0.098621614,0.14880195
1121038103,0.09206012,0.073257096
1121038104,0.069371015,0.07288922
1121038105,0.049567442,0.070681944
1121038106,0.068329714,0.09018317
1121038107,0.0843921,0.12906824
1121038108,0.06478676,0.1391427
1121038109,0.14635089,0.12745312
1121038110,0.14581554,0.15458526
1121038111,0.15545183,0.13594717
1121038112,0.18899645,0.15671933
1121038113,0.16062713,0.18908833
1121038114,0.059053537,0.08003757
1121038115,0.24707994,0.27755207
1121039101,0.23006779,0.15893722
1121039102,0.15743585,0.15215357
1121039103,0.128207,0.14912228
1121039104,0.2567606,0.2900296
1121039105,0.34129035,0.39373755
1121039106,0.5010665,0.5362109
1121040101,0.37367123,0.29658315
1121040102,0.27413484,0.2638391
1121040103,0.42608944,0.44879252
1121040104,0.56792736,0.51513356
1121040105,0.49713853,0.57962686
1121040106,0.45609835,0.5494448
1121041101,0.5093749,0.62107897
1121041102,0.6034699,0.65302
1121041103,0.5800049,0.6519604
1121041104,0.6192867,0.52871495
1121041105,0.6503272,0.7683541
1121041106,0.61559975,0.7415177
1121041107,0.74121696,0.78259754
1121042101,0.33337292,0.32408008
1121042102,0.4974558,0.498353
1121042103,0.75257975,0.8066642
1121042104,0.6787793,0.75483274
1121042105,0.66383594,0.5973875
1121042106,0.7357111,0.6830652
1121044101,0.16628358,0.16046253
1121044102,0.22929798,0.19633931
1121044103,0.19802018,0.19043116
1121044104,0.34316623,0.2989925
1121044105,0.63978815,0.62584704
1121045101,0.25244054,0.23651116
1121045102,0.21103579,0.20666483
1121045103,0.31469,0.3158766
1121045104,0.59499013,0.5693825
1121045105,0.5163198,0.52560323
1121045106,0.56824684,0.5510352
1121046101,0.14122164,0.15651949
1121046102,0.21272905,0.30502418
1121046103,0.13979599,0.08304042
1121046104,0.21276437,0.29488248
1121046105,0.2253515,0.26399812
1121046106,0.11775514,0.12751763
1121046107,0.4298786,0.45786768
1121046108,0.43894818,0.46328264
1121046109,0.44189507,0.48072016
1121046110,0.6311153,0.74449915
1121046111,0.60717833,0.62006336
1121046112,0.5084421,0.57812864
1121046113,0.6644111,0.6606366
1121046114,0.6678424,0.69363296
1121048101,0.14850295,0.14965917
1121048102,0.19601731,0.18319552
1121048103,0.22761042,0.23256491
1121048104,0.22245769,0.32980755
1121048105,0.21608937,0.18568422
1121048106,0.379344,0.38998905
1121048107,0.18689595,0.15552995
1121048108,0.15318796,0.14293028
1121048109,0.23974183,0.28742048
1121048110,0.47521526,0.5087671
1121049101,0.26280862,0.24999613
1121049102,0.24306646,0.21338332
1121049103,0.23526073,0.24786115
1121049104,0.28895617,0.3049259
1121049105,0.3745919,0.36160243
1121049106,0.48111382,0.37261203
1121050101,0.20985642,0.21770158
1121050102,0.1696342,0.15731932
1121050103,0.15460171,0.1873234
1121050104,0.17938657,0.159165
1121050105,0.13239314,0.1677999
1121050106,0.38211173,0.41591886
1121050107,0.36424345,0.34574172
1121050108,0.26484656,0.25725815
1121051101,0.21503647,0.19562067
1121051102,0.3106988,0.34523046
1121051103,0.5318093,0.5359763
1121051104,0.7224666,0.695192
1121052101,0.30093223,0.3632806
1121052102,0.3527611,0.4311267
1121052103,0.7633632,0.7318763
1121052104,0.48126802,0.50165105
1121052105,0.6589386,0.65734553
1121052106,0.75910956,0.79768145
1121053101,0.29802817,0.24729551
1121053102,0.17336765,0.19535199
1121053103,0.19123803,0.21887621
1121053104,0.17663276,0.22340037
1121053105,0.21351358,0.2026531
1121053106,0.30549982,0.22622693
1121053107,0.34202173,0.3082163
1121053108,0.20778437,0.20835549
1121053109,0.22386886,0.20121656
1121053110,0.19837919,0.19644168
1121053111,0.35298932,0.33879203
1121053112,0.5142712,0.44071594
1121053113,0.5505829,0.56831205
1121053114,0.5225224,0.53012174
1121053115,0.6329056,0.616269
1121053116,0.56459093,0.5170264
1121053117,0.5815349,0.5617676
1121053118,0.53268355,0.5810594
1121053119,0.519715,0.49336794
1121053120,0.60771585,0.67427164
1121053121,0.53112936,0.5660704
1121053122,0.2872378,0.3123639
1121053123,0.33443218,0.3463135
1121053124,0.36131677,0.34922114
1121053125,0.3416993,0.37527782
1121053126,0.60002583,0.59057564
1121054101,0.3321491,0.38012058
1121054102,0.28517562,0.32080743
1121054103,0.31040737,0.2877834
1121054104,0.542,0.55321586
1121054105,0.5665987,0.47726843
1121054106,0.6443517,0.680032
1121055101,0.0869914,0.08868554
1121055102,0.12911166,0.071625985
1121055103,0.16854914,0.15583052
1121055104,0.16998824,0.17089538
1121055105,0.1373236,0.11810013
1121055106,0.13235871,0.11134724
1121055107,0.18198828,0.17449982
1121055108,0.16239671,0.1647065
1121055109,0.14268984,0.16344143
1121055110,0.2885582,0.2678608
1121055111,0.57888067,0.5795111
1121055112,0.29241043,0.2952817
1121056101,0.24143884,0.33563474
1121056102,0.44007787,0.45166877
1121056103,0.58547395,0.61653286
1121056104,0.6009316,0.5646114
1121056105,0.6460516,0.5679246
1121057101,0.14223725,0.1447648
1121057102,0.216902,0.25705278
1121057103,0.24172287,0.23455115
1121057104,0.31080872,0.28446004
1121057105,0.22549543,0.23590542
1121057106,0.2344071,0.22210729
1121057107,0.17868015,0.14484271
1121057108,0.13598233,0.13752846
1121057109,0.19578989,0.16863392
1121057110,0.16788046,0.20616022
1121057111,0.24072044,0.21041271
1121057112,0.21343727,0.18344864
1121057113,0.14087254,0.15062027
1121057114,0.13547517,0.1379135
1121057115,0.22005518,0.19430831
1121057116,0.4209968,0.484462
1121057117,0.27541485,0.26732868
1121057118,0.3593449,0.4246831
1121057119,0.2664002,0.22747335
1121057120,0.24620947,0.24561764
1121057121,0.28536445,0.34527695
1121057122,0.27137154,0.269269
1121057123,0.18714662,0.21438456
1121057124,0.3136645,0.40813264
1121057125,0.33880168,0.37646928
1121057126,0.5121949,0.4034679
1121058101,0.22572143,0.23045303
1121058102,0.23178428,0.241291
1121058103,0.18371359,0.16591695
1121058104,0.21113278,0.18970862
1121058105,0.5249763,0.45340458
1121058106,0.49199352,0.43427595
1121059101,0.14654613,0.11281966
1121059102,0.18107304,0.21270663
1121059103,0.2863853,0.28882277
1121059104,0.45937967,0.3538091
1121059105,0.40646625,0.39375913
1121059106,0.51608396,0.45591536
1121059107,0.35384777,0.3450949
1121059108,0.4351497,0.4158756
1121060101,0.27276218,0.298661
1121060102,0.5022523,0.5695196
1121060103,0.63482463,0.5818318
1121060104,0.54018426,0.55475956
1121060105,0.44955269,0.4937062
1121061101,0.15186323,0.1032373
1121061102,0.1978542,0.14436482
1121061103,0.17182861,0.12705049
1121061104,0.14832929,0.10825538
1121061105,0.106601484,0.060571503
1121061106,0.568174,0.47452995
1121061107,0.6302584,0.66638064
1121061108,0.5863083,0.5798159
1121061109,0.38155106,0.38158515
1121062101,0.3424556,0.34662545
1121062102,0.3475738,0.3514734
1121062103,0.3272658,0.36009383
1121062104,0.59399927,0.60588425
1121062105,0.68339986,0.6912233
1121062106,0.64191556,0.69531524
1121062107,0.6667419,0.6919324
1121064101,0.2376232,0.19149764
1121064102,0.28031865,0.31254402
1121064103,0.35793442,0.3268752
1121065101,0.29734665,0.29699105
1121065102,0.5147019,0.512277
1121066101,0.21898015,0.23337723
1121066102,0.17303789,0.15952186
1121066103,0.20875862,0.19825044
1121066104,0.18891868,0.2537971
1121066105,0.21626975,0.17921598
1121066106,0.23869224,0.25800171
1121066107,0.30784506,0.3228154
1121066108,0.5329034,0.5856279
1121066109,0.67499065,0.57933825
1121066110,0.38730115,0.45829836
1121067101,0.28370753,0.2455665
1121067102,0.23605257,0.22209266
1121067103,0.25176686,0.2660543
1121067104,0.34127572,0.34379375
1121067105,0.2898953,0.30929387
1121067106,0.42749766,0.40190268
1121068101,0.2572931,0.2962185
1121068102,0.1915257,0.15506342
1121068103,0.1498371,0.1399954
1121068104,0.29876828,0.28068855
1121068105,0.17253743,0.17261043
1121068106,0.36419895,0.2768328
1121068107,0.3817745,0.37076998
1121069101,0.4323947,0.3713665
1121069102,0.6556198,0.6116105
1121069103,0.660901,0.7235145
1121069104,0.70431423,0.7235145
1121070101,0.31063777,0.28147197
1121070102,0.41433308,0.3742972
1121071101,0.4133769,0.39111388
1121071102,0.29531857,0.28716904
1121071103,0.25556913,0.3219804
1121071104,0.42164737,0.43202475
1121071105,0.3573577,0.38177532
1121071106,0.5604237,0.5751021
1121071107,0.5567149,0.5809075
1121071108,0.5648696,0.6467228
1121071109,0.64461255,0.64695084
1121071110,0.68196714,0.71430415
1121071111,0.6146049,0.66341406
1121071112,0.73481566,0.7024505
1121071113,0.75371933,0.7495027
1121071114,0.70234084,0.66476786
1121071115,0.60838276,0.52407885
1121071116,0.6610311,0.69669783
1121071117,0.7665191,0.72208744
1121071118,0.6448544,0.60817647
1121072101,0.5550632,0.6024232
1121072102,0.7206617,0.82019365
1121073101,0.19060506,0.17847
1121073102,0.38092014,0.37055948
1121073103,0.39065018,0.4735312
1121073104,0.4594751,0.4624111
1121074101,0.4551083,0.5170991
1121074102,0.52450293,0.55709964
1121074103,0.7276443,0.6395193
1121074104,0.69851756,0.6709559
1121074105,0.64588505,0.53134716
1121075101,0.13336113,0.14152895
1121075102,0.20616347,0.15895744
1121075103,0.16061936,0.14608537
1121075104,0.20084392,0.18008937
1121075105,0.13147135,0.13752788
1121075106,0.18661445,0.12525246
1121075107,0.48351872,0.46686774
1121075108,0.47518376,0.4269804
1121075109,0.22843343,0.24943541
1121075110,0.44882944,0.4749707
1121076101,0.52441585,0.6401929
1121076102,0.6907032,0.76504236
1121076103,0.7306862,0.7612564
1121076104,0.7508229,0.8448345
1121076105,0.8519563,0.82676035
1121076106,0.83571845,0.8397067
1121076107,0.68928844,0.74458265
1121076108,0.6649035,0.7001232
1121076109,0.75940084,0.75815916
1121077101,0.33992592,0.3851299
1121077102,0.22614968,0.24491845
1121077103,0.3413721,0.37991115
1121077104,0.25824684,0.30480224
1121077105,0.24888471,0.28710973
1121077106,0.20790066,0.27729967
1121077107,0.5602534,0.6032988
1121077108,0.47105992,0.44992408
1121077109,0.421218,0.45044914
1121077110,0.40007418,0.4419208
1121077111,0.5544093,0.5801413
1121079101,0.6059035,0.62567425
1121079102,0.7028007,0.6032398
1121079103,0.73832655,0.6808699
1121079104,0.644528,0.74017245
1121079105,0.78355455,0.82976776
1121080101,0.30478838,0.3539785
1121080102,0.41697323,0.39285326
1121080103,0.537405,0.49431223
1121080104,0.5811193,0.68389904
1121081101,0.5492827,0.53659445
1121081102,0.60466737,0.5871315
1121081103,0.6428051,0.6666629
1131001101,0.24961735,0.23619154
1131001102,0.25464508,0.3095502
1131001103,0.2632714,0.3026787
1131001104,0.22727618,0.2238521
1131001105,0.31674907,0.33329934
1131001106,0.23428877,0.23273982
1131001107,0.3042688,0.38144723
1131001108,0.23581567,0.2566516
1131002101,0.21854442,0.20783517
1131002102,0.2862987,0.21925366
1131002103,0.67960703,0.65008396
1131002104,0.6396918,0.7171083
1131002105,0.3591242,0.35213062
1131002106,0.820429,0.7151043
1131002107,0.57601833,0.48941427
1131002108,0.28183088,0.30736634
1131002109,0.4366301,0.52879494
1131002110,0.43448928,0.41862497
1131003101,0.24787594,0.21355785
1131003102,0.16516745,0.14006478
1131003103,0.14588827,0.10262541
1131003104,0.12016901,0.085584946
1131003105,0.18679139,0.18044834
1131003106,0.17758827,0.23132516
1131003107,0.22886617,0.22129786
1131003108,0.26364386,0.22694947
1131003109,0.2729004,0.28592554
1131003110,0.31059813,0.34606102
1131003111,0.3564752,0.35975817
1131003112,0.4049545,0.38846293
1131004101,0.259271,0.2237087
1131004102,0.24879906,0.28771386
1131004103,0.39930317,0.44427255
1131005101,0.12725006,0.12855816
1131005102,0.1858699,0.1791423
1131005103,0.13349007,0.13419056
1131005104,0.23930834,0.23695216
1131005105,0.23089102,0.22532716
1131005106,0.24369413,0.24858037
1131006101,0.18664354,0.18499537
1131006102,0.24695851,0.2192855
1131006103,0.3398498,0.28081182
1131006104,0.26312998,0.26172742
1131006105,0.3506726,0.24518068
1131006106,0.22660714,0.24236217
1131006107,0.26811945,0.19477607
1131007101,0.16691568,0.16436958
1131007102,0.18750581,0.17852028
1131007103,0.19980934,0.17499444
1131007104,0.21390007,0.20047101
1131007105,0.52996016,0.6424757
1131007106,0.30353028,0.31772077
1131008101,0.16280833,0.12778348
1131008102,0.15350816,0.12638706
1131008103,0.19720666,0.19392867
1131008104,0.1734303,0.1675288
1131008105,0.07743786,0.07541043
1131008106,0.15376905,0.1445485
1131008107,0.17438918,0.1912142
1131008108,0.19521964,0.15923244
1131008109,0.290166,0.25521004
1131009101,0.25915605,0.2258442
1131009102,0.23542029,0.20953935
1131009103,0.1866067,0.20733334
1131009104,0.20847104,0.2380783
1131009105,0.2978079,0.22793832
1131009106,0.19290633,0.18696073
1131009107,0.13380049,0.110430196
1131009108,0.29077756,0.29694635
1131009109,0.35701564,0.40213594
1131010101,0.10759385,0.07248298
1131010102,0.119186975,0.089248374
1131010103,0.14272806,0.14193866
1131010104,0.055082962,0.0465626
1131010105,0.15492,0.11291587
1131010106,0.21371125,0.20690545
1131010107,0.17726356,0.17199025
1131010108,0.09752977,0.078945845
1131010109,0.07593673,0.07236797
1131011101,0.25027293,0.3095251
1131011102,0.5473013,0.45653287
1131011103,0.59451604,0.5837473
1131011104,0.5557676,0.4452097
1131011105,0.5707209,0.46681258
1131011106,0.6033278,0.5220305
1131012101,0.15538624,0.14616558
1131012102,0.15413983,0.1407531
1131012103,0.2351865,0.22703601
1131012104,0.23630318,0.24145363
1131012105,0.2973785,0.33686057
1131012106,0.2672683,0.253359
1131012107,0.28752178,0.32234034
1131012108,0.3703395,0.3225164
1131013101,0.10533086,0.14240481
1131013102,0.122319825,0.10650537
1131013103,0.13793826,0.13529341
1131013104,0.1612765,0.20304774
1131013105,0.22094475,0.19674666
1131013106,0.17931768,0.15697867
1131013107,0.15351878,0.10291497
1131013108,0.07839101,0.043001357
1131013109,0.10116958,0.06530772
1131014101,0.28689936,0.31507394
1131014102,0.49938813,0.5008854
1131014103,0.40580454,0.49948817
1131014104,0.56375307,0.56164134
1131015101,0.29979357,0.26611534
1131015102,0.29578418,0.30722067
1131015103,0.26920173,0.22127077
1131015104,0.31384662,0.31437844
1131016101,0.15284798,0.12848175
1131016102,0.1619294,0.13511838
1131016103,0.18583062,0.15752405
1131016104,0.2528686,0.3036274
1131016105,0.27769428,0.29086027
1131016106,0.29009444,0.28946003
1131016107,0.25214988,0.19746004
1131016108,0.24354647,0.17299746
1131016109,0.262711,0.32507375
1131017101,0.14576696,0.15203455
1131017102,0.30165443,0.32237265
1131017103,0.37352085,0.3193511
1131017104,0.27204612,0.27855092
1131017105,0.37429583,0.29902825
1131018101,0.18509988,0.2597286
1131018102,0.38945827,0.4424417
1131018103,0.42430216,0.51848
1131018104,0.29438764,0.34207097
1131018105,0.44709262,0.44669363
1131019101,0.27577746,0.29317188
1131019102,0.3056057,0.35677788
1131019103,0.3183108,0.44113424
1131019104,0.35915026,0.37331912
1131019105,0.24232458,0.25293475
1131019106,0.29165715,0.34258962
1131021101,0.23238598,0.24264628
1131021102,0.16497217,0.1813627
1131021103,0.16960856,0.135993
1131021104,0.13513222,0.0897362
1131021105,0.20125277,0.19419251
1131021106,0.20821922,0.18064162
1131022101,0.10932919,0.096705176
1131022102,0.16771431,0.14397189
1131022103,0.21841228,0.21567762
1131022104,0.18480746,0.19290936
1131022105,0.195742,0.18476477
1131022106,0.20903748,0.18631454
1131022107,0.09271255,0.11596135
1131023101,0.08872603,0.07005035
1131023102,0.15918107,0.15207829
1131023103,0.18132232,0.20807284
1131023104,0.25086522,0.21326236
1131023105,0.18873411,0.22396259
1131023106,0.22126201,0.22396259
1131023107,0.17321062,0.1433709
1131023108,0.19027787,0.22159234
1131023109,0.31735972,0.35338524
1131024101,0.23564565,0.22095573
1131024102,0.26437166,0.3578517
1131024103,0.17241333,0.14705099
1131024104,0.25264856,0.28006643
1131024105,0.20597565,0.1170532
1131024106,0.25587323,0.26928908
1131025101,0.25040436,0.24745016
1131025102,0.6516917,0.5472744
1131025103,0.72142833,0.8934479
1131025104,0.699688,0.73765796
1131025105,0.6604863,0.52404886
1131025106,0.7308536,0.79596555
1131026101,0.53326756,0.54400903
1131026102,0.5835677,0.51030517
1131026103,0.5739279,0.593496
1131027101,0.19840837,0.2521657
1131027102,0.5128318,0.52685994
1131027103,0.6302347,0.7145308
1131027104,0.52659595,0.59428436
1131027105,0.6858343,0.73475385
1131027106,0.53284425,0.6125522
1131027107,0.48623,0.58403563
1131028101,0.13724019,0.11286249
1131028102,0.075192064,0.07709901
1131028103,0.12344881,0.12507126
1131028104,0.090124145,0.14535037
1131028105,0.22424112,0.27832985
1131028106,0.61314714,0.60488355
1131028107,0.58478713,0.5484314
1131028108,0.6724563,0.6439633
1131028109,0.70572937,0.6758277
1131028110,0.72976494,0.72761947
1131028111,0.48316917,0.45856023
1131028112,0.7152693,0.7165753
1131028113,0.34876534,0.3961046
1131029101,0.10097507,0.061166298
1131029102,0.10763859,0.07530018
1131029103,0.27859902,0.2545863
1131029104,0.19775799,0.19956647
1131029105,0.24538542,0.2710513
1131029106,0.19147114,0.16593999
1131029107,0.21696007,0.21644115
1131029108,0.25857353,0.22438514
1131030101,0.16880125,0.13994083
1131030102,0.16115752,0.12736455
1131030103,0.13864583,0.14119585
1131030104,0.19309188,0.21477295
1131030105,0.12599902,0.15862128
1131030106,0.093310475,0.0538575
1131030107,0.25856602,0.2948045
1131030108,0.44393507,0.4817746
1131030109,0.31334072,0.2635623
1131030110,0.28236327,0.31691045
1131030111,0.2234699,0.22753365
1131030112,0.25047195,0.26661512
1131030113,0.36283275,0.3920794
1131030114,0.32983297,0.36510867
1131030115,0.3403727,0.40705293
1131031101,0.11932369,0.14354634
1131031102,0.17034285,0.14766346
1131031103,0.4027401,0.4180169
1131031104,0.29346895,0.38626564
1131032101,0.32721487,0.36927074
1131032102,0.3325834,0.3683874
1131032103,0.41302648,0.40872762
1131032104,0.5446222,0.53034675
1131032105,0.6104795,0.5524043
1131034101,0.36998615,0.46517977
1131034102,0.46555272,0.48217472
1131034103,0.5383284,0.57327294
1131035101,0.19332175,0.14730379
1131035102,0.3077849,0.27980626
1131035103,0.22358015,0.23008503
1131035104,0.26562682,0.30622557
1131035105,0.27824846,0.32688275
1131036101,0.121424064,0.0954839
1131036102,0.25218913,0.24706149
1131036103,0.29717395,0.29291767
1131036104,0.30842412,0.3187092
1131037101,0.15359709,0.13819711
1131037102,0.253091,0.3247927
1131037103,0.47144663,0.4641071
1131037104,0.47576544,0.5051202
1131037105,0.42612788,0.45518404
1131037106,0.44013056,0.32655567
1131038101,0.23831376,0.28076056
1131038102,0.16493472,0.18963711
1131038103,0.3345753,0.3780356
1131038104,0.28191423,0.33396158
1131038105,0.33161202,0.31921425
1131039101,0.12733567,0.08042612
1131039102,0.10543936,0.13865148
1131039103,0.12116826,0.0694807
1131039104,0.10758544,0.08042612
1131039105,0.16394694,0.14203209
1131039106,0.25969848,0.30898154
1131040101,0.34288585,0.3203279
1131040102,0.5060186,0.561522
1131040103,0.5096976,0.5449509
1131041101,0.14717263,0.1962343
1131041102,0.118902795,0.108851016
1131041103,0.1658113,0.1706718
1131041104,0.1370543,0.12824476
1131041105,0.14730553,0.14818294
1131041106,0.19542816,0.19894797
1131041107,0.23993444,0.25375715
1131041108,0.23066883,0.21212763
1131041109,0.2597265,0.20692378
1131042101,0.11202457,0.12100715
1131042102,0.21080188,0.2511092
1131042103,0.2558489,0.2688518
1131042104,0.5418993,0.5551933
1131042105,0.41657433,0.48822471
1131044101,0.23650177,0.16743281
1131044102,0.25606036,0.21750343
1131044103,0.26669496,0.21803357
1131044104,0.2307773,0.23066394
1131044105,0.3237088,0.37981477
1131044106,0.30118614,0.2257099
1131045101,0.24329865,0.20235702
1131045102,0.28079218,0.34604833
1131045103,0.37264988,0.34626597
1131045104,0.1451504,0.14833866
1131045105,0.32020828,0.3857811
1131046101,0.16799253,0.16198508
1131046102,0.19908674,0.17846264
1131046103,0.35260585,0.41312754
1131046104,0.43874428,0.43627822
1131046105,0.6793163,0.655299
1131046106,0.67775106,0.61523
1131046107,0.68604356,0.5841778
1131046108,0.35889494,0.42258558
1131048101,0.07187963,0.046622127
1131048102,0.06582887,0.049723383
1131048103,0.08764194,0.06932905
1131048104,0.08815451,0.06282023
1131048105,0.08207583,0.060390066
1131048106,0.06747423,0.071357556
1131048107,0.034120183,0.05774187
1131048108,0.062153213,0.05354311
1131048109,0.106071874,0.093393795
1131048110,0.034666967,0.040366396
1131048111,0.052462727,0.07416502
1131048112,0.07751162,0.055323277
1131048113,0.120783344,0.1070072
1131048114,0.15893261,0.14190593
1131048115,0.06706974,0.064313
1131048116,0.06149326,0.060147867
1131048117,0.0903922,0.080989346
1131048118,0.12717974,0.09325942
1131048119,0.13931222,0.12784995
1131049101,0.2868051,0.334835
1131049102,0.50070345,0.57499623
1131049103,0.53647757,0.55335325
1131049104,0.54755807,0.6324047
1131050101,0.13590272,0.11033895
1131050102,0.18225248,0.12330748
1131050103,0.12220808,0.1104871
1131050104,0.10905645,0.083200626
1131050105,0.16224208,0.14572074
1131050106,0.1531547,0.18289188
1131050107,0.24866468,0.30360293
1131051101,0.046742477,0.039397184
1131051102,0.1449946,0.19108073
1131051103,0.11707863,0.11462935
1131051104,0.0530677,0.066782035
1131051105,0.04915565,0.047697626
1131051106,0.05061463,0.091440216
1131051107,0.047972005,0.06011064
1131051108,0.051555052,0.0627063
1131051109,0.040282752,0.044656232
1131051110,0.040282752,0.047697626
1131051111,0.038436104,0.040953435
1131051112,0.040546726,0.03735105
1131051113,0.044895828,0.054405846
1131052101,0.2443915,0.20753027
1131052102,0.12747978,0.14315121
1131052103,0.13267657,0.13544464
1131052104,0.2396492,0.22511913
1131052105,0.21920793,0.21803357
1131052106,0.16899095,0.16602372
1131052107,0.26458654,0.227374
1131052108,0.22950958,0.1769736
1131052109,0.036006782,0.045240197
1131053101,0.20633122,0.15813984
1131053102,0.33040664,0.44396606
1131053103,0.62999535,0.66953164
1131053104,0.49653015,0.51375395
1131054101,0.1812914,0.18790624
1131054102,0.24375966,0.25417027
1131054103,0.26368657,0.25581306
1131054104,0.17047201,0.16363563
1131054105,0.22217703,0.26231393
1131054106,0.25281456,0.2911674
1131054107,0.25182357,0.29555205
1131054108,0.29784402,0.26819813
1131054109,0.27639464,0.2114999
1131055101,0.22451495,0.23459624
1131055102,0.27312165,0.3146979
1131055103,0.27572152,0.27735576
1131055104,0.29991132,0.39399645
1131055105,0.28404987,0.28954762
1131055106,0.2052472,0.26057538
1131055107,0.20301744,0.19153777
1131055108,0.26581708,0.25432047
1131056101,0.11297277,0.06248871
1131056102,0.14850828,0.11467438
1131056103,0.16590407,0.1501207
1131056104,0.17718807,0.15079291
1131056105,0.17934561,0.17160733
1131056106,0.1968736,0.18389389
1131056107,0.18823855,0.15478931
1131056108,0.22354394,0.18961811
1131056109,0.06432924,0.070344135
1131056110,0.051243484,0.07111479
1131057101,0.16106841,0.14445013
1131057102,0.12653345,0.15817049
1131057103,0.3092578,0.24006607
1131057104,0.30688417,0.33221212
1131057105,0.35520503,0.3731411
1131057106,0.31243214,0.30055958
1131058101,0.20014636,0.20974584
1131058102,0.23692372,0.2708686
1131058103,0.41045344,0.38432568
1131058104,0.26529664,0.31355706
1131058105,0.36448762,0.35333258
1131058106,0.23366308,0.20595188
1131059101,0.16154172,0.14329492
1131059102,0.19773315,0.16743281
1131059103,0.39052457,0.37136307
1131059104,0.32923928,0.30115545
1131059105,0.3452137,0.36725184
1131059106,0.42484668,0.4184281
1131059107,0.4893539,0.44690084
1131059108,0.24871325,0.25893256
1131059109,0.28601107,0.2698957
1131060101,0.12912884,0.15109228
1131060102,0.28889033,0.35005277
1131060103,0.48622155,0.5135602
1131060104,0.4984647,0.51470023
1131060105,0.49936444,0.54054165
1131060106,0.33733827,0.36813644
1131061101,0.23331027,0.19877583
1131061102,0.1427086,0.11930639
1131061103,0.11565771,0.11301897
1131061104,0.12897907,0.1224381
1131061105,0.11806262,0.10013565
1131061106,0.058362603,0.0538575
1131061107,0.08097545,0.055323277
1131061108,0.050422486,0.056452014
1131061109,0.10898999,0.11022345
1131061110,0.0639523,0.060390066
1131061111,0.0534275,0.06210131
1131061112,0.19095986,0.18809208
1131061113,0.24696332,0.22257829
1131062101,0.43721,0.42564678
1131062102,0.5306495,0.6286745
1131062103,0.4984638,0.56753075
1131062104,0.48154426,0.5045162
1131062105,0.66957355,0.6964628
1131062106,0.66267085,0.67612296
1131063101,0.08471624,0.06392548
1131063102,0.08045942,0.07690426
1131063103,0.094240405,0.078852706
1131063104,0.11103738,0.06392548
1131063105,0.11397296,0.13524692
1131063106,0.0819003,0.09368545
1131063107,0.20097846,0.17429985
1131063108,0.23449656,0.20660697
1131063109,0.25680467,0.21903273
1131063110,0.18963018,0.18260002
1131063111,0.1742066,0.15897566
1131063112,0.091374725,0.07645488
1131064101,0.122041844,0.16453384
1131064102,0.19307983,0.18157053
1131064103,0.24722783,0.28309605
1131064104,0.1865193,0.18368675
1131065101,0.23577297,0.2482217
1131065102,0.18353952,0.17831938
1131065103,0.168175,0.19712952
1131065104,0.19905531,0.1990446
1131065105,0.21394086,0.2207931
1131066101,0.14853157,0.12950268
1131066102,0.15188122,0.12058149
1131066103,0.19036236,0.17889158
1131066104,0.21019821,0.19070168
1131066105,0.2081215,0.21561189
1131067101,0.22316055,0.19030528
1131067102,0.33620447,0.45280147
1131067103,0.27696186,0.31692627
1131067104,0.23622893,0.21963182
1131067105,0.2702239,0.26872763
1131067106,0.24570134,0.21911463
1131067107,0.23354937,0.19902472
1131067108,0.27434486,0.19848602
1131067109,0.27689648,0.26383594
1131067110,0.29556763,0.29773945
1131067111,0.24501334,0.2180356
1131067112,0.30781063,0.3640374
1131068101,0.37195647,0.48400143
1131068102,0.7090039,0.6745654
1131068103,0.4949964,0.44408947
1131068104,0.40082866,0.4670106
1131068105,0.6605576,0.58949244
1131069101,0.09349942,0.11480319
1131069102,0.08608697,0.058442723
1131069103,0.06823458,0.05572825
1131069104,0.10132529,0.13869292
1131069105,0.14480877,0.1387507
1131069106,0.10731374,0.100844294
1131069107,0.111174084,0.11458804
1131069108,0.07103975,0.077658944
1131069109,0.053488668,0.042182796
1131069110,0.06402586,0.02707212
1131069111,0.06263816,0.057861075
1131069112,0.07063496,0.09083507
1131070101,0.13511932,0.089708604
1131070102,0.12571567,0.10921985
1131070103,0.11647874,0.15172127
1131070104,0.17869514,0.20857775
1131070105,0.21171819,0.20298624
1131070106,0.2586227,0.26910296
1131070107,0.25489295,0.23065913
1131070108,0.13790357,0.14178824
1131070109,0.21116282,0.19423075
1131072101,0.14525156,0.14820576
1131072102,0.13379088,0.10682494
1131072103,0.14681742,0.11174476
1131072104,0.15434012,0.14811975
1131072105,0.16841987,0.15215357
1131072106,0.038875755,0.03775872
1131073101,0.17912208,0.20197248
1131073102,0.25921157,0.23315
1131073103,0.6381477,0.65755
1131073104,0.53708637,0.5328034
1131073105,0.5772561,0.59409595
1131073106,0.72805226,0.7745236
1131073107,0.51624316,0.5415718
1131073108,0.5955709,0.5324393
1131074101,0.15642475,0.18507132
1131074102,0.23492375,0.19877583
1131074103,0.15315369,0.15906164
1131074104,0.13991772,0.13596547
1131074105,0.2030656,0.19962828
1131074106,0.24748994,0.22751917
1131074107,0.21371125,0.21910971
1131074108,0.22726744,0.2359567
1131074109,0.17757002,0.1956125
1131074110,0.24092342,0.28554493
1131075101,0.16144714,0.11918052
1131075102,0.102708474,0.119910024
1131075103,0.16969293,0.12563689
1131075104,0.15789357,0.11730594
1131075105,0.117229775,0.098792575
1131075106,0.16548285,0.1488872
1131075107,0.15789357,0.15560813
1131075108,0.071919866,0.041899588
1131076101,0.124299064,0.066628434
1131076102,0.09751164,0.06282023
1131076103,0.10178504,0.10641935
1131076104,0.100874335,0.106630825
1131076105,0.12793787,0.15634362
1131076106,0.11065783,0.112348385
1131076107,0.06246956,0.07046472
1131076108,0.16106841,0.13411781
1131076109,0.12549463,0.13580927
1131076110,0.07136869,0.06344602
1131076111,0.16328289,0.16946073
1131076112,0.072903305,0.07870469
1131077101,0.13242877,0.13595583
1131077102,0.13819714,0.11393377
1131077103,0.1559258,0.16078115
1131077104,0.118959576,0.107181825
1131077105,0.1219841,0.081693485
1131077106,0.1507129,0.14812398
1131077107,0.10464407,0.059284814
1131077108,0.08562036,0.055133555
1131077109,0.10058373,0.06639881
1131077110,0.17909133,0.19137113
1131077111,0.20361185,0.22663763
1131077112,0.113249615,0.051876895
1131077113,0.19061126,0.22838438
1131077114,0.15550527,0.14437427
1131077115,0.17222148,0.18311548
1131077116,0.23236428,0.19056001
1131077117,0.11586693,0.11546947
1131077118,0.19405645,0.16497412
1131077119,0.17404594,0.13673115
1131078101,0.39139664,0.42326608
1131078102,0.68350387,0.6237795
1131078103,0.6769356,0.67935485
1131078104,0.6732661,0.49711016
1131078105,0.66687274,0.6596851
1131078106,0.7585647,0.7414801
1131078107,0.70865834,0.6413073
1131078108,0.6993751,0.6277578
1131078109,0.8466715,0.8445076
1131079101,0.1702073,0.20580225
1131079102,0.33348283,0.3478949
1131079103,0.5148839,0.5614801
1131080101,0.5707636,0.50050706
1131080102,0.63964945,0.54760426
1131080103,0.64476687,0.60362196
1131080104,0.6726183,0.59279895
1131081101,0.20911652,0.25767776
1131081102,0.096545056,0.10220575
1131081103,0.12905681,0.13661899
1131081104,0.08924677,0.08855167
1131081105,0.11633569,0.11566969
1131081106,0.23032296,0.24667773
1131081107,0.19887856,0.15855598
1131081108,0.13353539,0.1460667
1131081109,0.3277351,0.40724802
1131081110,0.29100507,0.29634324
1131082101,0.12397917,0.13854167
1131082102,0.1330987,0.15756196
1131082103,0.13087144,0.12831782
1131082104,0.21187118,0.16033798
1131082105,0.18604016,0.17840764
1131082106,0.21953982,0.16743281
1131082107,0.1341095,0.15004154
1131082108,0.13161409,0.12148814
1131083101,0.15966688,0.13989158
1131083102,0.15462495,0.13223009
1131083103,0.24012166,0.2236757
1131083104,0.22683921,0.22781056
1131083105,0.21567799,0.20151019
1131083106,0.20042658,0.23679921
1131083107,0.31065002,0.25693935
1131083108,0.18492685,0.19255699
1131083109,0.046742477,0.037390754
1131083110,0.046742477,0.051277302
1131084101,0.11451415,0.0952983
1131084102,0.13716196,0.13596193
1131084103,0.15577996,0.21431486
1131084104,0.21889003,0.27467796
1131084105,0.2935483,0.29665062
1131084106,0.2671857,0.28277558
1131084107,0.3707726,0.3235713
1131084108,0.30110976,0.31934327
1131084109,0.17898484,0.16963707
1141001101,0.15807217,0.09794469
1141001102,0.08387611,0.107725695
1141001103,0.17136674,0.11771795
1141001104,0.16435474,0.11965183
1141001105,0.17974758,0.1844773
1141001106,0.12158837,0.20108621
1141001107,0.17981671,0.163047
1141002101,0.09308823,0.061544172
1141002102,0.10979215,0.104862325
1141002103,0.15038194,0.123208806
1141002104,0.07279568,0.053011794
1141002105,0.102947555,0.14448047
1141002106,0.10263415,0.1030422
1141002107,0.16526051,0.13782345
1141003101,0.09858182,0.12842159
1141003102,0.13628685,0.094037086
1141003103,0.103808805,0.07899632
1141003104,0.0882739,0.07114688
1141003105,0.1402221,0.13705902
1141003106,0.18167372,0.17542146
1141004101,0.15456258,0.12128003
1141004102,0.1672578,0.11951802
1141004103,0.22387081,0.19817947
1141004104,0.22921024,0.24099389
1141005101,0.1120466,0.06639136
1141005102,0.13606226,0.15732986
1141005103,0.1299751,0.108987436
1141005104,0.086765535,0.07113228
1141005105,0.17146805,0.1878559
1141005106,0.20664114,0.21927148
1141006101,0.12802683,0.114085495
1141006102,0.11715702,0.047444843
1141006103,0.11447592,0.07870852
1141006104,0.0822044,0.06994181
1141006105,0.07486618,0.07380475
1141006106,0.09608358,0.09071178
1141006107,0.11731995,0.083930634
1141006108,0.23063198,0.22891517
1141006109,0.21977629,0.2854635
1141006110,0.20096616,0.1960477
1141007101,0.11731995,0.13414761
1141007102,0.15103242,0.14534825
1141007103,0.19193585,0.16405626
1141007104,0.22848466,0.19966793
1141008101,0.10530738,0.077499636
1141008102,0.08934176,0.06738928
1141008103,0.08656695,0.071026936
1141008104,0.09086431,0.060981184
1141008105,0.13089223,0.11356873
1141008106,0.06786367,0.047757752
1141008107,0.07279568,0.09122329
1141008108,0.08838179,0.09516617
1141008109,0.09965943,0.09453174
1141008110,0.0810914,0.10052548
1141008111,0.15419632,0.16600956
1141008112,0.14976531,0.14104226
1141008113,0.17571492,0.14104226
1141009101,0.09579585,0.07113228
1141009102,0.12398379,0.10065191
1141009103,0.15981357,0.13794005
1141009104,0.116392724,0.09878492
1141009105,0.16650227,0.14422664
1141009106,0.1620419,0.1331645
1141009107,0.1362946,0.1487209
1141010101,0.27982903,0.2702431
1141010102,0.20131065,0.26021692
1141010103,0.2726752,0.2527276
1141010104,0.27461213,0.21419965
1141011101,0.24168734,0.22365521
1141011102,0.26259503,0.29846352
1141012101,0.14720355,0.11698246
1141012102,0.16416389,0.12302358
1141012103,0.17696436,0.1491917
1141013101,0.11194371,0.107526064
1141013102,0.1028675,0.055294286
1141013103,0.09058532,0.059534416
1141013104,0.12577915,0.124494426
1141013105,0.18963732,0.18604662
1141013106,0.20445861,0.19580226
1141013107,0.17509791,0.1985252
1141013108,0.1615926,0.1475907
1141013109,0.14472492,0.14484987
1141013110,0.094500214,0.0822663
1141014101,0.1756374,0.2094074
1141014102,0.19885398,0.19865584
1141014103,0.21639118,0.21894836
1141014104,0.37931228,0.3801666
1141015101,0.07610957,0.060036816
1141015102,0.05557311,0.0538575
1141015103,0.077856645,0.050441854
1141015104,0.12009724,0.08265532
1141015105,0.11600593,0.11558998
1141015106,0.09431362,0.090653785
1141015107,0.18293224,0.17435451
1141015108,0.06187122,0.05803585
1141015109,0.09382504,0.060833294
1141015110,0.051153462,0.05971089
1141015111,0.14508872,0.18196093
1141015112,0.22064333,0.19974244
1141015113,0.24761416,0.23229465
1141016101,0.15741663,0.1159602
1141016102,0.12747978,0.1268712
1141016103,0.13254565,0.12869534
1141016104,0.25499183,0.27988473
1141016105,0.21188122,0.22969258
1141016106,0.218507,0.21881074
1141016107,0.21009408,0.21108235
1141016108,0.20088172,0.2440442
1141016109,0.2492679,0.20609266
1141017101,0.17194402,0.1471707
1141017102,0.13301322,0.100870125
1141017103,0.15873088,0.10497926
1141017104,0.32233077,0.38652578
1141018101,0.10770967,0.0913457
1141018102,0.18341573,0.13912126
1141018103,0.15844797,0.17355865
1141018104,0.09288174,0.08714084
1141018105,0.064397216,0.07366308
1141018106,0.14246361,0.11171318
1141018107,0.23989417,0.28388178
1141018108,0.2634016,0.2337073
1141018109,0.26988825,0.2838235
1141018110,0.20420496,0.16386017
1141019101,0.18052198,0.1265423
1141019102,0.36298284,0.40783584
1141020101,0.15834145,0.13441484
1141020102,0.1638833,0.112130836
1141020103,0.362772,0.3739899
1141020104,0.33419234,0.3768972
1141020105,0.2738546,0.25438014
1141021101,0.17041123,0.18170111
1141021102,0.11779782,0.13427709
1141021103,0.13526897,0.12913068
1141021104,0.15846924,0.11405238
1141021105,0.1254459,0.1004364
1141021106,0.23636593,0.20420823
1141021107,0.21284883,0.21121593
1141021108,0.17839232,0.1532479
1141022101,0.2228027,0.20592724
1141022102,0.20396188,0.19286288
1141022103,0.21090966,0.22444159
1141022104,0.20412117,0.212761
1141022105,0.17805181,0.21097282
1141022106,0.18089995,0.18170111
1141022107,0.16362716,0.18446913
1141022108,0.12542412,0.12746705
1141022109,0.14018732,0.1855261
1141023101,0.07610957,0.050227497
1141023102,0.098204836,0.09021696
1141023103,0.097811505,0.07270724
1141023104,0.08584458,0.08849833
1141023105,0.044530388,0.03313161
1141023106,0.12948221,0.09729784
1141023107,0.087773785,0.10667409
1141023108,0.063038945,0.060548913
1141023109,0.1616705,0.08999832
1141023110,0.06847032,0.051972777
1141023111,0.0882739,0.075893365
1141023112,0.060611133,0.087177776
1141023113,0.07451713,0.08922394
1141024101,0.10343468,0.053573187
1141024102,0.17186868,0.13369396
1141024103,0.17643094,0.11372294
1141024104,0.16326085,0.14155604
1141024105,0.20109573,0.16569568
1141024106,0.23629299,0.22680025
1141024107,0.26189423,0.27340457
1141024108,0.24333428,0.23830487
1141025101,0.08353587,0.05895328
1141025102,0.07870948,0.0538575
1141025103,0.10980621,0.100592725
1141025104,0.08736746,0.05895328
1141025105,0.09241758,0.06098576
1141025106,0.11436091,0.08349792
1141025107,0.1553861,0.16450517
1141026101,0.12725502,0.07994423
1141026102,0.18319185,0.17651628
1141026103,0.1318624,0.1251362
1141027101,0.24243413,0.29190695
1141027102,0.4900575,0.59287083
1141027103,0.37006137,0.45119932
1141027104,0.32537773,0.43023562
1141029101,0.08714157,0.0986796
1141029102,0.16341078,0.13619193
1141029103,0.250975,0.24218155
1141029104,0.27908045,0.20199075
1141029105,0.17038018,0.13189973
1141030101,0.17609477,0.14129739
1141030102,0.12490919,0.07448083
1141030103,0.09588024,0.0913457
1141030104,0.10887852,0.06639136
1141030105,0.17593883,0.15057151
1141030106,0.1507169,0.100211225
1141030107,0.09849771,0.07079759
1141030108,0.13913757,0.092400976
1141030109,0.08218209,0.086744964
1141030110,0.108819626,0.09605997
1141030111,0.11608366,0.08483934
1141030112,0.11270452,0.09893329
1141032101,0.19708744,0.17508237
1141032102,0.31772757,0.23403503
1141033101,0.1458709,0.13369396
1141033102,0.10063804,0.07340139
1141033103,0.12675864,0.13087307
1141033104,0.24010229,0.2552748
1141033105,0.23273578,0.30878302
1141033106,0.20284364,0.24413171
1141035101,0.13231872,0.088500425
1141035102,0.15710083,0.0817108
1141035103,0.15994908,0.117873006
1141035104,0.07801644,0.099730924
1141035105,0.22087668,0.19804204
1141035106,0.16828752,0.21876281
1141035107,0.2521294,0.23270355
1141035108,0.18656279,0.19609684
1141035109,0.29364857,0.287879
1141035110,0.21503705,0.21286558
1141036101,0.14092892,0.094037086
1141036102,0.12739429,0.085121185
1141036103,0.14296268,0.12222911
1141036104,0.18317385,0.13339509
1141036105,0.12830691,0.08116064
1141036106,0.25737962,0.2291952
1141037101,0.13398416,0.118642986
1141037102,0.12500376,0.077559546
1141037103,0.108482055,0.07114688
1141037104,0.101379484,0.057392914
1141037105,0.08590128,0.08798669
1141037106,0.06559967,0.061204128
1141037107,0.21378888,0.18511038
1141038101,0.13191296,0.07637894
1141038102,0.22032912,0.22991088
1141039101,0.0389153,0.03954427
1141039102,0.06178661,0.051847763
1141039103,0.14236523,0.1169251
1141039104,0.121512,0.11145695
1141039105,0.07493822,0.07267812
1141039106,0.0595944,0.057392914
1141039107,0.12187799,0.08023976
1141039108,0.077616304,0.048691764
1141039109,0.09895806,0.06495458
1141039110,0.042454842,0.032621507
1141039111,0.052277,0.050037775
1141039112,0.06050401,0.06323595
1141039113,0.05938722,0.053573187
1141039114,0.090317905,0.06495458
1141039115,0.13887556,0.11930639
1141039116,0.054577254,0.050227497
1141039117,0.055620313,0.050037775
1141039118,0.0476842,0.041526347
1141039119,0.05632862,0.056452014
1141039120,0.08449609,0.057392914
1141039121,0.05632862,0.050227497
1141039122,0.08139042,0.055200595
1141039123,0.11254473,0.083169386
1141039124,0.09101243,0.06495458
1141039125,0.09393202,0.08023976
1141039126,0.07339386,0.050037775
1141039127,0.10669022,0.06495458
1141039128,0.04751905,0.046418432
1141039129,0.060574677,0.046622127
1141039130,0.08377371,0.06470215
1141039131,0.072729886,0.0538575
1141039132,0.072729886,0.06008202
1141039133,0.07962294,0.057392914
1141039134,0.096925326,0.050252132
1141039135,0.10162616,0.07178802
1141039136,0.0656185,0.050227497
1141039137,0.08034533,0.057392914
1141039138,0.09376604,0.07005035
1141039139,0.10864288,0.10594473
1141039140,0.066268094,0.06495458
1141039141,0.0433683,0.032717552
1141039142,0.10560452,0.06495458
1141039143,0.06392248,0.057392914
1141039144,0.06008314,0.0538575
1141039145,0.049474467,0.045125816
1141039146,0.06408805,0.0538575
1141039147,0.051186576,0.04984156
1141039148,0.06374516,0.057392914
1141039149,0.049847677,0.04844733
1141039150,0.06178661,0.057392914
1141039151,0.0663518,0.053573187
1141039152,0.11320402,0.032974575
1141039153,0.098477855,0.07106867
1141039154,0.085533775,0.085121185
1141039155,0.102794245,0.04046494
1141039156,0.0663518,0.057392914
1141039157,0.11118253,0.122768134
1141039158,0.06823882,0.057392914
1141039159,0.064185925,0.057392914
1141039160,0.08736746,0.053193774
1141039161,0.10865795,0.08805081
1141039162,0.049170144,0.04640777
1141039163,0.07028937,0.07117909
1141039164,0.029120127,0.04531996
1141039165,0.099255465,0.06495458
1141039166,0.13156009,0.08023976
1141039167,0.11175761,0.059817962
1141039168,0.12078056,0.06495458
1141039169,0.07701893,0.06495458
1141039170,0.074174635,0.06495458
1141039171,0.090045236,0.06495458
1141039172,0.17318238,0.108548954
1141039173,0.06408805,0.057392914
1141039174,0.1266457,0.07005035
1141039175,0.13156846,0.1317095
1141039176,0.067042835,0.0538575
1141039177,0.061108116,0.057392914
1141040101,0.19907615,0.17716531
1141040102,0.23676382,0.19373967
1141040103,0.22081296,0.1933555
1141041101,0.1497037,0.12373874
1141041102,0.10089042,0.062263187
1141041103,0.35535145,0.34030417
1141042101,0.1764414,0.13192149
1141042102,0.16638456,0.12343152
1141042103,0.32743195,0.43399715
1141043101,0.1416406,0.100870125
1141043102,0.16708657,0.10058522
1141043103,0.19887502,0.18170111
1141043104,0.3037799,0.27208105
1141043105,0.08033904,0.080683246
1141043106,0.20742616,0.1776064
1141043107,0.21584176,0.22107312
1141043108,0.16501762,0.16209507
1141044101,0.22332337,0.22585881
1141044102,0.09242465,0.083353885
1141044103,0.1342023,0.100058444
1141044104,0.1718842,0.12194615
1141044105,0.08288904,0.060559817
1141044106,0.09250635,0.071111046
1141044107,0.15893357,0.15151532
1141044108,0.11457763,0.08176954
1141044109,0.07633781,0.040932246
1141044110,0.090511054,0.04469659
1141044111,0.1056172,0.056632202
1141045101,0.15601668,0.12723044
1141045102,0.1067849,0.124156706
1141045103,0.21371111,0.24797285
1141045104,0.20084672,0.17984302
1141045105,0.20683016,0.21501023
1141045106,0.17569825,0.22615129
1141045107,0.23503132,0.20028482
1141046101,0.18682918,0.14165308
1141046102,0.17584315,0.11951802
1141046103,0.12095419,0.0961294
1141046104,0.14366065,0.088371165
1141046105,0.12665859,0.1562859
1141046106,0.18530354,0.18061608
1141046107,0.17840664,0.22166486
1141046108,0.23543082,0.24351537
1141047101,0.16855817,0.12385344
1141047102,0.10277214,0.1221739
1141047103,0.18552247,0.13369396
1141047104,0.16214484,0.15164529
1141047105,0.13659666,0.1274975
1141047106,0.13984026,0.11073686
1141047107,0.13051635,0.124273725
1141047108,0.19042435,0.12603289
1141047109,0.25196502,0.2227685
1141048101,0.1002729,0.14276087
1141048102,0.12019115,0.060548913
1141048103,0.119441345,0.10355297
1141048104,0.10180444,0.1278948
1141048105,0.19424155,0.1818923
1141049101,0.14653687,0.14330855
1141049102,0.23970039,0.27077925
1141049103,0.19819304,0.17050995
1141050101,0.10255847,0.06997937
1141050102,0.12695739,0.115023196
1141050103,0.15606606,0.100569636
1141050104,0.13912718,0.12830457
1141050105,0.12894408,0.110635296
1141050106,0.18813086,0.15712622
1141050107,0.2506219,0.25826895
1141050108,0.19328263,0.14048502
1141050109,0.21469119,0.23017901
1141050110,0.19904988,0.18061608
1141051101,0.08305351,0.05584383
1141051102,0.104457304,0.0588297
1141051103,0.113550134,0.085121185
1141051104,0.123549804,0.075208396
1141051105,0.12707864,0.1278189
1141051106,0.10172089,0.06513875
1141051107,0.1453043,0.11680235
1141051108,0.074311346,0.066359416
1141051109,0.11214564,0.10193748
1141051110,0.20027424,0.19533184
1141052101,0.1699416,0.14276087
1141052102,0.15418844,0.07114688
1141052103,0.2807496,0.3276542
1141053101,0.110981405,0.09546421
1141053102,0.08182606,0.055323277
1141053103,0.14272612,0.1096542
1141053104,0.10896878,0.08999832
1141053105,0.10518487,0.13102803
1141053106,0.115357324,0.12484538
1141053107,0.12490919,0.07191998
1141053108,0.14535238,0.13545644
1141053109,0.116129026,0.071459785
1141053110,0.30221862,0.25117382
1141053111,0.2683628,0.23368321
1141053112,0.2562395,0.32938677
1141053113,0.1524706,0.11389722
1141054101,0.11038835,0.071355715
1141054102,0.09923945,0.09025575
1141054103,0.1924142,0.20737612
1141055101,0.12021889,0.10974696
1141055102,0.11908268,0.08655796
1141055103,0.25102493,0.19620931
1141055104,0.1673872,0.15167677
1141055105,0.14940682,0.12106345
1141055106,0.16435474,0.10718833
1141055107,0.20095241,0.18822618
1141055108,0.20110622,0.21357279
1141057101,0.11722759,0.079338446
1141057102,0.088866144,0.081336305
1141057103,0.20925942,0.18073137
1141058101,0.13760932,0.077559546
1141058102,0.13808799,0.07402413
1141058103,0.13845122,0.108217426
1141058104,0.08342315,0.06495458
1141058105,0.14789489,0.12126388
1141058106,0.29974762,0.2860282
1141059101,0.112171,0.08980743
1141059102,0.17849323,0.15167677
1141059103,0.15550062,0.11375812
1141059104,0.16688988,0.13273717
1141059105,0.17443599,0.1378081
1141059106,0.19862373,0.21839555
1141059107,0.25081995,0.25704178
1141060101,0.16307794,0.15476012
1141060102,0.18184924,0.13519925
1141060103,0.1519383,0.13163407
1141061101,0.21833482,0.16818686
1141061102,0.1511416,0.09885101
1141061103,0.4499473,0.43858486
1141061104,0.58685863,0.5990519
1141061105,0.6622431,0.5219774
1141063101,0.118026786,0.08265532
1141063102,0.10343468,0.061544172
1141063103,0.114102,0.07423848
1141063104,0.06661901,0.07164177
1141063105,0.12330657,0.08443159
1141063106,0.12806624,0.129868
1141063107,0.07207123,0.06876577
1141063108,0.06024645,0.085131645
1141063109,0.10769524,0.11082666
1141063110,0.07890366,0.07686995
1141063111,0.05646036,0.11484392
1141063112,0.0999548,0.09903534
1141063113,0.277615,0.24938592
1141064101,0.18779776,0.17000502
1141064102,0.15017149,0.13825338
1141064103,0.14443424,0.12703529
1141064104,0.14971435,0.15091516
1141064105,0.3163719,0.29508168
1141064106,0.31107554,0.2935402
1141064107,0.28304,0.2887896
1141065101,0.12293798,0.09130047
1141065102,0.12715931,0.120708495
1141065103,0.23819472,0.2206217
1141065104,0.2635254,0.2632158
1141066101,0.18676083,0.2335507
1141066102,0.134095,0.115287334
1141066103,0.18886308,0.20132461
1141066104,0.16902171,0.14029323
1141066105,0.16079098,0.14568383
1141066106,0.28941733,0.37461323
1141066107,0.23088385,0.21897562
1141066108,0.19349922,0.15447666
1141066109,0.46616378,0.5106769
1141066110,0.19617681,0.19911698
1141066111,0.14651002,0.17385106
1141067101,0.061080612,0.07541002
1141067102,0.050213102,0.051621728
1141067103,0.042465746,0.051584676
1141067104,0.049577888,0.040981054
1141067105,0.057258762,0.08119181
1141067106,0.07903811,0.09682027
1141067107,0.061251745,0.08134317
1141067108,0.058733024,0.073292606
1141067109,0.06993819,0.06292092
1141067110,0.028069926,0.011299902
1141067111,0.11445332,0.12315299
1141067112,0.050638378,0.0389073
1141067113,0.04805223,0.0535821
1141067114,0.07890366,0.1358329
1141067115,0.044895828,0.043194063
1141067116,0.13762796,0.08212853
1141067117,0.1110409,0.111000136
1141067118,0.076451644,0.0904514
1141067119,0.07041036,0.079862036
1141067120,0.111880176,0.13261299
1141067121,0.06143119,0.027900647
1141067122,0.19247334,0.1719488
1141067123,0.18933335,0.16734596
1141067124,0.042088594,0.057905413
1141068101,0.1904801,0.13225669
1141068102,0.18091452,0.13468888
1141068103,0.18612947,0.13660337
1141068104,0.4127018,0.38431177
1141068105,0.4896606,0.4748061
1141069101,0.18318133,0.21990998
1141069102,0.2497315,0.21913223
1141070101,0.08807659,0.08719708
1141070102,0.120100446,0.10762007
1141070103,0.11482232,0.11731168
1141070104,0.10200761,0.113059945
1141070105,0.13252193,0.10294865
1141070106,0.1879745,0.21765071
1141070107,0.10156003,0.121913806
1141070108,0.0772802,0.063683614
1141070109,0.113924734,0.08373321
1141070110,0.08055628,0.087658346
1141070111,0.1337952,0.08024941
1141070112,0.18647818,0.14669456
1141070113,0.18919142,0.19219352
1141070114,0.07379213,0.06732081
1141070115,0.084989056,0.06732081
1141072101,0.15481369,0.15287885
1141072102,0.16052924,0.17818625
1141072103,0.19345059,0.17306061
1141072104,0.21088552,0.17555389
1141073101,0.19701087,0.15208791
1141073102,0.16491376,0.13685335
1141073103,0.061824244,0.044228673
1141073104,0.13628593,0.121089764
1141073105,0.16273914,0.102551505
1141073106,0.105499394,0.08122472
1141073107,0.09787709,0.066984415
1141073108,0.095153615,0.15251116
1141073109,0.14126888,0.14669068
1141073110,0.15366659,0.18563111
1141073111,0.14461127,0.13522388
1141073112,0.17962824,0.1972348
1141074101,0.099577345,0.05023408
1141074102,0.109355725,0.04970964
1141074103,0.10191436,0.08097332
1141074104,0.10552122,0.053245053
1141074105,0.11706831,0.073939756
1141074106,0.10570356,0.102093376
1141074107,0.12397381,0.10551197
1141074108,0.15446296,0.14060104
1141075101,0.15450841,0.100569636
1141075102,0.1299354,0.100870125
1141075103,0.12060816,0.11580553
1141076101,0.14168705,0.14841475
1141076102,0.14775544,0.14034477
1141076103,0.24817155,0.32185832
1141077101,0.1707815,0.18648338
1141077102,0.15615979,0.11771551
1141077103,0.17951432,0.17477389
1141077104,0.15656877,0.13197535
1141077105,0.22477062,0.23591843
1141077106,0.2701409,0.2605834
1141077107,0.17837703,0.1626252
1141078101,0.17017642,0.16373135
1141078102,0.16825387,0.12530957
1141078103,0.13835481,0.1109597
1141078104,0.113824144,0.09885677
1141078105,0.12432221,0.077778086
1141078106,0.147064,0.15235129
1141078107,0.10340683,0.06282023
1141078108,0.19081213,0.18962634
1141078109,0.18824297,0.20281261
1141079101,0.21618533,0.19695958
1141079102,0.12217696,0.08805081
1141079103,0.24367444,0.22713073
1141079104,0.20025373,0.18402928
1141079105,0.221634,0.21172622
1141079106,0.18716866,0.18432546
1141079107,0.14399765,0.1133132
1141080101,0.21773095,0.2251863
1141080102,0.26804128,0.24962668
1141082101,0.1203278,0.100870125
1141082102,0.14535171,0.1133132
1141082103,0.15538794,0.11535164
1141082104,0.12884967,0.11746445
1141082105,0.10252089,0.060334038
1141082106,0.11316919,0.08360313
1141082107,0.12604366,0.113031365
1141082108,0.1616705,0.14171927
1141082109,0.22394943,0.20354387
1141082110,0.23392506,0.19717675
1141083101,0.112240426,0.085584946
1141083102,0.17414927,0.16126278
1141083103,0.13363294,0.14124848
1141083104,0.09625436,0.057392914
1141083105,0.10769524,0.102093376
1141083106,0.07036636,0.045450144
1141083107,0.06932984,0.086104006
1141083108,0.1736943,0.17170018
1141083109,0.1735521,0.142941
1141083110,0.16999517,0.13950343
1141083111,0.1718552,0.14104226
1141083112,0.10483672,0.076247245
1141083113,0.08339668,0.056479145
1141084101,0.12847184,0.07114688
1141084102,0.11477391,0.055280313
1141084103,0.14525607,0.13301344
1141084104,0.12738715,0.11174476
1141084105,0.36439806,0.42167592
1141085101,0.13060164,0.096507914
1141085102,0.13703975,0.122596934
1141085103,0.1649123,0.1477529
1141085104,0.093996115,0.07402413
1141085105,0.08508505,0.07011262
1141085106,0.20772633,0.19400801
1141085107,0.18353607,0.19782814
1141085108,0.18123202,0.1896151
1141085109,0.2523005,0.28301233
1141086101,0.17519955,0.12269372
1141086102,0.25258043,0.18242262
1141086103,0.24978139,0.29560384
1141086104,0.2266279,0.18847406
1141086105,0.2861553,0.32220298
1141086106,0.36817464,0.36814573
1141087101,0.18552247,0.118642986
1141087102,0.16888937,0.10065578
1141087103,0.17600836,0.13451327
1141087104,0.14894582,0.15977037
1141087105,0.35088843,0.45745447
1141088101,0.12515877,0.09317382
1141088102,0.15676196,0.12050358
1141088103,0.120950654,0.104061484
1141088104,0.124769926,0.11200514
1141088105,0.1714542,0.15256397
1141088106,0.23530428,0.21288654
1141089101,0.20392601,0.15969102
1141089102,0.22495124,0.2247914
1141089103,0.24935602,0.28990006
1141090101,0.11287625,0.11589171
1141090102,0.19134128,0.16758715
1141090103,0.1714071,0.11478186
1141090104,0.2689549,0.23916362
1141091101,0.14590926,0.10381348
1141091102,0.17565037,0.14929733
1141091103,0.16758701,0.17539306
1141091104,0.14675367,0.13453837
1141091105,0.14243093,0.12578417
1141091106,0.25663397,0.29519507
1141091107,0.36055565,0.32649672
1141091108,0.3202849,0.3533018
1141092101,0.19889556,0.17092864
1141092102,0.17877881,0.16155021
1141092103,0.19606766,0.1896151
1141092104,0.25610095,0.26434582
1141092105,0.23841797,0.27775756
1141093101,0.09006415,0.057392914
1141093102,0.0815425,0.057392914
1141093103,0.09487673,0.06248871
1141093104,0.08810755,0.073305845
1141093105,0.0889224,0.09767748
1141093106,0.06408381,0.044516467
1141093107,0.06651313,0.052078117
1141093108,0.05646036,0.09983527
1141093109,0.06408381,0.0646831
1141093110,0.07203116,0.10181929
1141093111,0.12053645,0.091326
1141093112,0.19889967,0.22821184
1141093113,0.14592576,0.14925033
1141093114,0.15876889,0.12482171
1141093115,0.13596809,0.15972342
1141093116,0.12647045,0.10144154
1141094101,0.13752522,0.09021696
1141094102,0.15966392,0.091653734
1141094103,0.15450841,0.091653734
1141094104,0.07167307,0.07224474
1141094105,0.12546064,0.082054526
1141094106,0.10500859,0.100831054
1141094107,0.10500859,0.117892906
1141094108,0.19791052,0.16193657
1141094109,0.26057547,0.23773548
1141094110,0.22248152,0.2216596
1141095101,0.2370681,0.24526462
1141095102,0.1673885,0.17540255
1141095103,0.15559714,0.10539606
1141095104,0.1811318,0.19044599
1141095105,0.21658829,0.199876
1141096101,0.13714108,0.10461453
1141096102,0.16474928,0.1527097
1141096103,0.12589236,0.13545644
1141096104,0.14632224,0.108093984
1141096105,0.2047557,0.17424028
1141096106,0.2758067,0.2787628
1141097101,0.067886986,0.067086786
1141097102,0.11000846,0.1055991
1141097103,0.12948078,0.1307503
1141097104,0.08117688,0.10328457
1141097105,0.09909047,0.11653597
1141097106,0.10830858,0.115287334
1141097107,0.11392271,0.07899632
1141097108,0.05039066,0.044954434
1141097109,0.069838196,0.053792957
1141097110,0.030139336,0.038180016
1141097111,0.09135875,0.07869711
1141097112,0.08535325,0.11176299
1141097113,0.110384196,0.10762007
1141097114,0.10524436,0.100047246
1141097115,0.13592713,0.13244547
1141097116,0.08799428,0.072316244
1141097117,0.102794245,0.07223437
1141097118,0.026654506,0.034698673
1141097119,0.041109737,0.04350922
1141097120,0.11591363,0.07669925
1141097121,0.05561736,-0.009048323
1141097122,0.08858815,0.07679127
1141097123,0.07840865,0.10515626
1141097124,0.08597383,0.040396366
1141097125,0.069306135,0.06482246
1141097126,0.09250635,0.057413083
1141097127,0.06076714,0.057173632
1141097128,0.096220195,0.07077637
1141097129,0.11349535,0.07061507
1141097130,0.030761266,0.028855659
1141097131,0.034529652,0.046516694
1141097132,0.07237951,0.061522692
1141097133,0.08536811,0.06732081
1141097134,0.075540505,0.061147675
1141097135,0.08563022,0.061179258
1141097136,0.07141146,0.035485536
1141097137,0.08107652,0.030442435
1141097138,0.06266197,0.043524258
1141097139,0.034364507,0.01122976
1141097140,0.105731025,0.078203276
1141098101,0.062321756,0.16084962
1141098102,0.08942056,0.06629766
1141098103,0.09588024,0.08023976
1141098104,0.22054192,0.22246379
1141098105,0.09147665,0.06093863
1141098106,0.1266457,0.11310537
1141098107,0.13071783,0.13746713
1141098108,0.103511095,0.03068027
1141098109,0.11539233,0.12961341
1141098110,0.106945,0.12775819
1141098111,0.18964627,0.17496864
1141098112,0.122479886,0.11930639
1141098113,0.14382893,0.0959444
1141098114,0.17849323,0.13647716
1141098115,0.07874038,0.06495458
1141098116,0.11018305,0.10915405
1141098117,0.11862666,0.08212127
1141098118,0.10932829,0.092607245
1141098119,0.06536467,0.077161476
1141098120,0.11856009,0.10221414
1141098121,0.15828246,0.12990351
1141098122,0.12493001,0.089015946
1141098123,0.15711,0.13963225
1141098124,0.08214171,0.084237896
1141098125,0.087992206,0.10908846
1141098126,0.07951699,0.100326076
1141098127,0.058274414,0.055133555
1141098128,0.05604475,0.052574214
1141098129,0.043930933,0.03954427
1141098130,0.06233268,0.057392914
1141098131,0.041787934,0.045387283
1141098132,0.028361863,0.028855659
1141098133,0.03454661,0.035914265
1141098134,0.056871373,0.05182569
1141098135,0.08463372,0.06190503
1141098136,0.06408381,0.0465626
1141098137,0.08040921,0.033363968
1141098138,0.032389544,0.023988012
1141098139,0.14060247,0.14822528
1141098140,0.044596232,0.021880988
1141098141,0.15220693,0.1240374
1141098142,0.11164647,0.10884766
1141098143,0.06857473,0.06500316
1141098144,0.06691652,0.077933736
1141099101,0.18871547,0.18879926
1141099102,0.30882964,0.29103112
1141099103,0.24237838,0.18835706
1141099104,0.3803025,0.3854884
1141100101,0.1435057,0.12852615
1141100102,0.1285853,0.06863044
1141100103,0.12405919,0.11685931
1141100104,0.22263882,0.23294437
1141100105,0.25416067,0.21721925
1141100106,0.19493324,0.2484403
1141100107,0.3470653,0.33352524
1141100108,0.33537066,0.40172374
1141100109,0.20784013,0.2613834
1141100110,0.3390945,0.3245422
1141101101,0.114583924,0.14350814
1141101102,0.12490919,0.11515853
1141101103,0.13131057,0.10783928
1141101104,0.20423873,0.17067288
1141101105,0.08946419,0.059769727
1141101106,0.09308736,0.11811938
1141101107,0.14978296,0.13190605
1141101108,0.10402188,0.11227635
1141101109,0.10007064,0.07912302
1141101110,0.05874105,0.059566848
1141101111,0.12833503,0.07998457
1141101112,0.10692145,0.06495458
1141101113,0.09182816,0.10060856
1141101114,0.07605962,0.078087755
1141101115,0.10830858,0.11811938
1141101116,0.090906136,0.04261526
1141101117,0.05882861,0.039879613
1141101118,0.134095,0.13004626
1141101119,0.092160314,0.097594455
1141101120,0.16481315,0.13004626
1141101121,0.07167307,0.083089374
1141101122,0.049610294,0.06732899
1141101123,0.12887669,0.10762007
1141101124,0.07769196,0.09340217
1141101125,0.12297281,0.12438848
1141101126,0.07403369,0.04069667
1141101127,0.12465762,0.11930639
1141101128,0.10773297,0.12144116
1141101129,0.0786472,0.07919247
1141101130,0.13287322,0.1346991
1141102101,0.08871067,0.05733885
1141102102,0.09490957,0.07402413
1141102103,0.27449703,0.25102666
1141103101,0.123549804,0.095375
1141103102,0.15009603,0.11174476
1141103103,0.18723345,0.15009513
1141103104,0.2016784,0.19249955
1141104101,0.09370883,0.070608474
1141104102,0.2474966,0.2485914
1141105101,0.17499386,0.16848934
1141105102,0.1685007,0.13462797
1141105103,0.13615772,0.13548614
1141105104,0.12738715,0.12068375
1141105105,0.15394212,0.14132918
1141105106,0.22254637,0.2934988
1141105107,0.18948834,0.18250702
1141105108,0.1647849,0.16515961
1141106101,0.22904101,0.24372554
1141106102,0.22806017,0.24099389
1141106103,0.32322592,0.31666192
1141106104,0.39386693,0.5095421
1141107101,0.18023083,0.17392974
1141107102,0.21248206,0.22365521
1141107103,0.18672395,0.18868592
1141108101,0.15281126,0.1372205
1141108102,0.114279486,0.11158778
1141108103,0.15558134,0.09436821
1141108104,0.1194021,0.114650816
1141108105,0.17842264,0.13705553
1141108106,0.11267014,0.07136123
1141108107,0.13373989,0.13127825
1141108108,0.26616707,0.24003462
1141108109,0.24479549,0.28825688
1141109101,0.1022479,0.14737
1141109102,0.15595716,0.12420323
1141109103,0.1692365,0.14240265
1141109104,0.1850124,0.18614326
1141109105,0.32438678,0.34193206
1141109106,0.24793562,0.25174186
1141109107,0.23866168,0.24673674
1141110101,0.1199517,0.07805861
1141110102,0.18967322,0.15107393
1141110103,0.16310705,0.11072067
1141110104,0.10986735,0.082542025
1141110105,0.2602074,0.24090147
1141110106,0.38207024,0.38420123
1141111101,0.10788276,0.09027923
1141111102,0.09458977,0.08845344
1141111103,0.1276128,0.093783446
1141111104,0.16886412,0.19813552
1141112101,0.15955223,0.12411904
1141112102,0.094349384,0.07571928
1141112103,0.17653723,0.21096791
1141113101,0.1532017,0.11174476
1141113102,0.10267651,0.1089577
1141113103,0.31816232,0.30730602
1141113104,0.20044766,0.16770954
1141113105,0.33021575,0.3598888
1141114101,0.1306252,0.10664899
1141114102,0.1459281,0.16032343
1141114103,0.14312425,0.091653734
1141114104,0.15546425,0.14259942
1141114105,0.22036,0.19221304
1141114106,0.245122,0.18817855
1141114107,0.18701635,0.19618167
1141115101,0.14540981,0.08421947
1141115102,0.21042627,0.16857581
1141116101,0.15950957,0.1693149
1141116102,0.15741958,0.10406956
1141116103,0.13647005,0.10049516
1141116104,0.12891206,0.10121571
1141116105,0.11260665,0.07459245
1141116106,0.13604252,0.11118516
1141116107,0.17407483,0.20795482
1141117101,0.1550959,0.14057973
1141117102,0.15820158,0.12551099
1141117103,0.26054636,0.242652
1141118101,0.14216094,0.12715772
1141118102,0.14962287,0.12919475
1141118103,0.09069615,0.07889644
1141118104,0.15772487,0.13039005
1141118105,0.14302237,0.09893329
1141118106,0.25826326,0.25366145
1141118107,0.21954776,0.19953227
1141119101,0.13363294,0.14599067
1141119102,0.21503647,0.22694947
1141119103,0.13937187,0.08159402
1141119104,0.12490919,0.14824568
1141119105,0.17718284,0.18101831
1141119106,0.21677344,0.20675051
1141119107,0.1872159,0.14963534
1141119108,0.28341997,0.31054503
1141120101,0.07050257,0.07005035
1141120102,0.15062957,0.13894497
1141120103,0.067686066,0.057392914
1141120104,0.11182444,0.10901337
1141120105,0.051335942,0.050227497
1141120106,0.06719372,0.06248871
1141120107,0.06178661,0.06361743
1141120108,0.048491653,0.055323277
1141120109,0.0179895,-0.008677305
1141120110,0.057837617,0.03300199
1141120111,0.12529016,0.06495458
1141120112,0.0663518,0.06495458
1141120113,0.06146352,0.044556182
1141120114,0.0676194,0.07399086
1141120115,0.04135437,0.04984156
1141120116,0.07169888,0.06107228
1141120117,0.13436294,0.108217426
1141120118,0.09799086,0.06495458
1141120119,0.05557311,0.0538575
1141120120,0.047578197,0.04640777
1141120121,0.097295,0.07005035
1141120122,0.06561813,0.076274864
1141120123,0.065228954,0.068331726
1141120124,0.13319024,0.15672947
1141120125,0.09922962,0.08421692
1141120126,0.0825275,0.06495458
1141120127,0.041746434,0.056323443
1141120128,0.046106584,0.046324108
1141120129,0.058680944,0.0538575
1141120130,0.07445984,0.057392914
1141120131,0.0476842,0.050227497
1141120132,0.024372173,0.04132443
1141120133,0.06008314,0.064977035
1141120134,0.04270139,0.04307968
1141120135,0.033189844,0.03954427
1141120136,0.0683413,0.071783274
1141120137,0.05737754,0.04214441
1141120138,0.083402894,0.08190921
1141120139,0.10087937,0.037535775
1141120140,0.0977439,0.10689753
1141120141,0.1432082,0.1329214
1141120142,0.05612401,0.06389198
1141120143,0.06452313,0.07079759
1141120144,0.11710314,0.075893365
1141120145,0.05719499,0.0538575
1141120146,0.049280144,0.05433287
1141120147,0.15027028,0.11208367
1141120148,0.10692145,0.06495458
1141120149,0.0718079,0.061894525
1141120150,0.061249148,0.04896861
1141120151,0.10828703,0.10557394
1141120152,0.06651313,0.061485972
1141120153,0.057192046,0.048870202
1141120154,0.034420133,0.05695464
1141120155,0.058958672,0.056484345
1141120156,0.04580706,0.048922706
1141120157,0.052743267,0.047531825
1141120158,0.070731044,0.097539686
1141120159,0.036900144,0.048868626
1141120160,0.11263668,0.07005035
1141120161,0.05870736,0.07979536
1141120162,0.08400544,0.060135856
1141120163,0.049844623,0.060205616
1141120164,0.047146104,0.038713157
1141120165,0.030761266,0.04554331
1141120166,0.21819839,0.21465014
1141120167,0.042466506,0.040699657
1141120168,0.23131998,0.23123097
1141120169,0.20380177,0.18067485
1141120170,0.036485977,0.03954427
1141120171,0.08164594,0.09983527
1141120172,0.13351445,0.13241328
1141120173,0.11543899,0.10762007
1141120174,0.10923503,0.12710492
1141120175,0.07756093,0.09949874
1141120176,0.06823458,0.048922706
1141120177,0.06097814,0.055989716
1141120178,0.048299424,0.07381389
1141120179,0.04768125,0.011339468
1141120180,0.06632323,0.067399524
1141120181,0.069414034,0.010314037
1141120182,0.058217127,0.03802807
1141121101,0.2405409,0.18013923
1141121102,0.12465969,0.11536154
1141121103,0.12970024,0.098788776
1141121104,0.14650376,0.1432872
1141121105,0.14845432,0.13157788
1141121106,0.19037971,0.19089302
1141121107,0.0978309,0.1477003
1141121108,0.19267967,0.1560641
1141121109,0.25218013,0.25685734
1141122101,0.2075616,0.19868024
1141122102,0.29981914,0.2790439
1141122103,0.37421072,0.3449961
1141123101,0.20913005,0.17305446
1141123102,0.24827941,0.27181312
1141123103,0.22656724,0.29956958
1141123104,0.27821496,0.270296
1141123105,0.13493513,0.09512078
1141123106,0.21747376,0.205113
1141124101,0.08656316,0.09635764
1141124102,0.0889224,0.06386937
1141124103,0.0825097,0.057392914
1141124104,0.12738715,0.08233452
1141124105,0.082342185,0.102093376
1141124106,0.109103546,0.06574421
1141124107,0.16942924,0.16804725
1141124108,0.19670168,0.24295467
1141124109,0.13887803,0.15388232
1141124110,0.1485489,0.13537152
1141124111,0.14067684,0.15594272
1141125101,0.11083068,0.13004626
1141125102,0.16175333,0.14411515
1141125103,0.14858976,0.13069315
1141125104,0.15024216,0.14860392
1141125105,0.1770229,0.1985409
1141125106,0.19950551,0.24741702
1141125107,0.2084004,0.1784476
1151001101,0.09048625,0.08348631
1151001102,0.35896716,0.3475405
1151001103,0.38593784,0.413811
1151001104,0.24750112,0.16838947
1151001105,0.3919696,0.44759116
1151001106,0.3029655,0.38315135
1151001107,0.43691212,0.41677165
1151001108,0.2742718,0.3398331
1151002101,0.10676722,0.07868609
1151002102,0.13953893,0.14836018
1151002103,0.10916821,0.10041487
1151002104,0.1561829,0.15522823
1151002105,0.15534902,0.12588912
1151002106,0.15980054,0.15671074
1151002107,0.12689377,0.15738577
1151002108,0.18206762,0.21239194
1151002109,0.050446942,0.031565204
1151002110,0.076224074,0.0509961
1151002111,0.071181476,0.048279274
1151002112,0.05405153,0.037762597
1151002113,0.09531841,0.0848011
1151002114,0.14028187,0.12294182
1151002115,0.1636963,0.10064123
1151002116,0.35733446,0.39780125
1151002117,0.06821928,0.0759494
1151002118,0.09054151,0.096672304
1151003101,0.15049483,0.17713524
1151003102,0.28188494,0.2549331
1151003103,0.24684618,0.24737154
1151003104,0.27622738,0.29680797
1151003105,0.35922542,0.35347235
1151003106,0.2867596,0.23415484
1151003107,0.27276558,0.25647298
1151003108,0.29517898,0.2580977
1151003109,0.20097686,0.17898867
1151003110,0.36516005,0.32544708
1151003111,0.34238514,0.32166123
1151003112,0.3441673,0.20312512
1151004101,0.14707364,0.113031365
1151004102,0.19789149,0.20861183
1151004103,0.37674698,0.33012587
1151004104,0.29632843,0.35024175
1151004105,0.30473858,0.37890282
1151004106,0.3451816,0.37158877
1151005101,0.45864293,0.37415573
1151005102,0.11811372,0.09014145
1151005103,0.25927967,0.28645584
1151005104,0.3631218,0.3411114
1151005105,0.17581686,0.1844522
1151005106,0.056644633,0.039397184
1151005107,0.14163834,0.17643552
1151005108,0.2673588,0.25660723
1151005109,0.26838842,0.24639386
1151005110,0.41496128,0.4837031
1151005111,0.26502076,0.30655444
1151005112,0.21574703,0.18749435
1151005113,0.07671392,0.10630469
1151005114,0.065543756,0.052856296
1151005115,0.23527035,0.27044785
1151005116,0.43123853,0.44028208
1151006101,0.23374216,0.2742348
1151006102,0.1959824,0.25279063
1151006103,0.21889411,0.20196499
1151006104,0.1756737,0.1592972
1151006105,0.24746875,0.22066566
1151006106,0.206911,0.16787921
1151006107,0.22161171,0.27004835
1151007101,0.23453873,0.27012014
1151007102,0.40903965,0.51003367
1151007103,0.38725698,0.38045323
1151007104,0.4486957,0.46675187
1151007105,0.44640082,0.4670953
1151007106,0.5234044,0.62286365
1151007107,0.37544134,0.41749707
1151008101,0.14250125,0.10334978
1151008102,0.27692428,0.3347924
1151008103,0.5356681,0.5157267
1151008104,0.30690616,0.34292826
1151008105,0.21227287,0.22194296
1151009101,0.10071639,0.06392548
1151009102,0.17810719,0.18132581
1151009103,0.14810923,0.15563466
1151009104,0.14181754,0.14644378
1151009105,0.15078612,0.1844522
1151009106,0.16852315,0.12260065
1151009107,0.121831425,0.099139795
1151009108,0.09071018,0.09678558
1151009109,0.17866692,0.16161042
1151009110,0.19338918,0.18801008
1151009111,0.25257277,0.22501493
1151009112,0.26384273,0.20982413
1151009113,0.20819761,0.22118154
1151010101,0.23682094,0.21694936
1151010102,0.12596467,0.16340321
1151010103,0.11731995,0.099139795
1151010104,0.13969636,0.120059885
1151010105,0.13873428,0.16961493
1151010106,0.23113887,0.25741428
1151010107,0.24227788,0.22067437
1151010108,0.15331551,0.15035722
1151010109,0.1629828,0.17565219
1151010110,0.20587614,0.22032857
1151010111,0.18881528,0.19610001
1151011101,0.16781262,0.14607874
1151011102,0.10414068,0.119910024
1151011103,0.10947687,0.08905607
1151011104,0.15631688,0.1556814
1151011105,0.1848433,0.11907491
1151011106,0.20381655,0.22240841
1151011107,0.11256299,0.0885609
1151011108,0.1650015,0.12650125
1151011109,0.1368582,0.12791944
1151011110,0.13786077,0.16540445
1151011111,0.18681294,0.16171795
1151011112,0.1479014,0.117407724
1151012101,0.20512013,0.20525925
1151012102,0.17501053,0.18776473
1151012103,0.24196723,0.29329437
1151012104,0.2732093,0.31514814
1151012105,0.1945322,0.20353846
1151012106,0.1327681,0.12870666
1151013101,0.06220992,0.041590404
1151013102,0.055692013,0.06479631
1151013103,0.066090986,0.055133555
1151013104,0.08910014,0.07005035
1151013105,0.057088975,0.057392914
1151013106,0.06019466,0.057392914
1151013107,0.09774344,0.093146585
1151013108,0.1296202,0.1169045
1151013109,0.051363543,0.055756126
1151013110,0.11036581,0.113237604
1151013111,0.066090986,0.050227497
1151013112,0.112908974,0.123686746
1151013113,0.07356526,0.07135406
1151013114,0.105817206,0.093146585
1151013115,0.18288773,0.13838671
1151013116,0.10643233,0.11908063
1151013117,0.063425355,0.05354311
1151013118,0.051186576,0.05707853
1151013119,0.059488386,0.0538575
1151013120,0.05198927,0.045125816
1151013121,0.019985637,0.027309164
1151013122,0.030416917,0.02470269
1151014101,0.06970766,0.050359745
1151014102,0.061850403,0.047176372
1151014103,0.07061787,0.06624443
1151014104,0.0923329,0.062059406
1151014105,0.07178817,0.054878935
1151014106,0.25136498,0.22791946
1151014107,0.2909176,0.34710488
1151014108,0.3727845,0.3569383
1151014109,0.31405476,0.33441803
1151014110,0.29114893,0.2902591
1151014111,0.34335068,0.3781898
1151014112,0.27836612,0.28816465
1151014113,0.17034023,0.18067145
1151015101,0.20572962,0.24048316
1151015102,0.23799798,0.24685015
1151015103,0.25477052,0.24506582
1151015104,0.32215196,0.35520002
1151015105,0.372821,0.37999433
1151015106,0.22321755,0.22441998
1151015107,0.282082,0.3021381
1151015108,0.25794533,0.22718604
1151015109,0.24415067,0.22908506
1151015110,0.3349377,0.34643793
1151016101,0.078389615,0.07214934
1151016102,0.122319825,0.12938644
1151016103,0.17914999,0.15142208
1151016104,0.16201101,0.1671945
1151016105,0.24771328,0.26192126
1151016106,0.25181398,0.26632035
1151016107,0.2355839,0.23315538
1151016108,0.20923941,0.2058202
1151016109,0.273289,0.32042646
1151017101,0.18079573,0.15275177
1151017102,0.101593375,0.07493009
1151017103,0.20605291,0.19168945
1151017104,0.19724552,0.17959762
1151017105,0.09604846,0.116952166
1151017106,0.17908551,0.20686795
1151017107,0.20968062,0.23076798
1151018101,0.16491866,0.19596341
1151018102,0.17800067,0.17497683
1151018103,0.20514007,0.19003439
1151018104,0.13517109,0.17104608
1151018105,0.14828132,0.18890613
1151018106,0.22764914,0.2647986
1151018107,0.22484262,0.17815866
1151018108,0.20502283,0.20327792
1151018109,0.17353773,0.20461887
1151018110,0.08900364,0.061571263
1151018111,0.09248136,0.061571263
1151018112,0.036793828,0.016598508
1151019101,0.15588865,0.16787921
1151019102,0.24421093,0.25207204
1151019103,0.15433726,0.12671879
1151019104,0.18791592,0.17344444
1151019105,0.11095249,0.11449986
1151019106,0.14749545,0.123354144
1151019107,0.16380069,0.1919437
1151019108,0.1592007,0.18674886
1151019109,0.19186866,0.15092662
1151019110,0.1748799,0.18953933
1151019111,0.21334518,0.2199943
1151020101,0.04513765,0.035914265
1151020102,0.031713374,0.03954427
1151020103,0.03381893,0.04531996
1151020104,0.051363543,0.050227497
1151020105,0.07585168,0.05251149
1151020106,0.044175755,0.044817325
1151020107,0.06402654,0.055323277
1151020108,0.046976995,0.04844733
1151020109,0.07065618,0.0538575
1151020110,0.094511874,0.0715436
1151020111,0.076643,0.05198275
1151020112,0.08377693,0.07695376
1151020113,0.059639998,0.046211556
1151020114,0.104323894,0.13744204
1151020115,0.043896027,0.03954427
1151020116,0.038427718,0.050388906
1151021101,0.14900155,0.12913293
1151021102,0.22673038,0.21884905
1151021103,0.22911164,0.24118525
1151021104,0.20092581,0.3209654
1151021105,0.4018713,0.41014585
1151021106,0.29875046,0.38882837
1151021107,0.24920243,0.26301387
1151021108,0.39559892,0.4880452
1151022101,0.16136289,0.15269256
1151022102,0.1619294,0.15411614
1151022103,0.18693598,0.15153994
1151022104,0.14921233,0.12807906
1151022105,0.08814606,0.058576323
1151022106,0.105074435,0.097207986
1151022107,0.18906932,0.16995756
1151023101,0.15221126,0.16132803
1151023102,0.21440673,0.1798755
1151023103,0.19571362,0.21773052
1151023104,0.11818076,0.1395205
1151023105,0.19039139,0.1816738
1151023106,0.15602781,0.17303754
1151023107,0.15693946,0.15387218
1151023108,0.10830858,0.10412531
1151023109,0.15512785,0.09458336
1151023110,0.17335175,0.15724388
1151023111,0.22938411,0.30005458
1151024101,0.04410511,0.046211556
1151024102,0.032905474,0.03954427
1151024103,0.026730118,0.035914265
1151024104,0.12607157,0.108487666
1151024105,0.063113086,0.050227497
1151024106,0.08063646,0.07097498
1151024107,0.026730118,0.030748727
1151024108,0.049829807,0.04844733
1151024109,0.049391244,0.045387283
1151024110,0.027005097,0.018013988
1151024111,0.022096263,0.035914265
1151024112,0.04437639,0.030901784
1151024113,0.039650135,0.043025613
1151024114,0.044040434,0.048922706
1151024115,0.046229515,0.03371663
1151024116,0.036958974,0.039397184
1151024117,0.062076803,0.060205616
1151024118,0.020259874,0.043803412
1151025101,0.070736095,0.06248871
1151025102,0.12604366,0.12223601
1151025103,0.12290572,0.12149898
1151025104,0.11199187,0.12935987
1151025105,0.14934024,0.12702376
1151025106,0.10544856,0.08789255
1151025107,0.12995301,0.1690312
1151025108,0.1384817,0.15599787
1151025109,0.1358473,0.13046353
1151025110,0.104323894,0.114185475
1151025111,0.18042362,0.1495942
1151025112,0.040636733,0.06677065
1151025113,0.10302344,0.09243884
1151025114,0.16433801,0.11546054
1151025115,0.17836961,0.13942377
1151025116,0.08102663,0.06236015
1151025117,0.06017166,0.06915691
1151025118,0.164865,0.17701751
1151025119,0.16159303,0.18004598
1151025120,0.17717262,0.17455083
1151025121,0.23189454,0.24969107
1151026101,0.23129697,0.21937083
1151026102,0.262226,0.26125386
1151026103,0.303641,0.28779936
1151026104,0.25894967,0.27710113
1151026105,0.24672896,0.19832689
1151026106,0.28257573,0.27720332
1151026107,0.26013583,0.31369528
1151027101,0.11825254,0.07148713
1151027102,0.17187837,0.17687741
1151027103,0.13876934,0.10917087
1151027104,0.05426134,0.032338575
1151027105,0.032956466,0.03581992
1151027106,0.047516104,-0.002653129
1151027107,0.119462945,0.13248678
1151028101,0.113119535,0.07733014
1151028102,0.095007434,0.07195751
1151028103,0.1155743,0.075893365
1151028104,0.12490919,0.13137333
1151028105,0.16219145,0.15734303
1151028106,0.16018493,0.14340493
1151028107,0.19418399,0.22074804
1151028108,0.20745215,0.1844522
1151028109,0.22736505,0.16206138
1151028110,0.1615586,0.18114233
1151029101,0.14540261,0.113237604
1151029102,0.1364891,0.14015092
1151029103,0.114401504,0.08847368
1151029104,0.14934024,0.12361337
1151029105,0.15550062,0.14096586
1151029106,0.18275401,0.15134163
1151029107,0.08758405,0.093384825
1151029108,0.08580869,0.06822208
1151029109,0.072488,0.023731072
1151029110,0.051400293,0.03361134
1151029111,0.12888451,0.093146585
1151029112,0.11954563,0.111212276
1151029113,0.112096086,0.099495664
1151029114,0.07449358,0.035719648
1151029115,0.060497854,0.055642195
1151029116,0.06721665,0.069378585
1151029117,0.107380554,0.07508916
1151029118,0.033257764,0.03361134
1151029119,0.060962904,0.05971089
1151029120,0.036958974,0.0379604
1151029121,0.09372936,0.12254284
1151030101,0.19125433,0.1797385
1151030102,0.18663172,0.193233
1151030103,0.16149767,0.1580424
1151030104,0.16903798,0.18886872
1151030105,0.19887042,0.15639445
1151030106,0.17757753,0.2105479
1151030107,0.11159621,0.12948453
1151031101,0.13457423,0.12145462
1151031102,0.1504839,0.15015948
1151031103,0.14566423,0.18400396
1151031104,0.1772902,0.19757865
1151031105,0.15928921,0.15616438
1151031106,0.1487455,0.15739527
1151031107,0.124775186,0.11359024
1151031108,0.16639498,0.17059267
1151031109,0.18113431,0.19226341
1151031110,0.106753215,0.104930006
1151031111,0.1478681,0.21411982
1151031112,0.16317384,0.18121767
1151031113,0.16481459,0.16722392
1151031114,0.23576188,0.20471519
1151031115,0.18216878,0.19878177
1151031116,0.12352352,0.118438974
1151031117,0.16959906,0.16113149
1151031118,0.15625057,0.16161011
1151031119,0.11041941,0.12634163
1151031120,0.18537782,0.20471519
1151031121,0.17030884,0.1782126
1151031122,0.16176814,0.17603798
1151031123,0.16917896,0.14629994
1151031124,0.22584644,0.225334
1151031125,0.15687083,0.13024089
1151031126,0.1647879,0.1328977
1151031127,0.1467396,0.110607356
1151031128,0.16664614,0.13464713
1151031129,0.17479551,0.13932052
1151031130,0.1963419,0.15179038
1151031131,0.11352628,0.14096627
1151031132,0.12556945,0.11740054
1151031133,0.1509695,0.1626568
1151031134,0.14594293,0.13602626
1151031135,0.16595033,0.099099524
1151031136,0.20053166,0.2002762
1151031137,0.20595035,0.20658052
1151031138,0.22345662,0.28552833
1151031139,0.24388996,0.22988829
1151031140,0.22070357,0.28587732
1151032101,0.30936965,0.43116045
1151032102,0.4613861,0.46205962
1151032103,0.523135,0.46666187
1151032104,0.4494257,0.48949316
1151032105,0.49950084,0.5689541
1151032106,0.43330598,0.51783407
1151032107,0.50554025,0.4912766
1151032108,0.6981355,0.6838871
1151033101,0.0501011,0.03954427
1151033102,0.043574795,0.04307968
1151033103,0.06672148,0.051887695
1151033104,0.10669037,0.085584946
1151033105,0.113501646,0.107526064
1151033106,0.098062396,0.06495458
1151033107,0.09943394,0.08070352
1151033108,0.12444825,0.07005035
1151033109,0.10964227,0.1059657
1151033110,0.10964227,0.09359491
1151033111,0.0946956,0.059630573
1151033112,0.11055572,0.095349304
1151033113,0.08685153,0.05551626
1151033114,0.120544404,0.10894839
1151033115,0.10692755,0.085584946
1151033116,0.11972938,0.12405937
1151033117,0.1347524,0.11570346
1151033118,0.12856048,0.13871413
1151033119,0.15999165,0.19817385
1151033120,0.1306796,0.11106147
1151033121,0.12848547,0.08986792
1151033122,0.0831653,0.057392914
1151033123,0.160753,0.14785603
1151033124,0.11936252,0.10740247
1151033125,0.17864408,0.1847922
1151033126,0.04275136,0.05816329
1151033127,0.102296986,0.09880029
1151033128,0.15348902,0.16115138
1151033129,0.2364103,0.23210967
1151033130,0.15327308,0.18676578
1151033131,0.100469396,0.07136092
1151033132,0.11311455,0.11106147
1151033133,0.11682193,0.079636306
1151033134,0.10297468,0.093146585
1151033135,0.120898366,0.093146585
1151033136,0.063113086,0.050227497
1151033137,0.052277,0.0538575
1151033138,0.09191896,0.085584946
1151033139,0.12550387,0.090135604
1151033140,0.12844728,0.13871413
1151033141,0.10642259,0.121046126
1151033142,0.04606233,0.04316889
1151033143,0.17224666,0.1133132
1151033144,0.11136448,0.10941788
1151033145,0.07836443,0.06248871
1151033146,0.092173606,0.08804274
1151033147,0.14591673,0.13539897
1151033148,0.10923265,0.09142796
1151033149,0.11439261,0.093146585
1151033150,0.16089728,0.14709005
1151033151,0.1016093,0.08773642
1151033152,0.11410535,0.093146585
1151033153,0.11168535,0.10684619
1151033154,0.16563842,0.13018323
1151033155,0.17848556,0.19358349
1151033156,0.077291496,0.05707853
1151033157,0.07953473,0.06323802
1151033158,0.14382273,0.11862311
1151033159,0.14975026,0.1573217
1151033160,0.090873875,0.093146585
1151033161,0.1336442,0.14493865
1151033162,0.11935032,0.10815646
1151033163,0.09715644,0.113237604
1151033164,0.12757778,0.09702231
1151033165,0.16396566,0.14589828
1151033166,0.16149767,0.13724391
1151033167,0.18158087,0.13019422
1151033168,0.16139247,0.13712516
1151033169,0.11430297,0.113467485
1151033170,0.12771858,0.12484761
1151033171,0.120852344,0.093146585
1151033172,0.12900668,0.10993273
1151033173,0.13213739,0.14070413
1151033174,0.06259405,0.060548913
1151033175,0.054905806,0.044556182
1151033176,0.07661515,0.04844733
1151033177,0.14441156,0.13060778
1151033178,0.048623234,0.040776756
1151033179,0.08023262,0.046095066
1151033180,0.104323894,0.13278966
1151033181,0.081593744,0.101717755
1151033182,0.07087223,0.051887695
1151033183,0.113085896,0.12581459
1151033184,0.07225647,0.05707853
1151033185,0.08510311,0.08017478
1151033186,0.07664576,0.06822208
1151033187,0.12146819,0.1097022
1151033188,0.05820165,0.03954427
1151033189,0.030760521,0.03954427
1151033190,0.100640625,0.09860507
1151034101,0.28336927,0.2978516
1151034102,0.28246722,0.23815528
1151034103,0.2877625,0.2906105
1151034104,0.36575642,0.35262352
1151035102,0.027589774,0.014857603
1151035103,0.120271064,0.11181285
1151035104,0.07394333,0.07635648
1151035105,0.07055408,0.056479145
1151035106,0.14599891,0.12660857
1151035107,0.14195839,0.13496983
1151035108,0.16965102,0.1587283
1151035109,0.21932344,0.2508432
1151035110,0.1387284,0.10298807
1151035111,0.05336255,0.028404456
1151035112,0.051763196,0.006152709
1151035113,0.06744234,0.063098185
1151035114,0.06583373,0.032085486
1151035115,0.0756287,0.09068002
1151035116,0.09757623,0.04930626
1151035117,0.11875462,0.08717818
1151035118,0.04522914,0.008454994
1151035119,0.08382241,0.10079787
1151035120,0.061285477,0.061670832
1151035121,0.06549175,0.03095129
1151036101,0.26818466,0.24123171
1151036102,0.27351892,0.27290618
1151036103,0.24927585,0.21756907
1151036104,0.24399607,0.23485647
1151036105,0.1800911,0.1569054
1151036106,0.2415214,0.20347652
1151036107,0.17258944,0.17198347
1151036108,0.25582513,0.22016962
1151037101,0.145332,0.14061484
1151037102,0.053498004,0.05096884
1151037103,0.1406542,0.1653128
1151037104,0.15056787,0.11805348
1151037105,0.15678419,0.22457445
1151037106,0.104915276,0.07877925
1151037107,0.058680944,0.052132078
1151037108,0.06019466,0.06564471
1151037109,0.0847757,0.09407228
1151037110,0.05218761,0.05853048
1151037111,0.030782709,0.062156774
1151037112,0.046770744,0.044478655
1151037113,0.06339743,0.06464019
1151037114,0.11131335,0.07958047
1151037115,0.06686659,0.052687466
1151037116,0.18989706,0.17857595
1151038101,0.17800334,0.13065419
1151038102,0.20422468,0.21119693
1151038103,0.20694546,0.16012503
1151038104,0.1878639,0.18000677
1151038105,0.18786904,0.14018321
1151038106,0.17913796,0.170343
1151039101,0.10959295,0.11389476
1151039102,0.13210258,0.13164853
1151039103,0.11954563,0.08773642
1151039104,0.11180584,0.12528047
1151039105,0.14821865,0.14045691
1151039106,0.17549427,0.25361446
1151039107,0.12781878,0.14474703
1151039108,0.0994734,0.07398146
1151039109,0.065907374,0.062921554
1151039110,0.128844,0.093146585
1151039111,0.14504072,0.1587551
1151039112,0.1687511,0.14482178
1151039113,0.2088733,0.2167693
1151039114,0.10229753,0.070634894
1151039115,0.05360846,0.03519521
1151039116,0.1189419,0.15364647
1151039117,0.08892446,0.071691394
1151039118,0.07187328,0.045125816
1151039119,0.15186717,0.12135754
1151039120,0.19988294,0.21758872
1151039121,0.24455433,0.22406311
1151039122,0.12918866,0.16717744
1151039123,0.40857634,0.3535684
1151039124,0.20860684,0.2659005
1151039125,0.117648154,0.1617892
1151039126,0.13583618,0.14480747
1151039127,0.08269626,0.07033212
1151039128,0.09248136,0.058051106
1151039129,0.091603905,0.10015066
1151040101,0.16215926,0.16182604
1151040102,0.104262725,0.12609752
1151040103,0.13184065,0.09345929
1151040104,0.15245223,0.10253653
1151040105,0.27404547,0.30586714
1151040106,0.13722564,0.13098852
1151040107,0.22988531,0.27027994
1151040108,0.26385078,0.3185479
1151040109,0.235734,0.22069757
1151042101,0.10340928,0.09970095
1151042102,0.287239,0.30151743
1151042103,0.2864144,0.30871367
1151042104,0.24737526,0.24339825
1151042105,0.29686174,0.31782377
1151042106,0.31951398,0.3201289
1151042107,0.23625703,0.26168457
1151042108,0.28578025,0.24730678
1151042109,0.30301282,0.3224515
1151042110,0.2462796,0.25985938
1151042111,0.2712692,0.2608224
1151042112,0.24928041,0.25584766
1151042113,0.31251344,0.40689945
1151042114,0.39962074,0.34380817
1151042115,0.23915921,0.22571778
1151043101,0.26231477,0.31607646
1151043102,0.24107936,0.27027962
1151043103,0.20861907,0.22314948
1151043104,0.25418425,0.27226186
1151043105,0.25225025,0.28744912
1151043106,0.34849396,0.3094941
1151043107,0.41040897,0.37878713
1151043108,0.22298935,0.26478532
1151044101,0.13606226,0.15140083
1151044102,0.13656834,0.13596547
1151044103,0.13278453,0.10680664
1151044104,0.0857103,0.08005831
1151044105,0.07232191,0.04844733
1151044106,0.09742403,0.082573965
1151044107,0.10692061,0.071568474
1151044108,0.11728528,0.1059657
1151044109,0.120045595,0.12520385
1151045101,0.229069,0.20668799
1151045102,0.11393677,0.08567532
1151045103,0.195955,0.20051122
1151045104,0.42749935,0.39845
1151045105,0.24326663,0.20834272
1151045106,0.3156644,0.30192953
1151045107,0.17325377,0.2052803
1151045108,0.30308124,0.23014668
1151045109,0.21725756,0.17597641
1151045110,0.2726357,0.25567776
1151045111,0.28742728,0.24283278
1151045112,0.31093895,0.34828466
1151045113,0.23726448,0.23853509
1151046101,0.20064989,0.18207495
1151046102,0.1825493,0.11248664
1151046103,0.21252058,0.14923276
1151046104,0.24318011,0.23994218
1151046105,0.23647374,0.18535979
1151046106,0.22284323,0.18421504
1151047101,0.2945712,0.270128
1151047102,0.30950674,0.30858514
1151047103,0.2804175,0.25242484
1151047104,0.3717819,0.36378923
1151047105,0.34334832,0.37118453
1151047106,0.35688996,0.37316307
1151047107,0.29147968,0.3123902
1151047108,0.25624835,0.278776
1151047109,0.35344952,0.3605031
1151047110,0.3700801,0.3432008
1151047111,0.45223966,0.40319803
1151047112,0.2820265,0.32130578
1151048101,0.14382817,0.09286474
1151048102,0.19424987,0.1828196
1151048103,0.2650105,0.2706679
1151048104,0.17766932,0.24468571
1151048105,0.35619467,0.38253346
1151048106,0.2467589,0.20744744
1151048107,0.24056679,0.26589456
1151048108,0.23621303,0.24783327
1151048109,0.25667793,0.31875354
1151048110,0.3057794,0.2949183
1151048111,0.2848219,0.31804487
1151048112,0.2696252,0.26516905
1151049101,0.3313293,0.34326395
1151049102,0.37213582,0.401548
1151049103,0.3729718,0.39369282
1151049104,0.62703526,0.70438457
1151049105,0.4084573,0.41684029
1151049106,0.24620454,0.27004835
1151049107,0.2879714,0.30385196
1151050101,0.1311341,0.11237827
1151050102,0.20944397,0.18162206
1151050103,0.18614382,0.17329928
1151050104,0.2239621,0.21328175
1151050105,0.22096525,0.19780655
1151050106,0.2575244,0.25571573
1151050107,0.27637327,0.3074006
1151050108,0.29549474,0.31465262
1151050109,0.24851385,0.24906154
1151051101,0.06620539,0.06392548
1151051102,0.16376759,0.1859211
1151051103,0.2266335,0.20590684
1151051104,0.19567218,0.18476394
1151051105,0.12998691,0.12650461
1151051106,0.2286531,0.22325647
1151051107,0.16805111,0.2100504
1151051108,0.19870955,0.21311629
1151051109,0.119914494,0.1361614
1151051110,0.17699258,0.19849333
1151051111,0.23546849,0.23220943
1151051112,0.1990874,0.19654745
1151051113,0.06951544,0.048870202
1151051114,0.2555698,0.2500542
1151052101,0.20549864,0.2041827
1151052102,0.33656728,0.27273956
1151052103,0.3367763,0.31378132
1151052104,0.2954147,0.37035674
1151052105,0.37855357,0.39630982
1151052106,0.37674263,0.3973088
1151053101,0.09606382,0.093146585
1151053102,0.128317,0.11862311
1151053103,0.13335544,0.08849205
1151053104,0.12222526,0.0989896
1151053105,0.14134298,0.13184363
1151053106,0.19072041,0.22625221
1151053107,0.17550954,0.19016849
1151053108,0.15233932,0.16251579
1151053109,0.04768125,0.035914265
1151053110,0.14274016,0.15913059
1151053111,0.19326833,0.18295503
1151053112,0.15280697,0.14422664
1151054101,0.0921613,0.07005035
1151054102,0.094807945,0.09458336
1151054103,0.10032081,0.064971715
1151054104,0.16838051,0.11805348
1151054105,0.058678795,0.05707853
1151054106,0.0476842,0.050227497
1151054107,0.07823497,0.06248871
1151054108,0.08181517,0.06248871
1151054109,0.09511472,0.08017478
1151054110,0.051728055,0.057194963
1151054111,0.06628101,0.048589222
1151054112,0.05404161,0.05774187
1151054113,0.06465105,0.06468667
1151054114,0.05502707,0.09223073
1151054115,0.107994385,0.07005035
1151054116,0.13017121,0.17523852
1151054117,0.024909971,0.023731899
1151054118,0.10236266,0.095191896
1151055101,0.16837013,0.14352079
1151055102,0.14091983,0.09458336
1151055103,0.18775569,0.14539336
1151055104,0.15177718,0.1809362
1151055105,0.16970053,0.2244954
1151055106,0.16768518,0.2031426
1151056101,0.271842,0.24089357
1151056102,0.41720957,0.4590089
1151056103,0.31037647,0.38853458
1151056104,0.2766427,0.27844533
1151056105,0.38781667,0.3938831
1151056106,0.29272446,0.3567411
1151056107,0.3798095,0.39284387
1151057101,0.087143324,0.056284867
1151057102,0.124294214,0.14408623
1151057103,0.048373744,0.043370564
1151057104,0.08477689,0.07669411
1151057105,0.12436744,0.07957087
1151057106,0.12999944,0.10300249
1151057107,0.10210656,0.04558496
1151057108,0.14231408,0.13529043
1151057109,0.088053465,0.1165279
1151057110,0.19736013,0.17916895
1151057111,0.0476842,0.041322656
1151057112,0.06323521,0.032621507
1151057113,0.14182821,0.12282596
1151057114,0.10763175,0.10587974
1151057115,0.10572606,0.09142796
1151057116,0.13082834,0.1117873
1151057117,0.09781001,0.077486485
1151057118,0.09071976,0.05895328
1151057119,0.11302082,0.09880547
1151057120,0.12403733,0.11979365
1151057121,0.22552982,0.24906781
1151057122,0.15522891,0.16986938
1151057123,0.15742506,0.13986312
1151057124,0.15596062,0.11480338
1151057125,0.082931794,0.08204953
1151057126,0.1022615,0.1416802
1151057127,0.13327138,0.12453568
1151057128,0.14964071,0.10472109
1151057129,0.10886656,0.106685065
1151057130,0.10370658,0.093146585
1151057131,0.10083889,0.07207364
1151057132,0.07501055,0.055323277
1151057133,0.07284308,0.05790269
1151057134,0.032838833,0.043370564
1151057135,0.08630008,0.06646683
1151057136,0.11397773,0.075893365
1151057137,0.16965905,0.1553794
1151057138,0.14476164,0.15089403
1151057139,0.15224259,0.17361271
1151057140,0.17458682,0.15457188
1151057141,0.1865113,0.14145717
1151058101,0.08404812,0.04897608
1151058102,0.07945739,0.06248871
1151058103,0.12520763,0.09975238
1151058104,0.08780276,0.06479631
1151058105,0.12909561,0.105239145
1151058106,0.0739523,0.06248871
1151058107,0.10669037,0.093146585
1151058108,0.15571514,0.15799408
1151058109,0.14760265,0.1708844
1151058110,0.15888436,0.1241348
1151058111,0.115486085,0.107526064
1151058112,0.122183576,0.12386965
1151058113,0.08627097,0.07005035
1151058114,0.12813365,0.093146585
1151058115,0.12498959,0.100036696
1151058116,0.13164672,0.10357211
1151058117,0.11321731,0.099372976
1151058118,0.09353877,0.085584946
1151058119,0.09716266,0.09180946
1151058120,0.14837134,0.11480338
1151058121,0.107392795,0.085584946
1151058122,0.11948221,0.11764671
1151058123,0.09502463,0.0993711
1151058124,0.05363391,0.050037775
1151058125,0.12092108,0.085584946
1151058126,0.11420746,0.113527335
1151058127,0.13058046,0.093146585
1151058128,0.13933757,0.13390833
1151058129,0.089447886,0.086605966
1151058130,0.15045331,0.13497001
1151058131,0.11065738,0.107526064
1151058132,0.12956673,0.1472396
1151058133,0.10109258,0.10407599
1151058134,0.101887725,0.08204953
1151058135,0.099219166,0.10389606
1151058136,0.10369766,0.08204953
1151058137,0.09191896,0.08204953
1151058138,0.14141163,0.093146585
1151058139,0.12771858,0.10724174
1151058140,0.08013581,0.07005035
1151058141,0.11082461,0.0993711
1151058142,0.11917228,0.10370634
1151058143,0.12730923,0.085584946
1151058144,0.12746696,0.13871413
1151058145,0.105322585,0.10370634
1151058146,0.08514475,0.07556139
1151058147,0.094057366,0.07332376
1151058148,0.112212576,0.07822981
1151058149,0.14117597,0.0679268
1151058150,0.13437782,0.14627577
1151058151,0.16215724,0.1715073
1151058152,0.09616501,0.09104855
1151058153,0.1207589,0.113237604
1151058154,0.11294492,0.112997085
1151058155,0.124237016,0.085584946
1151058156,0.105617434,0.08048917
1151058157,0.055121288,0.05895328
1151058158,0.16105235,0.17644338
1151058159,0.13606226,0.09458336
1151058160,0.06679474,0.050037775
1151058161,0.076643,0.06248871
1151058162,0.052277,0.044817325
1151058163,0.08904495,0.085584946
1151058164,0.18130064,0.18128268
1151059101,0.18117552,0.17696285
1151059102,0.19181252,0.20733334
1151059103,0.122319825,0.12248177
1151059104,0.2012537,0.18022636
1151059105,0.17866889,0.17574778
1151059106,0.14767584,0.2552497
1151059107,0.09034827,0.09016095
1151059108,0.040749613,0.029771842
1151059109,0.06720285,0.08820296
1151059110,0.07228583,0.042510614
1151059111,0.19455464,0.1352507
1151060101,0.15819234,0.1560025
1151060102,0.14967555,0.14463277
1151060103,0.11927757,0.13414937
1151060104,0.12454809,0.11321293
1151060105,0.13871796,0.15523598
1151060106,0.107903436,0.101284906
1151060107,0.12888819,0.096935846
1151060108,0.13024136,0.11862311
1151060109,0.11092028,0.0989896
1151060110,0.12435006,0.1127487
1151060111,0.13336919,0.15586801
1151060112,0.19350603,0.22203937
1151060113,0.13972752,0.14210485
1151060114,0.02457578,0.035914265
1151060115,0.0828833,0.037241343
1151060116,0.10990469,0.1186046
1151060117,0.043912135,0.028855659
1151060118,0.12132955,0.104395635
1151060119,0.09935707,0.062329326
1151060120,0.123227276,0.12791586
1151060121,0.11665039,0.12757625
1151060122,0.16556327,0.11710366
1151060123,0.19967473,0.18810552
1151060124,0.23817582,0.2836377
1151061101,0.13765457,0.14165473
1151061102,0.15796733,0.16096516
1151061103,0.17300195,0.21161984
1151061104,0.2055167,0.18763162
1151061105,0.14768088,0.14968222
1151062101,0.18551466,0.18519177
1151062102,0.16434924,0.13672215
1151062103,0.08870901,0.07733014
1151062104,0.18447521,0.1631729
1151062105,0.103091754,0.061593212
1151062106,0.111723304,0.12010138
1151062107,0.14213298,0.18616775
1151062108,0.23091835,0.19563814
1151062109,0.18851557,0.21724774
1151062110,0.15071064,0.101194285
1151062111,0.17427333,0.21873082
1151062112,0.12604749,0.11797461
1151063101,0.30205247,0.37594563
1151063102,0.3681543,0.44492057
1151063103,0.3924882,0.46555218
1151063104,0.458729,0.47520185
1151063105,0.345976,0.44302082
1151063106,0.24499723,0.25146103
1151063107,0.26776558,0.31048927
1151063108,0.30566722,0.4208958
1151063109,0.43144476,0.47511873
1151063110,0.32688573,0.3551459
1151063111,0.44136998,0.4063061
1151064101,0.19630551,0.19085868
1151064102,0.13925478,0.13353573
1151064103,0.27886572,0.32557628
1151064104,0.27837497,0.2552543
1151064105,0.23840363,0.23522721
1151064106,0.29047114,0.34936503
1151064107,0.23759493,0.27298605
1151064108,0.27428913,0.2287785
1151065101,0.107910745,0.090748645
1151065102,0.11979962,0.11602295
1151065103,0.12083959,0.12809186
1151065104,0.20085318,0.16153444
1151065105,0.2853869,0.2796968
1151065106,0.17601418,0.15070516
1151065107,0.20255484,0.16078956
1151065108,0.15965061,0.13890728
1151065109,0.23284549,0.2175246
1151065110,0.21524723,0.22845916
1151067101,0.13273215,0.14089036
1151067102,0.18265995,0.23582208
1151067103,0.20049241,0.18186747
1151067104,0.21430898,0.21371467
1151067105,0.30317575,0.2739838
1151067106,0.30959758,0.28309965
1151067107,0.29571533,0.30862397
1151067108,0.22544846,0.19134936
1151067109,0.23106721,0.21035261
1151067110,0.323874,0.3034671
1151067111,0.29201394,0.22633521
1151067112,0.28425938,0.26094174
1151067113,0.61066484,0.5600436
1151067114,0.3121753,0.34848765
1151068101,0.22279981,0.23092574
1151068102,0.1699416,0.100979134
1151068103,0.156273,0.19224985
1151068104,0.12323367,0.15840125
1151068105,0.18839154,0.2105479
1151068106,0.12418724,0.12907477
1151068107,0.23194657,0.23343545
1151068108,0.22761357,0.23828581
1151068109,0.40750512,0.4152169
1151069101,0.11756314,0.06721974
1151069102,0.12957688,0.06623309
1151069103,0.09854317,0.10758698
1151069104,0.09671148,0.11449986
1151070101,0.14480336,0.14344518
1151070102,0.12999944,0.112210445
1151070103,0.15630421,0.14977945
1151070104,0.14616089,0.11497158
1151070105,0.07953473,0.05895328
1151070106,0.13860643,0.107526064
1151070107,0.1617459,0.1434163
1151070108,0.12801477,0.11657427
1151070109,0.13830596,0.09164448
1151070110,0.14937508,0.111133754
1151070111,0.04250304,0.047433417
1151070112,0.14926656,0.13122478
1151070113,0.12441867,0.13716882
1151070114,0.09921278,0.06248871
1151070115,0.13025795,0.11912822
1151070116,0.18439385,0.14489968
1151070117,0.23800477,0.22965918
1151070118,0.20759253,0.2493158
1151070119,0.11753863,0.12195633
1151070120,0.22642727,0.2455128
1151070121,0.16173995,0.15959755
1151071101,0.17414655,0.14894728
1151071102,0.13960488,0.13241336
1151071103,0.22104342,0.19250557
1151071104,0.25053638,0.27535537
1151071105,0.2686767,0.29809308
1151071106,0.22266294,0.19189331
1151071107,0.22302072,0.1852893
1151072101,0.199376,0.21349025
1151072102,0.19732419,0.24439678
1151072103,0.16856773,0.18920621
1151072104,0.16966297,0.15671074
1151072105,0.22880733,0.24074283
1151072106,0.21767665,0.22488199
1151072107,0.21886757,0.16540685
1151072108,0.20020974,0.22371557
1151073101,0.21857011,0.2015823
1151073102,0.23165944,0.2047423
1151073103,0.16687849,0.23343545
1151073104,0.051296875,0.052405626
1151073105,0.036793828,0.026824523
1151073106,0.05610799,0.06872945
1151073107,0.05183202,0.025203604
1151073108,0.05426134,0.018144999
1151073109,0.057505455,0.0583246
1151074101,0.14914578,0.15869689
1151074102,0.46350998,0.3978891
1151074103,0.28640935,0.312217
1151074104,0.62865704,0.56714034
1151074105,0.41608983,0.4680948
1151074106,0.5350434,0.41547513
1151074107,0.47854924,0.3528818
1151074108,0.4679608,0.5210426
1151074109,0.46309924,0.45072484
1151074110,0.33673587,0.40243164
1151074111,0.26440188,0.22297512
1151074112,0.44235128,0.4344404
1151074113,0.3542357,0.30614102
1151075101,0.102952294,0.06392548
1151075102,0.142681,0.1737546
1151075103,0.07889893,0.06392548
1151075104,0.09242465,0.06392548
1151075105,0.15789357,0.14519012
1151075106,0.16395964,0.16269694
1151075107,0.11397765,0.08354009
1151075108,0.14792393,0.11437212
1151075109,0.12943608,0.13054565
1151076101,0.18480405,0.18878089
1151076102,0.18708923,0.16907035
1151076103,0.17527217,0.16280809
1151076104,0.16248934,0.12440025
1151076105,0.13801292,0.12552893
1151076106,0.08281322,0.054979894
1151076107,0.1914951,0.23320156
1151076108,0.14906803,0.12722155
1151076109,0.103091754,0.08684719
1151076110,0.13800234,0.16052693
1151076111,0.11675549,0.11270169
1151076112,0.15398939,0.13942538
1151076113,0.045428745,0.06635674
1151076114,0.042956386,0.043803412
1151077101,0.26640815,0.29445612
1151077102,0.2814795,0.4414875
1151078101,0.18427798,0.18108782
1151078102,0.29145795,0.39900342
1151078103,0.20711088,0.21438064
1151078104,0.21691939,0.21765071
1151079101,0.14116533,0.13421856
1151079102,0.18637805,0.16645968
1151079103,0.23368119,0.22526234
1151079104,0.2732558,0.19743422
1151079105,0.19439755,0.2211923
1151079106,0.251402,0.2245379
1151080101,0.20476684,0.13580129
1151080102,0.2303286,0.21225145
1151080103,0.5284447,0.5187586
1151081101,0.05493955,0.03954427
1151081102,0.09741929,0.09326942
1151081103,0.13912573,0.12977032
1151081104,0.18630624,0.19164982
1151081105,0.1419108,0.12658596
1151081106,0.15685584,0.14627577
1151081107,0.11849709,0.111175865
1151081108,0.05906725,0.023121726
1151081109,0.10173901,0.08992274
1151081110,0.03642915,0.042912252
1151081111,0.0294045,0.035914265
1151081112,0.0294045,0.035914265
1151081113,0.066227555,0.052059676
1151081114,0.0389153,0.03223801
1151081115,0.03697593,0.028855659
1151081116,0.062417597,0.0059632873
1151081117,0.065543845,0.020918272
1151081118,0.024175135,0.04531996
1151081119,0.025088592,0.012555062
1151081120,0.0294045,0.035914265
1151081121,0.024045961,0.0379604
1151081122,0.056941815,0.023157474
1151081123,0.036793828,0.031046622
1151081124,0.049945425,0.03831162
1151081125,0.05315573,0.030607589
1151081126,0.16262862,0.123443015
1151081127,0.117268264,0.08996516
1151081128,0.08853659,0.1122661
1151081129,0.05206692,0.03954427
1151081130,0.09919268,0.069135234
1151082101,0.10556506,0.07005035
1151082102,0.17113888,0.13322826
1151082103,0.08616443,0.0596895
1151082104,0.09128349,0.06672923
1151082105,0.14212029,0.13085958
1151082106,0.10910097,0.08320677
1151082107,0.30541524,0.33650443
1151082108,0.3947007,0.51586205
1151082109,0.22330976,0.21645364
1151082110,0.29444245,0.3323544
1151082111,0.20434327,0.23475426
1151082112,0.34290287,0.44538778
1151082113,0.34814408,0.31594115
1151083101,0.12153196,0.09264168
1151083102,0.094884485,0.11728375
1151083103,0.122319825,0.10329081
1151083104,0.09367243,0.08102146
1151083105,0.14721139,0.15147927
1151083106,0.10336466,0.06508455
1151084101,0.1769072,0.17158067
1151084102,0.18322751,0.17383431
1151084103,0.15050277,0.16852678
1151084104,0.18955082,0.19298616
1151084105,0.26745293,0.1993466
1151084106,0.20356315,0.26973754
1151084107,0.21830326,0.19290936
1151084108,0.1663696,0.1263397
1151084109,0.14094089,0.18479909
1151085101,0.19070767,0.17039336
1151085102,0.15711008,0.12975775
1151085103,0.1710951,0.16809532
1151085104,0.36690238,0.34411538
1151085105,0.2822122,0.252655
1151085106,0.33193082,0.3295577
1151085107,0.38759524,0.38830605
1151085108,0.37334442,0.3022369
1151085109,0.3310254,0.3197466
1151086101,0.13845101,0.11076855
1151086102,0.30649945,0.33757007
1151086103,0.3154555,0.39398557
1151086104,0.33992153,0.43846813
1151086105,0.37923613,0.40586293
1151086106,0.58423084,0.5531724
1151086107,0.44903803,0.471899
1151086108,0.5288398,0.49355227
1151086109,0.54210037,0.56292266
1151087101,0.15725076,0.2203178
1151087102,0.36394474,0.45406073
1151087103,0.42617056,0.30456558
1151087104,0.23749395,0.23084101
1151087105,0.31209376,0.30536872
1151087106,0.35881606,0.33881316
1151087107,0.33717826,0.30162135
1151087108,0.4849598,0.52820075
1151087109,0.24649893,0.2646248
1151087110,0.28364444,0.24622093
1151087111,0.53781694,0.62706405
1151087112,0.41669193,0.41723317
1151087113,0.05011057,0.007303333
1151087114,0.05042399,0.021626346
1151087115,0.049945425,0.023988012
1151087116,0.05183202,0.021626346
1151087117,0.3013166,0.35329214
1151087118,0.29826736,0.21937749
1151088101,0.15693946,0.15800631
1151088102,0.22827233,0.22711858
1151088103,0.46817324,0.49877912
1151088104,0.3300774,0.3135277
1151088105,0.24627213,0.27511883
1151088106,0.35888776,0.40029368
1151088107,0.2489371,0.2949589
1151088108,0.3662147,0.36526144
1151088109,0.36693075,0.35566956
1151088110,0.14473358,0.09436821
1151088111,0.33298364,0.34414366
1151088112,0.18081778,0.20619649
1151088113,0.22297114,0.26158932
1151089101,0.15868261,0.14622304
1151089102,0.14837392,0.18941164
1151089103,0.17781232,0.17584804
1151089104,0.16342117,0.14848438
1151089105,0.18537065,0.17804682
1151090101,0.15415469,0.11257053
1151090102,0.13336113,0.11790598
1151090103,0.21692972,0.27762002
1151090104,0.3227853,0.32013392
1151090105,0.31317815,0.298706
1151090106,0.21115918,0.23904459
1151090107,0.45304275,0.46113393
1151090108,0.23103955,0.2670374
1151090109,0.36373314,0.35635155
1151090110,0.1719927,0.22422317
1151090111,0.2072148,0.20149615
1151090112,0.30949673,0.35409042
1151090113,0.32203197,0.30885103
1151091101,0.10494176,0.09957264
1151091102,0.22261654,0.192919
1151091103,0.06879473,0.061571263
1151091104,0.189522,0.21291977
1151091105,0.14664893,0.16225393
1151091106,0.19021437,0.18115795
1151091107,0.16400982,0.15732986
1151091108,0.10772189,0.111243136
1151091109,0.16516538,0.14478037
1151091110,0.16382179,0.16683257
1151091111,0.18204503,0.13861825
1151091112,0.13374843,0.110549696
1151091113,0.23004067,0.29145068
1151092101,0.09735248,0.1375961
1151092102,0.13924763,0.15283775
1151092103,0.111440904,0.105282806
1151092104,0.0962779,0.07162094
1151092105,0.11589426,0.113438524
1151092106,0.14774837,0.13851422
1151092107,0.15259081,0.13802326
1151092108,0.10510787,0.08469572
1151092109,0.15094219,0.16403468
1151092110,0.14040141,0.14007664
1151092111,0.1382523,0.12773803
1151092112,0.18967837,0.13989523
1151093101,0.10221862,0.10498281
1151093102,0.1541186,0.1202296
1151093103,0.13396518,0.12514943
1151093104,0.17663592,0.15596469
1151093105,0.23544873,0.22919846
1151093106,0.24948607,0.27988088
1151093107,0.27348277,0.24797107
1151093108,0.17392197,0.22753012
1151094101,0.22559208,0.2259461
1151094102,0.22680835,0.24040216
1151094103,0.24507546,0.27710456
1151094104,0.25477052,0.20733334
1151094105,0.23443086,0.22822984
1151094106,0.21482399,0.1743655
1151094107,0.23978819,0.22179824
1151094108,0.32691148,0.32115772
1151095101,0.083317384,0.07079759
1151095102,0.05972389,0.06479631
1151095103,0.13095602,0.09972432
1151095104,0.07151359,0.0811958
1151095105,0.0790424,0.057392914
1151095106,0.118465066,0.11771883
1151095107,0.1368572,0.13726711
1151095108,0.12950209,0.07218427
1151095109,0.14990336,0.15476093
1151095110,0.0999536,0.13781233
1151095111,0.11247173,0.09569369
1151095112,0.15570982,0.13140106
1151096101,0.15398377,0.16639115
1151096102,0.14855361,0.162932
1151096103,0.14442371,0.11597757
1151096104,0.09060257,0.060390066
1151096105,0.15312041,0.10603994
1151096106,0.1487276,0.14270987
1151096107,0.18233225,0.1865525
1151096108,0.1688403,0.11503266
1151096109,0.1663485,0.12456741
1151096110,0.19081716,0.16563092
1151097101,0.1353815,0.1570195
1151097102,0.2070283,0.26728192
1151097103,0.2928205,0.3956586
1151097104,0.27049947,0.370506
1151097105,0.38037857,0.47575986
1151098101,0.21699393,0.26837867
1151098102,0.2129275,0.26573825
1151098103,0.1754598,0.20317066
1151098104,0.21576454,0.2499178
1151099101,0.066399254,0.080480255
1151099102,0.11668921,0.08620079
1151099103,0.04874147,0.041622393
1151099104,0.081264615,0.055135135
1151099105,0.044175755,0.052942686
1151099106,0.07722354,0.0538575
1151099107,0.07134301,0.05198275
1151099108,0.09068779,0.073134035
1151099109,0.05423437,0.056452014
1151099110,0.11993202,0.11085193
1151099111,0.23266517,0.22621353
1151099112,0.156273,0.15897566
1151099113,0.14148897,0.15755644
1151099114,0.17786472,0.12592256
1151100101,0.1870981,0.1325852
1151100102,0.11576518,0.07733014
1151100103,0.11105328,0.14157157
1151100104,0.09536908,0.11460619
1151100105,0.08668373,0.08469572
1151100106,0.13863282,0.13364023
1151100107,0.1830401,0.12910499
1151100108,0.15455432,0.25086296
1151100109,0.17435475,0.21782522
1151100110,0.23948547,0.21827984
1151100111,0.15525636,0.14273338
1151101101,0.15419781,0.106900536
1151101102,0.1396437,0.14317198
1151101103,0.2642263,0.28346303
1151101104,0.2169508,0.21950774
1151101105,0.23280868,0.24024805
1151101106,0.32191706,0.30036896
1151101107,0.30222616,0.30229256
1151101108,0.2395595,0.24617709
1151101109,0.22160074,0.27368167
1151101110,0.24322218,0.28890762
1151101111,0.3119348,0.30757096
1151101112,0.52611214,0.5041124
1151101113,0.3082491,0.31022194
1151101114,0.22610563,0.24084565
1151101115,0.25732228,0.29238856
1151102101,0.25607476,0.25301373
1151102102,0.26566654,0.27657238
1151102103,0.21955411,0.19288756
1151102104,0.22973438,0.20826742
1151102105,0.24612503,0.2210651
1151102106,0.19321069,0.23212664
1151103101,0.112904795,0.0694807
1151103102,0.11391853,0.07733014
1151103103,0.16032003,0.12807906
1151103104,0.12490919,0.08337018
1151103105,0.16137187,0.15358326
1151103106,0.15569937,0.15932196
1151103107,0.15559965,0.16363563
1151103108,0.17616212,0.15499213
1151103109,0.09628047,0.06363769
1151103110,0.18876529,0.20273985
1151103111,0.10644103,0.112844445
1151104101,0.1013813,0.08176522
1151104102,0.11055572,0.10214597
1151104103,0.07804827,0.055133555
1151104104,0.066090986,0.050227497
1151104105,0.112240426,0.085584946
1151104106,0.06687084,0.05150355
1151104107,0.10393664,0.107052065
1151104108,0.049170144,0.036441233
1151104109,0.07437211,0.069514684
1151104110,0.04890662,0.050227497
1151104111,0.07724401,0.059537478
1151104112,0.0476842,0.050227497
1151104113,0.08071773,0.058289554
1151104114,0.06859229,0.055323277
1151104115,0.062305648,0.041526347
1151104116,0.11344746,0.11039775
1151104117,0.06940384,0.0538575
1151104118,0.12856048,0.15317045
1151104119,0.14964071,0.13230148
1151104120,0.08175418,0.08058188
1151104121,0.10881955,0.10389606
1151104122,0.12317784,0.13994026
1151104123,0.07765816,0.0538575
1151104124,0.12856048,0.13871413
1151104125,0.12227792,0.11106147
1151104126,0.09033131,0.07005035
1151104127,0.13715729,0.18954404
1151104128,0.14581417,0.14182806
1151104129,0.055949293,0.028855659
1151104130,0.11716673,0.11106147
1151104131,0.072729886,0.0538575
1151104132,0.07432797,0.05895328
1151104133,0.07815747,0.07695376
1151104134,0.0632191,0.050227497
1151104135,0.16390076,0.1741014
1151104136,0.13772479,0.13932998
1151104137,0.10894134,0.08204953
1151104138,0.08688477,0.07841953
1151104139,0.082831345,0.10348991
1151104140,0.1293231,0.100036696
1151104141,0.07812894,0.057392914
1151104142,0.08996042,0.078235015
1151104143,0.13086003,0.14690536
1151104144,0.12973468,0.121636726
1151105101,0.25357175,0.29564345
1151105102,0.2534916,0.3133295
1151105103,0.33455423,0.38411462
1151105104,0.37910652,0.36839476
1151105105,0.28333414,0.33944702
1151106101,0.0294045,0.0379604
1151106102,0.09421973,0.07236797
1151106103,0.06559181,0.041347288
1151106104,0.08319315,0.06248871
1151106105,0.12649207,0.12266887
1151106106,0.09019486,0.059817962
1151106107,0.098459825,0.09807367
1151106108,0.06399986,0.06248871
1151106109,0.12863603,0.11862311
1151106110,0.08951749,0.085584946
1151106111,0.09074761,0.07148713
1151106112,0.09382543,0.06363769
1151106113,0.08008748,0.05895328
1151106114,0.2229098,0.20680574
1151106115,0.028361117,0.041590404
1151106116,0.16757563,0.2722104
1151106117,0.10015846,0.06442155
1151106118,0.04829919,0.043370564
1151106119,0.07505041,0.038713157
1151106120,0.0966932,0.0694534
1151106121,0.08804544,0.059824515
1151106122,0.16728775,0.21923232
1151106123,0.20138654,0.23104279
1151106124,0.24215358,0.20666745
1151106125,0.21188131,0.2401368
1151106126,0.1346362,0.14865258
1151106127,0.1777722,0.16904707
1151106128,0.2244661,0.20750915
1151106129,0.17946991,0.20461887
1151106130,0.1443735,0.14116323
1151106131,0.231098,0.15606429
1151106132,0.27189237,0.3186369
1151106133,0.28042138,0.31747496
1151106134,0.26950434,0.25945133
1151106135,0.07484269,0.08568853
1151106136,0.07674067,0.084063426
1151106137,0.08964218,0.089331545
1151107101,0.14202121,0.16047892
1151107102,0.1610993,0.11174476
1151107103,0.14827152,0.1312281
1151107104,0.19889556,0.17019509
1151107105,0.23057301,0.21780053
1151107106,0.1790908,0.14692128
1151108101,0.1290253,0.11480338
1151108102,0.15160567,0.14946713
1151108103,0.11665197,0.09760741
1151108104,0.09709784,0.08017478
1151108105,0.12915327,0.14789903
1151108106,0.14420807,0.11065532
1151108107,0.12644087,0.11149432
1151108108,0.08848303,0.07851937
1151108109,0.028491044,0.0379604
1151108110,0.055608626,0.041590404
1151108111,0.023980124,0.03954427
1151108112,0.030213738,0.010414585
1151108113,0.15480241,0.18413529
1151108114,0.10566362,0.15794022
1151108115,0.027710015,0.032337002
1151109101,0.031713374,0.028855659
1151109102,0.0787162,0.05198275
1151109103,0.13058046,0.10575155
1151109104,0.17810719,0.16002977
1151109105,0.13726254,0.14214091
1151109106,0.13706619,0.12446614
1151109107,0.13714601,0.1325001
1151109108,0.12847298,0.14439803
1151109109,0.12885852,0.10243029
1151109110,0.09611757,0.08048917
1151109111,0.09919006,0.07592309
1151109112,0.07572954,0.08048917
1151109113,0.12083959,0.06387302
1151109114,0.11401667,0.15328988
1151109115,0.1166269,0.11682611
1151109116,0.06775672,0.073808044
1151109117,0.115577474,0.10574604
1151109118,0.080686346,0.08204953
1151109119,0.059933282,0.050037775
1151109120,0.10173901,0.058515314
1151109121,0.24754436,0.18833265
1151109122,0.08185884,0.06248871
1151109123,0.0807659,0.05895328
1151109124,0.1417121,0.13871413
1151109125,0.124443516,0.10357211
1151109126,0.07996078,0.07663937
1151109127,0.084962316,0.076764114
1151109128,0.044396248,0.031307057
1151109129,0.04766703,0.013170552
1151109130,0.06526018,0.052871555
1151109131,0.09502949,0.06468667
1151109132,0.11066485,0.085584946
1151109133,0.048491653,0.044817325
1151109134,0.05872654,0.044817325
1151109135,0.06823734,0.04844733
1151109136,0.098463155,0.08264065
1151109137,0.04789045,0.044817325
1151109138,0.033189844,0.035914265
1151109139,0.030033587,0.041500233
1151109140,0.1386163,0.13018323
1151109141,0.1192163,0.10636711
1151109142,0.22628301,0.2580087
1151110101,0.12160649,0.07917228
1151110102,0.11103738,0.08320603
1151110103,0.15473944,0.10987521
1151110104,0.10402197,0.11997223
1151110105,0.12164221,0.16453569
1151110106,0.15733229,0.16283172
1151110107,0.07488513,0.079241954
1151110108,0.100934364,0.10915793
1151110109,0.1619014,0.15534237
1151110110,0.07334261,0.09150446
1151110111,0.23590608,0.2318458
1151110112,0.16673058,0.1692115
1151110113,0.40153456,0.38446558
1151110114,0.38689747,0.39348382
1151110115,0.24792153,0.2965467
1151110116,0.17708753,0.13436835
1151110117,0.21906386,0.19497167
1151110118,0.28802174,0.33110216
1151111101,0.30091727,0.2569619
1151111102,0.41676942,0.4237531
1151111103,0.48559663,0.54979056
1151111104,0.5175901,0.42326552
1151111105,0.40679386,0.4521911
1151111106,0.2813421,0.30373037
1151111107,0.6537255,0.6308248
1151111108,0.6216569,0.6267123
1151111109,0.5792092,0.59442407
1151111110,0.55010504,0.4400928
1151112101,0.15479726,0.13027857
1151112102,0.11663015,0.080067076
1151112103,0.3247131,0.40617934
1151112104,0.38238618,0.4559551
1151112105,0.33891445,0.30803236
1151112106,0.35336006,0.36576033
1151112107,0.27913868,0.348384
1151112108,0.44302928,0.49881107
1151112109,0.31852317,0.2884289
1151112110,0.32190374,0.43975222
1151113101,0.18875895,0.1938877
1151113102,0.37282604,0.43407667
1151113103,0.14026763,0.1022958
1151113104,0.20292425,0.18508135
1151113105,0.23172744,0.28538996
1151113106,0.26828304,0.24595585
1151113107,0.48128814,0.56855524
1151113108,0.54962736,0.58427185
1151113109,0.2614708,0.31205797
1151113110,0.35726073,0.3763251
1151113111,0.25815567,0.36931005
1151113112,0.30052918,0.33685386
1151113113,0.28826502,0.3106327
1151113114,0.23913361,0.24371158
1151113115,0.7142225,0.77574134
1151113116,0.5929063,0.65556073
1151114101,0.31133965,0.35797954
1151114102,0.30733433,0.42302513
1151114103,0.57078457,0.5293267
1151114104,0.4292943,0.42161196
1151114105,0.39282945,0.3474268
1151114106,0.5914457,0.5476786
1151114107,0.39772898,0.36841133
1151114108,0.67376924,0.6318971
1151114109,0.5068087,0.43861324
1151114110,0.48280317,0.49755043
1151114111,0.6448385,0.53395873
1151115101,0.147009,0.1588637
1151115102,0.18402022,0.1261375
1151115103,0.099967904,0.086414345
1151115104,0.116094805,0.1313791
1151115105,0.37159812,0.33676508
1151115106,0.16835217,0.20461887
1151115107,0.20090903,0.25458467
1151115108,0.2798339,0.30919743
1151115109,0.12799388,0.11868401
1151116101,0.22144926,0.20703173
1151116102,0.16067499,0.16340528
1151116103,0.36383218,0.3878569
1151117101,0.1557681,0.0895557
1151117102,0.26358956,0.2993588
1151117103,0.49462888,0.47040954
1151117104,0.36159605,0.39595327
1151118101,0.117395505,0.07005035
1151118102,0.12678938,0.11862311
1151118103,0.121676356,0.093146585
1151118104,0.10667316,0.07478139
1151118105,0.1396437,0.096440844
1151118106,0.1364891,0.12775534
1151118107,0.10264121,0.09423683
1151118108,0.121831425,0.096655056
1151118109,0.28241792,0.26553017
1151118110,0.23694661,0.27649537
1151118111,0.23277411,0.23755953
1151118112,0.15189517,0.10705495
1151118113,0.18790668,0.18346998
1151118114,0.15616286,0.18819866
1151118115,0.19316414,0.21092868
1151118116,0.27025747,0.2869178
1151118117,0.19706601,0.21910743
1151119101,0.41086447,0.41609356
1151119102,0.45483997,0.44155604
1151119103,0.5274963,0.4491326
1151119104,0.5850483,0.5986244
1151119105,0.4393351,0.51342523
1151119106,0.65139896,0.6332557
1151119107,0.5174237,0.50875527
1151119108,0.46656215,0.5416493
1151119109,0.45833477,0.49272656
1151119110,0.45626178,0.50194496
1151120101,0.122778326,0.08620079
1151120102,0.12219042,0.10951058
1151120103,0.10990491,0.08673392
1151120104,0.14500241,0.093146585
1151120105,0.18523537,0.23757172
1151120106,0.2160832,0.23522721
1151120107,0.15449828,0.112498246
1151120108,0.15899192,0.17814912
1151120109,0.08828086,0.063289896
1151120110,0.109661445,0.11988179
1151120111,0.13144855,0.1033527
1151120112,0.18550573,0.15480398
1151120113,0.18513203,0.13775328
1151120114,0.11740194,0.13780189
1151120115,0.14121968,0.097460985
1151120116,0.09967168,0.09652304
1151121101,0.1258275,0.118341275
1151121102,0.08938801,0.085584946
1151121103,0.09726222,0.09142796
1151121104,0.06152083,0.05707853
1151121105,0.04437639,0.0379604
1151121106,0.044753607,0.044817325
1151121107,0.08668596,0.06248871
1151121108,0.052612502,0.055323277
1151121109,0.020720473,0.032337002
1151121110,0.07007906,0.06248871
1151121111,0.12561087,0.13955164
1151121112,0.059639998,0.046211556
1151121113,0.077321514,0.06361743
1151121114,0.057088975,0.057392914
1151121115,0.07572954,0.060548913
1151121116,0.06817731,0.055323277
1151121117,0.0433683,0.036441233
1151121118,0.0691508,0.04844733
1151121119,0.056587838,0.048868626
1151121120,0.03490275,0.035914265
1151121121,0.036062475,0.028855659
1151121122,0.055873565,0.04844733
1151121123,0.0910731,0.09113128
1151121124,0.06608911,0.12587282
1151121125,0.046919312,0.045387283
1151121126,0.079768784,0.051887695
1151121127,0.077291496,0.05198275
1151121128,0.13409461,0.11447524
1151121129,0.13092196,0.099763624
1151121130,0.084888175,0.10959758
1151121131,0.14908212,0.16322735
1151122101,0.1414722,0.1452913
1151122102,0.114042014,0.08286594
1151122103,0.143906,0.1269845
1151122104,0.15284348,0.17120413
1151122105,0.1928658,0.15825532
1151122106,0.16933772,0.2006411
1151122107,0.16136387,0.17593342
1151122108,0.16004772,0.14711328
1151122109,0.22140689,0.19132367
1151122110,0.19344649,0.14437653
1151122111,0.14761128,0.1587551
1151122112,0.14026296,0.14317138
1151122113,0.13822488,0.15663917
1151122114,0.16151375,0.16487995
1151122115,0.13213739,0.13925697
1151122116,0.16848023,0.18955609
1151122117,0.16107325,0.15235528
1151122118,0.09873709,0.12592685
1151122119,0.19854128,0.20307629
1151122120,0.2614773,0.22005983
1151123101,0.1713919,0.16966729
1151123102,0.13197245,0.12543525
1151123103,0.22679725,0.2538441
1151123104,0.48878124,0.40916765
1151123105,0.38375393,0.48240694
1151124101,0.53571534,0.5526556
1151124102,0.31497768,0.3140264
1151124103,0.40757546,0.33978683
1151124104,0.59756076,0.57023317
1151124105,0.3809459,0.40750593
1151124106,0.4540415,0.30717865
1151124107,0.58924997,0.5118983
1151124108,0.48202378,0.4725411
1151124109,0.52171016,0.4675059
1151124110,0.6693806,0.6926125
1151124111,0.60657424,0.57313484
1151125101,0.17925183,0.14463277
1151125102,0.1839092,0.241824
1151125103,0.12309325,0.11973924
1151125104,0.117229775,0.117716596
1151125105,0.18550944,0.19431141
1151125106,0.095051914,0.10939055
1161001101,0.24998468,0.19133371
1161001102,0.21155202,0.20374021
1161001103,0.2027129,0.17499444
1161001104,0.35651562,0.34484556
1161002101,0.20954154,0.19354215
1161002102,0.18753363,0.17632492
1161002103,0.23923023,0.30208534
1161002104,0.45083934,0.47385845
1161003101,0.18595569,0.16683218
1161003102,0.204428,0.14276087
1161003103,0.22274289,0.17477307
1161003104,0.30886647,0.24517982
1161003105,0.27057523,0.24215
1161003106,0.215733,0.21293569
1161004101,0.19084394,0.16697198
1161004102,0.20031233,0.18791994
1161004103,0.21323739,0.21121214
1161004104,0.3745097,0.34023082
1161004105,0.3318236,0.3298249
1161004106,0.38186958,0.41190112
1161005101,0.20727211,0.22212926
1161005102,0.24500196,0.26581228
1161005103,0.4439155,0.45152098
1161006101,0.121901415,0.12936103
1161006102,0.13867275,0.11894841
1161006103,0.1456341,0.12846114
1161006104,0.12066198,0.15475474
1161006105,0.20402196,0.18854019
1161006106,0.09363842,0.11096471
1161006107,0.06608906,0.060603272
1161006108,0.14777702,0.18534638
1161006109,0.09959698,0.09878492
1161006110,0.15291657,0.121130355
1161006111,0.08042028,0.07865076
1161006112,0.2379936,0.2581482
1161006113,0.25289166,0.2057928
1161006114,0.2675058,0.24017188
1161006115,0.21456249,0.22051731
1161007101,0.20999052,0.20132461
1161007102,0.34698522,0.3893273
1161008101,0.42505732,0.47198567
1161008102,0.40741843,0.41325328
1161009101,0.15418844,0.12965886
1161009102,0.15344052,0.12795857
1161009103,0.15384126,0.15140083
1161009104,0.19955157,0.2011477
1161009105,0.364937,0.38579836
1161009106,0.22613259,0.30445272
1161009107,0.4347161,0.38514552
1161009108,0.35049433,0.3637773
1161009109,0.34791753,0.33899906
1161010101,0.18287343,0.15149505
1161010102,0.16632067,0.15359505
1161010103,0.17735799,0.12907946
1161010104,0.32410964,0.384391
1161011101,0.2165044,0.23201214
1161011102,0.1980749,0.18468805
1161011103,0.29457366,0.23363562
1161011104,0.21463072,0.19424511
1161011105,0.19808023,0.2263006
1161012101,0.14431229,0.11088314
1161012102,0.1362213,0.092374474
1161012103,0.10338001,0.15260032
1161012104,0.16621031,0.15804021
1161012105,0.15538202,0.17351949
1161012106,0.17316262,0.15372035
1161012107,0.19039832,0.1527618
1161012108,0.12037022,0.13869292
1161012109,0.22618265,0.22466224
1161012110,0.22356738,0.21989542
1161012111,0.19559748,0.14104226
1161012112,0.21280393,0.15610233
1161012113,0.20596921,0.20312622
1161013101,0.22857234,0.19339007
1161013102,0.20160566,0.20988229
1161013103,0.26952332,0.34028673
1161014101,0.19882005,0.18258627
1161014102,0.20288244,0.18161882
1161014103,0.23327474,0.23202427
1161014104,0.21078426,0.19182509
1161014105,0.264633,0.21761474
1161014106,0.3605626,0.3010958
1161014107,0.3403417,0.24697584
1161015101,0.15440686,0.117147
1161015102,0.1768623,0.1616777
1161015103,0.21089958,0.16323486
1161015104,0.13709587,0.1441031
1161015105,0.47468814,0.49375203
1161016101,0.22002822,0.19364959
1161016102,0.36625612,0.44438905
1161016103,0.22777204,0.17537197
1161016104,0.20149876,0.21291912
1161016105,0.32266006,0.29588944
1161017101,0.20055492,0.13850792
1161017102,0.25209308,0.2285429
1161017103,0.29963112,0.29836303
1161017104,0.30048087,0.29268774
1161017105,0.3107319,0.34236464
1161017106,0.3393934,0.2809595
1161017107,0.23849873,0.27653733
1161017108,0.32948655,0.279146
1161018101,0.21006402,0.19298166
1161018102,0.33674163,0.25610822
1161018103,0.19519289,0.1819593
1161019101,0.15668875,0.13294834
1161019102,0.12587167,0.098476335
1161019103,0.11980501,0.08421248
1161019104,0.16250178,0.18089874
1161019105,0.21674035,0.22176714
1161019106,0.22649868,0.30094934
1161020101,0.23443983,0.20769173
1161020102,0.20328939,0.18684092
1161020103,0.3202488,0.23555557
1161020104,0.35089356,0.33644056
1161020105,0.35859808,0.28321463
1161020106,0.40864494,0.3318182
1161020107,0.50809896,0.44432384
1161021101,0.26058576,0.3115068
1161021102,0.21461849,0.22493939
1161021103,0.39841393,0.4099357
1161021104,0.713613,0.76590043
1161021105,0.5984179,0.5868228
1161021106,0.5441619,0.5850079
1161021107,0.41736603,0.35557657
1161022101,0.19197635,0.18791993
1161022102,0.16546774,0.15751982
1161022103,0.22496948,0.22900888
1161022104,0.18040682,0.15855272
1161022105,0.20074797,0.15786393
1161022106,0.31619492,0.35511747
1161022107,0.17098697,0.20677048
1161023101,0.120412245,0.16434693
1161023102,0.18713108,0.17771351
1161023103,0.18782386,0.17477389
1161023104,0.24325685,0.2380761
1161023105,0.32385588,0.30339727
1161024101,0.28658015,0.33631867
1161024102,0.2604003,0.33461037
1161024103,0.2735853,0.32021075
1161024104,0.41278702,0.37644246
1161024105,0.3071019,0.33696914
1161024106,0.31484154,0.34112665
1161024107,0.5863103,0.622149
1161025101,0.17864259,0.19779675
1161025102,0.2593099,0.23512083
1161025103,0.5077968,0.4129809
1161025104,0.34421846,0.3792379
1161025105,0.51980275,0.55739844
1161025106,0.6347338,0.6853547
1161025107,0.7120256,0.6843136
1161025108,0.469817,0.5177879
1161025109,0.46705782,0.46409392
1161025110,0.44378763,0.39074582
1161028101,0.1462326,0.1229752
1161028102,0.22598916,0.21982744
1161029101,0.20040384,0.17508237
1161029102,0.30786613,0.36231342
1161029103,0.5143954,0.4935769
1161029104,0.4297988,0.47900498
1161029105,0.5573075,0.51304895
1161030101,0.22293933,0.23080012
1161030102,0.21540315,0.20866026
1161030103,0.2950885,0.2560653
1161030104,0.27236772,0.23341323
1161031101,0.19729134,0.21403801
1161031102,0.30465236,0.31872767
1161031103,0.32041147,0.35976213
1161031104,0.36234337,0.30094898
1161032101,0.21695825,0.1963609
1161032102,0.29819575,0.28424433
1161032103,0.42465338,0.4373352
1161032104,0.4639116,0.3553592
1161032105,0.35174012,0.32946718
1161032106,0.4579136,0.39896718
1161032107,0.34941882,0.36905533
1161032108,0.380198,0.35498688
1161033101,0.16845423,0.16746347
1161033102,0.21381061,0.19061701
1161033103,0.23544824,0.2025997
1161033104,0.14895186,0.16460738
1161033105,0.2059544,0.17773291
1161033106,0.2953083,0.32902774
1161033107,0.29179016,0.3860738
1161034101,0.15284798,0.13878974
1161034102,0.1359328,0.100870125
1161034103,0.16385867,0.17059368
1161034104,0.23576674,0.23686248
1161034105,0.13885446,0.11862311
1161034106,0.15601511,0.15314254
1161034107,0.18024771,0.15855272
1161034108,0.23001976,0.20423602
1161034109,0.19302684,0.17584804
1161034110,0.26713878,0.37325624
1161034111,0.3921147,0.40158167
1161034112,0.28759637,0.31430492
1161034113,0.26583645,0.31917325
1161035101,0.21074793,0.19217417
1161035102,0.19892323,0.1796835
1161035103,0.27724633,0.22575459
1161035104,0.3609167,0.34597152
1161035105,0.27511457,0.26623625
1161035106,0.4161476,0.39260826
1161035107,0.29997712,0.37775847
1161035108,0.3792703,0.36175755
1161036101,0.1450894,0.13519925
1161036102,0.11801196,0.08755746
1161036103,0.12655424,0.12961341
1161036104,0.28676298,0.26799318
1161036105,0.21176615,0.15704373
1161037101,0.26294357,0.21771568
1161037102,0.1668109,0.17451838
1161037103,0.23715313,0.16444106
1161038101,0.21699801,0.19745693
1161038102,0.15601842,0.14390841
1161038103,0.14754947,0.14747164
1161038104,0.13554628,0.13018152
1161038105,0.3674854,0.41160178
1161038106,0.46621633,0.47108313
1161038107,0.4484864,0.5064768
1161039101,0.26198447,0.27081895
1161039102,0.19880821,0.1825555
1161039103,0.28220785,0.34605005
1161039104,0.5483265,0.5801715
1161039105,0.3265076,0.3360342
1161040101,0.16136289,0.14567228
1161040102,0.2082596,0.18637002
1161040103,0.24938567,0.21175392
1161040104,0.3720233,0.36501545
1161040105,0.30745554,0.27352172
1161040106,0.47169995,0.38034558
1161040107,0.3328365,0.3570392
1161041101,0.17438918,0.20092094
1161041102,0.333469,0.32887965
1161041103,0.22729164,0.26815873
1161041104,0.30802992,0.3062002
1161041105,0.3469303,0.30516425
1161041106,0.18796247,0.29943666
1161042101,0.2156625,0.24550913
1161042102,0.21508273,0.22894926
1161042103,0.25007042,0.24971007
1161042104,0.2695497,0.28540003
1161042105,0.30233368,0.2409834
1161042106,0.21090716,0.24671651
1161043101,0.16665089,0.14767434
1161043102,0.10853702,0.08048917
1161043103,0.11165053,0.13438272
1161043104,0.09009683,0.04318805
1161043105,0.18679139,0.17372224
1161043106,0.17615339,0.19962248
1161043107,0.18139043,0.16386017
1161043108,0.17896111,0.16042316
1161043109,0.12741035,0.11967292
1161043110,0.17359383,0.22512993
1161043111,0.13851373,0.14953655
1161043112,0.36746898,0.34722748
1161044101,0.18082337,0.17542146
1161044102,0.16943148,0.13070685
1161044103,0.26273397,0.267923
1161044104,0.20241097,0.14812782
1161045101,0.18797372,0.15340559
1161045102,0.12659903,0.09372914
1161045103,0.17783292,0.15079549
1161045104,0.16340613,0.15301299
1161045105,0.0706639,0.08137075
1161045106,0.12952939,0.13197559
1161045107,0.16163313,0.13995755
1161045108,0.17648283,0.19492398
1161045109,0.27198496,0.28036606
1161046101,0.20489278,0.21024051
1161046102,0.24042432,0.22966394
1161046103,0.31941378,0.33886284
1161046104,0.27300808,0.28853878
1161046105,0.36522508,0.33032298
1161047101,0.22888179,0.20233776
1161047102,0.18133639,0.15860482
1161047103,0.41440704,0.41181847
1161047104,0.29879215,0.30331087
1161047105,0.25989494,0.29897475
1161047106,0.41149682,0.5413881
1161047107,0.3352839,0.34170684
1161048101,0.23699424,0.19717675
1161048102,0.2565029,0.20609266
1161048103,0.32983088,0.36228964
1161049101,0.22851604,0.17882533
1161049102,0.22948293,0.1890456
1161049103,0.25242332,0.3095209
1161049104,0.57942116,0.63955766
1161049105,0.43648234,0.5039395
1161049106,0.37244633,0.46152696
1161049107,0.6317229,0.6431716
1161050101,0.19780913,0.20725363
1161050102,0.16744009,0.1732242
1161050103,0.2064892,0.18571483
1161050104,0.21463275,0.19846871
1161050105,0.12222894,0.17638029
1161050106,0.17199291,0.20570071
1161050107,0.36146423,0.37100136
1161050108,0.39488196,0.36908513
1161050109,0.24665502,0.29064268
1161050110,0.39334422,0.38159522
1161050111,0.29049364,0.33570635
1161050112,0.3216305,0.32243475
1161050113,0.37025174,0.32773626
1161051101,0.13716196,0.10705519
1161051102,0.081233025,0.08055668
1161051103,0.13786073,0.1024309
1161051104,0.12536728,0.15081085
1161051105,0.10444315,0.1122178
1161051106,0.21185106,0.1836599
1161051107,0.24704236,0.1892674
1161052101,0.04606233,0.050227497
1161052102,0.08575476,0.07202287
1161052103,0.038436104,0.042111658
1161052104,0.056046113,0.050227497
1161052105,0.03213025,0.040065523
1161052106,0.044399966,0.061977524
1161052107,0.01862886,0.035914265
1161052108,0.05165957,0.03775872
1161052109,0.05666425,0.05035949
1161052110,0.05197729,0.052192837
1161052111,0.05295926,0.055989716
1161052112,0.25295666,0.31523356
1161052113,0.18762645,0.19587639
1161052114,0.1445882,0.15506943
1161052115,0.120952524,0.1544947
1161052116,0.17106089,0.19759835
1161053101,0.09203442,0.06248871
1161053102,0.101877645,0.05866898
1161053103,0.061218265,0.037717283
1161053104,0.051765103,0.0077183256
1161053105,0.079894915,0.046622127
1161053106,0.066107094,0.09441061
1161053107,0.0611187,0.050037775
1161053108,0.06628026,0.053573187
1161053109,0.081264615,0.05150355
1161053110,0.08078045,0.06495458
1161053111,0.15640853,0.14062501
1161053112,0.12845954,0.094429374
1161053113,0.09628047,0.061134852
1161053114,0.10667316,0.07148713
1161053115,0.07488654,0.055423114
1161053116,0.089535594,0.10667409
1161053117,0.05336024,0.045387283
1161053118,0.053681616,0.04065893
1161053119,0.049170144,0.053383496
1161053120,0.073191136,0.06871322
1161053121,0.052983206,0.044656232
1161053122,0.07072905,0.056076042
1161053123,0.10784041,0.06495458
1161053124,0.07805701,0.06495458
1161053125,0.06807325,0.076274864
1161053126,0.08207849,0.08578693
1161053127,0.17703165,0.16037294
1161053128,0.12206876,0.11769334
1161053129,0.15844443,0.16590483
1161053130,0.10202786,0.10667409
1161053131,0.09599808,0.121841215
1161053132,0.06666798,0.11122887
1161053133,0.07875601,0.07377248
1161053134,0.084005564,0.10756908
1161053135,0.0357583,0.048922706
1161053136,0.030761266,0.04175728
1161053137,0.06408381,0.08837405
1161053138,0.07532556,0.11122887
1161053139,0.07586493,0.07306049
1161053140,0.033999827,0.023692343
1161053141,0.033801485,0.054405846
1161053142,0.29400983,0.29696983
1161053143,0.1942741,0.17446883
1161053144,0.24801181,0.25866988
1161053145,0.05610799,0.036716584
1161053146,0.080526754,0.1049396
1161054101,0.24127959,0.1963609
1161054102,0.2724787,0.29807743
1161055101,0.21290806,0.1639748
1161055102,0.18949816,0.16438214
1161055103,0.1650132,0.16345623
1161055104,0.18969484,0.2063725
1161055105,0.16276824,0.1847105
1161055106,0.20014742,0.24568103
1161055107,0.1695089,0.16042918
1161055108,0.15356992,0.1301337
1161055109,0.21886761,0.17164536
1161055110,0.3006258,0.32646218
1161056101,0.35867652,0.3805924
1161056102,0.32957134,0.33513716
1161056103,0.23882507,0.24863641
1161056104,0.36029243,0.3694472
1161056105,0.5849204,0.5362414
1161056106,0.57142246,0.6146367
1161056107,0.72460175,0.7630087
1161057101,0.18693522,0.20998363
1161057102,0.20707412,0.2599718
1161057103,0.38472864,0.43875563
1161058101,0.20707792,0.16710757
1161058102,0.19630551,0.16577487
1161058103,0.23757805,0.20236363
1161058104,0.19184244,0.17033063
1161058105,0.17620014,0.15073562
1161058106,0.19649412,0.17462695
1161058107,0.21484192,0.21680582
1161058108,0.21244822,0.22893399
1161059101,0.23530918,0.25776738
1161059102,0.3023928,0.2646976
1161059103,0.18642463,0.20168202
1161059104,0.3723403,0.37668878
1161060101,0.25571203,0.25547543
1161060102,0.2355499,0.23680326
1161060103,0.17099541,0.1567587
1161060104,0.26368973,0.24863005
1161060105,0.32402202,0.3128669
1161061101,0.23322862,0.21749365
1161061102,0.36556005,0.35937577
1161061103,0.39986378,0.38751155
1161061104,0.53980017,0.59481263
1161061105,0.50560945,0.5188321
1161062101,0.19845158,0.15119316
1161062102,0.25105232,0.23170418
1161062103,0.21314003,0.20630687
1161062104,0.28474018,0.31320882
1161062105,0.2674173,0.2637844
1161062106,0.27593204,0.28504413
1161062107,0.25253248,0.24064167
1161063101,0.1975537,0.1560191
1161063102,0.20411065,0.17692618
1161063103,0.25324523,0.28910118
1161063104,0.30149838,0.2806622
1161064101,0.17023638,0.16685988
1161064102,0.23709989,0.19717675
1161064103,0.21282525,0.20276
1161064104,0.25696456,0.34067753
1161064105,0.26515898,0.33201998
1161064106,0.3882877,0.37954813
1161064107,0.38694426,0.36953968
1161064108,0.33840168,0.3934437
1161064109,0.30821913,0.3095748
1161065101,0.16613558,0.14866726
1161065102,0.14982803,0.13950716
1161065103,0.22761993,0.24278879
1161065104,0.19760013,0.23960114
1161065105,0.31833488,0.3080412
1161065106,0.33834025,0.39750925
1161065107,0.4284882,0.34118697
1161065108,0.588779,0.5859895
1161065109,0.6585191,0.575972
1161066101,0.20462959,0.19666636
1161066102,0.1908288,0.19605452
1161066103,0.14135651,0.09605997
1161066104,0.1691642,0.14007664
1161066105,0.098771974,0.07777389
1161066106,0.1705179,0.16618803
1161066107,0.16368142,0.23934792
1161066108,0.1461985,0.13309912
1161066109,0.1723745,0.13334052
1161066110,0.2956681,0.2965202
1161066111,0.45713258,0.39583632
1161066112,0.29300174,0.29218608
1161067101,0.16151375,0.16887507
1161067102,0.26033822,0.2247914
1161067103,0.3241019,0.2551346
1161067104,0.39017853,0.4050435
1161068101,0.13032515,0.19729374
1161068102,0.12711196,0.13004626
1161068103,0.17856276,0.13960905
1161068104,0.18558903,0.162702
1161068105,0.2094925,0.1651579
1161068106,0.1884878,0.20315082
1161068107,0.16581732,0.13299164
1161068108,0.2640422,0.27371597
1161069101,0.092126295,0.07666945
1161069102,0.15974003,0.15786372
1161069103,0.15722999,0.1385711
1161069104,0.12222894,0.08577799
1161069105,0.046004117,0.04307968
1161069106,0.14310654,0.09206367
1161069107,0.111872345,0.15302515
1161069108,0.09909769,0.07112853
1161069109,0.12377975,0.08944504
1161069110,0.10152618,0.07402413
1161069111,0.18146391,0.25248078
1161069112,0.21610396,0.21740551
1161070101,0.16277133,0.17003801
1161070102,0.15401481,0.10325461
1161070103,0.1888849,0.1523252
1161070104,0.2053873,0.23213391
1161070105,0.11669419,0.1031206
1161070106,0.12984748,0.13967891
1161070107,0.16102852,0.21455775
1161071101,0.1105686,0.07839054
1161071102,0.11747947,0.10442763
1161071103,0.17222351,0.18990202
1161071104,0.20480554,0.17446883
1161071105,0.14552335,0.16640653
1161071106,0.28412786,0.21280017
1161071107,0.24924614,0.22659317
1161071108,0.31358808,0.35371733
1161072101,0.1848415,0.16089346
1161072102,0.23053986,0.20609266
1161072103,0.18415755,0.17531493
1161072104,0.25157198,0.20609266
1161072105,0.31297338,0.29888242
1161072106,0.31939322,0.29645234
1161073101,0.14205523,0.07909528
1161073102,0.186321,0.19133371
1161073103,0.19939396,0.19825047
1161073104,0.24814259,0.16310039
1161073105,0.14772138,0.15724388
1161073106,0.2127381,0.20439747
1161073107,0.4993206,0.49470726
1161073108,0.32882258,0.45366582
1161073109,0.35289314,0.33594358
1161073110,0.6192811,0.50149685
1161074101,0.18427391,0.16907154
1161074102,0.19955525,0.1527097
1161074103,0.18713312,0.22806357
1161074104,0.3052529,0.32006702
1161075101,0.091861114,0.07423848
1161075102,0.20754278,0.19695958
1161075103,0.12826668,0.06663996
1161075104,0.11489063,0.091578156
1161075105,0.10860806,0.0697685
1161075106,0.0857103,0.04977519
1161075107,0.14178349,0.14729951
1161075108,0.121664256,0.10098722
1161075109,0.41552866,0.44750968
1161075110,0.4691591,0.5521896
1161075111,0.22890155,0.24783285
1161075112,0.37325892,0.48418012
1161076101,0.22125265,0.2227685
1161076102,0.15160939,0.1665159
1161076103,0.12326897,0.114085495
1161076104,0.13987832,0.12613232
1161076105,0.11240059,0.0876353
1161076106,0.1883931,0.2033379
1161076107,0.093499236,0.07191998
1161076108,0.16809097,0.15314254
1161076109,0.08376947,0.06672923
1161076110,0.16641577,0.17277607
1161076111,0.08390185,0.07969175
1161076112,0.13818368,0.13419412
1161076113,0.1177537,0.148294
1161077101,0.19868147,0.19936487
1161077102,0.26896107,0.29267147
1161077103,0.3122764,0.44292086
1161077104,0.2674359,0.33808666
1161077105,0.21708615,0.21795128
1161078101,0.19368365,0.15791352
1161078102,0.16351508,0.14771256
1161078103,0.28163424,0.26792574
1161078104,0.31709623,0.3562727
1161079101,0.19215077,0.23692282
1161079102,0.25082093,0.2570529
1161079103,0.26867035,0.2659005
1161079104,0.24859005,0.2292876
1161079105,0.24051322,0.22433707
1161079106,0.36018124,0.3879849
1161079107,0.3370507,0.42913893
1161079108,0.5015715,0.40780178
1161079109,0.41740903,0.398834
1161079110,0.3528238,0.36773568
1161079111,0.33148083,0.30150175
1161079112,0.2802496,0.32268775
1161080101,0.18946582,0.0975166
1161080102,0.21449159,0.18894233
1161080103,0.30271903,0.29119748
1161080104,0.24215032,0.30307427
1161080105,0.32241318,0.25052658
1161080106,0.25420594,0.2553074
1161081101,0.4538836,0.48527157
1161081102,0.31797293,0.4546317
1161082101,0.15685722,0.13414761
1161082102,0.15522416,0.14314952
1161082103,0.1429067,0.14224698
1161082104,0.17349647,0.15718065
1161082105,0.26563525,0.29711083
1161082106,0.112230875,0.1399993
1161082107,0.20413552,0.19897172
1161082108,0.2178095,0.19715747
1161082109,0.25615105,0.31353176
1161082110,0.25410816,0.3010451
1161083101,0.19384709,0.17782342
1161083102,0.18843661,0.18804787
1161083103,0.27053523,0.35839877
1161083104,0.26052368,0.27326342
1161083105,0.27064052,0.30161977
1161083106,0.28589517,0.39115658
1161083107,0.29086676,0.29693484
1161083108,0.28772387,0.32439753
1161083109,0.36859128,0.4059421
1161084101,0.20566419,0.19172233
1161084102,0.21508631,0.2067645
1161084103,0.12792186,0.18298252
1161084104,0.2727693,0.24687095
1161084105,0.47110525,0.46341187
1161084106,0.40538433,0.378043
1161084107,0.46617776,0.49966583
1161084108,0.31766227,0.35606384
1161085101,0.12735552,0.13133918
1161085102,0.15327716,0.1096542
1161085103,0.23305863,0.20024961
1161085104,0.14926063,0.17722736
1161085105,0.21440203,0.18114926
1161085106,0.37051922,0.45467952
1161085107,0.36200917,0.4271163
1161085108,0.33118767,0.34189436
1161085109,0.23835492,0.22194959
1161086101,0.20798759,0.20305526
1161086102,0.17308022,0.18288867
1161086103,0.21969499,0.22064212
1161086104,0.2660022,0.2755507
1161086105,0.3377153,0.29681036
1161087101,0.16641007,0.15254293
1161087102,0.11383109,0.12741923
1161087103,0.114432685,0.12222766
1161087104,0.19420291,0.18216793
1161087105,0.33248633,0.32161164
1161087106,0.2607465,0.22169337
1161087107,0.27980617,0.2656086
1161088101,0.24284153,0.16428067
1161088102,0.31975713,0.28344327
1161088103,0.34750947,0.33749965
1161088104,0.2557533,0.24080318
1161088105,0.2065747,0.20070271
1161088106,0.13039505,0.13544464
1161088107,0.042956386,0.023157474
1161088108,0.058047425,0.03735105
1161088109,0.034364507,0.046516694
1161088110,0.07643868,0.061182395
1161088111,0.036793828,0.014552374
1161088112,0.038640477,0.014552374
1161088113,0.07024829,0.07475476
1161088114,0.10287942,0.03975991
1161089101,0.15827543,0.15796182
1161089102,0.10899122,0.1370041
1161089103,0.16985597,0.1584059
1161089104,0.12503205,0.1577839
1161089105,0.10153766,0.08853849
1161089106,0.25202072,0.22476158
1161089107,0.30738115,0.3017983
1161090101,0.16371016,0.15992332
1161090102,0.19907072,0.17089096
1161090103,0.1862057,0.15748629
1161090104,0.24185453,0.19848602
1161090105,0.20919684,0.22110279
1161090106,0.23031779,0.24115068
1161090107,0.52377886,0.43639895
1161090108,0.3978208,0.3558199
1161091101,0.16385867,0.15172195
1161091102,0.14443362,0.15963773
1161091103,0.11706831,0.09413117
1161091104,0.23182945,0.23467918
1161091105,0.22473878,0.21075054
1161091106,0.31260628,0.35638982
1161092101,0.1811437,0.1845485
1161092102,0.4664071,0.508618
1161092103,0.37496486,0.4598947
1161093101,0.21772526,0.1791423
1161093102,0.29002014,0.2616519
1161093103,0.32077488,0.29647052
1161093104,0.28538492,0.25397953
1161093105,0.3751976,0.3536845
1161093106,0.32792503,0.3995851
1161093107,0.29985747,0.36319304
1161094101,0.11966307,0.13348755
1161094102,0.14707884,0.15901291
1161094103,0.25534388,0.22171175
1161095101,0.14983617,0.16635707
1161095102,0.24983652,0.21722972
1161095103,0.14410572,0.13435674
1161095104,0.21081127,0.26240915
1161095105,0.17431286,0.15587324
1161096101,0.2480434,0.26268184
1161096102,0.4191545,0.5137913
1161097101,0.23620187,0.19031757
1161097102,0.29266766,0.30066082
1161097103,0.59532464,0.56716645
1161097104,0.1987723,0.14812782
1161097105,0.14017308,0.11564511
1161097106,0.40318164,0.3922055
1161098101,0.16255671,0.16301368
1161098102,0.142681,0.15724388
1161098103,0.13819714,0.13755548
1161098104,0.4625427,0.5266535
1161098105,0.30297947,0.3795182
1161098106,0.25967377,0.2284609
1161098107,0.2712413,0.3429874
1161099101,0.14868373,0.16957435
1161099102,0.3232162,0.33713835
1161099103,0.6108942,0.5888707
1161099104,0.5468403,0.6106477
1161100101,0.26342732,0.28497294
1161100102,0.25575823,0.26018214
1161100103,0.33675703,0.32143825
1161100104,0.40062815,0.37813088
1161100105,0.40381384,0.3760563
1161100106,0.34865305,0.3216399
1161100107,0.39239368,0.3573646
1161101101,0.34284508,0.44653726
1161101102,0.42182428,0.4441227
1161102101,0.12022549,0.12514943
1161102102,0.15877703,0.110864416
1161102103,0.091127194,0.081303924
1161102104,0.10621018,0.10797651
1161102105,0.11353942,0.13718922
1161102106,0.09674294,0.08398112
1161102107,0.11424466,0.06282023
1161102108,0.08863344,0.12618238
1161102109,0.14161168,0.15546624
1161102110,0.20561609,0.16023429
1161102111,0.1543067,0.12654054
1161102112,0.07421745,0.07820247
1161102113,0.10346462,0.077938624
1161102114,0.12393295,0.13693213
1161102115,0.16034743,0.17220506
1161102116,0.060543872,0.05869931
1161102117,0.26439708,0.30128318
1161102118,0.3084761,0.3136456
1161102119,0.22506617,0.26630542
1161102120,0.39221302,0.36699665
1161102121,0.09668139,0.11003332
1161102122,0.24564265,0.22069812
1161103101,0.20510845,0.14443763
1161103102,0.18296807,0.13255152
1161103103,0.19679727,0.14129299
1161103104,0.21266705,0.2226696
1161103105,0.1765881,0.1836106
1161103106,0.18316832,0.18441048
1161103107,0.18851422,0.18073137
1161103108,0.22439697,0.26998985
1161103109,0.25527924,0.22513679
1161104101,0.19125433,0.19877583
1161104102,0.18636069,0.20133664
1161104103,0.26329657,0.2337073
1161104104,0.36273098,0.27185515
1161104105,0.36320695,0.33131492
1161105101,0.118143745,0.12074294
1161105102,0.1690997,0.13307264
1161105103,0.13906677,0.09933608
1161105104,0.210814,0.19276026
1161105105,0.24812499,0.27431828
1161105106,0.27029595,0.24099389
1161105107,0.26285744,0.31487322
1161106101,0.17612855,0.12613232
1161106102,0.1960229,0.17818625
1161106103,0.2488354,0.24580146
1161106104,0.23867457,0.22422086
1161106105,0.17776938,0.13513075
1161106106,0.16320236,0.16373135
1161106107,0.2287379,0.24753663
1161106108,0.31285894,0.36452708
1161107101,0.1705179,0.13537936
1161107102,0.16647059,0.14240265
1161107103,0.18182664,0.1611013
1161107104,0.19861238,0.19717675
1161107105,0.22736505,0.20426232
1161107106,0.11293342,0.092011005
1161107107,0.115758896,0.100064345
1161107108,0.16970864,0.13484101
1161107109,0.1872382,0.18298312
1161107110,0.20805544,0.20461887
1161108101,0.14926656,0.13074654
1161108102,0.12689039,0.09577435
1161108103,0.15399486,0.11899156
1161108104,0.1295699,0.11023871
1161108105,0.10910097,0.06672923
1161108106,0.051363543,0.050227497
1161108107,0.17401755,0.22026037
1161108108,0.17316826,0.16621184
1161108109,0.08605173,0.0568599
1161108110,0.1359094,0.1231182
1161108111,0.23817718,0.23618262
1161108112,0.13241921,0.13819289
1161108113,0.16975145,0.16692804
1161108114,0.15283634,0.15857431
1161108115,0.26407662,0.23508976
1161108116,0.19074498,0.1884996
1161108117,0.24199851,0.24930426
1161108118,0.2621747,0.27013326
1161108119,0.20903715,0.18078937
1161108120,0.15952554,0.1467635
1161109101,0.164227,0.16526712
1161109102,0.26572782,0.23440605
1161110101,0.18275401,0.12684497
1161110102,0.19368365,0.19117226
1161110103,0.16834289,0.17596506
1161110104,0.24070753,0.20609266
1161110105,0.25811514,0.22373569
1161110106,0.30730775,0.319109
1161110107,0.24504298,0.2862611
1161110108,0.28072885,0.26582423
1161111101,0.18673341,0.16616647
1161111102,0.12116826,0.12930043
1161111103,0.20510691,0.14104226
1161111104,0.12938137,0.14955157
1161111105,0.29422596,0.31339034
1161111106,0.39744526,0.36740488
1161111107,0.3375439,0.41319793
1161111108,0.24473764,0.20047015
1161112101,0.11494727,0.112225056
1161112102,0.12052723,0.08298685
1161112103,0.11424466,0.0957113
1161112104,0.14477909,0.11551994
1161112105,0.1895712,0.2307478
1161112106,0.07194476,0.07776962
1161112107,0.08360568,0.09950006
1161112108,0.11020686,0.145345
1161112109,0.10682985,0.098742746
1161112110,0.14339608,0.1699919
1161112111,0.25351238,0.30296305
1161112112,0.25704592,0.26708654
1161112113,0.31501928,0.3244319
1161113101,0.18109761,0.20292963
1161113102,0.20255753,0.23470083
1161113103,0.25279492,0.22843206
1161113104,0.24156025,0.23387195
1161113105,0.2456277,0.2545554
1161113106,0.24382839,0.28998235
1171001101,0.17590278,0.14669277
1171001102,0.18154915,0.17777167
1171001103,0.34183747,0.3272523
1171001104,0.27426308,0.28548554
1171001105,0.25392136,0.27369052
1171001106,0.21441649,0.21318638
1171001107,0.33989882,0.35887465
1171002101,0.1954876,0.15657797
1171002102,0.10842417,0.11360224
1171002103,0.18629253,0.19562067
1171002104,0.18933448,0.18164422
1171002105,0.2160478,0.2248405
1171002106,0.14288707,0.13807242
1171002107,0.28981885,0.27304158
1171003101,0.18300824,0.20312877
1171003102,0.26913646,0.2866424
1171003103,0.20708019,0.18056864
1171003104,0.22052112,0.24198984
1171003105,0.1707815,0.20461887
1171003106,0.37509272,0.31487525
1171003107,0.26813343,0.28527576
1171003108,0.08057417,0.06479631
1171003109,0.25219432,0.28005657
1171003110,0.25753704,0.3339379
1171004101,0.117696606,0.09198587
1171004102,0.14655457,0.13926624
1171004103,0.16693877,0.1432518
1171004104,0.13074571,0.1256034
1171004105,0.23091806,0.2456482
1171004106,0.20831893,0.18650779
1171004107,0.14027727,0.15128823
1171004108,0.13164672,0.1097022
1171004109,0.21228161,0.24506842
1171004110,0.18089838,0.1981837
1171004111,0.1391015,0.14350685
1171004112,0.13960394,0.1363987
1171005101,0.21063477,0.23726562
1171005102,0.370887,0.3115717
1171005103,0.28520975,0.2995361
1171005104,0.32291096,0.33010462
1171005105,0.29040983,0.32122767
1171006101,0.11444776,0.06260308
1171006102,0.13576037,0.12359652
1171006103,0.1289552,0.15119885
1171006104,0.12116826,0.09862406
1171006105,0.06170571,0.06550538
1171006106,0.10485389,0.067292154
1171006107,0.15609077,0.1465899
1171006108,0.12217754,0.09010083
1171006109,0.072941124,0.06748233
1171006110,0.120330006,0.0745998
1171006111,0.1232943,0.09240843
1171006112,0.10299444,0.07102083
1171006113,0.12310089,0.06623309
1171006114,0.13968489,0.14373076
1171006115,0.116960034,0.15384233
1171006116,0.09686789,0.08495458
1171006117,0.16584179,0.17068002
1171006118,0.12424018,0.13275068
1171006119,0.14315279,0.11709295
1171006120,0.07586648,0.09564285
1171006121,0.112846486,0.11269672
1171007101,0.08764194,0.09118681
1171007102,0.08411738,0.05734657
1171007103,0.11521103,0.11420497
1171007104,0.11230082,0.09741132
1171007105,0.060303487,0.05607051
1171007106,0.13311927,0.13017012
1171007107,0.08999713,0.058080256
1171007108,0.066399254,0.062856525
1171007109,0.07962373,0.0590368
1171007110,0.082270734,0.059700526
1171007111,0.064797156,0.05922651
1171007112,0.10463667,0.079381116
1171007113,0.10425346,0.068331726
1171007114,0.12683249,0.07455624
1171007115,0.10610011,0.07455624
1171007116,0.08157463,0.07821099
1171007117,0.15631296,0.1370147
1171007118,0.121696904,0.096180014
1171007119,0.1336247,0.121419854
1171007120,0.07698948,0.071302585
1171007121,0.054489072,0.056801014
1171007122,0.04410511,0.055756126
1171007123,0.11766447,0.07833094
1171008101,0.07194476,0.07050914
1171008102,0.12835126,0.13049224
1171008103,0.15576302,0.1728563
1171008104,0.17681086,0.18747924
1171008105,0.16346219,0.20452328
1171008106,0.12690198,0.14470164
1171008107,0.10014278,0.083592735
1171008108,0.123721294,0.10673174
1171008109,0.1430596,0.15202075
1171008110,0.08089769,0.10177282
1171008111,0.07372999,0.06921931
1171008112,0.054489072,0.061166298
1171008113,0.10747778,0.11914701
1171008114,0.053135604,0.07507469
1171009101,0.19409019,0.17576104
1171009102,0.23796047,0.21153039
1171009103,0.23901697,0.26563513
1171009104,0.09311792,0.07308514
1171009105,0.20591535,0.223184
1171009106,0.16699119,0.17796202
1171009107,0.15838496,0.15951598
1171009108,0.14397122,0.120381266
1171010101,0.10175924,0.11405218
1171010102,0.15092887,0.15330243
1171010103,0.15585835,0.145571
1171010104,0.16712415,0.18499537
1171010105,0.1868124,0.20421034
1171010106,0.16675399,0.15948717
1171010107,0.2127655,0.17555386
1171011101,0.060937777,0.070545174
1171011102,0.0629505,0.061166298
1171011103,0.038436104,0.051494505
1171011104,0.116155885,0.12426558
1171011105,0.06822827,0.07973132
1171011106,0.12577184,0.08436238
1171011107,0.08482867,0.07068508
1171011108,0.082270734,0.06479631
1171011109,0.09348363,0.067390814
1171011110,0.07765816,0.059700526
1171011111,0.12038295,0.15157317
1171011112,0.10324845,0.06558691
1171011113,0.09662674,0.06457768
1171011114,0.060574677,0.053383496
1171011115,0.12715401,0.068663254
1171011116,0.07900468,0.07001436
1171011117,0.12619072,0.119757675
1171011118,0.1586606,0.16115609
1171012101,0.115378655,0.08407282
1171012102,0.11662703,0.07784988
1171012103,0.068986535,0.06111338
1171012104,0.13424519,0.1549577
1171012105,0.14730553,0.12312901
1171012106,0.17826259,0.1974738
1171012107,0.17021535,0.16707145
1171012108,0.19546022,0.18770984
1171012109,0.13331808,0.1358046
1171012110,0.124450095,0.14098243
1171012111,0.10099587,0.07897705
1171012112,0.14614834,0.14674163
1171013101,0.11287296,0.052540623
1171013102,0.13462035,0.11969648
1171013103,0.11747947,0.08204953
1171013104,0.1549168,0.20089394
1171013105,0.30881977,0.3277024
1171013106,0.2849133,0.23708385
1171014101,0.17820837,0.2277678
1171014102,0.17783178,0.18488356
1171014103,0.27202305,0.24162395
1171014104,0.21031772,0.26942492
1171014105,0.26187867,0.2930814
1171015101,0.13769817,0.13640542
1171015102,0.15986815,0.17777167
1171015103,0.14804268,0.13353573
1171015104,0.2553885,0.27034882
1171015105,0.33686617,0.312541
1171015106,0.32647854,0.32765457
1171015107,0.37229776,0.3814945
1171015108,0.20858765,0.21360731
1171015109,0.25943288,0.25987056
1171016101,0.22122943,0.24091716
1171016102,0.24537605,0.23159654
1171016103,0.3182872,0.34249035
1171016104,0.32779032,0.3512609
1171016105,0.31736344,0.35342297
1171016106,0.24821243,0.2692671
1171016107,0.2806039,0.25332007
1171016108,0.39587933,0.33587086
1171017101,0.14495313,0.16159764
1171017102,0.16558371,0.15340248
1171017103,0.14983627,0.15566543
1171017104,0.20125726,0.34505656
1171017105,0.21038593,0.2019256
1171017106,0.17564751,0.35452613
1171017107,0.16477574,0.1279198
1171017108,0.31879172,0.30046514
1171017109,0.38207293,0.3662339
1171017110,0.383754,0.32949615
1171017111,0.36515406,0.38772023
1171017112,0.2388738,0.28267932
1171018101,0.13491847,0.10643511
1171018102,0.1333777,0.1286028
1171018103,0.16027953,0.12652616
1171018104,0.10474544,0.07577724
1171018105,0.16910172,0.1718682
1171018106,0.17573129,0.2079301
1171018107,0.17916934,0.17170441
1171018108,0.11544597,0.124665536
1171018109,0.09602069,0.078332126
1171018110,0.18726547,0.16695635
1171018111,0.19254169,0.20870416
1171019101,0.24221751,0.22094497
1171019102,0.22603552,0.24612491
1171019103,0.18164743,0.17329928
1171019104,0.23418273,0.2272871
1171019105,0.20269996,0.19398722
1171019106,0.17784776,0.17285858
1171019107,0.22177069,0.2226448
1171019108,0.24980806,0.2184887
1171019109,0.27490982,0.28215975
1171020101,0.14959475,0.11840287
1171020102,0.15168329,0.10420116
1171020103,0.11957674,0.107281074
1171020104,0.1464221,0.15643942
1171020105,0.19882381,0.17926285
1171020106,0.23373501,0.22747871
1171020107,0.28388044,0.25349402
1171020108,0.30927065,0.24690306
1171020109,0.12164334,0.09206209
1171020110,0.17997493,0.14906982
1171020111,0.084852986,0.06561571
1171020112,0.06005194,0.06045679
1171020113,0.16580322,0.16072728
1171020114,0.23095421,0.19665809
1171021101,0.18231244,0.16911837
1171021102,0.13431272,0.15267575
1171021103,0.13137318,0.14694287
1171021104,0.22643387,0.15144406
1171022101,0.25712338,0.24976158
1171022102,0.26340666,0.28529197
1171022103,0.27056658,0.291093
1171022104,0.28051913,0.2557661
1171022105,0.3272326,0.31232634
1171022106,0.4934004,0.41459772
1171023101,0.28063717,0.35601574
1171023102,0.2741691,0.32040927
1171023103,0.32384637,0.33055565
1171023104,0.39016622,0.39099506
1171023105,0.26537707,0.24760532
1171024101,0.16062342,0.1438287
1171024102,0.14981097,0.21054421
1171024103,0.18079074,0.15023424
1171024104,0.16589083,0.2093556
1171024105,0.18863817,0.18061692
1171024106,0.16030046,0.16459812
1171024107,0.1867084,0.18076536
1171024108,0.17591149,0.18402155
1171024109,0.19452846,0.19290936
1171024110,0.3306289,0.32813108
1171024111,0.2540941,0.21481125
1171025101,0.13657418,0.09943795
1171025102,0.13164207,0.10794874
1171025103,0.16480991,0.13814451
1171025104,0.15348902,0.124090135
1171025105,0.16808113,0.16945486
1171025106,0.12397917,0.109133825
1171025107,0.34296304,0.3993186
1171025108,0.31968382,0.3125072
1171025109,0.19080704,0.22148597
1171025110,0.04057991,0.048318803
1171026101,0.13922903,0.10656124
1171026102,0.12569797,0.14608587
1171026103,0.19521737,0.21979043
1171026104,0.20300137,0.21047191
1171026105,0.25110963,0.2431178
1171026106,0.2199206,0.19137582
1171026107,0.2215802,0.18523143
1171026108,0.20145035,0.15195549
1171027101,0.18698967,0.17158067
1171027102,0.151878,0.17158067
1171027103,0.20228373,0.12805577
1171027104,0.2545007,0.28179532
1171027105,0.19813253,0.21695866
1171027106,0.2526018,0.23332122
1171028101,0.08775311,0.082796775
1171028102,0.12560079,0.092623584
1171028103,0.21247393,0.22096717
1171028104,0.095431186,0.1141064
1171028105,0.16237727,0.14175715
1171028106,0.2119783,0.20341112
1171028107,0.16745225,0.15700363
1171028108,0.15219381,0.1548278
1171028109,0.19768351,0.18054783
1171028110,0.14972961,0.13057359
1171028111,0.05881491,0.05216446
1171028112,0.14707944,0.10071084
1171029101,0.1793227,0.16244337
1171029102,0.091778815,0.087775394
1171029103,0.14053652,0.089329325
1171029104,0.16869989,0.16789238
1171029105,0.10590266,0.09463831
1171029106,0.09155185,0.13676398
1171029107,0.14615475,0.15200268
1171029108,0.20910655,0.18368696
1171029109,0.15131712,0.109549366
1171029110,0.14780053,0.13664493
1171029111,0.1478692,0.14486441
1171029112,0.1797255,0.17990263
1171029113,0.20383511,0.117684186
1171030101,0.18853505,0.1542544
1171030102,0.20351742,0.2008731
1171030103,0.2513023,0.24463105
1171030104,0.12415544,0.102856636
1171030105,0.21622537,0.197034
1171030106,0.17628153,0.15207326
1171030107,0.16403382,0.16599625
1171030108,0.20244731,0.19282708
1171030109,0.31918418,0.2845358
1171030110,0.2661069,0.22183955
1171030111,0.27476242,0.20503639
1171030112,0.11950594,0.08567198
1171031101,0.079894915,0.0745998
1171031102,0.1188718,0.08204953
1171031103,0.17423157,0.1764367
1171031104,0.11421428,0.101778686
1171031105,0.110253364,0.12315375
1171031106,0.157851,0.11370062
1171031107,0.11522213,0.08789255
1171031108,0.106364086,0.08633219
1171031109,0.10732329,0.08407439
1171031110,0.16329652,0.20022047
1171032101,0.18243265,0.23111413
1171032102,0.1894333,0.20950116
1171032103,0.311084,0.31122598
1171032104,0.31697744,0.28290877
1171033101,0.25601673,0.26178348
1171033102,0.21857238,0.19533882
1171033103,0.2353666,0.25464636
1171033104,0.32118693,0.30874294
1171033105,0.27929148,0.2882041
1171033106,0.294487,0.27552092
1171033107,0.26276642,0.22952217
1181001101,0.098771974,0.06914271
1181001102,0.10378102,0.11040965
1181001103,0.10599851,0.14470363
1181001104,0.12779364,0.17421544
1181001105,0.10086492,0.047444843
1181001106,0.15466134,0.14616534
1181001107,0.25768787,0.22669713
1181001108,0.28253242,0.27548343
1181001109,0.27982205,0.27541813
1181002101,0.11416135,0.12104996
1181002102,0.09995221,0.08055668
1181002103,0.13653778,0.12667197
1181002104,0.2720457,0.20399314
1181002105,0.17649147,0.16747709
1181002106,0.21692385,0.20981203
1181003101,0.13589068,0.0863997
1181003102,0.13513792,0.08975801
1181003103,0.16462287,0.15316102
1181003104,0.16495761,0.20990849
1181003105,0.23817074,0.24235843
1181003106,0.36068976,0.3216374
1181004101,0.14174768,0.08340256
1181004102,0.08736044,0.07286447
1181004103,0.17706099,0.16099845
1181004104,0.17345783,0.18162124
1181004105,0.19025141,0.18915232
1181004106,0.08461693,0.11250373
1181004107,0.09046044,0.07538267
1181004108,0.10558267,0.1246833
1181004109,0.10470346,0.12097589
1181004110,0.15837865,0.16227597
1181004111,0.16636282,0.22757551
1181004112,0.19005059,0.14985019
1181004113,0.20377026,0.21147478
1181005101,0.2093005,0.20740195
1181005102,0.6061879,0.6184025
1181006101,0.15735245,0.11445924
1181006102,0.15106988,0.084092095
1181006103,0.14372338,0.096390195
1181006104,0.15259252,0.09808696
1181006105,0.065200776,0.049884114
1181006106,0.1067849,0.06487306
1181006107,0.050255843,0.046824068
1181006108,0.20868148,0.19522452
1181006109,0.19929275,0.15205248
1181007101,0.19279802,0.16055068
1181007102,0.17096035,0.1661606
1181007103,0.3058,0.36508888
1181007104,0.37534043,0.39394623
1181007105,0.3984774,0.37352002
1181008101,0.0923968,0.061449125
1181008102,0.060006607,0.07615634
1181008103,0.0543577,0.061094757
1181008104,0.10870222,0.08536149
1181008105,0.08050001,0.08710821
1181008106,0.051302195,0.022441518
1181008107,0.0706639,0.07589487
1181008108,0.03319059,0.035914265
1181008109,0.05426134,0.031046622
1181008110,0.17278484,0.18586701
1181008111,0.08262444,0.04880767
1181008112,0.21626228,0.16050892
1181009101,0.3672858,0.4395483
1181009102,0.6422927,0.59678537
1181009103,0.56322324,0.6482225
1181009104,0.5347007,0.52745837
1181009105,0.68796873,0.60368353
1181009106,0.7448444,0.7271794
1181009107,0.68832344,0.62443566
1181010101,0.1326547,0.14068404
1181010102,0.2795694,0.32665253
1181010103,0.26187867,0.29062283
1181010104,0.31052193,0.30694395
1181010105,0.2852907,0.24135618
1181010106,0.28471118,0.2768567
1181010107,0.16570404,0.1715247
1181010108,0.3621977,0.3105007
1181011101,0.21033877,0.25045982
1181011102,0.14587823,0.13714863
1181011103,0.14964071,0.16887507
1181011104,0.15582678,0.16112098
1181011105,0.23557566,0.29222468
1181011106,0.53394365,0.5992963
1181011107,0.44897166,0.48975548
1181012101,0.12181547,0.13623309
1181012102,0.06868334,0.1057099
1181012103,0.09491945,0.11345374
1181012104,0.24247912,0.25514045
1181012105,0.2635043,0.26660037
1181012106,0.2254833,0.16955586
1181012107,0.21544747,0.22705625
1181012108,0.24945518,0.2607693
1181012109,0.24063474,0.18709098
1181012110,0.20755477,0.14802934
1181012111,0.2010952,0.15334572
1181013101,0.18068115,0.17010431
1181013102,0.17288773,0.1626252
1181013103,0.3617142,0.3537633
1181013104,0.24849725,0.19224747
1181014101,0.11451474,0.08096115
1181014102,0.12898356,0.166409
1181014103,0.2728901,0.2695843
1181014104,0.22972527,0.20644908
1181014105,0.133809,0.16230151
1181014106,0.21244594,0.22103287
1181014107,0.2494738,0.2855352
1181014108,0.2788119,0.3050007
1181015101,0.15742417,0.16087
1181015102,0.038359746,0.036135457
1181015103,0.13655613,0.15267698
1181015104,0.12774304,0.09976189
1181015105,0.25670487,0.22579467
1181015106,0.23686147,0.17966911
1181015107,0.32441083,0.27447572
1181015108,0.19572872,0.14427015
1181015109,0.19048482,0.15894213
1181015110,0.3442336,0.3049735
1181015111,0.25472993,0.20834908
1181015112,0.19831152,0.13073507
1181015113,0.18963605,0.17826465
1181015114,0.17746332,0.18931407
1181015115,0.30083135,0.2262633
1181016101,0.16769308,0.17486578
1181016102,0.18609437,0.18747924
1181016103,0.18154804,0.17654227
1181016104,0.14368549,0.13008086
1181016105,0.22518508,0.23238686
1181016106,0.24639305,0.19050677
1181016107,0.19173814,0.16861232
1181016108,0.23771276,0.20307861
1181016109,0.20643416,0.13230373
1181017101,0.07372628,0.044682346
1181017102,0.10848927,0.07114688
1181017103,0.07251055,0.05572825
1181017104,0.07132692,0.07770043
1181017105,0.08688966,0.067292154
1181017106,0.04874147,0.04784691
1181017107,0.10269503,0.047444843
1181017108,0.06136553,0.061571263
1181017109,0.08988461,0.117716596
1181017110,0.047290783,0.061369363
1181017111,0.054226976,0.05692391
1181017112,0.061284732,0.054843254
1181017113,0.05183202,0.034528553
1181017114,0.05811455,0.06462793
1181017115,0.036793828,0.02020495
1181017116,0.051792074,0.049170077
1181017117,0.1366499,0.13153926
1181017118,0.15262099,0.18170111
1181017119,0.14766492,0.12795857
1181017120,0.25732312,0.26234713
1181017121,0.21562909,0.19188529
1181018101,0.2035642,0.17610481
1181018102,0.16115922,0.15594447
1181018103,0.10620522,0.14321019
1181018104,0.13891271,0.12753195
1181018105,0.14587241,0.141543
1181018106,0.1491056,0.20035224
1181018107,0.20278914,0.18910572
1181018108,0.19233982,0.15220156
1181018109,0.22442135,0.18881993
1181019101,0.4874513,0.54242814
1181019102,0.50282663,0.5270284
1181020101,0.07451713,0.076899715
1181020102,0.06491852,0.08882511
1181020103,0.13291958,0.11607779
1181020104,0.034536,0.06021817
1181020105,0.04079657,0.054405846
1181020106,0.031900022,0.02828601
1181020107,0.09007066,0.09954799
1181020108,0.07041036,0.027225643
1181020109,0.044962984,0.043524258
1181020110,0.07641132,0.065419555
1181020111,0.07451713,0.10096381
1181020112,0.065543756,0.07532586
1181020113,0.05273707,-0.011064985
1181020114,0.087066166,0.064403854
1191001101,0.11780336,0.101323575
1191001102,0.16905802,0.09490121
1191004101,0.05271928,0.04665024
1191004102,0.08009127,0.07217539
1191004103,0.09535544,0.05092619
1191004104,0.073886804,0.037028797
1191004105,0.054565802,0.07052448
1191004106,0.056080833,0.028053485
1191004107,0.077544756,0.043743886
1191004108,0.091323584,0.07303166
1191005101,0.0665739,0.045346074
1191005102,0.15732777,0.10538931
1191005103,0.1096894,0.103246324
1191005104,0.15140611,0.10480874
1191005105,0.10367543,0.10423355
1191005106,0.08100397,0.07356515
1191005107,0.17316882,0.15352657
1191006101,0.1102789,0.057392914
1191006102,0.03959165,0.04307968
1191006103,0.11264125,0.08805081
1191006104,0.05092031,0.06326568
1191006105,0.084058024,0.08773642
1191006106,0.085106,0.08291819
1191006107,0.042020973,0.054362603
1191006108,0.0478385,0.03873062
1191006109,0.030026248,0.04307968
1191006110,0.05358398,0.0595444
1191006111,0.040326487,0.054362603
1191006112,0.026653761,0.03954427
1191006113,0.02697518,0.035914265
1191006114,0.05797252,0.057392914
1191006115,0.053478103,0.07018017
1191006116,0.046144016,0.054362603
1191006117,0.0485808,0.05666988
1191006118,0.059763018,0.024145748
1191006119,0.047629245,0.039833024
1191006120,0.07462705,0.050239783
1191006121,0.039215267,0.056224685
1191006122,0.057845622,0.022750147
1191006123,0.06927384,0.052606784
1191006124,0.073111184,0.037788462
1191006125,0.02457578,0.028855659
1191006126,0.05510707,0.05018867
1191006127,0.046273224,0.03974683
1191006128,0.034478378,0.025423225
1191006129,0.05714077,0.06319225
1191006130,0.081538334,0.10456584
1191006131,0.060214203,0.08344513
1191006132,0.06629158,0.04145395
1191006133,0.039611127,-0.00042708084
1191006134,0.05427721,0.038437363
1191006135,0.026420385,0.02746936
1191007101,0.16718662,0.20556016
1191007102,0.20712759,0.15860482
1191007103,0.3988494,0.36181274
1191007104,0.5526356,0.558499
1191008101,0.16428569,0.1200126
1191008102,0.15013003,0.13172892
1191009101,0.068381175,0.07113184
1191009102,0.07853073,0.053412665
1191009103,0.035882644,0.034383137
1191009104,0.05953891,0.05166428
1191009105,0.066585325,0.057392914
1191009106,0.040203076,0.044519566
1191009107,0.021688214,-0.002512998
1191009108,0.050720055,0.019017868
1191009109,0.09922089,0.051519282
1191009110,0.21388419,0.16943736
1191009111,0.09250635,0.054118823
1191010101,0.0889224,0.07033636
1191010102,0.058526058,0.07052448
1191010103,0.054268185,0.02193354
1191010104,0.09116908,0.08891353
1191010105,0.086233884,0.06683025
1191010106,0.08949682,0.05406948
1191010107,0.080904335,0.057318706
1191010108,0.109878495,0.0693065
1191010109,0.08141802,0.02648269
1191010110,0.05800924,0.04324126
1191010111,0.06131865,0.051623035
1191010112,0.078214,0.046682287
1191010113,0.09177467,0.06791483
1191011101,0.10849669,0.09878796
1191011102,0.061269812,0.094071195
1191011103,0.07080127,0.065529235
1191011104,0.102297515,0.08734437
1191012101,0.06332424,0.055294286
1191012102,0.090342924,0.06732081
1191012103,0.07074087,0.07956437
1191012104,0.061682966,0.07356515
1191012105,0.09175608,0.05791435
1191012106,0.08028475,0.077671915
1191012107,0.082470775,0.06931617
1191012108,0.13413502,0.02548609
1191012109,0.13805753,0.09980908
1191012110,0.07899343,0.054398898
1191012111,0.090511054,0.028224176
1191012112,0.073087804,0.013172388
1191012113,0.073087804,0.03134
1191012114,0.074471116,0.07080215
1191012115,0.0682828,0.02121516
1191013101,0.12905751,0.0784641
1191013102,0.09684661,0.06429711
1191013103,0.09398604,0.06309309
1191013104,0.078004606,0.056696665
1191013105,0.24645564,0.10836108
1191014101,0.21883187,0.18399334
1191014102,0.17346326,0.17556778
1191014103,0.20860581,0.19432656
1191014104,0.38551438,0.39943805
1191014105,0.49985635,0.5119512
1191016101,0.13888615,0.11250759
1191016102,0.13148728,0.036528036
1191017101,0.1511416,0.13083601
1191017102,0.35162336,0.3227313
1191017103,0.3336602,0.35069853
1191017104,0.40134278,0.36956248
1191017105,0.17967352,0.1761323
1191017106,0.3990815,0.39167494
1191018101,0.120173246,0.08993511
1191018102,0.10775873,0.08561514
1191018103,0.093045354,0.09088044
1191018104,0.08990119,0.0490916
1191018105,0.11117231,0.079772115
1191018106,0.060468912,0.089008905
1191018107,0.066731095,0.004599126
1191018108,0.08551862,0.065676495
1191018109,0.082036704,0.031257328
1191018110,0.080177754,0.080005296
1191018111,0.07431424,0.03597685
1191018112,0.08916985,0.052566137
1191018113,0.12726772,0.10609322
1191018114,0.112490274,0.077671915
1191018115,0.15762362,0.049994927
1191018116,0.08264451,0.07111771
1191018117,0.12107594,0.114741534
1191018118,0.057707172,0.024032343
1191019101,0.06270006,0.060073145
1191019102,0.042454842,0.046324108
1191019103,0.07183254,0.043227237
1191019104,0.07823497,0.04360665
1191019105,0.060300674,0.048488073
1191019106,0.074213676,0.057392914
1191019107,0.06937592,0.068110585
1191019108,0.05938722,0.057392914
1191019109,0.06911239,0.06495458
1191020101,0.09235997,0.03279056
1191020102,0.18012063,0.16801448
1191021101,0.04796134,0.044954434
1191021102,0.041675042,0.04984156
1191021103,0.097678676,0.08817753
1191021104,0.13091335,0.12318199
1191021105,0.11945857,0.11286196
1191021106,0.04782652,0.046824068
1191021107,0.052227583,0.047302466
1191021108,0.06085684,0.065206975
1191021109,0.06837037,0.05035909
1191021110,0.050960694,0.06680321
1191021111,0.06599244,0.07308036
1191021112,0.058958672,0.059767343
1191021113,0.05175463,0.06739023
1191021114,0.06939725,0.089288145
1191021115,0.06354835,0.042890735
1191021116,0.13741398,0.09666696
1191021117,0.09250635,0.08105061
1191021118,0.0960574,0.08497183
1191021119,0.103934504,0.040298317
1191021120,0.0634746,0.036112424
1191021121,0.026585521,0.02746936
1191021122,0.11872187,0.08810105
1191022101,0.066490784,0.03828747
1191022102,0.160599,0.119711846
1191022103,0.14796966,0.113133736
1191022104,0.16877414,0.12037562
1191022105,0.17511444,0.1578853
1191025101,0.1473592,0.1330707
1191025102,0.14658818,0.12192068
1191025103,0.17911023,0.10614506
1191025104,0.0645964,0.052566137
1191025105,0.11253427,0.058067407
1191025106,0.07291818,0.005332755
1191025107,0.065465115,0.04414622
1191025108,0.05658812,0.055586442
1191025109,0.052211393,0.077810824
1191025110,0.039832752,0.06925133
1191025111,0.059752695,0.08592938
1191025112,0.0541588,0.062195156
1191025113,0.06120059,0.031469192
1191025114,0.083919,0.07419057
1191025115,0.084562235,0.076519616
1191025116,0.09493567,0.059289716
1191025117,0.05716929,0.05791435
1191025118,0.048972707,0.0009689286
1191025119,0.04106582,0.04579053
1191026101,0.0476842,0.036441233
1191026102,0.088280916,0.04897608
1191026103,0.06719372,0.05251149
1191026104,0.0595944,0.040071238
1191026105,0.07962294,0.04897608
1191026106,0.0476842,0.050227497
1191026107,0.082728624,0.05251149
1191026108,0.13867608,0.13801086
1191026109,0.0899572,0.057392914
1191026110,0.077291496,0.057392914
1191026111,0.042020973,0.04307968
1191026112,0.054350734,0.051928677
1191026113,0.14626966,0.14463095
1191026114,0.037639674,0.037440367
1191026115,0.085806444,0.057392914
1191026116,0.075129285,0.0538575
1191026117,0.095204115,0.057215367
1191026118,0.06270006,0.057392914
1191026119,0.10324204,0.08048917
1191026120,0.05429224,0.05198275
1191026121,0.08488079,0.06495458
1191026122,0.038303863,0.041240066
1191026123,0.06261471,0.04844733
1191026124,0.076613076,0.057392914
1191026125,0.061108116,0.057392914
1191026126,0.061813023,0.068675846
1191026127,0.064156,0.057392914
1191026128,0.063181296,0.05337698
1191026129,0.07367838,0.05423169
1191026130,0.037872665,0.03954427
1191026131,0.05429224,0.05198275
1191026132,0.06251246,0.057392914
1191026133,0.05676277,0.04984156
1191026134,0.07463843,0.06465991
1191026135,0.052801754,0.06903527
1191026136,0.047885023,0.069191284
1191026137,0.026585521,0.036267865
1191026138,0.08007996,0.06343778
1191029101,0.137462,0.094742194
1191029102,0.13461961,0.09871994
1191029103,0.0836454,0.063038416
1191029104,0.18416522,0.13026182
1191030101,0.15329768,0.1523252
1191030102,0.4857927,0.4231407
1191031101,0.08413968,0.0588297
1191031102,0.038263716,0.046112377
1191031103,0.053911787,0.04015734
1191031104,0.08687196,0.056224685
1191031105,0.0531884,0.06300633
1191031106,0.07446522,0.04610936
1191031107,0.043843903,0.0075410204
1191031108,0.04447404,0.032355413
1191031109,0.05429638,0.050205957
1191031110,0.048972707,0.011657538
1191031111,0.05335469,0.041765116
1191031112,0.05045904,0.083671086
1191031113,0.067400575,0.07136245
1191031114,0.07042055,0.077810824
1191031115,0.0857908,0.06683025
1191031116,0.050126445,0.026113123
1191031117,0.08961891,0.058067407
1191031118,0.06493362,0.037609123
1191031119,0.076557636,0.049271878
1191031120,0.07251561,0.023120165
1191031121,0.07198864,0.06846732
1191031122,0.057778463,0.058106665
1191031123,0.064115696,0.045828212
1191031124,0.05714077,0.047949944
1191031125,0.051019903,0.052192837
1191031126,0.12187893,0.12013984
1191031127,0.08846741,0.07471941
1191031128,0.12039843,0.085670754
1191031129,0.17875634,0.18746781
1191031130,0.08008053,0.11348359
1191031131,0.076804936,0.07080215
1191031132,0.10090673,0.085561074
1191031133,0.064244665,0.06527468
1191031134,0.07618603,0.06391044
1191032101,0.1554468,0.119782865
1191032102,0.070162155,0.059652396
1191032103,0.14619347,0.12144234
1191033101,0.08205335,0.08667244
1191033102,0.14184113,0.13006312
1191033103,0.09979198,0.071830906
1191033104,0.15899816,0.103054166
1191033105,0.1385402,0.09092413
1191033106,0.103984065,0.14774303
1191033107,0.09769096,0.10792625
1191033108,0.077845395,0.039310224
1191033109,0.14569835,0.085466675
1191033110,0.22772796,0.2066247
1191034101,0.09415449,0.10796389
1191034102,0.06855836,0.1310826
1191034103,0.08333154,0.050315216
1191037101,0.103700355,0.1024928
1191037102,0.10602669,0.09117481
1191037103,0.11112011,0.14062081
1191038101,0.1051065,0.06113731
1191038102,0.07430746,0.08423355
1191038103,0.042101067,0.036135457
1191038104,0.10491062,0.09147568
1191038105,0.088190585,0.07650001
1191038106,0.17453425,0.16218632
1191038107,0.05714077,0.05362805
1191038108,0.043843903,0.035311744
1191038109,0.14341809,0.113307685
1191038110,0.21454413,0.12468494
1191039101,0.10919763,0.091954626
1191039102,0.08651878,0.08023976
1191039103,0.08344096,0.08023976
1191039104,0.09967829,0.07855473
1191039105,0.11875677,0.08805081
1191039106,0.077321514,0.06629766
1191039107,0.09897585,0.060073145
1191039108,0.0433683,0.041322656
1191039109,0.0500836,0.036441233
1191039110,0.0954732,0.079762615
1191039111,0.075129285,0.040071238
1191039112,0.068927564,0.03873898
1191039113,0.116747625,0.07560775
1191039114,0.0433683,0.046418432
1191039115,0.06270006,0.048691764
1191039116,0.0433683,0.03750293
1191039117,0.082728624,0.061134852
1191039118,0.1039276,0.09223894
1191039119,0.046770744,0.036441233
1191039120,0.0476842,0.036441233
1191039121,0.076643,0.06823756
1191039122,0.09243523,0.07579921
1191039123,0.069345914,0.06495458
1191039124,0.07151179,0.06495458
1191039125,0.050051756,0.05387025
1191039126,0.06547868,0.06907604
1191039127,0.1429587,0.08781293
1191039128,0.07945739,0.057392914
1191039129,0.1065366,0.09494092
1191039130,0.07705799,0.057392914
1191039131,0.1315379,0.12904277
1191039132,0.12249493,0.10636118
1191039133,0.082728624,0.06495458
1191039134,0.15933944,0.12441503
1191039135,0.10862228,0.08745353
1191039136,0.13966382,0.10267478
1191039137,0.09653165,0.0583612
1191039138,0.08510536,0.08048917
1191039139,0.13379586,0.06438493
1191039140,0.047180973,0.07878173
1191039141,0.09208901,0.06361743
1191039142,0.10670756,0.085121185
1191039143,0.08695109,0.07079759
1191039144,0.068697415,0.06495458
1191039145,0.057456393,0.074385196
1191039146,0.039405566,0.044817325
1191039147,0.058780048,0.07452923
1191039148,0.016613709,-0.015735913
1191039149,0.02125029,0.038180016
1191039150,0.0888946,0.097316384
1191039151,0.10454204,0.10557394
1191039152,0.0463422,0.035914265
1191039153,0.07743515,0.05733885
1191039154,0.052801754,0.06319225
1191039155,0.030139336,0.038180016
1191041101,0.07589539,0.10702208
1191041102,0.10800474,0.1010087
1191041103,0.07136509,0.037686978
1191041104,0.037009813,-0.03284834
1191041105,0.08455123,0.046652123
1191041106,0.110410735,0.07426775
1191041107,0.034890354,0.014668036
1191041108,0.07789258,0.05653331
1191041109,0.07523944,0.05135349
1191041110,0.06874429,0.043744396
1191041111,0.06600649,0.06527468
1191041112,0.061890863,0.07404169
1191041113,0.08498758,0.0883647
1191041114,0.07693021,0.049271878
1191041115,0.08547148,0.07353262
1191041116,0.09285036,0.060328037
1191042101,0.15380473,0.11431013
1191042102,0.21327108,0.1960942
1191044101,0.096764825,0.068320155
1191044102,0.050910935,0.03300199
1191044103,0.058526058,0.07816364
1191044104,0.08379726,0.06323595
1191044105,0.084249556,0.07916677
1191044106,0.084693775,0.06844233
1191044107,0.08748622,0.051189087
1191044108,0.062323425,0.046827342
1191044109,0.058008276,0.050545026
1191044110,0.13110875,0.10193322
1191045101,0.059334002,0.056121066
1191045102,0.09780473,0.07042806
1191045103,0.13248064,0.08042882
1191045104,0.10514627,0.08345776
1191045105,0.13127847,0.1046185
1191045106,0.19291703,0.15368474
1191045107,0.11729823,0.11531972
1191045108,0.057445053,0.029319726
1191045109,0.073087804,0.002483772
1191045110,0.061358348,0.058067407
1191045111,0.065195695,0.014569908
1191045112,0.07531086,0.05843988
1191045113,0.080974765,0.06887638
1191046101,0.051469546,0.036441233
1191046102,0.0476842,0.047547173
1191046103,0.05295549,0.044682346
1191046104,0.046797168,0.041240066
1191046105,0.05800243,0.0538575
1191046106,0.08388294,0.07695376
1191046107,0.05557311,0.04495266
1191046108,0.051469546,0.03426405
1191046109,0.061108116,0.057392914
1191046110,0.076643,0.057392914
1191046111,0.09446441,0.05251149
1191046112,0.11426312,0.08805081
1191046113,0.06084674,0.04495266
1191046114,0.07891339,0.06495458
1191046115,0.016199542,0.027309164
1191046116,0.04606233,0.041322656
1191046117,0.051186576,0.04844733
1191046118,0.08131279,0.057392914
1191046119,0.06402654,0.050227497
1191046120,0.049367014,0.08772642
1191047101,0.09388569,0.056402043
1191047102,0.0728912,0.07763158
1191047103,0.068310514,0.059700526
1191047104,0.086074874,0.056012765
1191047105,0.102472134,0.11290326
1191047106,0.08479388,0.10538347
1191048101,0.08377371,0.05895328
1191048102,0.1012984,0.07223437
1191048103,0.07572954,0.057392914
1191048104,0.10703327,0.07560775
1191048105,0.059054196,0.07435547
1191048106,0.037115067,0.04307968
1191048107,0.05672156,0.05198275
1191048108,0.071108006,0.057392914
1191048109,0.05586139,0.05757518
1191048110,0.10010561,0.07066393
1191048111,0.063936435,0.04629227
1191048112,0.06558666,0.044097003
1191048113,0.06121896,0.03991705
1191048114,0.13405977,0.1680119
1191048115,0.053461995,0.06776728
1191048116,0.04464697,0.029144403
1191048117,0.04741043,0.007197134
1191048118,0.052124795,0.05615499
1191048119,0.034529652,0.01815882
1191048120,0.15982687,0.13949907
1191049101,0.054577254,0.050227497
1191049102,0.08901657,0.059700526
1191049103,0.06472101,0.049975216
1191049104,0.05781021,0.04548356
1191049105,0.08219695,0.063181885
1191049106,0.06566289,0.059700526
1191049107,0.06769014,0.09875828
1191049108,0.05420708,0.04924703
1191049109,0.1738663,0.1614998
1191051101,0.10785396,0.046190247
1191051102,0.16657512,0.14287916
1191051103,0.25063127,0.40501305
1201002101,0.21947595,0.26979065
1201002102,0.20895308,0.23867062
1201002103,0.36950147,0.39251012
1201002104,0.46719167,0.46375623
1201002105,0.33294716,0.32351968
1201002106,0.35213667,0.40478206
1201002107,0.25285983,0.31956953
1201002108,0.3738685,0.3919299
1201002109,0.2824332,0.29667896
1201002110,0.26492098,0.35042432
1201002111,0.1129488,0.13761732
1201002112,0.51248336,0.4758689
1201002113,0.3989374,0.50691116
1201005101,0.176065,0.20468988
1201005102,0.15648463,0.15190075
1201005103,0.19203259,0.23767267
1201005104,0.27557626,0.3149178
1201005105,0.2644853,0.25248092
1201006101,0.20844088,0.15976298
1201006102,0.15366693,0.12913293
1201006103,0.18338285,0.17365217
1201006104,0.19227014,0.24794072
1201006105,0.25111058,0.2499435
1201006106,0.15030754,0.15468204
1201006107,0.36975798,0.48468554
1201006108,0.5292563,0.5271729
1201010101,0.13684052,0.10725261
1201010102,0.1391885,0.15004659
1201010103,0.21520185,0.18462232
1201010104,0.10410668,0.1416939
1201010105,0.05403793,0.05607051
1201012101,0.35841933,0.4087178
1201012102,0.6248952,0.4974968
1201012103,0.6911872,0.5683319
1201012104,0.76889634,0.7103251
1201012105,0.64579314,0.5427553
1201012106,0.6786174,0.656379
1201014101,0.09079152,0.07263024
1201014102,0.104675986,0.12806405
1201014103,0.12623316,0.14568855
1201014104,0.11714767,0.104862325
1201014105,0.10849241,0.11152745
1201014106,0.11806262,0.12222766
1201014107,0.20715724,0.23302239
1201014108,0.115446165,0.11911787
1201014109,0.192784,0.2386181
1201021101,0.26252392,0.33882126
1201021102,0.20067468,0.28853118
1201021103,0.16993615,0.29122484
1201021104,0.20315982,0.27997404
1201021105,0.29916543,0.32385567
1201021106,0.39382976,0.36892647
1201021107,0.16144654,0.13490285
1201021108,0.53363824,0.4995948
1201023101,0.23079789,0.28798968
1201023102,0.22769842,0.15990339
1201023103,0.1467487,0.15730692
1201023104,0.2549794,0.19948466
1201023105,0.21995945,0.23010863
1201023106,0.16305509,0.17646396
1201023107,0.13440931,0.15736759
1201023108,0.12889159,0.11512472
1201023109,0.25884873,0.32830393
1201023110,0.2829079,0.28259486
1201023111,0.23409684,0.17379107
1201025101,0.2365809,0.24151136
1201025102,0.25332856,0.21673045
1201025103,0.2171112,0.28235495
1201025104,0.32474068,0.25316346
1201025105,0.3612832,0.41052872
1201025106,0.29039806,0.35369378
1201026101,0.35409412,0.40744403
1201026102,0.5503718,0.53877985
1201026103,0.64169055,0.6054279
1201028101,0.25811127,0.2053821
1201028102,0.29412812,0.3337879
1201028103,0.3257272,0.3940487
1201028104,0.5843581,0.6855937
1201028105,0.56125104,0.5414573
1201029101,0.6480313,0.68055856
1201029102,0.82538384,0.85096705
1201030101,0.07674449,0.06623309
1201030102,0.08388065,0.05800876
1201030103,0.07889893,0.050980255
1201030104,0.1290294,0.12208121
1201031101,0.27698877,0.40027723
1201031102,0.694099,0.5794044
1201033101,0.1510033,0.11442168
1201033102,0.16462165,0.116623096
1201033103,0.14536008,0.16340059
1201039101,0.23341113,0.21962595
1201039102,0.18668959,0.16579886
1201039103,0.15258823,0.123471186
1201039104,0.20129873,0.19934708
1201039105,0.16419141,0.17597468
1201039106,0.17625728,0.17949061
1201039107,0.18222664,0.1444176
1201039108,0.18941185,0.17988183
1201039109,0.09534091,0.07265351
1201039110,0.2203429,0.23054999
1201039111,0.20043124,0.22628236
1201039112,0.43695167,0.41351193
1201039113,0.39075673,0.4158821
1201039114,0.2666827,0.31862897
1201039115,0.26211783,0.37301183
1201040101,0.654363,0.7467296
1201040102,0.75565255,0.8389944
1201040103,0.8014855,0.7909877
1201040104,0.7610968,0.83807874
1201041101,0.39627323,0.4343785
1201041102,0.270771,0.29716957
1201041103,0.28970575,0.33571145
1201041104,0.46400613,0.46421602
1201041105,0.64660585,0.64911497
1201041106,0.76445997,0.75076765
1201041107,0.7912936,0.82591534
1201041108,0.7924236,0.8309246
1201042101,0.123233035,0.09454677
1201042102,0.100536145,0.07397222
1201042103,0.47674805,0.5349145
1201043101,0.17955402,0.22285733
1201043102,0.13167965,0.09826945
1201043103,0.1406264,0.1749492
1201043104,0.19182228,0.2191154
1201043105,0.14854383,0.18782425
1201043106,0.11745856,0.11881478
1201043107,0.13189475,0.16508768
1201043108,0.133055,0.12527823
1201043109,0.2723854,0.25736082
1201043110,0.10071639,0.086414345
1201043111,0.15064245,0.17536154
1201043112,0.4130045,0.47842294
1201043113,0.26244667,0.29831678
1201043114,0.38263,0.43824184
1201044101,0.1696174,0.18366873
1201044102,0.2549703,0.33099347
1201044103,0.19851345,0.18417442
1201044104,0.12476153,0.12078667
1201044105,0.16570464,0.13570122
1201044106,0.15201017,0.16400841
1201044107,0.25862813,0.23678134
1201044108,0.36174235,0.38038808
1201044109,0.45064288,0.38172588
1201045101,0.12483333,0.13398091
1201045102,0.11146211,0.10026807
1201045103,0.12097857,0.1698492
1201045104,0.076561004,0.070264444
1201045105,0.058047425,0.077526994
1201045106,0.05183202,0.03705806
1201051101,0.69443786,0.64295274
1201051102,0.5593899,0.49333635
1201051103,0.6316549,0.6019579
1201058101,0.59286255,0.63050634
1201058102,0.7332566,0.7787524
1201058103,0.74757713,0.75732857
1201058104,0.755392,0.87003344
1201059101,0.16768141,0.16263969
1201059102,0.23924996,0.27924904
1201059103,0.21353392,0.21585645
1201059104,0.21890306,0.21653065
1201059105,0.22445291,0.30202064
1201059106,0.22575514,0.21401067
1201059107,0.30427992,0.34746867
1201059108,0.61477965,0.5624568
1201059109,0.4468068,0.44006017
1201063101,0.14842145,0.12120663
1201063102,0.11498275,0.08469572
1201063103,0.13003513,0.13251501
1201063104,0.15494575,0.17538975
1201064101,0.345913,0.35764384
1201064102,0.43666255,0.4231851
1201066101,0.25248215,0.2792632
1201066102,0.2568106,0.2100205
1201066103,0.3484052,0.3630416
1201067101,0.06981428,0.054155376
1201067102,0.06869748,0.056943543
1201067103,0.084968045,0.08207793
1201067104,0.070085466,0.03625151
1201067105,0.085402064,0.07035824
1201067106,0.093174815,0.055133555
1201067107,0.093922436,0.0817464
1201067108,0.084369026,0.08075158
1201067109,0.08074558,0.06938663
1201067110,0.08534675,0.08282518
1201067111,0.0780672,0.08123474
1201067112,0.1171746,0.15757094
1201067113,0.13434222,0.1388928
1201067114,0.13406043,0.13551372
1201067115,0.18516983,0.28969255
1201067116,0.08398138,0.10139389
1201067117,0.12802593,0.12636106
1201068101,0.20366229,0.18443929
1201068102,0.26211494,0.31355786
1201068103,0.2335717,0.20688976
1201068104,0.15590987,0.1101889
1201068105,0.2837729,0.21459655
1201068106,0.43825865,0.47939146
1201070101,0.47285342,0.44934496
1201070102,0.34359768,0.3712264
1201070103,0.519296,0.5450502
1201072101,0.292195,0.3588427
1201072102,0.49462464,0.50229
1201072103,0.47907802,0.47886735
1201073101,0.30224147,0.3391685
1201073102,0.3036457,0.30485794
1201073103,0.2655832,0.2695273
1201073104,0.35308194,0.38552183
1201073105,0.5355635,0.5527444
1201073106,0.4697616,0.53687847
1201073107,0.43386078,0.5012766
1201075101,0.21637315,0.217785
1201075102,0.23080184,0.28842804
1201075103,0.21601748,0.24152397
1201077101,0.23184855,0.21803357
1201077102,0.21733572,0.2653384
1201077103,0.19623998,0.17258704
1201079101,0.077591464,0.08985175
1201079102,0.08240123,0.107897446
1201079103,0.07235159,0.06149783
1201079104,0.07435162,0.09695371
1201079105,0.086037315,0.12427843
1201079106,0.09627905,0.13991633
1201079107,0.08171837,0.089107186
1201079108,0.097704016,0.13917644
1201079109,0.08150698,0.08673698
1201079110,0.07879162,0.13605206
1201079111,0.17726508,0.102701634
1201079112,0.26586396,0.267324
1201079113,0.23064712,0.23318225
1201079114,0.27975604,0.25112656
1201083101,0.0579678,0.075239435
1201083102,0.08722119,0.113494515
1201083103,0.15151505,0.15667747
1201083104,0.14144932,0.17538975
1201083105,0.088087216,0.09554831
1201083106,0.24779129,0.23942566
1201084101,0.15160194,0.1430263
1201084102,0.14239609,0.14659725
1201084103,0.18423583,0.14370067
1201084104,0.17127687,0.14888199
1201085101,0.39807966,0.43518212
1201085102,0.64262664,0.5561224
1201085103,0.66984713,0.68653226
1201085104,0.76595443,0.69186354
1201085105,0.8023864,0.7766874
1201085106,0.76771915,0.79608434
1201085107,0.75878704,0.79208595
1201087101,0.33865646,0.28355753
1201087102,0.36997658,0.31781453
1201087103,0.25721475,0.3321654
1201090101,0.23422131,0.2853294
1201090102,0.31701252,0.3276641
1201090103,0.4402361,0.43436894
1201091101,0.11872367,0.07733014
1201091102,0.11604951,0.09126517
1201091103,0.07783479,0.07181926
1201091104,0.060925465,0.055406783
1201091105,0.10545474,0.09898498
1201095101,0.6879261,0.7360944
1201095102,0.75033516,0.7950842
1201102101,0.2742444,0.30207142
1201102102,0.20013541,0.2047493
1201102103,0.3305813,0.35499614
1201103101,0.29639137,0.33683378
1201103102,0.27142358,0.31985953
1201103103,0.29043478,0.2694291
1201107101,0.16157305,0.16053814
1201107102,0.11258364,0.13293856
1201107103,0.09744161,0.0870264
1201107104,0.089163795,0.077797726
1201107105,0.15793313,0.15531841
1201107106,0.096174344,0.11192363
1201107107,0.0748503,0.11461603
1201107108,0.17670508,0.18055828
1201115101,0.14308149,0.13852374
1201115102,0.11875235,0.114537396
1201115103,0.10934363,0.095401146
1201115104,0.046741717,0.047697626
1201115105,0.06498054,0.079822004
1201124101,0.3269258,0.29198846
1201124102,0.2827604,0.34037063
1201124103,0.33568135,0.37640277
1201124104,0.342141,0.35776073
1201124105,0.37733778,0.3648205
1201124106,0.4459668,0.47443154
1201124107,0.550618,0.6255323
1201126101,0.7345427,0.79376876
1201126102,0.71169436,0.77552104
1201131101,0.2589958,0.27981398
1201131102,0.3254542,0.40896112
1201131103,0.3825602,0.48822072
1201134101,0.42258766,0.46767223
1201134102,0.3016986,0.37322962
1201134103,0.30334637,0.45421866
1201134104,0.33700278,0.3456843
1201134105,0.3011098,0.3886022
1201134106,0.6408837,0.52744657
1201134107,0.70388216,0.73105097
1201134108,0.47304282,0.4991014
1201134109,0.57312155,0.5238591
1201134110,0.58734006,0.63669556
1201134111,0.7349163,0.65412974
1201134112,0.64034444,0.6829437
1201134113,0.60580224,0.6271999
1201134114,0.5110831,0.49542102
1201135101,0.31719837,0.34923705
1201135102,0.36175656,0.316992
1201135103,0.36841306,0.45035216
1201135104,0.44831046,0.49533197
1201136101,0.31267416,0.31713492
1201136102,0.42483097,0.40575582
1201136103,0.7036086,0.69870055
1201136104,0.64954644,0.7086629
1201141101,0.5472101,0.6083396
1201141102,0.47870675,0.43774357
1201141103,0.42841,0.54423904
1201141104,0.46747732,0.4541957
1201143101,0.21184097,0.24154052
1201143102,0.26680523,0.30625144
1201143103,0.29416454,0.3641253
1201143104,0.42792353,0.49021712
1201143105,0.51723933,0.4719564
1201143106,0.53342456,0.5359409
1201145101,0.11390304,0.14068912
1201145102,0.08566018,0.09300004
1201145103,0.09307272,0.062407304
1201145104,0.1275674,0.05253602
1201150101,0.16983204,0.20570499
1201150102,0.23970044,0.22884391
1201150103,0.18691249,0.15992332
1201150104,0.2142169,0.20300242
1201150105,0.25747296,0.2456392
1201153101,0.3109401,0.42489234
1201153102,0.30470955,0.33048105
1201153103,0.3325161,0.40986785
1201153104,0.46331137,0.53289384
1201157101,0.13825233,0.12795208
1201157102,0.058592517,0.07591933
1201157103,0.09139435,0.14444414
1201157104,0.056253262,0.051584676
1201157105,0.06638162,0.061166298
1201157106,0.046742477,0.051162973
1201157107,0.058292974,0.058431137
1201157108,0.064280614,0.05868603
1201166101,0.23979685,0.25507405
1201166102,0.24966896,0.21371111
1201166103,0.32893884,0.36933553
1201166104,0.52857643,0.5040498
1201166105,0.5091949,0.52305776
1201171101,0.42188498,0.48114207
1201171102,0.7433899,0.73008674
1201171103,0.7967546,0.8238441
1201171104,0.8125835,0.84503317
1201171105,0.74361074,0.8210564
1201171106,0.60580796,0.68986076
1201174101,0.12761818,0.12960161
1201174102,0.094340116,0.09523268
1201174103,0.08744981,0.12618238
1201177101,0.29636565,0.23270199
1201177102,0.27414694,0.23371282
1201177103,0.24929471,0.27185994
1201177104,0.46052745,0.35281447
1201177105,0.39823472,0.39894837
1201177106,0.39868864,0.36235318
1201178101,0.3880498,0.4393225
1201178102,0.28393987,0.27506602
1201178103,0.27110985,0.3087988
1201178104,0.0879737,0.06663678
1201178105,0.042061165,0.02706869
1201184101,0.09600024,0.0722255
1201184102,0.08492001,0.048620153
1201184103,0.11179358,0.09767096
1201184104,0.09513325,0.09822274
1201184105,0.058275927,0.08344655
1201184106,0.099858135,0.10999395
1201184107,0.11372633,0.15575424
1201184108,0.13937208,0.17888494
1201184109,0.1131192,0.14929883
1201184110,0.17533433,0.16476777
1201184111,0.14145955,0.14470589
1201184112,0.17703503,0.20805454
1201184113,0.15438138,0.22958022
1201184114,0.47827217,0.48463708
1201184115,0.2600645,0.20481493
1201184116,0.28448173,0.41118857
1201184117,0.27290377,0.27342293
1201184118,0.3724023,0.3279056
1201184119,0.4148286,0.40811855
1201185101,0.26770464,0.35513052
1201185102,0.21728513,0.26814085
1201185103,0.48239365,0.53680015
1201188101,0.65582305,0.63638806
1201188102,0.57936203,0.5675029
1201188103,0.64424765,0.61051506
1201190101,0.47996184,0.53289264
1201190102,0.524267,0.4488131
1201190103,0.19925547,0.15784894
1201190104,0.4354128,0.4458858
1201190105,0.4496034,0.43661886
1201190106,0.513818,0.4932542
1201197101,0.32536548,0.3358494
1201197102,0.348924,0.30484062
1201198101,0.28260377,0.36635584
1201198102,0.5247439,0.4734144
1201198103,0.46735218,0.4460187
1201198104,0.61256367,0.56950337
1201198105,0.56175876,0.50826204
1201198106,0.548454,0.58974713
1201198107,0.5688608,0.5190804
1201202101,0.49464306,0.6274987
1201202102,0.65984267,0.653436
1201202103,0.6402149,0.673346
1201205101,0.7392311,0.78405905
1201205102,0.49962714,0.5778642
1201205103,0.4058012,0.38476744
1201205104,0.50014913,0.53381264
1201205105,0.6485431,0.738254
1201207101,0.47269455,0.62334067
1201207102,0.5058686,0.53520715
1201207103,0.5198877,0.72406226
1201217101,0.18054503,0.15603322
1201217102,0.1639744,0.13883422
1201217103,0.16529565,0.12786019
1201217104,0.1741266,0.16554575
1201217105,0.091824695,0.07090886
1201217106,0.13176979,0.08102581
1201217107,0.14251661,0.12576309
1201217108,0.0948511,0.09877421
1201217109,0.09011697,0.11584801
1201218101,0.33662924,0.41907668
1201218102,0.34999362,0.42027423
1201218103,0.43426916,0.50689036
1201218104,0.3216427,0.34161898
1201218105,0.56503266,0.5841596
1201218106,0.7109914,0.7337091
1201218107,0.6729087,0.59403396
1201218108,0.63607585,0.5669837
1201218109,0.7668389,0.8090391
1201219101,0.7407132,0.83064127
1201219102,0.7660111,0.815033
1201219103,0.82690793,0.80427366
1201220101,0.40446287,0.4379022
1201220102,0.512107,0.59753877
1201221101,0.6006893,0.59241766
1201221102,0.6615582,0.68637115
1201221103,0.70061296,0.6832076
1201221104,0.68526596,0.6748614
1201221105,0.59744185,0.66989875
1201221106,0.5276606,0.53898525
1201221107,0.65732324,0.6005706
1201221108,0.6700746,0.67042226
1201221109,0.62970394,0.597629
1201221110,0.68727815,0.8362646
1201222101,0.5179775,0.601328
1201222102,0.6369171,0.6105853
1201223101,0.4221135,0.476007
1201223102,0.421047,0.4927066
1201223103,0.49035355,0.6136074
1201224101,0.24147548,0.29857162
1201224102,0.5084013,0.5082881
1201225101,0.31134975,0.35211658
1201225102,0.42488948,0.47706
1201225103,0.5480366,0.51446474
1201225104,0.4412622,0.4651637
1201225105,0.4659385,0.51979065
1201225106,0.6608495,0.68242556
1201225107,0.5051355,0.6128047
1201225108,0.7402183,0.78150356
1201226101,0.31422102,0.3551566
1201226102,0.35026446,0.40880373
1201227101,0.17540388,0.18390322
1201227102,0.055429738,0.04180318
1201227103,0.088662446,0.12537695
1201227104,0.037366528,0.049582787
1201227105,0.032444727,0.04565149
1201227106,0.042956386,0.040953435
1201227107,0.0647069,0.07338743
1201227108,0.056808315,0.07275054
1201228101,0.21648972,0.14532614
1201228102,0.17415985,0.16533577
1201228103,0.22240798,0.1927402
1201229101,0.15766935,0.14532392
1201229102,0.14028591,0.12576309
1201229103,0.19640458,0.21537773
1201229104,0.21480355,0.22396259
1201229105,0.27412438,0.25917554
1201230101,0.30303338,0.24088039
1201230102,0.21526016,0.15344918
1201230103,0.24235247,0.20046276
1201230104,0.20819952,0.16277143
1201230105,0.3938267,0.43712923
1201231101,0.296235,0.27496508
1201231102,0.46447256,0.4656509
1201232101,0.221578,0.21632025
1201232102,0.15569921,0.15882482
1201232103,0.08236416,0.09270023
1201233101,0.2843312,0.28304234
1201233102,0.32035118,0.31055292
1201233103,0.43148625,0.36926517
1201233104,0.3602606,0.34809515
1201233105,0.4900466,0.4315204
1201234101,0.23126405,0.28882658
1201234102,0.2698848,0.2948045
1201235101,0.40293092,0.49360272
1201235102,0.46447304,0.54947793
1201235103,0.65258604,0.6718863
1201236101,0.27999055,0.2661492
1201236102,0.20692496,0.1849306
1201236103,0.26983762,0.31158185
1201236104,0.21984832,0.1389693
1201236105,0.23528126,0.30201072
1201236106,0.30959633,0.33626118
1201237101,0.39674816,0.44754088
1201237102,0.66792107,0.74472976
1201238101,0.3088639,0.30167103
1201238102,0.3178887,0.3450864
1201238103,0.18940614,0.25376353
1201238104,0.23362547,0.20397522
1201238105,0.21793494,0.25895238
1201238106,0.2885186,0.3550923
1201238107,0.31140983,0.29164648
1201238108,0.104068644,0.17752175
1201238109,0.104406014,0.08919191
1201238110,0.11069231,0.13406639
1201238111,0.047216624,0.07406932
1201238112,0.0795766,0.09548976
1201238113,0.2110751,0.22287278
1201238114,0.17655894,0.1991383
1201238115,0.3715776,0.42353725
1201238116,0.24998511,0.2477758
1201239101,0.2875409,0.28346005
1201239102,0.17845963,0.16999134
1201239103,0.17720991,0.21765709
1201239104,0.29468742,0.3203716
1201239105,0.31640485,0.38325393
1201239106,0.5430973,0.52604574
1201239107,0.5540842,0.58713996
1201239108,0.37164757,0.3912389
1201239109,0.4281893,0.5347525
1201240101,0.43014544,0.43740442
1201240102,0.5656538,0.64289
1201240103,0.44609326,0.54113793
1201240104,0.58526605,0.6525433
1201241101,0.25872663,0.2111966
1201241102,0.20845051,0.16461354
1201241103,0.19335482,0.22027194
1201241104,0.29039806,0.36026147
1201241105,0.48035657,0.48660758
1201241106,0.44408968,0.3597411
1201241107,0.45138937,0.49477938
1201241108,0.51687574,0.45537138
1201242101,0.47054198,0.46633166
1201242102,0.38595966,0.42159355
1201242103,0.5255264,0.5096534
1201242104,0.4874908,0.406188
1201242105,0.52555084,0.5010608
1201242106,0.4857456,0.46338797
1201242107,0.46711555,0.51480955
1201242108,0.33499372,0.33532158
1201242109,0.25515842,0.26935434
1201242110,0.3316919,0.3067457
1201242111,0.3009617,0.30134585
1201242112,0.25055116,0.27714726
1201242113,0.1844094,0.23688373
1201242114,0.31373745,0.34478804
1201242115,0.28877643,0.25662124
1201242116,0.21768413,0.19936907
1201242117,0.2761745,0.28758067
1201242118,0.2857055,0.31607428
1201242119,0.24573635,0.24695392
1201242120,0.22547388,0.22637141
1201242121,0.23942111,0.23962608
1201242122,0.43769252,0.43979204
1201242123,0.29924265,0.3710023
1201242124,0.27750078,0.34028435
1201242125,0.49949482,0.4995467
1201242126,0.39339676,0.46394044
1201242127,0.17126822,0.19816972
1201242128,0.27848002,0.31485748
1201242129,0.36324975,0.40329823
1201242130,0.5161128,0.50343597
1201242131,0.4817014,0.51921624
1201243101,0.34073985,0.377126
1201243102,0.5792886,0.6832364
1201244101,0.1711282,0.17414908
1201244102,0.146275,0.13249944
1201244103,0.13945648,0.104543544
1201244104,0.16040224,0.13512777
1201244105,0.11957101,0.13816363
1201244106,0.106676504,0.07602053
1201245101,0.21324107,0.17770569
1201245102,0.26011395,0.31589636
1201245103,0.4045177,0.3850513
1201246101,0.18517007,0.18064126
1201246102,0.11977992,0.111343056
1201246103,0.04533201,0.042530574
1201247101,0.32215774,0.3044394
1201247102,0.36997157,0.4722461
1201247103,0.5413954,0.5214913
1201248101,0.087150425,0.06780626
1201248102,0.120692186,0.10947466
1201248103,0.06399986,0.047783602
1201248104,0.043191653,0.05104184
1201248105,0.024626281,0.032895133
1201248106,0.040281992,0.04531996
1201248107,0.043585476,0.04531996
1201248108,0.053887866,0.046211556
1201249101,0.4221394,0.42437163
1201249102,0.4504895,0.4280137
1201249103,0.38394743,0.4022368
1201250101,0.1790185,0.21387875
1201250102,0.23841777,0.24223602
1201250103,0.23746951,0.27766204
1201250104,0.2187214,0.24349497
1201250105,0.4231592,0.5282567
1201250106,0.5901378,0.7290393
1201251101,0.6388701,0.5769069
1201251102,0.40393323,0.4349432
1201252101,0.103641815,0.08282518
1201252102,0.06271898,0.0564148
1201252103,0.05961331,0.049723383
1201252104,0.13394696,0.097068354
1201252105,0.09778684,0.13762239
1201252106,0.13276269,0.14126463
1201253101,0.50975865,0.5548901
1201253102,0.5666265,0.64896446
1201254101,0.49249884,0.56783265
1201254102,0.5570799,0.5599383
1201255101,0.5892848,0.5341544
1201255102,0.5950192,0.46189055
1201256101,0.115603305,0.10565493
1201256102,0.110121064,0.112831034
1201256103,0.092557356,0.0927194
1201256104,0.10697155,0.075531974
1201256105,0.07976009,0.08097779
1201256106,0.074857295,0.064259954
1201256107,0.09442669,0.10420589
1201256108,0.1118262,0.10547214
1201256109,0.22743897,0.24424435
1201256110,0.2142393,0.18673283
1201256111,0.28916368,0.3466653
1201256112,0.047527827,0.044763893
1201256113,0.040545546,0.038427923
1201257101,0.063518114,0.05479781
1201257102,0.06823882,0.055133555
1201257103,0.08562036,0.085576035
1201257104,0.08540456,0.08606824
1201257105,0.073124655,0.08310949
1201257106,0.0523101,0.06587509
1201257107,0.09155781,0.07452807
1201257108,0.11343337,0.09787762
1201257109,0.12678097,0.10337525
1201257110,0.044068072,0.06600056
1201257111,0.041548666,0.07854829
1201258101,0.44178513,0.46101362
1201258102,0.5549783,0.5482328
1201259101,0.18993351,0.24253015
1201259102,0.16460358,0.20897958
1201259103,0.18252622,0.29741523
1201259104,0.15705585,0.1574414
1201259105,0.1947723,0.3166727
1201259106,0.27180132,0.34175012
1201259107,0.41813362,0.4640936
1201259108,0.4238605,0.40016925
1201259109,0.22653474,0.28620392
1201260101,0.32565972,0.3649877
1201260102,0.26094466,0.32279778
1201260103,0.34325075,0.48235306
1201261101,0.15734231,0.13293137
1201261102,0.12066569,0.16249792
1201261103,0.10148593,0.11277198
1201261104,0.09858496,0.11461603
1201261105,0.1515023,0.13422403
1201261106,0.09670906,0.12273266
1201261107,0.05944664,0.07345029
1201261108,0.2026236,0.15321963
1201261109,0.094106466,0.11653724
1201261110,0.036241073,0.0149765685
1201262101,0.39302927,0.40122467
1201262102,0.48934504,0.5167088
1201262103,0.5243654,0.59219474
1201262104,0.22125825,0.23016402
1201262105,0.13444385,0.15230191
1201262106,0.17490637,0.12965938
1201262107,0.16809338,0.1122141
1201262108,0.3289306,0.38672397
1201263101,0.1387387,0.1130237
1201263102,0.21515101,0.21573047
1201263103,0.19883694,0.16979821
1201264101,0.3942339,0.40340272
1201264102,0.72519,0.79792064
1201264103,0.8278319,0.8656931
1201264104,0.72267324,0.7133841
1201264105,0.8344946,0.8832772
1201264106,0.7410533,0.80106837
1201264107,0.74029356,0.78849953
1201264108,0.794121,0.7991268
1201264109,0.7799227,0.8093995
1201264110,0.81598616,0.84503317
1201264111,0.83367026,0.8943797
1201265101,0.04410511,0.0409976
1201265102,0.057088975,0.0538575
1201265103,0.10584476,0.11664626
1201265104,0.12893552,0.1282364
1201266101,0.12807523,0.117181696
1201266102,0.23228486,0.32698745
1201266103,0.30995813,0.2730668
1201266104,0.3948477,0.39827007
1201266105,0.24763843,0.3014678
1201266106,0.068570696,0.08554615
1201266107,0.06640271,0.086314484
1201266108,0.09796277,0.13457282
1201266109,0.07944341,0.09156887
1201266110,0.038710337,0.03274692
1201266111,0.13875836,0.12006688
1201266112,0.070417345,0.09022069
1201266113,0.1985022,0.24005882
1201266114,0.19886813,0.27776814
1201267101,0.40067816,0.43649107
1201267102,0.32215157,0.36952057
1201267103,0.30963975,0.32523885
1201267104,0.28331247,0.3755005
1201267105,0.2805688,0.31698895
1201267106,0.582169,0.5092572
1201267107,0.5341122,0.45498294
1201268101,0.46016955,0.46744716
1201268102,0.56243265,0.6805598
1201268103,0.48642838,0.5519367
1201269101,0.22386977,0.28370744
1201269102,0.22745533,0.25362885
1201269103,0.26909283,0.28276917
1201269104,0.23200554,0.25302985
1201269105,0.22764209,0.30260992
1201269106,0.42188275,0.5232129
1201270101,0.17180172,0.22601752
1201270102,0.25295755,0.23822318
1201270103,0.22474469,0.24795921
1201271101,0.5279524,0.5607267
1201271102,0.700402,0.6890415
1201272101,0.3316429,0.3714918
1201272102,0.571955,0.61825526
1201272103,0.6664464,0.6583425
1201273101,0.4846447,0.47715232
1201273102,0.4249587,0.5019989
1201273103,0.46132448,0.516114
1201273104,0.48322743,0.45824698
1201273105,0.49493924,0.5806216
1201273106,0.47509584,0.5808867
1201273107,0.46515286,0.49896395
1201274101,0.38855305,0.39963004
1201274102,0.48729783,0.5016407
1201274103,0.46182886,0.47378874
1201274104,0.44763717,0.35114306
1201275101,0.316785,0.31330913
1201275102,0.44868344,0.5304398
1201275103,0.46020123,0.4523555
1201276101,0.37305084,0.43872574
1201276102,0.38885665,0.4517852
1201276103,0.5038915,0.5107222
1201277101,0.2251343,0.21069944
1201277102,0.26618752,0.29896694
1201277103,0.4506437,0.44907483
1201278101,0.31913686,0.28838542
1201278102,0.44555372,0.4733049
1201278103,0.5371211,0.5779984
1201279101,0.2730122,0.32156774
1201279102,0.27237105,0.3399738
1201279103,0.32775313,0.3321063
1201279104,0.3454959,0.39360318
1201279105,0.387116,0.42861128
1201279106,0.47914022,0.4724203
1201279107,0.46632007,0.4817049
1201279108,0.53431034,0.5155727
1201280101,0.5245306,0.6526765
1201280102,0.63789815,0.78790474
1201281101,0.25095952,0.31656852
1201281102,0.2732026,0.34209484
1201281103,0.20004335,0.22199243
1201281104,0.5986305,0.63754827
1201281105,0.48177528,0.563681
1201282101,0.1718613,0.12849832
1201282102,0.19917947,0.21899381
1201282103,0.2985045,0.2852181
1201283101,0.3694139,0.36993012
1201283102,0.44645134,0.4460153
1201284101,0.27331057,0.23476382
1201284102,0.3382202,0.40656677
1201284103,0.30964768,0.36861813
1201284104,0.4182958,0.37356034
1201285101,0.16099617,0.15057288
1201285102,0.220884,0.18183655
1201285103,0.19383064,0.25554746
1201285104,0.18324256,0.1377647
1201285105,0.2829289,0.26171115
1201285106,0.25596088,0.25899768
1201285107,0.19963352,0.24851707
1201285108,0.18747826,0.20821775
1201285109,0.21932183,0.2559718
1201285110,0.37936506,0.45335588
1201285111,0.5143296,0.4542074
1201285112,0.36057535,0.37274146
1201285113,0.37345764,0.46912944
1201285114,0.34854153,0.39724168
1201285115,0.46583584,0.4035006
1201285116,0.48655376,0.6179469
1201285117,0.5665715,0.5695484
1201285118,0.19524825,0.18206267
1201285119,0.283883,0.34912565
1201285120,0.5764438,0.5842938
1201285121,0.40854958,0.4203464
1201286101,0.33056664,0.33275947
1201286102,0.25769573,0.31558353
1201286103,0.24186176,0.236568
1201286104,0.21606152,0.20975599
1201286105,0.1516101,0.20287621
1201287101,0.7354933,0.67565787
1201287102,0.6658762,0.6725893
1201288101,0.5717401,0.5265059
1201288102,0.53916943,0.58349645
1201288103,0.37038863,0.406695
1201289101,0.3561422,0.38467136
1201289102,0.5753242,0.6019576
1201290101,0.39048606,0.41350618
1201290102,0.7201717,0.6603934
1201291101,0.1631073,0.13291794
1201291102,0.13130167,0.14688337
1201291103,0.21982236,0.19327563
1201291104,0.23378189,0.24476074
1201292101,0.4199567,0.5159876
1201292102,0.64847827,0.6760465
1201292103,0.68546224,0.779225
1201292104,0.67088705,0.7049591
1201293101,0.49602348,0.5220655
1201293102,0.45129475,0.49161106
1201293103,0.54687685,0.56433886
1201293104,0.5493824,0.6360486
1201294101,0.16963165,0.17721412
1201294102,0.1213974,0.14698872
1201294103,0.13273606,0.14573076
1201294104,0.20341283,0.22667706
1201294105,0.17042309,0.20860972
1201294106,0.18470474,0.16453384
1201294107,0.13748313,0.15286578
1201294108,0.3796102,0.42926022
1201294109,0.49872658,0.45513505
1201294110,0.457636,0.49840194
1201294111,0.4121565,0.3659335
1201294112,0.13415779,0.18431334
1201294113,0.4346419,0.42771378
1201295101,0.41926292,0.49734774
1201295102,0.57878876,0.6885729
1201296101,0.2209754,0.21791996
1201296102,0.22344501,0.2093556
1201296103,0.16747573,0.18686827
1201297101,0.2340242,0.24379049
1201297102,0.37920523,0.3643379
1201298101,0.23118234,0.18540539
1201298102,0.22111225,0.1902929
1201298103,0.24657172,0.24581368
1201298104,0.41602287,0.46141434
1201298105,0.5456353,0.6077525
1201299101,0.29499426,0.22177985
1201299102,0.2982751,0.26104635
1201299103,0.3923912,0.48230994
1201299104,0.75433886,0.83430165
1201299105,0.67205393,0.6976642
1201299106,0.562439,0.4920297
1201299107,0.6344963,0.72582346
1201300101,0.242511,0.25971672
1201300102,0.67378265,0.6999829
1201300103,0.6230536,0.678639
1201301101,0.37417966,0.44772786
1201301102,0.41902128,0.4652444
1201302101,0.28325707,0.23788667
1201302102,0.3953948,0.43161684
1201303101,0.13355847,0.12035718
1201303102,0.09315182,0.11819023
1201303103,0.19610387,0.14059393
1201303104,0.13054456,0.13084285
1201303105,0.22542487,0.21008457
1201304101,0.17662463,0.15397331
1201304102,0.20190677,0.20379592
1201304103,0.22223845,0.22520165
1201304104,0.38466403,0.46671644
1201305101,0.11987514,0.15950006
1201305102,0.24220133,0.22706656
1201305103,0.09552762,0.09676399
1201305104,0.28654262,0.28643233
1201305105,0.24674349,0.25375405
1201306101,0.34228745,0.30936784
1201306102,0.36664626,0.27659056
1201306103,0.29589772,0.35256118
1201307101,0.36049947,0.33106396
1201307102,0.4815405,0.5415246
1201308101,0.20236261,0.18499537
1201308102,0.305517,0.30118042
1201308103,0.3094744,0.23545513
1201309101,0.19860029,0.20655107
1201309102,0.10849241,0.082942024
1201309103,0.2187814,0.18003167
1201309104,0.18407919,0.15522602
1201309105,0.25892824,0.2792661
1201309106,0.22439155,0.2255012
1201309107,0.07784838,0.07386248
1201309108,0.19840501,0.13533303
1201309109,0.038261384,0.031074129
1201310101,0.09939755,0.09914068
1201310102,0.20121616,0.19758588
1201310103,0.19239675,0.17545402
1201310104,0.17772897,0.15492904
1201310105,0.2069644,0.18911998
1201311101,0.19808187,0.18871485
1201311102,0.13817106,0.15804878
1201311103,0.16137938,0.18335316
1201311104,0.17954953,0.20484401
1201311105,0.17146298,0.15884462
1201311106,0.27002588,0.18316701
1201312101,0.26171452,0.26817304
1201312102,0.23463222,0.28328136
1201312103,0.40118235,0.43305704
1201312104,0.48368806,0.49898285
1201312105,0.5112155,0.51496524
1201313101,0.3506044,0.41594997
1201313102,0.594975,0.6348567
1201313103,0.66329056,0.75586635
1201314101,0.17177321,0.1653619
1201314102,0.18092562,0.18103385
1201314103,0.24052334,0.24875998
1201314104,0.23191573,0.19090661
1201314105,0.16643184,0.19362548
1201314106,0.15756299,0.16890758
1201314107,0.2081796,0.23450068
1201314108,0.19222192,0.13578269
1201314109,0.2383301,0.31495607
1201314110,0.11566263,0.070100345
1201314111,0.11566263,0.116958715
1201314112,0.35051253,0.43994525
1201314113,0.40287736,0.41827464
1201314114,0.2739838,0.30081904
1201315101,0.21102041,0.22357629
1201315102,0.20010534,0.23609944
1201315103,0.18446328,0.18596704
1201315104,0.19674924,0.16018394
1201315105,0.24632035,0.2191154
1201315106,0.42836338,0.5171199
1201315107,0.43570593,0.470689
1211001101,0.37155,0.3338153
1211001102,0.22754532,0.23575898
1211001103,0.2556996,0.24954592
1211001104,0.28738832,0.2632635
1211001105,0.29689875,0.26120043
1211001106,0.35756776,0.30791762
1211001107,0.26164135,0.20091131
1211001108,0.28156722,0.3079726
1211001109,0.27940416,0.2812989
1211001110,0.4868209,0.55294645
1211001111,0.35178274,0.41033772
1211002101,0.25452292,0.24145135
1211002102,0.23142768,0.23488565
1211002103,0.4197887,0.47918952
1211002104,0.43951213,0.34600416
1211002105,0.5307546,0.46595803
1211003101,0.19854243,0.25270098
1211003102,0.17159806,0.16476382
1211003103,0.15300806,0.15806223
1211003104,0.24658693,0.22503582
1211003105,0.22076273,0.23790675
1211003106,0.17939316,0.21508285
1211003107,0.43398428,0.48264125
1211003108,0.2831574,0.29508674
1211003109,0.3175834,0.391067
1211004101,0.22161171,0.2960262
1211004102,0.2991172,0.28171545
1211004103,0.35898823,0.37154812
1211004104,0.23701352,0.2700233
1211004105,0.22643006,0.17663817
1211004106,0.22512549,0.2260295
1211004107,0.3873133,0.34915915
1211004108,0.32302243,0.32532752
1211004109,0.6353143,0.66260034
1211004110,0.5345054,0.49558496
1211004111,0.55062675,0.52025884
1211005101,0.51545066,0.50110936
1211005102,0.63012254,0.53830665
1211005103,0.7303626,0.7177759
1211006101,0.46590805,0.46810487
1211006102,0.6800574,0.6093077
1211006103,0.61620975,0.5881115
1211006104,0.75802577,0.73987204
1211008101,0.22094767,0.19255699
1211008102,0.22960058,0.25047466
1211008103,0.26664004,0.3048194
1211008104,0.4391955,0.43567315
1211008105,0.34330246,0.39751127
1211010101,0.26473626,0.21942674
1211010102,0.29738483,0.24553758
1211010103,0.30331174,0.25358155
1211010104,0.29420218,0.3594944
1211010105,0.28124565,0.22429907
1211010106,0.2781799,0.3857257
1211010107,0.49427915,0.5646487
1211010108,0.74273777,0.7836731
1211010109,0.76305664,0.74881935
1211010110,0.75739896,0.78064513
1211010111,0.7301152,0.77633154
1211010112,0.75168,0.7370469
1211010113,0.8195354,0.86549854
1211012101,0.33721223,0.3714562
1211012102,0.34561816,0.35608086
1211013101,0.26840195,0.25990513
1211013102,0.26069853,0.21538317
1211013103,0.28781122,0.24916062
1211013104,0.2700608,0.20989251
1211013105,0.3111602,0.2508134
1211013106,0.2984735,0.24560773
1211013107,0.3112899,0.2445674
1211013108,0.26073062,0.27305254
1211013109,0.29196405,0.2677139
1211013110,0.2854738,0.29150403
1211014101,0.5388919,0.49430433
1211014102,0.4796505,0.47603604
1211014103,0.6710069,0.75045145
1211015101,0.17168494,0.16913638
1211015102,0.10676552,0.06438105
1211015103,0.13273823,0.15763924
1211015104,0.1106448,0.14437427
1211015105,0.16780536,0.16429885
1211015106,0.18111993,0.16179621
1211015107,0.16753094,0.1593378
1211015108,0.23556805,0.24339423
1211015109,0.22578953,0.19203141
1211015110,0.10887763,0.08667321
1211015111,0.15722999,0.15883206
1211015112,0.17986806,0.20379452
1211015113,0.49011824,0.5551933
1211015114,0.14976564,0.14064695
1211015115,0.17943187,0.15468675
1211016101,0.3653077,0.41529024
1211016102,0.48990047,0.5153933
1211016103,0.43948093,0.48314762
1211017101,0.18381298,0.1796072
1211017102,0.27316514,0.27286592
1211017103,0.23723614,0.21881019
1211017104,0.25474468,0.2630322
1211017105,0.4278902,0.39653486
1211017106,0.47753623,0.4959677
1211017107,0.39294982,0.36240098
1211017108,0.60268646,0.5573213
1211017109,0.558514,0.5709449
1211019101,0.13168025,0.101931825
1211019102,0.16699968,0.1613417
1211019103,0.13204873,0.13122478
1211019104,0.23198883,0.2545872
1211019105,0.13205442,0.124526344
1211019106,0.1497423,0.13828485
1211019107,0.2015521,0.14152437
1211019108,0.15048197,0.16591695
1211019109,0.13362175,0.079334654
1211019110,0.079768784,0.05895328
1211019111,0.22426368,0.21803357
1211019112,0.34785587,0.43474707
1211019113,0.4492938,0.45437223
1211019114,0.43362695,0.38676313
1211019115,0.07505041,0.08714805
1211019116,0.23835224,0.2862273
1211020101,0.23097983,0.23736182
1211020102,0.3536887,0.2714823
1211020103,0.3127013,0.27310428
1211020104,0.31467178,0.3112994
1211022101,0.4157589,0.37815487
1211022102,0.4465791,0.47723874
1211022103,0.4437706,0.47834128
1211022104,0.48605418,0.44467342
1211023101,0.4428161,0.4999861
1211023102,0.6112517,0.6757728
1211023103,0.6832572,0.69531393
1211023104,0.6437615,0.78810227
1211025101,0.26386446,0.22888501
1211025102,0.2403632,0.24695398
1211025103,0.51215833,0.5774896
1211025104,0.5517026,0.5760764
1211026101,0.335229,0.29687735
1211026102,0.3589964,0.3117254
1211026103,0.36523885,0.3636947
1211026104,0.3816724,0.3213331
1211026105,0.43298048,0.43645275
1211029101,0.40288836,0.46947274
1211029102,0.54817194,0.57749
1211033101,0.48607185,0.49937713
1211033102,0.57431376,0.6252054
1211033103,0.6172224,0.6535848
1211034101,0.25041038,0.2361267
1211034102,0.30267343,0.2636436
1211034103,0.21679114,0.24421142
1211034104,0.31111857,0.2800654
1211034105,0.31155828,0.28650048
1211034106,0.35937044,0.3042774
1211034107,0.30756608,0.2843312
1211034108,0.29734084,0.28166842
1211034109,0.21674864,0.24551266
1211034110,0.20301542,0.2150308
1211034111,0.016934378,-0.010468969
1211034112,0.043076396,0.041005407
1211035101,0.20233142,0.19765855
1211035102,0.2829055,0.30263972
1211035103,0.29321656,0.30684912
1211035104,0.12781474,0.12111197
1211035105,0.28940943,0.28274047
1211035106,0.42402962,0.39008272
1211036101,0.54904354,0.651487
1211036102,0.7091974,0.73260665
1211036103,0.75683105,0.7938137
1211036104,0.7056362,0.57385844
1211036105,0.7550371,0.7658143
1211038101,0.2635977,0.28582802
1211038102,0.22023939,0.2608841
1211038103,0.23496692,0.24718893
1211038104,0.2214717,0.24619782
1211038105,0.3876853,0.4878869
1211039101,0.35945258,0.4344476
1211039102,0.6805544,0.6647998
1211039103,0.59564835,0.5375085
1211039104,0.64449465,0.63400716
1211040101,0.2671173,0.26551712
1211040102,0.45433623,0.42938098
1211040103,0.37654355,0.3843058
1211040104,0.37848946,0.479407
1211040105,0.43139693,0.47647858
1211041101,0.079329744,0.0465626
1211041102,0.057512283,0.045125816
1211041103,0.061599955,0.061056655
1211041104,0.026730118,0.035914265
1211041105,0.13836986,0.16406277
1211041106,0.056253262,0.04302719
1211041107,0.034364507,0.031046622
1211041108,0.10414046,0.06986623
1211041109,0.10416833,0.09429263
1211041110,0.1535675,0.17390871
1211041111,0.07671392,0.05803585
1211041112,0.047392305,0.05798404
1211041113,0.05684383,0.047545444
1211041114,0.03824767,0.028497864
1211043101,0.2023824,0.192572
1211043102,0.17082389,0.22183406
1211043103,0.34336326,0.38232812
1211043104,0.6635538,0.5857981
1211043105,0.6968804,0.6766547
1211043106,0.48060134,0.5306019
1211043107,0.76707375,0.652886
1211043108,0.58964324,0.5306019
1211043109,0.6398684,0.57656884
1211044101,0.29954422,0.27004835
1211044102,0.48827252,0.43930817
1211044103,0.35924253,0.34760633
1211044104,0.29366362,0.31405243
1211044105,0.50694996,0.45127288
1211045101,0.29877394,0.25697452
1211045102,0.23572801,0.24443218
1211045103,0.17708859,0.16698298
1211045104,0.17512876,0.19029912
1211045105,0.20014992,0.17392962
1211045106,0.25444126,0.2359856
1211045107,0.40075707,0.38856164
1211045108,0.45615137,0.49902534
1211045109,0.4045779,0.41797173
1211045110,0.36825538,0.3217466
1211046101,0.30618116,0.31838125
1211046102,0.37633,0.44995046
1211046103,0.35697025,0.40676302
1211047101,0.24688973,0.24363826
1211047102,0.19756524,0.1658728
1211047103,0.16186103,0.14825568
1211047104,0.20133233,0.1658828
1211047105,0.4001044,0.36558652
1211047106,0.45274374,0.43220514
1211047107,0.4575534,0.50902164
1211048101,0.24101622,0.17460869
1211048102,0.23684657,0.232825
1211048103,0.21867982,0.26254937
1211048104,0.3596876,0.36390522
1211048105,0.42995572,0.38037902
1211048106,0.32452023,0.35016164
1211048107,0.30309188,0.28190196
1211048108,0.36867666,0.36928397
1211049101,0.6400233,0.56330985
1211049102,0.7650726,0.79573363
1211049103,0.791171,0.7281056
1211050101,0.57057583,0.52430546
1211050102,0.61170524,0.5759074
1211050103,0.629224,0.57406783
1211051101,0.2280478,0.21164605
1211051102,0.22783394,0.21593739
1211051103,0.2011624,0.19676028
1211051104,0.18862002,0.19989808
1211051105,0.16274305,0.19674268
1211051106,0.23674437,0.25976786
1211051107,0.30493236,0.37777054
1211051108,0.31529653,0.43453035
1211051109,0.45150274,0.46379212
1211053101,0.11111796,0.09756451
1211053102,0.156902,0.19706789
1211053103,0.17388763,0.18033738
1211053104,0.40882352,0.46776155
1211053105,0.41251162,0.38373557
1211053106,0.2561887,0.31847066
1211053107,0.3370118,0.3914699
1211053108,0.2609907,0.31281874
1211054101,0.4217159,0.4108727
1211054102,0.22490053,0.20756893
1211054103,0.17159206,0.20215641
1211054104,0.29400623,0.28098193
1211054105,0.336174,0.34867087
1211054106,0.40020066,0.4001085
1211054107,0.57505465,0.50034744
1211054108,0.2890336,0.31095302
1211055101,0.39986888,0.48617974
1211055102,0.43752944,0.5053791
1211057101,0.36621547,0.41014892
1211057102,0.6698984,0.7130535
1211057103,0.4198658,0.48867506
1211057104,0.6049846,0.5747512
1211058101,0.28259262,0.28473002
1211058102,0.57020396,0.5406332
1211058103,0.75530875,0.8269186
1211058104,0.7819908,0.8543203
1211060101,0.4723792,0.4200344
1211060102,0.36916485,0.3658177
1211060103,0.36228147,0.3574696
1211061101,0.76084775,0.7964532
1211061102,0.70707387,0.7793576
1211061103,0.6443752,0.75078833
1211061104,0.79348564,0.875058
1211061105,0.7576707,0.7660094
1211062101,0.26713356,0.22694285
1211062102,0.23142365,0.23805642
1211062103,0.30600137,0.35683864
1211063101,0.2589498,0.2382035
1211063102,0.23562899,0.2608378
1211063103,0.2656542,0.32703015
1211063104,0.5664742,0.5315866
1211063105,0.50595826,0.47746682
1211064101,0.196296,0.18604298
1211064102,0.36160108,0.3455635
1211064103,0.50947416,0.56906825
1211064104,0.48453698,0.5508005
1211064105,0.5011265,0.50545955
1211065101,0.28351954,0.27999836
1211065102,0.29955852,0.2902687
1211065103,0.2423626,0.23850535
1211065104,0.28006372,0.2596427
1211065105,0.3453147,0.333445
1211065106,0.38281262,0.437915
1211067101,0.21083805,0.21134765
1211067102,0.30841288,0.2512136
1211067103,0.31897306,0.32079837
1211067104,0.28948367,0.25050667
1211067105,0.49387467,0.40619776
1211067106,0.41997078,0.40725347
1211068101,0.45079243,0.44915837
1211068102,0.71675575,0.82008696
1211068103,0.7543573,0.8341654
1211068104,0.7290937,0.7346384
1211069101,0.34129536,0.28290877
1211069102,0.3743371,0.29783148
1211069103,0.424687,0.40236923
1211069104,0.48046976,0.50870085
1211069105,0.44951493,0.3757259
1211070101,0.5785558,0.74060184
1211070102,0.5588608,0.66682404
1211071101,0.18629493,0.17465074
1211071102,0.14085701,0.13909762
1211071103,0.14469035,0.09750677
1211071104,0.18764941,0.2065058
1211071105,0.202898,0.19499508
1211071106,0.043191653,0.044817325
1211071107,0.20289633,0.26669472
1211071108,0.15838382,0.15875243
1211071109,0.26159737,0.29369807
1211071110,0.35623488,0.40547067
1211071111,0.402597,0.4148159
1211071112,0.5522007,0.5291201
1211071113,0.42460263,0.44812718
1211071114,0.35527426,0.45560125
1211072101,0.48288685,0.5629979
1211072102,0.7027256,0.7072313
1211072103,0.7613458,0.71319383
1211073101,0.24120967,0.20192617
1211073102,0.29240397,0.265774
1211073103,0.26010308,0.25349924
1211073104,0.37173676,0.4369261
1211073105,0.42109773,0.48616597
1211074101,0.21723475,0.23802087
1211074102,0.21285063,0.20205449
1211074103,0.17104097,0.21385422
1211074104,0.18177566,0.21110228
1211074105,0.20716414,0.17677937
1211074106,0.2912914,0.27793512
1211074107,0.35131785,0.32681084
1211074108,0.361036,0.34041226
1211074109,0.3769816,0.3123596
1211074110,0.26177537,0.26478532
1211074111,0.24154605,0.23785515
1211074112,0.22872975,0.23445007
1211074113,0.059777092,0.065158896
1211074114,0.14885822,0.08983122
1211074115,0.11852644,0.09714453
1211075101,0.40465847,0.45891348
1211075102,0.32505813,0.32407016
1211075103,0.40454298,0.42096564
1211075104,0.5877969,0.58279884
1211075105,0.5189963,0.5445721
1211076101,0.20214698,0.18552689
1211076102,0.2067439,0.17916274
1211076103,0.4853249,0.5249586
1211076104,0.41074938,0.40725797
1211076105,0.47859034,0.46242046
1211076106,0.53197783,0.5936948
1211076107,0.5376139,0.45136455
1211076108,0.4871797,0.4913782
1211077101,0.7259829,0.7188414
1211077102,0.69361365,0.77418125
1211078101,0.63460493,0.5560176
1211078102,0.6123124,0.5554698
1211078103,0.532489,0.5634266
1211078104,0.7627027,0.76170546
1211078105,0.7483298,0.73077
1211079101,0.3306964,0.3255628
1211079102,0.3091005,0.4063867
1211079103,0.40178397,0.47233856
1211079104,0.28735378,0.30428064
1211082101,0.22061807,0.17968664
1211082102,0.24840133,0.2718069
1211082103,0.2344381,0.20856439
1211082104,0.28483257,0.40730554
1211083101,0.48750088,0.585378
1211083102,0.61396015,0.620538
1211083103,0.6768958,0.724676
1211084101,0.49072158,0.52850735
1211084102,0.6156502,0.6583425
1211084103,0.8023701,0.85964763
1211085101,0.13684309,0.097487494
1211085102,0.16279802,0.138126
1211085103,0.19793543,0.18856347
1211085104,0.10150201,0.0704832
1211085105,0.26733357,0.30643487
1211085106,0.13898773,0.10427508
1211085107,0.22458729,0.21684602
1211085108,0.15495546,0.16396277
1211085109,0.35609972,0.25375134
1211085110,0.26946795,0.23891693
1211085111,0.31297538,0.28788748
1211085112,0.2756401,0.2706986
1211085113,0.40309936,0.3643136
1211086101,0.47110668,0.48410854
1211086102,0.34328073,0.39725098
1211086103,0.46671885,0.48419943
1211086104,0.44980907,0.49881813
1211087101,0.28611872,0.27005085
1211087102,0.33300075,0.40423995
1211087103,0.4688043,0.47788998
1211087104,0.5925679,0.66492265
1211088101,0.38079473,0.4241894
1211088102,0.5261931,0.52541304
1211089101,0.46843576,0.47854885
1211089102,0.43624625,0.5170727
1211089103,0.49063206,0.5028824
1211089104,0.7406737,0.6275042
1211090101,0.23559561,0.23079672
1211090102,0.2341148,0.20100398
1211090103,0.11000018,0.09075817
1211090104,0.19333276,0.23206656
1211090105,0.24431174,0.26004553
1211090106,0.30246457,0.30296284
1211090107,0.3787599,0.33251175
1211090108,0.3050075,0.3137703
1211091101,0.1567879,0.16965246
1211091102,0.19053255,0.16852789
1211091103,0.1801646,0.16647716
1211091104,0.26332152,0.29814625
1211092101,0.5900995,0.6798504
1211092102,0.56532484,0.63396573
1211092103,0.5735167,0.7111377
1211093101,0.5289271,0.59106505
1211093102,0.5487069,0.6887323
1211093103,0.33946007,0.41041026
1211093104,0.5027262,0.5231646
1211094101,0.20899406,0.1810196
1211094102,0.23035428,0.2509028
1211094103,0.16974047,0.18749365
1211094104,0.17512965,0.22671418
1211094105,0.22609186,0.1880582
1211094106,0.5027197,0.46262026
1211094107,0.37816787,0.391027
1211094108,0.43307593,0.43101344
1211094109,0.33381274,0.40077055
1211098101,0.3368521,0.3546138
1211098102,0.377615,0.45011404
1211098103,0.43269587,0.4980267
1211099101,0.22612649,0.2901328
1211099102,0.2748713,0.24192062
1211099103,0.38088202,0.39853084
1211099104,0.39886445,0.39924613
1211099105,0.39809704,0.42695433
1211099106,0.4444873,0.491905
1211100101,0.72039515,0.65910524
1211100102,0.7590191,0.8392515
1211100103,0.7544897,0.78725106
1211100104,0.80181885,0.79796994
1211101101,0.49559763,0.52324325
1211101102,0.5030451,0.5064381
1211101103,0.61191493,0.6280254
1211102101,0.26977804,0.24613054
1211102102,0.24448878,0.24141212
1211102103,0.3606905,0.3375993
1211102104,0.26701224,0.27500463
1211102105,0.35796195,0.2909234
1211102106,0.2980486,0.3302723
1211103101,0.55316764,0.61828643
1211103102,0.42851773,0.48130873
1211103103,0.27557042,0.26911682
1211103104,0.4235069,0.52744514
1211104101,0.26589566,0.23650834
1211104102,0.24547383,0.25944868
1211104103,0.4951838,0.42525852
1211104104,0.72806674,0.6207802
1211104105,0.32408842,0.29327264
1211104106,0.46159264,0.36630118
1211104107,0.43000588,0.52062523
1211104108,0.24100679,0.2784035
1211104109,0.09619569,0.13646236
1211105101,0.2956868,0.2623611
1211105102,0.29253942,0.2748164
1211105103,0.41202173,0.4889755
1211106101,0.32943216,0.29329437
1211106102,0.2555561,0.24814123
1211106103,0.4816467,0.42971763
1211106104,0.39477026,0.33209166
1211106105,0.28135195,0.29659647
1211106106,0.17180856,0.16695635
1211106107,0.36482507,0.32139388
1211106108,0.32125652,0.2931231
1211107101,0.5389441,0.5463827
1211107102,0.66982603,0.7215105
1211107103,0.7363657,0.6662038
1211108101,0.23135898,0.1792283
1211108102,0.27314758,0.24537057
1211108103,0.18467787,0.20470485
1211108104,0.24992526,0.2118128
1211108105,0.21288261,0.21687481
1211108106,0.4516178,0.46630558
1211108107,0.5247447,0.39557543
1211108108,0.3131152,0.4730523
1211109101,0.26487392,0.19495888
1211109102,0.3805761,0.4547027
1211109103,0.6108625,0.5952013
1211109104,0.6393389,0.6541334
1211109105,0.49197245,0.5125522
1211109106,0.60640997,0.6489923
1211109107,0.5793771,0.6008976
1211110101,0.26590443,0.23532295
1211110102,0.42708066,0.31226063
1211110103,0.36841977,0.35893565
1211110104,0.30249143,0.32765082
1211110105,0.532224,0.43890464
1211110106,0.40131214,0.37644726
1211110107,0.43446615,0.49424064
1211110108,0.64249885,0.60122496
1211110109,0.33966184,0.30078584
1211110110,0.52214587,0.46262425
1211111101,0.4711546,0.5031467
1211111102,0.58582366,0.623953
1211111103,0.3458778,0.31411245
1211111104,0.48345053,0.627109
1211111105,0.5173703,0.54828566
1211112101,0.29544425,0.28755042
1211112102,0.49010748,0.5109861
1211112103,0.5580151,0.5597802
1211113101,0.32542163,0.29150075
1211113102,0.47479826,0.46152377
1211114101,0.1610783,0.17816849
1211114102,0.047392305,0.069231674
1211114103,0.08687938,0.05760727
1211114104,0.06388307,0.05479781
1211114105,0.11278122,0.09598546
1211114106,0.071079925,0.08328413
1211114107,0.044854246,0.04266575
1211114108,0.10543135,0.07334838
1211114109,0.05632862,0.055323277
1211114110,0.090565205,0.064512
1211114111,0.10793223,0.06302356
1211114112,0.13191457,0.052256316
1211114113,0.12936601,0.120304346
1211114114,0.1418667,0.058541916
1211114115,0.09865629,0.068331726
1211114116,0.101877645,0.071869224
1211114117,0.1459231,0.11885947
1211114118,0.05817527,0.061547793
1211114119,0.15284798,0.16947272
1211114120,0.1216773,0.103730656
1211114121,0.07525876,0.07236797
1211114122,0.060272876,0.059967265
1211114123,0.1190576,0.110782884
1211114124,0.10269228,0.08626913
1211114125,0.08619879,0.048680805
1211114126,0.14753263,0.14262922
1211114127,0.10340928,0.08204953
1211114128,0.082728624,0.06248871
1211114129,0.077321514,0.05866898
1211114130,0.0378897,0.05104184
1211114131,0.08479039,0.087365635
1211114132,0.08872603,0.06871322
1211114133,0.081817366,0.0682125
1211114134,0.13990617,0.11521272
1211114135,0.05632862,0.055323277
1211114136,0.053859353,0.04087328
1211114137,0.091276854,0.101528965
1211114138,0.08562036,0.058289554
1211114139,0.06399986,0.05895328
1211114140,0.06178661,0.057392914
1211114141,0.066399254,0.06248871
1211114142,0.12594482,0.12337223
1211114143,0.074262924,0.061547793
1211114144,0.06427603,0.061229788
1211114145,0.10672479,0.08204953
1211114146,0.08137431,0.05895328
1211114147,0.09434621,0.093146585
1211114148,0.08687938,0.066230625
1211114149,0.11408102,0.13983572
1211114150,0.18384731,0.19099268
1211114151,0.10190997,0.11389621
1211114152,0.034009885,0.052192837
1211114153,0.13606226,0.1430012
1211114154,0.03095226,0.048956532
1211114155,0.11759407,0.12794535
1211114156,0.045914408,0.07607276
1211114157,0.12678084,0.085584946
1211114158,0.05776666,0.06395523
1211114159,0.17141113,0.1399464
1211114160,0.074783474,0.05707853
1211114161,0.07505041,0.07543366
1211114162,0.08847659,0.089391544
1211114163,0.077321514,0.06248871
1211114164,0.07757842,0.048910618
1211114165,0.046381894,0.043803412
1211114166,0.082159184,0.075934865
1211114167,0.1520597,0.14057171
1211114168,0.13938661,0.14834873
1211114169,0.115171075,0.10496892
1211114170,0.12277524,0.121010855
1211114171,0.12166698,0.13241416
1211114172,0.06837638,0.049966346
1211114173,0.08809469,0.0568599
1211114174,0.05392569,0.05379733
1211114175,0.075054556,0.062329326
1211114176,0.09248136,0.09362868
1211114177,0.10792129,0.109460734
1211114178,0.12661603,0.12513548
1211114179,0.053615898,0.07050566
1211114180,0.037250735,0.043025613
1211114181,0.056894016,0.05096884
1211114182,0.14877267,0.17371444
1211114183,0.03869438,0.0379604
1211114184,0.05804668,0.018443976
1211114185,0.2488587,0.2728532
1211114186,0.13784562,0.11586105
1211114187,0.31622562,0.26422077
1211114188,0.3144298,0.35418358
1211114189,0.31322956,0.38460097
1211114190,0.26637644,0.270128
1211114191,0.30201477,0.30595273
1211114192,0.4038619,0.43099904
1211114193,0.10178639,0.08568853
1211114194,0.20736708,0.2558372
1211115101,0.22987247,0.24752767
1211115102,0.26762423,0.28977656
1211115103,0.30610523,0.29215345
1211115104,0.28672746,0.29234514
1211115105,0.40057448,0.46688613
1211115106,0.40226236,0.43569586
1211115107,0.39725634,0.44970196
1211116101,0.33484834,0.31979805
1211116102,0.5458343,0.6007077
1211116103,0.5072677,0.49342474
1211116104,0.6429269,0.70901203
1211116105,0.48836124,0.55743825
1211116106,0.7030261,0.703481
1211117101,0.19407088,0.20219558
1211117102,0.26744342,0.25127304
1211117103,0.16704708,0.17974097
1211117104,0.15852155,0.19005544
1211117105,0.23035428,0.20517775
1211117106,0.1835836,0.18719041
1211118101,0.39481097,0.34768108
1211118102,0.41963232,0.4701916
1211118103,0.3087463,0.3001129
1211118104,0.28488007,0.3155961
1211118105,0.23237437,0.37805003
1211118106,0.28769433,0.35178503
1211118107,0.24538864,0.28516704
1211118108,0.3250814,0.3015727
1211118109,0.38050258,0.33172923
1211118110,0.3509767,0.34179667
1211119101,0.021501502,0.027309164
1211119102,0.056281533,0.057392914
1211119103,0.1921343,0.18788415
1211119104,0.046578046,0.035177745
1211119105,0.16655873,0.14240265
1211119106,0.032237645,0.06323522
1211119107,0.22207397,0.27506146
1211119108,0.18841462,0.12100843
1211119109,0.107994385,0.11750081
1211119110,0.057547137,0.052687466
1211119111,0.020350311,0.0379604
1211119112,0.04617174,0.05096884
1211119113,0.031690862,0.036800817
1211119114,0.0466738,0.048534457
1211120101,0.60043406,0.6401665
1211120102,0.62993413,0.6495953
1211120103,0.42092606,0.5667754
1211120104,0.6258127,0.6484464
1211122101,0.32576457,0.3335947
1211122102,0.29115102,0.32181802
1211122103,0.23297006,0.19344413
1211122104,0.28501436,0.28764537
1211122105,0.27947468,0.24648494
1211122106,0.33931965,0.32607028
1211122107,0.26748273,0.24220455
1211123101,0.65030396,0.6192762
1211123102,0.6282718,0.6906174
1211124101,0.24377887,0.24026413
1211124102,0.31802619,0.27591535
1211124103,0.20912018,0.20903537
1211124104,0.28753492,0.23950976
1211124105,0.28450274,0.22661136
1211124106,0.2975005,0.28745177
1211124107,0.26712292,0.25800446
1211124108,0.39179268,0.44511613
1211125101,0.3517375,0.29159382
1211125102,0.33014217,0.29654193
1211125103,0.3465336,0.33783147
1211125104,0.21066883,0.22438407
1211125105,0.06312567,0.049011905
1211125106,0.07442787,0.054107685
1211126101,0.28342777,0.2857224
1211126102,0.51207644,0.49177444
1211126103,0.38598967,0.340722
1211128101,0.22464864,0.18463086
1211128102,0.25547537,0.24064875
1211128103,0.26294434,0.27389875
1211128104,0.39703003,0.42625052
1211129101,0.25786772,0.28079277
1211129102,0.36977476,0.39188203
1211129103,0.27123538,0.23238936
1211129104,0.29756206,0.3689044
1211129105,0.42447662,0.36312827
1211129106,0.25522754,0.24906196
1211132101,0.11113899,0.05755939
1211132102,0.12619965,0.113864526
1211132103,0.09708064,0.09925325
1211132104,0.11424213,0.074201606
1211132105,0.099372625,0.10420552
1211132106,0.10235236,0.10693822
1211132107,0.17244086,0.19663319
1211132108,0.12314964,0.08274565
1211132109,0.14334965,0.103505485
1211132110,0.09146609,0.13973111
1211132111,0.21669714,0.19237219
1211132112,0.14261723,0.16599484
1211132113,0.22459239,0.20047101
1211132114,0.20649207,0.1739547
1211132115,0.23352909,0.21009453
1211132116,0.2488946,0.23113036
1211132117,0.27846548,0.27262965
1211132118,0.2960896,0.31937447
1211134101,0.2599843,0.20938691
1211134102,0.26317224,0.21595262
1211134103,0.20536879,0.23124081
1211134104,0.2647264,0.3230715
1211134105,0.21355037,0.2361367
1211134106,0.30913794,0.29943642
1211134107,0.35177997,0.3389017
1211134108,0.2739382,0.25393572
1211136101,0.1358479,0.15157743
1211136102,0.19497386,0.19139078
1211136103,0.15722999,0.17899871
1211136104,0.18490137,0.17000502
1211136105,0.13943684,0.12610088
1211136106,0.12592077,0.11561042
1211137101,0.4089873,0.39285803
1211137102,0.41680905,0.3741731
1211137103,0.42857936,0.4157328
1211137104,0.50485367,0.52091885
1211139101,0.2869469,0.31539017
1211139102,0.37831676,0.39137417
1211140101,0.0632191,0.05150355
1211140102,0.28363794,0.23902832
1211140103,0.23890413,0.19732873
1211140104,0.3116819,0.3000666
1211140105,0.18544292,0.1462716
1211140106,0.08708919,0.06721974
1211140107,0.08687938,0.07334461
1211140108,0.066654384,0.055423114
1211140109,0.09194681,0.08017478
1211140110,0.120994076,0.05388337
1211140111,0.14390126,0.09180946
1211140112,0.19884042,0.20240173
1211140113,0.18239717,0.118341275
1211140114,0.38650376,0.3665278
1211140115,0.18010317,0.17627154
1211141101,0.28428897,0.34736934
1211141102,0.34234667,0.40752548
1211142101,0.23241891,0.24354723
1211142102,0.27579266,0.27773
1211142103,0.29855344,0.31889465
1211142104,0.27424777,0.23071414
1211142105,0.27320403,0.2732922
1211142106,0.30490503,0.34309226
1211142107,0.2895636,0.3263738
1211142108,0.31588262,0.31334555
1211143101,0.2312772,0.22353777
1211143102,0.21135542,0.20622532
1211143103,0.42590252,0.47076008
1211143104,0.28611174,0.34549904
1211143105,0.2409009,0.25050056
1211143106,0.24476354,0.19003358
1211143107,0.2455411,0.22187838
1211143108,0.24953194,0.25131097
1211143109,0.282765,0.29669416
1211144101,0.23879695,0.22631547
1211144102,0.24292086,0.32564092
1211144103,0.27152175,0.27254245
1211144104,0.2804271,0.2692612
1211144105,0.26949206,0.27916166
1211144106,0.22709063,0.22629885
1211144107,0.27805454,0.31207532
1211145101,0.76921356,0.8215432
1211145102,0.71030825,0.76625615
1211145103,0.6457631,0.69216526
1211145104,0.80461043,0.77878666
1211147101,0.38068363,0.40666905
1211147102,0.42051515,0.44226682
1211148101,0.3398811,0.31697056
1211148102,0.37417668,0.38288596
1211148103,0.3573238,0.3213179
1211148104,0.40689337,0.44338927
1211148105,0.43159005,0.4502783
1211149101,0.2727463,0.31906012
1211149102,0.21821515,0.20599991
1211149103,0.21169862,0.17582816
1211149104,0.21472266,0.20461887
1211149105,0.23576674,0.22247376
1211149106,0.23078166,0.27937284
1211149107,0.38325164,0.4219591
1211149108,0.4540608,0.41354895
1211149109,0.2925725,0.3709306
1211149110,0.26615593,0.26722854
1211150101,0.5195129,0.52763075
1211150102,0.627023,0.7169166
1211151101,0.27894852,0.32542443
1211151102,0.34543118,0.33045775
1211151103,0.28104126,0.2569619
1211151104,0.279498,0.28990224
1211151105,0.26134387,0.27004835
1211152101,0.28631246,0.27054173
1211152102,0.31032583,0.34980786
1211152103,0.5717083,0.5496353
1211152104,0.4494422,0.438502
1211153101,0.27322897,0.2931049
1211153102,0.22334594,0.22256832
1211153103,0.23113601,0.25627607
1211153104,0.31296328,0.3362698
1211153105,0.30108163,0.32267871
1211153106,0.3487187,0.35676426
1211153107,0.39949232,0.4619763
1211154101,0.08244995,0.079670615
1211154102,0.12517898,0.11931006
1211154103,0.16751674,0.14641087
1211154104,0.20079298,0.17704973
1211154105,0.20493928,0.17147398
1211154106,0.34335086,0.35503507
1211154107,0.44764742,0.40093267
1211154108,0.26744866,0.26457483
1211154109,0.28223047,0.33742982
1211154110,0.34011352,0.32263273
1211154111,0.26286423,0.32502183
1211154112,0.36860526,0.43454495
1211154113,0.26624912,0.27890396
1211155101,0.14484067,0.084892645
1211155102,0.41663715,0.457994
1211156101,0.11303067,0.07688379
1211156102,0.12621658,0.11722346
1211156103,0.112450264,0.08567532
1211156104,0.17166603,0.1604406
1211156105,0.25286353,0.187123
1211156106,0.18925492,0.26261288
1211156107,0.089111134,0.07240558
1211156108,0.24202763,0.27274117
1211156109,0.078288466,0.08425956
1211156110,0.0642264,0.05938613
1211156111,0.15451106,0.15304145
1211156112,0.10231385,0.10445843
1211156113,0.09376222,0.094392955
1211156114,0.23236428,0.22916512
1211156115,0.08008692,0.122564055
1211156116,0.101652354,0.083874784
1211156117,0.16996223,0.14739735
1211156118,0.13253789,0.15644795
1211156119,0.16229387,0.14891174
1211156120,0.27155653,0.38562095
1211156121,0.15751326,0.099310234
1211156122,0.071802855,0.055197395
1211156123,0.17157286,0.1389685
1211156124,0.21746507,0.21577185
1211156125,0.35828257,0.41649044
1211156126,0.28506204,0.36444613
1211156127,0.37917125,0.4301688
1211156128,0.5800869,0.5412014
1211156129,0.35997036,0.45992303
1211157101,0.29669818,0.31861356
1211157102,0.28849864,0.25135213
1211157103,0.4603424,0.48804724
1211158101,0.2893894,0.28127855
1211158102,0.47038624,0.36626667
1211158103,0.53249824,0.49892372
1211159101,0.48662436,0.5456434
1211159102,0.46762025,0.54345787
1211159103,0.6904907,0.76784265
1211161101,0.20881775,0.20403908
1211161102,0.20652208,0.20318548
1211161103,0.21472266,0.19920868
1211161104,0.2770665,0.29696792
1211161105,0.28765446,0.27045688
1211161106,0.31985268,0.44357753
1211161107,0.2808615,0.30781516
1211161108,0.25588226,0.219321
1211161109,0.32881913,0.45771077
1211162101,0.5404488,0.6105591
1211162102,0.5120133,0.5653547
1211162103,0.6668592,0.6274312
1211163101,0.26150498,0.25808012
1211163102,0.29804358,0.29120678
1211163103,0.26868218,0.27540496
1211163104,0.3211941,0.34624165
1211163105,0.27660313,0.2874242
1211163106,0.278963,0.25804952
1211163107,0.26272005,0.35039717
1211164101,0.21873233,0.1603419
1211164102,0.19118896,0.20701662
1211164103,0.18831462,0.20372291
1211164104,0.11042126,0.11759584
1211164105,0.19356643,0.23010609
1211164106,0.40021425,0.4428603
1211164107,0.3882478,0.3922786
1211164108,0.34643883,0.3118077
1211164109,0.3153452,0.29558256
1211164110,0.3620863,0.33353347
1211164111,0.3892224,0.33746856
1211164112,0.38456225,0.38169348
1211166101,0.30559152,0.2796968
1211166102,0.2967288,0.2672105
1211166103,0.29988053,0.33703896
1211166104,0.38602826,0.43114558
1211167101,0.6819483,0.6771518
1211167102,0.76816684,0.7520883
1211167103,0.8101768,0.8088768
1211167104,0.63895756,0.6022917
1211167105,0.71244156,0.721903
1211168101,0.31078708,0.28591305
1211168102,0.47825798,0.47187254
1211168103,0.49968305,0.5244476
1211168104,0.5153796,0.52171624
1211169101,0.14378093,0.12974031
1211169102,0.11778496,0.15752181
1211169103,0.32374555,0.35423937
1211169104,0.40927193,0.45815733
1211169105,0.45653546,0.543771
1211169106,0.3748483,0.37405062
1211169107,0.35470203,0.38429594
1211170101,0.2871392,0.30561695
1211170102,0.41419706,0.48188293
1211170103,0.41317162,0.40027177
1211170104,0.28917173,0.32662988
1211170105,0.39948225,0.40657258
1211171101,0.25696456,0.26289526
1211171102,0.23614796,0.25467873
1211171103,0.3603983,0.34113678
1211172101,0.16121128,0.18335332
1211172102,0.15470523,0.18532734
1211172103,0.3940014,0.40303075
1211172104,0.5116297,0.58058345
1211172105,0.3605999,0.33484423
1211172106,0.5949831,0.6908183
1211172107,0.52009726,0.6150013
1211172108,0.4630069,0.51194143
1211173101,0.1387878,0.19333667
1211173102,0.13553262,0.17674918
1211173103,0.12262954,0.12693061
1211173104,0.30408615,0.31811848
1211174101,0.085066065,0.06569905
1211174102,0.13537958,0.09278993
1211174103,0.09039406,0.08150414
1211174104,0.13196832,0.112428084
1211174105,0.09470488,0.06663996
1211174106,0.13696486,0.15447208
1211174107,0.21127562,0.2067504
1211174108,0.1558676,0.17423426
1211174109,0.092186995,0.09338776
1211174110,0.21382453,0.2079589
1211174111,0.06722398,0.06609318
1211174112,0.16303852,0.16779792
1211174113,0.16167733,0.13235733
1211174114,0.3622042,0.38311625
1211174115,0.41536066,0.44870946
1211174116,0.23707949,0.25029567
1211174117,0.27413443,0.31158274
1211174118,0.35720488,0.37018025
1211175101,0.37654313,0.38218698
1211175102,0.4249494,0.29800403
1211175103,0.33540285,0.327045
1211175104,0.42916557,0.37928474
1211175105,0.12282548,0.15752181
1211175106,0.15265527,0.11007557
1211176101,0.26228172,0.3129677
1211176102,0.30326742,0.28617108
1211176103,0.39895445,0.38315105
1211176104,0.37714958,0.35817978
1211176105,0.26244667,0.2422065
1211177101,0.21907878,0.24685015
1211177102,0.2234158,0.24256162
1211177103,0.5093348,0.47893366
1211177104,0.46113908,0.48348293
1211177105,0.33919603,0.42612767
1211177106,0.31409684,0.40201285
1211177107,0.57415754,0.5652924
1211177108,0.45234284,0.54630214
1211177109,0.33736524,0.44218707
1211177110,0.45221514,0.57685816
1211177111,0.37932268,0.36312294
1211178101,0.56637967,0.57303506
1211178102,0.71646774,0.6838779
1211178103,0.70605654,0.63704854
1211178104,0.5970614,0.5891345
1211178105,0.6273429,0.61417276
1211178106,0.5676296,0.50487614
1211179101,0.24697413,0.25856653
1211179102,0.2390427,0.22043361
1211179103,0.52220273,0.4355197
1211179104,0.4398619,0.44616598
1211179105,0.36878115,0.38448438
1211179106,0.51050323,0.44492555
1211179107,0.39739147,0.40985882
1211180101,0.22339457,0.20381105
1211180102,0.2383235,0.2731865
1211180103,0.27175713,0.2184438
1211180104,0.26930657,0.31805155
1211180105,0.31244516,0.29841122
1211180106,0.33451462,0.2920337
1211180107,0.30612952,0.2959368
1211180108,0.41074234,0.3571011
1211180109,0.42280132,0.393992
1211180110,0.3101724,0.32812798
1211181101,0.23351282,0.24268606
1211181102,0.24843039,0.24268606
1211181103,0.29507655,0.2930008
1211182101,0.33264592,0.33685064
1211182102,0.39209795,0.36291775
1211182103,0.30860257,0.31748396
1211182104,0.4929771,0.49202514
1211183101,0.5410275,0.56709945
1211183102,0.7058595,0.67055094
1211183103,0.7128165,0.75388134
1211183104,0.6814673,0.71249557
1211183105,0.57384765,0.68304586
1211183106,0.73118955,0.7951138
1211183107,0.6833537,0.7516145
1211184101,0.52953357,0.6046457
1211184102,0.6257368,0.64718705
1211185101,0.35227078,0.33482084
1211185102,0.4213877,0.34758496
1211185103,0.2882961,0.34494695
1211185104,0.4007576,0.41357243
1211186101,0.15596138,0.10620283
1211186102,0.13168745,0.08501739
1211186103,0.32703304,0.3750556
1211186104,0.36305973,0.39225635
1211186105,0.22953568,0.2659565
1211186106,0.34729043,0.37321222
1211186107,0.31333244,0.34959948
1211186108,0.33926767,0.3286739
1211186109,0.21497333,0.2536739
1211186110,0.5748762,0.48323396
1211187101,0.46145976,0.5068935
1211187102,0.5055934,0.57560956
1211187103,0.59324825,0.6693111
1211187104,0.65355694,0.7500801
1211188101,0.44226575,0.42911726
1211188102,0.2657543,0.23146972
1211188103,0.3416147,0.35890043
1211188104,0.5218462,0.512003
1211188105,0.54611605,0.49706453
1211188106,0.5491648,0.60763496
1211188107,0.48492557,0.5215479
1211189101,0.21485625,0.2569619
1211189102,0.310095,0.2776921
1211189103,0.25834635,0.27797976
1211189104,0.2828687,0.31170726
1211189105,0.40198728,0.41325453
1211189106,0.32730612,0.38472846
1211189107,0.39211228,0.3685971
1211191101,0.18642497,0.12904374
1211191102,0.20983702,0.2023041
1211191103,0.2590386,0.28219914
1211191104,0.4390722,0.4120771
1211192101,0.39858565,0.4034646
1211192102,0.5240731,0.52850735
1211193101,0.64642787,0.6979454
1211193102,0.7797793,0.7833955
1211193103,0.50240433,0.43776757
1211194101,0.30033663,0.3443815
1211194102,0.34400195,0.28833774
1211194103,0.26174727,0.23654982
1211194104,0.14249478,0.1675362
1211194105,0.22916442,0.25120938
1211194106,0.38573015,0.41515362
1211194107,0.46766314,0.47086248
1211194108,0.592148,0.5504628
1211195101,0.37953648,0.45088306
1211195102,0.34598595,0.40160915
1211195103,0.7160033,0.7767577
1211195104,0.60828525,0.72406816
1211195105,0.633248,0.68502855
1211195106,0.5548593,0.59904516
1211195107,0.72806716,0.7955796
1211195108,0.7579049,0.75226694
1211195109,0.76020485,0.6792853
1211195110,0.8155378,0.72216094
1211195111,0.7969602,0.76436794
1211195112,0.7971158,0.7804158
1211197101,0.4027521,0.42567122
1211197102,0.15841286,0.1594094
1211197103,0.24402978,0.24607296
1211197104,0.26057664,0.2658511
1211197105,0.17107913,0.17557363
1211197106,0.397954,0.47136554
1211197107,0.29700893,0.25828052
1211197108,0.31406254,0.37623543
1211197109,0.4755661,0.5612023
1211197110,0.2889941,0.27358103
1211197111,0.30256206,0.3305771
1211197112,0.43152326,0.48096702
1211197113,0.34065738,0.40719268
1211199101,0.284105,0.26280102
1211199102,0.22862677,0.22435774
1211199103,0.40122777,0.38450143
1211199104,0.28375143,0.27109328
1211199105,0.33777562,0.37270305
1211199106,0.3709478,0.3786036
1211199107,0.29285064,0.32342735
1211199108,0.380057,0.4143749
1211199109,0.463062,0.41501385
1211199110,0.38183218,0.42110097
1211200101,0.4054364,0.49540251
1211200102,0.61061585,0.63124126
1211202101,0.40986347,0.45722342
1211202102,0.44266924,0.5362524
1211202103,0.7737673,0.713001
1211202104,0.6686514,0.6735922
1211203101,0.33094066,0.30914167
1211203102,0.38689604,0.37812433
1211204101,0.26836365,0.3300977
1211204102,0.2709961,0.2427368
1211204103,0.62111264,0.5900987
1211204104,0.41585046,0.44325516
1211205101,0.28757876,0.30013943
1211205102,0.36750576,0.35502535
1211205103,0.34151736,0.33548227
1211205104,0.26157692,0.26381153
1211205105,0.26554564,0.2843797
1211205106,0.22589657,0.33868632
1211205107,0.3319648,0.3976462
1211206101,0.45367336,0.5437236
1211206102,0.42967132,0.3982684
1211206103,0.42750177,0.5245608
1211207101,0.12083941,0.08881251
1211207102,0.20210105,0.22819732
1211207103,0.4183248,0.43345675
1211207104,0.42945173,0.4950022
1211207105,0.4229816,0.47495648
1211207106,0.69138926,0.71868527
1211207107,0.35173824,0.46357206
1211207108,0.27733818,0.28287074
1211207109,0.27783617,0.38337874
1211207110,0.28710186,0.3373287
1211208101,0.11729587,0.07286447
1211208102,0.098771974,0.058289554
1211208103,0.09850528,0.095082216
1211208104,0.16175304,0.20736806
1211208105,0.19059226,0.21473739
1211208106,0.21269152,0.20838515
1211208107,0.1998455,0.26094827
1211208108,0.2796773,0.25504622
1211208109,0.44997913,0.4946202
1211208110,0.34675583,0.42401895
1211208111,0.3482934,0.37042361
1211208112,0.3915758,0.4600932
1211208113,0.38898057,0.44454548
1211208114,0.39525574,0.46684653
1211209101,0.3544077,0.37669995
1211209102,0.45754567,0.5530653
1211209103,0.4806067,0.5432103
1211210101,0.23119244,0.28473988
1211210102,0.32539746,0.37106812
1211210103,0.61290467,0.58368695
1211211101,0.16299123,0.19786131
1211211102,0.20972808,0.17145894
1211211103,0.10950664,0.1451926
1211211104,0.13236627,0.21431299
1211211105,0.1571638,0.20699039
1211211106,0.31693476,0.3604366
1211212101,0.464765,0.5235995
1211212102,0.6157514,0.7036007
1211212103,0.60858685,0.5925751
1211212104,0.36057338,0.3673725
1211212105,0.5689346,0.61626136
1211212106,0.66828156,0.7237208
1211213101,0.74335146,0.7438801
1211213102,0.6532789,0.73348844
1211213103,0.6299158,0.5887113
1211213104,0.52913195,0.6244336
1211213105,0.53727376,0.5470115
1211213106,0.5921179,0.5353141
1211214101,0.27452675,0.24015674
1211214102,0.32461354,0.29141062
1211214103,0.27728006,0.25771925
1211214104,0.20321223,0.18017064
1211214105,0.21032196,0.18789387
1211214106,0.24568266,0.21466337
1211214107,0.25503907,0.20865533
1211215101,0.42721504,0.47550425
1211215102,0.4936078,0.57865024
1211216101,0.3844633,0.4346625
1211216102,0.6845303,0.6382023
1211216103,0.71550786,0.63657
1211216104,0.70546675,0.8031546
1211216105,0.77997214,0.82857263
1211216106,0.78814876,0.6733603
1211216107,0.776507,0.71557194
1211216108,0.75527847,0.7944167
1211216109,0.8221829,0.82672215
1211216110,0.7849905,0.80183846
1221001101,0.11082756,0.06392548
1221001102,0.32605904,0.37350652
1221001103,0.34464982,0.30841497
1221001104,0.3341136,0.3567788
1221001105,0.32295555,0.3980672
1221001106,0.30143058,0.28491092
1221001107,0.5024685,0.49735776
1221001108,0.40190867,0.4512195
1221001109,0.39651918,0.44635546
1221001110,0.3437532,0.39534646
1221002101,0.31599617,0.31743357
1221002102,0.41834033,0.5660419
1221002103,0.5920336,0.59127176
1221002104,0.50679654,0.5768807
1221003101,0.19999164,0.15027678
1221003102,0.32792374,0.40472683
1221003103,0.17865565,0.2493
1221003104,0.26973087,0.27600187
1221003105,0.4009575,0.44275036
1221004101,0.10795956,0.078389205
1221004102,0.15712547,0.13669713
1221004103,0.23849736,0.24092777
1221004104,0.39015934,0.362257
1221004105,0.44392037,0.50638205
1221004106,0.31835005,0.32024232
1221004107,0.28799528,0.2916464
1221004108,0.35878152,0.2951505
1221004109,0.49456713,0.48752347
1221004110,0.22912633,0.22726284
1221004111,0.47605658,0.4294534
1221005101,0.16157885,0.18336812
1221005102,0.15311152,0.1298348
1221005103,0.2047323,0.18732354
1221005104,0.24706946,0.25385496
1221005105,0.28953034,0.3556765
1221005106,0.20792684,0.16184698
1221005107,0.15482225,0.17953734
1221005108,0.18785593,0.17028426
1221005109,0.30488917,0.3249018
1221005110,0.20303684,0.20744537
1221005111,0.2501346,0.2599461
1221005112,0.26380682,0.26088765
1221005113,0.22661246,0.26335523
1221006101,0.08845336,0.07905939
1221006102,0.08528422,0.05357479
1221006103,0.06019466,0.057392914
1221006104,0.06019466,0.07079759
1221006105,0.063548714,0.057392914
1221006106,0.05690337,0.06286689
1221006107,0.025817407,0.04175728
1221006108,0.028874679,0.035914265
1221006109,0.02452558,0.027309164
1221006110,0.026475279,0.048782393
1221006111,0.11981369,0.105838954
1221006112,0.15634151,0.15157317
1221006113,0.07251055,0.06672923
1221006114,0.055082962,0.05792113
1221006115,0.0706639,0.0551201
1221006116,0.052738182,0.04896861
1221007101,0.1299091,0.12073768
1221007102,0.13156846,0.07148713
1221007103,0.087992206,0.0721394
1221007104,0.15176299,0.16508345
1221007105,0.21234776,0.17584804
1221007106,0.27069867,0.22643149
1221007107,0.3041364,0.31179336
1221007108,0.24901661,0.26173192
1221007109,0.23890021,0.31958938
1221007110,0.15426444,0.13868938
1221008101,0.19546172,0.18750882
1221008102,0.17552145,0.18805079
1221008103,0.17626493,0.22643927
1221008104,0.20734103,0.19665395
1221008105,0.21162075,0.23232149
1221008106,0.20607553,0.25709227
1221008107,0.23119147,0.26600546
1221008108,0.19248796,0.23811655
1221008109,0.1358832,0.09756056
1221009101,0.10092995,0.10022436
1221009102,0.14877997,0.16105472
1221009103,0.10490459,0.2804757
1221009104,0.14240195,0.19336045
1221009105,0.45833766,0.5100424
1221009106,0.3867858,0.42368376
1221009107,0.3096882,0.34541234
1221009108,0.25814867,0.39292628
1221010101,0.24161895,0.2534634
1221010102,0.38662806,0.44814134
1221010103,0.4606948,0.46936437
1221010104,0.38522455,0.45162472
1221011101,0.103091754,0.086464904
1221011102,0.16182609,0.15338187
1221011103,0.16026661,0.11091433
1221011104,0.17922005,0.114797965
1221011105,0.18027672,0.17701751
1221011106,0.089431666,0.10718723
1221011107,0.06136553,0.05572825
1221011108,0.030257747,0.016598508
1221011109,0.16602363,0.16964886
1221011110,0.13355038,0.10604589
1221011111,0.13076608,0.051076315
1221011112,0.03867597,0.03185866
1221011113,0.034364507,0.007303333
1221011114,0.031965103,0.016598508
1221011115,0.017376479,0.033307448
1221011116,0.03285819,0.019892767
1221011117,0.060707297,0.011169258
1221011118,0.040845998,0.03542446
1221012101,0.1067849,0.10312935
1221012102,0.14494452,0.07148713
1221012103,0.17169683,0.15538241
1221012104,0.17804857,0.11039408
1221012105,0.32740527,0.31284922
1221012106,0.16965628,0.15338187
1221012107,0.23657033,0.13809396
1221012108,0.21856633,0.21718967
1221012109,0.2289986,0.22707264
1221012110,0.22793648,0.24121472
1221012111,0.15281229,0.15163219
1221012112,0.14758958,0.09047983
1221012113,0.15402104,0.122713335
1221012114,0.07946388,0.028634124
1221013101,0.2927153,0.2650916
1221013102,0.44951472,0.40048683
1221013103,0.41324082,0.4084384
1221013104,0.4638631,0.4348394
1221013105,0.3917725,0.43495154
1221013106,0.38389027,0.40393588
1221014101,0.052177854,0.061547793
1221014102,0.07339386,0.07208366
1221014103,0.05055609,0.03750293
1221014104,0.051469546,0.051177178
1221014105,0.08634274,0.0613492
1221014106,0.137197,0.16239898
1221014107,0.1172587,0.093146585
1221014108,0.1143565,0.066230625
1221014109,0.05533734,0.04844733
1221014110,0.06256818,0.05895328
1221014111,0.061108116,0.057392914
1221014112,0.121359445,0.04802652
1221014113,0.06894509,0.06248871
1221014114,0.040978335,0.045125816
1221014115,0.07589115,0.056076042
1221014116,0.049611896,0.044817325
1221014117,0.050422486,0.050227497
1221014118,0.06019466,0.06779619
1221014119,0.05881305,0.0704228
1221014120,0.04617174,0.045125816
1221014121,0.06267227,0.04977519
1221014122,0.063181296,0.055423114
1221014123,0.05672156,0.0595444
1221014124,0.061960626,0.049848136
1221014125,0.057088975,0.059700526
1221014126,0.0772091,0.053316835
1221014127,0.047146104,0.032317962
1221014128,0.07278548,0.052540623
1221014129,0.08312433,0.08085897
1221014130,0.031900022,0.038809154
1221014131,0.107371084,0.066076964
1221014132,0.06948814,0.06224889
1221014133,0.07262109,0.051972777
1221014134,0.051245615,0.06368854
1221014135,0.030760521,0.035914265
1221014136,0.044175755,0.04316889
1221014137,0.061315503,0.059967265
1221014138,0.03396663,0.029501602
1221014139,0.047234558,0.034343585
1221014140,0.03414091,-0.016597636
1221014141,0.11418919,0.08667412
1221014142,0.09166615,0.096826956
1221014143,0.14913175,0.11653597
1221014144,0.16261008,0.16028552
1221014145,0.18475772,0.13838361
1221014146,0.13359687,0.10563935
1221014147,0.038680416,0.0374027
1221014148,0.100784376,0.07154894
1221014149,0.030243656,0.0053867446
1221014150,0.05400779,0.06353072
1221015101,0.08931898,0.07380475
1221015102,0.25188622,0.22639643
1221015103,0.3427529,0.4205506
1221016101,0.07521273,0.057392914
1221016102,0.06055613,0.05195326
1221016103,0.0668265,0.05676006
1221016104,0.097406834,0.07734016
1221016105,0.09139611,0.072401546
1221016106,0.044895828,0.04947122
1221016107,0.055558413,0.05607051
1221016108,0.06144232,0.057694368
1221016109,0.08764194,0.06310454
1221016110,0.08428699,0.065849684
1221016111,0.05197729,0.040981054
1221016112,0.046741717,0.058636863
1221016113,0.07694645,0.078945845
1221016114,0.044895068,0.031046622
1221016115,0.2276013,0.24478976
1221016116,0.1724841,0.16856971
1221016117,0.22713003,0.18977787
1221016118,0.12364265,0.11686299
1221017101,0.10416833,0.107103944
1221017102,0.09849542,0.10273207
1221017103,0.10379421,0.10979963
1221017104,0.16945337,0.15754227
1221017105,0.09849542,0.1205086
1221017106,0.11702138,0.08372038
1221017107,0.23977882,0.20144933
1221017108,0.19403185,0.19430903
1221017109,0.24907693,0.2520311
1221017110,0.21345901,0.16868761
1221017111,0.19955648,0.20921098
1221017112,0.13898422,0.17943387
1221017113,0.1771775,0.19801909
1221018101,0.1840874,0.1825963
1221018102,0.36361083,0.39517036
1221018103,0.35202515,0.36784673
1221018104,0.41554865,0.32712266
1221018105,0.24126196,0.19203942
1221018106,0.28679588,0.33452752
1221018107,0.2556974,0.2697997
1221018108,0.355538,0.35322744
1221018109,0.5868504,0.4680362
1231001101,0.15608072,0.18174364
1231001102,0.060004644,0.04480735
1231001103,0.07366106,0.049799204
1231001104,0.05701643,0.091707006
1231001105,0.10903183,0.14071727
1231001106,0.090958156,0.08740644
1231001107,0.07866427,0.08417421
1231001108,0.04332382,0.042601284
1231001109,0.034208216,0.05803585
1231001110,0.052074373,0.041914728
1231001111,0.038358986,0.052192837
1231001112,0.061957553,0.09819743
1231002101,0.08389418,0.1114965
1231002102,0.09726184,0.12722895
1231002103,0.13273868,0.16059124
1231002104,0.1028497,0.07645186
1231002105,0.30702022,0.3686158
1231002106,0.33761498,0.47263333
1231002107,0.4832148,0.55362415
1231002108,0.44778338,0.45918804
1231002109,0.4590875,0.48303142
1231003101,0.10337805,0.1218214
1231003102,0.08408477,0.042024344
1231003103,0.06326853,0.08039292
1231003104,0.09216255,0.09242771
1231003105,0.06321702,0.09795626
1231003106,0.075387456,0.07354937
1231003107,0.115023986,0.02473113
1231003108,0.18997449,0.21005435
1231004101,0.09044722,0.083218284
1231004102,0.07200801,0.07362334
1231004103,0.05644316,0.057609275
1231004104,0.07106196,0.097005144
1231004105,0.04618539,0.07975098
1231004106,0.057914607,0.067653514
1231004107,0.045637842,0.08535086
1231004108,0.057260636,0.069871716
1231004109,0.047970474,0.0799407
1231004110,0.07941349,0.08790958
1231004111,0.047027625,0.04807613
1231004112,0.049483392,0.072114
1231004113,0.031965103,0.0123190535
1231004114,0.071896955,0.087314256
1231004115,0.18599546,0.13902278
1231004116,0.14979707,0.12257738
1231004117,0.0902689,0.08261436
1231004118,0.32657978,0.26517597
1231004119,0.22492671,0.2559163
1231004120,0.38240126,0.2855019
1231004121,0.25921044,0.312956
1231005101,0.034529652,0.026454434
1231005102,0.07743803,0.029254636
1231005103,0.06642112,0.074526116
1231005104,0.099964246,0.038855057
1231005105,0.064661495,0.05760806
1231005106,0.04495834,0.060068935
1231005107,0.03295858,0.064065054
1231005108,0.06718261,0.06788695
1231005109,0.08469372,0.07863746
1231005110,0.038793944,0.07053501
1231005111,0.061862864,0.084476024
1231005112,0.057177022,0.07168482
1231005113,0.059223883,0.061172433
1231005114,0.0520799,0.0808206
1231005115,0.051119715,0.072403304
1231005116,0.070175976,0.09236052
1231005117,0.06442621,0.07601776
1231005118,0.058966126,0.078945845
1231005119,0.02452558,0.035914265
1231005120,0.04201437,0.049328953
1231005121,0.035915576,0.046516694
1231005122,0.0488525,0.050472226
1231005123,0.044455096,0.08742307
1231005124,0.036006782,0.07532453
1231005125,0.029694725,0.041918445
1231005126,0.041109737,0.038334537
1231005127,0.034529652,0.046516694
1231005128,0.03867597,0.067820534
1231005129,0.056108825,0.044748366
1231005130,0.055872694,0.06801353
1231005131,0.06621112,0.067781866
1231005132,0.04730572,0.039720524
1231005133,0.057002608,0.01407839
1231005134,0.035706777,0.053486895
1231005135,0.03404383,0.040579017
1231005136,0.06519137,0.06994447
1231005137,0.0919568,0.08669161
1231005138,0.06296918,0.08226412
1231005139,0.32088375,0.23868944
1231005140,0.19098207,0.19211614
1231005141,0.06757635,0.109967366
1231005142,0.058992684,0.07243143
1231005143,0.049906164,0.059499353
1231005144,0.063395664,0.019743182
1231005145,0.039140757,0.013061837
1231005146,0.090678476,0.008292561
1231005147,0.074844435,-0.016483728
1231005148,0.07924487,0.061039183
1231005149,0.13551399,0.11607198
1231005150,0.11528385,0.050778344
1231006101,0.44786078,0.52027994
1231006102,0.32738993,0.42239022
1231006103,0.2318703,0.23274204
1231006104,0.122709006,0.11808751
1231006105,0.28991413,0.42785844
1231006106,0.26397014,0.38346842
1231006107,0.44987175,0.5190375
1231006108,0.54091185,0.67160666
1231007101,0.11718963,0.14739558
1231007102,0.17455609,0.1971307
1231007103,0.28046656,0.3468784
1231007104,0.3398785,0.33996284
1231007105,0.22752173,0.24022603
1231007106,0.42057452,0.4906717
1231007107,0.4472863,0.4482986
1231007108,0.30000934,0.3204491
1231007109,0.38054186,0.44333807
1231007110,0.6070958,0.5870652
1231008101,0.08902908,0.033967927
1231008102,0.11829978,0.107377835
1231008103,0.092310995,0.019676281
1231008104,0.054480154,0.046299934
1231008105,0.055095915,0.011515841
1231008106,0.10776717,0.07477376
1231008107,0.039114624,0.035856206
1231008108,0.064282835,0.04749322
1231008109,0.072212875,0.07136489
1231008110,0.03678938,0.035856206
1231008111,0.019960657,-0.0045826156
1231008112,0.0403532,0.043191675
1231008113,0.03606677,0.011095186
1231008114,0.23678398,0.14867468
1231008115,0.035630506,0.018039871
1231008116,0.051886357,0.041724604
1231008117,0.41985768,0.4898278
1231009101,0.04640291,0.04126702
1231009102,0.116904706,-0.012790056
1231009103,0.07853358,0.0739906
1231009104,0.10616639,0.12114971
1231009105,0.06642542,0.05882492
1231009106,0.06447771,0.015813552
1231009107,0.0936687,0.04486321
1231009108,0.06498124,0.031608526
1231009109,0.07926345,0.12968828
1231009110,0.06671558,0.096729
1231009111,0.25543538,0.25535506
1231010101,0.15614001,0.1371825
1231010102,0.122753456,0.10609779
1231010103,0.113970414,0.11074003
1231010104,0.25372988,0.2924988
1231010105,0.4209553,0.41459098
1231010106,0.4943279,0.5024587
1231010107,0.54536986,0.60048556
1231010108,0.4519458,0.5411512
1231010109,0.4998994,0.50894433
1241001101,0.1664621,0.13216199
1241001102,0.20795913,0.17078084
1241001103,0.42454433,0.33276844
1241001104,0.32419905,0.38305444
1241001105,0.55572325,0.5729915
1241001106,0.4093304,0.4225707
1241001107,0.42418054,0.37679103
1241003101,0.46290955,0.50446606
1241003102,0.5516779,0.73043746
1241003103,0.6894048,0.85155857
1241003104,0.5674845,0.63221365
1241003105,0.56865674,0.5927563
1241003106,0.61962444,0.61668926
1241003107,0.628361,0.61422175
1241003108,0.5794051,0.7053434
1241003109,0.72732294,0.78302175
1241004101,0.32874876,0.38384122
1241004102,0.5173416,0.4743385
1241005101,0.2482968,0.1986033
1241005102,0.18924654,0.16166767
1241005103,0.19324441,0.16569038
1241005104,0.13157761,0.13056302
1241005105,0.18624295,0.14539273
1241005106,0.3459416,0.32406
1241006101,0.21402302,0.20603383
1241006102,0.36117178,0.4181313
1241006103,0.5281588,0.54159766
1241006104,0.42365867,0.5266656
1241007101,0.16902171,0.18851689
1241007102,0.147142,0.1325709
1241007103,0.1461018,0.16387516
1241007104,0.18456037,0.18116009
1241007105,0.11365947,0.09421641
1241007106,0.40724894,0.2798553
1241007107,0.3181081,0.38702482
1241008101,0.1287725,0.09370471
1241008102,0.17964156,0.113530435
1241008103,0.17175204,0.12536104
1241008104,0.17613797,0.23484051
1241008105,0.16559887,0.14455134
1241008106,0.21193656,0.21498236
1241008107,0.39079973,0.40414625
1241009101,0.21891107,0.18647707
1241009102,0.13435932,0.13552694
1241009103,0.1872551,0.16572513
1241010101,0.21239108,0.2233828
1241010102,0.16930982,0.13222338
1241010103,0.3607959,0.36591086
1241010104,0.46202508,0.3824508
1241010105,0.47661144,0.5109832
1241011101,0.18985918,0.15000275
1241011102,0.19205092,0.17584804
1241011103,0.19770731,0.18061608
1241011104,0.079805985,0.057392914
1241011105,0.1484697,0.12352956
1241011106,0.27358365,0.2796133
1241011107,0.12690818,0.11565953
1241011108,0.1521376,0.14207518
1241011109,0.282265,0.32334444
1241012101,0.2106316,0.24003439
1241012102,0.45362404,0.4643502
1241012103,0.48620105,0.4572304
1241012104,0.64084417,0.6170816
1241012105,0.59442496,0.64469826
1241012106,0.66576594,0.6194604
1241013101,0.11045565,0.12222766
1241013102,0.061218265,0.055323277
1241013103,0.073396504,0.09365945
1241013104,0.12146179,0.13300605
1241013105,0.074217685,0.06623309
1241013106,0.09023728,0.083874784
1241013107,0.059894074,0.06968203
1241013108,0.09944645,0.112348385
1241013109,0.111569576,0.11637488
1241013110,0.088103116,0.06467273
1241013111,0.0785691,0.07846462
1241013112,0.08102046,0.06623309
1241013113,0.16145986,0.1345339
1241013114,0.114430726,0.11942047
1241013115,0.103944466,0.14058843
1241013116,0.44945303,0.40143448
1241013117,0.36705303,0.38901654
1241014101,0.2666483,0.3474887
1241014102,0.58383864,0.57713526
1241014103,0.7017678,0.6212002
1241014104,0.7447308,0.7027078
1241014105,0.5585077,0.5552985
1241015101,0.11717088,0.10892782
1241015102,0.1610049,0.15234688
1241015103,0.16651943,0.13266489
1241015104,0.12622592,0.14028442
1241015105,0.2128789,0.23576999
1241015106,0.6392246,0.6667867
1241016101,0.0903807,0.10557595
1241016102,0.20838675,0.16569038
1241016103,0.120192334,0.12420262
1241016104,0.117119804,0.15029822
1241016105,0.16281712,0.171701
1241016106,0.17216624,0.17816569
1241016107,0.2013,0.1842092
1241016108,0.36005032,0.30412638
1241016109,0.33520246,0.41202837
1241016110,0.30675185,0.30155757
1241017101,0.4328192,0.44719985
1241017102,0.40421715,0.36834058
1241017103,0.52731526,0.3705112
1241017104,0.5080736,0.5490121
1241017105,0.56228954,0.6120576
1241018101,0.33152378,0.4346836
1241018102,0.30539757,0.36669335
1241018103,0.33941263,0.35160354
1241018104,0.65906733,0.7495758
1241018105,0.7026463,0.7236006
1241020101,0.09904474,0.06323595
1241020102,0.08941143,0.10050685
1241020103,0.051306207,0.03313161
1241020104,0.081464946,0.06323595
1241020105,0.16428259,0.17668226
1241020106,0.19037451,0.12807213
1241020107,0.047146104,0.067086786
1241020108,0.15112354,0.15567443
1241020109,0.08051529,0.08929952
1241020110,0.09566317,0.15627201
1241020111,0.13727015,0.1329834
1241020112,0.35762134,0.3266632
1241020113,0.32589966,0.3173881
1241021101,0.27095336,0.24966468
1241021102,0.2601342,0.23406434
1241021103,0.425695,0.34120995
1241021104,0.26278377,0.2803935
1241021105,0.21417487,0.2678403
1241021106,0.20765421,0.23233727
1241021107,0.35323298,0.31109297
1241021108,0.3398232,0.3152013
1241021109,0.2146241,0.24997947
1241021110,0.4428215,0.2836926
1241022101,0.15005618,0.12514943
1241022102,0.17189574,0.12908913
1241022103,0.4281427,0.44458345
1241022104,0.46125588,0.43504968
1241022105,0.52236223,0.44868302
1241023101,0.25663456,0.22674616
1241023102,0.16036372,0.13811503
1241023103,0.26229486,0.29119733
1241023104,0.55389714,0.52991116
1241023105,0.41347036,0.3786848
1241024101,0.0912088,0.09399267
1241024102,0.13849843,0.124321304
1241024103,0.08001573,0.07102083
1241024104,0.08425477,0.10115419
1241024105,0.17290491,0.16888094
1241024106,0.1254281,0.08626913
1241024107,0.21295023,0.23216064
1241024108,0.09680739,0.11241737
1241024109,0.15846924,0.102484375
1241024110,0.070807174,0.13424395
1241024111,0.30777088,0.32569155
1241024112,0.31120175,0.29909554
1241024113,0.29143155,0.2653733
1241024114,0.4421178,0.3693403
1241025101,0.2170025,0.24304368
1241025102,0.2035177,0.2191795
1241025103,0.229004,0.18272799
1241025104,0.21230218,0.20609266
1241025105,0.26764128,0.2478558
1241025106,0.33455685,0.30199733
1241026101,0.48603576,0.493147
1241026102,0.7150971,0.7623772
1241026103,0.7208585,0.7611526
1241027101,0.21403481,0.21392661
1241027102,0.22287259,0.20467998
1241027103,0.26536044,0.2541329
1241027104,0.37308362,0.41369614
1241028101,0.07183254,0.07423848
1241028102,0.09079152,0.07041875
1241028103,0.06323521,0.05666637
1241028104,0.046770744,0.032621507
1241028105,0.06408805,0.04897608
1241028106,0.07945739,0.06495458
1241028107,0.044895828,0.03735105
1241028108,0.08181517,0.06871322
1241028109,0.09700233,0.06392548
1241028110,0.07812894,0.06248871
1241028111,0.08193413,0.055133555
1241028112,0.08736746,0.05340813
1241028113,0.07183254,0.060296375
1241028114,0.0500836,0.045346074
1241028115,0.082728624,0.06248871
1241028116,0.04410511,0.046211556
1241028117,0.074185826,0.0538575
1241028118,0.082728624,0.07579921
1241028119,0.07694645,0.04221354
1241028120,0.08663163,0.046430934
1241028121,0.0523101,0.062249307
1241028122,0.08150987,0.062076617
1241028123,0.053496335,0.048489857
1241028124,0.071026154,0.067570165
1241028125,0.11403991,0.077720866
1241028126,0.07962294,0.05895328
1241028127,0.057512283,0.049277075
1241028128,0.0787162,0.05198275
1241028129,0.06163353,0.06587355
1241028130,0.08309312,0.048870202
1241028131,0.06008314,0.055251732
1241028132,0.09550247,0.07458724
1241028133,0.12652816,0.090347186
1241028134,0.09775916,0.08481808
1241028135,0.03835229,0.03954427
1241028136,0.042020973,0.04307968
1241028137,0.07141146,0.08568853
1241028138,0.078662075,0.062456373
1241028139,0.063049056,0.04180318
1241028140,0.070531376,0.05043544
1241028141,0.026420385,0.010975114
1241028142,0.14884707,0.15237385
1241028143,0.2231076,0.17997156
1241028144,0.3679313,0.33061224
1241028145,0.18955842,0.14504243
1241028146,0.26792952,0.29287675
1241029101,0.27318203,0.27681553
1241029102,0.67825943,0.6944174
1241029103,0.578567,0.6019731
1241029104,0.7177209,0.899512
1241029105,0.595668,0.65251666
1241029106,0.7109754,0.69521683
1241031101,0.44102618,0.5148535
1241031102,0.58584434,0.6971863
1241031103,0.66449195,0.68761444
1241031104,0.78065836,0.83647966
1241032101,0.2286702,0.20412506
1241032102,0.15871184,0.17226118
1241032103,0.18601945,0.17687741
1241032104,0.5926335,0.6479382
1241032105,0.48642993,0.4850506
1241032106,0.4803365,0.47756678
1241032107,0.39856097,0.4388838
1241032108,0.3264916,0.29359376
1241033101,0.3261579,0.32106638
1241033102,0.37049115,0.36103332
1241034101,0.25194654,0.28049332
1241034102,0.22650042,0.19254875
1241034103,0.23713171,0.17325203
1241034104,0.55890316,0.5663166
1241034105,0.50169843,0.39195937
1241034106,0.5248739,0.4610287
1241035101,0.18666251,0.13437109
1241035102,0.11316919,0.123494014
1241035103,0.04270139,0.03954427
1241035104,0.113294646,0.093146585
1241035105,0.092126295,0.08048917
1241035106,0.1111853,0.10603798
1241035107,0.08636182,0.05707853
1241035108,0.14768088,0.1460932
1241035109,0.105591625,0.08342896
1241035110,0.065903924,0.041392602
1241035111,0.04580706,0.04307968
1241035112,0.09380182,0.09317546
1241035113,0.053850632,0.035048123
1241035114,0.06512891,0.07820247
1241035115,0.050091773,0.063143134
1241035116,0.04799467,0.019580211
1241035117,0.1843871,0.16999489
1241035118,0.15794863,0.18412915
1241035119,0.20147458,0.15426259
1241036101,0.20058839,0.17746493
1241036102,0.28664827,0.29789558
1241036103,0.27011797,0.31598556
1241036104,0.41034326,0.4937723
1241036105,0.40195316,0.45582312
1241036106,0.34325403,0.43722594
1241036107,0.3012286,0.34065902
1241036108,0.52849936,0.5242625
1241037101,0.10880574,0.12592877
1241037102,0.18270876,0.207425
1241037103,0.14007738,0.15678559
1241037104,0.331717,0.29964104
1241037105,0.36486918,0.42445308
1241037106,0.5106975,0.48616144
1241037107,0.2939809,0.31840077
1241037108,0.61396486,0.7009287
1241037109,0.50501865,0.44213915
1241037110,0.5812333,0.5386925
1241038101,0.31367785,0.38323018
1241038102,0.46936122,0.5544291
1241038103,0.5566719,0.65564775
1241038104,0.5326871,0.62633455
1241038105,0.58912766,0.6313085
1241038106,0.57707256,0.66576016
1241039101,0.18091175,0.20315284
1241039102,0.45345527,0.499
1241039103,0.78334737,0.8131168
1241039104,0.64407796,0.6652542
1241039105,0.60498255,0.5660224
1241039106,0.6302681,0.6294612
1241040101,0.11374646,0.1393471
1241040102,0.10220624,0.101128004
1241040103,0.11006352,0.11152745
1241040104,0.18076353,0.1315202
1241040105,0.21692969,0.17342107
1241040106,0.2646234,0.25784457
1241040107,0.23202051,0.22236654
1241040108,0.35722357,0.30680767
1241040109,0.24904644,0.2542725
1241040110,0.4161385,0.42753446
1241040111,0.33982122,0.2692551
1241041101,0.39781207,0.42874238
1241041102,0.5694791,0.589478
1241041103,0.7388062,0.74762756
1241041104,0.6142796,0.68176997
1241041105,0.6712872,0.65334177
1241041106,0.5370395,0.5723716
1241041107,0.72609776,0.78733134
1241041108,0.7048378,0.7951705
1241041109,0.61811733,0.6667318
1241041110,0.7084669,0.73502195
1241041111,0.82840604,0.8662916
1241042101,0.16731797,0.105947495
1241042102,0.16916043,0.13503696
1241042103,0.23946917,0.21876235
1241042104,0.18593365,0.26176623
1241042105,0.33335716,0.39633122
1241042106,0.4413777,0.42667854
1241043101,0.23804468,0.17245594
1241043102,0.26594886,0.25109938
1241043103,0.45512968,0.51332504
1241043104,0.52866554,0.472097
1241044101,0.22335969,0.23425975
1241044102,0.3747372,0.3924897
1241044103,0.5667815,0.67567563
1241045101,0.22983232,0.25135213
1241045102,0.2025916,0.16758715
1241045103,0.2301136,0.16151625
1241045104,0.62971085,0.5717251
1241045105,0.483842,0.53542227
1241046101,0.2635916,0.21423781
1241046102,0.20605052,0.23204808
1241046103,0.32055435,0.26435295
1241046104,0.44746068,0.48479423
1241046105,0.34424144,0.3693721
1241046106,0.42182705,0.4398623
1241046107,0.29908964,0.27925006
1241047101,0.39793718,0.38405722
1241047102,0.5216886,0.5672376
1241047103,0.59790325,0.633933
1241048101,0.18596005,0.14824568
1241048102,0.16206267,0.18864945
1241048103,0.14683546,0.13693474
1241048104,0.26699618,0.21871278
1241049101,0.24596922,0.30772987
1241049102,0.39355993,0.38063353
1241049103,0.35055086,0.47040695
1241049104,0.30376673,0.33755827
1241050101,0.16475569,0.16110307
1241050102,0.14363188,0.11303025
1241050103,0.19771223,0.1786191
1241050104,0.31965,0.28995216
1241050105,0.24410097,0.19939055
1241050106,0.28127342,0.23610069
1241050107,0.36291823,0.31995475
1241050108,0.2761769,0.2907699
1241050109,0.24245583,0.2770782
1241050110,0.34192032,0.36113262
1241051101,0.14497037,0.11942712
1241051102,0.2096354,0.1986113
1241051103,0.27688605,0.28054443
1241051104,0.26955888,0.31135735
1241051105,0.4591548,0.4864707
1241052101,0.204236,0.14860392
1241052102,0.3198459,0.26632565
1241052103,0.3993616,0.47959515
1241053101,0.24148647,0.2963279
1241053102,0.17428672,0.24752869
1241053103,0.22224633,0.20905
1241053104,0.4658193,0.4970983
1241053105,0.5208769,0.5669964
1241053106,0.44052318,0.5181247
1241053107,0.5545945,0.48062462
1241053108,0.60601217,0.56060773
1241053109,0.62349457,0.6721221
1241054101,0.17145632,0.18125916
1241054102,0.33482772,0.36386326
1241054103,0.82002276,0.80173296
1241054104,0.5568364,0.57046014
1241054105,0.6697525,0.6733196
1241054106,0.5891524,0.63443977
1241055101,0.17001235,0.1397645
1241055102,0.16255285,0.13171382
1241055103,0.13654716,0.1482487
1241055104,0.20781337,0.1657787
1241055105,0.29184043,0.29448068
1241055106,0.346962,0.4330317
1241055107,0.31882456,0.34903365
1241055108,0.24832442,0.25822124
1241055109,0.40504873,0.3674247
1241056101,0.19202209,0.17508237
1241056102,0.21449159,0.1931995
1241056103,0.19051313,0.1743297
1241056104,0.5083331,0.5372517
1241056105,0.4216853,0.3557232
1241057101,0.121163115,0.14227566
1241057102,0.260449,0.3185884
1241057103,0.50487363,0.5196837
1241057104,0.669181,0.50347114
1241057105,0.46080393,0.47790676
1241057106,0.5168279,0.49574742
1241057107,0.5959821,0.6622809
1241057108,0.7589003,0.7298477
1241058101,0.16809344,0.1477861
1241058102,0.095629215,0.09728946
1241058103,0.10956176,0.12243364
1241058104,0.12535879,0.11266862
1241058105,0.36145106,0.37623748
1241058106,0.46974668,0.54919463
1241058107,0.51536775,0.5480507
1241058108,0.29835385,0.34761637
1251001101,0.06628247,0.037878018
1251001102,0.054577254,0.041526347
1251001103,0.054577254,0.036441233
1251001104,0.0716425,0.045156352
1251001105,0.083024986,0.08116031
1251001106,0.09042891,0.058293376
1251001107,0.07668808,0.09457498
1251001108,0.050255843,0.055989716
1251001109,0.049342386,0.050146703
1251001110,0.06866256,0.061544172
1251001111,0.053361516,0.04252848
1251001112,0.046469755,0.050146703
1251001113,0.046741717,0.046516694
1251001114,0.034529652,0.04779519
1251001115,0.049197115,0.04332409
1251001116,0.05426134,0.013991847
1251001117,0.07683967,0.070584685
1251001118,0.081335485,0.087357685
1251001119,0.053798646,0.06925857
1251001120,0.036793828,0.016098864
1251001121,0.036793828,0.027967054
1251001122,0.0904344,0.09179943
1251001123,0.13828135,0.16557844
1251001124,0.15692729,0.16461354
1251001125,0.14730059,0.12369842
1251001126,0.19920352,0.1721752
1251001127,0.16786116,0.22937705
1251002101,0.09001041,0.09663802
1251002102,0.12424939,0.10725261
1251002103,0.1529771,0.14592968
1251002104,0.20063044,0.18088016
1251002105,0.1589744,0.13829626
1251002106,0.16480528,0.1341862
1251002107,0.14363912,0.14009434
1251002108,0.16313618,0.15498808
1251002109,0.14434312,0.1239183
1251002110,0.13645971,0.13966094
1251003101,0.20809764,0.17481035
1251003102,0.253097,0.2816331
1251003103,0.38225636,0.35365638
1251003104,0.49980664,0.536016
1251003105,0.42693716,0.47352615
1251004101,0.13186485,0.12583867
1251004102,0.11873848,0.119948596
1251004103,0.24096054,0.2277298
1251004104,0.26258218,0.23560403
1251004105,0.22587927,0.22489667
1251004106,0.234286,0.2613157
1251004107,0.29562998,0.3888556
1251005101,0.17160037,0.15927903
1251005102,0.12957536,0.10548813
1251005103,0.27018303,0.22585294
1251005104,0.43813977,0.4262953
1251006101,0.049170144,0.032621507
1251006102,0.058362603,0.050037775
1251006103,0.07420884,0.06528611
1251006104,0.05301559,0.12462983
1251006105,0.061170373,0.04844733
1251006106,0.09307315,0.096100576
1251006107,0.061898816,0.072026804
1251006108,0.06408805,0.045156352
1251006109,0.0716425,0.057724446
1251006110,0.06823882,0.050037775
1251006111,0.08471208,0.058223117
1251006112,0.106044866,0.07533035
1251006113,0.083450526,0.08021332
1251006114,0.07488654,0.061270162
1251006115,0.049342386,0.049281497
1251006116,0.061170373,0.0637181
1251006117,0.07251055,0.070051335
1251006118,0.061898816,0.25033402
1251006119,0.12044828,0.10187568
1251006120,0.0544717,0.06428573
1251006121,0.051296875,0.053682115
1251006122,0.06823458,0.053682115
1251006123,0.0676233,0.08725339
1251006124,0.087457374,0.100844294
1251006125,0.055750795,0.044516467
1251006126,0.07927307,0.07112912
1251006127,0.0676233,0.062239606
1251006128,0.049342386,0.05035949
1251006129,0.06559967,0.05479259
1251006130,0.06134282,0.065259725
1251006131,0.051466595,0.046824068
1251006132,0.05811251,0.073749885
1251006133,0.059621368,0.044412866
1251006134,0.05610799,0.01815882
1251006135,0.092954785,0.06277656
1251006136,0.092254326,0.102166764
1251006137,0.038680416,0.02900049
1251006138,0.041109737,0.023157474
1251006139,0.0475593,0.01503028
1251006140,0.040854152,0.03912259
1251006141,0.040645003,0.009553718
1251006142,0.075794876,0.09764245
1251006143,0.09431155,0.08173788
1251006144,0.14900282,0.18000044
1251006145,0.14418224,0.1586808
1251006146,0.19007371,0.15275177
1251006147,0.18673927,0.16498502
1251006148,0.18155253,0.13606009
1251006149,0.2939106,0.23374967
1251007101,0.15383507,0.17134622
1251007102,0.1512884,0.1629408
1251007103,0.19285186,0.17839971
1251007104,0.35331732,0.3578535
1251007105,0.40167266,0.45146835
1251008101,0.15887769,0.16130197
1251008102,0.1446698,0.15036276
1251008103,0.09157105,0.09687117
1251008104,0.13061194,0.12897359
1251008105,0.15173033,0.13071999
1251008106,0.3030561,0.38188902
1251008107,0.28701973,0.26787105
1251008108,0.28268293,0.3034853
1251008109,0.36767447,0.38185558
1251008110,0.25300294,0.23305249
1251008111,0.24792473,0.20526423
1251008112,0.37347677,0.39730427
1251008113,0.52019215,0.37730405
1251008114,0.44997367,0.29457664
1251008115,0.4774614,0.28385803
1251008116,0.4434993,0.2946997
1251008117,0.48487315,0.3164281
1251009101,0.12994832,0.11572157
1251009102,0.14791572,0.17930204
1251009103,0.14159998,0.13400768
1251009104,0.1691642,0.17031117
1251009105,0.19384949,0.21296392
1251009106,0.15496092,0.20477858
1251009107,0.119397186,0.1236717
1251009108,0.042466506,0.06320435
1251009109,0.23571807,0.3979828
1251009110,0.22010316,0.23538095
1251009111,0.28299937,0.2928959
1251009112,0.3393129,0.39994785
1251010101,0.08001573,0.09728946
1251010102,0.14675497,0.13370147
1251010103,0.2051389,0.18921341
1251010104,0.24833761,0.25382632
1251010105,0.21951902,0.19476114
1251010106,0.20602238,0.20604649
1251010107,0.21015249,0.23195063
1251010108,0.1777283,0.16911975
1251010109,0.28920165,0.28773293
1251010110,0.20315039,0.19779971
1251010111,0.2739398,0.25519234
1251011101,0.05808898,0.045346074
1251011102,0.05879973,0.051189087
1251011103,0.09242465,0.07223437
1251011104,0.11809047,0.12143258
1251011105,0.07073577,0.07558401
1251011106,0.07835315,0.07969175
1251011107,0.10185329,0.06113731
1251011108,0.03983084,0.046516694
1251011109,0.057499394,0.051213246
1251011110,0.08759909,0.09297742
1251011111,0.10682692,0.14378467
1251011112,0.17906605,0.16219032
1251011113,0.16079909,0.15164651
1251011114,0.15256315,0.17209549
1251011115,0.17359562,0.19460063
1251011116,0.17762706,0.15287626
1251011117,0.10370708,0.11296176
1251011118,0.17154928,0.16873819
1251011119,0.21868993,0.14048302
1251012101,0.079434074,0.06569905
1251012102,0.06544056,0.054378755
1251012103,0.06628247,0.049497332
1251012104,0.08844385,0.049884114
1251012105,0.07579326,0.050980255
1251012106,0.11695425,0.11506286
1251012107,0.061552897,0.056452014
1251012108,0.11246021,0.09388576
1251012109,0.06289181,0.076809205
1251012110,0.09741929,0.132148
1251012111,0.07141146,0.05803585
1251012112,0.06762537,0.07771336
1251012113,0.05451409,0.05079746
1251012114,0.1290672,0.13300605
1251012115,0.061899915,0.057734426
1251012116,0.0398316,0.029501602
1251012117,0.05561736,0.08700097
1251012118,0.05811455,0.07886594
1251012119,0.064327925,0.07457247
1251012120,0.03319059,0.04175728
1251012121,0.0335646,0.036350295
1251012122,0.051927418,0.057507977
1251012123,0.030257747,0.014894108
1251012124,0.060450684,0.07199268
1251012125,0.24738985,0.26690823
1251012126,0.120888755,0.117340274
1251012127,0.16433506,0.16544513
1251012128,0.14384249,0.13630031
1251013101,0.12879494,0.11963763
1251013102,0.15421471,0.13826387
1251013103,0.27479753,0.22985144
1251013104,0.22710828,0.2336438
1251013105,0.18155253,0.15247975
1251013106,0.26814842,0.27448955
1251013107,0.219011,0.22720732
1251013108,0.33475116,0.28429404
1251014101,0.102521226,0.077891074
1251014102,0.117285356,0.090548486
1251014103,0.21633095,0.28301924
1251014104,0.26649746,0.2150011
1251014105,0.23589104,0.18555456
1251014106,0.35858148,0.3513644
1251014107,0.22197472,0.13045867
1251014108,0.22404182,0.24040921
1251014109,0.2653808,0.24147347
1251015101,0.09938619,0.055294286
1251015102,0.07528332,0.06694948
1251015103,0.10197079,0.05910004
1251015104,0.1313393,0.13185231
1251015105,0.073172584,0.07375693
1251015106,0.15769912,0.1301337
1251015107,0.04542338,0.053682115
1251015108,0.070731044,0.10734442
1251015109,0.10833158,0.13818079
1251015110,0.18201752,0.214249
1251015111,0.16274554,0.16435367
1251016101,0.18629433,0.15153946
1251016102,0.15172023,0.14310957
1251016103,0.23652352,0.19908214
1251016104,0.20839967,0.163006
1251016105,0.3573188,0.33002815
1251016106,0.38155085,0.3334892
1251017101,0.13179775,0.16699971
1251017102,0.3156621,0.30486304
1251017103,0.24896233,0.22074804
1251017104,0.2242492,0.19345087
1251017105,0.21886761,0.16107069
1251017106,0.21837099,0.17654629
1251017107,0.30035853,0.24887548
1251017108,0.32549042,0.35163206
1251017109,0.25871876,0.22731724
1251018101,0.07390626,0.06730577
1251018102,0.09412642,0.08443159
1251018103,0.14290626,0.14603598
1251018104,0.14430444,0.14997286
1251018105,0.14947829,0.1459999
1251018106,0.14310418,0.1371395
1251018107,0.15455583,0.12748942
1251018108,0.17379867,0.16314384
1251018109,0.148243,0.17716467
1251018110,0.28326643,0.30955702
1251018111,0.19507326,0.17155619
1251018112,0.19177641,0.22125493
1251018113,0.20433466,0.17901546
1251018114,0.30927223,0.31048703
1251018115,0.2906396,0.26715872
1251018116,0.28333658,0.35620263
1251018117,0.34805477,0.27468732
1261001101,0.09680224,0.052191623
1261001102,0.14378347,0.12161717
1261002101,0.052422695,0.055104647
1261002102,0.077295505,0.06700696
1261002103,0.05245945,0.02574588
1261002104,0.050932195,0.05339961
1261002105,0.050976202,0.041935477
1261002106,0.059230503,0.041935477
1261002107,0.056271363,0.03634951
1261002108,0.05450614,0.03635393
1261002109,0.08009524,0.122573905
1261002110,0.06891554,0.1039823
1261002111,0.13313718,0.21535183
1261002112,0.12766531,0.09570841
1261003101,0.14930214,0.0953302
1261003102,0.10146144,0.12345736
1261003103,0.1215322,0.11004267
1261003104,0.12972398,0.109637745
1261003105,0.45762244,0.40845478
1261003106,0.29057366,0.34626415
1261003107,0.24779257,0.19395144
1261003108,0.673934,0.656425
1261003109,0.25463846,0.26274392
1261004101,0.09683144,0.062031616
1261004102,0.13486013,0.08263576
1261004103,0.13138422,0.087912224
1261004104,0.08737108,0.09793183
1261004105,0.13326328,0.12006776
1261006101,0.10357074,0.042042386
1261006102,0.12375399,0.10163594
1261006103,0.17129305,0.1476108
1261012101,0.12434307,0.09873607
1261012102,0.12306532,0.09686132
1261012103,0.23718451,0.15945084
1261012104,0.17495061,0.14818889
1261012105,0.1381063,0.15604603
1261012106,0.26324198,0.20196953
1261012107,0.14183688,0.18896954
1261012108,0.095656626,0.10050264
1261012109,0.14076242,0.059937034
1261014101,0.09810271,0.09541521
1261014102,0.25718006,0.18845724
1261016101,0.091490984,0.057831757
1261016102,0.13574247,0.12383703
1261017101,0.08047176,0.06930599
1261017102,0.05879973,0.05607051
1261017103,0.054577254,0.050227497
1261017104,0.088966385,0.07343055
1261017105,0.07870986,0.06656162
1261017106,0.07668341,0.045475688
1261017107,0.04435497,0.05607051
1261017108,0.05286816,0.048604235
1261017109,0.091136724,0.069413655
1261017110,0.074412726,0.04916711
1261017111,0.12140466,0.105076246
1261017112,0.095271185,0.0442165
1261017113,0.1691476,0.20279641
1261017114,0.1162758,0.030374903
1261018101,0.045767702,0.041442685
1261018102,0.054577254,0.045346074
1261018103,0.055121288,0.041322656
1261018104,0.073145635,0.05800876
1261018105,0.08476079,0.066591516
1261018106,0.061289813,0.06930599
1261018107,0.08700573,0.09104481
1261018108,0.0553398,0.06560752
1261018109,0.05197729,0.052106813
1261018110,0.0515106,0.057832822
1261018111,0.068924055,0.07565372
1261018112,0.036045518,0.052627217
1261018113,0.05183202,0.046516694
1261018114,0.04735794,0.07233834
1261018115,0.05610799,0.03577668
1261018116,0.034856673,0.033307448
1261018117,0.034364507,0.014552374
1261018118,0.09306982,0.07178634
1261018119,0.21399151,0.17311849
1261018120,0.17538886,0.14384373
1261018121,0.048748326,0.03623859
1261018122,0.12408296,0.13983572
1261018123,0.14915253,0.15131842
1261018124,0.17387578,0.11584869
1261018125,0.20077543,0.22308646
1261018126,0.20678362,0.1229735
1261019101,0.12827855,0.080062784
1261019102,0.08031747,0.06914271
1261019103,0.0543577,0.04316889
1261019104,0.10031351,0.065944985
1261019105,0.067457676,0.05607051
1261019106,0.0718673,0.05249325
1261019107,0.067512445,0.05079746
1261019108,0.055981316,0.055886265
1261019109,0.064402066,0.070600055
1261020101,0.1657861,0.14290427
1261020102,0.15495664,0.12254443
1261020103,0.14736043,0.14049967
1261020104,0.17843415,0.099007405
1261021101,0.17573443,0.1331358
1261021102,0.18868315,0.11666801
1261023101,0.10204441,0.07986715
1261023102,0.11761006,0.09623114
1261023103,0.18816587,0.11395
1261025101,0.074262924,0.041526347
1261025102,0.08321942,0.06423327
1261025103,0.10755759,0.057724446
1261025104,0.11316814,0.1423002
1261025105,0.05691887,0.23143786
1261025106,0.08467562,0.056087658
1261025107,0.08996748,0.09615392
1261025108,0.06914074,0.07476964
1261025109,0.049110487,0.04408747
1261025110,0.17865421,0.15426801
1261025111,0.10329345,0.09848125
1261025112,0.21457545,0.19783622
1261026101,0.18318316,0.1930957
1261026102,0.16966762,0.1908297
1261026103,0.25853136,0.28281742
1261026104,0.16251196,0.1754823
1261026105,0.18976992,0.18921341
1261026106,0.38648686,0.43926412
1261026107,0.30430344,0.3612155
1261026108,0.34335312,0.31776723
1261026109,0.31110996,0.3337879
1261026110,0.29764682,0.2168329
1261026111,0.4267936,0.4545977
1261026112,0.38128906,0.3984072
1261027101,0.064403296,0.06377651
1261027102,0.06674991,0.059349477
1261027103,0.044647716,0.032337002
1261027104,0.071482964,0.05252202
1261027105,0.11524915,0.07745676
1261029101,0.06628247,0.03511369
1261029102,0.08329113,0.071355715
1261029103,0.07188833,0.0538575
1261029104,0.07542124,0.06512784
1261029105,0.07106196,0.05682329
1261029106,0.07298442,0.09151327
1261029107,0.05561736,0.043194063
1261029108,0.048747,0.052601915
1261029109,0.048747,0.05531423
1261029110,0.038680416,0.026112014
1261029111,0.029676352,-0.0027326131
1261029112,0.058047425,0.057517666
1261029113,0.03815059,0.022441518
1261029114,0.04065353,0.025735777
1261029115,0.027858343,-0.002806351
1261029116,0.08467061,0.025419261
1261029117,0.30817845,0.33625644
1261029118,0.2326339,0.20512341
1261029119,0.15214635,0.048544858
1261030101,0.043409344,0.039845128
1261030102,0.035749957,-0.0076936847
1261030103,0.040647075,0.02964516
1261030104,0.053756546,0.0710441
1261030105,0.05834102,0.08260495
1261030106,0.062321756,0.08640018
1261030107,0.0433683,0.03762296
1261030108,0.060196873,0.05055903
1261030109,0.056046113,0.060603272
1261030110,0.07361119,0.09072492
1261030111,0.04606233,0.056452014
1261030112,0.053684134,0.050037775
1261030113,0.045767702,0.04266575
1261030114,0.05891799,0.053193774
1261030115,0.07521273,0.067768686
1261030116,0.06388307,0.054378755
1261030117,0.05050616,0.05198275
1261030118,0.05874105,0.042626135
1261030119,0.052177854,0.04640777
1261030120,0.07901024,0.06981674
1261030121,0.06552697,0.057724446
1261030122,0.049274255,0.0551931
1261030123,0.070777014,0.046463773
1261030124,0.08321942,0.06423327
1261030125,0.06312757,0.059566848
1261030126,0.07140939,0.07369144
1261030127,0.094969474,0.09028462
1261030128,0.038680416,0.05235971
1261030129,0.040745057,0.03735105
1261030130,0.07140939,0.055642225
1261030131,0.06951544,0.05490731
1261030132,0.071966484,0.04446229
1261030133,0.05825778,0.048669796
1261030134,0.05183202,0.036408115
1261030135,0.061897874,0.040690728
1261030136,0.05183202,0.0540387
1261030137,0.07958407,0.07052454
1261030138,0.05061683,0.09990665
1261030139,0.034630563,0.009991955
1261030140,0.08424497,0.07783534
1261030141,0.04125171,0.04050985
1261030142,0.055070072,0.04332409
1261030143,0.034573656,0.051036622
1261030144,0.05183202,0.04332409
1261030145,0.047516104,0.028497864
1261030146,0.05426134,0.028497864
1261030147,0.06364436,0.04332409
1261030148,0.04032433,0.030903863
1261030149,0.036793828,0.0037107102
1261030150,0.07491303,0.0528495
1261030151,0.10417029,0.15308024
1261030152,0.13270977,0.16295159
1261030153,0.14893772,0.16946073
1261030154,0.2928334,0.30628806
1261030155,0.15718204,0.12345166
1261030156,0.081791885,0.056193117
1261030157,0.13695598,0.15164763
1261030158,0.14240131,0.085140154
1261033101,0.12792452,0.1169306
1261033102,0.13184065,0.11835712
1261033103,0.14078465,0.09728946
1261033104,0.06940488,0.050146703
1261033105,0.2707468,0.18239248
1261033106,0.24663128,0.2652259
1261033107,0.3153676,0.30977365
1261033108,0.12434307,0.12905735
1261033109,0.23843831,0.25778735
1261033110,0.29852995,0.26643282
1261035101,0.08315637,0.07211929
1261035102,0.07804434,0.071724035
1261035103,0.06845555,0.08629159
1261035104,0.11286964,0.09006175
1261035105,0.14866123,0.10685053
1261035106,0.15103602,0.11887231
1261036101,0.061938304,0.054378755
1261036102,0.06693968,0.04086001
1261036103,0.08636895,0.07623714
1261036104,0.08660417,0.050227497
1261036105,0.09038951,0.05166428
1261036106,0.06732186,0.06357063
1261036107,0.063381284,0.03864959
1261036108,0.06349608,0.04640777
1261036109,0.0981785,0.043343917
1261038101,0.06765555,0.04316889
1261038102,0.08232095,0.07039413
1261038103,0.07630594,0.058901526
1261039101,0.102011226,0.09118743
1261039102,0.075770795,0.034656152
1261039103,0.086475186,0.042675894
1261039104,0.06546905,0.10657848
1261041101,0.0531247,0.04540879
1261041102,0.053423684,0.03873062
1261041103,0.04852638,0.043285243
1261041104,0.059186503,0.09757646
1261041105,0.06511067,0.0538575
1261041106,0.10198356,0.064967185
1261042101,0.10821767,0.119550176
1261042102,0.09178369,0.051189087
1261042103,0.087459534,0.050999377
1261042104,0.08999533,0.054813765
1261042105,0.09559948,0.07959995
1261042106,0.06954023,0.08244025
1261042107,0.08629622,0.08469572
1261042108,0.11727798,0.08483934
1261042109,0.09070525,0.11582138
1261042110,0.08214378,0.10240671
1261042111,0.07140939,0.06486553
1261042112,0.07881327,0.111376666
1261042113,0.21593359,0.18823339
1261042114,0.20227271,0.1821519
1261042115,0.23943119,0.2221706
1261042116,0.2667004,0.29103816
1261042117,0.27873513,0.24704073
1261042118,0.20538661,0.18258163
1261043101,0.0716425,0.0538575
1261043102,0.05869462,0.092325285
1261043103,0.06367644,0.055417787
1261043104,0.06703012,0.11654496
1261043105,0.0566364,0.049985435
1261043106,0.04914263,0.102418944
1261043107,0.05574475,0.054306034
1261043108,0.05671652,0.030198015
1261043109,0.061613828,0.05635815
1261043110,0.0627829,0.07676863
1261043111,0.054956444,0.047152184
1261043112,0.057133965,0.059517518
1261043113,0.05750706,0.07830087
1261043114,0.06823458,0.08671278
1261043115,0.073111184,0.05940542
1261043116,0.076216854,0.10435747
1261043117,0.04357449,0.033393968
1261043118,0.067751125,0.06549064
1261043119,0.048152164,0.02020495
1261043120,0.072700754,0.057746157
1261043121,0.060543872,0.0040838495
1261043122,0.058243506,0.060437687
1261043123,0.0660598,0.046739142
1261045101,0.19670703,0.19982414
1261045102,0.16855581,0.15664476
1261047101,0.09224632,0.067768686
1261047102,0.09097761,0.0588297
1261047103,0.087627016,0.06552149
1261047104,0.102151595,0.062199365
1261048101,0.076349944,0.058720786
1261048102,0.049521387,0.049706373
1261048103,0.07358276,0.06022177
1261048104,0.07559984,0.0538575
1261048105,0.04787053,0.010379497
1261048106,0.06512891,0.04509917
1261048107,0.07041036,0.094964586
1261048108,0.034573656,0.044127744
1261048109,0.05561736,0.05235971
1261048110,0.05233875,0.05441409
1261048111,0.06951616,-0.019113716
1261048112,0.081421025,0.061429463
1261048113,0.15741657,0.10358027
1261049101,0.32969275,0.33514073
1261049102,0.34946027,0.23422162
1261051101,0.1622368,0.1689225
1261051102,0.19151512,0.16544925
1261051103,0.4048065,0.4927291
1261052101,0.15540148,0.123217724
1261052102,0.22103135,0.2839486
1261055101,0.052177854,0.04640777
1261055102,0.066354185,0.05607051
1261055103,0.070311524,0.056402043
1261055104,0.07559724,0.060650308
1261055105,0.053107996,0.042088196
1261055106,0.06596371,0.05316792
1261055107,0.06264432,0.04953854
1261055108,0.116506785,0.0829982
1261055109,0.11547713,0.069542244
1261055110,0.07001802,0.08128814
1261055111,0.07210291,0.09088232
1261055112,0.08658866,0.07459773
1261055113,0.11276813,0.07767495
1261055114,0.12586634,0.09649684
1261055115,0.1786084,0.12006341
1261055116,0.13671236,0.10134562
1261055117,0.19497816,0.18713471
1261055118,0.1584334,0.08711101
1261056101,0.16621736,0.16237234
1261056102,0.16585957,0.1488191
1261056103,0.22906771,0.25292504
1261056104,0.2874123,0.3440374
1261056105,0.4713419,0.45976004
1261056106,0.17734069,0.15185304
1261058101,0.06772886,0.1226167
1261058102,0.04782652,0.05512451
1261058103,0.04371976,0.040981054
1261058104,0.056768544,0.039346468
1261058105,0.059639215,0.076352246
1261058106,0.1637963,0.095877096
1261066101,0.09804677,0.04678286
1261066102,0.08702697,0.05572185
1261066103,0.12210328,0.08150891
1261066104,0.08601819,0.10155589
1261066105,0.17882226,0.110093646
1261069101,0.15421471,0.13135403
1261069102,0.19125594,0.1281203
1261069103,0.41129923,0.37360018
1261071101,0.124196626,0.059398577
1261071102,0.09372238,0.06149783
1261071103,0.08937404,0.08116031
1261071104,0.123041436,0.12988025
1261071105,0.12220985,0.13944188
1261071106,0.14961131,0.09135295
1261071107,0.21299525,0.23603302
1261071108,0.2605702,0.16720468
1261072101,0.13355659,0.14848438
1261072102,0.11434992,0.08610912
1261072103,0.11705126,0.281527
1261072104,0.13922748,0.24704668
1261072105,0.16595532,0.16443823
1261072106,0.25943837,0.31370512
1261072107,0.2871958,0.2700743
1261072108,0.42853758,0.5174408
1271001101,0.123136796,0.091328815
1271001102,0.09768062,0.111649364
1271001103,0.10116819,0.09769691
1271001104,0.09175478,0.12051994
1271001105,0.38164738,0.5178029
1271001106,0.42521867,0.5559231
1271001107,0.3917231,0.4338099
1271001108,0.4204946,0.39537933
1271001109,0.18429686,0.16134953
1271001110,0.22250739,0.31221268
1271001111,0.40116432,0.45627135
1271001112,0.40968382,0.2983832
1271002101,0.088108614,0.12057225
1271002102,0.088099904,0.08062628
1271002103,0.045444157,0.06257557
1271002104,0.07185222,0.06386338
1271002105,0.16007878,0.22737536
1271002106,0.0707014,0.09104481
1271002107,0.097553745,0.121242784
1271002108,0.12862022,0.159409
1271002109,0.0605175,0.10263862
1271002110,0.071877636,0.11225678
1271002111,0.14409791,0.16099845
1271002112,0.18987665,0.25011718
1271002113,0.29685122,0.3508579
1271002114,0.20469569,0.16921583
1271002115,0.33629674,0.40501443
1271002116,0.44671106,0.4364437
1271002117,0.17110571,0.14240362
1271003101,0.1278791,0.16418277
1271003102,0.08452815,0.12016896
1271003103,0.14738438,0.14268206
1271003104,0.38273174,0.46364805
1271003105,0.33591068,0.45654473
1271003106,0.25923035,0.21488804
1271003107,0.24781653,0.24846078
1271003108,0.30319315,0.35194054
1271003109,0.32332984,0.36804172
1271003110,0.37375742,0.41452703
1271003111,0.26501453,0.34422162
1271003112,0.314419,0.30284613
1271003113,0.24598418,0.29064098
1271003114,0.4526464,0.48668247
1271003115,0.33851776,0.35551345
1271003116,0.45595106,0.45281166
1271003117,0.50243115,0.54658663
1271003118,0.47800618,0.52229345
1271004101,0.037757102,0.0732307
1271004102,0.13562152,0.13337556
1271004103,0.055132657,0.05055903
1271004104,0.07072905,0.053193774
1271004105,0.08001573,0.078542516
1271004106,0.051264398,0.026953688
1271004107,0.0751223,0.07609204
1271004108,0.08050024,0.0860788
1271004109,0.059831448,0.074212044
1271004110,0.057088975,0.044627603
1271004111,0.0397921,0.070537515
1271004112,0.11726583,0.14447713
1271004113,0.0876508,0.09474946
1271004114,0.07238837,0.05277141
1271004115,0.030842824,0.026197413
1271004116,0.051242508,0.076785
1271004117,0.06833637,0.08034462
1271004118,0.09788728,0.12847203
1271004119,0.085733004,0.08640415
1271004120,0.031856008,0.06358488
1271004121,0.06552697,0.06253154
1271004122,0.32062984,0.225636
1271004123,0.116024956,0.14520876
1271004124,0.088107474,0.11209974
1271004125,0.049924355,0.11948755
1271004126,0.11643252,0.14770305
1271004127,0.065971866,0.05800876
1271004128,0.10929314,0.13393828
1271004129,0.06706839,0.05235971
1271004130,0.18842167,0.2456279
1271005101,0.15761146,0.18198293
1271005102,0.1082981,0.12038569
1271005103,0.077582575,0.10351397
1271005104,0.12271743,0.12868695
1271005105,0.1728308,0.18280682
1271005106,0.24284774,0.24150069
1271005107,0.17743401,0.11562845
1271005108,0.22908914,0.21460126
1271005109,0.122133575,0.12410766
1271005110,0.20250496,0.18941365
1271005111,0.25352958,0.34078822
1271005112,0.2757407,0.28196776
1271006101,0.19930403,0.23296401
1271006102,0.26141214,0.31382936
1271006103,0.11424213,0.13251501
1271006104,0.09954045,0.13866727
1271006105,0.10284315,0.09744637
1271006106,0.1977734,0.24239223
1271006107,0.20361722,0.24503355
1271006108,0.20598873,0.18650553
1271006109,0.283494,0.24259609
1271006110,0.36987907,0.4549205
1271006111,0.2093773,0.30696484
1271006112,0.25441658,0.34017518
1271006113,0.2758668,0.37156463
1271006114,0.19378027,0.21765743
1271006115,0.19499274,0.20959893
1271006116,0.21442619,0.27153316
1271007101,0.09372689,0.11749241
1271007102,0.13665433,0.12112243
1271007103,0.11932019,0.08715272
1271007104,0.10299828,0.12515779
1271007105,0.17936657,0.1496232
1271007106,0.12260676,0.12558417
1271007107,0.1447073,0.17552647
1271007108,0.24149586,0.2706719
1271008101,0.09080385,0.09767096
1271008102,0.2041007,0.20091102
1271008103,0.13950016,0.1329696
1271008104,0.22814663,0.28925997
1271008105,0.2913003,0.24237174
1271008106,0.09387788,0.11770738
1271008107,0.18129182,0.19131264
1271008108,0.17583151,0.13223754
1271008109,0.30889982,0.32433504
1271008110,0.41454127,0.44693494
1271008111,0.34870866,0.36676726
1271008112,0.3380652,0.37800997
1271008113,0.24615242,0.2565641
1271008114,0.23937507,0.26784587
1271009101,0.1335498,0.1430163
1271009102,0.08086483,0.07877901
1271009103,0.21659341,0.19409658
1271009104,0.22962399,0.22375108
1271009105,0.20947446,0.19910133
1271009106,0.32006696,0.326917
1271009107,0.2956937,0.31971508
1271009108,0.1633993,0.12663285
1271009109,0.17984772,0.18983164
1271009110,0.32610762,0.4109069
1271010101,0.099570535,0.13927148
1271010102,0.12601109,0.123921104
1271010103,0.15257934,0.18461198
1271010104,0.18371293,0.279725
1271010105,0.27792737,0.2974625
1271010106,0.31851345,0.34322193
1271010107,0.21575232,0.2583011
1271010108,0.19150873,0.20284481
1271010109,0.18910515,0.15789357
1271010110,0.20353228,0.18754847
1271010111,0.22349896,0.27130002
1271010112,0.20501755,0.21921833
1271010113,0.21213822,0.3771171
1271010114,0.26607296,0.36935216
1271011101,0.13550533,0.1360966
1271011102,0.23952939,0.18701102
1271011103,0.4381613,0.4673375
1271011104,0.46343702,0.4985983
1271011105,0.41948438,0.41135633
1271011106,0.49144208,0.49193406
1271011107,0.46745077,0.49242002
1271012101,0.064643435,0.056016114
1271012102,0.09055795,0.06512784
1271012103,0.17427005,0.17815216
1271012104,0.13867669,0.17015514
1271012105,0.17968121,0.17232901
1271012106,0.21227805,0.22652484
1271012107,0.29803294,0.365967
1271012108,0.18173401,0.21728693
1271012109,0.41642773,0.47839487
1271012110,0.28983527,0.37695193
1271012111,0.24282031,0.32880318
1271013101,0.16887021,0.19754095
1271013102,0.23203923,0.22323759
1271013103,0.13386852,0.16304842
1271013104,0.08732246,0.07145054
1271013105,0.20382768,0.19367364
1271013106,0.21419933,0.20361407
1271013107,0.18631892,0.24584326
1271013108,0.08567593,0.11475878
1271013109,0.06305534,0.10585047
1271013110,0.04195882,0.023157474
1271013111,0.034529652,0.035277642
1271013112,0.052336063,0.0517542
1271013113,0.049906164,0.04682421
1271014101,0.053616792,0.04965785
1271014102,0.057402126,0.07243453
1271014103,0.045653228,0.08568853
1271014104,0.08171478,0.090944976
1271014105,0.19851999,0.1842615
1271014106,0.1176109,0.10952553
1271014107,0.10565822,0.13847278
1271014108,0.18435113,0.19677156
1271014109,0.1026515,0.13871954
1271014110,0.06462153,0.07417519
1271014111,0.11729019,0.13576505
1271014112,0.17140609,0.2279432
1271014113,0.11294594,0.09386946
1271014114,0.20154393,0.2424262
1271015101,0.12849715,0.12263451
1271015102,0.09751298,0.08722221
1271015103,0.5419838,0.5869909
1271015104,0.3795568,0.3333953
1271015105,0.47317705,0.36199954
1271015106,0.32482293,0.4771674
1271015107,0.46157086,0.5228001
1271015108,0.4678249,0.55401725
1271015109,0.4299236,0.4930146
1271015110,0.44822007,0.5420932
1271015111,0.45907503,0.48626503
1271016101,0.14132665,0.1591928
1271016102,0.12401738,0.1258263
1271016103,0.15604629,0.15818344
1271016104,0.28469494,0.3958836
1271016105,0.098156564,0.14641799
1271016106,0.075885125,0.074401766
1271016107,0.18828686,0.1869183
1271016108,0.23532575,0.35565618
1271016109,0.2544704,0.28429446
1271016110,0.44291633,0.5306395
1271016111,0.27805045,0.3316518
1271016112,0.237979,0.32324234
1271016113,0.43851733,0.47288248
1271017101,0.13044061,0.11749241
1271017102,0.10967388,0.10169774
1271017103,0.08313096,0.08983973
1271017104,0.07788399,0.11653479
1271017105,0.12207855,0.12467534
1271017106,0.16470253,0.18284398
1271017107,0.4283759,0.49307835
1271017108,0.43278635,0.47160313
1271017109,0.50838,0.50004345
1271017110,0.46182337,0.47377807
1281001101,0.17697753,0.17725015
1281001102,0.12089368,0.12036655
1281001103,0.19626994,0.15218009
1281001104,0.24113949,0.22479114
1281002101,0.10114892,0.13876428
1281002102,0.11745068,0.116767354
1281002103,0.10980155,0.15277423
1281002104,0.22292425,0.25482526
1281002105,0.22074795,0.16055815
1281002106,0.2832592,0.2099944
1281002107,0.36858234,0.26579624
1281003101,0.092099294,0.08873197
1281003102,0.13337065,0.09881235
1281003103,0.14113776,0.1675438
1281003104,0.087007836,0.08882511
1281003105,0.07769196,0.097550035
1281003106,0.07078756,0.050146703
1281003107,0.11839481,0.12889835
1281003108,0.2612032,0.24679193
1281003109,0.17587015,0.14661774
1281003110,0.14059266,0.123014145
1281003111,0.06671664,0.05337698
1281003112,0.0639523,0.060390066
1281003113,0.09387024,0.12502356
1281003114,0.084573105,0.109133825
1281003115,0.11537817,0.119834036
1281003116,0.058926336,0.072107345
1281003117,0.061899915,0.06915691
1281003118,0.08003686,0.13226628
1281003119,0.057081327,0.065937415
1281003120,0.053217247,0.024920058
1281003121,0.053514585,0.055972554
1281003122,0.07431424,0.05564442
1281003123,0.04081222,0.061182395
1281003124,0.047392305,0.04201463
1281003125,0.062350277,0.06702542
1281003126,0.24093422,0.08228947
1281004101,0.14666179,0.14068404
1281004102,0.16583495,0.17652662
1281004103,0.24682377,0.20803842
1281004104,0.24031012,0.22034824
1281004105,0.29437017,0.2451225
1281007101,0.074034914,0.04402077
1281007102,0.09025498,0.042543232
1281007103,0.05396379,0.0662354
1281007104,0.15063025,0.16606006
1281007105,0.185013,0.1370951
1281007106,0.11067427,0.10004731
1281008101,0.31061584,0.31017804
1281008102,0.40594122,0.36403525
1281009101,0.07181847,0.123117566
1281009102,0.051335942,0.050227497
1281009103,0.062321756,0.050227497
1281009104,0.07033889,0.052540623
1281009105,0.049170144,0.055323277
1281009106,0.06213172,0.055323277
1281009107,0.07390626,0.0588297
1281009108,0.06408805,0.0538575
1281009109,0.10495987,0.13752978
1281009110,0.08260482,0.09297023
1281009111,0.06416169,0.050227497
1281009112,0.06082971,0.06479631
1281009113,0.065686,0.06863375
1281011101,0.1995979,0.13802472
1281011102,0.206918,0.20206508
1281011103,0.29790398,0.2322994
1281011104,0.21315442,0.176626
1281011105,0.2633936,0.21370748
1281012101,0.24072044,0.20989212
1281012102,0.1914667,0.1862736
1281012103,0.35703057,0.40020466
1281012104,0.2743793,0.17458837
1281012105,0.3603006,0.37753105
1281012106,0.23866566,0.2619593
1281012107,0.17784776,0.16413856
1281012108,0.19418345,0.16014378
1281012109,0.24523513,0.2554823
1281012110,0.39986634,0.41165924
1281012111,0.42826214,0.24570593
1281013101,0.19599009,0.12852162
1281013102,0.24199106,0.21748585
1281013103,0.27065182,0.16226414
1281013104,0.2727177,0.23865144
1281013105,0.15335412,0.12207189
1281013106,0.22095579,0.19399065
1281013107,0.28233302,0.122689076
1281014101,0.07963102,0.030065417
1281014102,0.06001567,0.031391688
1281015101,0.095836215,0.07378537
1281015102,0.069432005,0.057507295
1281015103,0.11733747,0.1476151
1281015104,0.13875355,0.0933481
1281015105,0.12655175,0.10659965
1281015106,0.19379896,0.1163219
1281016101,0.2352421,0.17660081
1281016102,0.24562486,0.24847475
1281016103,0.31194916,0.3259129
1281016104,0.31865868,0.35776156
1281016105,0.23266344,0.17096592
1281016106,0.22157265,0.2163623
1281017101,0.16433689,0.119665295
1281017102,0.10748774,0.14592968
1281017103,0.16833057,0.14748001
1281017104,0.35850874,0.3455951
1281017105,0.5358025,0.54386973
1281017106,0.4982971,0.4738275
1281018101,0.1543185,0.109540276
1281018102,0.14568092,0.15506943
1281018103,0.24665847,0.13210906
1281019101,0.14007716,0.11568914
1281019102,0.25020853,0.17956649
1281019103,0.3999386,0.341181
1281019104,0.24836048,0.2568538
1281019105,0.28168145,0.25779653
1281019106,0.34199426,0.25999555
1281021101,0.07060075,0.053383496
1281021102,0.07439537,0.05676006
1281021103,0.10106266,0.1037172
1281021104,0.07854613,0.05676006
1281021105,0.09919142,0.0775303
1281021106,0.11054804,0.12420262
1281021107,0.102314845,0.11770738
1281021108,0.09373559,0.12104996
1281021109,0.23910755,0.19972548
1281021110,0.19991644,0.17028435
1281021111,0.35219017,0.3512329
1281022101,0.11213264,0.06816832
1281022102,0.09724967,0.07458098
1281022103,0.09521189,0.07601776
1281022104,0.09116563,0.06952735
1281022105,0.10432934,0.087707
1281022106,0.053057387,0.050227497
1281022107,0.08847602,0.073469006
1281022108,0.092173606,0.07893103
1281022109,0.107347764,0.052540623
1281022110,0.13254265,0.12808906
1281022111,0.073516086,0.110821955
1281022112,0.081146665,0.06811309
1281022113,0.10072523,0.11564511
1281022114,0.106388904,0.1277321
1281022115,0.07041036,0.076899715
1281022116,0.077423684,0.054280378
1281022117,0.06734839,0.058157306
1281022118,0.089135155,0.12637915
1281022119,0.14085038,0.1529418
1281022120,0.08012128,0.11779022
1281022121,0.05497124,0.09017305
1281022122,0.069934905,0.07289289
1281022123,0.078097105,0.07338046
1281022124,0.07769196,0.10782813
1281022125,0.16564035,0.10757526
1281022126,0.17709605,0.15107897
1281022127,0.12637277,0.08594432
1281022128,0.1019465,0.089787275
1281022129,0.1345899,0.08537399
1281022130,0.10896908,0.063817225
1281022131,0.13426964,0.109342724
1281022132,0.090091884,0.059113212
1281022133,0.098609,0.07380154
1281022134,0.15299048,0.12966816
1281022135,0.21883376,0.16385642
1281022136,0.284997,0.22958834
1281022137,0.34329972,0.2748901
1281023101,0.21844856,0.122667246
1281023102,0.18627931,0.1365426
1281024101,0.114941165,0.06573124
1281024102,0.08693352,0.081012115
1281025101,0.088149495,0.07621194
1281025102,0.08010065,0.100858636
1281025103,0.024372173,0.030349609
1281025104,0.088866144,0.07767392
1281025105,0.02026541,0.014681898
1281025106,0.05277018,0.07139
1281025107,0.07403051,0.0943588
1281027101,0.12407607,0.11731075
1281027102,0.1156764,0.076802135
1281027103,0.15480067,0.15863557
1281027104,0.1478125,0.13976136
1281027105,0.10404992,0.09144292
1281027106,0.12967326,0.106799
1281027107,0.12779982,0.13894391
1281027108,0.15548864,0.18792105
1281027109,0.060297724,0.062337402
1281027110,0.093226865,0.09031439
1281027111,0.13257211,0.11668798
1281027112,0.13214143,0.10661046
1281027113,0.11829235,0.08396783
1281027114,0.12820461,0.08091148
1281027115,0.1449364,0.17645743
1281027116,0.14707133,0.16556081
1281028101,0.2040617,0.16752075
1281028102,0.24708189,0.13198078
1281029101,0.2329967,0.2185279
1281029102,0.21781664,0.20825872
1281029103,0.4689396,0.37121594
1281029104,0.3655735,0.43355972
1281029105,0.47851235,0.45736942
1281030101,0.13318498,0.12087569
1281030102,0.1526433,0.17816569
1281030103,0.15002872,0.13999875
1281030104,0.22798803,0.23230886
1281030105,0.23971781,0.19202803
1281030106,0.30899614,0.27474713
1281032101,0.0962331,0.075358965
1281032102,0.14138536,0.09533397
1281032103,0.1108617,0.10920947
1281032104,0.073189974,0.05982247
1281032105,0.054577254,0.050227497
1281032106,0.0787476,0.06567614
1281032107,0.09320581,0.073115215
1281032108,0.10751216,0.10796625
1281032109,0.13914779,0.12944005
1281032110,0.12505001,0.1441306
1281032111,0.09726778,0.11715703
1281032112,0.15138835,0.13062389
1281032113,0.121628046,0.11096471
1281032114,0.13118052,0.15629086
1281032115,0.09147084,0.10946103
1281032116,0.07592449,0.064185716
1281032117,0.07279568,0.09382972
1281032118,0.089886695,0.1096702
1281032119,0.097676694,0.094602674
1281032120,0.07871214,0.08443042
1281032121,0.09249201,0.10278038
1281032122,0.12157122,0.16990277
1281032123,0.0881563,0.08651749
1281032124,0.05410702,0.04953854
1281032125,0.044040434,0.046824068
1281032126,0.089920565,0.046476144
1281032127,0.054339897,0.038838502
1281032128,0.06477322,0.072114
1281032129,0.044962984,0.057166237
1281032130,0.11232735,0.097595684
1281032131,0.09645203,0.054028187
1281032132,0.10989803,0.08066026
1281032133,0.11789788,0.0053653736
1281032134,0.07585731,0.03369275
1281032135,0.099426985,0.05602533
1281032136,0.11049783,0.10105568
1281032137,0.13758911,0.16335793
1281033101,0.09944348,0.089329325
1281033102,0.0825675,0.057284
1281033103,0.15986961,0.15552995
1281033104,0.11610286,0.1340609
1281033105,0.16314611,0.1788162
1281033106,0.13311018,0.08755227
1281033107,0.13749766,0.08274173
1281033108,0.11822999,0.0799362
1281033109,0.18672706,0.17952166
1281033110,0.14548747,0.10779409
1281034101,0.3701679,0.23302087
1281034102,0.48408532,0.36020586
1281035101,0.11483232,0.105540946
1281035102,0.14675772,0.1505633
1281035103,0.097613394,0.11959136
1281035104,0.12396048,0.07781992
1281035105,0.17168921,0.11928574
1281035106,0.25589386,0.21222721
1281035107,0.23826814,0.17221889
1281035108,0.31828234,0.26432508
1281037101,0.08820264,0.0957948
1281037102,0.101866364,0.13538477
1281037103,0.16568351,0.1289796
1281037104,0.189396,0.12133031
1281037105,0.16583279,0.12035399
1281037106,0.2816947,0.24602796
1281037107,0.3419288,0.17508617
1281037108,0.18905485,0.10374448
1281038101,0.0433683,0.032717552
1281038102,0.058728028,0.061547793
1281038103,0.059567172,0.05166428
1281038104,0.06388307,0.059474535
1281038105,0.089051135,0.107897446
1281038106,0.082835056,0.0538575
1281038107,0.06685609,0.047802
1281038108,0.08727974,0.05676006
1281038109,0.07792507,0.06008202
1281038110,0.05165957,0.038404666
1281038111,0.10486623,0.07094
1281038112,0.05632862,0.055323277
1281038113,0.057449147,0.0538575
1281038114,0.05980153,0.060390066
1281038115,0.053735342,0.050227497
1281038116,0.089329705,0.07498403
1281039101,0.13876976,0.13856411
1281039102,0.20947342,0.19605282
1281039103,0.19360976,0.2137223
1281039104,0.55478567,0.5676299
1281039105,0.6820348,0.70295024
1281040101,0.16539982,0.14472027
1281040102,0.118065454,0.12148814
1281040103,0.08328098,0.07310283
1281040104,0.13320972,0.11405238
1281040105,0.12415365,0.09969792
1281040106,0.12158153,0.12323128
1281040107,0.104884416,0.08986676
1281040108,0.09619802,0.08671176
1281040109,0.094620794,0.054505758
1281040110,0.1499165,0.14098822
1281040111,0.18199357,0.11159216
1281041101,0.068371266,0.054189034
1281041102,0.06772886,0.0655127
1281041103,0.06628247,0.05055903
1281041104,0.060196873,0.05055903
1281041105,0.08401459,0.09664257
1281041106,0.06779399,0.048870202
1281041107,0.07769196,0.061571263
1281041108,0.13229875,0.19291638
1281041109,0.06823458,0.08173788
1281041110,0.08450781,0.12100081
1281041111,0.09988576,0.117349
1281041112,0.06982143,0.12417498
1281041113,0.08941178,0.051074628
1281041114,0.061898604,0.039845128
1281041115,0.074343555,0.091661476
1281041116,0.24739198,0.22492921
1281041117,0.1854638,0.13575679
1281042101,0.25030592,0.24869901
1281042102,0.27731812,0.30106452
1281043101,0.09945199,0.10518297
1281043102,0.12698738,0.13398731
1281043103,0.10445259,0.12576178
1281043104,0.13431938,0.14674829
1281043105,0.32102007,0.23722528
1281043106,0.2712447,0.20935953
1281043107,0.15165444,0.13490285
1291001101,0.16662878,0.15887752
1291001102,0.14202449,0.18644868
1291001103,0.19365081,0.17922471
1291001104,0.1657081,0.17738876
1291001105,0.186671,0.16461587
1291001106,0.21759066,0.21326236
1291002101,0.121335626,0.06611449
1291002102,0.106326416,0.06310454
1291002103,0.10553024,0.0806244
1291002104,0.1191126,0.116325624
1291002105,0.14943725,0.149015
1291002106,0.22190422,0.2410716
1291002107,0.13757893,0.12320428
1291002108,0.09470488,0.06663996
1291003101,0.32648253,0.32962167
1291003102,0.22324462,0.26066118
1291003103,0.31989104,0.3485113
1291004101,0.2792481,0.31456113
1291004102,0.25429487,0.2798213
1291004103,0.32045126,0.3421206
1291004104,0.50056493,0.46254712
1291004105,0.48524392,0.49099675
1291004106,0.49359196,0.50093275
1291005101,0.071914464,0.05876514
1291005102,0.07521273,0.06663996
1291005103,0.05753218,0.098190196
1291005104,0.1288368,0.11125256
1291005105,0.089291655,0.051151827
1291005106,0.059473637,0.09525994
1291005107,0.25324968,0.22702128
1291005108,0.088036746,0.121551424
1291005109,0.16129982,0.15671697
1291005110,0.24419138,0.22396259
1291005111,0.19434376,0.1865525
1291006101,0.15885226,0.11113354
1291006102,0.19160351,0.18433666
1291006103,0.1867582,0.18372485
1291006104,0.14965764,0.14345111
1291006105,0.092446715,0.10043709
1291006106,0.10916821,0.10921985
1291006107,0.124819055,0.101777054
1291006108,0.19255188,0.14407708
1291006109,0.18402538,0.17982186
1291006110,0.29423872,0.27920046
1291006111,0.29211572,0.39013082
1291007101,0.2681876,0.2675739
1291007102,0.3017356,0.28610066
1291007103,0.38693553,0.3242854
1291007104,0.28735188,0.31141803
1291007105,0.28697136,0.29824686
1291007106,0.4459004,0.5278292
1291008101,0.25096,0.30311245
1291008102,0.22383618,0.17850454
1291008103,0.25648108,0.23711905
1291008104,0.2751674,0.24123067
1291008105,0.34413198,0.31296986
1291008106,0.49982262,0.41261697
1291008107,0.50763756,0.50988376
1291009101,0.15225911,0.19215688
1291009102,0.19452325,0.19387692
1291009103,0.21420787,0.22516102
1291009104,0.2631091,0.32470766
1291010101,0.15541953,0.16179216
1291010102,0.15347755,0.1257397
1291010103,0.10795956,0.081041716
1291010104,0.13379088,0.12553029
1291010105,0.20923802,0.18954703
1291010106,0.1458167,0.19112557
1291010107,0.096703984,0.10273405
1291010108,0.13261029,0.10681661
1291010109,0.21646298,0.21803357
1291010110,0.3352211,0.2732009
1291010111,0.2232705,0.26404387
1291010112,0.26038736,0.27284247
1291010113,0.28748673,0.30935064
1291011101,0.28997812,0.24843
1291011102,0.24339949,0.18366647
1291011103,0.26401776,0.30490798
1291011104,0.256665,0.3214327
1291012101,0.39417005,0.3747903
1291012102,0.3560028,0.35815576
1291012103,0.38923833,0.34971488
1291012104,0.3839245,0.3379284
1291012105,0.28484908,0.33457354
1291013101,0.34722778,0.33851343
1291013102,0.18786635,0.15906164
1291013103,0.19671844,0.21067132
1291013104,0.19740239,0.19277403
1291013105,0.10007064,0.112841
1291013106,0.18916875,0.20634028
1291013107,0.20918655,0.20956327
1291013108,0.21722315,0.22707987
1291013109,0.372148,0.28971258
1291013110,0.44507667,0.4208355
1291013111,0.509031,0.41293323
1291013112,0.53705853,0.4466234
1291014101,0.2253379,0.1940736
1291014102,0.17356597,0.20319234
1291014103,0.37264103,0.33272114
1291014104,0.33786187,0.30738857
1291014105,0.25979114,0.2868888
1291015101,0.12397917,0.12522975
1291015102,0.18329956,0.21598779
1291015103,0.26316622,0.31240603
1291015104,0.21931016,0.28346303
1291015105,0.16726288,0.18778579
1291015106,0.17009464,0.16588737
1291015107,0.18018308,0.19016369
1291015108,0.22443736,0.22396259
1291015109,0.24116628,0.29950383
1291016101,0.2528453,0.24766773
1291016102,0.2613966,0.27671894
1291016103,0.26234365,0.2976953
1291016104,0.24295874,0.2596347
1291016105,0.27248394,0.25684714
1291017101,0.30369198,0.25370458
1291017102,0.2991,0.27938777
1291017103,0.2712654,0.29187715
1291017104,0.2778758,0.25388193
1291017105,0.2957933,0.3106214
1291017106,0.28524274,0.25710803
1291018101,0.22066207,0.24634771
1291018102,0.20835675,0.20757689
1291018103,0.29512274,0.27193093
1291018104,0.18870787,0.20226698
1291018105,0.24799377,0.22930962
1291018106,0.2523244,0.25363427
1291018107,0.2023705,0.18038629
1291018108,0.27733192,0.23647092
1291018109,0.2930201,0.28494132
1291018110,0.38981524,0.33456123
1291019101,0.17739144,0.21198188
1291019102,0.26414236,0.26692548
1291019103,0.20503399,0.23360115
1291019104,0.24728855,0.25083622
1291019105,0.26988134,0.28417355
1291019106,0.26870078,0.23634686
1291019107,0.12842189,0.13421856
1291019108,0.14121556,0.15234819
1291020101,0.20049241,0.1917186
1291020102,0.21626766,0.20550711
1291020103,0.23913112,0.20354387
1291020104,0.244296,0.24825606
1291021101,0.18969014,0.15167677
1291021102,0.24360123,0.22444649
1291021103,0.14621684,0.12674215
1291021104,0.14924367,0.1988216
1291021105,0.20591351,0.17431542
1291021106,0.1898131,0.16694011
1291021107,0.21063797,0.14557907
1291021108,0.25257713,0.17782342
1291021109,0.20787631,0.24084565
1291022101,0.22760426,0.223974
1291022102,0.24727969,0.27640447
1291022103,0.25706124,0.24320303
1291022104,0.2616002,0.15379776
1291023101,0.32442567,0.35126856
1291023102,0.2903511,0.32064363
1291023103,0.29228303,0.25589323
1291023104,0.2704419,0.26057822
1291023105,0.23151502,0.22699413
1291023106,0.3266001,0.31443384
1291023107,0.2575672,0.28608915
1291023108,0.26168132,0.30841973
1291023109,0.30780157,0.31097797
1291024101,0.13035195,0.12268273
1291024102,0.0957982,0.05866898
1291024103,0.117395505,0.07005035
1291024104,0.17992869,0.14993398
1291024105,0.2711533,0.30012992
1291024106,0.14234231,0.112423964
1291024107,0.18591048,0.20807284
1291024108,0.2872343,0.35975787
1291024109,0.31501207,0.31064707
1291024110,0.06940488,0.048870202
1291025101,0.21790762,0.24709211
1291025102,0.31038553,0.2799827
1291025103,0.21497701,0.24873073
1291025104,0.21940261,0.25160778
1291025105,0.18584242,0.12493759
1291025106,0.1939914,0.2199943
1291025107,0.24227035,0.2564435
1291025108,0.24365012,0.27280405
1291025109,0.25489295,0.25768128
1291025110,0.27550086,0.24818374
1291025111,0.25489295,0.24753137
1291025112,0.20537591,0.19727963
1291025113,0.54141474,0.64722234
1291025114,0.54733235,0.6066984
1291026101,0.16173209,0.14599395
1291026102,0.10447434,0.10605231
1291026103,0.2827795,0.27266753
1291026104,0.28536952,0.23637316
1291026105,0.26495788,0.24912176
1291026106,0.11959897,0.10914939
1291026107,0.11298871,0.15882581
1291027101,0.286848,0.21632826
1291027102,0.2047788,0.22587621
1291027103,0.21926895,0.1794064
1291027104,0.26157907,0.15147604
1291027105,0.24593945,0.21226269
1291028101,0.26633433,0.28053144
1291028102,0.31977776,0.27150425
1291028103,0.25300482,0.23130943
1291028104,0.2639815,0.25509307
1291028105,0.23321459,0.24947625
1291028106,0.23669831,0.30802977
1291028107,0.1549646,0.15100682
1291028108,0.37630105,0.34164307
1291029101,0.16186391,0.14644378
1291029102,0.19222485,0.17538306
1291029103,0.19941156,0.2105479
1291029104,0.23322862,0.19398722
1291029105,0.22623342,0.18020056
1291029106,0.17804408,0.19630162
1291030101,0.2990029,0.31473258
1291030102,0.39559662,0.34629476
1291030103,0.37756366,0.3779337
1291030104,0.48072627,0.5550962
1291030105,0.30927607,0.37240335
1291031101,0.13637085,0.112094425
1291031102,0.23194224,0.19255699
1291031103,0.09248136,0.09939573
1291031104,0.060689174,0.10174395
1291031105,0.08306998,0.099103205
1291031106,0.15091752,0.12857248
1291031107,0.107990086,0.13398266
1291031108,0.18860039,0.16751689
1291031109,0.19091173,0.1809192
1291032101,0.23319907,0.29950383
1291032102,0.25025937,0.30541646
1291032103,0.23588191,0.24790102
1291032104,0.23265351,0.24471836
1291032105,0.23452362,0.24386647
1291032106,0.2124444,0.1983699
1291033101,0.083664015,0.046622127
1291033102,0.08210996,0.06871322
1291033103,0.08688966,0.060390066
1291033104,0.075931,0.04795467
1291033105,0.06204352,0.049249377
1291033106,0.0983615,0.06894757
1291033107,0.11086509,0.07577724
1291033108,0.08008748,0.05895328
1291033109,0.14731598,0.13418828
1291033110,0.17223376,0.21948688
1291033111,0.044895828,0.045240197
1291033112,0.036496658,0.057700105
1291033113,0.094807945,0.10140465
1291034101,0.16647646,0.19304004
1291034102,0.21851158,0.25778824
1291034103,0.19773701,0.18757674
1291034104,0.20941366,0.23344548
1291034105,0.31439084,0.32914966
1291034106,0.39116916,0.38511997
1291034107,0.2807106,0.25956234
1291034108,0.35259366,0.36947915
1291034109,0.2931493,0.3761961
1291034110,0.46422172,0.41236413
1291035101,0.23084588,0.26297918
1291035102,0.23755467,0.23321213
1291035103,0.24230471,0.24191126
1291035104,0.2533196,0.2635623
1291036101,0.121831425,0.11757066
1291036102,0.108713076,0.07334461
1291036103,0.09110185,0.071625985
1291036104,0.11002317,0.07306276
1291036105,0.115632825,0.06693572
1291036106,0.13690375,0.111976065
1291036107,0.12759122,0.149015
1291036108,0.1250062,0.1542544
1291036109,0.0893263,0.06640056
1291036110,0.09242465,0.06392548
1291037101,0.4491261,0.42051646
1291037102,0.42908442,0.37739256
1291037103,0.40588784,0.37386662
1291037104,0.44225255,0.42940924
1291038101,0.23133129,0.21803357
1291038102,0.19630241,0.18889616
1291038103,0.15809433,0.15072504
1291038104,0.060543872,0.07950977
1291038105,0.062276766,0.07111479
1291038106,0.1851702,0.18269815
1291039101,0.1598476,0.12527823
1291039102,0.18521652,0.19548157
1291039103,0.19368365,0.19867626
1291039104,0.22051604,0.1948329
1291039105,0.20483102,0.17431809
1291039106,0.25339934,0.26092792
1291039107,0.19128612,0.18005969
1291040101,0.26252884,0.21938781
1291040102,0.26744616,0.19999492
1291040103,0.26767552,0.23672137
1291040104,0.26482284,0.23855364
1291040105,0.2288314,0.21803357
1291041101,0.096654594,0.056076042
1291041102,0.19090861,0.17671664
1291041103,0.23644437,0.26552314
1291041104,0.22486314,0.2456482
1291041105,0.12490919,0.1284437
1291041106,0.19229326,0.17816849
1291041107,0.17305425,0.17401724
1291041108,0.23003908,0.2249537
1291041109,0.3185625,0.25967428
1291041110,0.38032177,0.39125115
1291042101,0.15322214,0.1599458
1291042102,0.19249776,0.18834086
1291042103,0.15997377,0.14957003
1291042104,0.18171245,0.17379859
1291042105,0.15990812,0.1490004
1291042106,0.11889712,0.10228386
1291042107,0.122065045,0.081813626
1291043101,0.20745215,0.21803357
1291043102,0.22924773,0.19549689
1291043103,0.09248136,0.08338093
1291043104,0.05792096,0.06462171
1291043105,0.19810668,0.14824568
1291043106,0.12587735,0.14474826
1291043107,0.09026513,0.083040304
1291043108,0.068755105,0.05803585
1291043109,0.0816668,0.10800242
1291043110,0.088248566,0.05572825
1291043111,0.044962984,0.06861316
1291043112,0.09665369,0.13150965
1291044101,0.20381261,0.2330117
1291044102,0.17607877,0.20470485
1291044103,0.13298446,0.17014411
1291044104,0.1406264,0.115504704
1291044105,0.14007053,0.123354144
1291044106,0.16883895,0.14957003
1291044107,0.19678293,0.22715174
1291044108,0.18535206,0.14865258
1291044109,0.17421299,0.1599458
1291044110,0.27062142,0.23538867
1291044111,0.1593984,0.15956432
1291044112,0.22842899,0.27385807
1291045101,0.25898457,0.26152536
1291045102,0.20291445,0.21010958
1291045103,0.23222719,0.21890794
1291045104,0.24562095,0.28370124
1291046101,0.45434526,0.4514121
1291046102,0.37511337,0.41720068
1291047101,0.26396066,0.29095438
1291047102,0.2527024,0.25153893
1291047103,0.2786355,0.2633206
1291048101,0.21049121,0.20200916
1291048102,0.21429327,0.2146912
1291048103,0.2701736,0.24784969
1291048104,0.2413154,0.19073308
1291048105,0.2822682,0.27175587
1291048106,0.38118353,0.37309614
1291048107,0.23445661,0.24319245
1291049101,0.16011111,0.14606956
1291049102,0.18805338,0.18864945
1291049103,0.1725926,0.2105479
1291049104,0.18559082,0.22696948
1291050101,0.23271568,0.2601294
1291050102,0.26431346,0.29950383
1291050103,0.2779501,0.2606194
1291050104,0.30028224,0.30841973
1291050105,0.2773878,0.28139898
1291051101,0.16185813,0.16261142
1291051102,0.19291915,0.2105479
1291052101,0.31135085,0.2786702
1291052102,0.35220024,0.26039904
1291052103,0.36185887,0.3395467
1291053101,0.2281773,0.20946883
1291053102,0.23698334,0.25277525
1291053103,0.18591009,0.21292406
1291053104,0.24263756,0.22487798
1291054101,0.18515328,0.2105479
1291054102,0.19732612,0.2105479
1291054103,0.24874958,0.25679928
1291054104,0.21613334,0.18572673
1291056101,0.20051588,0.2105479
1291056102,0.24655266,0.29001087
1291056103,0.2347571,0.2533758
1291056104,0.25790137,0.2658978
1291057101,0.29465967,0.27863604
1291057102,0.23580846,0.25070372
1291057103,0.24969481,0.24053726
1291057104,0.3073027,0.28618023
1291057105,0.3660207,0.3379355
1291058101,0.21670255,0.24716073
1291058102,0.2727093,0.2790883
1291058103,0.263664,0.27867168
1291058104,0.23249704,0.22082706
1291059101,0.28823975,0.28307706
1291059102,0.271303,0.23519252
1291059103,0.27526122,0.28432727
1291059104,0.3635277,0.32104507
1291060101,0.29813302,0.28346303
1291060102,0.25056204,0.23343545
1291060103,0.2649467,0.24625097
1291060104,0.22095138,0.24955747
1301001101,0.21171819,0.19705722
1301001102,0.25808376,0.22874783
1301001103,0.67140967,0.6702362
1301001104,0.55547273,0.6240822
1301002101,0.30479515,0.3283313
1301002102,0.42552266,0.4376272
1301003101,0.13664415,0.16288352
1301003102,0.15940201,0.13702804
1301003103,0.17265713,0.16674092
1301003104,0.16075534,0.14930058
1301003105,0.07250897,0.081152655
1301003106,0.07313867,0.111191705
1301003107,0.09663715,0.07873224
1301003108,0.12145875,0.096426986
1301003109,0.12049379,0.14694218
1301003110,0.16258807,0.20660555
1301003111,0.12003344,0.15192913
1301003112,0.22231258,0.2471744
1301003113,0.27213797,0.39907816
1301003114,0.46704873,0.5017286
1301003115,0.33013186,0.389887
1301004101,0.12897907,0.121287376
1301004102,0.29999974,0.3277244
1301004103,0.44989336,0.39572242
1301004104,0.26119882,0.23056185
1301004105,0.20124677,0.18214566
1301004106,0.22104721,0.22805217
1301004107,0.1917578,0.2291835
1301004108,0.19307755,0.18585432
1301004109,0.20399052,0.20714916
1301004110,0.15955198,0.20520845
1301005101,0.15166701,0.12315689
1301005102,0.24478781,0.20902269
1301005103,0.25855222,0.21057889
1301006101,0.26669168,0.2800387
1301006102,0.2751352,0.2393927
1301006103,0.37707812,0.41622463
1301006104,0.26584348,0.2852485
1301006105,0.5324803,0.55210215
1301006106,0.26016977,0.29078984
1301006107,0.3508767,0.48440185
1301006108,0.46192244,0.4140078
1301007101,0.1911504,0.18313985
1301007102,0.2622511,0.24476743
1301007103,0.45683667,0.40374157
1301008101,0.38309747,0.39026615
1301008102,0.59754014,0.56281227
1301008103,0.61038196,0.6178699
1301009101,0.16584852,0.18487923
1301009102,0.25622776,0.25293136
1301009103,0.3343503,0.36597052
1301009104,0.35382545,0.363253
1301009105,0.32811755,0.30975997
1301009106,0.27127492,0.26826397
1301009107,0.2818199,0.28616422
1301009108,0.42855135,0.42328185
1301010101,0.18245408,0.17981854
1301010102,0.22126855,0.28131378
1301010103,0.19265975,0.22100635
1301010104,0.2887375,0.31105298
1301010105,0.64532477,0.59772724
1301010106,0.5026959,0.5180907
1301010107,0.59244317,0.5819724
1301010108,0.6698956,0.7471125
1301010109,0.49768278,0.5219343
1301010110,0.6937893,0.64386666
1301010111,0.6199834,0.58344537
1301010112,0.64194006,0.58890957
1301011101,0.08145195,0.034949314
1301011102,0.10660125,0.06512784
1301011103,0.08567195,0.045677606
1301011104,0.21144995,0.18619007
1301011105,0.0932029,0.10639334
1301011106,0.20118369,0.16474606
1301011107,0.16765139,0.12098515
1301011108,0.35073027,0.30309334
1301011109,0.22945142,0.19748019
1301011110,0.09989308,0.105190344
1301012101,0.2511703,0.2771244
1301012102,0.41657284,0.38706735
1301012103,0.3683281,0.28712344
1301012104,0.41490838,0.35512674
1301013101,0.0823503,0.05150355
1301013102,0.09968643,0.06232531
1301013103,0.14475253,0.0697685
1301013104,0.09180827,0.112348385
1301013105,0.07740376,0.052066617
1301013106,0.19410616,0.19504783
1301013107,0.2673235,0.17354083
1301014101,0.1812522,0.18170534
1301014102,0.20139416,0.22052558
1301014103,0.21727411,0.21494573
1301014104,0.2676547,0.2575756
1301014105,0.27372944,0.24597949
1301014106,0.18489674,0.18171066
1301014107,0.10466619,0.13179247
1301014108,0.12090135,0.15211521
1301014109,0.17448953,0.21294874
1301014110,0.29375672,0.30509922
1301014111,0.13324477,0.1328633
1301015101,0.16057803,0.18197654
1301015102,0.20517622,0.18091588
1301015103,0.11747938,0.11139668
1301015104,0.210654,0.20721893
1301015105,0.2677628,0.2583964
1301015106,0.21238483,0.18693115
1301015107,0.49590105,0.56331384
1301015108,0.34554917,0.27399534
1301016101,0.07170501,0.07514901
1301016102,0.06591706,0.04509089
1301016103,0.101832114,0.090748645
1301016104,0.13274597,0.13398731
1301016105,0.08020421,0.1037671
1301016106,0.12963407,0.110657156
1301016107,0.07670486,0.12965764
1301017101,0.27447894,0.24539831
1301017102,0.20736864,0.20871115
1301017103,0.12043914,0.09798697
1301017104,0.21057272,0.20215024
1301019101,0.6282025,0.56983256
1301019102,0.5261359,0.6586382
1301019103,0.6982224,0.6474434
1301020101,0.60944873,0.6881429
1301020102,0.7404315,0.76667225
1301020103,0.83571774,0.8313011
1301021101,0.25132817,0.26841414
1301021102,0.43920708,0.4351253
1301021103,0.16333723,0.18223982
1301021104,0.1562325,0.1855304
1301021105,0.09761072,0.09429263
1301021106,0.18583201,0.17816569
1301021107,0.13683039,0.12502356
1301021108,0.28484628,0.23403986
1301021109,0.50892407,0.4554515
1301022101,0.332059,0.3363061
1301022102,0.297028,0.2935748
1301022103,0.31015936,0.30520517
1301022104,0.28772786,0.2776921
1301022105,0.27860403,0.33685702
1301022106,0.7592675,0.6650058
1301022107,0.45624217,0.38969007
1301022108,0.44183597,0.4311869
1301022109,0.5182301,0.5457158
1301022110,0.601943,0.5861332
1301023101,0.3047931,0.28078455
1301023102,0.47213358,0.38969854
1301023103,0.52823114,0.4996651
1301023104,0.6203103,0.56926143
1301023105,0.63381296,0.65947574
1301023106,0.4405236,0.4556728
1301023107,0.44727919,0.4586664
1301023108,0.5110274,0.46247748
1301023109,0.54884374,0.62308556
1301023110,0.47487348,0.4674475
1301023111,0.4276952,0.3933705
1301024101,0.29384533,0.33696046
1301024102,0.2115116,0.25531122
1301024103,0.39624363,0.35816076
1301024104,0.32254332,0.41664615
1301024105,0.45631948,0.45548588
1301024106,0.45242864,0.47795993
1301025101,0.30045736,0.33137375
1301025102,0.3419317,0.33852276
1301025103,0.48088384,0.5535613
1301025104,0.56232405,0.61669093
1301026101,0.09655537,0.06512784
1301026102,0.10943209,0.08680657
1301026103,0.09433948,0.10568444
1301026104,0.060689174,0.08898279
1301026105,0.074217685,0.057694368
1301026106,0.05759999,0.05490731
1301026107,0.099140584,0.121398486
1301026108,0.24730934,0.29679522
1301027101,0.35376704,0.37210926
1301027102,0.5495261,0.6310039
1301027103,0.697789,0.76081043
1301027104,0.65890753,0.6912078
1301027105,0.66788,0.72117394
1301028101,0.046948496,0.053383496
1301028102,0.07313867,0.083400786
1301028103,0.073443785,0.121312134
1301028104,0.05817527,0.032621507
1301028105,0.088099904,0.07842606
1301028106,0.059272226,0.059700526
1301028107,0.06970766,0.054563925
1301028108,0.06167162,0.04736936
1301028109,0.049170144,0.046228062
1301028110,0.046106584,0.04956377
1301028111,0.105553955,0.11434352
1301028112,0.07905774,0.088020965
1301028113,0.062644996,0.05307208
1301028114,0.110338576,0.093985654
1301028115,0.069432005,0.06724668
1301028116,0.063954785,0.045838125
1301028117,0.044530388,0.047433417
1301029101,0.5576561,0.67283344
1301029102,0.6982472,0.68949836
1301029103,0.7094667,0.77405506
1301029104,0.8076394,0.77375025
1301029105,0.7878883,0.75480795
1301029106,0.7122284,0.6781844
1301029107,0.6958533,0.68288
1301030101,0.21176705,0.22083402
1301030102,0.11953218,0.10855613
1301030103,0.15284798,0.10705964
1301030104,0.16524749,0.18020181
1301030105,0.10425346,0.064512
1301030106,0.14173675,0.10606426
1301030107,0.1865135,0.23301388
1301030108,0.3621547,0.4192334
1301031101,0.25067586,0.29027677
1301031102,0.42297882,0.3678283
1301031103,0.29876137,0.27435362
1301031104,0.27880207,0.29823053
1301031105,0.43189898,0.31652185
1301031106,0.3587046,0.25997972
1301031107,0.4126142,0.47508338
1301032101,0.12539771,0.10120165
1301032102,0.15496822,0.17137107
1301032103,0.24029376,0.17968735
1301032104,0.14908913,0.12637642
1301032105,0.26642662,0.19145173
1301032106,0.24511692,0.23195358
1301032107,0.5144641,0.5195682
1301032108,0.53338915,0.46722332
1301032109,0.3969626,0.4652369
1301033101,0.16074002,0.19437627
1301033102,0.17061923,0.14436726
1301033103,0.36865577,0.36140734
1301033104,0.5163304,0.55793434
1301033105,0.37837484,0.33408844
1301033106,0.5262092,0.49322814
1301033107,0.37585428,0.33348742
1301033108,0.41681397,0.350889
1301034101,0.16503666,0.15928821
1301034102,0.2116212,0.20613286
1301034103,0.1761771,0.18880013
1301034104,0.089842826,0.060976587
1301034105,0.10455148,0.059700526
1301034106,0.1576433,0.17232017
1301035101,0.27663338,0.28387398
1301035102,0.33254355,0.3198034
1301035103,0.4914763,0.47416338
1301035104,0.53919077,0.49277303
1301036101,0.2914546,0.27720967
1301036102,0.210855,0.29085416
1301036103,0.20189103,0.19131745
1301036104,0.18081497,0.17967516
1301036105,0.42439768,0.46161386
1301037101,0.42974746,0.4960208
1301037102,0.5788803,0.6203111
1301037103,0.5615519,0.5700848
1301037104,0.48715356,0.54036915
1301038101,0.07430793,0.07148773
1301038102,0.10071639,0.06693195
1301038103,0.08128072,0.044029195
1301038104,0.11154271,0.086281106
1301038105,0.0860864,0.07832198
1301038106,0.1208735,0.068278804
1301038107,0.105087385,0.061166298
1301038108,0.08160075,0.072285816
1301038109,0.261308,0.29091102
1301038110,0.119963676,0.16037777
1301038111,0.14768088,0.14622454
1301038112,0.19748868,0.1994446
1301039101,0.06381323,0.032921243
1301039102,0.066354185,0.060978156
1301039103,0.09107517,0.121312134
1301039104,0.11759681,0.16335227
1301039105,0.07871815,0.12916711
1301039106,0.113705374,0.1116891
1301039107,0.07367064,0.07873224
1301039108,0.069663025,0.10172932
1301039109,0.121763684,0.13214216
1301039110,0.09591584,0.13396329
1301039111,0.08737435,0.06623309
1301039112,0.12766843,0.110713504
1301039113,0.08211926,0.08826322
1301039114,0.06819294,0.06648938
1301039115,0.03428457,0.04175728
1301039116,0.06611112,0.1037993
1301039117,0.036395952,0.067820534
1301039118,0.20337333,0.2238164
1301039119,0.15821669,0.20214632
1301039120,0.06432997,0.05869931
1301039121,0.08673121,0.07805852
1301040101,0.12631653,0.121799394
1301040102,0.08017833,0.060390066
1301040103,0.10495987,0.13086465
1301040104,0.09682877,0.076234914
1301040105,0.10674368,0.0988741
1301040106,0.09279138,0.12847756
1301040107,0.045444157,0.038404666
1301040108,0.059427917,0.058847878
1301040109,0.29936007,0.32566556
1301040110,0.4156349,0.3461008
1301040111,0.12961058,0.1096496
1301042101,0.21368025,0.2436371
1301042102,0.4350779,0.43266162
1301042103,0.6283845,0.63670146
1301043101,0.27861437,0.34389004
1301043102,0.26777357,0.3084366
1301043103,0.3262932,0.37559697
1301043104,0.5198032,0.5043441
1301043105,0.48843652,0.4754619
1301043106,0.53081715,0.51382643
1301043107,0.52040964,0.6344399
1301044101,0.32437214,0.3151692
1301044102,0.13218687,0.16935945
1301044103,0.14891991,0.10264042
1301044104,0.07998773,0.13114847
1301044105,0.049170144,0.05472659
1301044106,0.11899636,0.13135833
1301044107,0.15409851,0.12496435
1301044108,0.10774974,0.09115211
1301044109,0.11564461,0.13428794
1301044110,0.060574677,0.055323277
1301044111,0.11850081,0.08949505
1301044112,0.12905972,0.15067148
1301044113,0.07898664,0.059474535
1301044114,0.074100405,0.053667862
1301044115,0.07606433,0.076624714
1301044116,0.09665379,0.13068873
1301044117,0.081544355,0.09095594
1301044118,0.27823037,0.30677453
1301044119,0.24166243,0.22175485
1301044120,0.19188766,0.19624662
1301044121,0.078564554,0.06609318
1301044122,0.14983168,0.18074447
1301045101,0.09534412,0.07285243
1301045102,0.07554943,0.09058964
1301045103,0.128317,0.1338097
1301045104,0.10013847,0.16348891
1301045105,0.117605984,0.11749241
1301045106,0.17335306,0.20925081
1301045107,0.20534201,0.19088969
1301045108,0.25702423,0.20601158
1301045109,0.20771763,0.2071708
1301045110,0.32542965,0.384827
1301046101,0.2627193,0.30066037
1301046102,0.4887708,0.62413585
1301046103,0.36680374,0.4559925
1301046104,0.37242353,0.4405878
1301046105,0.5911389,0.67850083
1301046106,0.5036634,0.48214972
1301046107,0.30940497,0.3786429
1301046108,0.41357625,0.47212416
1301047101,0.15526949,0.1759023
1301047102,0.16093387,0.11258969
1301047103,0.27741447,0.2511189
1301047104,0.26350397,0.33144218
1301047105,0.45227575,0.41172272
1301047106,0.7902325,0.7471544
1301047107,0.77716804,0.6614802
1301047108,0.663985,0.6819642
1301047109,0.80590546,0.8369764
1301047110,0.5006959,0.48463812
1301047111,0.39757738,0.47953504
1301047112,0.7500897,0.5320046
1301048101,0.1254188,0.19013728
1301048102,0.089166075,0.13482688
1301048103,0.21869151,0.18839665
1301048104,0.20624757,0.22909567
1301048105,0.222863,0.25572488
1301048106,0.0936333,0.1322126
1301048107,0.078624144,0.13350916
1301048108,0.12565747,0.15531105
1301048109,0.151289,0.18657154
1301048110,0.11428259,0.13371257
1301048111,0.047324732,0.0954732
1301048112,0.1271862,0.07700308
1301049101,0.08717281,0.1241631
1301049102,0.16665892,0.1834756
1301049103,0.22367951,0.1548076
1301049104,0.18881856,0.21973534
1301049105,0.2605877,0.23519616
1301049106,0.3307474,0.25542364
1301049107,0.17616521,0.18334872
1301049108,0.20705332,0.17050877
1301049109,0.23270778,0.17788878
1301049110,0.31630805,0.28854012
1301049111,0.14954536,0.135728
1301050101,0.33187667,0.3794889
1301050102,0.41740635,0.41734928
1301050103,0.46370533,0.4666027
1301050104,0.53906554,0.46568963
1301051101,0.39268154,0.470652
1301051102,0.3194647,0.30675158
1301051103,0.26596987,0.26176623
1301051104,0.38293293,0.36896077
1301051105,0.543308,0.59578604
1301051106,0.56716365,0.54604757
1301051107,0.583765,0.49702752
1301051108,0.58700824,0.66363835
1301052101,0.403326,0.31980082
1301052102,0.29526415,0.33876657
1301052103,0.29257765,0.2857055
1301052104,0.23642372,0.23180129
1301052105,0.19708247,0.23180129
1301052106,0.30777842,0.4039346
1301052107,0.29683325,0.22560295
1301053101,0.11595078,0.09922993
1301053102,0.16270293,0.15044467
1301053103,0.17541254,0.15859298
1301053104,0.14497672,0.15202923
1301053105,0.24737981,0.20974937
1301053106,0.22040784,0.24364774
1301053107,0.19337969,0.21294874
1301053108,0.31527224,0.28299105
1301053109,0.25163752,0.24557187
1301053110,0.19385144,0.2070349
1301054101,0.14316237,0.17230861
1301054102,0.15702775,0.16210479
1301054103,0.21422614,0.25992835
1301054104,0.2767079,0.2709231
1301054105,0.24291068,0.29121336
1301054106,0.2961644,0.26483443
1301055101,0.27484733,0.34636903
1301055102,0.52231807,0.42168358
1301055103,0.40003666,0.3834969
1301055104,0.66782635,0.6120875
1301056101,0.5574352,0.52982545
1301056102,0.52717555,0.4445526
1301056103,0.46628708,0.40490556
1301057101,0.46259156,0.48153648
1301057102,0.7157453,0.7785529
1301057103,0.63024193,0.6987573
1301057104,0.743532,0.738781
1301058101,0.21921337,0.25852567
1301058102,0.55276203,0.6074734
1301058103,0.5819174,0.50052506
1301058104,0.47739324,0.51500285
1301058105,0.5387256,0.55919844
1301058106,0.63981545,0.6145435
1301058107,0.5169355,0.5169912
1301058108,0.65252286,0.6013154
1301059101,0.20238376,0.20683964
1301059102,0.22828056,0.18068445
1301059103,0.16514426,0.16139169
1301059104,0.12366835,0.14384183
1301059105,0.19914022,0.19657524
1301059106,0.21752115,0.19746085
1301059107,0.19000676,0.21573594
1301059108,0.2795462,0.29538855
1301059109,0.40613157,0.3650059
1301060101,0.44868046,0.38774133
1301060102,0.41348815,0.50633943
1301060103,0.24116595,0.2658909
1301060104,0.18646683,0.1862144
1301060105,0.23972766,0.29360586
1301060106,0.35419753,0.30357367
1301061101,0.16899845,0.1585289
1301061102,0.08296778,0.08083548
1301061103,0.18591411,0.27712315
1301061104,0.23119465,0.47098774
1301061105,0.13448194,0.30208558
1301061106,0.1580051,0.14876103
1301061107,0.31914613,0.35247773
1301061108,0.4414205,0.48599815
1301061109,0.4849414,0.56648123
1301061110,0.5176097,0.5748343
1301061111,0.3828798,0.37139243
1301062101,0.20002483,0.1949744
1301062102,0.28353867,0.2843704
1301062103,0.20024653,0.21724774
1301062104,0.36681175,0.33728892
1301062105,0.29707518,0.31441602
1301062106,0.6242505,0.59967464
1301062107,0.21188104,0.17075773
1301062108,0.5436549,0.6181265
1301062109,0.749524,0.8358137
1301062110,0.6594217,0.5888013
1301063101,0.2680854,0.26819435
1301063102,0.41985172,0.3862151
1301063103,0.5182877,0.44883958
1301063104,0.46805948,0.5140574
1301063105,0.583292,0.5524828
1301065101,0.09867937,0.08116031
1301065102,0.19176199,0.20996806
1301065103,0.15251932,0.15738577
1301065104,0.13540153,0.14363451
1301065105,0.1419108,0.13729042
1301065106,0.2652889,0.2092637
1301065107,0.14921547,0.14373076
1301065108,0.19512779,0.16809288
1301065109,0.14216156,0.16477466
1301065110,0.09571017,0.07635941
1301065111,0.029330196,0.041500233
1301065112,0.040282752,0.05354064
1301065113,0.07293768,0.07941523
1301066101,0.25800753,0.26706803
1301066102,0.28795904,0.29320976
1301066103,0.24335006,0.21998346
1301066104,0.20565067,0.18800516
1301066105,0.48651773,0.3939737
1301066106,0.57265747,0.5796502
1301066107,0.43394598,0.47639215
1301067101,0.69429094,0.625118
1301067102,0.49917954,0.56679314
1301067103,0.6369747,0.44975597
1301067104,0.69839245,0.6880482
1301068101,0.1478569,0.12778245
1301068102,0.13907754,0.11941216
1301068103,0.096925326,0.0651778
1301068104,0.2649907,0.27246436
1301068105,0.24824746,0.26501358
1301068106,0.3695601,0.31759787
1301068107,0.14507596,0.15215357
1301068108,0.12403608,0.1500534
1301068109,0.117568865,0.06260308
1301068110,0.058728028,0.05607051
1301068111,0.05632862,0.055323277
1301068112,0.08621451,0.09650863
1301068113,0.16115502,0.18174009
1301068114,0.06720309,0.049786367
1301069101,0.12284913,0.13142838
1301069102,0.13870102,0.1798506
1301069103,0.15220414,0.14693755
1301069104,0.21093318,0.18770984
1301069105,0.18804838,0.13946202
1301069106,0.40534744,0.29368907
1301069107,0.37699795,0.285769
1301069108,0.2814304,0.25927812
1301070101,0.20511994,0.15627667
1301070102,0.21077795,0.2775937
1301070103,0.25734225,0.27076402
1301070104,0.43159774,0.50427616
1301070105,0.44603482,0.4893509
1301070106,0.42883465,0.4306716
1301070107,0.45196608,0.45672083
1301071101,0.14044952,0.13599224
1301071102,0.1185492,0.14818585
1301071103,0.1132917,0.10409609
1301071104,0.122607306,0.092275314
1301071105,0.1138558,0.117228836
1301071106,0.06734839,0.060493276
1301071107,0.12533532,0.121336244
1301071108,0.20295608,0.207344
1301071109,0.5405295,0.54835254
1301071110,0.4198675,0.4192611
1301071111,0.8511713,0.774704
1301071112,0.5097804,0.50066227
1301071113,0.59992206,0.5629353
1301071114,0.35589996,0.32474163
1301071115,0.40448624,0.48633218
1301072101,0.19706804,0.17008606
1301072102,0.20260002,0.20929343
1301072103,0.33108544,0.4276766
1301072104,0.48727858,0.48412234
1301072105,0.3637593,0.40507194
1301073101,0.40820134,0.35659018
1301073102,0.39564905,0.33002067
1301073103,0.15457654,0.21220464
1301073104,0.40680495,0.34190062
1301073105,0.50769335,0.4550318
1301073106,0.38111547,0.3590639
1301073107,0.49412677,0.45225474
1301074101,0.16261107,0.15793765
1301074102,0.17048103,0.1712851
1301074103,0.27197078,0.3432627
1301075101,0.15003824,0.29530245
1301075102,0.2025293,0.27755535
1301075103,0.27010924,0.26976547
1301075104,0.44187522,0.44597194
1301075105,0.3735995,0.2622302
1301075106,0.33548898,0.2790408
1301075107,0.33336845,0.34177944
1301076101,0.71710545,0.6862212
1301076102,0.7113793,0.78370416
1301076103,0.7245859,0.7705568
1301076104,0.784891,0.7922104
1301076105,0.7571481,0.79155713
1301076106,0.5847673,0.61341846
1301077101,0.12962283,0.14591286
1301077102,0.09026398,0.12814426
1301077103,0.14662066,0.15143941
1301077104,0.20273606,0.17874032
1301077105,0.23082253,0.22149715
1301077106,0.2470166,0.2352806
1301077107,0.20427987,0.22592612
1301077108,0.32216963,0.2709158
1301077109,0.3331291,0.28099376
1301077110,0.44061002,0.4817401
1301077111,0.23930642,0.25632206
1301078101,0.19918977,0.19779675
1301078102,0.26479483,0.27223754
1301078103,0.5294113,0.43315747
1301078104,0.63882834,0.5729618
1301078105,0.6851674,0.67368954
1301079101,0.27872995,0.27955422
1301079102,0.48201758,0.42000684
1301079103,0.7367373,0.6593899
1301079104,0.6338643,0.707807
1301079105,0.6395805,0.66797316
1301080101,0.19034454,0.2084751
1301080102,0.25043765,0.2302895
1301080103,0.31149253,0.29237458
1301080104,0.67143005,0.74355656
1301080105,0.39632875,0.42837828
1301080106,0.45718762,0.5533565
1301080107,0.29496264,0.38997978
1301080108,0.618293,0.69317937
1301080109,0.5314829,0.5925005
1301080110,0.3944728,0.485346
1301081101,0.57683486,0.4951272
1301081102,0.32178047,0.39496228
1301081103,0.15804361,0.12381167
1301081104,0.16517581,0.14520529
1301081105,0.20250542,0.19093671
1301081106,0.04776896,0.054405846
1301081107,0.2769248,0.36366874
1301081108,0.25177264,0.24755901
1301081109,0.061832774,0.048870202
1301082101,0.060823962,0.094781056
1301082102,0.094982855,0.12200195
1301082103,0.09638968,0.11742992
1301082104,0.15586537,0.13885412
1301082105,0.15914334,0.20547208
1301082106,0.29656872,0.2673891
1301083101,0.47282952,0.53116554
1301083102,0.37118268,0.38367182
1301083103,0.5000606,0.56706554
1301083104,0.5896699,0.5612045
1301083105,0.6182069,0.6277541
1301083106,0.683907,0.73101693
1301083107,0.46524546,0.5569129
1301084101,0.21471412,0.18209949
1301084102,0.18073459,0.19694981
1301084103,0.26344243,0.20683043
1301085101,0.114618786,0.06282023
1301085102,0.09074761,0.06392548
1301085103,0.054406613,0.048870202
1301085104,0.0761674,0.06310454
1301085105,0.092186995,0.09457186
1301085106,0.23446716,0.2020341
1301085107,0.35828447,0.4113134
1301085108,0.1636292,0.14276534
1301085109,0.28062633,0.264944
1301085110,0.22844641,0.32679123
1301085111,0.17759457,0.14618717
1301085112,0.26483446,0.2819138
1301085113,0.33830145,0.38471007
1301086101,0.3458585,0.36111903
1301086102,0.27228165,0.3054252
1301086103,0.2773698,0.26280102
1301086104,0.36064112,0.45728317
1301086105,0.24326324,0.26327658
1301086106,0.4393658,0.36322644
1301086107,0.29059458,0.3598284
1301086108,0.46157154,0.47493333
1301086109,0.42788216,0.5166854
1301086110,0.44371265,0.38849464
1301086111,0.36027205,0.35053813
1301086112,0.4070056,0.4020188
1301087101,0.053859353,0.050441854
1301087102,0.064797156,0.041048486
1301087103,0.053859353,0.05150355
1301087104,0.05817527,0.05465955
1301087105,0.071509674,0.06149783
1301087106,0.06687379,0.074362345
1301087107,0.07395371,0.07102083
1301087108,0.081817366,0.05150355
1301087109,0.062397752,0.055406783
1301087110,0.06673584,0.060976587
1301087111,0.062397752,0.05734657
1301087112,0.06638162,0.050933912
1301087113,0.06204352,0.059842408
1301087114,0.057727616,0.05946913
1301087115,0.05017317,0.040958665
1301087116,0.07521273,0.07248298
1301087117,0.097481236,0.10395522
1301087118,0.12856585,0.12796956
1301087119,0.07033889,0.059842408
1301087120,0.09735248,0.108577065
1301087121,0.07634993,0.06400034
1301087122,0.0692555,0.06149783
1301087123,0.071910396,0.10321184
1301087124,0.11308174,0.16025035
1301087125,0.3791207,0.43335646
1301087126,0.23098949,0.19917682
1301087127,0.12713715,0.08912643
1301087128,0.05383053,0.067214884
1301087129,0.07547534,0.08963107
1301088101,0.2225337,0.24118766
1301088102,0.3795531,0.31800252
1301089101,0.1286713,0.17397851
1301089102,0.15499285,0.13736035
1301089103,0.22499296,0.19184776
1301089104,0.17602915,0.20691134
1301089105,0.1130262,0.12113459
1301089106,0.15212858,0.17283562
1301089107,0.12924376,0.13570791
1301089108,0.21371858,0.19333622
1301089109,0.32977363,0.31196907
1301090101,0.0902926,0.10650929
1301090102,0.14990653,0.10235357
1301090103,0.25255883,0.2083914
1301090104,0.16495748,0.19494008
1301090105,0.21392345,0.1987237
1301091101,0.19350626,0.21883973
1301091102,0.30480036,0.3106202
1301091103,0.21041356,0.2478089
1301091104,0.49757546,0.52159995
1301091105,0.33303416,0.37984332
1301091106,0.4536574,0.47072113
1301091107,0.54109514,0.57116526
1301092101,0.19456472,0.17261085
1301092102,0.26841184,0.2935748
1301092103,0.19044852,0.254804
1301092104,0.22413735,0.24880339
1301092105,0.3147338,0.28594512
1301092106,0.36135462,0.35856828
1301092107,0.24529532,0.269948
1301092108,0.17350712,0.18883677
1301092109,0.252715,0.26066637
1301092110,0.8625629,0.9131971
1301092111,0.5125804,0.5564721
1301093101,0.16901717,0.17977028
1301093102,0.26567498,0.27698657
1301093103,0.16785227,0.18288614
1301093104,0.13910897,0.14929415
1301093105,0.326783,0.32572234
1301093106,0.2434259,0.23275453
1301093107,0.27865672,0.1937372
1301093108,0.37765825,0.41068378
1301094101,0.19355921,0.2163947
1301094102,0.19203518,0.17841108
1301094103,0.23275228,0.28563792
1301094104,0.20384906,0.14790459
1301094105,0.23444007,0.23035659
1301094106,0.34113443,0.40546444
1301094107,0.26752204,0.29080865
1301094108,0.3253088,0.31379378
1301094109,0.23627073,0.20864286
1301094110,0.25002018,0.2620839
1301094111,0.5573889,0.51674515
1301095101,0.16826904,0.16919163
1301095102,0.47011432,0.61733943
1301095103,0.4666266,0.47168058
1301095104,0.23695849,0.20551066
1301095105,0.5042641,0.5739596
1301095106,0.35941458,0.40750015
1301097101,0.120228566,0.14384183
1301097102,0.094467826,0.11749241
1301097103,0.11321246,0.12717393
1301097104,0.12452625,0.14058864
1301097105,0.15925497,0.15791115
1301097106,0.19529262,0.17834145
1301099101,0.2094323,0.23001683
1301099102,0.24511887,0.24514554
1301099103,0.3171606,0.30420223
1301099104,0.21613787,0.20319234
1301099105,0.2155283,0.17292732
1301099106,0.31048146,0.34523422
1301099107,0.6881018,0.6493354
1301100101,0.19617227,0.13747747
1301100102,0.096331425,0.10761454
1301100103,0.21911882,0.23081867
1301100104,0.22433214,0.18819013
1301100105,0.30068254,0.3233808
1301100106,0.25525618,0.22091399
1301100107,0.21268965,0.23855117
1301101101,0.37911502,0.34184974
1301101102,0.63018614,0.7199327
1301101103,0.54935306,0.50881374
1301101104,0.70276654,0.75334567
1301101105,0.23510015,0.3027573
1301101106,0.08708919,0.05895328
1301101107,0.038785227,0.04847596
1301101108,0.07126142,0.049723383
1301101109,0.13753068,0.13696133
1301101110,0.35701522,0.42052698
1301102101,0.08560271,0.06932905
1301102102,0.11953218,0.07080001
1301102103,0.09519342,0.13106503
1301102104,0.067233704,0.05475364
1301102105,0.122298285,0.095973894
1301102106,0.09527943,0.13317342
1301102107,0.12973744,0.12543406
1301102108,0.16454905,0.18591186
1301102109,0.09226193,0.059474535
1301102110,0.14026937,0.14811975
1301102111,0.17095755,0.15226282
1301102112,0.23560299,0.29825938
1301102113,0.26073468,0.31618938
1301102114,0.13496304,0.14440838
1301102115,0.20012034,0.19022541
1301102116,0.23915635,0.23954661
1301103101,0.50963086,0.4669362
1301103102,0.7141815,0.73189455
1301103103,0.6783662,0.7069679
1301103104,0.5766847,0.579734
1301103105,0.66850734,0.6114494
1301104101,0.42862427,0.52585024
1301104102,0.54554504,0.53627527
1301104103,0.38305494,0.4366567
1301104104,0.34587064,0.37297383
1301104105,0.4423455,0.4485698
1301104106,0.41996872,0.4588398
1301105101,0.12266854,0.12077719
1301105102,0.16086958,0.12357654
1301105103,0.091717765,0.11527827
1301105104,0.23279724,0.20759809
1301105105,0.1747206,0.12990904
1301105106,0.09829262,0.12268842
1301105107,0.07464728,0.077599525
1301105108,0.029055962,0.08252121
1301105109,0.029330196,0.0353154
1301105110,0.05405153,0.088068075
1301105111,0.04105365,0.025871946
1301105112,0.034096904,0.053524636
1301106101,0.30785,0.32133934
1301106102,0.33983734,0.34161252
1301106103,0.32953048,0.34746495
1301106104,0.3725156,0.32810575
1301106105,0.6025955,0.7195826
1301108101,0.091316074,0.117782205
1301108102,0.0889314,0.09071431
1301108103,0.082944036,0.12578669
1301108104,0.078137964,0.080929644
1301108105,0.05776755,0.059474535
1301108106,0.11527893,0.12112243
1301108107,0.086298294,0.06512784
1301108108,0.08005573,0.07601776
1301108109,0.059019197,0.07491251
1301108110,0.059567172,0.060603272
1301108111,0.031690862,0.06931352
1301108112,0.16256754,0.17464703
1301108113,0.22926903,0.21763785
1301108114,0.38397858,0.42900872
1301109101,0.14916395,0.12661174
1301109102,0.12257074,0.086038
1301109103,0.122133575,0.14929223
1301109104,0.13523582,0.1118282
1301109105,0.21840863,0.21994574
1301109106,0.3171627,0.31287572
1301109107,0.3707154,0.31680495
1301109108,0.4230652,0.376404
1301109109,0.4377733,0.54596525
1301110101,0.7812514,0.8248478
1301110102,0.87001514,0.8855028
1301110103,0.73667884,0.8215428
1301110104,0.81295764,0.8738766
1301110105,0.83820665,0.8692256
1301110106,0.816279,0.8738766
1301110107,0.79833543,0.8110875
1301111101,0.14441945,0.16674092
1301111102,0.19650403,0.2162801
1301111103,0.14134134,0.1549935
1301111104,0.09695142,0.13470207
1301111105,0.21004342,0.2509046
1301111106,0.26948714,0.30096656
1301111107,0.2463719,0.26395032
1301111108,0.32111648,0.33128276
1301112101,0.18692927,0.20578688
1301112102,0.18577416,0.18965387
1301112103,0.10558361,0.108978696
1301112104,0.21210486,0.17868441
1301112105,0.20946081,0.16563465
1301112106,0.108019404,0.12242071
1301112107,0.5332398,0.5836349
1301112108,0.32442614,0.3088427
1301112109,0.14809026,0.12919898
1301113101,0.2566623,0.24084565
1301113102,0.31234905,0.28982452
1301113103,0.6475421,0.5708757
1301113104,0.3615788,0.4228097
1301114101,0.151777,0.15708351
1301114102,0.15231575,0.17767864
1301114103,0.26534843,0.27780443
1301114104,0.29614383,0.33080465
1301114105,0.36950466,0.2871377
1301115101,0.07579326,0.06310454
1301115102,0.15011074,0.13739933
1301115103,0.10060094,0.077726014
1301115104,0.10025113,0.08042612
1301115105,0.13907754,0.1769299
1301115106,0.13041583,0.1783229
1301115107,0.12624529,0.17233591
1301115108,0.089084566,0.07367614
1301115109,0.7832892,0.6787043
1301115110,0.25483823,0.23541057
1301115111,0.25512266,0.28588918
1301115112,0.24837114,0.266719
1301116101,0.115355924,0.12639256
1301116102,0.13448194,0.14165902
1301116103,0.15754728,0.20107153
1301116104,0.23332328,0.24449849
1301116105,0.21938911,0.15507585
1301116106,0.19072053,0.16262233
1301116107,0.2836864,0.31205374
1301117101,0.17695683,0.17055616
1301117102,0.29539108,0.32638004
1301117103,0.28549263,0.33146206
1301117104,0.45623374,0.41656774
1301117105,0.31270564,0.32990488
1301117106,0.3099087,0.3277244
1301117107,0.6301449,0.6617997
1301117108,0.34889865,0.39352447
1301117109,0.44040537,0.47844377
1301117110,0.49857783,0.5358865
1301118101,0.09854447,0.059284814
1301118102,0.093174815,0.06310454
1301118103,0.11113899,0.06639881
1301118104,0.109925,0.07334838
1301118105,0.07610957,0.046622127
1301118106,0.09481703,0.08190706
1301118107,0.07579326,0.06310454
1301118108,0.09389718,0.07286447
1301118109,0.10271634,0.17181677
1301118110,0.122767486,0.10669707
1301118111,0.09519115,0.07444614
1301118112,0.1036119,0.1282552
1301118113,0.10597631,0.05981601
1301119101,0.1888208,0.16317897
1301119102,0.18945597,0.14444613
1301119103,0.16973506,0.15120313
1301119104,0.21690731,0.14189807
1301120101,0.18832654,0.20754486
1301120102,0.28924423,0.32733846
1301120103,0.19029248,0.21402737
1301120104,0.24549308,0.264498
1301120105,0.18754572,0.1899309
1301120106,0.20735425,0.24270506
1301120107,0.23016866,0.28116107
1301121101,0.14430512,0.16131929
1301121102,0.16212204,0.15286116
1301121103,0.37040812,0.2622093
1301121104,0.3316128,0.27847975
1301121105,0.27012387,0.26647767
1301121106,0.27105522,0.18709947
1301121107,0.27148303,0.25775617
1301121108,0.30957314,0.26951003
1301122101,0.32810196,0.3283373
1301122102,0.42544138,0.41992733
1301122103,0.5225582,0.56466
1301122104,0.44961783,0.5276928
1301122105,0.35619354,0.3192657
1301122106,0.48074886,0.38263613
1301123101,0.08001573,0.06623309
1301123102,0.12010468,0.13544464
1301123103,0.18383811,0.16724831
1301123104,0.10775471,0.14436726
1301123105,0.13031352,0.13113128
1301123106,0.2294908,0.21149084
1301123107,0.18674801,0.16090551
1301123108,0.24518874,0.22139859
1301123109,0.39499223,0.40331337
1301123110,0.36784822,0.36245835
1301123111,0.22588181,0.20419843
1301124101,0.12415683,0.08304042
1301124102,0.07050049,0.10683847
1301124103,0.11972096,0.097168796
1301124104,0.097679056,0.101480015
1301124105,0.11752431,0.072201975
1301124106,0.12031312,0.14300689
1301124107,0.085066065,0.078456186
1301124108,0.11364773,0.1351137
1301124109,0.20123444,0.24273433
1301124110,0.2541308,0.27050814
1301124111,0.3472868,0.37392312
1301124112,0.40946996,0.4191616
1301124113,0.28882048,0.29276338
1301124114,0.3912211,0.3277682
1301125101,0.16277228,0.15784712
1301125102,0.1286978,0.14902565
1301125103,0.23269925,0.23335926
1301125104,0.19941325,0.15307961
1301125105,0.18586415,0.16460738
1301125106,0.33070657,0.2960098
1301125107,0.35265702,0.47318754
1301125108,0.22169346,0.20677948
1301125109,0.33754256,0.30137014
1301125110,0.36455867,0.27315712
1301126101,0.12881735,0.1378689
1301126102,0.10583865,0.14688337
1301126103,0.26836422,0.26632747
1301126104,0.2096025,0.22233583
1301126105,0.17286105,0.15618731
1301126106,0.3545545,0.40121546
1301126107,0.20538828,0.20142068
1301126108,0.1895825,0.16739096
1301126109,0.14303541,0.10345882
1301127101,0.50431305,0.48665443
1301127102,0.4482344,0.3867362
1301127103,0.7399955,0.5699901
1301127104,0.7651474,0.6252215
1301127105,0.82930917,0.7558273
1301127106,0.67877376,0.6487964
1301127107,0.6921593,0.55839336
1301127108,0.7328261,0.7436249
1301127109,0.8056897,0.72660375
1301128101,0.12577184,0.11635307
1301128102,0.18827765,0.18997988
1301128103,0.27993488,0.2488669
1301128104,0.18082331,0.16512592
1301128105,0.1536077,0.12975775
1301128106,0.19260609,0.19133273
1301128107,0.33627996,0.30999663
1301128108,0.36375648,0.35593402
1301128109,0.41143626,0.40164217
1301128110,0.2598076,0.25377873
1301128111,0.30970442,0.34373096
1301129101,0.14339806,0.16294174
1301129102,0.29260615,0.2948045
1301129103,0.2529171,0.20725352
1301129104,0.22643927,0.19092439
1301129105,0.36687973,0.5093983
1301129106,0.7593415,0.61132085
1301130101,0.15645923,0.1694477
1301130102,0.08380292,0.090972446
1301130103,0.19699562,0.17706043
1301130104,0.2945318,0.3494818
1301130105,0.41732278,0.41305166
1301130106,0.4755323,0.42073864
1301130107,0.47884685,0.5438158
1301130108,0.47038677,0.41781953
1301130109,0.4752289,0.5055089
1301131101,0.06317459,0.06470215
1301131102,0.065911114,0.06592504
1301131103,0.08480458,0.08017811
1301131104,0.08475394,0.078542516
1301131105,0.078014046,0.06589203
1301131106,0.08789979,0.08793531
1301131107,0.123208135,0.09155888
1301131108,0.09389718,0.086279154
1301131109,0.07225913,0.06663996
1301131110,0.10921479,0.1446508
1301131111,0.11356324,0.08207793
1301131112,0.13336806,0.16125299
1301131113,0.1429598,0.095628604
1301131114,0.14229295,0.15326104
1301131115,0.21243605,0.16298975
1301132101,0.21032646,0.22169614
1301132102,0.22195068,0.20742531
1301132103,0.15968885,0.16490468
1301132104,0.34733453,0.39731964
1301132105,0.6176136,0.64521396
1301132106,0.48287293,0.52127534
1301132107,0.33262044,0.37210283
1301133101,0.1304535,0.12741715
1301133102,0.13375829,0.14766702
1301133103,0.113087155,0.109133825
1301133104,0.18542263,0.19225591
1301133105,0.15633892,0.090935975
1301133106,0.11847267,0.11115207
1301133107,0.15878615,0.15796632
1301133108,0.15940225,0.13748467
1301133109,0.11435196,0.10287202
1301133110,0.13264477,0.09711396
1301133111,0.18075512,0.090146765
1301133112,0.12902853,0.09558439
1301134101,0.09982848,0.11260502
1301134102,0.048491653,0.055323277
1301134103,0.104613304,0.09038462
1301134104,0.19999564,0.17322415
1301134105,0.3564481,0.36709473
1301134106,0.3758062,0.27870923
1301134107,0.19981605,0.21313128
1301135101,0.3509987,0.30141887
1301135102,0.4502468,0.49765643
1301135103,0.5061057,0.53279096
1301135104,0.28211308,0.26697713
1301135105,0.2573121,0.23011543
1301135106,0.26496825,0.19772086
1301135107,0.24742693,0.21242428
1301135108,0.68075407,0.6822716
1301136101,0.23823802,0.2790439
1301136102,0.2278708,0.23708385
1301136103,0.20867983,0.24551933
1301136104,0.25124288,0.26313135
1301136105,0.19895834,0.23694982
1301137101,0.64326733,0.7276582
1301137102,0.72938776,0.7174664
1301137103,0.6297248,0.7197232
1301137104,0.599046,0.5228208
1301137105,0.6981539,0.7235839
1301138101,0.11850081,0.12878066
1301138102,0.14896609,0.12256733
1301138103,0.17745145,0.14533678
1301138104,0.13962868,0.15735573
1301138105,0.058047425,0.05712032
1301138106,0.074262924,0.05150355
1301138107,0.12957688,0.11405238
1301138108,0.10297676,0.06512784
1301138109,0.081817366,0.05565481
1301138110,0.107375614,0.07433542
1301139101,0.13935035,0.15192676
1301139102,0.1908107,0.16848888
1301139103,0.28399733,0.21292464
1301139104,0.36746112,0.29530334
1301140101,0.4856347,0.4588563
1301140102,0.6627973,0.6501481
1301141101,0.12596196,0.08520132
1301141102,0.21244417,0.2245191
1301141103,0.13384771,0.14071324
1301141104,0.07381526,0.06899331
1301141105,0.11970225,0.0856565
1301141106,0.16130131,0.16372344
1301141107,0.1413526,0.17333849
1301141108,0.19350234,0.1648287
1301141109,0.37604874,0.34992728
1301141110,0.35271832,0.43501616
1301141111,0.5213958,0.43362245
1301141112,0.34926444,0.36875945
1301141113,0.26891252,0.30935398
1301142101,0.20613284,0.17665775
1301142102,0.24983983,0.26384735
1301142103,0.41245028,0.42234856
1301142104,0.33644179,0.37118796
1301142105,0.28626806,0.30765113
1301142106,0.2062559,0.20252183
1301142107,0.30708176,0.35681513
1301142108,0.51861775,0.49310336
1301142109,0.4616929,0.4579173
1301142110,0.5462036,0.5003177
1301143101,0.21989869,0.16018805
1301143102,0.11809047,0.14434253
1301143103,0.20144098,0.24760307
1301143104,0.36474368,0.37184152
1301143105,0.4868463,0.43683615
1301143106,0.4237957,0.46888316
1301143107,0.39066267,0.47784773
1301143108,0.46596783,0.4862326
1301144101,0.25988656,0.27292132
1301144102,0.28935713,0.34018776
1301144103,0.27061874,0.3013894
1301144104,0.24662536,0.2870672
1301144105,0.33313298,0.40919697
1301144106,0.25032482,0.25452125
1301144107,0.3058021,0.29918215
1301144108,0.43169165,0.35840425
1301144109,0.4910473,0.42768937
1301144110,0.39276254,0.39089757
1301144111,0.4841307,0.43588877
1301144112,0.4896919,0.4789106
1301145101,0.26668304,0.30025208
1301145102,0.24618769,0.26010376
1301145103,0.18082045,0.1795619
1301145104,0.40692273,0.43070993
1301145105,0.32451838,0.35241282
1301145106,0.118478686,0.20611052
1301145107,0.06343545,0.10979677
1301146101,0.24996586,0.25572744
1301146102,0.46072316,0.5593134
1301146103,0.36604565,0.37274322
1301147101,0.8169908,0.73057026
1301147102,0.66477853,0.71282476
1301147103,0.5669047,0.57701373
1301147104,0.47743517,0.5254874
1301147105,0.6786214,0.7347126
1301147106,0.71578276,0.6240196
1301147107,0.8263466,0.82043034
1301147108,0.7576312,0.71410114
1301147109,0.7383786,0.67230266
1301147110,0.71827805,0.7196529
1301147111,0.6888873,0.705094
1301147112,0.6860093,0.6649291
1301147113,0.5793481,0.52090544
1301148101,0.18520136,0.15589458
1301148102,0.11939626,0.12631188
1301148103,0.07529778,0.051875196
1301148104,0.1597639,0.15749955
1301148105,0.19660902,0.24538048
1301148106,0.43383604,0.5130246
1301148107,0.39845657,0.29742908
1301148108,0.3669437,0.3101998
1301149101,0.376488,0.3830908
1301149102,0.4476496,0.51815677
1301149103,0.5634328,0.6478923
1301149104,0.47132668,0.5175245
1301149105,0.6242757,0.6660553
1301150101,0.22836071,0.2535284
1301150102,0.24090682,0.22219218
1301150103,0.2814685,0.29852575
1301150104,0.34815904,0.33796027
1301150105,0.4336864,0.37195882
1301150106,0.46782985,0.54787505
1301151101,0.18443969,0.14618233
1301151102,0.16305499,0.13167375
1301151103,0.13237435,0.09261876
1301151104,0.11255005,0.073269136
1301151105,0.15876845,0.2824948
1301151106,0.5130957,0.47531378
1301151107,0.41563457,0.31605586
1301151108,0.47699824,0.4885811
1301151109,0.3530905,0.25117034
1301151110,0.3296218,0.25632071
1301151111,0.35139012,0.2925772
1301151112,0.34226298,0.28551194
1301152101,0.14316176,0.1577839
1301152102,0.2375707,0.19629228
1301152103,0.17882177,0.16238564
1301152104,0.3149001,0.23815556
1301152105,0.31410515,0.17241573
1301152106,0.33809456,0.17356199
1301152107,0.25957865,0.22371432
1301153101,0.3226241,0.34828553
1301153102,0.3052701,0.3568939
1301153103,0.36248335,0.42913145
1301154101,0.30835855,0.2720757
1301154102,0.37618428,0.42883384
1301154103,0.3556378,0.3772506
1301154104,0.4875676,0.41243032
1301154105,0.46847486,0.4447315
1301155101,0.17747699,0.17786664
1301155102,0.21505336,0.20705424
1301155103,0.14149357,0.08919191
1301155104,0.22345978,0.1613695
1301155105,0.3549621,0.37126002
1301155106,0.68002063,0.62926906
1301155107,0.57294637,0.56421244
1301155108,0.5408803,0.5105006
1301155109,0.49283555,0.47667438
1301155110,0.45564452,0.5128441
1301156101,0.36738575,0.44597295
1301156102,0.6625757,0.7760965
1301156103,0.64147884,0.6754672
1301157101,0.21882375,0.1817513
1301157102,0.18150863,0.20234646
1301157103,0.479868,0.4096098
1301157104,0.43484423,0.4321248
1301157105,0.44423667,0.5495514
1301157106,0.44598606,0.42825845
1301157107,0.4120655,0.38609514
1301158101,0.22504485,0.22231232
1301158102,0.14453505,0.17408288
1301158103,0.2626729,0.24748088
1301158104,0.43200848,0.29640633
1301158105,0.27079794,0.20204937
1301158106,0.29488197,0.3342321
1301158107,0.372005,0.2963119
1301158108,0.3005279,0.28688556
1301159101,0.4547587,0.4343223
1301159102,0.7274923,0.7985353
1301159103,0.7538083,0.78350866
1301159104,0.88319,0.7443543
1301159105,0.7767767,0.7762578
1301159106,0.7012995,0.64436877
1301159107,0.7175819,0.5847841
1301159108,0.72706586,0.6987491
1301159109,0.7875298,0.75152934
1301159110,0.75648105,0.6499433
1301159111,0.7745967,0.7657646
1301159112,0.6138266,0.52986026
1301159113,0.5940672,0.5032784
1301160101,0.20725673,0.2100865
1301160102,0.17965992,0.18515849
1301160103,0.1977622,0.20722787
1301160104,0.279729,0.2987265
1301160105,0.39324537,0.39509833
1301160106,0.3764491,0.26007277
1301160107,0.28823045,0.28491074
1301160108,0.37939382,0.45012683
1301160109,0.2345634,0.24882413
1301160110,0.38783562,0.40149343
1301160111,0.3091031,0.29946113
1301160112,0.44182485,0.43544343
1301161101,0.18638949,0.2132392
1301161102,0.16039416,0.2087015
1301161103,0.23308982,0.21388094
1301161104,0.10802544,0.06858758
1301161105,0.31003916,0.33057636
1301161106,0.5306939,0.51471686
1301161107,0.69823486,0.63890696
1301161108,0.5113681,0.54839516
1301161109,0.45351216,0.44135997
1301161110,0.55606765,0.5471733
1301162101,0.43322885,0.399008
1301162102,0.4937935,0.47045046
1301163101,0.38912925,0.428885
1301163102,0.5180177,0.5567025
1301164101,0.18206061,0.22521858
1301164102,0.12284913,0.11064678
1301164103,0.165415,0.18248929
1301164104,0.15297943,0.18691495
1301164105,0.39883897,0.45202902
1301164106,0.3355697,0.29847267
1301164107,0.33997637,0.33050033
1301165101,0.32759398,0.38338482
1301165102,0.6156476,0.72686756
1301165103,0.5486829,0.62181777
1301165104,0.6097613,0.74107325
1301166101,0.34628397,0.3231232
1301166102,0.3714467,0.4039177
1301166103,0.36641437,0.35278738
1301166104,0.42796195,0.4399574
1301166105,0.44657314,0.4234848
1301166106,0.6734501,0.673813
1301167101,0.27902868,0.33325684
1301167102,0.1915285,0.18874495
1301167103,0.4479919,0.4761391
1301167104,0.48902315,0.39548483
1301167105,0.43583974,0.38129282
1301168101,0.3751904,0.41611132
1301168102,0.38877156,0.43035287
1301168103,0.6592749,0.6352914
1301168104,0.74398017,0.7796382
1301168105,0.86061656,0.8758471
1301169101,0.15942626,0.17912304
1301169102,0.1470858,0.14582802
1301169103,0.2725137,0.22616099
1301169104,0.27517977,0.2575863
1301169105,0.28054717,0.30037135
1301169106,0.3114784,0.2982146
1301169107,0.3453495,0.3641647
1301170101,0.55165225,0.6063084
1301170102,0.7658187,0.79779524
1301170103,0.58495516,0.6622678
1301170104,0.7577433,0.85329163
1301171101,0.32188743,0.3363216
1301171102,0.63724273,0.68575007
1301171103,0.3633598,0.40667194
1301172101,0.25588268,0.24728604
1301172102,0.27519327,0.2872323
1301172103,0.35549358,0.39732358
1301172104,0.2649188,0.34618875
1301172105,0.51347446,0.40574425
1301172106,0.46315083,0.5470372
1301172107,0.37969851,0.3781842
1301172108,0.4163958,0.34288713
1301172109,0.55272156,0.5270413
1301173101,0.20577863,0.21944828
1301173102,0.36803398,0.33547226
1301173103,0.5068952,0.5687459
1301173104,0.48025516,0.49790373
1301173105,0.4998846,0.66126466
1301173106,0.74448466,0.7763138
1301173107,0.46008933,0.4717175
1301173108,0.25139084,0.27800635
1301173109,0.3378516,0.2887272
1301173110,0.6841174,0.7515392
1301173111,0.630735,0.6522837
1301173112,0.7057389,0.7123902
1301173113,0.39014757,0.40902665
1301173114,0.5423871,0.5843255
1301174101,0.05404161,0.04440621
1301174102,0.079130836,0.05671244
1301174103,0.08138461,0.05055903
1301174104,0.060324166,0.057488054
1301174105,0.11510488,0.15708351
1301174106,0.10675577,0.1258491
1301174107,0.073642045,0.05121895
1301174108,0.060000107,0.10138651
1301174109,0.17793335,0.19834806
1301174110,0.2319955,0.26684412
1301174111,0.18740118,0.17984559
1301174112,0.26324004,0.26690656
1301174113,0.20541957,0.16019526
1301174114,0.18472758,0.122292586
1301174115,0.33355767,0.31904325
1301175101,0.16824733,0.1613695
1301175102,0.18588626,0.20129885
1301175103,0.34169084,0.27972397
1301175104,0.28431097,0.25261527
1301175105,0.27854753,0.28656957
1301175106,0.2249685,0.17524248
1301175107,0.18626828,0.15214622
1301175108,0.18891813,0.2780698
1301175109,0.1559833,0.18559875
1301175110,0.3239206,0.3263231
1301176101,0.21746391,0.20483688
1301176102,0.24119893,0.22956432
1301177101,0.34600362,0.37429103
1301177102,0.46426228,0.5487543
1301177103,0.7755571,0.81695926
1301177104,0.7452194,0.70924896
1301177105,0.5728219,0.591553
1301178101,0.103984274,0.08232931
1301178102,0.098939784,0.0566164
1301178103,0.21983862,0.2481975
1301178104,0.29352346,0.28294307
1301178105,0.3125028,0.34714806
1301178106,0.36074924,0.34648812
1301179101,0.23887047,0.21762978
1301179102,0.29747972,0.28949124
1301179103,0.36882138,0.39619577
1301180101,0.47239083,0.5325083
1301180102,0.6462017,0.65738326
1301180103,0.6054536,0.6319098
1301181101,0.1528794,0.1853028
1301181102,0.29827803,0.29136008
1301181103,0.23346756,0.16944164
1301181104,0.19670965,0.15042304
1301181105,0.17118616,0.19836184
1301181106,0.15035592,0.14838237
1301181107,0.20482345,0.20881663
1301181108,0.25107688,0.24589108
1301181109,0.21291985,0.21584775
1301182101,0.20140958,0.2199943
1301182102,0.29282188,0.36921304
1301182103,0.262694,0.22751068
1301182104,0.13931707,0.15957476
1301182105,0.15073761,0.12857473
1301182106,0.14357874,0.14547981
1301182107,0.4346306,0.4742926
1301182108,0.2234055,0.19992793
1301183101,0.14224558,0.1298646
1301183102,0.23358965,0.1708746
1301183103,0.20860043,0.18127666
1301183104,0.19371347,0.16345623
1301183105,0.22084387,0.1818668
1301183106,0.13542116,0.13346183
1301183107,0.28626674,0.27571213
1301183108,0.28439772,0.27038604
1301183109,0.31533298,0.2654753
1301183110,0.3292788,0.32491145
1301183111,0.26113448,0.20048407
1301184101,0.6698368,0.6029331
1301184102,0.6906049,0.6955474
1301185101,0.35075596,0.34309962
1301185102,0.2619031,0.28725857
1301185103,0.24883103,0.2818484
1301185104,0.6752345,0.69650745
1301186101,0.13620779,0.14378802
1301186102,0.14511535,0.18689299
1301186103,0.24699739,0.2706498
1301186104,0.32246855,0.4352457
1301187101,0.33998916,0.26147968
1301187102,0.5788135,0.66763914
1301187103,0.51512337,0.59847945
1301188101,0.22371437,0.23351517
1301188102,0.34914923,0.38458732
1301188103,0.26384318,0.20815475
1301188104,0.37984133,0.37926334
1301188105,0.46223468,0.56752145
1301188106,0.51817185,0.56460327
1301188107,0.545238,0.54367584
1301188108,0.48536107,0.43164986
1301189101,0.07533665,0.066737734
1301189102,0.054412108,0.055323277
1301189103,0.11161909,0.10853197
1301189104,0.07336164,0.06801353
1301189105,0.115024775,0.07385081
1301189106,0.081862375,0.06623309
1301189107,0.09232237,0.08953322
1301189108,0.09238539,0.077723294
1301189109,0.07313586,0.054598834
1301189110,0.11424363,0.11857793
1301189111,0.06887677,0.06260308
1301189112,0.08417393,0.09203619
1301189113,0.24928364,0.25575313
1301189114,0.09851101,0.08814924
1301189115,0.24240269,0.17906503
1301191101,0.061479103,0.049970314
1301191102,0.07678751,0.107897446
1301191103,0.116735265,0.11617889
1301191104,0.09710822,0.09305291
1301191105,0.13166505,0.13160925
1301191106,0.106553234,0.13721818
1301191107,0.0879782,0.08787446
1301192101,0.16105822,0.150715
1301192102,0.19261949,0.13559043
1301192103,0.18692005,0.18409471
1301192104,0.3615707,0.30352738
1301192105,0.094969824,0.13016757
1301192106,0.1156638,0.14071496
1301192107,0.19855842,0.19124903
1301192108,0.36923063,0.3262009
1301193101,0.07256504,0.06418807
1301193102,0.074907795,0.07423231
1301193103,0.0686258,0.03160436
1301193104,0.06317459,0.048691764
1301193105,0.05881887,0.03999511
1301193106,0.067668416,0.05166428
1301193107,0.06685609,0.077925645
1301193108,0.06544073,0.052250784
1301193109,0.055132657,0.056402043
1301193110,0.0922663,0.08721074
1301193111,0.063954785,0.06229503
1301193112,0.07986533,0.09814868
1301193113,0.069557264,0.11412196
1301193114,0.055132657,0.0977019
1301193115,0.063124225,0.060602978
1301193116,0.03758806,0.051494505
1301193117,0.039545268,0.05065037
1301193118,0.08220103,0.075083114
1301193119,0.051246937,0.057360366
1301193120,0.036395952,0.04947122
1301193121,0.052354693,0.09203619
1301193122,0.038207136,0.06861452
1301193123,0.14922765,0.16226423
1301193124,0.054148324,0.065120004
1301193125,0.073312685,0.095106065
1301193126,0.06681809,0.07541043
1301193127,0.12934332,0.13611303
1301193128,0.04537503,0.10415635
1301193129,0.07166605,0.08315457
1301193130,0.03264306,0.046516694
1301193131,0.062859595,0.08423416
1301194101,0.33684102,0.33794123
1301194102,0.40320024,0.36267763
1301194103,0.35195386,0.37090245
1301194104,0.39391738,0.4264967
1301195101,0.65544933,0.5654556
1301195102,0.61681443,0.66314304
1301195103,0.75685555,0.6607411
1301196101,0.1724141,0.16971743
1301196102,0.14087254,0.15106177
1301196103,0.15781975,0.14729492
1301196104,0.19951728,0.23682229
1301196105,0.20501882,0.23042749
1301196106,0.26151708,0.29547262
1301196107,0.21191835,0.22608516
1301196108,0.31768495,0.33513921
1301196109,0.20716159,0.21006644
1301196110,0.27980158,0.25679767
1301197101,0.22750583,0.29317188
1301197102,0.1912635,0.25334942
1301197103,0.3815016,0.38662797
1301197104,0.44051778,0.4688018
1301197105,0.5579727,0.57770264
1301197106,0.5530472,0.55709887
1301198101,0.30734435,0.37925345
1301198102,0.5501341,0.49155217
1301198103,0.4985076,0.486848
1301199101,0.24766323,0.26910484
1301199102,0.27030754,0.35039
1301199103,0.2444853,0.30165115
1301199104,0.22339666,0.24557403
1301199105,0.28135088,0.337475
1301199106,0.27190933,0.33608875
1301200101,0.30489862,0.2777141
1301200102,0.3357204,0.29624566
1301200103,0.39255932,0.43441185
1301200104,0.3136684,0.40360466
1301200105,0.3355,0.4693517
1301200106,0.29580733,0.26948982
1301201101,0.20633942,0.30145165
1301201102,0.25545853,0.2586843
1301201103,0.6221393,0.6762175
1301201104,0.74068373,0.7855178
1301201105,0.57418174,0.64917684
1301201106,0.7106836,0.7491672
1301201107,0.675528,0.7494634
1301201108,0.7308551,0.80799425
1301201109,0.72815186,0.8553038
1301202101,0.55486506,0.59083414
1301202102,0.67181915,0.7140695
1301202103,0.7602533,0.825558
1301203101,0.3324292,0.39961898
1301203102,0.4101481,0.4607899
1301203103,0.45489642,0.48427257
1301203104,0.6664679,0.5279282
1301203105,0.5761404,0.5889303
1301204101,0.053663798,0.04640777
1301204102,0.11737389,0.16347533
1301204103,0.16287166,0.19983873
1301204104,0.08394915,0.10750897
1301204105,0.05366939,0.12110814
1301204106,0.19331086,0.1714579
1301204107,0.25852525,0.24313864
1301205101,0.111559615,0.12465783
1301205102,0.19923526,0.18762386
1301205103,0.15011576,0.15869083
1301205104,0.10365684,0.13075067
1301205105,0.2843034,0.28347054
1301205106,0.2505615,0.29909194
1301205107,0.26677704,0.27289706
1301205108,0.3422112,0.27414888
1301205109,0.31314862,0.3066966
1301205110,0.4624505,0.4471222
1301206101,0.08230151,0.0818874
1301206102,0.07842669,0.08200003
1301206103,0.044264182,0.08428983
1301206104,0.05429224,0.05337698
1301206105,0.07488734,0.07409473
1301206106,0.11649315,0.12003513
1301206107,0.11098035,0.14842752
1301207101,0.19206128,0.17154075
1301207102,0.20727375,0.17204985
1301207103,0.06652015,0.08715272
1301207104,0.11352787,0.13638638
1301207105,0.21390322,0.22744021
1301207106,0.19368166,0.18349414
1301207107,0.34946865,0.25687847
1301207108,0.28655764,0.23174237
1301207109,0.26725796,0.26072687
1301207110,0.1418849,0.15326378
1301207111,0.23446368,0.2597245
1301208101,0.13240308,0.060032055
1301208102,0.095148556,0.10819292
1301208103,0.069246486,0.10760669
1301208104,0.09980106,0.10276312
1301208105,0.11785345,0.124799386
1301208106,0.073443785,0.088617
1301208107,0.20577803,0.22566272
1301208108,0.27501675,0.22239529
1301209101,0.36974826,0.39752787
1301209102,0.37288502,0.35210383
1301209103,0.24067762,0.23768263
1301209104,0.48347434,0.5695179
1301210101,0.23738052,0.2751847
1301210102,0.39825207,0.52101284
1301210103,0.4431538,0.43108684
1301210104,0.5149041,0.6844356
1301210105,0.5054654,0.5720883
1301210106,0.48118633,0.5637113
1301210107,0.5498687,0.61465794
1301211101,0.10205942,0.09297023
1301211102,0.10604521,0.13016757
1301211103,0.106630825,0.12729904
1301211104,0.2378347,0.27059853
1301211105,0.27032855,0.26456216
1301211106,0.19457541,0.19022757
1301211107,0.16493644,0.17984559
1301211108,0.18759607,0.2019646
1301211109,0.17002709,0.17056556
1301211110,0.34804937,0.37583607
1301211111,0.28676972,0.2498608
1301211112,0.24696137,0.28708586
1301212101,0.42445758,0.4211846
1301212102,0.43653417,0.37020546
1301212103,0.48391956,0.45198196
1301212104,0.5344451,0.5130139
1311001101,0.14974183,0.15368098
1311001102,0.23118122,0.28491473
1311001103,0.31216353,0.39022538
1311001104,0.29863575,0.29584518
1311002101,0.24932969,0.22797908
1311002102,0.21956626,0.1370166
1311002103,0.15439852,0.12233373
1311002104,0.14320521,0.1254987
1311002105,0.25731394,0.22000495
1311002106,0.19502716,0.19331165
1311002107,0.26862305,0.2550638
1311002108,0.21267538,0.17454551
1311003101,0.24218655,0.270322
1311003102,0.2808463,0.31177992
1311003103,0.3526637,0.3830205
1311003104,0.30475533,0.39873978
1311003105,0.27139652,0.25370836
1311003106,0.43198133,0.43742767
1311004101,0.20050518,0.20066603
1311004102,0.17685091,0.14495386
1311004103,0.16569784,0.13810363
1311004104,0.2592907,0.26330972
1311005101,0.2587146,0.26420155
1311005102,0.22584422,0.16553628
1311006101,0.26254693,0.19655575
1311006102,0.26598424,0.26967555
1311006103,0.27135575,0.25292614
1311006104,0.27923146,0.29575953
1311007101,0.20252885,0.15030403
1311007102,0.20343478,0.19483723
1311007103,0.19953378,0.16328388
1311007104,0.17685091,0.12537439
1311008101,0.37721184,0.44203252
1311008102,0.39287943,0.35501927
1311009101,0.17766462,0.16748817
1311009102,0.15317807,0.13827074
1311009103,0.12919079,0.09260614
1311009104,0.23349468,0.20436376
1311011101,0.18426473,0.13330945
1311011102,0.1929182,0.19983505
1311011103,0.1390393,0.2109601
1311011104,0.26996374,0.2916279
1311011105,0.22895657,0.2024351
1311012101,0.3376512,0.38265288
1311012102,0.27144024,0.2710629
1311012103,0.3068289,0.35017028
1311013101,0.11603918,0.14721052
1311013102,0.096200496,0.11810689
1311013103,0.095102966,0.117165715
1311013104,0.08514696,0.12485682
1311013105,0.13058925,0.11353571
1311013106,0.096372016,0.094892465
1311013107,0.0535716,0.030503329
1311013108,0.15306279,0.1343819
1311015101,0.21963677,0.20820357
1311015102,0.22097656,0.23965313
1311015103,0.21695842,0.25470093
1311015104,0.25481352,0.2748395
1311015105,0.3179434,0.3398304
1311017101,0.45520857,0.52023625
1311017102,0.5228314,0.51191837
1311018101,0.23965767,0.27247593
1311018102,0.26549038,0.27496418
1311018103,0.3029354,0.36613885
1311019101,0.46406388,0.4779556
1311019102,0.372129,0.4376843
1311019103,0.4217678,0.49216986
1311019104,0.43637,0.503042
1311019105,0.70676553,0.6494764
1311019106,0.6403425,0.6388075
1311019107,0.56495315,0.5932182
1311019108,0.60380423,0.59650666
1311019109,0.57840806,0.62661356
1311020101,0.13338496,0.1390944
1311020102,0.18980694,0.1237474
1311020103,0.20762469,0.1525091
1311020104,0.15254623,0.114553295
1311021101,0.28370452,0.3665877
1311021102,0.4194942,0.39260238
1311021103,0.41572705,0.44239262
1311021104,0.545094,0.52425534
1311023101,0.22425255,0.19882414
1311023102,0.20731325,0.12581381
1311023103,0.1311,0.106649555
1311023104,0.18613343,0.11727342
1311023105,0.15550962,0.07626177
1311024101,0.30110905,0.32082036
1311024102,0.2803464,0.27083856
1311025101,0.20518287,0.21031673
1311025102,0.24105833,0.23121072
1311025103,0.28758287,0.3295043
1311025104,0.26798666,0.3094481
1311025105,0.30586246,0.26979223
1311026101,0.17042938,0.1710792
1311026102,0.16609426,0.15444796
1311026103,0.16267946,0.11887375
1311026104,0.18811956,0.15822223
1311027101,0.14234221,0.13141713
1311027102,0.09003806,0.094530806
1311027103,0.14604361,0.15721536
1311027104,0.10964089,0.106400184
1311027105,0.2143214,0.18786664
1311028101,0.14796177,0.095960945
1311028102,0.2039032,0.14117831
1311029101,0.2593297,0.20531183
1311029102,0.16528094,0.15406029
1311029103,0.20830241,0.1791523
1311029104,0.22354029,0.14759858
1311030101,0.35768536,0.38641602
1311030102,0.33115453,0.36681724
1311032101,0.43297887,0.48078927
1311032102,0.31640503,0.43535534
1311032103,0.30733308,0.35017195
1311032104,0.3632545,0.42889377
1311032105,0.34817654,0.42501843
1311032106,0.52561975,0.57832444
1311033101,0.1804037,0.21588999
1311033102,0.26068422,0.24067463
1311033103,0.29627505,0.2813888
1311033104,0.22505875,0.2038884
1311033105,0.29023504,0.31765023
1311033106,0.3331292,0.35008693
1311033107,0.27109325,0.31271273
1311034101,0.25321627,0.2018027
1311034102,0.28417894,0.33738452
1311034103,0.3627067,0.36981896
1311035101,0.20670359,0.18446544
1311035102,0.16707811,0.16252428
1311035103,0.2243983,0.18237796
1311035104,0.27228916,0.34264487
1311036101,0.2168552,0.2328767
1311036102,0.18674016,0.19224678
1311036103,0.18839306,0.2040846
1311036104,0.2874551,0.27410564
1311037101,0.23208906,0.23456863
1311037102,0.26775408,0.24102826
1311037103,0.23840347,0.22703381
1311037104,0.18822476,0.21843658
1311038101,0.17057844,0.16757287
1311038102,0.2202,0.13886134
1311038103,0.17214425,0.12799424
1311038104,0.13464998,0.113814294
1311038105,0.17822185,0.20454009
1311038106,0.14795394,0.12347768
1311038107,0.112230375,0.09160983
1311038108,0.16949704,0.17809954
1311038109,0.17866711,0.17084554
1311038110,0.23847412,0.218134
1311039101,0.15298192,0.12790312
1311039102,0.13586293,0.12110612
1311039103,0.17091385,0.14996648
1311039104,0.16239849,0.16006424
1311040101,0.17718829,0.17675954
1311040102,0.25776434,0.23100252
1311040103,0.13893217,0.13652009
1311040104,0.18125317,0.225271
1311040105,0.18807757,0.15578993
1311040106,0.17866427,0.1390944
1311040107,0.26175818,0.22119713
1311040108,0.27443877,0.28713915
1311040109,0.28116775,0.32427645
1311040110,0.26001582,0.3284884
1311041101,0.10073096,0.10017078
1311041102,0.062166225,0.0696645
1311041103,0.105901144,0.15311949
1311041104,0.060649686,0.041049566
1311041105,0.070431404,0.055109303
1311041106,0.09849886,0.097368635
1311041107,0.09693687,0.07989189
1311041108,0.09887321,0.120879844
1311041109,0.074508496,0.074943654
1311041110,0.121467724,0.072770946
1311041111,0.123677775,0.09071236
1311041112,0.08896119,0.08315072
1311041113,0.13196485,0.120297484
1311041114,0.08964012,0.03382514
1311041115,0.074041106,0.025283955
1311041116,0.13505524,0.14039828
1311042101,0.23965032,0.29102707
1311042102,0.26108313,0.23021762
1311042103,0.35276842,0.31944072
1311043101,0.3827854,0.4879249
1311043102,0.30062607,0.39314443
1311044101,0.15922563,0.11646925
1311044102,0.1413019,0.1332747
1311044103,0.2011475,0.18818285
1311044104,0.1984238,0.16352825
1311045101,0.1944168,0.19817376
1311045102,0.17755473,0.21075839
1311045103,0.32438362,0.32557237
1311046101,0.29503882,0.34941304
1311046102,0.23490195,0.3233847
1311046103,0.29508033,0.28454977
1311047101,0.1866076,0.16300055
1311047102,0.29350492,0.28310016
1311047103,0.23879945,0.25279677
1311047104,0.30668187,0.29394686
1311047105,0.21912347,0.26899877
1311048101,0.14149211,0.14138521
1311048102,0.14401414,0.12842734
1311048103,0.2413782,0.16691267
1311048104,0.20981808,0.15752813
1311048105,0.2822078,0.34193534
1311048106,0.50743234,0.6459688
1311048107,0.504398,0.4930475
1311048108,0.560834,0.5064594
1311048109,0.52535284,0.5461625
1311049101,0.46945515,0.5396202
1311049102,0.45997468,0.49823198
1311049103,0.6550317,0.5719117
1311050101,0.07381983,0.028213061
1311050102,0.07488132,0.04828632
1311050103,0.09088507,0.0675731
1311050104,0.103351116,0.1061545
1311050105,0.08294309,0.065278634
1311050106,0.0711833,0.0430364
1311050107,0.09319909,0.08072321
1311050108,0.06742539,0.0586961
1311050109,0.053204603,0.037117906
1311050110,0.06742539,0.04944906
1311050111,0.07474926,0.077115335
1311050112,0.07050321,0.06980361
1311050113,0.0735827,0.059824836
1311050114,0.06877969,0.063360244
1311050115,0.059389353,0.04944906
1311050116,0.078140065,0.0715657
1311050117,0.10933682,0.11810689
1311050118,0.076524876,0.063672766
1311050119,0.07053106,0.053119797
1311050120,0.047717996,0.051319808
1311050121,0.05109708,0.03657261
1311050122,0.05235201,0.061797142
1311050123,0.047154576,0.0647345
1311050124,0.07830126,0.09456523
1311050125,0.08083913,0.06845603
1311050126,0.06846712,0.06492061
1311050127,0.050279997,0.05465459
1311050128,0.045846134,0.03657261
1311050129,0.04011111,0.037098326
1311050130,0.15083303,0.13990119
1311050131,0.08641297,0.056729972
1311050132,0.06567402,0.052280076
1311050133,0.06877969,0.054421257
1311050134,0.07182733,0.055981625
1311050135,0.079580106,0.059099134
1311050136,0.05653196,0.061862547
1311050137,0.019219236,0.037996344
1311050138,0.043076396,0.056653176
1311050139,0.03264306,0.043194063
1311050140,0.13440982,0.08590889
1311050141,0.091239415,0.1255823
1311050142,0.060610507,0.112606615
1311050143,0.07501727,0.043637596
1311050144,0.027904782,0.032515563
1311050145,0.15602629,0.05676635
1311050146,0.15842043,0.12505607
1311050147,0.11283742,0.10788526
1311050148,0.16683769,0.13682948
1311050149,0.13389346,0.11244569
1311050150,0.08322566,0.04356428
1311051101,0.17030916,0.14843988
1311051102,0.19316955,0.16159298
1311051103,0.13330159,0.10316821
1311051104,0.19219995,0.14128074
1311052101,0.17057844,0.14318036
1311052102,0.14257644,0.11892782
1311052103,0.12398288,0.097001165
1311052104,0.1293347,0.12320142
1311052105,0.13590477,0.11821367
1311052106,0.18570852,0.18198553
1311052107,0.18845738,0.123578124
1311052108,0.2511122,0.22250286
1311052109,0.27524003,0.3403097
1311052110,0.34499118,0.33269998
1311053101,0.2350973,0.22838408
1311053102,0.25481257,0.24679434
1311053103,0.23092909,0.29631278
1311053104,0.22857685,0.19119139
1311053105,0.22193961,0.20292023
1311053106,0.21593751,0.19119139
1311054101,0.23779722,0.26490024
1311054102,0.18055362,0.1799245
1311054103,0.23995472,0.20535995
1311055101,0.3003863,0.3377345
1311055102,0.34843844,0.32247308
1311055103,0.2280659,0.2837747
1311056101,0.20167762,0.18316701
1311056102,0.19593123,0.18847692
1311056103,0.16286528,0.18104117
1311056104,0.31305104,0.3221963
1311056105,0.2757113,0.2967019
1311056106,0.26703623,0.3723263
1311056107,0.2727366,0.34366953
1311056108,0.57838005,0.6659149
1311057101,0.21206059,0.22592013
1311057102,0.16188537,0.20007956
1311057103,0.19843376,0.15998127
1311057104,0.38402948,0.42261454
1311057105,0.528538,0.43290418
1311058101,0.30760762,0.3719694
1311058102,0.27257583,0.31441152
1311058103,0.24464214,0.2917309
1311058104,0.23023735,0.2335075
1311058105,0.24225165,0.2868304
1311058106,0.32879153,0.41931185
1311058107,0.39575914,0.44492978
1311058108,0.4943306,0.45268822
1311059101,0.09920036,0.060859203
1311059102,0.08081128,0.07362334
1311059103,0.090199515,0.06851523
1311059104,0.049129542,0.06889022
1311059105,0.072470635,0.058169235
1311059106,0.047973577,0.049273673
1311059107,0.1173268,0.10220282
1311059108,0.07566431,0.12648945
1311059109,0.12439622,0.10447499
1311059110,0.059848137,0.058341928
1311061101,0.15309627,0.1288071
1311061102,0.1397056,0.12813273
1311061103,0.1415665,0.09022616
1311062101,0.20325865,0.1737442
1311062102,0.22863872,0.21974428
1311062103,0.2599684,0.2617737
1311062104,0.2775197,0.33477682
1311063101,0.18940526,0.14858909
1311063102,0.16872737,0.15943424
1311063103,0.22219965,0.18183379
1311063104,0.23012236,0.23061995
1311066101,0.28505698,0.3003411
1311066102,0.26380226,0.3113853
1311066103,0.3008055,0.3842682
1311067101,0.25224987,0.254009
1311067102,0.2663695,0.22694737
1311067103,0.22878109,0.1646137
1311067104,0.14781663,0.13155282
1311067105,0.19814199,0.21429369
1311068101,0.20543763,0.18602683
1311068102,0.22039375,0.14562994
1311068103,0.22936842,0.23503399
1311069101,0.3194279,0.40322617
1311069102,0.2233367,0.20782039
1311069103,0.28981543,0.36549485
1311069104,0.4455512,0.4267716
1311069105,0.49130407,0.55172276
1311070101,0.16481231,0.15403841
1311070102,0.25074264,0.2501877
1311070103,0.20265366,0.22674313
1311070104,0.21874206,0.17709516
1311073101,0.65096456,0.59659404
1311073102,0.60491055,0.62812287
1311073103,0.59221447,0.6176846
1311074101,0.2408514,0.22744612
1311074102,0.20658787,0.21103832
1311074103,0.23689519,0.22187646
1311075101,0.2948452,0.32661936
1311075102,0.2889898,0.38199186
1311075103,0.3382171,0.3974615
1311076101,0.16301547,0.13022056
1311076102,0.200577,0.19050711
1311076103,0.2120326,0.1810908
1311076104,0.18696027,0.19036636
1311076105,0.22124302,0.24227369
1311076106,0.3063055,0.35909024
1311078101,0.19475226,0.14933442
1311078102,0.20869377,0.2369654
1311078103,0.24991353,0.25667536
1311079101,0.18360826,0.19858176
1311079102,0.21107383,0.24680485
1311079103,0.20807424,0.15522356
1311079104,0.14115176,0.09729109
1311079105,0.17928883,0.14637887
1311079106,0.24227323,0.17901129
1311079107,0.22082657,0.20601317
1311079108,0.23224153,0.2767574
1311079109,0.4201795,0.45226726
1311079110,0.5254111,0.4990324
1311079111,0.44372514,0.46430227
1311079112,0.49876204,0.5742444
1311080101,0.16664267,0.19454673
1311080102,0.1898439,0.22193736
1311080103,0.2386318,0.23446311
1311080104,0.22940406,0.3010374
1311080105,0.23558708,0.24494733
1311080106,0.25463045,0.22016397
1311082101,0.16527808,0.16567354
1311082102,0.15084648,0.16355854
1311082103,0.20114684,0.17693503
1311084101,0.2761851,0.30961803
1311084102,0.34438545,0.30996498
1311084103,0.28112257,0.26250222
1311084104,0.30567074,0.32499772
1311084105,0.24738367,0.3415325
1311085101,0.28104624,0.28436577
1311085102,0.23147774,0.29829267
1311085103,0.22543629,0.20530689
1311085104,0.27538025,0.32984674
1311085105,0.53845817,0.49543452
1311085106,0.51873505,0.48124215
1311087101,0.19757028,0.22985767
1311087102,0.23894186,0.19363317
1311087103,0.23021784,0.22556579
1311087104,0.32699373,0.35961923
1311089101,0.23025747,0.21216176
1311089102,0.21712519,0.18847692
1311089103,0.16574223,0.15721202
1311089104,0.16106096,0.16085817
1311089105,0.24410431,0.2434689
1311089106,0.22488315,0.18382242
1311089107,0.17772746,0.20739481
1311089108,0.1815824,0.17580175
1311089109,0.21769027,0.24594039
1311089110,0.24842557,0.2713339
1311090101,0.22429904,0.23374836
1311090102,0.30019242,0.31339145
1311090103,0.32165816,0.21702227
1311090104,0.2540297,0.26691595
1311091101,0.3247953,0.28040776
1311091102,0.23726596,0.27277288
1311091103,0.22349122,0.26991758
1311091104,0.2478005,0.30367965
1311091105,0.40622783,0.38362682
1311092101,0.47480053,0.43240258
1311092102,0.47053143,0.47848216
1311092103,0.55010563,0.63345754
1311093101,0.10602354,0.08505638
1311093102,0.13321386,0.1268258
1311093103,0.14759834,0.11892782
1311093104,0.13679528,0.12336225
1311093105,0.11390911,0.10032362
1311093106,0.14484572,0.11826169
1311093107,0.16457923,0.14444703
1311094101,0.30484867,0.40117514
1311094102,0.46058547,0.49935627
1311095101,0.12938194,0.106252655
1311095102,0.1314824,0.1254987
1311095103,0.1690459,0.15188915
1311095104,0.22673441,0.21405256
1311096101,0.14442678,0.18032096
1311096102,0.23050128,0.22974345
1311096103,0.19418496,0.1826617
1311096104,0.24444535,0.33222133
1311096105,0.18849453,0.29203382
1311096106,0.18557476,0.16761899
1311096107,0.1761106,0.15406622
1311096108,0.23821396,0.31189638
1311096109,0.14124161,0.101711914
1311096110,0.31824142,0.342344
1311096111,0.43624493,0.4410828
1311096112,0.461243,0.39464313
1311097101,0.39859074,0.41452485
1311097102,0.3368835,0.31809938
1311097103,0.29457593,0.40223604
1311098101,0.3099005,0.3475819
1311098102,0.23602208,0.26235133
1311098103,0.29310936,0.30200627
1311098104,0.40158236,0.44460657
1311098105,0.4856989,0.5186827
1311099101,0.37185323,0.43456548
1311099102,0.5712349,0.6167017
1311099103,0.54269403,0.5830166
1311100101,0.1266221,0.16280434
1311100102,0.18888053,0.16933313
1311100103,0.16672513,0.14440414
1311101101,0.11598331,0.07384255
1311101102,0.13725893,0.1425003
1311101103,0.05185675,0.0693147
1311101104,0.10329345,0.08624281
1311101105,0.10283173,0.08302252
1311101106,0.06452923,0.07017811
1311101107,0.08993704,0.07642505
1311101108,0.08829581,0.09088169
1311101109,0.18136744,0.12792175
1311101110,0.23610534,0.19812575
1311102101,0.13661955,0.14146656
1311102102,0.10276327,0.13931032
1311102103,0.1450731,0.15143865
1311102104,0.15174872,0.14451405
1311102105,0.091606475,0.10010229
1311102106,0.061635155,0.07229614
1311102107,0.06648972,0.09398683
1311102108,0.11771686,0.110856436
1311102109,0.07581442,0.037905846
1311102110,0.49804515,0.46436778
1311102111,0.4415795,0.46345454
1311102112,0.3938336,0.4247812
1311103101,0.24834171,0.25077325
1311103102,0.29371777,0.22690327
1311104101,0.32031426,0.36076805
1311104102,0.5995629,0.6098802
1311104103,0.47691053,0.4411316
1311104104,0.5350103,0.5423002
1311105101,0.10643482,0.10069915
1311105102,0.1415395,0.15543872
1311105103,0.08624167,0.072720796
1321001101,0.19126514,0.16236109
1321001102,0.17467171,0.14995816
1321001103,0.25113013,0.2288564
1321002101,0.32703847,0.28285363
1321002102,0.38978288,0.37002876
1321004101,0.0984984,0.10257805
1321004102,0.16756628,0.17839143
1321004103,0.23991667,0.25915572
1321005101,0.123175055,0.056076042
1321005102,0.08943119,0.12842159
1321005103,0.06064206,0.070688345
1321005104,0.116232656,0.08452718
1321005105,0.13200592,0.1023069
1321005106,0.11239531,0.1307181
1321005107,0.09090116,0.09445584
1321005108,0.06958159,0.08021337
1321005109,0.09061309,0.079772115
1321005110,0.12632671,0.0984611
1321005111,0.3074806,0.32489347
1321006101,0.25239187,0.20609266
1321006102,0.23062871,0.21473931
1321006103,0.19864804,0.22067736
1321007101,0.13252887,0.092400976
1321007102,0.08508505,0.095375
1321007103,0.16729452,0.12034756
1321007104,0.24502978,0.29193088
1321008101,0.20025802,0.2092321
1321008102,0.27518046,0.25476253
1321008103,0.25034267,0.23957695
1321008104,0.20901655,0.19005606
1321008105,0.4167871,0.35766593
1321009101,0.17963652,0.13707113
1321009102,0.1634372,0.13815472
1321009103,0.25966483,0.26728505
1321009104,0.30673805,0.29266286
1321010101,0.094966784,0.07267812
1321010102,0.07298404,0.06323802
1321010103,0.090776,0.07695376
1321010104,0.12242183,0.07899632
1321010105,0.116392724,0.1258681
1321010106,0.0903858,0.040167406
1321010107,0.090918295,0.077559546
1321010108,0.09763413,0.0588297
1321010109,0.060297724,0.0465626
1321010110,0.13222696,0.14651814
1321010111,0.10289535,0.069988936
1321010112,0.050932195,0.048922706
1321010113,0.051466595,0.046954095
1321010114,0.116129026,0.100443475
1321010115,0.0888061,0.054843254
1321010116,0.16530718,0.09582032
1321010117,0.11775389,0.12142544
1321010118,0.09469924,0.09689804
1321010119,0.27793303,0.26278424
1321010120,0.2904442,0.24786985
1321010121,0.18717751,0.20270394
1321010122,0.36228752,0.31894526
1321010123,0.21235526,0.2735618
1321012101,0.2650173,0.2750214
1321012102,0.32080922,0.37882143
1321012103,0.36413044,0.39618012
1321012104,0.35086542,0.37375924
1321013101,0.13260405,0.114738464
1321013102,0.13135184,0.114738464
1321013103,0.23468873,0.21569443
1321014101,0.18713193,0.1484529
1321014102,0.16903315,0.1899822
1321014103,0.4150684,0.43024763
1321016101,0.20072986,0.19559233
1321016102,0.26811734,0.25133803
1321016103,0.26429415,0.28616682
1321016104,0.23934585,0.2252363
1321016105,0.29409945,0.2578532
1321016106,0.3290079,0.34701046
1321017101,0.056774687,0.0538575
1321017102,0.047400486,0.04844733
1321017103,0.057823274,0.04984156
1321017104,0.043191653,0.046211556
1321017105,0.052277,0.044817325
1321017106,0.04330876,0.05784552
1321017107,0.049342386,0.050146703
1321017108,0.07089964,0.07589487
1321017109,0.0856292,0.07589487
1321017110,0.08722931,0.06386884
1321017111,0.04336534,0.020347916
1321017112,0.018310165,0.014175974
1321017113,0.05396175,0.036083482
1321017114,0.058490742,0.045370225
1321017115,0.05011057,0.014361939
1321017116,0.045794662,0.007303333
1321017117,0.073701695,0.111346096
1321017118,0.05011057,0.034528553
1321017119,0.09333048,0.08755914
1321017120,0.27406397,0.28837863
1321017121,0.18953292,0.20132461
1321017122,0.22380811,0.219765
1321017123,0.20463254,0.19585373
1321018101,0.2905852,0.29310092
1321018102,0.35104546,0.29072985
1321019101,0.16162007,0.10957169
1321019102,0.14384131,0.077559546
1321019103,0.16492625,0.12250794
1321019104,0.14366065,0.09891422
1321019105,0.14449966,0.09712037
1321019106,0.16902171,0.14326793
1321019107,0.21807007,0.23820469
1321019108,0.33361262,0.32578558
1321019109,0.19975153,0.24492252
1321020101,0.11558451,0.10007633
1321020102,0.0870491,0.07423848
1321020103,0.1250953,0.11022614
1321020104,0.15001738,0.10649377
1321020105,0.048296012,0.044516467
1321020106,0.14270179,0.118539244
1321020107,0.15261608,0.10718833
1321020108,0.110411406,0.109687425
1321020109,0.17242682,0.15326743
1321020110,0.31580037,0.26396772
1321022101,0.23638733,0.220197
1321022102,0.21762954,0.1966426
1321022103,0.18146962,0.1661606
1321022104,0.10466667,0.085121185
1321022105,0.18213822,0.19549361
1321022106,0.19145274,0.1697032
1321022107,0.37965444,0.40301043
1321023101,0.18631592,0.16841254
1321023102,0.14611904,0.10240628
1321023103,0.18357868,0.13130328
1321023104,0.16773531,0.10900205
1321024101,0.14240001,0.13420539
1321024102,0.13215971,0.10597251
1321024103,0.15143059,0.106331214
1321024104,0.1213926,0.1258681
1321024105,0.13312562,0.14007664
1321024106,0.30046555,0.3050374
1321024107,0.31973842,0.28211892
1321024108,0.33243904,0.32036373
1321024109,0.26127967,0.2724502
1321025101,0.18232651,0.17517528
1321025102,0.18275574,0.15021329
1321025103,0.23917468,0.20439747
1321025104,0.15443252,0.15522547
1321025105,0.28242365,0.32179335
1321025106,0.37302443,0.33983484
1321026101,0.3248825,0.26054356
1321026102,0.43050784,0.47124597
1321026103,0.5284403,0.57539284
1321026104,0.3852534,0.4377231
1321026105,0.54351985,0.5434516
1321027101,0.38930896,0.45539623
1321027102,0.4123337,0.3221511
1321029101,0.14790587,0.113688685
1321029102,0.14721149,0.09425341
1321029103,0.12363469,0.115287334
1321029104,0.19427416,0.17324547
1321029105,0.2178602,0.19125143
1321029106,0.3666085,0.35734156
1321029107,0.2518207,0.3312666
1321031101,0.15182468,0.08532472
1321031102,0.16342725,0.18287715
1321031103,0.23969942,0.18364742
1321032101,0.120783456,0.08048917
1321032102,0.110472314,0.057392914
1321032103,0.06787104,0.085131645
1321032104,0.17286636,0.206296
1321032105,0.15866856,0.16917306
1321034101,0.107168235,0.07841953
1321034102,0.12189291,0.15352215
1321034103,0.17856276,0.13484101
1321034104,0.23027478,0.25712442
1321034105,0.20678714,0.14553249
1321035101,0.121225335,0.13011678
1321035102,0.2699039,0.286732
1321035103,0.2934897,0.36422482
1321035104,0.2753149,0.36031833
1321036101,0.17792071,0.14511712
1321036102,0.15347436,0.15381439
1321036103,0.14014946,0.15140083
1321036104,0.18076634,0.1672681
1321036105,0.25027534,0.23499091
1321036106,0.27826023,0.32697785
1321036107,0.51420367,0.5151031
1321036108,0.40618846,0.3801874
1321036109,0.36365545,0.35367072
1321037101,0.21407348,0.20987342
1321037102,0.21892112,0.23424602
1321037103,0.17198491,0.1398478
1321037104,0.21409805,0.20851305
1321037105,0.21785836,0.23301002
1321038101,0.1113981,0.07148713
1321038102,0.32672614,0.24760094
1321038103,0.38223448,0.29823938
1321038104,0.4054371,0.38666588
1321038105,0.35384053,0.37499925
1321038106,0.34774068,0.34145924
1321038107,0.30276638,0.30846894
1321038108,0.36841345,0.36710194
1321039101,0.14896277,0.15650113
1321039102,0.25592375,0.21722972
1321039103,0.14103775,0.09223894
1321039104,0.1232943,0.08849833
1321039105,0.1402221,0.08243668
1321039106,0.12820096,0.1059657
1321039107,0.20615682,0.1741926
1321039108,0.22082685,0.200588
1321039109,0.19553255,0.22240669
1321039110,0.27554795,0.27003923
1321040101,0.17217505,0.14240265
1321040102,0.32988852,0.33083168
1321040103,0.48550373,0.43981454
1321040104,0.4447174,0.500773
1321042101,0.14110953,0.10664899
1321042102,0.15104678,0.105532914
1321042103,0.12565126,0.11418954
1321042104,0.14008808,0.14253147
1321042105,0.37704527,0.41497165
1321042106,0.25114098,0.24871826
1321042107,0.26229778,0.25129825
1321042108,0.3364649,0.4181065
1321044101,0.17950441,0.12697579
1321044102,0.15208177,0.15229101
1321044103,0.16079098,0.1175785
1321044104,0.17440997,0.18402928
1321044105,0.38688913,0.37535512
1321044106,0.36539218,0.33811828
1321045101,0.16088888,0.10893883
1321045102,0.15206905,0.08459116
1321045103,0.24070753,0.19670066
1321046101,0.19746476,0.20756625
1321046102,0.36329576,0.48971897
1321047101,0.10579194,0.079119906
1321047102,0.095101304,0.0709222
1321047103,0.29353282,0.30612677
1321048101,0.12545943,0.081303924
1321048102,0.085745774,0.07776962
1321048103,0.08747965,0.067491524
1321048104,0.10496138,0.07985631
1321048105,0.09175176,0.08276464
1321048106,0.12093916,0.07895377
1321048107,0.2361257,0.2261914
1321048108,0.2117095,0.18592022
1321049101,0.09277457,0.079119906
1321049102,0.12732582,0.09933889
1321049103,0.14950117,0.11171318
1321049104,0.17792413,0.17518203
1321049105,0.38661343,0.42798433
1321049106,0.36113757,0.34204578
1321050101,0.1428206,0.14184222
1321050102,0.19199362,0.17890449
1321050103,0.20354082,0.16589674
1321050104,0.18110283,0.17340924
1321051101,0.13607137,0.10718833
1321051102,0.18953112,0.17747673
1321051103,0.34638926,0.36442557
1321051104,0.2670394,0.23099543
1321051105,0.37198165,0.38429204
1321051106,0.38296294,0.4371033
1321052101,0.12946893,0.12677975
1321052102,0.15636478,0.13789928
1321052103,0.17903394,0.18572378
1321052104,0.3827585,0.36193815
1321052105,0.34875557,0.37733242
1321052106,0.2940493,0.31413552
1321053101,0.18852483,0.18958686
1321053102,0.22505999,0.26613075
1321053103,0.23982581,0.21436459
1321054101,0.15197764,0.14314952
1321054102,0.14400816,0.13930468
1321054103,0.30177996,0.35440812
1321054104,0.40790698,0.40909734
1321054105,0.35365254,0.35474125
1321055101,0.12428147,0.10820935
1321055102,0.11123474,0.11187356
1321055103,0.16181335,0.10469026
1321055104,0.19762099,0.18589689
1321055105,0.2539162,0.22767872
1321055106,0.2962677,0.32471618
1321056101,0.05130602,0.055323277
1321056102,0.053663798,0.08194603
1321056103,0.05270244,0.05160333
1321056104,0.0882739,0.06639136
1321056105,0.062126476,0.06392548
1321056106,0.0953505,0.07407651
1321056107,0.05666425,0.038713157
1321056108,0.08963732,0.059967265
1321056109,0.061218265,0.04640777
1321056110,0.07829012,0.060833294
1321056111,0.06688053,0.05522944
1321056112,0.038345657,0.048195686
1321056113,0.06478864,0.07830087
1321056114,0.06739135,0.044099983
1321056115,0.12043131,0.116502024
1321056116,0.19974732,0.23622395
1321057101,0.20959322,0.18703482
1321057102,0.1934171,0.17991905
1321057103,0.2093155,0.24101034
1321057104,0.31118435,0.24856794
1321057105,0.2272612,0.2270614
1321057106,0.22591957,0.20609266
1321057107,0.21265395,0.18614326
1321057108,0.37480757,0.47707632
