sim_sample,gb_census_mun,gb_gis_mun,gb_all_mun,gb_census_psu,bart_census_mun,bart_gis_mun,bart_all_mun,bart_census_psu,rf_census_mun,rf_gis_mun,rf_all_mun,rf_census_psu,lasso_census_mun,lasso_gis_mun,lasso_all_mun,lasso_census_psu,ols_census_mun,ols_gis_mun,ols_all_mun,ols_census_psu,eb,uc,hyperopt_census_mun
1,.2002596,.2039586,.2001008,.200109,.2001041,.2035902,.2001678,.2001574,.2003177,.2027034,.2001947,.2003871,.2003261,.2056814,.2002227,.2003333,.2044478,.2046851,.2004617,.2021997,.200027,.2000356,.2002596
2,.2003065,.2029192,.2003464,.2001583,.2002885,.2033386,.2001785,.200029,.2000802,.203351,.2002029,.2001093,.2003871,.2057119,.2003552,.200372,.2033378,.2053282,.2007351,.2019338,.199676,.1998134,.2003065
3,.2003184,.2044083,.2004284,.2003392,.2001072,.2037221,.2002276,.2002254,.2004025,.2039372,.200434,.2001728,.2004082,.2058007,.2004357,.2005949,.2025773,.2045031,.2003578,.2021006,.1997769,.2005489,.2003184
4,.1999696,.2037393,.1999467,.2002215,.1999205,.2033972,.2001196,.2001142,.1998903,.2029135,.2001096,.2001811,.2003545,.2065788,.2003325,.2005873,.2026972,.2054099,.2005107,.2021927,.2000948,.2001637,.1999696
5,.2003158,.2036623,.2002638,.1999869,.2003129,.2034338,.200158,.200022,.2001595,.2037862,.2001656,.2000355,.20034,.205742,.2001886,.2005035,.2035375,.2044614,.2001663,.2018378,.1998287,.1998283,.2003158
6,.2000612,.2031936,.2002532,.2002164,.1997804,.2035071,.2000612,.200135,.1999604,.2035941,.2003686,.2003048,.2002023,.2068782,.2002368,.2002867,.2026222,.2050421,.2000892,.2015835,.2001669,.2000757,.2000612
7,.2002382,.2040079,.2003092,.2001271,.2000379,.2040121,.2001798,.200038,.2000722,.2031253,.2004254,.2003191,.2003395,.2060308,.2003849,.2003696,.2031782,.2046723,.2007345,.2024717,.1997378,.2003537,.2002382
8,.2003461,.2034325,.2004985,.2002905,.2001149,.2032727,.200078,.2001306,.2002005,.2032817,.2003426,.2001664,.2005898,.2063015,.2004142,.2003786,.2026722,.2049408,.2002765,.2017046,.1999367,.2003472,.2003461
9,.2000951,.2038804,.2001447,.2000782,.2003424,.2037333,.1999521,.200148,.2000146,.2028433,.1999032,.200217,.2003361,.2068439,.2002935,.2005695,.2029294,.2049727,.2006277,.2018524,.1998096,.2000573,.2000951
10,.2002511,.2041586,.2001806,.2002784,.2000665,.203653,.2000033,.2003714,.2003016,.2026729,.2000382,.2002888,.2001827,.2062645,.2000063,.200236,.2030508,.2048246,.2005617,.2019064,.2001968,.2000814,.2002511
11,.2003596,.2040648,.2001965,.2000829,.2000274,.203636,.2002653,.2000078,.2002324,.2027815,.2003231,.2001416,.2003506,.2060285,.2001778,.2004301,.2025439,.2047262,.2003815,.2020934,.1999775,.2001025,.2003596
12,.2001673,.2039855,.2003663,.2001238,.2001522,.2031825,.2001566,.2001477,.2000724,.2028616,.2000756,.2002051,.2001833,.2070384,.2003727,.2006683,.2030267,.2047325,.2004877,.2019937,.1999076,.2005268,.2001669
13,.2002365,.2025962,.2001738,.2001522,.2000251,.2029927,.2001638,.2001651,.1998574,.2037345,.2001151,.2000103,.2003907,.2058913,.2003469,.2004481,.2025092,.204512,.2002656,.2015032,.1997673,.1998977,.2002365
14,.200397,.202898,.2003232,.2000605,.1999513,.2032234,.2000671,.199921,.2000958,.2029075,.2002885,.200005,.2002465,.2067932,.2002771,.2003339,.2034631,.2048438,.2006346,.2021306,.1999787,.2000549,.200397
15,.2002553,.2037733,.2003041,.2002618,.2001487,.2035144,.2003057,.2003255,.2003155,.2039404,.2007241,.2003422,.2002865,.2067667,.2002604,.2004299,.2030418,.204426,.2007631,.2020111,.2001834,.2001346,.2002553
16,.2003552,.2034177,.2001509,.200015,.2002017,.2032929,.2002335,.2000438,.2002503,.2023827,.2001562,.2000332,.200082,.2059832,.2000523,.2004019,.2033808,.2049702,.2004657,.2021057,.1999145,.2001441,.2003552
17,.2003029,.2030212,.2000087,.2002094,.2001053,.2037679,.1999086,.2000774,.2003898,.2031835,.200273,.2000887,.200369,.2052411,.2003547,.2002399,.2026695,.2049442,.200677,.2017865,.1998374,.2002118,.2003029
18,.2002789,.204054,.2004662,.2002568,.2004026,.2039579,.2003975,.2000739,.2004361,.2037559,.2004239,.2003117,.2002663,.2061149,.2003542,.2006027,.2033617,.2051046,.2006959,.2026818,.1999634,.1999569,.2002789
19,.2004039,.2032671,.2002553,.2002097,.2000909,.203188,.2001219,.2001263,.2000394,.2040449,.2001718,.2002875,.2002271,.2061703,.2002821,.2005234,.2035112,.2054469,.2010016,.2017916,.1998447,.199909,.2004039
20,.2002769,.204003,.2004997,.2001065,.2002787,.2034881,.2003966,.2001868,.2005221,.2027444,.2007005,.2003165,.2002172,.2066596,.2002316,.2003286,.2031104,.2046573,.200429,.2021936,.200187,.2001329,.2002769
21,.2003259,.204089,.2005224,.200417,.2003485,.2036987,.2003595,.2001237,.2002725,.2032382,.2006037,.2001601,.2003114,.2057485,.2002989,.2002837,.2020755,.2051163,.2007999,.2022211,.2000629,.2000439,.2003259
22,.2003187,.2031218,.2002999,.2001652,.2003037,.2035038,.2001862,.2003898,.2002512,.2035454,.2004154,.2002093,.2003171,.2063961,.2001636,.200365,.2034822,.2048285,.200354,.2021391,.1999718,.200143,.2003187
23,.2003187,.203459,.2003274,.2002202,.2000085,.2034627,.2001527,.2002866,.2000888,.2030987,.2006538,.2001258,.2001909,.2067402,.2003457,.2004441,.2024543,.205276,.2008205,.2020667,.1999427,.2001965,.2003187
24,.2001681,.2043125,.2004713,.2002087,.1999983,.204057,.2002963,.2002245,.2000411,.2031573,.2004888,.2000899,.2002095,.2067595,.2002243,.2003751,.2026095,.2045038,.2005748,.2022284,.1997812,.2001574,.2001681
25,.2003536,.2034271,.2004188,.2000743,.2001304,.2031209,.2002856,.2000733,.2002347,.2029729,.2004115,.1999782,.20024,.2069473,.2003559,.200349,.2032155,.2051018,.2003909,.2019177,.1998002,.2003845,.2003536
26,.199843,.2028749,.2002569,.2002238,.1999926,.2029833,.2000357,.2001458,.1998906,.2035051,.2000019,.2001479,.2000633,.2065004,.2000165,.2003488,.2026278,.2046419,.2002693,.2020422,.1996,.1997599,.199843
27,.2000421,.2040021,.2001519,.200177,.2000801,.2038153,.2000176,.2002213,.1998253,.203611,.2002509,.200188,.2001752,.2058261,.2001286,.2004301,.2024502,.2045277,.200018,.2024396,.2000418,.2004345,.2000421
28,.2001458,.2032587,.2000958,.2000508,.1999416,.2030966,.2001546,.2000795,.1999837,.2028059,.2002846,.199958,.2000192,.2068467,.2001935,.2002258,.2025967,.2043792,.2006408,.2022378,.199806,.1998207,.2001458
29,.2006302,.2036978,.2005741,.2001952,.2002661,.203571,.2006134,.2000642,.2003742,.2034205,.2006991,.20003,.2002684,.2067035,.2001989,.2003207,.2029569,.2048215,.2006072,.2013853,.1997987,.1999685,.2006302
30,.1999828,.2028993,.2003855,.2000024,.1997414,.2032046,.2001431,.1999766,.1998113,.2026124,.2001322,.200137,.2002632,.2062254,.2002064,.2002632,.2018951,.2050759,.2003289,.2020378,.1999853,.200125,.1999828
31,.2003212,.2041247,.2004607,.2001012,.2001699,.2034192,.2004512,.2000204,.200331,.2026735,.2000744,.2001742,.2003037,.2058734,.2004836,.2003665,.2042535,.205067,.2007805,.2022943,.2000756,.2000657,.2003212
32,.1998901,.2043405,.2002095,.2002123,.1999977,.2035758,.2002284,.2001353,.2001188,.2046523,.2004323,.2001419,.2004605,.2058103,.2002514,.2005674,.2031078,.2048753,.2005932,.2015189,.1998067,.2001374,.1998901
33,.2004113,.2036709,.2004509,.2002702,.2002342,.2033102,.2001133,.2000974,.2001157,.2027218,.1999833,.2001631,.2003262,.2065601,.2003035,.2003732,.2026327,.2050904,.2006603,.2019392,.1998936,.2001385,.2004113
34,.2002066,.2045764,.2003965,.2000719,.2000865,.2036165,.2003096,.2001708,.2002571,.2043413,.2002916,.200132,.2002644,.2055922,.2002343,.2004123,.2025861,.2049803,.2005139,.2021594,.1998123,.1998456,.2002066
35,.2001935,.2022248,.2001111,.1998463,.2001049,.2038881,.2001369,.1998119,.2000378,.2025524,.200288,.1999212,.2002308,.20656,.2003055,.2003119,.203415,.2045317,.2008003,.2021957,.2002541,.200155,.2001935
36,.2001723,.2038436,.2002522,.2001294,.2000757,.2034748,.2001539,.2001462,.1999349,.203767,.2002529,.2002199,.200479,.2063261,.2003609,.2002537,.2030117,.2048424,.2005195,.2020082,.2000125,.2000136,.2001723
37,.200001,.2027106,.1999952,.200245,.1999259,.2032287,.1999456,.2000541,.1999709,.202846,.2003355,.2001548,.2002854,.2057425,.200273,.2003459,.2030293,.2044256,.2003801,.2020722,.1997862,.2001204,.200001
38,.2004356,.2041529,.2003095,.2001641,.2001577,.2040596,.200372,.2000011,.2003922,.2042972,.2005747,.2001644,.2002081,.2056762,.2001708,.2003188,.2028304,.2047436,.2003039,.2025399,.20022,.200193,.2004356
39,.2002999,.203741,.200467,.2002857,.1999998,.2027792,.2001926,.1999976,.2001937,.2029109,.2002066,.2000163,.2003243,.2065372,.2002601,.200369,.2034071,.2047549,.2004669,.2024654,.2002967,.2004137,.2002999
40,.2003799,.2036026,.2005152,.2001818,.2002668,.2038876,.200367,.2001471,.2008636,.2038353,.200703,.2001294,.2003714,.2061103,.200415,.2004273,.2026058,.2052061,.2010863,.2020486,.1999861,.200286,.2003799
41,.2001641,.2040557,.2002754,.2001821,.2000074,.2034501,.2000563,.200136,.1999807,.2049058,.2000497,.2001833,.2003521,.2064192,.2000943,.2003936,.2027936,.2052392,.2007686,.2018368,.19992,.2002144,.2001641
42,.2002324,.2022222,.2001765,.1999701,.2000432,.2028846,.2001502,.1999207,.1999526,.2021495,.1999772,.1999976,.2001831,.2055528,.2001939,.2003309,.2027715,.2046133,.2002425,.201622,.1997546,.1999796,.2002324
43,.2002723,.2028553,.2004504,.2002306,.2000089,.2034054,.2004173,.2001447,.2001749,.2027318,.2003803,.2001814,.2000494,.2071453,.2001471,.200445,.2024794,.2048699,.2002148,.2020082,.1998521,.2000085,.2002723
44,.2003973,.203643,.200496,.2002383,.2002176,.203591,.2001208,.2002038,.2003465,.2041225,.2004107,.2000394,.2003217,.2060736,.200169,.2003907,.2032916,.2050423,.2006983,.2025372,.1996285,.1999747,.2003973
45,.200151,.2026121,.2001765,.2002666,.2000138,.2033219,.2001834,.2001908,.2000014,.2030852,.2004087,.2000794,.2002813,.2072203,.2003153,.2002887,.2026853,.2054639,.2006487,.201933,.1997267,.1998044,.200151
46,.200133,.2032791,.2003032,.2001296,.2000412,.2033625,.2000844,.1999748,.2002038,.2030557,.2002471,.1999877,.2003303,.2064783,.2000809,.2002863,.2022496,.2052648,.2007614,.2018967,.1996996,.2000081,.200133
47,.1999677,.2045299,.2000739,.200031,.1999961,.2039269,.2001688,.1999307,.2000356,.2029987,.2002198,.2001272,.2002451,.2066562,.2001942,.2003091,.2036341,.2048826,.201301,.2022315,.199912,.2000329,.1999677
48,.2008754,.2037923,.200672,.2001595,.2004443,.2036334,.2006462,.2000593,.2007119,.2030713,.2005494,.2002597,.2004286,.2064669,.2003592,.2003097,.2033536,.2046477,.2005408,.2020643,.199812,.1998714,.2008754
49,.2001803,.2031724,.2000784,.2001162,.2001258,.203012,.2002834,.2001758,.2001024,.2030292,.2002774,.2001619,.2002707,.2056196,.200307,.2004579,.2024461,.2048736,.2004758,.2023612,.1999682,.2002272,.2001803
50,.2003265,.203856,.2003723,.2001741,.2001633,.2034944,.2000979,.2001781,.2002489,.2028982,.200184,.2001213,.200118,.2066562,.2001692,.2003313,.2036331,.2047316,.2006659,.2020196,.1999609,.2005438,.2003265
51,.2006062,.2035064,.2004114,.2001859,.200167,.2034907,.2001494,.2002472,.200707,.2036111,.2004577,.200177,.2003373,.2059979,.2005661,.2002404,.2024766,.2047588,.2007227,.2016618,.2000642,.2000571,.2006062
52,.2001242,.2031111,.2002963,.2000869,.1998891,.2034331,.2000714,.1999343,.19993,.2031238,.200169,.1999949,.200396,.206452,.2003192,.2002607,.2025661,.2042024,.2002394,.2019805,.1996959,.1998803,.2001242
53,.2003268,.2036353,.2008056,.2000959,.1999713,.2039283,.200116,.2001371,.2001522,.2026889,.2005237,.2000774,.2001621,.2061924,.200237,.2004152,.203215,.2053938,.2006217,.2025296,.2000457,.2002275,.2003268
54,.2003457,.2022283,.2000045,.2002165,.2001232,.203323,.2002092,.2001699,.19997,.2025903,.200052,.2000379,.2002854,.2067156,.2002957,.2003598,.2026407,.2048544,.2008488,.2021729,.1999001,.2000524,.2003457
55,.2002831,.2050932,.2002715,.2002186,.2001188,.203711,.2001154,.2002234,.2001626,.2049342,.2004306,.2003112,.2002135,.2063495,.2002509,.2004251,.2036805,.2046669,.200476,.2026429,.199841,.1997691,.2002831
56,.2001111,.2038471,.2001579,.2002243,.1998845,.2027977,.1999731,.1998911,.1998551,.2022487,.2005164,.1999135,.2002836,.2053842,.2003096,.2003599,.2027577,.204733,.2006467,.2018718,.1998308,.1999826,.2001111
57,.2007306,.2040345,.2003589,.1999502,.2005504,.2040291,.2003979,.1999922,.2004565,.2035189,.200389,.2000705,.200263,.2063836,.2003653,.2003794,.2033461,.2050606,.2006516,.2019743,.1998435,.1998133,.2007306
58,.2005843,.2033612,.2004445,.2002496,.2002048,.2031943,.200165,.1999596,.2004297,.2034167,.2004241,.2000432,.2002912,.206979,.2003497,.2002761,.2025435,.2044225,.2004523,.2022718,.1999053,.2001705,.2005843
59,.2002782,.2039699,.2004657,.2001789,.200005,.2030558,.2000964,.2001016,.2001212,.2029799,.2001165,.200157,.200245,.2069752,.2001787,.2003114,.2024697,.2045851,.2005177,.2019551,.1999439,.2002839,.2002782
60,.2002115,.2038485,.2006807,.200168,.2002081,.203719,.2000024,.2003882,.2002058,.2028428,.2000537,.2000965,.20038,.2059776,.2003929,.2004043,.2029683,.2053027,.2004391,.2018624,.2000924,.1999787,.2002115
61,.2004815,.2034925,.2005717,.2002715,.2002246,.2033901,.2003513,.2001555,.2004618,.2029101,.2004351,.2002849,.2004149,.2059905,.2005191,.2003702,.203713,.2052906,.2007248,.201945,.1999736,.2000181,.2004815
62,.2000382,.2030035,.2000833,.2001272,.1999943,.2032409,.2000648,.2000963,.2001771,.2025947,.2001622,.2000953,.2001869,.2062038,.2001226,.2005829,.2023263,.2045873,.2007546,.2019183,.2000014,.2000816,.2000382
63,.2006344,.2038936,.2002764,.200363,.2002811,.2032781,.2002669,.2002059,.2000589,.2032736,.200409,.2001461,.2005394,.2062912,.2004837,.2004355,.2027602,.2052862,.2007953,.2018835,.1998875,.2001841,.2006344
64,.2002144,.2028604,.2003914,.2002561,.2002096,.2037348,.2002491,.200135,.2001137,.2031066,.2001411,.200148,.2003982,.2060011,.2003698,.2005181,.2037743,.2045823,.2005408,.2023696,.199849,.1997716,.2002144
65,.2003088,.2038183,.2002514,.2002614,.2001995,.2031242,.2001968,.2002221,.2000386,.2026134,.200295,.2000546,.2003669,.2061507,.2004319,.2005046,.2039193,.205062,.2005297,.2022969,.1999916,.2001259,.200309
66,.2003644,.203105,.2006885,.2000742,.1999935,.2036687,.2002882,.1998872,.2004451,.2027589,.2006859,.2000493,.2001567,.2061929,.1999817,.2001905,.2025663,.2049577,.2004069,.2018838,.2005573,.200057,.2003644
67,.200688,.2040348,.2004572,.200231,.200228,.2032608,.2000872,.1999828,.2001911,.203252,.2001637,.2000802,.2002033,.2064051,.20015,.2004188,.2033515,.2048422,.2003818,.2020391,.2001321,.2001763,.200688
68,.2002628,.2037104,.2003861,.2001305,.2001575,.203348,.2004351,.2000458,.2002912,.2025524,.2004775,.2004924,.2001837,.206693,.2001878,.2003392,.203323,.2053252,.2006977,.2019002,.1997557,.1999342,.2002628
69,.2001346,.203494,.2001888,.200056,.2000222,.2034712,.2000974,.2001347,.200012,.2040796,.2001676,.2001019,.200196,.2067339,.2001968,.2003927,.203112,.2046766,.2005628,.2024819,.2001071,.1999203,.2001346
70,.2002206,.2042471,.2005761,.2003683,.1998795,.2041925,.2001352,.2002245,.2001942,.2030349,.2008316,.2001681,.2002594,.2062664,.200365,.2006049,.204176,.2049483,.2008509,.2024413,.199983,.2001358,.2002206
71,.2003851,.2037494,.2002959,.2001956,.2003449,.2036133,.2001024,.2000957,.2004469,.2030126,.2005501,.2001951,.2001907,.206371,.20031,.2005367,.2037489,.2049746,.2005785,.2013905,.2000384,.2001355,.2003851
72,.2003696,.2047672,.2004602,.200294,.2003447,.2030945,.2002274,.2002246,.2003102,.2027535,.2002571,.2001554,.2003922,.2068014,.2003045,.2004379,.2030291,.2042259,.200753,.201896,.2000086,.1997701,.2003696
73,.2002406,.203682,.2003591,.2002577,.2002342,.2031781,.2003129,.2001732,.2003885,.2036958,.2003094,.2002182,.2004704,.2064045,.2004636,.2003904,.2034094,.2040146,.20057,.2018043,.2002153,.2001563,.2002404
74,.2002469,.204302,.1999911,.2002777,.1998875,.2031887,.2000063,.2000657,.2000587,.2023317,.2000639,.1999996,.2002253,.2054273,.2003348,.200536,.2028246,.2047261,.2003225,.2021311,.2003881,.2002077,.2002469
75,.2005007,.2036439,.2005126,.2001732,.2002798,.2035826,.2001799,.2001793,.2004026,.2034637,.2002962,.2002936,.2003584,.2066401,.2005647,.2003258,.2040426,.2047585,.2005344,.2019304,.1997649,.2003565,.2005007
76,.2003402,.2036323,.2003286,.2001798,.2002164,.2037004,.2001361,.2002464,.2003512,.2028777,.200364,.2003989,.2003286,.2065305,.2002654,.2004615,.2034037,.2047418,.2008017,.2021596,.2001793,.1998161,.2003402
77,.2005179,.2040621,.2006665,.2001728,.2003766,.2038335,.2005269,.2001831,.200455,.2035211,.20052,.2002046,.2003892,.2071065,.2005125,.2003945,.2035596,.2046954,.2005519,.2022637,.1997953,.2002246,.2005179
78,.2002537,.2032237,.200218,.2002763,.199939,.2036208,.2000513,.2002998,.2000323,.203892,.200115,.2000521,.2002929,.2060184,.200297,.2004701,.2029126,.2046205,.200509,.2022046,.2000273,.2000972,.2002537
79,.2002643,.2034661,.2000091,.1999537,.1999467,.2033801,.1999724,.1999507,.1998506,.203543,.1998523,.2000186,.200319,.2055974,.2001078,.2002537,.2025608,.2054609,.2007264,.2017905,.1996506,.20018,.2002643
80,.2006917,.2039209,.2004341,.2002913,.1999967,.2033144,.1999789,.2001598,.2004369,.2032014,.2006781,.2000318,.2004137,.2053581,.2003786,.2004815,.2035026,.2050053,.2007078,.2018841,.1998011,.2000074,.2006917
81,.2001601,.2040239,.2003315,.2001853,.2002115,.2037871,.2001612,.1999246,.2003138,.2041201,.2009768,.2000941,.2002647,.2056838,.2002958,.2003457,.2022724,.2048398,.2006757,.2021543,.1998205,.1999103,.2001601
82,.1998005,.2024982,.2003712,.2000408,.2000235,.203386,.2000812,.1999357,.200015,.2031084,.2005135,.2000758,.200348,.2068064,.2004206,.200274,.2033447,.2050688,.2002838,.2017151,.1998046,.2000889,.1998005
83,.2003433,.2034121,.2004926,.2001359,.2005282,.2035023,.2001897,.200237,.2007182,.20412,.2006969,.2001222,.2003775,.2058401,.200293,.2002409,.2031064,.2048219,.2005414,.2020558,.1997531,.2001319,.2003433
84,.2001265,.2037269,.2002473,.1999697,.2001085,.203672,.2001781,.2000995,.2002044,.203033,.2002336,.200151,.2002946,.2064909,.2002723,.2002527,.2036675,.2047147,.200968,.2021171,.2000802,.2001463,.2001265
85,.2000717,.2045478,.2004731,.2001646,.2001666,.2035142,.2005749,.1999976,.2004569,.2034571,.2007933,.2000701,.2004044,.2054229,.2003005,.200308,.2040521,.2051838,.2004586,.2025995,.2000505,.2006066,.2000717
86,.2001588,.2043079,.2002872,.2003188,.2001724,.2030753,.2001813,.2002384,.2003828,.2048739,.2003038,.2003879,.2003321,.207224,.2005746,.2003898,.2033935,.2049491,.2006119,.2021081,.2000532,.2000403,.2001588
87,.2002025,.2034539,.2000978,.2001618,.2001387,.2031575,.2000671,.2001445,.2001371,.2027686,.2003016,.1999267,.200256,.2062446,.2001883,.2002911,.2024002,.2047683,.2003454,.2018501,.1998363,.2002926,.2002025
88,.2000324,.2033841,.2002686,.2000261,.1997574,.2042177,.2001577,.1999619,.1999341,.2029728,.2001509,.2000224,.2002875,.2068558,.2003263,.200318,.2028059,.204724,.2008433,.2022796,.1999144,.1999686,.2000324
89,.2002876,.2034362,.2003511,.2001633,.2000414,.2027173,.200287,.2002229,.1999276,.2023482,.200085,.2001243,.2001996,.2060457,.2003212,.200305,.2018529,.2046372,.2005235,.2019526,.199815,.200459,.2002876
90,.2003495,.2039017,.200185,.1999667,.2001811,.2034512,.2000284,.1999965,.2000746,.2026721,.2000526,.1999995,.2001892,.206695,.2001691,.2002105,.2023911,.2047159,.2005479,.2018921,.1999571,.2000114,.2003495
91,.2004946,.2043879,.2004442,.2000931,.2002711,.2039925,.2002917,.2001404,.2005401,.2046398,.2002264,.2002717,.2003415,.2061107,.2004748,.2003683,.2041233,.2043226,.2006961,.2023455,.1999676,.1999865,.2004946
92,.2002071,.2031243,.2002328,.2002253,.2001073,.20331,.2002743,.2002091,.2003141,.2030261,.2006001,.2000979,.2003297,.206197,.2002076,.2006759,.2033326,.2046608,.2006912,.2020611,.1998293,.2001108,.2002071
93,.2003723,.2029456,.2003935,.2001317,.2001644,.2036087,.2001493,.2002608,.2004023,.2034959,.2002563,.2000858,.2002295,.2064218,.2004621,.2003103,.2027335,.2044324,.2004376,.2021524,.200017,.2000364,.2003723
94,.2001747,.2034447,.2002901,.2001893,.200025,.2036213,.2001504,.2001704,.1998455,.2029634,.2000859,.2001956,.2002894,.2066852,.2002686,.2002996,.2026351,.2046946,.2001731,.2022911,.2000994,.2001729,.2001747
95,.2001997,.2030036,.2005244,.1999682,.2001857,.203742,.200317,.2000884,.2000851,.2027962,.2001742,.2001559,.2002256,.2070407,.2002612,.2003044,.2024705,.2051245,.2005496,.2019498,.1999079,.2002663,.2001997
96,.2001982,.2033329,.2001956,.2002722,.200023,.20338,.2000143,.2000818,.2001718,.203986,.2002103,.2001299,.2000394,.2062735,.2000766,.2003178,.2032724,.2049961,.2001572,.2024553,.2000651,.20011,.2001982
97,.2002304,.2037338,.2002782,.2003068,.199905,.2035698,.2000547,.2001332,.2000786,.2037803,.2002507,.2001327,.2001821,.2059214,.2002112,.2003766,.2035942,.2051451,.200324,.2018135,.1998256,.2002549,.2002304
98,.2001252,.2034717,.2000592,.2000525,.1999009,.203184,.1999817,.2001233,.2000776,.2030762,.2000676,.2000793,.2003582,.2063477,.2002594,.2003837,.2024387,.2045639,.2005294,.201934,.1998883,.2003946,.2001252
99,.2003117,.2035893,.2005285,.2002251,.2001613,.2034567,.2001893,.2001077,.2002116,.202653,.2006367,.2000322,.2004596,.206879,.2004031,.2005354,.202563,.2046102,.2006042,.2020677,.1999871,.2002068,.2003117
100,.2004975,.2034186,.2005527,.1999809,.2002929,.2037088,.2002692,.2000856,.2003161,.2032722,.2001295,.2001045,.2004504,.2060667,.2004319,.2003889,.2030525,.2049937,.2006521,.2020445,.199852,.1998937,.2004975
101,.2005318,.2032532,.2001047,.2002005,.2001121,.2040714,.2002802,.2001997,.2003838,.2030969,.2003197,.200213,.2005198,.2063167,.2006634,.2005051,.2023024,.2052691,.2011765,.2021796,.1998286,.2003372,.2005318
102,.2004433,.2036136,.2002809,.2002259,.2002244,.2040246,.2001243,.2002217,.2004108,.2029723,.2000877,.2001157,.2001915,.2062009,.2001991,.2002574,.2034829,.2048174,.2005935,.2024504,.1997266,.1999756,.2004433
103,.2004348,.2026336,.2004943,.2001918,.2002556,.2035857,.200183,.2000751,.2002282,.203028,.2002434,.2000766,.2002081,.206574,.200289,.2003019,.2031271,.2045277,.2005798,.2020935,.2000302,.1999262,.2004348
104,.2004992,.2030695,.2005381,.2001504,.2002744,.2040534,.200426,.2000835,.2003935,.2034599,.2003373,.2002269,.2002623,.2066462,.2004657,.2003086,.203091,.2052984,.2008813,.2022615,.200239,.199795,.2004992
105,.2001788,.2035252,.2001345,.2001784,.2000373,.2031575,.2000434,.2000786,.1999761,.2041741,.2000993,.2002368,.2003054,.2059261,.2002903,.2003736,.2034879,.2052151,.2005921,.2016242,.1996066,.2002953,.2001788
106,.2002678,.2032167,.2003914,.2004103,.200089,.2029933,.2002867,.2001889,.2001406,.2027638,.2003708,.2001935,.2002435,.2065759,.200204,.2005783,.2022476,.2048268,.2006582,.2015653,.2002909,.2003739,.2002678
107,.2003964,.2029965,.2004796,.2001664,.2002013,.2037117,.2003748,.1999726,.2002134,.2034052,.2005545,.2001832,.2001638,.2067416,.2002132,.2002228,.2028647,.2047488,.2004588,.2022807,.1998255,.2002607,.2003964
108,.2002981,.2034485,.200443,.2002861,.2000732,.2038847,.2002643,.200084,.2002065,.2029492,.2004479,.20032,.2003421,.2059635,.2003822,.2004152,.2035833,.2049974,.2006894,.2019851,.2000431,.2001168,.2002981
109,.2002572,.2035548,.2006197,.1999881,.1999954,.2039084,.2004498,.1999832,.200529,.2032642,.2005252,.1999895,.2004743,.20618,.2004544,.2004536,.2023616,.2045695,.2004744,.2016162,.1997377,.1999038,.2002572
110,.2001781,.2038267,.2002449,.2002391,.2002692,.203816,.2001345,.2001506,.2001593,.2028954,.2002234,.2000958,.2002333,.2060379,.2004109,.2002567,.2036846,.2046151,.2004029,.2022481,.1997778,.1998879,.2001781
111,.2001305,.2032208,.2003804,.200135,.2003116,.2034702,.2001707,.2000982,.2002028,.203463,.2002619,.2002457,.2002126,.2062313,.2004042,.2002676,.2025228,.2047051,.2003344,.2022725,.2000284,.2002177,.2001305
112,.2002672,.2038079,.200013,.2001797,.1999376,.2032783,.2000394,.200264,.200124,.2047461,.200125,.2000819,.2003623,.2064302,.200179,.2003215,.2037562,.2052365,.200307,.2023011,.1997325,.2001789,.2002672
113,.2001771,.2041752,.2000872,.2002244,.2000508,.2035065,.2001999,.2002975,.2004935,.2043889,.2006266,.2002164,.2002428,.2064895,.200382,.2002696,.2029672,.2048197,.2009309,.2018827,.2000717,.2002109,.2001771
114,.2001486,.2042305,.2002762,.2001442,.1999981,.2040064,.2003078,.2000701,.2000659,.2042803,.2002874,.200105,.2003403,.2068167,.200442,.2004899,.2018748,.2052472,.2006725,.2017675,.1999827,.2000452,.2001486
115,.200174,.2044136,.2001935,.2003635,.1998897,.2039407,.2000112,.2000918,.2001871,.2040325,.2002497,.2003098,.2002147,.2061917,.2001301,.2004336,.2028971,.2045197,.2005879,.2024214,.2000318,.2000639,.200174
116,.200249,.203574,.2004009,.200078,.2001504,.2032766,.200201,.2002079,.2002668,.2031718,.2002398,.2000153,.2004595,.206212,.2004036,.2004938,.2034698,.2046366,.2006052,.2019341,.1997835,.2002254,.200249
117,.2004357,.204137,.2001918,.200078,.2003388,.2034087,.2003525,.1999666,.2002171,.2027344,.20002,.2001561,.2005036,.2061,.2004035,.2004036,.2035033,.2052668,.2005712,.2025002,.1998981,.1999481,.2004357
118,.2002867,.2039208,.2002599,.1999926,.1999739,.2039467,.2004574,.1999501,.2003756,.2045294,.2003786,.2000631,.2002251,.2065344,.2003774,.2003116,.2033115,.2049728,.2006769,.2020788,.1998571,.2002636,.2002867
119,.2002628,.2040289,.2004597,.2001928,.2002169,.2032389,.2002315,.200184,.2004159,.2026625,.200341,.2000869,.2004228,.2065202,.2003542,.2002621,.2030609,.2043795,.2005935,.2017196,.1999941,.200144,.2002628
120,.1998992,.2025769,.2000196,.1999294,.1997313,.2039407,.1999763,.1999686,.1999641,.2028041,.200067,.1999542,.2000921,.2069946,.2000168,.200484,.2037942,.2047228,.2002989,.2016613,.1998347,.1998712,.1998992
121,.2000939,.2036069,.2001234,.2000826,.1999882,.2038738,.2001396,.2000642,.1998765,.2029085,.2003451,.2000608,.2003441,.2063337,.2002103,.2001885,.2033768,.2047292,.2004058,.2020734,.1997987,.1999114,.2000939
122,.2002431,.203573,.2002733,.2001214,.2002517,.2034112,.2001826,.2000849,.2002205,.2029939,.200238,.2001116,.200014,.2065646,.2001224,.2003308,.2023143,.2046857,.2002848,.2024921,.1998392,.1999459,.2002431
123,.200242,.2036162,.2001942,.1999761,.1999909,.2038036,.1999767,.2000593,.2001381,.2029556,.2000497,.2001581,.2002455,.2066134,.2002318,.2004124,.2032253,.2047148,.2002206,.2019309,.2000383,.2002715,.200242
124,.2002271,.2046645,.2002183,.2000506,.1998961,.2037959,.2000513,.2000856,.2003241,.2044601,.199958,.2001878,.2001912,.2068627,.2002075,.2003382,.2028614,.2051505,.2004288,.2019437,.1997398,.2000366,.2002271
125,.2001669,.2036055,.2003909,.2001986,.199825,.2031645,.2000379,.2000457,.1999469,.2027636,.1999548,.2000886,.2003108,.2053936,.2003315,.200295,.2026952,.2047642,.2005045,.2017538,.1999014,.2002385,.2001669
126,.1999269,.2037223,.1999823,.2001696,.1997979,.2036651,.2000717,.2000006,.1998595,.2035897,.1999614,.1998901,.200357,.2061991,.2002225,.2003822,.2029061,.2051713,.2005869,.2021047,.2001692,.2001562,.1999269
127,.2006107,.2042327,.2005226,.2000642,.2001451,.2040424,.2001829,.2000592,.200084,.2040112,.1999087,.2000248,.2004523,.2063828,.2004598,.2002517,.2027265,.2048447,.2008701,.2024278,.1997216,.2000913,.2006107
128,.2003887,.2041727,.2004175,.2002507,.2001067,.203627,.200241,.2001888,.1999141,.2029537,.2002575,.2001477,.2002764,.2065702,.2002628,.2004696,.2028339,.2043733,.2002888,.2015612,.2000498,.1999685,.2003887
129,.2002134,.2027697,.2001566,.2001,.2004031,.2040879,.2002476,.2000529,.200431,.2043548,.2003058,.2001283,.200423,.205999,.2005988,.2003984,.2034768,.2045218,.2006268,.2024766,.1999401,.2000563,.2002134
130,.2004317,.2048379,.2006515,.200308,.2001332,.2039484,.2004128,.2001178,.2006112,.2046634,.2008429,.2002133,.2002136,.2067019,.2003094,.2003681,.2032286,.2051765,.2007178,.2025992,.1997288,.200551,.2004317
131,.2005476,.2027236,.2000926,.2001939,.2000219,.203261,.2000535,.2000684,.2001211,.2025645,.1999973,.2001086,.2002769,.2059002,.2004713,.2003755,.2036291,.2048667,.2007171,.2015146,.2000612,.2001932,.2005476
132,.2000356,.2039432,.2000225,.2000789,.1999272,.2029132,.1997627,.1999972,.1997976,.2032678,.1997616,.2000397,.2002948,.2065368,.2002555,.2003648,.2033347,.2053103,.2004996,.2021696,.1996461,.200264,.2000356
133,.2001175,.2028228,.2004179,.2001915,.2000984,.2037187,.2003959,.2001297,.2000059,.2027793,.2001906,.2003096,.2002657,.2064154,.2003892,.2003728,.203591,.2050491,.2006828,.2024126,.2000937,.1998625,.2001175
134,.200024,.2036569,.2001823,.2000385,.1999396,.2039223,.1999919,.1999839,.2000824,.2029416,.2003765,.2000276,.2002475,.2060926,.2002324,.2003786,.2026704,.2046555,.2006223,.2018779,.1998426,.2002582,.200024
135,.1999765,.2038747,.2001174,.2001564,.2001883,.2038429,.2002429,.2000664,.2000304,.203525,.2000788,.2001125,.200247,.2068784,.2003397,.200326,.2025673,.2050223,.2006532,.2019336,.1997572,.2001795,.1999765
136,.2002573,.2026883,.200317,.200251,.200239,.2037568,.2002742,.2000389,.200354,.2029957,.2002867,.2000665,.2002973,.2060271,.2003073,.2003745,.2030383,.2045812,.2005591,.2020432,.1998968,.200228,.2002573
137,.19997,.2038226,.2000547,.2001175,.199891,.2036255,.199996,.2000403,.19984,.2026286,.1998064,.2002211,.2001515,.2063075,.2001779,.2004103,.2032512,.2046395,.2002705,.202277,.1996439,.2001352,.19997
138,.2001925,.2031861,.2002181,.2001337,.2000529,.2030014,.2000926,.2000192,.2000975,.2029728,.2001723,.199949,.2001115,.206342,.2001183,.2004229,.2027699,.2042626,.20017,.2020644,.1999605,.20039,.2001925
139,.2001056,.2033837,.1999088,.2003323,.200033,.2037736,.200102,.2001052,.2002249,.202919,.2005327,.2001504,.2001956,.2063181,.200512,.2005494,.203672,.2051389,.2004703,.2017098,.1997394,.1999995,.2001056
140,.2001734,.2034822,.2008577,.2002575,.1999981,.2034005,.2004606,.2000161,.2002689,.2044861,.200425,.2001923,.2003828,.2062229,.200453,.200415,.2027565,.2048758,.2007731,.2024774,.1999862,.1999091,.2001734
141,.2005346,.2033502,.2004809,.2003987,.200319,.2037754,.2003032,.2003596,.2004559,.2040921,.2005488,.2003443,.2002601,.2064882,.2003346,.2005032,.202186,.2050042,.2008027,.2021111,.1996599,.2001605,.2005346
142,.2001974,.2037799,.2003225,.2001667,.20006,.2031387,.2002446,.2000732,.2001111,.2025459,.2001674,.2001221,.2003034,.20562,.2002513,.2003502,.2022274,.2046611,.2003006,.201938,.1998498,.2009632,.2001974
143,.2000866,.2040607,.2000853,.20006,.2000065,.2032892,.1999967,.2000371,.2001982,.2028668,.2002415,.1999882,.2002709,.2062571,.2003336,.200291,.2034445,.2049985,.2004893,.201856,.2000314,.2005639,.2000866
144,.2001531,.2036275,.2004077,.2000887,.2001997,.2035909,.2002512,.2000536,.2003642,.2038575,.2003129,.1999964,.2001911,.2057063,.2001475,.200391,.2026107,.2043724,.2003633,.2019714,.1999668,.1999164,.2001531
145,.200088,.2030177,.2001226,.2002177,.2000432,.2030122,.1998884,.199972,.1995092,.2026906,.1999884,.2000171,.2002183,.2064524,.2001405,.2002445,.2022474,.2045166,.200395,.2019003,.2001116,.199991,.200088
146,.2001065,.2038404,.2000299,.2001311,.1998222,.2031503,.200039,.2000134,.2000308,.2047,.2001105,.2001861,.2001895,.206053,.2003076,.2004223,.2034668,.2046496,.2005236,.2015668,.200264,.2002996,.2001065
147,.2002215,.203733,.2003915,.200193,.2001033,.204148,.2001607,.2001263,.1998204,.2026051,.2003104,.2001497,.2004819,.2066755,.2004487,.2003814,.2038269,.205172,.2005216,.2018128,.1999009,.2000822,.2002215
148,.2003323,.2034865,.2004386,.2003658,.2001798,.2041296,.2003254,.2001952,.2003663,.2037939,.2001911,.2001896,.2002146,.2053426,.2002578,.200302,.2040326,.20493,.2007199,.202332,.1998832,.2002239,.2003323
149,.2001911,.2031199,.2002221,.2003188,.200066,.2038008,.1999725,.2001231,.1999975,.203541,.2001621,.2003551,.2001928,.206143,.2001933,.2004125,.2033609,.2047209,.2005287,.2022151,.2002583,.2002395,.2001911
150,.1999831,.2033953,.200206,.2002704,.2000868,.2035384,.200288,.2002111,.2001473,.2060819,.2002164,.2001408,.2001955,.2057475,.2002967,.2004734,.2031365,.2046631,.200877,.2016082,.1996717,.200192,.1999831
151,.2003005,.2026051,.2002791,.2001669,.2001256,.2031437,.2001728,.2000969,.200183,.2027289,.2002211,.2001807,.2002687,.2068653,.2003083,.2004589,.2027439,.2052331,.2005483,.2016976,.2000539,.2000225,.2003005
152,.1997873,.2037937,.1998079,.2001172,.1996944,.2033824,.1998061,.2000768,.1998359,.2034122,.2002147,.2000863,.2001879,.2070172,.200031,.2002411,.202813,.2047662,.2001136,.2019074,.2000735,.1997094,.1997873
153,.2001947,.2035168,.200315,.2002424,.2001137,.2031607,.2000485,.2003204,.1999859,.2029858,.2002842,.2003032,.2004775,.2064085,.2005779,.2003471,.2037896,.2046722,.2008238,.2017487,.1997557,.199841,.2001947
154,.2000681,.2024737,.2000378,.1999429,.1998825,.2033934,.2000357,.1999412,.2002241,.2023096,.2002061,.200236,.2001444,.2064265,.2001157,.2002867,.2025419,.2048429,.2001103,.2018482,.19982,.1998077,.2000681
155,.2004172,.2035681,.2003535,.2002191,.2002167,.2039688,.2006639,.2002205,.2005199,.2044357,.2004183,.20009,.2004483,.2071607,.2004476,.2004422,.2024311,.2051648,.2005837,.2022426,.199738,.1999759,.2004172
156,.2002054,.2029794,.2003444,.2003068,.2000622,.2037502,.2000675,.2000876,.200051,.2033714,.200066,.2001409,.2003276,.2061458,.2002113,.2002412,.2041557,.2052809,.2006117,.2022817,.1998015,.2000431,.2002054
157,.2001126,.2032466,.2004008,.2001272,.1999893,.203363,.2003363,.2001634,.200091,.2032288,.2004235,.2003043,.2002183,.2073566,.2005406,.2004193,.2023559,.2047627,.200512,.202018,.1997159,.1996957,.2001126
158,.2004067,.2032699,.2005432,.2002057,.2001729,.2034547,.2002789,.2000954,.1999807,.2044087,.2005297,.2002905,.2004136,.2053255,.2003459,.200523,.2036129,.2051608,.2006572,.2017123,.1997238,.1999449,.2004067
159,.2000587,.2043781,.2002344,.2001952,.200175,.2038051,.2001703,.2002677,.1999846,.2032916,.2001881,.2001035,.2004223,.2060094,.2003482,.200529,.2032368,.2055922,.2008018,.2020607,.1999578,.2001427,.2000587
160,.200355,.204175,.2002689,.2004339,.200439,.2038382,.1999312,.2001914,.2001958,.2032979,.2001768,.2001378,.2003314,.2067731,.2003898,.2002872,.2024979,.2042206,.2004716,.2020476,.1998932,.2000864,.200355
161,.2003153,.202613,.2001496,.2000364,.2000883,.2031231,.2002388,.2001314,.2000727,.2044654,.2002273,.2000951,.2003169,.2070726,.2003133,.2004356,.2024951,.2046904,.2009479,.2020173,.1997884,.2000136,.2003152
162,.2003309,.2030515,.200333,.2000469,.199826,.2035036,.1999034,.200002,.2001317,.2033339,.1999385,.1999975,.200202,.2060641,.2002261,.2004552,.2032064,.2052386,.200546,.2019521,.1995168,.1996388,.2003309
163,.2001458,.2029583,.2004301,.2002688,.2001657,.2037953,.2000989,.2000312,.2003223,.2031552,.2001142,.2000942,.200313,.206202,.2001654,.2003295,.2024285,.2044538,.2001596,.2020972,.1998133,.1999836,.2001458
164,.200316,.2039841,.2003272,.2002175,.2002633,.2036368,.2004712,.2000928,.2005745,.2026127,.2002148,.2002675,.200373,.205614,.2001313,.2003932,.203077,.2046738,.2003785,.202241,.2002003,.2000506,.200316
165,.2000531,.2033872,.2001217,.2001061,.2001043,.2030453,.2001669,.2001197,.1998107,.2029347,.1999222,.2000668,.2003438,.2057189,.2003645,.2004877,.2027691,.2052642,.2005645,.2018063,.2001641,.2002177,.2000531
166,.1999623,.2039549,.2000857,.200192,.2000777,.2034727,.1999895,.2000224,.1997969,.202899,.2003756,.2000722,.2001462,.2070125,.2003737,.2002701,.2031328,.2053147,.2005674,.202594,.1997331,.2005551,.1999623
167,.2005136,.2044995,.2003983,.2002529,.2001889,.2045581,.2003221,.2000546,.2004829,.2037895,.2006143,.2002605,.2002968,.2064748,.2003165,.2004408,.2031848,.2048933,.2010992,.2023614,.2000344,.200261,.2005136
168,.2004414,.2042944,.200632,.20021,.2004374,.2041851,.2005069,.2001084,.2004574,.2036678,.2005458,.2002646,.2004616,.2068887,.2006655,.2004462,.2037267,.2052254,.2009762,.2027984,.1999445,.2007877,.2004414
169,.2001109,.2033786,.2003949,.2003776,.1999929,.203848,.2001672,.2001936,.2002114,.2045211,.2003828,.2001994,.2001722,.2057253,.200132,.2004007,.2029923,.2050993,.2002958,.2014558,.2002236,.2000263,.2001109
170,.2004604,.2028603,.2006946,.2002969,.2004188,.2036221,.2003798,.2001402,.2003765,.2033523,.2004121,.2002033,.2004013,.2067581,.2004505,.2003753,.2019259,.2043958,.2007973,.2023402,.1997614,.1997753,.2004604
171,.2002116,.203651,.2004143,.2001551,.2000786,.2038921,.2001496,.2001953,.2003481,.2040575,.2003563,.200344,.2005451,.2058802,.2006011,.2003762,.2031729,.2050759,.2004123,.2021467,.2002424,.2002958,.2002116
172,.2000444,.2038647,.2003209,.2000285,.2001155,.2031896,.2000152,.2000887,.2000029,.2037411,.1998306,.200053,.2002483,.2071352,.2001912,.200268,.2025253,.2046053,.200461,.2025632,.1998957,.2002995,.2000444
173,.2003516,.204045,.2006027,.2002177,.2005327,.2036429,.2004401,.200152,.2005665,.2033845,.2005204,.200368,.2004091,.2057976,.2004982,.2003697,.2036157,.2057468,.2010678,.2024461,.1999332,.1998989,.2003516
174,.2001895,.2041151,.2002968,.2003966,.2001403,.2034382,.2001099,.2000891,.2001013,.2028794,.2003624,.2001776,.200358,.2061104,.2004509,.2005489,.2028151,.2048302,.2004914,.2014512,.1999815,.1999407,.2001895
175,.200194,.2036023,.2002328,.2000989,.2000851,.2036888,.2001353,.2001886,.2000217,.2037625,.2002845,.2001629,.2001865,.2061113,.2003392,.2003693,.2040057,.2049459,.20071,.2024856,.1999954,.2003918,.200194
176,.2000291,.2040862,.2000875,.2001336,.2000578,.2037501,.2002319,.2000125,.2002999,.2028563,.200328,.2001694,.2005421,.2064218,.2005809,.2003652,.2030566,.2050921,.2004635,.2021347,.1998914,.200311,.2000291
177,.2005011,.2034861,.2004369,.2001561,.2005098,.2039196,.2002673,.200209,.200244,.2035207,.2001389,.2001883,.2005199,.2059751,.2004203,.2006156,.2032182,.2043092,.2007057,.2018379,.1998811,.2001913,.2005011
178,.2002586,.2033865,.2005234,.200137,.200447,.2041985,.2003134,.2001032,.2003524,.2030663,.2002819,.2002204,.2004057,.2068489,.2004928,.2003986,.2037891,.2044042,.2005585,.2022255,.1998547,.2003057,.2002586
179,.2001625,.2038183,.2003573,.2000838,.2000823,.2033327,.2000977,.2000438,.2000621,.2035073,.2001506,.1999522,.2001672,.2059596,.2004665,.200262,.2023052,.2045656,.2004528,.2018903,.1998845,.200038,.2001625
180,.2001769,.2038381,.2002425,.2002819,.200249,.2031797,.2000009,.1999673,.199938,.2024765,.2000867,.2002185,.2001467,.2062908,.2000704,.2003065,.2018347,.2046237,.2005417,.2020288,.1999422,.1998158,.2001775
181,.2001159,.2031371,.2002365,.2004728,.2001444,.2037272,.2000562,.2002931,.2002569,.2040769,.2002852,.2002681,.2002192,.2068573,.2002692,.2006055,.2024875,.2049571,.2008373,.2017495,.2001546,.2003165,.2001159
182,.1999834,.203736,.2001885,.2002074,.2000197,.2032008,.2002636,.2001585,.2000054,.2028433,.2000994,.2000666,.2003786,.2068815,.2003002,.2004572,.2021854,.2047237,.2006139,.2017996,.200111,.2002493,.1999834
183,.2002354,.2027748,.2003722,.2000588,.2000583,.2028457,.2000365,.2000948,.2000571,.2028363,.2001631,.2002534,.2002767,.2066971,.2002883,.2003767,.2023229,.2045118,.2004552,.2021071,.2000157,.2001148,.2002354
184,.2006474,.2052859,.2005508,.2002451,.20033,.2043258,.2004389,.2003214,.2005557,.2042159,.2003715,.2001647,.2005866,.2074422,.200616,.2004558,.2040888,.2047631,.2005321,.2019091,.1998395,.2000103,.2006474
185,.2004168,.2043938,.2003596,.2002522,.2001463,.203205,.2002986,.2002094,.2002942,.2041369,.200219,.200286,.2002221,.2068995,.2002998,.2005654,.2023132,.2044421,.2008061,.2020233,.1998064,.2001572,.2004168
186,.2005466,.2045438,.2001584,.2001705,.1999835,.2033211,.2000981,.2001275,.1999441,.2035963,.200322,.2002975,.2001565,.2064173,.2002767,.2003453,.2047432,.2048807,.2008493,.2019037,.1999737,.1998518,.2005466
187,.2004497,.2039285,.2004673,.2002836,.2004316,.2036604,.2003892,.2000987,.200262,.204518,.2003513,.2002862,.2005662,.2063685,.2005145,.2006778,.2038914,.2048283,.2007796,.2029139,.2003277,.2001753,.2004497
188,.2005678,.2046495,.2004994,.2000413,.2002955,.2038956,.2003886,.2000505,.200322,.2033677,.2005532,.2001203,.2001812,.2065217,.2003345,.2004333,.2029721,.2050778,.2004919,.2015855,.1999881,.2003141,.200567
189,.2000823,.2035092,.2002714,.2001406,.1999798,.2038825,.2000088,.200109,.2001518,.2038261,.2003393,.2000765,.2001838,.2067774,.2001971,.2003057,.2021089,.2044798,.2004701,.2015139,.2000766,.1998249,.2000823
190,.2003129,.2034063,.2004157,.2001737,.2000097,.2035697,.2002823,.2000773,.2001558,.2030484,.2004824,.2002782,.2002414,.2058385,.2002611,.2004338,.2031618,.2049452,.2006614,.2022312,.1999962,.2003878,.2003129
191,.2005453,.203477,.2003601,.2002184,.2002771,.2032735,.2002398,.2000597,.2002865,.2031462,.2004837,.2002074,.2001486,.2063899,.2002496,.2002202,.2023625,.2053825,.2007953,.2022142,.2002869,.2000263,.2005453
192,.2004881,.2033009,.2006646,.2000177,.2001708,.203449,.200277,.1999981,.2004276,.2035191,.2005079,.200118,.2002904,.2055291,.2004592,.2003249,.2031892,.2057071,.2005609,.2025874,.1997273,.1997465,.2004881
193,.2002061,.2035733,.2001295,.2002384,.2000777,.2039385,.2002666,.2002028,.2001715,.2025026,.2006062,.2001256,.2002501,.2061255,.2002923,.2004104,.202217,.2047507,.2009367,.2017402,.2001288,.2001852,.2002061
194,.2001095,.2033946,.1998697,.2001304,.200327,.2033326,.2000793,.2001079,.2001476,.2022719,.1999383,.2000604,.2003503,.205497,.2002072,.2005336,.203337,.2046269,.2008091,.2026442,.2000719,.2000873,.2001095
195,.2004025,.202819,.2002184,.2002144,.2002023,.2031928,.2000812,.2001389,.2001919,.2029294,.2003876,.2002732,.2002767,.2070563,.200233,.2003594,.2022784,.2052022,.200573,.2018599,.2000132,.2001222,.2004025
196,.200093,.2040111,.2004716,.1999389,.2000752,.2037107,.2000744,.2000532,.2001664,.2033741,.2004717,.2000315,.2002615,.2066212,.200373,.2004002,.2026308,.2049234,.2004469,.20204,.2002534,.2003633,.200093
197,.200591,.2035362,.2003624,.200365,.2000815,.2038769,.200416,.2000881,.2002307,.2028268,.2006079,.2001002,.2002485,.2059457,.2004313,.200349,.2025938,.2048825,.2007436,.2021192,.1999484,.2000926,.200591
198,.200193,.2034614,.2003547,.2000961,.200023,.2031065,.2002414,.2000581,.2004098,.2038507,.2013714,.1999235,.2003889,.2061711,.2004199,.2002744,.2033743,.2048786,.2006933,.2022357,.2001433,.2001426,.200193
199,.2002303,.2043326,.200298,.1999257,.2001779,.2033267,.2001185,.1998232,.2004397,.2025762,.2002752,.1998975,.2003989,.2062426,.2002605,.2005319,.202309,.2048069,.200692,.2020616,.2001043,.2001393,.2002303
200,.2001993,.2037615,.2001126,.2000816,.2001751,.2037947,.2000465,.2001295,.2001514,.2031954,.200179,.200075,.2003318,.2064641,.2003931,.2002761,.2033077,.2049594,.2005159,.2018252,.1997434,.1999144,.2001993
201,.2003086,.2037765,.200315,.2001893,.2002368,.2037832,.2002486,.2001391,.200336,.203862,.2001513,.2003039,.200317,.2058725,.2002779,.2005911,.202582,.2047882,.2004138,.2022902,.1999154,.2001888,.2003086
202,.200581,.2024856,.2004181,.2002921,.2002027,.2032056,.2001738,.2001295,.2001301,.2025423,.2002053,.2001194,.2004206,.2068565,.2003943,.2004561,.2025251,.2049787,.2005482,.2019843,.1999212,.2001234,.200581
203,.2001948,.2033119,.200113,.2001325,.2000186,.2032933,.2001292,.1999072,.2004518,.2032737,.2002174,.2001686,.2004018,.2069055,.2005194,.2005187,.2030565,.205288,.2002607,.2020974,.1998542,.2006187,.2001948
204,.200353,.2026981,.2004685,.2001496,.2001182,.2041101,.2005159,.1999879,.2003197,.2031428,.2001951,.2001572,.2002644,.2061093,.2002592,.2005442,.2022568,.2050693,.2003838,.2018142,.1998414,.1998762,.200353
205,.2002525,.2028659,.2001838,.2000899,.1997536,.2030838,.200004,.2000227,.1999718,.2032182,.2000924,.2000684,.2002498,.2063784,.2003565,.2005144,.2028871,.2047919,.2004378,.2022729,.1999484,.1999944,.2002525
206,.2002815,.2042697,.2006008,.2001807,.2002856,.2040818,.200542,.2000377,.1999844,.2040938,.2002942,.2001056,.200208,.2061217,.2004282,.2002838,.2023751,.2054997,.2007242,.202337,.2000556,.2000998,.2002815
207,.200526,.2027583,.2006535,.2002017,.2003494,.2034549,.2003311,.200074,.2005716,.203265,.2006307,.2001068,.2001611,.2064978,.2003062,.20021,.2039003,.2052109,.2004614,.2019062,.2002003,.2002215,.200526
208,.2002903,.2035101,.2004726,.2002641,.200191,.2035039,.2003973,.2001734,.2003454,.2042937,.2005892,.200188,.2001701,.2068696,.200278,.200323,.2034197,.2047413,.200373,.2024042,.2001126,.1999793,.2002903
209,.2005761,.2037914,.2006418,.200211,.2005124,.2035642,.2003429,.2001387,.2003011,.2034496,.2005861,.2001811,.2004003,.2070113,.2003765,.2005179,.2028717,.2052872,.2003888,.2026652,.2002076,.2002064,.2005761
210,.2004903,.2035629,.2004731,.2000373,.2004211,.2033542,.200134,.1999537,.2005228,.2031455,.2003202,.2001181,.2004101,.2059171,.200271,.200286,.2030193,.2049128,.2005586,.2021342,.2001357,.2000042,.2004903
211,.2003397,.2033954,.2003482,.2003719,.2002717,.203593,.2000901,.2001648,.2001927,.2043775,.2001562,.2002109,.2002819,.2058499,.2003064,.2007146,.2022705,.204784,.2007166,.2019514,.2002204,.1999223,.2003397
212,.2001953,.2036373,.2001301,.1998665,.2000003,.2041456,.2002101,.1999948,.2001829,.2029611,.20011,.200094,.2002092,.2061079,.2002888,.2002136,.2029438,.2043139,.200683,.2016365,.1997688,.2000044,.2001953
213,.2002388,.2039242,.2002551,.2001316,.1998845,.2031447,.199975,.2000572,.199876,.2038928,.1998883,.2001578,.2002522,.2064037,.2002023,.2003059,.2017768,.2048264,.2002776,.2018284,.1996142,.1999155,.2002388
214,.2000962,.2038845,.2004289,.2001415,.2000792,.2033657,.2001338,.2000898,.2001167,.204117,.2005939,.2002664,.200185,.2062342,.20013,.2003128,.2027048,.2047431,.2005113,.2020512,.200207,.2002545,.2000962
215,.2003277,.2042043,.2003351,.2001836,.2002692,.2033211,.2001958,.2000062,.2003444,.2030831,.2003684,.2000645,.2005288,.2067324,.200527,.200372,.2032533,.2050975,.2007375,.2020925,.1998109,.1999611,.2003277
216,.2000702,.2038387,.2004031,.2003886,.2000389,.2038583,.2005095,.2001442,.2000751,.2035816,.2003514,.2003631,.2004194,.2055958,.2004157,.2003258,.2025589,.2052776,.2007625,.2022407,.2000408,.2001499,.2000702
217,.2000763,.203456,.2004224,.2001233,.2000796,.2034413,.2003941,.2001313,.2003582,.2034928,.2002419,.2001888,.2003682,.2062796,.2003707,.2003214,.2030122,.2049691,.2004524,.2020537,.1998697,.200005,.2000763
218,.2004765,.2031907,.2003924,.2000239,.200244,.2038598,.2002123,.2001005,.200402,.2025215,.2003696,.2001113,.2001797,.2058292,.2001854,.2003465,.20309,.2055819,.2005139,.2022755,.2001644,.2001204,.2004765
219,.200245,.2037302,.200417,.2002963,.2003433,.203552,.2004122,.2001837,.2004219,.2036323,.2003208,.2001849,.200422,.2062874,.200636,.2004858,.2028455,.2050232,.2009821,.2025229,.2001231,.1999824,.200245
220,.2001386,.2034465,.2004312,.2000205,.2001415,.2031374,.2000516,.2001463,.2001944,.2034123,.2000247,.2001338,.2001375,.2062092,.2002033,.200321,.2021161,.2046608,.2001108,.2016412,.1996895,.1999156,.2001386
221,.2007392,.2044911,.2007337,.2005613,.2005692,.203602,.200653,.2003344,.2005617,.2030824,.2005578,.2004111,.2004041,.2068957,.2004628,.20048,.2034743,.2048504,.2006299,.2024023,.200051,.2004391,.2007392
222,.2002594,.2032395,.2001977,.2002478,.2001529,.2032302,.2003598,.2001657,.2002041,.2026593,.200248,.2002662,.2004135,.2059948,.200387,.20055,.2029757,.2048032,.2008216,.201961,.1998497,.2001418,.2002594
223,.2003613,.2033571,.200589,.1999227,.2000861,.2038901,.1998824,.2000538,.2002777,.2031815,.1998757,.1999231,.2002803,.2061139,.2004884,.2003521,.2033612,.2052446,.2006807,.2022371,.2000173,.2001835,.2003613
224,.200292,.2038546,.2001999,.2002887,.1999848,.2032608,.2000476,.2002597,.2001714,.203098,.200049,.2003485,.200344,.2057363,.2004337,.2005465,.202845,.2042962,.2006917,.201713,.200161,.2002449,.200292
225,.2003852,.203953,.2003742,.2001664,.2001893,.2037836,.2002628,.1999769,.2003199,.2032263,.2003781,.2001197,.2002136,.2057539,.200235,.2002444,.2020274,.2046219,.2005607,.2024669,.2000408,.1999492,.2003852
226,.2001342,.2040775,.2000722,.2001368,.2000754,.2038598,.2002462,.2000551,.2000181,.2028916,.2002866,.2001038,.2002529,.2062708,.2003351,.2003063,.2027522,.2048108,.200916,.2019694,.1998903,.200499,.2001342
227,.2005546,.2037468,.2003807,.2001283,.2004134,.203839,.2004678,.20011,.2002477,.2036023,.2003309,.2001488,.200236,.2061025,.2001955,.2003027,.2031929,.2049462,.2004374,.202419,.1998774,.200319,.2005546
228,.2002807,.2039309,.2002264,.200172,.1998919,.2037958,.2004127,.2000848,.1999911,.2038621,.2002859,.2000511,.200114,.2069539,.2002563,.2004101,.2022462,.2045772,.2008564,.2016096,.2001548,.2000936,.2002807
229,.1999612,.2038392,.2000198,.2000329,.1999288,.202847,.2000511,.1999993,.20002,.2032832,.1998454,.200063,.2002671,.2058856,.2002677,.2002271,.2028998,.2051764,.2003558,.2021125,.1999885,.1999627,.1999612
230,.2003063,.2030789,.2001636,.2001775,.2000271,.2033942,.2001244,.2001113,.1999282,.2043434,.2001336,.2000899,.2002797,.2058837,.200253,.2004005,.2026312,.2057083,.200517,.2018749,.1999654,.2000975,.2003063
231,.2000234,.203541,.2001558,.2002527,.2001826,.2035073,.2000827,.2001768,.2002118,.2032361,.2005604,.2000764,.2000953,.206806,.200227,.2005475,.2037822,.2048431,.2002731,.2026082,.2000862,.2002456,.2000234
232,.2004753,.2036329,.2003709,.2002084,.2000412,.2038091,.2002457,.2000638,.2004283,.2028282,.2005759,.2001051,.2001432,.206479,.2002365,.2002749,.2030943,.2053421,.2006372,.201685,.2001834,.2003367,.2004753
233,.2005299,.2038651,.2006811,.2002717,.2003919,.2032968,.200401,.2001664,.2003759,.2033297,.2007955,.2003231,.2004616,.2062144,.200538,.2004554,.2031746,.204584,.2008798,.2021613,.1999683,.1996236,.2005299
234,.2002659,.2038085,.2002462,.2002614,.2003469,.2039342,.2002361,.2001898,.2000913,.2033828,.2001834,.2003722,.2002583,.207196,.2003493,.2004602,.2024371,.2047894,.2007363,.2020713,.1998561,.1999037,.2002659
235,.2000663,.2030538,.20011,.2002609,.2001777,.2031664,.2000384,.2001978,.199943,.2037673,.2000239,.2001847,.2004582,.2067501,.2004064,.2004845,.2033076,.2056375,.2002754,.2024399,.2002429,.2001052,.2000663
236,.2000644,.2032413,.2002117,.2002068,.2000544,.20328,.1999955,.2000605,.2002575,.205021,.2002846,.2001022,.2001778,.2055701,.2004124,.2004193,.2033521,.2044711,.2006044,.2019526,.1997992,.2002238,.2000644
237,.200476,.203889,.2002963,.2000996,.2003145,.2029661,.2001453,.2003225,.2002148,.2033264,.2006133,.2001722,.2003039,.206101,.2002581,.2004721,.2025555,.2046857,.2008433,.2017605,.1999619,.2001642,.200476
238,.2001196,.2036911,.2001634,.2000613,.1999235,.2030738,.19991,.2000078,.2000942,.2024171,.1998579,.2000744,.2002787,.2066802,.2001709,.2002988,.2020313,.204956,.2005617,.2016977,.1998358,.2000872,.2001196
239,.2002599,.2038269,.2002032,.200194,.2002483,.2031084,.2001064,.2000402,.2000739,.2029351,.1998537,.1999709,.2002198,.2056668,.2001832,.2002494,.2034166,.2057269,.2006872,.2024362,.199903,.1999519,.2002599
240,.200579,.204236,.2007061,.2002469,.2002379,.2033103,.2000961,.2004517,.2003423,.2031463,.2003538,.2003634,.200408,.205598,.2003912,.2003299,.2044457,.2044863,.2005897,.2026079,.2001835,.1999748,.200579
241,.2002678,.202978,.2002718,.2001739,.2001988,.2032795,.2000884,.2001038,.2001634,.203239,.2002388,.2000331,.2003898,.2065529,.2003109,.2002448,.2019973,.2047255,.2005671,.2018439,.1997025,.2002883,.2002678
242,.200218,.2037957,.2002721,.2001966,.2001596,.2031655,.2000598,.1999843,.2002405,.2036407,.2005255,.2001356,.2001291,.2068351,.2002698,.2003167,.2018126,.2046887,.2003368,.2019771,.1998237,.2001741,.200218
243,.2003392,.2034529,.2002408,.2002498,.2001463,.2035092,.2002431,.2002179,.2002417,.2041488,.2005479,.2001687,.2003784,.2065895,.2003131,.2005826,.2020401,.2048126,.2006899,.2014598,.2002055,.2002571,.2003392
244,.2001746,.2032157,.2000798,.2001999,.2000307,.2034589,.2001467,.2001744,.1998606,.2031229,.2001842,.2001783,.2003742,.2066527,.2003954,.2005304,.20205,.2049336,.2009923,.2017807,.1997853,.2000415,.2001746
245,.2001803,.2032015,.2001553,.2001764,.2000673,.2032583,.2001484,.2001629,.2000762,.2023253,.2003248,.2001602,.2003406,.2073919,.2002651,.2004175,.2027603,.2045826,.200533,.2016838,.1998626,.2000982,.2001803
246,.2004105,.2032327,.2003376,.2000603,.2001551,.2035149,.2001721,.1999771,.2002773,.2028836,.2007966,.2001234,.2004536,.2066272,.2004291,.2003818,.2025609,.204834,.200435,.2019579,.1997565,.1999083,.2004105
247,.199945,.2036845,.2000751,.1999226,.2000359,.203363,.1999519,.1998957,.2001265,.202782,.2000542,.1999064,.2000122,.2070656,.200106,.2003287,.201965,.2048167,.2002488,.2019587,.2000123,.1999221,.199945
248,.2000114,.2034151,.2001275,.2000393,.1997263,.2038769,.1999905,.2000071,.1997954,.202865,.1997614,.2000298,.2001301,.2069252,.2002519,.2004793,.2025852,.2044878,.2001172,.2015171,.1999807,.200081,.2000114
249,.2001539,.2034663,.2002669,.200206,.2001365,.2031034,.2002278,.1999604,.1999584,.203415,.2001407,.2000965,.2002823,.2065627,.200169,.2003089,.2026149,.2048888,.2001369,.2015568,.1996136,.1999621,.2001539
250,.2002161,.203166,.2002451,.2000143,.2001003,.2034216,.2002087,.1999758,.2000593,.2034888,.2000933,.1999393,.2002702,.2056881,.2003836,.200268,.2025995,.2049204,.200306,.2018625,.1999335,.2001719,.2002161
251,.2003248,.2037426,.2003325,.2001958,.2001024,.2037654,.200126,.2002354,.2001745,.2045486,.2004952,.200199,.2001985,.2066827,.2002917,.2004995,.2032414,.2042536,.2006535,.2019183,.1999742,.2005877,.2003248
252,.2002774,.2039143,.2003575,.200082,.2001186,.2035607,.2002661,.1999715,.2000694,.20308,.1999917,.2000707,.2003678,.2061882,.2003086,.2003356,.2033998,.2048205,.2007385,.2020299,.1998852,.1999772,.2002774
253,.200458,.2036327,.2002955,.2000214,.2001095,.2035021,.2002202,.2000868,.2002241,.2030727,.2000727,.2000362,.2001912,.2062288,.2003788,.2004906,.2029521,.2048168,.2004577,.2021252,.200064,.2002427,.200458
254,.2007722,.2044384,.2005741,.2003365,.1999521,.2039072,.2002725,.2002196,.2002822,.2034054,.2007027,.2000494,.2002927,.2067945,.2004046,.2002856,.2032183,.2049442,.2008228,.2023051,.1998546,.200453,.2007722
255,.2001297,.2031234,.2002174,.2000652,.200161,.2034915,.200034,.20016,.2004057,.2031209,.2001657,.2000518,.2004291,.2056033,.2002399,.2003359,.2031328,.2050253,.2006281,.2024352,.1999189,.1999397,.2001297
256,.1999661,.2023855,.200288,.2003104,.1998294,.2030414,.2001592,.2000894,.2001073,.202856,.2000643,.2001084,.2002721,.2067067,.2001939,.2003736,.2030249,.2047444,.2002889,.2015537,.1997333,.1998606,.1999661
257,.2002917,.2035103,.200314,.2001843,.2001458,.2029019,.2002594,.2001455,.2004417,.2022891,.2006741,.2001821,.2003403,.205819,.2002493,.2003756,.2030662,.2044672,.2004425,.2020466,.2000988,.1999645,.2002917
258,.200168,.2044162,.2005231,.2001193,.2000576,.2037352,.2000498,.2002126,.2000346,.2049235,.1998976,.2001672,.2003707,.2067008,.200479,.2003495,.2028893,.2046226,.2003135,.2020105,.200128,.2002377,.200168
259,.2001071,.2043127,.2003666,.2002159,.2001857,.2037339,.2000609,.2001724,.2001975,.2032858,.2001155,.200033,.2003985,.2059701,.2004066,.2005522,.2036957,.2047774,.2004012,.2020218,.199945,.2001341,.2001071
260,.2003706,.2025342,.2006614,.2001796,.2001031,.2035809,.2004167,.2002622,.2001213,.203411,.2001306,.2001055,.200359,.2065987,.2004088,.200289,.2015191,.2045968,.2005681,.201977,.1998577,.1999484,.2003706
261,.2001348,.2042287,.2003575,.2002994,.2000891,.2035604,.2002341,.2002365,.2000179,.2029463,.2003853,.2002122,.2001352,.2063044,.2002509,.2004162,.2038333,.2051296,.2006353,.2024574,.1998899,.1999213,.2001348
262,.2001857,.2031452,.2001448,.2002023,.2002172,.2031484,.2002279,.2001503,.2001299,.2031068,.2003126,.2001826,.2000833,.2062132,.2002762,.2004549,.2033895,.2047961,.2004343,.2023308,.1995771,.2004987,.2001857
263,.200205,.203262,.2002988,.2000358,.2000409,.2032694,.2001162,.1999177,.2003611,.2031281,.2006954,.2001041,.2003281,.2066129,.2003431,.2002679,.2028992,.204592,.2001726,.2024301,.1999643,.2000655,.200205
264,.2000912,.20407,.2001869,.2000856,.1999229,.2033427,.2000572,.1999418,.2000802,.2039944,.1998612,.200126,.2002823,.206835,.2004471,.200347,.2025616,.2047413,.2001281,.201557,.1999607,.200066,.2000915
265,.2002734,.2031562,.2003273,.2002867,.2001505,.2040526,.2001511,.2001141,.2003748,.2031801,.2003976,.2000366,.2002704,.2073414,.20039,.2003559,.2028537,.2051459,.2003021,.2024546,.1998941,.2001909,.2002734
266,.2000274,.2038972,.2004953,.2000096,.1999308,.2035007,.2000432,.2000619,.1999978,.2028217,.2002426,.2000538,.2000693,.2061548,.2000789,.2003197,.2020512,.2053926,.2003239,.2021501,.1998055,.200089,.2000274
267,.20042,.2036657,.2001458,.2000559,.1999589,.203454,.2002449,.2001434,.2001189,.2031711,.2001284,.1999837,.2002258,.206341,.2004325,.200399,.2025374,.2045262,.2003447,.2019883,.1998666,.200032,.20042
268,.2002558,.2035795,.2003175,.2002427,.2002112,.2031296,.2004906,.2000335,.2003884,.2030293,.2004771,.2002508,.2003292,.2062124,.2005161,.2003631,.2039777,.2044232,.2008569,.2023028,.1996927,.2003262,.2002558
269,.1999329,.2027753,.2003076,.2000997,.1997383,.2037321,.2000712,.1999559,.199777,.2039088,.2001908,.200036,.2003012,.2068916,.2003326,.2004154,.2032555,.2045008,.2002622,.2023966,.1998235,.2002867,.1999329
270,.2001051,.2035948,.2001152,.2000656,.2000212,.2035288,.2002489,.2001031,.2003449,.2025967,.2002833,.2000769,.2000843,.2065244,.2003285,.2003217,.203356,.2043737,.2005703,.2023455,.2000647,.2001224,.2001051
271,.2002089,.2035397,.2001402,.200162,.1999349,.2034575,.1998677,.2001227,.200117,.2044429,.2001643,.1999848,.2001646,.2055728,.2000999,.2004919,.2025619,.2049246,.2005095,.2023646,.2001254,.1999121,.2002089
272,.2003991,.2030892,.2004355,.2002414,.2004167,.2032055,.2004242,.2001221,.2005417,.205306,.2010414,.2003492,.2001579,.2056485,.20039,.2003024,.2030343,.2053557,.2004554,.2025903,.1999759,.1998548,.2003991
273,.200041,.2029659,.2002365,.2001602,.20017,.2038722,.2003905,.2000385,.2003461,.2028793,.2003124,.2002288,.200169,.2064296,.2002408,.2002793,.2032628,.2051495,.2007951,.2018926,.200009,.2006346,.200041
274,.2003987,.2038304,.2005923,.2002009,.2004776,.2035433,.2004722,.2001884,.2003578,.2031751,.2008426,.2000218,.2003485,.2062919,.2003697,.2003133,.2033558,.2056065,.2008065,.2026921,.1999843,.2002797,.2003987
275,.2002772,.2032787,.2004193,.2001229,.2005532,.2040847,.2004623,.2001318,.2002759,.2036099,.2008253,.200136,.2003451,.2063088,.2003992,.2003756,.2032981,.2052547,.2005002,.202423,.200056,.2002323,.2002772
276,.2001562,.2036022,.2000222,.2001986,.2000492,.2033041,.2002816,.2001058,.2000817,.2029833,.2000952,.2001809,.2003166,.2059393,.2003402,.200244,.2032586,.2044811,.2003219,.2023087,.1998319,.2004356,.2001562
277,.2001497,.2041611,.2000679,.2000978,.2000199,.2035304,.199947,.1999014,.1998399,.2031793,.2000167,.1998028,.2001016,.2067322,.2001446,.2002335,.2032766,.205016,.2001537,.2026283,.2001386,.2000953,.2001497
278,.2004181,.2032618,.2005588,.2002246,.2005014,.2036936,.2007997,.2000395,.2005306,.204178,.2005429,.2000609,.20009,.2060328,.2002375,.2005085,.2028262,.2053343,.200445,.2017463,.1997109,.1998182,.2004181
279,.2002448,.2039448,.2004272,.2001523,.2000797,.2038478,.2001192,.2000209,.2002936,.2045875,.2001164,.20013,.2003044,.2057339,.2003724,.200303,.2021453,.2047036,.200236,.2016224,.1997492,.2001231,.2002448
280,.2003001,.2036063,.2004245,.1999895,.2000034,.204072,.2005763,.2000826,.2001058,.2044511,.2003173,.2000664,.2001111,.2065756,.200214,.2002416,.203689,.2055592,.2003447,.2021908,.1999661,.2002108,.2003001
281,.2003694,.2036076,.2001577,.2000906,.2000671,.2034881,.2001693,.1999127,.2005198,.2036164,.2001719,.2000093,.2002977,.2064968,.2002839,.2002612,.2029553,.2053851,.2009418,.2023252,.1997876,.1998667,.2003694
282,.2002205,.2046342,.2003235,.2001069,.200026,.2035525,.2001811,.2000987,.1999845,.2036444,.2002162,.2002052,.2003521,.2056619,.2004433,.2003007,.2044292,.2046885,.2008061,.2025144,.1996975,.2000877,.2002205
283,.2004422,.2026894,.2004721,.2001829,.2002027,.2031312,.2002318,.200111,.2002644,.2031923,.2004979,.2000431,.2003375,.2069191,.2004073,.2004829,.2032503,.2052264,.2006158,.2017317,.2000388,.199989,.2004422
284,.200238,.2036641,.2002462,.200271,.2001194,.2032708,.2003555,.2000801,.2005673,.2031163,.2003935,.2003104,.2003693,.2065279,.2005018,.2004467,.2029313,.2050667,.2005079,.202111,.1999708,.2004387,.200238
285,.2001837,.2037306,.2004406,.2001484,.2000331,.2037053,.200057,.2000115,.2003083,.2024742,.2004078,.1999523,.2005133,.2059425,.2003134,.2004562,.2025216,.2052033,.2004409,.2020587,.2000278,.1999043,.2001837
286,.2004353,.2037164,.2004477,.2001624,.2001592,.2034994,.2001467,.2000338,.2002012,.202739,.2003007,.1999692,.2001146,.2067462,.2002519,.2004876,.2019891,.2045183,.200246,.2018015,.1997366,.2001391,.2004353
287,.2003831,.2032147,.2007361,.2002604,.2004801,.2038664,.2003805,.2000664,.2007139,.2029322,.2003308,.2001517,.2005295,.2072942,.2004579,.2004695,.2031933,.2048168,.2008675,.2018295,.2001139,.2001506,.2003831
288,.200559,.2037148,.2005221,.2001547,.2001957,.2034228,.2003559,.1999934,.2003092,.2041207,.2007006,.2001407,.2002847,.2057367,.2003591,.2003452,.2024425,.2049811,.2004935,.2021514,.1997879,.1999849,.200559
289,.2000448,.2039952,.2001437,.2000464,.2001139,.2035331,.1999844,.1999704,.1999865,.2040608,.2000798,.2000088,.2000854,.20532,.2001271,.2003573,.202448,.2044785,.2004361,.2019735,.2000029,.20027,.2000448
290,.2003824,.2031129,.2006223,.2002808,.2001693,.2037584,.2001713,.2001742,.2004261,.2029294,.2004756,.200311,.2002797,.2073841,.2001942,.2005233,.202246,.2046768,.2004622,.2017977,.2001158,.2005537,.2003824
291,.2003569,.2026679,.2003712,.2002694,.2001198,.203143,.200194,.2001221,.2002587,.2037956,.200373,.2001965,.2002467,.2071179,.200321,.2004966,.2025597,.2050079,.2003958,.2018088,.1999595,.2001795,.2003569
292,.2001638,.2033746,.2001123,.1999624,.2000269,.2035126,.2000261,.1998205,.2002282,.2041518,.2003508,.199971,.2001801,.2065177,.200241,.2003992,.2033651,.204842,.2004831,.2021185,.1999654,.2002727,.2001638
293,.2002185,.2048484,.2002372,.2002732,.2001785,.2034634,.2001824,.2001738,.2001566,.2049184,.2001719,.2001732,.2003823,.2066775,.200377,.2005105,.2033677,.2051131,.2006387,.2017702,.2000208,.200349,.2002185
294,.2000964,.2034398,.2002821,.200153,.2001132,.2034099,.2000887,.1999911,.20005,.2034113,.199978,.2000866,.2003636,.2059542,.2003521,.2003583,.2033037,.204827,.2005311,.2019803,.1997935,.2000694,.2000964
295,.2003544,.2030113,.2004041,.2003629,.2002187,.2033193,.200203,.2003071,.2001186,.2023755,.2002617,.2002424,.2003107,.2056903,.2001749,.2004191,.2022889,.2048527,.2006562,.2022553,.199911,.2002014,.2003544
296,.2001804,.2037653,.2001883,.2002535,.2001322,.2042464,.1999478,.200072,.2001064,.203037,.2001605,.1999248,.2002783,.206411,.2001904,.2003472,.2029783,.2051832,.2004009,.2025634,.1997318,.2000341,.2001804
297,.2004439,.2034154,.2006384,.2002825,.2006123,.2036171,.2004374,.2001199,.2005828,.2035131,.2004106,.2002491,.2002764,.2062158,.2004003,.2003219,.2026952,.2048546,.2006581,.2021473,.2001512,.2002337,.2004439
298,.2000472,.2039741,.2001471,.1999547,.2000527,.2032474,.2002626,.1999102,.2001404,.2042777,.2006547,.2001508,.2002409,.2065601,.2002669,.2002008,.203893,.2047449,.2006621,.2026207,.1999045,.2003191,.2000472
299,.2004111,.2029006,.2004848,.2000922,.2004979,.2034595,.2003732,.2000076,.2004891,.2041382,.2007183,.2002261,.2001752,.2057295,.2001547,.2003361,.2044919,.2057454,.2007025,.2026719,.1997824,.2003576,.2004111
300,.2002227,.2044135,.2004264,.200391,.2002264,.2038755,.2001805,.2002759,.2003937,.2042658,.2002293,.2003126,.2003067,.2061329,.2003747,.2003865,.2028332,.2049116,.2006565,.2017509,.200133,.2000181,.2002227
301,.2002893,.2032595,.200315,.2003112,.1999545,.2037517,.1999777,.2002066,.2000075,.2025466,.200308,.2000929,.200325,.2067569,.2004524,.2002504,.2026566,.2047438,.2003752,.2022735,.1997896,.1999476,.2002893
302,.2001519,.2046901,.2001653,.2000694,.1998312,.2031831,.2000432,.2000109,.2000638,.2032251,.2001344,.2001176,.2001791,.2060843,.2003114,.200276,.2025851,.2055215,.2006094,.2015681,.1998229,.1998585,.2001519
303,.200324,.2038803,.2004211,.2001658,.2001257,.2038661,.2001561,.1999965,.200056,.2037055,.2002088,.1999987,.2001368,.2059122,.2002926,.200312,.2030216,.2049126,.200605,.2020322,.1999441,.2008103,.200324
304,.200459,.2034557,.2004115,.2002912,.2004963,.2031469,.2002665,.200143,.2002177,.2030024,.2002525,.200038,.2002494,.2056449,.2003319,.2003883,.2042727,.204759,.2005509,.202326,.1999632,.1998839,.200459
305,.2005444,.2042553,.2008684,.2000661,.2005702,.2037232,.2005645,.1999599,.2006297,.2032952,.2005652,.2001513,.200518,.2059494,.2002934,.2002795,.2035774,.2051113,.2008924,.2023661,.2000453,.2003796,.2005444
306,.2001585,.2038588,.2002126,.200012,.1998212,.2029981,.2000783,.200188,.2001411,.2032518,.2000415,.2002677,.2001668,.2068315,.2002093,.2003451,.2026956,.204937,.2002041,.2022347,.1999823,.2000432,.2001585
307,.2004472,.2041655,.2003344,.2002261,.2001788,.2035106,.2001257,.2000014,.2000623,.2037268,.2002404,.2002825,.2002376,.2059233,.2003282,.2003738,.2024543,.2044167,.2004432,.2013605,.2001798,.2005667,.2004472
308,.2001384,.2025986,.2002145,.2001396,.1998875,.2036451,.1998809,.2000381,.2003663,.202777,.2000107,.2000736,.2003162,.2053661,.2002631,.2003728,.2042185,.2048472,.2004724,.202367,.1998686,.200124,.2001384
309,.2003606,.2028601,.2003603,.2002669,.200126,.2034685,.200332,.2001736,.2006451,.2027429,.2005782,.2002924,.2003131,.2061837,.2004399,.2003246,.2020656,.2054667,.2006659,.2019588,.2000132,.1999174,.2003606
310,.2004118,.2040153,.2003069,.2002352,.2001282,.2042497,.2003124,.1999699,.2002576,.2036555,.2003691,.2000751,.200292,.2062289,.2003747,.2002311,.2024555,.2051023,.2004386,.201969,.1998589,.1999203,.2004118
311,.2005829,.2038909,.2004756,.2004534,.2004116,.203814,.2002823,.2000688,.2005749,.2032971,.200743,.2001611,.2005091,.2073478,.200532,.2004949,.203113,.204814,.2006481,.201517,.2000196,.2003836,.2005829
312,.2002425,.2040621,.2001384,.200153,.2002612,.2039091,.2001905,.2000507,.2003753,.2027429,.1999944,.2001246,.2001457,.2064198,.2003406,.2002462,.2029616,.2046956,.2003833,.2019419,.19993,.1999004,.2002425
313,.2001244,.2040567,.2001845,.2002208,.2001474,.2035554,.199895,.2000817,.2000438,.2030581,.1997359,.2001867,.2002645,.2069119,.2001329,.2004143,.202562,.2048505,.2002577,.2014036,.2002012,.2006112,.2001244
314,.2003289,.2042808,.2005803,.2001646,.2003071,.2032597,.2005127,.2001164,.2003662,.203078,.2004477,.2001726,.2003243,.2060865,.20052,.2005244,.2032016,.2050723,.2007338,.202592,.1997828,.2008554,.2003289
315,.2001695,.2032122,.2002274,.2000875,.2000604,.20397,.2000889,.2000081,.199937,.2031603,.2001921,.2000438,.2002061,.206792,.2002027,.2003414,.2019397,.205067,.2003173,.2019832,.1998041,.199658,.2001695
316,.2003552,.2029247,.2004329,.2004614,.2002708,.2035424,.2003931,.2001332,.2004108,.203475,.2002877,.2001971,.2002418,.2060674,.2001464,.2004508,.2031818,.2050292,.2007741,.2024061,.199904,.2002579,.2003552
317,.2000014,.2046084,.2002369,.2001218,.2001618,.204143,.200213,.200065,.2002386,.2045957,.2002257,.2003142,.2001864,.2068217,.2000683,.2004831,.2030208,.2048222,.2001836,.2017171,.1999702,.2002546,.2000014
318,.2001848,.204082,.2004387,.1999377,.1999686,.2042319,.2002425,.1999423,.1998584,.2046605,.1999744,.199836,.2002953,.2058119,.2002674,.2002872,.202269,.2046144,.2005343,.201686,.1998917,.200142,.2001848
319,.2002891,.2030805,.2003268,.2000539,.2002342,.2036191,.20011,.2001797,.2002735,.2044725,.2001523,.2001401,.2003946,.2063025,.2005828,.2003876,.2022866,.2046414,.2009114,.2018855,.1998378,.2002238,.2002891
320,.2002382,.2035665,.2004188,.2001173,.2002065,.2038724,.2002828,.2001844,.2002005,.2033152,.2004296,.2002867,.2001823,.2066037,.2004625,.2002572,.2025647,.2052095,.20066,.2022336,.2000892,.19997,.2002382
321,.2005081,.203507,.2003768,.2001296,.2003521,.2036044,.2000016,.2000405,.2000591,.2023519,.2002336,.2001403,.2000587,.2057108,.2002584,.2003833,.2032415,.204452,.2005987,.2027141,.1999819,.2001625,.2005081
322,.2000395,.2027081,.2000984,.2001187,.1999608,.203846,.1998832,.2001381,.1999116,.2031761,.2005153,.1999239,.2001649,.2070339,.2001628,.2004041,.2030265,.204713,.2002151,.2015114,.2000811,.1998804,.2000395
323,.2003864,.2038593,.2002814,.2001342,.2000652,.2038386,.200179,.2001214,.2002893,.2032734,.2002161,.2001729,.2006093,.2063208,.2005498,.2004154,.2030637,.2053258,.200363,.2019552,.1995116,.2000029,.2003864
324,.2001589,.2043921,.2001194,.2001533,.2000584,.2031191,.1999466,.2000264,.2001213,.2026806,.20002,.2000716,.2001677,.206257,.2001514,.2003446,.2033746,.2044987,.2004675,.2020507,.1999274,.2001594,.2001589
325,.2002503,.204307,.2002847,.1999843,.2001012,.2041522,.2002589,.1999853,.2001766,.2054658,.200245,.2001231,.2002353,.2070401,.2001687,.2004631,.2047996,.2051487,.2011697,.2019194,.2000683,.2001301,.2002503
326,.2001515,.2038442,.2004263,.2001343,.200221,.2037277,.2005618,.200049,.1999808,.202916,.2005416,.2002094,.2003418,.2062399,.200399,.2002947,.2030257,.2044954,.2003794,.201896,.1998294,.200285,.2001515
327,.2004048,.2036567,.2000729,.2002571,.200158,.2036994,.2001886,.2001264,.2002897,.2033769,.2002908,.2002342,.2002762,.206629,.2003591,.2003508,.2029816,.2047479,.2005806,.2017756,.1997683,.1999328,.2004048
328,.2002304,.2035516,.2002017,.2002705,.2002919,.2032283,.1999975,.2001993,.200211,.2035294,.2002235,.2001834,.2003454,.206508,.2005443,.2003001,.204209,.2048896,.2007622,.202376,.2000451,.2001013,.2002304
329,.200632,.2036171,.2004997,.2001808,.2001984,.2039302,.200207,.2002137,.2001922,.2028314,.2004055,.2001787,.2002138,.2063205,.2004701,.2002946,.2034928,.2049173,.2004966,.2023518,.1998,.2000184,.200632
330,.2004033,.203089,.2002599,.2000787,.2001117,.2031513,.2003879,.1999751,.2001224,.2041114,.2002113,.2000344,.2003347,.206105,.200231,.2004221,.2028056,.2046651,.2006007,.2019809,.2002615,.2002317,.2004033
331,.2002416,.2030801,.2003503,.2001811,.2006292,.2037106,.2004333,.2001364,.2004617,.2030303,.2002252,.2000617,.2003663,.2067706,.2004469,.2002566,.2028097,.2050823,.2004514,.2021074,.2000375,.2003047,.2002416
332,.2006463,.2031543,.2007011,.200158,.2003318,.2036185,.2004806,.2000512,.2001642,.2029034,.2001554,.200245,.2002741,.2063082,.2003264,.2004147,.2026359,.2047735,.2007982,.2017032,.1999806,.2001314,.2006463
333,.2001314,.2034284,.2004114,.2001787,.2001483,.2032222,.2002233,.2002243,.2002296,.2025808,.2001515,.199945,.2001357,.2061411,.2002533,.2004928,.2025592,.2047016,.2007048,.2022828,.1999558,.2004675,.2001314
334,.2003726,.2035057,.2000399,.2000731,.2000349,.2037646,.1999646,.2000183,.2001685,.2030891,.200224,.2001285,.2003912,.2066553,.2001443,.2004574,.2028367,.2051287,.2003992,.2015968,.1998845,.2000941,.2003726
335,.200625,.2028842,.2003417,.2000903,.2002285,.203732,.200186,.2000756,.200366,.2028436,.2005873,.200192,.2004827,.205756,.2004597,.2004426,.202423,.2046847,.2004833,.2019069,.1997987,.1999416,.200625
336,.200477,.2043374,.2002769,.20017,.200326,.2035018,.1999927,.2002259,.2002111,.2038979,.2007894,.2002376,.2001427,.2063013,.2002436,.2004422,.2036937,.2049287,.2005862,.2028313,.1999249,.1998611,.200477
337,.2002493,.204118,.200434,.2001333,.2000868,.203359,.2002249,.2000618,.2000656,.2039322,.2003305,.2003116,.2001279,.206367,.2000931,.2002419,.2022087,.2047908,.2007972,.2020329,.1998458,.2003262,.2002493
338,.20051,.20355,.20031,.200271,.2000318,.2037706,.2000519,.200183,.2000945,.2033184,.2001161,.200222,.2002373,.2067823,.2003116,.2004232,.2033883,.2048381,.2001792,.2018017,.1999715,.1998229,.20051
339,.2000116,.2038942,.200273,.2000001,.1997937,.2036984,.199994,.1998283,.1998638,.2035991,.1997862,.2000186,.2001288,.2064038,.2001371,.2003078,.2038387,.2047953,.2003685,.2022537,.1998571,.1999372,.2000116
340,.2003121,.2034992,.2002361,.2000908,.1998059,.2035486,.2001519,.2000869,.2001278,.2033127,.200311,.2001718,.2002424,.2069365,.2002331,.2002118,.2037377,.2050558,.2004161,.2019362,.2002038,.2005582,.2003121
341,.2004485,.2039968,.2002771,.2002969,.2000803,.2037515,.2002228,.2001078,.2004363,.2025588,.2005557,.2002603,.200275,.205675,.2003392,.2003179,.2027793,.2049979,.201081,.2023876,.199768,.2001861,.2004485
342,.200667,.2048945,.2002359,.2002149,.1999908,.2039238,.2002146,.2001812,.2000616,.2045014,.200234,.2002851,.2001456,.2062179,.2003926,.2003927,.202034,.2047905,.200555,.202156,.2002288,.2000398,.200667
343,.2003791,.2032777,.2005241,.2001861,.2003395,.2034558,.2003902,.2001157,.2002585,.2042165,.2002037,.2002122,.2004016,.2065856,.2004091,.2003853,.2042802,.2049375,.2007407,.2022223,.2001334,.2002782,.2003791
344,.1999767,.2035017,.2002302,.2002161,.1998437,.2036508,.2001517,.2000693,.2001655,.2027709,.2001568,.2000453,.2001009,.2064799,.2002858,.2002502,.2033026,.2046876,.2003066,.2024316,.1997956,.2000158,.1999767
345,.2000233,.2035696,.2001288,.199919,.1999562,.2036097,.2002963,.1999506,.200289,.2039791,.2001829,.1999041,.2000976,.2067233,.2002344,.2002712,.202756,.2048822,.2003582,.2019514,.1997828,.2003302,.2000233
346,.2000949,.2036528,.2004307,.2002798,.2001804,.203247,.2002979,.2000138,.2006087,.20315,.2003527,.2001167,.2003272,.2059001,.2002676,.2003418,.2019568,.204527,.2007245,.2017671,.1999025,.1999139,.2000949
347,.1999521,.2043991,.2001385,.200064,.1999581,.2036354,.2001199,.199979,.2000409,.2036197,.2004633,.2002409,.2003458,.2068274,.2003536,.2004118,.2025702,.2053591,.2004012,.2017613,.1997897,.2000127,.1999521
348,.2003325,.2028202,.2002186,.2002529,.2001662,.203456,.2003111,.2001746,.2000416,.2028266,.2002045,.2001909,.2004086,.205537,.2003182,.2003366,.2025696,.2047364,.2003506,.2021832,.1998934,.1999939,.2003325
349,.2001784,.2038364,.2002969,.2001383,.2000847,.2040378,.2004006,.2000658,.2002167,.2047544,.2000812,.199981,.2003775,.2066107,.2005319,.2003402,.2032435,.2051764,.2006531,.2023077,.2000582,.2000882,.2001784
350,.2001204,.2031496,.2003472,.1999957,.1999869,.203489,.2003064,.2000751,.2000669,.2031877,.200125,.2000819,.2001912,.2067257,.2003019,.2004183,.2027787,.2046042,.2005713,.2015639,.1999219,.200321,.2001204
351,.2003801,.2039079,.2004016,.2001693,.2003601,.2039129,.2002213,.2000488,.200395,.2029942,.2004397,.2002937,.2005804,.2068558,.2004103,.2003047,.2029211,.2051176,.2006333,.2020794,.1998647,.2002193,.2003801
352,.2003112,.2044964,.20057,.2002294,.2002932,.2042267,.2003141,.2002107,.2002633,.2039627,.2007167,.2001758,.2002375,.2064821,.2002645,.2003027,.203428,.204688,.2007968,.2023851,.2001808,.2003812,.2003112
353,.2001842,.2027163,.2005375,.2001916,.2001539,.2038928,.200211,.2002735,.2002555,.2031596,.2004653,.2002032,.2002524,.2066666,.2004111,.200277,.2025231,.2050003,.2006113,.201835,.2000256,.2000222,.2001842
354,.2003722,.2037376,.2003597,.2000798,.2001425,.2036633,.2002354,.2000952,.2003006,.2037413,.2004159,.2001165,.2002483,.2056594,.2002573,.2004057,.2021149,.2052363,.2002943,.2024257,.1999774,.200212,.2003722
355,.2003737,.2041009,.2002151,.2001036,.2002898,.2034321,.2002239,.2000702,.2001785,.2035644,.200557,.2000054,.200176,.2068358,.2000976,.2002619,.2032249,.204895,.2001858,.202505,.1999645,.2001683,.2003737
356,.2003907,.203242,.2002262,.2002182,.1997498,.2041263,.2001383,.199949,.2000743,.2048793,.2001304,.2000299,.2002168,.2056173,.2001166,.200598,.2027305,.205039,.2003331,.2019138,.2000154,.2001754,.2003907
357,.2003446,.2030251,.200484,.2000805,.200159,.2031655,.2002347,.2000209,.2002355,.2033026,.2000688,.2000165,.2005243,.2053456,.2004405,.2002727,.2040282,.205032,.2008081,.2019794,.2000106,.1999033,.2003446
358,.2001107,.2029428,.200401,.2002089,.199921,.2035471,.200158,.1999387,.1998783,.2050047,.199966,.2000629,.2005148,.2055131,.2002567,.2004689,.2028281,.2051386,.200696,.2020755,.1999571,.2000337,.2001107
359,.2001477,.2031651,.2003886,.2004136,.2000104,.2033878,.2000799,.2001522,.2002317,.2032493,.2000359,.2003026,.2002791,.206469,.2003245,.200368,.2032916,.2045453,.2004972,.2023349,.199836,.2001663,.2001477
360,.2003092,.2049363,.2003662,.2002464,.2001046,.2038852,.2001065,.2000541,.2003428,.2045392,.2003069,.2000892,.2002373,.2066402,.2001857,.200297,.2032378,.2050446,.2003588,.2020933,.1999793,.2000212,.2003092
361,.2000497,.2031356,.200265,.2000963,.1999236,.2036991,.200007,.1998989,.2001779,.2026747,.2004683,.2000882,.2002517,.2070289,.2001389,.2004149,.2026695,.204596,.2006156,.2023528,.1997794,.2010209,.2000497
362,.200227,.2024766,.200215,.1999597,.2001083,.2038538,.2000429,.1998771,.1999734,.2034757,.2008486,.1999612,.2001898,.2067319,.2003294,.20028,.2021115,.2049689,.2000995,.201903,.1998531,.2003544,.200227
363,.2001977,.2027411,.2001209,.2002472,.1999145,.2032026,.1997954,.2000262,.1999724,.2030953,.2001124,.1999846,.200149,.2070218,.1999917,.2002924,.2040899,.20477,.200648,.2026433,.1998431,.2000297,.2001977
364,.2004755,.2039016,.2001991,.2003645,.2003149,.2039187,.2000687,.2000544,.2000989,.2028866,.2001098,.2001139,.2003287,.206286,.2004034,.2004275,.2030008,.2043859,.2003084,.2020167,.2001639,.2000445,.2004755
365,.200215,.2035724,.2002948,.2000711,.2001421,.2039506,.2001037,.2000922,.2000253,.2036221,.2002673,.200104,.2001739,.206585,.2003099,.2004669,.202858,.2051185,.2005035,.2021388,.1997855,.2001227,.200215
366,.1999978,.2028169,.2004085,.1999672,.1999404,.2037959,.2002785,.2000346,.2004425,.2033068,.2000875,.2002144,.2001968,.2062019,.2002611,.2003471,.2024288,.2052636,.2005584,.2020264,.1999775,.2001575,.1999978
367,.2004442,.20446,.2003913,.2003768,.2003482,.2037368,.2005686,.2001591,.2002542,.2062822,.2005634,.2002619,.2005738,.2067966,.2006124,.2005632,.2028426,.2053848,.2006499,.2016907,.1998037,.2001415,.2004442
368,.2005195,.2036981,.2004719,.2002523,.2001925,.203249,.2002647,.2001725,.200165,.2029977,.1999831,.2001867,.2003333,.2058767,.2002009,.2003331,.2029703,.204672,.200496,.2019142,.1997883,.2001203,.2005195
369,.2002155,.2028459,.2001894,.2001991,.1999672,.2036006,.2000322,.1999657,.2001645,.2027239,.2003853,.2000055,.2002767,.2068512,.2001013,.2003843,.2020442,.2047413,.200689,.2016837,.1997192,.1998188,.2002155
370,.2002301,.2044537,.2002611,.2002311,.2002179,.2036739,.2002626,.2000249,.2000259,.2036998,.2002121,.200164,.2001677,.2061801,.2001252,.2003603,.2032267,.2049676,.2001376,.2021256,.1999949,.1998799,.2002301
371,.20017,.2038863,.2001755,.2003795,.200069,.2039381,.2000265,.2003551,.2000836,.2042741,.2000703,.2003438,.2002535,.2059004,.2004206,.2006223,.2029649,.2048914,.2002841,.2022134,.1998811,.2000593,.20017
372,.2002058,.2027831,.2001632,.2000638,.1999568,.2038365,.2000691,.200047,.2003662,.2032168,.2003093,.2001648,.2001467,.2056636,.2001734,.2003408,.2026683,.2050542,.2002361,.2025918,.1998479,.2000905,.2002058
373,.2004591,.2039895,.2004687,.2003243,.2003561,.2029458,.2003697,.200084,.2000989,.2028196,.2004906,.200227,.2003423,.2064277,.2002499,.20036,.2031308,.2050235,.2004526,.2018617,.2000495,.2004899,.2004591
374,.2003909,.2037317,.200244,.2001487,.2001623,.203795,.2002048,.2001662,.2003145,.2055033,.2003844,.2002643,.2005328,.2063284,.2003527,.2004257,.2030428,.2049961,.2007536,.2018346,.1998846,.2000824,.2003909
375,.2003366,.2032421,.2003053,.2002965,.1998859,.2042487,.2002326,.1999396,.2005947,.2045821,.200454,.1999614,.2001641,.2063204,.200253,.2004956,.2035736,.2049643,.2006436,.2017615,.1999952,.199884,.2003366
376,.2002552,.2041788,.2002942,.2002279,.2002376,.203755,.2001059,.200038,.2002631,.2040118,.200476,.2003686,.2001905,.2069713,.2002547,.2003818,.2025051,.2046447,.2003912,.2020295,.1998556,.2002033,.2002552
377,.2001909,.2038535,.2000801,.2001729,.2000157,.2032441,.2001883,.2001723,.2001383,.2024746,.2000388,.200182,.2003052,.2067908,.200225,.2002897,.2028514,.2046813,.2004745,.2023537,.1998548,.1999867,.2001909
378,.2003524,.2040832,.2003426,.2000735,.200184,.2029898,.2001157,.1999818,.2001656,.202866,.2003315,.2000788,.2003122,.2067244,.2003521,.2003652,.2024128,.2051069,.2007492,.2019644,.199925,.20028,.2003524
379,.1999207,.2032896,.2000591,.2001933,.2001601,.2035396,.2000434,.1999899,.1999267,.2028854,.2000462,.2000693,.2002441,.2065159,.2001906,.2003639,.202678,.2051618,.2001975,.2023364,.1998679,.2000625,.1999207
380,.200422,.2029755,.2002053,.2003652,.2002784,.2033362,.2003676,.2001532,.2000088,.2033355,.2002272,.2003987,.2002417,.2059424,.2002828,.200218,.2021878,.2050519,.2007101,.2020425,.1997474,.1998847,.200422
381,.2001999,.202662,.2001189,.2000663,.2001956,.2033692,.2001096,.2000815,.2002423,.2028747,.2004096,.2001277,.2003472,.2061194,.2003695,.2003588,.2023435,.2044551,.2004278,.2022344,.1998653,.1998426,.2001999
382,.2002201,.204544,.2004243,.2002284,.2002538,.204294,.2001661,.2001794,.1999738,.2039089,.2002276,.2000854,.2000909,.206259,.2001729,.2002488,.2026921,.2047992,.200799,.2020201,.200398,.200101,.2002201
383,.2003446,.2034471,.2005568,.2000794,.2000039,.2029917,.1999928,.2000692,.2005476,.2029999,.2003594,.2001497,.2001466,.2063453,.2003251,.2003076,.2027726,.2048486,.200511,.2017914,.2000523,.2003615,.2003446
384,.2003601,.2038661,.2003918,.2001607,.2000789,.2029169,.2002608,.2002167,.2000959,.2040288,.2002846,.2001489,.2001303,.2069669,.2002178,.2004538,.2026317,.2052501,.2006547,.2019358,.1998631,.1999588,.2003601
385,.2005263,.2034166,.2006785,.2001708,.2002252,.2037452,.2003763,.2000578,.2006361,.2027308,.2005018,.20009,.2003433,.2069018,.2003872,.200366,.2036115,.2051975,.2005231,.2019237,.1999671,.2001266,.2005263
386,.2007258,.2040835,.2005421,.2004657,.2004497,.2034328,.2003435,.2004724,.2002077,.2027162,.2005467,.2002495,.2003045,.2061556,.2003058,.2004235,.2022128,.2046888,.2002583,.2018094,.2000622,.2000863,.2007258
387,.2002652,.2039559,.2001638,.2002033,.2000158,.2038072,.2000384,.2002203,.2002288,.2044732,.2001081,.2002072,.2003075,.2067335,.200406,.200497,.2033671,.2050947,.2003766,.2020439,.1999931,.1999864,.2002652
388,.2002198,.2037061,.2002294,.2002133,.2002515,.2039147,.2001667,.2001887,.1999545,.2029618,.2000517,.200288,.2004595,.2065198,.2004489,.2004766,.2027274,.2055803,.2011241,.2018639,.1999783,.2003697,.2002198
389,.1999866,.2034341,.2002852,.2001956,.2001641,.2035576,.2000654,.2002143,.2001781,.2041225,.1998758,.200229,.2002739,.2072556,.2002417,.2003915,.2026377,.2050517,.2003154,.2021939,.199879,.2000182,.1999866
390,.2003642,.2028344,.2002753,.2001503,.2001279,.2038091,.2003719,.2000772,.200012,.203678,.2001873,.2001033,.200118,.2067892,.2001836,.200583,.2029747,.20469,.2006091,.2018132,.1997222,.1997482,.2003642
391,.2000815,.2036166,.20032,.2001974,.2002187,.2039594,.200264,.200062,.2002003,.2032126,.2007461,.2003957,.2002628,.2056034,.2004139,.2004426,.2037511,.2052059,.2004278,.2014198,.1999736,.1998761,.2000815
392,.1999451,.2030869,.1999726,.1999681,.2000136,.2037379,.1998831,.1999371,.2000485,.2031808,.2001077,.2000895,.2000918,.2073444,.2001245,.2004675,.2025398,.2047832,.2003562,.2021202,.1999722,.2002143,.1999451
393,.2006557,.2025106,.2002074,.2003015,.2001291,.2038139,.2001127,.2002064,.2002238,.2030625,.2003657,.2000872,.2002176,.2061961,.2002324,.2004647,.2028509,.2049429,.2006498,.2019806,.2002006,.2001261,.2006557
394,.2002582,.2045837,.2002099,.200392,.2000618,.2033002,.2001736,.2001803,.2001566,.203221,.2002632,.2002898,.2002718,.2056029,.2003547,.200523,.2026059,.2049515,.2010068,.2020188,.1999596,.1999457,.2002582
395,.2003343,.2034983,.2003047,.2001961,.2001407,.2031254,.2001803,.2001502,.2002244,.2047873,.2002252,.2001937,.2003072,.2058842,.2007036,.2004915,.2034186,.2048128,.2003686,.2020912,.1997482,.2000414,.2003343
396,.2002473,.2030978,.2005497,.200068,.2001789,.2039016,.200488,.2000003,.2000443,.2027566,.2003256,.2001185,.2004005,.2059369,.2001566,.2004987,.2029324,.2046094,.2005406,.2016747,.2002202,.2000481,.2002473
397,.2004144,.2045009,.2004461,.2002128,.2004102,.2037993,.2003345,.2000424,.2003873,.2035242,.2005678,.2001836,.2003222,.2063803,.2002805,.200368,.202747,.2052306,.2009091,.2017822,.1999757,.2004126,.2004144
398,.2003157,.2033638,.2004171,.2001948,.1999483,.2038172,.2004222,.1999496,.2004037,.2026579,.2004407,.2001402,.2002239,.2063763,.2001525,.2002794,.2035938,.2049931,.2005018,.2019067,.2002151,.2001896,.2003157
399,.2002825,.2036652,.2001134,.2001891,.2000505,.2032944,.2001739,.2000866,.2001738,.2026482,.2001255,.2001734,.2001811,.2055909,.200195,.2004322,.2027675,.2043658,.2006065,.2018291,.1999916,.200129,.2002825
400,.2006892,.2030318,.2003858,.2001471,.2001967,.2036081,.2003985,.2001054,.1999519,.2033476,.2002988,.2000255,.2002838,.2057966,.200467,.200333,.2027759,.2044358,.2005447,.2020739,.199972,.2001903,.2006892
401,.2003528,.2032818,.2005073,.2004113,.2001712,.2032361,.2000313,.2003824,.2002141,.2027772,.2002978,.2003671,.2003852,.2060835,.2004433,.2005237,.2040199,.2044436,.201011,.2023661,.1999643,.2000964,.2003528
402,.2004933,.2038245,.2004337,.200094,.1999594,.20368,.2001867,.2000454,.2003021,.2027575,.2001531,.2001971,.2001793,.2061327,.2003289,.2003452,.2029253,.2048429,.2003374,.2019686,.1998734,.2001596,.2004933
403,.2002535,.2040109,.2002189,.1999913,.2002238,.2039098,.2002179,.2002247,.2001778,.2043731,.2002103,.2000398,.200222,.2064045,.2003619,.2003989,.2034361,.2050493,.2005002,.2021651,.2001055,.2005872,.2002535
404,.2002534,.203601,.2002908,.200149,.1999824,.2037519,.2002503,.1999267,.2002118,.2036571,.2003135,.199976,.2004021,.2071673,.2004451,.2003307,.2030188,.2049063,.2008112,.2014442,.199739,.2000246,.2002534
405,.2002954,.2030579,.2005094,.2002764,.2001284,.2032723,.2001268,.2002521,.2002315,.2033711,.2002858,.2002885,.2003247,.2065828,.2003442,.2004486,.202823,.2047614,.200718,.2021094,.1999026,.2002469,.2002954
406,.2000437,.2029842,.200381,.2000624,.2000797,.20379,.2002233,.2000948,.2000138,.2039108,.2003342,.2003963,.2003544,.206351,.2000886,.2003202,.2032327,.2047063,.2002934,.2019338,.2001433,.1998453,.2000437
407,.2005588,.203204,.2002805,.2001123,.2001394,.2030471,.2002842,.2001101,.2003344,.2040791,.2003889,.2000965,.2001927,.2056881,.2001886,.2003744,.2030778,.2047696,.2005484,.2024809,.1998523,.2003545,.2005588
408,.2004033,.2036014,.2002664,.2001961,.2002226,.203209,.2002342,.2000951,.2005117,.2029898,.2007941,.2003562,.2002458,.205872,.2002015,.2002149,.2029948,.2046563,.2005803,.2024867,.1998809,.199924,.2004033
409,.1999733,.2032481,.2001878,.2002257,.2000558,.2037055,.1999548,.2000918,.2000274,.2025863,.200224,.2002095,.2003737,.206138,.2002658,.2002861,.2039852,.2052,.2007475,.2022249,.1997669,.1998847,.1999733
410,.2001667,.2035093,.2002525,.2001712,.2000655,.2036852,.2000709,.2001082,.1998608,.2028223,.2001253,.2000979,.2003655,.2064522,.2002729,.2004515,.2028424,.2051527,.2006969,.2022473,.2002414,.1998522,.2001667
411,.1999951,.2038035,.1999882,.2000822,.1997983,.2039367,.200016,.2002095,.2000641,.2042989,.2001461,.1999826,.2003025,.2062189,.2002127,.2003534,.2028021,.204824,.2007126,.2020075,.1997776,.1999194,.1999951
412,.2001861,.2033136,.2002566,.200229,.2000938,.2039048,.2001736,.200277,.2002663,.2026924,.2004536,.2001574,.2001746,.206317,.2002133,.2004639,.2025595,.2043895,.2003085,.202435,.1999881,.200351,.2001861
413,.2001671,.2042308,.2003351,.20011,.2001636,.2040638,.2002364,.200149,.2002733,.2045012,.2004781,.2001432,.2001149,.2067229,.2002232,.2004751,.2030141,.204826,.2004703,.2023553,.2001974,.2001841,.2001671
414,.2003699,.2030652,.2003518,.2002002,.2002093,.2041742,.20023,.2000634,.2001451,.2030273,.2004822,.200102,.2003822,.2067052,.2003582,.2003063,.2027835,.2043535,.2006555,.2018059,.1998824,.2001945,.2003699
415,.2000459,.2022856,.2001855,.2002098,.2002086,.2031228,.2002024,.2000562,.2001263,.2021848,.1999658,.2000409,.2003234,.2065065,.2003041,.2002998,.2026796,.2045573,.2005059,.2018131,.1998579,.2000207,.2000459
416,.20068,.2042122,.2007399,.2001137,.2004066,.2039379,.2004919,.2003539,.201066,.2042988,.2007779,.2001697,.2003362,.2061637,.2003044,.2001119,.2040081,.204986,.2010835,.2023247,.2005876,.2001107,.20068
417,.2001664,.2032541,.2002581,.2002494,.2000085,.2031364,.2001958,.2000038,.2000346,.2030755,.1997591,.2002152,.200389,.2063381,.2003523,.2003812,.2029528,.2048632,.2005637,.2021704,.2002195,.2001387,.2001664
418,.2004484,.203445,.2000411,.2001586,.2000555,.203337,.1999614,.2001089,.2001333,.2030909,.2002571,.2001705,.2002076,.2066639,.2002648,.2002856,.2023783,.2044359,.2003865,.2017381,.1998475,.2003588,.2004484
419,.2000722,.2035905,.2003128,.200046,.2001913,.2034247,.2001582,.2001536,.2003237,.2033038,.2004352,.2002452,.200509,.207087,.2004513,.2003814,.2025776,.2047448,.2008926,.2018349,.2000969,.200416,.2000722
420,.2003271,.2028786,.2001867,.2001297,.1999045,.2033669,.2001899,.2000672,.2002886,.2026464,.2002747,.2002861,.2002745,.2064308,.2001828,.2003662,.2025974,.204937,.2005801,.2022722,.2000282,.2000252,.2003271
421,.200297,.2036731,.2001884,.2003258,.2000374,.2036194,.2003408,.2001827,.200333,.2034008,.2001355,.2002164,.2000683,.2059014,.2002369,.2002615,.2039816,.2050815,.2004862,.2020875,.1998011,.2002068,.200297
422,.2002729,.20379,.2002379,.19998,.2002978,.2033653,.2005515,.2000786,.2001636,.203695,.2003572,.2001325,.200194,.2067796,.2002744,.2003874,.2036842,.2049101,.2008923,.2019873,.2000156,.1999182,.2002729
423,.2005339,.2036903,.200838,.2001498,.2002886,.2037719,.2003637,.2003057,.2008133,.2048422,.2007816,.2003019,.2003743,.2057224,.2004374,.2005529,.2029736,.2048134,.2003467,.2021108,.2000879,.2002172,.2005339
424,.2004056,.2038376,.2004262,.2002301,.2002302,.2036725,.2001098,.2001296,.2000382,.2039754,.2002896,.2001095,.2002024,.2064345,.20021,.2003637,.2040743,.2050347,.2002798,.2022981,.200263,.20016,.2004056
425,.200298,.2033468,.2002764,.2000753,.200206,.2033542,.2001087,.2001697,.2007664,.2031661,.2000963,.2002005,.2003535,.2064461,.2001793,.2004891,.2027146,.2048195,.2006588,.2024926,.1998589,.2000501,.200298
426,.2001213,.2038932,.2005205,.2002679,.2002532,.20348,.200444,.2000823,.2001384,.2033509,.2004866,.2002017,.2001229,.2066447,.2005233,.2004258,.2028892,.2048295,.2008518,.2025453,.2000554,.1998701,.2001213
427,.2004071,.2033098,.2002383,.2002466,.2001687,.2036595,.2002904,.2001431,.2002311,.2031381,.2006488,.2002427,.2001821,.2062541,.2003693,.2004027,.2036237,.2052796,.2003401,.2025191,.1999236,.2001934,.2004071
428,.2002504,.2037178,.2001891,.200067,.199954,.2035681,.2000341,.1999623,.2001219,.2030249,.2000824,.2001056,.2001887,.2064186,.200197,.2003063,.2035775,.2050919,.2008316,.2024893,.1997652,.1998285,.2002504
429,.2002138,.2032507,.2004523,.2001043,.2003943,.2033935,.2003069,.2001329,.2005039,.2033735,.2006346,.2003583,.2002608,.2065813,.2004165,.2002936,.2040888,.2046586,.2009189,.2024924,.1998239,.2000802,.2002138
430,.2005671,.203779,.2004371,.2002051,.2002757,.2033043,.2004677,.2002025,.2006694,.2035573,.200681,.2002849,.200325,.2065084,.2004281,.2003816,.2036635,.2051454,.2004993,.2024563,.1998304,.1999892,.2005671
431,.2001108,.2034721,.2003341,.2002017,.2000275,.2036553,.2001484,.1999922,.1999836,.202883,.2001623,.2000514,.2002279,.2057438,.2002112,.2003957,.2021983,.2044243,.2002793,.201777,.1998716,.1998811,.2001108
432,.2002191,.2034309,.2003218,.2001851,.2000319,.2031923,.2000959,.200086,.2004339,.203792,.2000946,.2001277,.200269,.2056181,.2002073,.2004952,.2020219,.2049162,.2003665,.2020646,.1998721,.1997294,.2002191
433,.2003189,.2037941,.200231,.2002781,.200297,.2035465,.2004313,.2002392,.2000781,.2033765,.200269,.200265,.2004113,.2066597,.2004057,.200512,.203673,.2051256,.2004218,.2026803,.1999378,.1999712,.2003189
434,.1999438,.2022974,.200135,.2001658,.1999812,.2030006,.2003042,.2000256,.2000737,.2023582,.2003532,.2001723,.2003141,.2061612,.2003514,.2004185,.2026088,.2049429,.2005356,.2020673,.19981,.1999974,.1999438
435,.2002816,.2034626,.2001799,.2002491,.2001246,.2035336,.2001041,.2001345,.1999235,.2030617,.2003176,.2002619,.2004624,.2068821,.2003231,.2006328,.202043,.2049313,.2006933,.2019242,.1999764,.1999959,.2002816
436,.1999334,.2041298,.199974,.2001197,.2000604,.2031935,.2000943,.2000417,.2002506,.2030638,.2002722,.200057,.2002159,.2057513,.2003768,.2002619,.2025372,.2049433,.2005641,.2019025,.1996646,.2003296,.1999334
437,.2001786,.2030939,.2002207,.2000382,.2000068,.2032953,.2003141,.1999829,.2000732,.2026208,.2003657,.2002579,.2003366,.2063467,.2003344,.2004017,.2030885,.2047109,.2007669,.2019137,.1997864,.2001171,.2001786
438,.2002136,.2044798,.2003458,.2000123,.2001642,.2027553,.2003945,.2001124,.2004157,.2038268,.2001706,.200288,.200269,.2068381,.2001777,.2002415,.2023052,.204133,.2004427,.2018805,.2002192,.2001614,.2002136
439,.1999205,.2034421,.2001272,.2000132,.1998082,.2039886,.2001963,.1999743,.2000745,.2027803,.2003887,.1998596,.2002879,.2056777,.2003355,.2002817,.202852,.204504,.2006253,.202765,.2001055,.1997224,.1999205
440,.2002752,.2023798,.2003964,.2000573,.200555,.2031603,.200457,.2001936,.2005533,.2028013,.20035,.2001264,.200499,.2054759,.2004641,.200454,.2029719,.2043172,.2006565,.2024179,.2001074,.2003366,.2002752
441,.1999151,.2036371,.1999726,.2000709,.2000529,.2033474,.1998844,.2001209,.1998064,.2041039,.1996569,.2002935,.2000881,.2054428,.1999611,.2003169,.2023585,.2048317,.200637,.2022988,.1998502,.2001871,.1999151
442,.200324,.2033526,.2004974,.2003166,.2002064,.2031214,.2001755,.2002849,.2000122,.2032101,.2004915,.2002232,.2003618,.206044,.2005097,.2002782,.2028389,.2044133,.2004258,.2024298,.1998721,.2002671,.200324
443,.2002206,.2040297,.200249,.1999918,.2003321,.2037136,.2002311,.1999416,.2002715,.2034429,.2003227,.1999937,.2004923,.2062551,.2002652,.2003567,.2036187,.2050925,.2004844,.2023386,.200513,.2000624,.2002206
444,.2001252,.2040027,.2001595,.2000264,.1999627,.2039071,.2002047,.2001458,.2001365,.2036663,.2002046,.2000329,.2002151,.2067924,.2003211,.2004301,.2021306,.2045396,.2005477,.2023367,.1997809,.2003434,.2001252
445,.2004298,.204254,.2006283,.2000885,.2001826,.2039492,.2005092,.1998347,.2001971,.2034338,.2011173,.2000974,.2003206,.2063282,.2002002,.2002409,.202878,.2049149,.2005027,.2023305,.1999316,.2001857,.2004298
446,.2001333,.2040216,.200066,.2002954,.2001098,.2038964,.1999789,.1999523,.1998551,.2035402,.1998511,.1999416,.2000794,.2069183,.2001332,.2004597,.2033851,.2047829,.2001835,.2026269,.2000704,.2000307,.2001333
447,.2003014,.2035228,.2003139,.2001425,.1999763,.2031194,.2002143,.2000095,.2004306,.2029012,.2002777,.2000791,.2002536,.2061509,.2003003,.200247,.2025655,.205357,.20091,.2022938,.1998602,.1999253,.2003014
448,.2003303,.2029122,.2003338,.2001101,.2001913,.2033312,.2001304,.2000196,.2003024,.2032339,.2003829,.2001571,.2001203,.2059641,.2001005,.2003907,.2030092,.2046925,.2004397,.2016151,.1999287,.2000266,.2003303
449,.1998746,.2035248,.2002737,.2001381,.1998375,.2036936,.2000203,.2000317,.1999721,.2030703,.2001662,.2002207,.2003957,.2068265,.2002931,.2002423,.202256,.2051464,.2001657,.2017899,.1998811,.2000096,.1998746
450,.2001971,.2038645,.2001276,.2000321,.2001036,.2034948,.2001354,.2000717,.1998857,.2027512,.2000231,.2001086,.2002548,.205983,.2003024,.2003943,.2033447,.2050236,.2006062,.2022254,.1999379,.2003361,.2001971
451,.2001761,.2044357,.2000788,.1998592,.1999788,.20355,.2001309,.1999766,.2002661,.2036819,.2001561,.1998746,.2001947,.2068009,.2002361,.2002637,.2028341,.2050626,.200856,.2021869,.1999501,.1999431,.2001761
452,.2004084,.2044745,.200509,.2002323,.2001295,.2033845,.2004363,.2000609,.2002236,.2042678,.2002632,.2001335,.2005177,.2071292,.2005176,.2005767,.2023288,.204617,.2006113,.2018179,.1999145,.2001749,.2004084
453,.200023,.2038179,.2003787,.2004103,.200213,.2029317,.2000997,.2000886,.1998942,.2034738,.2001352,.2000532,.2001664,.2060884,.2002885,.2003153,.2034001,.2048191,.200582,.2020496,.1999416,.2000675,.200023
454,.200088,.2029286,.2001479,.2001287,.2001684,.203286,.2002923,.2000469,.1999692,.202866,.2001407,.2001087,.2003415,.206193,.2003749,.2002866,.2033857,.2041186,.2008259,.2020537,.2002504,.2000834,.200088
455,.2001616,.2042076,.2001055,.2000868,.199952,.2031501,.2000156,.2000746,.1999945,.2029601,.2001193,.2001362,.2001931,.2067548,.200152,.2003329,.2029332,.2051222,.2001386,.2020892,.1997033,.2000912,.2001616
456,.2002587,.20404,.2002023,.2001853,.2004216,.2039247,.2002542,.2000271,.2002598,.2028214,.2001817,.2000922,.2001661,.2060234,.200177,.2003326,.2027959,.2046246,.2002596,.2023444,.1999944,.2001372,.2002587
457,.2000917,.2032561,.2003271,.2000371,.200032,.2042066,.20025,.2000621,.2003634,.2043565,.2002503,.2000768,.2001579,.2070507,.2003866,.2003258,.2024175,.2048772,.2002864,.2022799,.2001383,.200142,.2000917
458,.2005035,.2033813,.200473,.2002443,.1999814,.2036478,.2002054,.2001113,.2001871,.2037428,.2000951,.2002496,.2002849,.2066631,.200208,.2003958,.2031974,.2045276,.2004705,.2023914,.1999187,.2004335,.2005035
459,.2000827,.2034974,.2001067,.2002892,.2001649,.2035445,.2002194,.2001264,.2000723,.2029968,.2000611,.200191,.2002967,.2062446,.2002089,.2004797,.2027726,.2049539,.2004224,.2020727,.1997927,.2003274,.2000827
460,.1999454,.2042585,.2002135,.2001006,.1999493,.203466,.2001556,.199971,.1999736,.2040775,.2004331,.1999933,.2003464,.2068082,.2003962,.200277,.2035459,.2050196,.2004628,.2021686,.1997482,.1999943,.1999454
461,.2004445,.2035636,.2004857,.2004181,.2004851,.2036289,.2003225,.2005037,.200379,.20288,.2003593,.2004368,.200358,.2066251,.2003243,.200486,.2038742,.2051149,.2005387,.2024024,.2000645,.2005627,.2004445
462,.2002138,.2028297,.2003378,.2002693,.2001651,.2032713,.2002341,.2002326,.200077,.2032917,.2001216,.200018,.2002264,.2062611,.2001989,.2003666,.2021385,.2047397,.2005156,.2022189,.1999902,.2001069,.2002138
463,.2001062,.2040086,.2002462,.2000055,.2000885,.2034264,.1999508,.1999257,.199958,.2042312,.2006992,.199929,.2001248,.206383,.2002545,.2001881,.2028139,.2049031,.2002481,.2021397,.1998155,.1999653,.2001062
464,.2000928,.2050586,.1998996,.1999542,.2001546,.203586,.1998606,.2002297,.2001995,.2024246,.1998852,.2001069,.2002382,.2062597,.2002199,.2005149,.2023446,.2046748,.200145,.2015493,.1997851,.1997073,.2000928
465,.2000587,.2028951,.2001238,.2001398,.2000212,.2032087,.2000863,.200166,.2000711,.2028847,.2000071,.2001139,.2002165,.2061181,.2002426,.2003492,.2022723,.2046191,.2002437,.2017443,.199988,.1998688,.2000587
466,.2003602,.2031276,.2003904,.2002115,.2001338,.203114,.2002834,.200028,.2002604,.2030496,.2001911,.2002113,.200329,.2059509,.2003407,.2006517,.202114,.2047006,.2003456,.2017895,.2000149,.1999285,.2003602
467,.2003598,.2031945,.2004588,.2002864,.2001509,.2034812,.2003599,.2000699,.200099,.2034318,.2002398,.2003246,.2003796,.2066922,.2002653,.2005166,.2023499,.2041775,.2005475,.2016889,.2000705,.2001548,.2003598
468,.2003153,.2034803,.2000698,.2000609,.2003021,.2037902,.2001572,.1999202,.2001037,.2027318,.2001942,.2001585,.2003861,.2057033,.2002965,.2005311,.2024177,.205022,.2005216,.2018437,.1998175,.2000328,.2003153
469,.2002551,.2027044,.2002053,.200084,.200256,.2034538,.2003155,.2001657,.2000071,.2031583,.2001424,.2001305,.2004209,.2067825,.2005201,.2003071,.2026776,.2049389,.2006246,.2019627,.1996922,.1999843,.2002551
470,.2002814,.204098,.200172,.2002221,.2002045,.2037733,.2003301,.2000507,.200391,.2043582,.2004706,.2001474,.2004129,.206366,.2005878,.2004016,.2039492,.2049377,.2004016,.2021144,.2003699,.2003691,.2002814
471,.1999742,.203661,.2002116,.2000651,.2000917,.2031742,.2000092,.1999896,.2002878,.2035268,.2001458,.2000196,.200246,.205206,.2002926,.2003701,.2026734,.2045294,.2005159,.2022341,.2000227,.2001766,.1999742
472,.2000273,.2036177,.2002496,.2002043,.200103,.2034856,.2002354,.2003319,.2000152,.20485,.2000743,.2001052,.2005268,.2068115,.2004582,.200423,.2027355,.2048514,.2004448,.2018636,.2001425,.2000697,.2000273
473,.2002426,.2034125,.200641,.2001272,.2002445,.20368,.2003228,.2000135,.2004357,.2027356,.2003028,.2000886,.2005457,.2066382,.2005141,.2002707,.2035152,.2048058,.2010085,.2024361,.1999625,.1998728,.2002426
474,.2002007,.2039567,.2001866,.2002134,.2000168,.2030049,.2000763,.2001456,.2001151,.2045405,.2001052,.200022,.2005037,.2051647,.2004992,.2005752,.2023409,.2052225,.2004168,.2022577,.2001173,.2004199,.2002007
475,.2002172,.2037615,.2002862,.2000222,.2002136,.2034824,.2002548,.2000498,.2003547,.2028885,.2002529,.2003212,.2004146,.2068512,.2003783,.2003582,.2021695,.2046907,.2003617,.2019026,.2003186,.2001663,.2002172
476,.2000841,.2038451,.2002115,.2001212,.2000172,.2034154,.200363,.1998585,.2002203,.2028743,.2001451,.1998539,.200274,.2068627,.2003101,.2003557,.2027252,.2044796,.2002756,.2013987,.1998276,.2000763,.2000841
477,.2002045,.2037629,.2003377,.2002686,.2002327,.2038054,.2002766,.2002093,.2002146,.205218,.2004936,.2002414,.2004537,.207164,.2004784,.2005977,.2026683,.2049681,.2007704,.2019541,.1999833,.1999709,.2002051
478,.2001794,.2033923,.2001641,.2000244,.2000634,.2037498,.200142,.2000825,.2001701,.2029815,.2001301,.2000792,.2002364,.2066861,.2002303,.200348,.2020667,.2051603,.2007893,.2020936,.1998865,.2000202,.2001794
479,.2001621,.2022313,.200184,.2002888,.1998119,.2034547,.2001118,.2001159,.1998999,.2029754,.1999017,.2000356,.200167,.2059669,.2001386,.2002934,.2016317,.2041219,.2002891,.2017366,.1999783,.2000852,.2001621
480,.2001001,.2033382,.1999435,.2000003,.2001912,.2031012,.2000555,.2000776,.2002334,.2029437,.2000037,.2001553,.2003843,.2059982,.2003272,.2003703,.2035595,.204953,.2005999,.202258,.199789,.1998204,.2001001
481,.2003055,.2035914,.2002889,.2001982,.200115,.2032619,.2002512,.2001768,.2003727,.2031652,.200379,.2000771,.2002312,.2058854,.2004819,.2005451,.2024009,.2049847,.2006505,.2021469,.1999363,.1997896,.2003055
482,.2001324,.2038673,.2003745,.2000035,.1999829,.2031372,.1999177,.1999892,.1998996,.2046877,.2001894,.1998949,.2001679,.2065893,.2002276,.2002822,.204149,.2046815,.2004068,.201649,.1998553,.2001209,.2001324
483,.2004479,.2037956,.2004251,.20035,.2004974,.2030275,.2002197,.2002208,.2005833,.2029201,.200315,.2001108,.2003258,.2059539,.2006235,.2004673,.2025371,.2050738,.2007345,.2021936,.1998788,.1999698,.2004479
484,.2003502,.2035504,.2003684,.2000925,.2002579,.2033095,.2000916,.2000728,.2002715,.2036896,.2007369,.2002483,.200197,.2062181,.2003132,.2003392,.2038805,.2046973,.2004198,.2019263,.1999176,.2002772,.2003502
485,.2005036,.2033627,.2003451,.2002448,.2004751,.2037632,.2003129,.2002085,.2004156,.2039834,.2006765,.2002625,.2003524,.2057068,.2002707,.2003631,.2029626,.2046209,.2005459,.2020105,.199989,.2000696,.2005036
486,.2003352,.2036355,.2002547,.2002531,.2001799,.2034438,.2002591,.2001569,.2002066,.2032118,.2002951,.2003003,.2003412,.2065498,.2004624,.2004999,.2036557,.2050046,.2007868,.2023043,.2002577,.2002615,.2003352
487,.2003601,.2028605,.2003089,.2001076,.2001013,.2031047,.2003667,.2001261,.2003389,.2033458,.2002655,.2001082,.200428,.2062776,.2005141,.2003091,.2030556,.2048897,.2009508,.2027596,.1999323,.2001247,.2003601
488,.2001906,.2035651,.2003578,.1999486,.2002754,.203336,.2001375,.2000906,.2003863,.20231,.200511,.2000732,.2002131,.2068259,.200245,.2002704,.2029634,.2045809,.2005711,.2020499,.2000593,.2001369,.2001906
489,.199885,.2041807,.2001946,.2001033,.1997637,.20308,.1999619,.1999967,.1998524,.2050222,.1999989,.2000993,.2002291,.2061729,.2001974,.2002592,.2025315,.2050488,.200448,.2021295,.199705,.2001003,.199885
490,.2002349,.2031374,.2002463,.1999808,.2002207,.2034271,.2000769,.2000505,.2002756,.203047,.2000598,.1999843,.2002748,.2056773,.2003362,.2002735,.2033217,.2046484,.2003533,.20218,.1998828,.2001035,.2002349
491,.2002869,.2032015,.2003346,.2001904,.1998937,.2032726,.2000551,.2000769,.2002697,.2029173,.2001688,.2002047,.2004145,.2062836,.2003672,.2004484,.2034306,.2050765,.2008651,.202052,.2001578,.200174,.2002869
492,.1999346,.2032456,.2001907,.2000464,.2001955,.2032335,.1999138,.1999043,.1999901,.2039263,.2001643,.2001541,.2004558,.2067026,.2003122,.2004115,.2037999,.2049614,.2005107,.2022238,.1998813,.2000715,.1999346
493,.2000581,.2024228,.2002723,.2003204,.2002468,.2034121,.2002157,.2001818,.2000778,.2033107,.2000501,.200102,.2003284,.2063476,.2002984,.2003921,.2038629,.2050021,.2009489,.201989,.1998421,.2008213,.2000581
494,.200217,.2029958,.2001572,.2003412,.2002281,.2034428,.2001522,.2001126,.2003733,.203141,.2004068,.2001832,.2002936,.2060661,.2003683,.2004523,.2031576,.2046673,.2007475,.2018837,.2001162,.2002857,.200217
495,.2001937,.2030573,.2001818,.2001134,.2000912,.2029227,.2000325,.200121,.2001962,.2036443,.2000987,.2002591,.200231,.2062033,.2001915,.2002723,.2030622,.2049671,.200003,.2018646,.1999899,.2005094,.2001937
496,.2000663,.2025282,.2002339,.2001242,.1998722,.2034553,.2000815,.2001648,.1998185,.2031189,.1999438,.2000879,.2003035,.2065656,.2001884,.2004783,.2023906,.2049617,.2005589,.202077,.1999347,.1998469,.2000663
497,.2002905,.2043993,.2003202,.2001523,.2001311,.2036244,.2005266,.2000735,.200141,.2034514,.200264,.2001051,.2002685,.2065769,.2004447,.2003269,.2033124,.2043553,.2003936,.2021079,.1997826,.200041,.2002905
498,.2001131,.2036856,.2002247,.2000888,.200141,.2038165,.2000856,.2000603,.2000901,.2034441,.2000052,.1999705,.2001967,.2063113,.2000847,.2003123,.2031357,.2048643,.2001235,.2023167,.1998753,.2000297,.2001131
499,.2002098,.203371,.2003967,.2001695,.2001072,.2037586,.2001536,.2001401,.2002136,.2025505,.2008409,.2000578,.2001674,.2059347,.2001303,.2003081,.2028142,.2051589,.2004716,.2018537,.1998921,.2000397,.2002098
500,.1999308,.2034255,.1999793,.2000054,.1998961,.2030587,.1998689,.1999812,.1998629,.2025441,.2001407,.2000776,.2002917,.2067051,.2002897,.2003686,.2023464,.2046015,.2003218,.201672,.1999303,.1998765,.1999308
