variable,sim,fgt0,trans1,model_t,dtype,level
gb_census_hhid_demo,1,.2283809,.88758194,XGboost,Census microdata,HH level
gb_census_hhid_demo,2,.22643578,.97173345,XGboost,Census microdata,HH level
gb_census_hhid_demo,3,.22723669,.94034803,XGboost,Census microdata,HH level
gb_census_hhid_demo,4,.22526111,1.031358,XGboost,Census microdata,HH level
gb_census_hhid_demo,5,.22722149,.94174266,XGboost,Census microdata,HH level
gb_census_hhid_demo,6,.22711426,.95164818,XGboost,Census microdata,HH level
gb_census_hhid_demo,7,.22813971,.90240973,XGboost,Census microdata,HH level
gb_census_hhid_demo,8,.22739018,.93200022,XGboost,Census microdata,HH level
gb_census_hhid_demo,9,.22616954,.98952377,XGboost,Census microdata,HH level
gb_census_hhid_demo,10,.22732814,.93034673,XGboost,Census microdata,HH level
gb_census_hhid_demo,11,.22651701,.97574055,XGboost,Census microdata,HH level
gb_census_hhid_demo,12,.22603019,.99309242,XGboost,Census microdata,HH level
gb_census_hhid_demo,13,.22808369,.90410137,XGboost,Census microdata,HH level
gb_census_hhid_demo,14,.22430943,1.0758487,XGboost,Census microdata,HH level
gb_census_hhid_demo,15,.22643647,.97862506,XGboost,Census microdata,HH level
gb_census_hhid_demo,16,.22656725,.9656235,XGboost,Census microdata,HH level
gb_census_hhid_demo,17,.22665705,.9662866,XGboost,Census microdata,HH level
gb_census_hhid_demo,18,.22813363,.89761859,XGboost,Census microdata,HH level
gb_census_hhid_demo,19,.2267562,.9610582,XGboost,Census microdata,HH level
gb_census_hhid_demo,20,.22381008,1.1050218,XGboost,Census microdata,HH level
gb_census_hhid_demo,21,.22588387,.99560517,XGboost,Census microdata,HH level
gb_census_hhid_demo,22,.22561528,1.0193498,XGboost,Census microdata,HH level
gb_census_hhid_demo,23,.22639532,.98012626,XGboost,Census microdata,HH level
gb_census_hhid_demo,24,.2258624,1.0057832,XGboost,Census microdata,HH level
gb_census_hhid_demo,25,.22692733,.95219493,XGboost,Census microdata,HH level
gb_census_hhid_demo,26,.22614652,.98903227,XGboost,Census microdata,HH level
gb_census_hhid_demo,27,.22659481,.96650046,XGboost,Census microdata,HH level
gb_census_hhid_demo,28,.2282885,.89620513,XGboost,Census microdata,HH level
gb_census_hhid_demo,29,.22583088,1.002283,XGboost,Census microdata,HH level
gb_census_hhid_demo,30,.2287953,.87294745,XGboost,Census microdata,HH level
gb_census_hhid_demo,31,.22625268,.98793298,XGboost,Census microdata,HH level
gb_census_hhid_demo,32,.2264578,.98366642,XGboost,Census microdata,HH level
gb_census_hhid_demo,33,.22418576,1.0854093,XGboost,Census microdata,HH level
gb_census_hhid_demo,34,.22550005,1.0239904,XGboost,Census microdata,HH level
gb_census_hhid_demo,35,.22930887,.84849477,XGboost,Census microdata,HH level
gb_census_hhid_demo,36,.22643144,.97387666,XGboost,Census microdata,HH level
gb_census_hhid_demo,37,.22690703,.95595694,XGboost,Census microdata,HH level
gb_census_hhid_demo,38,.22823694,.89594972,XGboost,Census microdata,HH level
gb_census_hhid_demo,39,.22478415,1.0562669,XGboost,Census microdata,HH level
gb_census_hhid_demo,40,.22829217,.89336461,XGboost,Census microdata,HH level
gb_census_hhid_demo,41,.22651564,.97444397,XGboost,Census microdata,HH level
gb_census_hhid_demo,42,.22595088,.99752605,XGboost,Census microdata,HH level
gb_census_hhid_demo,43,.22556663,1.0229087,XGboost,Census microdata,HH level
gb_census_hhid_demo,44,.22611636,.99343967,XGboost,Census microdata,HH level
gb_census_hhid_demo,45,.22880419,.87069649,XGboost,Census microdata,HH level
gb_census_hhid_demo,46,.22414532,1.0769024,XGboost,Census microdata,HH level
gb_census_hhid_demo,47,.22683431,.95219892,XGboost,Census microdata,HH level
gb_census_hhid_demo,48,.2262914,.98694146,XGboost,Census microdata,HH level
gb_census_hhid_demo,49,.22567762,1.0096821,XGboost,Census microdata,HH level
gb_census_hhid_demo,50,.22494932,1.0389532,XGboost,Census microdata,HH level
gb_census_hhid_demo,51,.22602497,.99873596,XGboost,Census microdata,HH level
gb_census_hhid_demo,52,.22662354,.96276927,XGboost,Census microdata,HH level
gb_census_hhid_demo,53,.2267132,.96260166,XGboost,Census microdata,HH level
gb_census_hhid_demo,54,.2259813,.99804151,XGboost,Census microdata,HH level
gb_census_hhid_demo,55,.22687191,.95678592,XGboost,Census microdata,HH level
gb_census_hhid_demo,56,.22680503,.95593071,XGboost,Census microdata,HH level
gb_census_hhid_demo,57,.22682314,.96211702,XGboost,Census microdata,HH level
gb_census_hhid_demo,58,.22864479,.88637549,XGboost,Census microdata,HH level
gb_census_hhid_demo,59,.22519688,1.0366406,XGboost,Census microdata,HH level
gb_census_hhid_demo,60,.22613075,1.0006067,XGboost,Census microdata,HH level
gb_census_hhid_demo,61,.2271806,.94820267,XGboost,Census microdata,HH level
gb_census_hhid_demo,62,.22503266,1.0410697,XGboost,Census microdata,HH level
gb_census_hhid_demo,63,.22467805,1.0620986,XGboost,Census microdata,HH level
gb_census_hhid_demo,64,.22723353,.93921,XGboost,Census microdata,HH level
gb_census_hhid_demo,65,.2258049,1.0099095,XGboost,Census microdata,HH level
gb_census_hhid_demo,66,.2259407,1.0017396,XGboost,Census microdata,HH level
gb_census_hhid_demo,67,.22763285,.92039961,XGboost,Census microdata,HH level
gb_census_hhid_demo,68,.22772829,.9155224,XGboost,Census microdata,HH level
gb_census_hhid_demo,69,.22591446,1.0062366,XGboost,Census microdata,HH level
gb_census_hhid_demo,70,.22687477,.95950049,XGboost,Census microdata,HH level
gb_census_hhid_demo,71,.22827889,.90031147,XGboost,Census microdata,HH level
gb_census_hhid_demo,72,.22678362,.96444386,XGboost,Census microdata,HH level
gb_census_hhid_demo,73,.22590342,.99896348,XGboost,Census microdata,HH level
gb_census_hhid_demo,74,.22564401,1.0161853,XGboost,Census microdata,HH level
gb_census_hhid_demo,75,.22472732,1.0594667,XGboost,Census microdata,HH level
gb_census_hhid_demo,76,.22535102,1.0228871,XGboost,Census microdata,HH level
gb_census_hhid_demo,77,.22595268,1.0108657,XGboost,Census microdata,HH level
gb_census_hhid_demo,78,.22704937,.94930136,XGboost,Census microdata,HH level
gb_census_hhid_demo,79,.22785828,.91740507,XGboost,Census microdata,HH level
gb_census_hhid_demo,80,.22657123,.97855717,XGboost,Census microdata,HH level
gb_census_hhid_demo,81,.22697392,.95324063,XGboost,Census microdata,HH level
gb_census_hhid_demo,82,.22582698,1.0046229,XGboost,Census microdata,HH level
gb_census_hhid_demo,83,.22739832,.9375388,XGboost,Census microdata,HH level
gb_census_hhid_demo,84,.22747482,.93386239,XGboost,Census microdata,HH level
gb_census_hhid_demo,85,.22705613,.94958359,XGboost,Census microdata,HH level
gb_census_hhid_demo,86,.22573639,1.0034535,XGboost,Census microdata,HH level
gb_census_hhid_demo,87,.22860892,.86951393,XGboost,Census microdata,HH level
gb_census_hhid_demo,88,.22805403,.90182245,XGboost,Census microdata,HH level
gb_census_hhid_demo,89,.22586861,1.0063802,XGboost,Census microdata,HH level
gb_census_hhid_demo,90,.22592284,.99898738,XGboost,Census microdata,HH level
gb_census_hhid_demo,91,.22584075,1.0056344,XGboost,Census microdata,HH level
gb_census_hhid_demo,92,.22414568,1.0783507,XGboost,Census microdata,HH level
gb_census_hhid_demo,93,.22541778,1.0251443,XGboost,Census microdata,HH level
gb_census_hhid_demo,94,.22591776,1.0008787,XGboost,Census microdata,HH level
gb_census_hhid_demo,95,.22635643,.98113549,XGboost,Census microdata,HH level
gb_census_hhid_demo,96,.22671153,.95907062,XGboost,Census microdata,HH level
gb_census_hhid_demo,97,.22443178,1.0673698,XGboost,Census microdata,HH level
gb_census_hhid_demo,98,.22620006,.99122912,XGboost,Census microdata,HH level
gb_census_hhid_demo,99,.22412944,1.0873382,XGboost,Census microdata,HH level
gb_census_hhid_demo,100,.22434473,1.073519,XGboost,Census microdata,HH level
gb_census_hhid_demo,101,.22657476,.98051,XGboost,Census microdata,HH level
gb_census_hhid_demo,102,.22548416,1.0252476,XGboost,Census microdata,HH level
gb_census_hhid_demo,103,.22614565,.98973244,XGboost,Census microdata,HH level
gb_census_hhid_demo,104,.22772016,.92519641,XGboost,Census microdata,HH level
gb_census_hhid_demo,105,.2281826,.89526725,XGboost,Census microdata,HH level
gb_census_hhid_demo,106,.22629921,.98907048,XGboost,Census microdata,HH level
gb_census_hhid_demo,107,.22670984,.97305453,XGboost,Census microdata,HH level
gb_census_hhid_demo,108,.22711904,.94617057,XGboost,Census microdata,HH level
gb_census_hhid_demo,109,.22863387,.88376182,XGboost,Census microdata,HH level
gb_census_hhid_demo,110,.2266053,.98012626,XGboost,Census microdata,HH level
gb_census_hhid_demo,111,.22650304,.97024757,XGboost,Census microdata,HH level
gb_census_hhid_demo,112,.22582735,1.0120534,XGboost,Census microdata,HH level
gb_census_hhid_demo,113,.22797102,.91268295,XGboost,Census microdata,HH level
gb_census_hhid_demo,114,.22699973,.95246011,XGboost,Census microdata,HH level
gb_census_hhid_demo,115,.22572571,1.0212507,XGboost,Census microdata,HH level
gb_census_hhid_demo,116,.22583678,1.0119205,XGboost,Census microdata,HH level
gb_census_hhid_demo,117,.22710106,.94630855,XGboost,Census microdata,HH level
gb_census_hhid_demo,118,.2247898,1.0555422,XGboost,Census microdata,HH level
gb_census_hhid_demo,119,.22628935,.98697054,XGboost,Census microdata,HH level
gb_census_hhid_demo,120,.22902495,.85926408,XGboost,Census microdata,HH level
gb_census_hhid_demo,121,.22690623,.95748609,XGboost,Census microdata,HH level
gb_census_hhid_demo,122,.22578646,1.004693,XGboost,Census microdata,HH level
gb_census_hhid_demo,123,.22316068,1.1209164,XGboost,Census microdata,HH level
gb_census_hhid_demo,124,.22810088,.901299,XGboost,Census microdata,HH level
gb_census_hhid_demo,125,.22703193,.95415747,XGboost,Census microdata,HH level
gb_census_hhid_demo,126,.2276171,.92969561,XGboost,Census microdata,HH level
gb_census_hhid_demo,127,.22867301,.86582607,XGboost,Census microdata,HH level
gb_census_hhid_demo,128,.22306551,1.1366171,XGboost,Census microdata,HH level
gb_census_hhid_demo,129,.22648989,.9769299,XGboost,Census microdata,HH level
gb_census_hhid_demo,130,.22506709,1.0374833,XGboost,Census microdata,HH level
gb_census_hhid_demo,131,.22689226,.96670002,XGboost,Census microdata,HH level
gb_census_hhid_demo,132,.22771457,.91949761,XGboost,Census microdata,HH level
gb_census_hhid_demo,133,.22481343,1.0535336,XGboost,Census microdata,HH level
gb_census_hhid_demo,134,.22702846,.95656985,XGboost,Census microdata,HH level
gb_census_hhid_demo,135,.2258433,1.0010297,XGboost,Census microdata,HH level
gb_census_hhid_demo,136,.22601864,.99889272,XGboost,Census microdata,HH level
gb_census_hhid_demo,137,.22738032,.9312613,XGboost,Census microdata,HH level
gb_census_hhid_demo,138,.22524559,1.036513,XGboost,Census microdata,HH level
gb_census_hhid_demo,139,.23051512,.79316747,XGboost,Census microdata,HH level
gb_census_hhid_demo,140,.22640054,.97068202,XGboost,Census microdata,HH level
gb_census_hhid_demo,141,.22500491,1.0475941,XGboost,Census microdata,HH level
gb_census_hhid_demo,142,.22653115,.97043175,XGboost,Census microdata,HH level
gb_census_hhid_demo,143,.22604407,.9878093,XGboost,Census microdata,HH level
gb_census_hhid_demo,144,.22534642,1.0264369,XGboost,Census microdata,HH level
gb_census_hhid_demo,145,.22419402,1.0707953,XGboost,Census microdata,HH level
gb_census_hhid_demo,146,.2272746,.93936563,XGboost,Census microdata,HH level
gb_census_hhid_demo,147,.22662069,.97535855,XGboost,Census microdata,HH level
gb_census_hhid_demo,148,.22658724,.97225225,XGboost,Census microdata,HH level
gb_census_hhid_demo,149,.22528158,1.0299891,XGboost,Census microdata,HH level
gb_census_hhid_demo,150,.2265659,.97587168,XGboost,Census microdata,HH level
gb_census_hhid_demo,151,.22645298,.97449249,XGboost,Census microdata,HH level
gb_census_hhid_demo,152,.2280042,.90877849,XGboost,Census microdata,HH level
gb_census_hhid_demo,153,.22776371,.92014021,XGboost,Census microdata,HH level
gb_census_hhid_demo,154,.22523306,1.0297132,XGboost,Census microdata,HH level
gb_census_hhid_demo,155,.22607225,.99650377,XGboost,Census microdata,HH level
gb_census_hhid_demo,156,.2285748,.88027984,XGboost,Census microdata,HH level
gb_census_hhid_demo,157,.22513646,1.0360243,XGboost,Census microdata,HH level
gb_census_hhid_demo,158,.22604482,.99722099,XGboost,Census microdata,HH level
gb_census_hhid_demo,159,.22611506,.99764639,XGboost,Census microdata,HH level
gb_census_hhid_demo,160,.22676699,.96474034,XGboost,Census microdata,HH level
gb_census_hhid_demo,161,.2271103,.94558161,XGboost,Census microdata,HH level
gb_census_hhid_demo,162,.22688116,.96032268,XGboost,Census microdata,HH level
gb_census_hhid_demo,163,.22604117,.99995953,XGboost,Census microdata,HH level
gb_census_hhid_demo,164,.22653307,.97327,XGboost,Census microdata,HH level
gb_census_hhid_demo,165,.22768609,.91791993,XGboost,Census microdata,HH level
gb_census_hhid_demo,166,.22663991,.96793956,XGboost,Census microdata,HH level
gb_census_hhid_demo,167,.22600263,1.0063169,XGboost,Census microdata,HH level
gb_census_hhid_demo,168,.22879754,.86718822,XGboost,Census microdata,HH level
gb_census_hhid_demo,169,.22664289,.97247809,XGboost,Census microdata,HH level
gb_census_hhid_demo,170,.22602689,.99370426,XGboost,Census microdata,HH level
gb_census_hhid_demo,171,.2257401,1.0049114,XGboost,Census microdata,HH level
gb_census_hhid_demo,172,.22662193,.97178358,XGboost,Census microdata,HH level
gb_census_hhid_demo,173,.22619802,.99389982,XGboost,Census microdata,HH level
gb_census_hhid_demo,174,.22780076,.92604083,XGboost,Census microdata,HH level
gb_census_hhid_demo,175,.2258683,1.0025675,XGboost,Census microdata,HH level
gb_census_hhid_demo,176,.22576456,1.0084659,XGboost,Census microdata,HH level
gb_census_hhid_demo,177,.2263004,.99201709,XGboost,Census microdata,HH level
gb_census_hhid_demo,178,.22651005,.97614026,XGboost,Census microdata,HH level
gb_census_hhid_demo,179,.22582692,1.0084755,XGboost,Census microdata,HH level
gb_census_hhid_demo,180,.22341174,1.1178695,XGboost,Census microdata,HH level
gb_census_hhid_demo,181,.22796741,.91311401,XGboost,Census microdata,HH level
gb_census_hhid_demo,182,.22644608,.97433281,XGboost,Census microdata,HH level
gb_census_hhid_demo,183,.22929975,.8436318,XGboost,Census microdata,HH level
gb_census_hhid_demo,184,.22793862,.9144066,XGboost,Census microdata,HH level
gb_census_hhid_demo,185,.22689636,.95423329,XGboost,Census microdata,HH level
gb_census_hhid_demo,186,.22802716,.90797341,XGboost,Census microdata,HH level
gb_census_hhid_demo,187,.22738522,.9353112,XGboost,Census microdata,HH level
gb_census_hhid_demo,188,.22411163,1.0882276,XGboost,Census microdata,HH level
gb_census_hhid_demo,189,.22752526,.92570615,XGboost,Census microdata,HH level
gb_census_hhid_demo,190,.22785659,.90874541,XGboost,Census microdata,HH level
gb_census_hhid_demo,191,.22582512,1.0053539,XGboost,Census microdata,HH level
gb_census_hhid_demo,192,.22719276,.94047463,XGboost,Census microdata,HH level
gb_census_hhid_demo,193,.2256466,1.0157651,XGboost,Census microdata,HH level
gb_census_hhid_demo,194,.22655529,.97804517,XGboost,Census microdata,HH level
gb_census_hhid_demo,195,.22880901,.86999518,XGboost,Census microdata,HH level
gb_census_hhid_demo,196,.22885239,.86806458,XGboost,Census microdata,HH level
gb_census_hhid_demo,197,.22588599,1.000142,XGboost,Census microdata,HH level
gb_census_hhid_demo,198,.22812681,.90139478,XGboost,Census microdata,HH level
gb_census_hhid_demo,199,.2258845,1.0016614,XGboost,Census microdata,HH level
gb_census_hhid_demo,200,.22672473,.96259481,XGboost,Census microdata,HH level
gb_census_hhid_demo,201,.22737598,.92922348,XGboost,Census microdata,HH level
gb_census_hhid_demo,202,.22708616,.94374394,XGboost,Census microdata,HH level
gb_census_hhid_demo,203,.2254964,1.0290397,XGboost,Census microdata,HH level
gb_census_hhid_demo,204,.22500975,1.0431907,XGboost,Census microdata,HH level
gb_census_hhid_demo,205,.22664005,.96584249,XGboost,Census microdata,HH level
gb_census_hhid_demo,206,.22621129,.98788738,XGboost,Census microdata,HH level
gb_census_hhid_demo,207,.22635971,.98305178,XGboost,Census microdata,HH level
gb_census_hhid_demo,208,.22867481,.88235295,XGboost,Census microdata,HH level
gb_census_hhid_demo,209,.22701015,.95187283,XGboost,Census microdata,HH level
gb_census_hhid_demo,210,.22730103,.9381814,XGboost,Census microdata,HH level
gb_census_hhid_demo,211,.22435273,1.0726027,XGboost,Census microdata,HH level
gb_census_hhid_demo,212,.22731201,.93673319,XGboost,Census microdata,HH level
gb_census_hhid_demo,213,.22692645,.95587307,XGboost,Census microdata,HH level
gb_census_hhid_demo,214,.22797517,.90423083,XGboost,Census microdata,HH level
gb_census_hhid_demo,215,.22565921,1.016609,XGboost,Census microdata,HH level
gb_census_hhid_demo,216,.22670308,.96881759,XGboost,Census microdata,HH level
gb_census_hhid_demo,217,.22603948,.99599177,XGboost,Census microdata,HH level
gb_census_hhid_demo,218,.22666566,.96428305,XGboost,Census microdata,HH level
gb_census_hhid_demo,219,.22862349,.8815251,XGboost,Census microdata,HH level
gb_census_hhid_demo,220,.2242977,1.0700564,XGboost,Census microdata,HH level
gb_census_hhid_demo,221,.2261516,.9992491,XGboost,Census microdata,HH level
gb_census_hhid_demo,222,.2257138,1.0164225,XGboost,Census microdata,HH level
gb_census_hhid_demo,223,.22329484,1.1217648,XGboost,Census microdata,HH level
gb_census_hhid_demo,224,.22414444,1.0871682,XGboost,Census microdata,HH level
gb_census_hhid_demo,225,.22931805,.84075874,XGboost,Census microdata,HH level
gb_census_hhid_demo,226,.22685553,.95695925,XGboost,Census microdata,HH level
gb_census_hhid_demo,227,.22781652,.91304731,XGboost,Census microdata,HH level
gb_census_hhid_demo,228,.22786696,.90972382,XGboost,Census microdata,HH level
gb_census_hhid_demo,229,.2262613,.98501831,XGboost,Census microdata,HH level
gb_census_hhid_demo,230,.22424825,1.0712126,XGboost,Census microdata,HH level
gb_census_hhid_demo,231,.22843923,.8925572,XGboost,Census microdata,HH level
gb_census_hhid_demo,232,.22774453,.91281581,XGboost,Census microdata,HH level
gb_census_hhid_demo,233,.22671916,.97143126,XGboost,Census microdata,HH level
gb_census_hhid_demo,234,.22682196,.96718466,XGboost,Census microdata,HH level
gb_census_hhid_demo,235,.22609477,1.0019734,XGboost,Census microdata,HH level
gb_census_hhid_demo,236,.22510561,1.041048,XGboost,Census microdata,HH level
gb_census_hhid_demo,237,.22529133,1.0399225,XGboost,Census microdata,HH level
gb_census_hhid_demo,238,.2262193,.982696,XGboost,Census microdata,HH level
gb_census_hhid_demo,239,.22684845,.95732135,XGboost,Census microdata,HH level
gb_census_hhid_demo,240,.22811763,.90076703,XGboost,Census microdata,HH level
gb_census_hhid_demo,241,.2277685,.92277604,XGboost,Census microdata,HH level
gb_census_hhid_demo,242,.22751448,.92750102,XGboost,Census microdata,HH level
gb_census_hhid_demo,243,.22358404,1.1177537,XGboost,Census microdata,HH level
gb_census_hhid_demo,244,.22719729,.93929154,XGboost,Census microdata,HH level
gb_census_hhid_demo,245,.22546902,1.0267932,XGboost,Census microdata,HH level
gb_census_hhid_demo,246,.22695145,.95145887,XGboost,Census microdata,HH level
gb_census_hhid_demo,247,.22640215,.97637516,XGboost,Census microdata,HH level
gb_census_hhid_demo,248,.2261382,.98722941,XGboost,Census microdata,HH level
gb_census_hhid_demo,249,.22622569,.98717642,XGboost,Census microdata,HH level
gb_census_hhid_demo,250,.22725046,.9384408,XGboost,Census microdata,HH level
gb_census_hhid_demo,251,.22774969,.92097604,XGboost,Census microdata,HH level
gb_census_hhid_demo,252,.22747606,.92383659,XGboost,Census microdata,HH level
gb_census_hhid_demo,253,.22603168,.99762809,XGboost,Census microdata,HH level
gb_census_hhid_demo,254,.2274214,.93397814,XGboost,Census microdata,HH level
gb_census_hhid_demo,255,.22892623,.86766714,XGboost,Census microdata,HH level
gb_census_hhid_demo,256,.22445524,1.0676126,XGboost,Census microdata,HH level
gb_census_hhid_demo,257,.22787949,.92179996,XGboost,Census microdata,HH level
gb_census_hhid_demo,258,.22499362,1.0427129,XGboost,Census microdata,HH level
gb_census_hhid_demo,259,.22593041,1.006078,XGboost,Census microdata,HH level
gb_census_hhid_demo,260,.22461675,1.0628752,XGboost,Census microdata,HH level
gb_census_hhid_demo,261,.22631064,.9844259,XGboost,Census microdata,HH level
gb_census_hhid_demo,262,.22568104,1.0158552,XGboost,Census microdata,HH level
gb_census_hhid_demo,263,.22605252,.99386448,XGboost,Census microdata,HH level
gb_census_hhid_demo,264,.22736469,.93162221,XGboost,Census microdata,HH level
gb_census_hhid_demo,265,.22701046,.95220464,XGboost,Census microdata,HH level
gb_census_hhid_demo,266,.22674032,.95821309,XGboost,Census microdata,HH level
gb_census_hhid_demo,267,.22357865,1.1074274,XGboost,Census microdata,HH level
gb_census_hhid_demo,268,.22615167,.9939785,XGboost,Census microdata,HH level
gb_census_hhid_demo,269,.22546139,1.0230592,XGboost,Census microdata,HH level
gb_census_hhid_demo,270,.22722459,.94455355,XGboost,Census microdata,HH level
gb_census_hhid_demo,271,.22700724,.95238882,XGboost,Census microdata,HH level
gb_census_hhid_demo,272,.22751118,.92268538,XGboost,Census microdata,HH level
gb_census_hhid_demo,273,.22575773,1.0132837,XGboost,Census microdata,HH level
gb_census_hhid_demo,274,.22677903,.96001709,XGboost,Census microdata,HH level
gb_census_hhid_demo,275,.22936143,.85221678,XGboost,Census microdata,HH level
gb_census_hhid_demo,276,.22415686,1.078516,XGboost,Census microdata,HH level
gb_census_hhid_demo,277,.22603366,.99896747,XGboost,Census microdata,HH level
gb_census_hhid_demo,278,.2266352,.96603006,XGboost,Census microdata,HH level
gb_census_hhid_demo,279,.22761673,.92384571,XGboost,Census microdata,HH level
gb_census_hhid_demo,280,.22740687,.92919099,XGboost,Census microdata,HH level
gb_census_hhid_demo,281,.22649728,.97722131,XGboost,Census microdata,HH level
gb_census_hhid_demo,282,.22806129,.90366066,XGboost,Census microdata,HH level
gb_census_hhid_demo,283,.2281806,.9077704,XGboost,Census microdata,HH level
gb_census_hhid_demo,284,.22628476,.99041724,XGboost,Census microdata,HH level
gb_census_hhid_demo,285,.22797033,.91360325,XGboost,Census microdata,HH level
gb_census_hhid_demo,286,.22496986,1.0477926,XGboost,Census microdata,HH level
gb_census_hhid_demo,287,.22447112,1.0688407,XGboost,Census microdata,HH level
gb_census_hhid_demo,288,.22648406,.9778958,XGboost,Census microdata,HH level
gb_census_hhid_demo,289,.22422406,1.0766248,XGboost,Census microdata,HH level
gb_census_hhid_demo,290,.22547051,1.03163,XGboost,Census microdata,HH level
gb_census_hhid_demo,291,.2266051,.96384746,XGboost,Census microdata,HH level
gb_census_hhid_demo,292,.2274147,.93163359,XGboost,Census microdata,HH level
gb_census_hhid_demo,293,.22959186,.83952945,XGboost,Census microdata,HH level
gb_census_hhid_demo,294,.22370677,1.1086361,XGboost,Census microdata,HH level
gb_census_hhid_demo,295,.22452728,1.0667785,XGboost,Census microdata,HH level
gb_census_hhid_demo,296,.22941969,.84456515,XGboost,Census microdata,HH level
gb_census_hhid_demo,297,.22488417,1.0516087,XGboost,Census microdata,HH level
gb_census_hhid_demo,298,.23094325,.78135991,XGboost,Census microdata,HH level
gb_census_hhid_demo,299,.22726697,.94242001,XGboost,Census microdata,HH level
gb_census_hhid_demo,300,.22766829,.91822213,XGboost,Census microdata,HH level
gb_census_hhid_demo,301,.22754817,.92623413,XGboost,Census microdata,HH level
gb_census_hhid_demo,302,.22812353,.90763187,XGboost,Census microdata,HH level
gb_census_hhid_demo,303,.2259108,.99575281,XGboost,Census microdata,HH level
gb_census_hhid_demo,304,.22384799,1.1074548,XGboost,Census microdata,HH level
gb_census_hhid_demo,305,.22510183,1.0303717,XGboost,Census microdata,HH level
gb_census_hhid_demo,306,.22747147,.93348491,XGboost,Census microdata,HH level
gb_census_hhid_demo,307,.22704013,.95696557,XGboost,Census microdata,HH level
gb_census_hhid_demo,308,.22758906,.9335807,XGboost,Census microdata,HH level
gb_census_hhid_demo,309,.22737481,.93564242,XGboost,Census microdata,HH level
gb_census_hhid_demo,310,.22548175,1.0195847,XGboost,Census microdata,HH level
gb_census_hhid_demo,311,.22801867,.90862507,XGboost,Census microdata,HH level
gb_census_hhid_demo,312,.22577181,1.0016067,XGboost,Census microdata,HH level
gb_census_hhid_demo,313,.22794558,.90737128,XGboost,Census microdata,HH level
gb_census_hhid_demo,314,.22914879,.85297281,XGboost,Census microdata,HH level
gb_census_hhid_demo,315,.22667249,.9614026,XGboost,Census microdata,HH level
gb_census_hhid_demo,316,.22509253,1.0422122,XGboost,Census microdata,HH level
gb_census_hhid_demo,317,.22818166,.89877659,XGboost,Census microdata,HH level
gb_census_hhid_demo,318,.22448514,1.0592045,XGboost,Census microdata,HH level
gb_census_hhid_demo,319,.22744901,.93162507,XGboost,Census microdata,HH level
gb_census_hhid_demo,320,.22758415,.92911005,XGboost,Census microdata,HH level
gb_census_hhid_demo,321,.22733888,.93733871,XGboost,Census microdata,HH level
gb_census_hhid_demo,322,.2263169,.98011887,XGboost,Census microdata,HH level
gb_census_hhid_demo,323,.22674571,.96193796,XGboost,Census microdata,HH level
gb_census_hhid_demo,324,.22525646,1.0289519,XGboost,Census microdata,HH level
gb_census_hhid_demo,325,.22668739,.96491367,XGboost,Census microdata,HH level
gb_census_hhid_demo,326,.22739901,.93803769,XGboost,Census microdata,HH level
gb_census_hhid_demo,327,.22727783,.94113088,XGboost,Census microdata,HH level
gb_census_hhid_demo,328,.22586271,1.0032334,XGboost,Census microdata,HH level
gb_census_hhid_demo,329,.22974445,.82907945,XGboost,Census microdata,HH level
gb_census_hhid_demo,330,.22697355,.9497934,XGboost,Census microdata,HH level
gb_census_hhid_demo,331,.22726864,.93752456,XGboost,Census microdata,HH level
gb_census_hhid_demo,332,.22594704,.99983352,XGboost,Census microdata,HH level
gb_census_hhid_demo,333,.22523332,1.0402162,XGboost,Census microdata,HH level
gb_census_hhid_demo,334,.22531025,1.0340612,XGboost,Census microdata,HH level
gb_census_hhid_demo,335,.22460347,1.0648496,XGboost,Census microdata,HH level
gb_census_hhid_demo,336,.2266586,.96687847,XGboost,Census microdata,HH level
gb_census_hhid_demo,337,.22837028,.89016992,XGboost,Census microdata,HH level
gb_census_hhid_demo,338,.22361593,1.1111141,XGboost,Census microdata,HH level
gb_census_hhid_demo,339,.22749306,.92250693,XGboost,Census microdata,HH level
gb_census_hhid_demo,340,.22711824,.9415043,XGboost,Census microdata,HH level
gb_census_hhid_demo,341,.22811304,.90420228,XGboost,Census microdata,HH level
gb_census_hhid_demo,342,.22629574,.9851774,XGboost,Census microdata,HH level
gb_census_hhid_demo,343,.22833225,.89183366,XGboost,Census microdata,HH level
gb_census_hhid_demo,344,.22702101,.94790047,XGboost,Census microdata,HH level
gb_census_hhid_demo,345,.22749232,.92997497,XGboost,Census microdata,HH level
gb_census_hhid_demo,346,.22716564,.94074601,XGboost,Census microdata,HH level
gb_census_hhid_demo,347,.22704186,.94901288,XGboost,Census microdata,HH level
gb_census_hhid_demo,348,.22580452,1.0150957,XGboost,Census microdata,HH level
gb_census_hhid_demo,349,.22697,.95342022,XGboost,Census microdata,HH level
gb_census_hhid_demo,350,.22767605,.9214738,XGboost,Census microdata,HH level
gb_census_hhid_demo,351,.22650081,.97269475,XGboost,Census microdata,HH level
gb_census_hhid_demo,352,.22659934,.97215366,XGboost,Census microdata,HH level
gb_census_hhid_demo,353,.22493759,1.0501832,XGboost,Census microdata,HH level
gb_census_hhid_demo,354,.22813575,.90762216,XGboost,Census microdata,HH level
gb_census_hhid_demo,355,.22761331,.9237271,XGboost,Census microdata,HH level
gb_census_hhid_demo,356,.22629468,.98666435,XGboost,Census microdata,HH level
gb_census_hhid_demo,357,.22567613,1.0167356,XGboost,Census microdata,HH level
gb_census_hhid_demo,358,.22897296,.85897267,XGboost,Census microdata,HH level
gb_census_hhid_demo,359,.22712556,.95441806,XGboost,Census microdata,HH level
gb_census_hhid_demo,360,.22560757,1.0176848,XGboost,Census microdata,HH level
gb_census_hhid_demo,361,.22720771,.94629085,XGboost,Census microdata,HH level
gb_census_hhid_demo,362,.22864522,.88179249,XGboost,Census microdata,HH level
gb_census_hhid_demo,363,.22837251,.88653857,XGboost,Census microdata,HH level
gb_census_hhid_demo,364,.22217637,1.1689239,XGboost,Census microdata,HH level
gb_census_hhid_demo,365,.22852112,.8807981,XGboost,Census microdata,HH level
gb_census_hhid_demo,366,.22664395,.96920872,XGboost,Census microdata,HH level
gb_census_hhid_demo,367,.22695835,.96457273,XGboost,Census microdata,HH level
gb_census_hhid_demo,368,.22657986,.97143352,XGboost,Census microdata,HH level
gb_census_hhid_demo,369,.22525291,1.0338702,XGboost,Census microdata,HH level
gb_census_hhid_demo,370,.22567584,1.0108132,XGboost,Census microdata,HH level
gb_census_hhid_demo,371,.22594219,1.0044935,XGboost,Census microdata,HH level
gb_census_hhid_demo,372,.22804882,.90435624,XGboost,Census microdata,HH level
gb_census_hhid_demo,373,.22429664,1.0781585,XGboost,Census microdata,HH level
gb_census_hhid_demo,374,.22591174,1.007789,XGboost,Census microdata,HH level
gb_census_hhid_demo,375,.22742189,.93363774,XGboost,Census microdata,HH level
gb_census_hhid_demo,376,.22717266,.94376165,XGboost,Census microdata,HH level
gb_census_hhid_demo,377,.22453839,1.0608681,XGboost,Census microdata,HH level
gb_census_hhid_demo,378,.22679746,.96272254,XGboost,Census microdata,HH level
gb_census_hhid_demo,379,.22660473,.97018373,XGboost,Census microdata,HH level
gb_census_hhid_demo,380,.22606976,.99049133,XGboost,Census microdata,HH level
gb_census_hhid_demo,381,.22483051,1.0544219,XGboost,Census microdata,HH level
gb_census_hhid_demo,382,.22692186,.95418882,XGboost,Census microdata,HH level
gb_census_hhid_demo,383,.22591142,1.0057131,XGboost,Census microdata,HH level
gb_census_hhid_demo,384,.22944432,.84490269,XGboost,Census microdata,HH level
gb_census_hhid_demo,385,.2260627,.99360675,XGboost,Census microdata,HH level
gb_census_hhid_demo,386,.22521867,1.0303055,XGboost,Census microdata,HH level
gb_census_hhid_demo,387,.22672859,.97145915,XGboost,Census microdata,HH level
gb_census_hhid_demo,388,.22893064,.86656958,XGboost,Census microdata,HH level
gb_census_hhid_demo,389,.22671171,.96458864,XGboost,Census microdata,HH level
gb_census_hhid_demo,390,.22692627,.95699859,XGboost,Census microdata,HH level
gb_census_hhid_demo,391,.22474822,1.0481044,XGboost,Census microdata,HH level
gb_census_hhid_demo,392,.22534567,1.0300678,XGboost,Census microdata,HH level
gb_census_hhid_demo,393,.2261343,.98606914,XGboost,Census microdata,HH level
gb_census_hhid_demo,394,.22682588,.96237189,XGboost,Census microdata,HH level
gb_census_hhid_demo,395,.22742803,.93432593,XGboost,Census microdata,HH level
gb_census_hhid_demo,396,.2292328,.85404134,XGboost,Census microdata,HH level
gb_census_hhid_demo,397,.22556384,1.0245371,XGboost,Census microdata,HH level
gb_census_hhid_demo,398,.22634996,.98305637,XGboost,Census microdata,HH level
gb_census_hhid_demo,399,.22713742,.94919074,XGboost,Census microdata,HH level
gb_census_hhid_demo,400,.22653356,.96998358,XGboost,Census microdata,HH level
gb_census_hhid_demo,401,.22847129,.89061409,XGboost,Census microdata,HH level
gb_census_hhid_demo,402,.22622663,.98595452,XGboost,Census microdata,HH level
gb_census_hhid_demo,403,.22526719,1.0312138,XGboost,Census microdata,HH level
gb_census_hhid_demo,404,.22544304,1.0149902,XGboost,Census microdata,HH level
gb_census_hhid_demo,405,.22879581,.87635595,XGboost,Census microdata,HH level
gb_census_hhid_demo,406,.22986053,.82426322,XGboost,Census microdata,HH level
gb_census_hhid_demo,407,.22421065,1.0797601,XGboost,Census microdata,HH level
gb_census_hhid_demo,408,.22767077,.92115337,XGboost,Census microdata,HH level
gb_census_hhid_demo,409,.22463077,1.0600882,XGboost,Census microdata,HH level
gb_census_hhid_demo,410,.22845529,.88301152,XGboost,Census microdata,HH level
gb_census_hhid_demo,411,.22654003,.96040708,XGboost,Census microdata,HH level
gb_census_hhid_demo,412,.22734061,.93684608,XGboost,Census microdata,HH level
gb_census_hhid_demo,413,.22780205,.91751796,XGboost,Census microdata,HH level
gb_census_hhid_demo,414,.2259206,.99641937,XGboost,Census microdata,HH level
gb_census_hhid_demo,415,.2256458,1.0098583,XGboost,Census microdata,HH level
gb_census_hhid_demo,416,.22688785,.95529783,XGboost,Census microdata,HH level
gb_census_hhid_demo,417,.22854036,.88804948,XGboost,Census microdata,HH level
gb_census_hhid_demo,418,.22745311,.93830281,XGboost,Census microdata,HH level
gb_census_hhid_demo,419,.22397432,1.0854058,XGboost,Census microdata,HH level
gb_census_hhid_demo,420,.22749126,.92815727,XGboost,Census microdata,HH level
gb_census_hhid_demo,421,.22758111,.92839849,XGboost,Census microdata,HH level
gb_census_hhid_demo,422,.22851045,.88491184,XGboost,Census microdata,HH level
gb_census_hhid_demo,423,.22693837,.95744562,XGboost,Census microdata,HH level
gb_census_hhid_demo,424,.22816405,.90010566,XGboost,Census microdata,HH level
gb_census_hhid_demo,425,.22767878,.93010843,XGboost,Census microdata,HH level
gb_census_hhid_demo,426,.22647598,.97524393,XGboost,Census microdata,HH level
gb_census_hhid_demo,427,.22710998,.94645852,XGboost,Census microdata,HH level
gb_census_hhid_demo,428,.2272965,.92915392,XGboost,Census microdata,HH level
gb_census_hhid_demo,429,.22588983,.99996179,XGboost,Census microdata,HH level
gb_census_hhid_demo,430,.22504878,1.0396323,XGboost,Census microdata,HH level
gb_census_hhid_demo,431,.22663154,.97155666,XGboost,Census microdata,HH level
gb_census_hhid_demo,432,.22516941,1.0447798,XGboost,Census microdata,HH level
gb_census_hhid_demo,433,.22669917,.96929139,XGboost,Census microdata,HH level
gb_census_hhid_demo,434,.2256543,1.0107921,XGboost,Census microdata,HH level
gb_census_hhid_demo,435,.2249742,1.0415099,XGboost,Census microdata,HH level
gb_census_hhid_demo,436,.22617568,.99470145,XGboost,Census microdata,HH level
gb_census_hhid_demo,437,.22519992,1.0275482,XGboost,Census microdata,HH level
gb_census_hhid_demo,438,.22787279,.90664262,XGboost,Census microdata,HH level
gb_census_hhid_demo,439,.22736251,.9404729,XGboost,Census microdata,HH level
gb_census_hhid_demo,440,.22803226,.90283787,XGboost,Census microdata,HH level
gb_census_hhid_demo,441,.22850573,.88139737,XGboost,Census microdata,HH level
gb_census_hhid_demo,442,.22753073,.93118316,XGboost,Census microdata,HH level
gb_census_hhid_demo,443,.22696094,.95334327,XGboost,Census microdata,HH level
gb_census_hhid_demo,444,.22190244,1.1873573,XGboost,Census microdata,HH level
gb_census_hhid_demo,445,.22880723,.87044787,XGboost,Census microdata,HH level
gb_census_hhid_demo,446,.22514954,1.0356154,XGboost,Census microdata,HH level
gb_census_hhid_demo,447,.22458237,1.0558176,XGboost,Census microdata,HH level
gb_census_hhid_demo,448,.22614887,.99679285,XGboost,Census microdata,HH level
gb_census_hhid_demo,449,.22473222,1.0533305,XGboost,Census microdata,HH level
gb_census_hhid_demo,450,.22519062,1.038553,XGboost,Census microdata,HH level
gb_census_hhid_demo,451,.2281139,.89742076,XGboost,Census microdata,HH level
gb_census_hhid_demo,452,.22625634,.99534404,XGboost,Census microdata,HH level
gb_census_hhid_demo,453,.22677177,.96934617,XGboost,Census microdata,HH level
gb_census_hhid_demo,454,.22660933,.97011417,XGboost,Census microdata,HH level
gb_census_hhid_demo,455,.22857858,.88264203,XGboost,Census microdata,HH level
gb_census_hhid_demo,456,.22462879,1.0619196,XGboost,Census microdata,HH level
gb_census_hhid_demo,457,.22478756,1.0527855,XGboost,Census microdata,HH level
gb_census_hhid_demo,458,.22928622,.84710526,XGboost,Census microdata,HH level
gb_census_hhid_demo,459,.22770204,.92633104,XGboost,Census microdata,HH level
gb_census_hhid_demo,460,.22741438,.9327454,XGboost,Census microdata,HH level
gb_census_hhid_demo,461,.22581035,1.0068072,XGboost,Census microdata,HH level
gb_census_hhid_demo,462,.22791344,.91123587,XGboost,Census microdata,HH level
gb_census_hhid_demo,463,.227639,.92325503,XGboost,Census microdata,HH level
gb_census_hhid_demo,464,.22599146,.99150968,XGboost,Census microdata,HH level
gb_census_hhid_demo,465,.22698192,.94604057,XGboost,Census microdata,HH level
gb_census_hhid_demo,466,.22623257,.99016291,XGboost,Census microdata,HH level
gb_census_hhid_demo,467,.22686471,.96729809,XGboost,Census microdata,HH level
gb_census_hhid_demo,468,.22488244,1.0488729,XGboost,Census microdata,HH level
gb_census_hhid_demo,469,.22631609,.97620869,XGboost,Census microdata,HH level
gb_census_hhid_demo,470,.22469096,1.0601521,XGboost,Census microdata,HH level
gb_census_hhid_demo,471,.2290839,.85486865,XGboost,Census microdata,HH level
gb_census_hhid_demo,472,.22557513,1.0146093,XGboost,Census microdata,HH level
gb_census_hhid_demo,473,.22648269,.97406316,XGboost,Census microdata,HH level
gb_census_hhid_demo,474,.22600146,.99880779,XGboost,Census microdata,HH level
gb_census_hhid_demo,475,.22722328,.945081,XGboost,Census microdata,HH level
gb_census_hhid_demo,476,.22620937,.99365807,XGboost,Census microdata,HH level
gb_census_hhid_demo,477,.22739162,.93644071,XGboost,Census microdata,HH level
gb_census_hhid_demo,478,.2254952,1.0201235,XGboost,Census microdata,HH level
gb_census_hhid_demo,479,.22595765,.99948746,XGboost,Census microdata,HH level
gb_census_hhid_demo,480,.22755164,.91984254,XGboost,Census microdata,HH level
gb_census_hhid_demo,481,.22556892,1.0281104,XGboost,Census microdata,HH level
gb_census_hhid_demo,482,.2258786,1.0008576,XGboost,Census microdata,HH level
gb_census_hhid_demo,483,.2250417,1.0489573,XGboost,Census microdata,HH level
gb_census_hhid_demo,484,.22679082,.9612087,XGboost,Census microdata,HH level
gb_census_hhid_demo,485,.22756013,.92385769,XGboost,Census microdata,HH level
gb_census_hhid_demo,486,.22761871,.9294048,XGboost,Census microdata,HH level
gb_census_hhid_demo,487,.22846714,.88959634,XGboost,Census microdata,HH level
gb_census_hhid_demo,488,.22436614,1.0789338,XGboost,Census microdata,HH level
gb_census_hhid_demo,489,.22385165,1.1012479,XGboost,Census microdata,HH level
gb_census_hhid_demo,490,.22701983,.95820338,XGboost,Census microdata,HH level
gb_census_hhid_demo,491,.22581004,1.0043812,XGboost,Census microdata,HH level
gb_census_hhid_demo,492,.22649659,.97529525,XGboost,Census microdata,HH level
gb_census_hhid_demo,493,.22752167,.93793339,XGboost,Census microdata,HH level
gb_census_hhid_demo,494,.22620794,.988258,XGboost,Census microdata,HH level
gb_census_hhid_demo,495,.22322281,1.1250855,XGboost,Census microdata,HH level
gb_census_hhid_demo,496,.22753644,.92231196,XGboost,Census microdata,HH level
gb_census_hhid_demo,497,.22426966,1.0834855,XGboost,Census microdata,HH level
gb_census_hhid_demo,498,.22483267,1.0477885,XGboost,Census microdata,HH level
gb_census_hhid_demo,499,.22477925,1.0492659,XGboost,Census microdata,HH level
gb_census_hhid_demo,500,.22656707,.97475874,XGboost,Census microdata,HH level
hyperopt_census_mun,1,.22912998,.85381496,HyperOpt,Census agg.,Municipality
hyperopt_census_mun,2,.22870237,.8780579,HyperOpt,Census agg.,Municipality
hyperopt_census_mun,3,.22989057,.81877369,HyperOpt,Census agg.,Municipality
hyperopt_census_mun,4,.22632422,.97469258,HyperOpt,Census agg.,Municipality
hyperopt_census_mun,5,.22917548,.85362226,HyperOpt,Census agg.,Municipality
hyperopt_census_mun,6,.22818185,.89774173,HyperOpt,Census agg.,Municipality
hyperopt_census_mun,7,.22962283,.83594197,HyperOpt,Census agg.,Municipality
hyperopt_census_mun,8,.22848445,.88476247,HyperOpt,Census agg.,Municipality
hyperopt_census_mun,9,.22719052,.93752283,HyperOpt,Census agg.,Municipality
hyperopt_census_mun,10,.22886238,.86467206,HyperOpt,Census agg.,Municipality
hyperopt_census_mun,11,.22823502,.88689947,HyperOpt,Census agg.,Municipality
hyperopt_census_mun,12,.22497842,1.0488912,HyperOpt,Census agg.,Municipality
hyperopt_census_mun,13,.22716509,.94574523,HyperOpt,Census agg.,Municipality
hyperopt_census_mun,14,.22847633,.87450063,HyperOpt,Census agg.,Municipality
hyperopt_census_mun,15,.22948484,.83750421,HyperOpt,Census agg.,Municipality
hyperopt_census_mun,16,.22792391,.90641344,HyperOpt,Census agg.,Municipality
hyperopt_census_mun,17,.22946417,.84159344,HyperOpt,Census agg.,Municipality
hyperopt_census_mun,18,.22986214,.82722008,HyperOpt,Census agg.,Municipality
hyperopt_census_mun,19,.22900949,.86099792,HyperOpt,Census agg.,Municipality
hyperopt_census_mun,20,.22660337,.97127217,HyperOpt,Census agg.,Municipality
hyperopt_census_mun,21,.229864,.82640988,HyperOpt,Census agg.,Municipality
hyperopt_census_mun,22,.22678325,.95325035,HyperOpt,Census agg.,Municipality
hyperopt_census_mun,23,.22515303,1.0396409,HyperOpt,Census agg.,Municipality
hyperopt_census_mun,24,.22775826,.91653043,HyperOpt,Census agg.,Municipality
hyperopt_census_mun,25,.23010729,.80293214,HyperOpt,Census agg.,Municipality
hyperopt_census_mun,26,.22547126,1.0173029,HyperOpt,Census agg.,Municipality
hyperopt_census_mun,27,.22734937,.93458879,HyperOpt,Census agg.,Municipality
hyperopt_census_mun,28,.22855636,.8837316,HyperOpt,Census agg.,Municipality
hyperopt_census_mun,29,.22941764,.83399767,HyperOpt,Census agg.,Municipality
hyperopt_census_mun,30,.23090485,.76697403,HyperOpt,Census agg.,Municipality
hyperopt_census_mun,31,.22986847,.81841904,HyperOpt,Census agg.,Municipality
hyperopt_census_mun,32,.22748153,.93338913,HyperOpt,Census agg.,Municipality
hyperopt_census_mun,33,.22738299,.93806624,HyperOpt,Census agg.,Municipality
hyperopt_census_mun,34,.22844629,.87916344,HyperOpt,Census agg.,Municipality
hyperopt_census_mun,35,.23079112,.7867474,HyperOpt,Census agg.,Municipality
hyperopt_census_mun,36,.22868717,.86588371,HyperOpt,Census agg.,Municipality
hyperopt_census_mun,37,.22991817,.81828272,HyperOpt,Census agg.,Municipality
hyperopt_census_mun,38,.22866105,.87707037,HyperOpt,Census agg.,Municipality
hyperopt_census_mun,39,.22605127,1.0055546,HyperOpt,Census agg.,Municipality
hyperopt_census_mun,40,.23001602,.81081468,HyperOpt,Census agg.,Municipality
hyperopt_census_mun,41,.23071021,.77752554,HyperOpt,Census agg.,Municipality
hyperopt_census_mun,42,.22613281,.98076886,HyperOpt,Census agg.,Municipality
hyperopt_census_mun,43,.23014967,.8064934,HyperOpt,Census agg.,Municipality
hyperopt_census_mun,44,.2278538,.92063397,HyperOpt,Census agg.,Municipality
hyperopt_census_mun,45,.22882862,.86863244,HyperOpt,Census agg.,Municipality
hyperopt_census_mun,46,.22575593,1.0024096,HyperOpt,Census agg.,Municipality
hyperopt_census_mun,47,.22984917,.81451339,HyperOpt,Census agg.,Municipality
hyperopt_census_mun,48,.23098333,.76656407,HyperOpt,Census agg.,Municipality
hyperopt_census_mun,49,.22819158,.89414972,HyperOpt,Census agg.,Municipality
hyperopt_census_mun,50,.23082462,.76458162,HyperOpt,Census agg.,Municipality
hyperopt_census_mun,51,.22723985,.94894046,HyperOpt,Census agg.,Municipality
hyperopt_census_mun,52,.23186068,.71788949,HyperOpt,Census agg.,Municipality
hyperopt_census_mun,53,.22821733,.89742076,HyperOpt,Census agg.,Municipality
hyperopt_census_mun,54,.22652513,.96968311,HyperOpt,Census agg.,Municipality
hyperopt_census_mun,55,.22892754,.86472964,HyperOpt,Census agg.,Municipality
hyperopt_census_mun,56,.22765823,.91742963,HyperOpt,Census agg.,Municipality
hyperopt_census_mun,57,.22793087,.91735262,HyperOpt,Census agg.,Municipality
hyperopt_census_mun,58,.22705303,.95715767,HyperOpt,Census agg.,Municipality
hyperopt_census_mun,59,.22846274,.88026327,HyperOpt,Census agg.,Municipality
hyperopt_census_mun,60,.22977144,.8304826,HyperOpt,Census agg.,Municipality
hyperopt_census_mun,61,.22772729,.92268199,HyperOpt,Census agg.,Municipality
hyperopt_census_mun,62,.22590709,.9981783,HyperOpt,Census agg.,Municipality
hyperopt_census_mun,63,.22605754,1.0032146,HyperOpt,Census agg.,Municipality
hyperopt_census_mun,64,.22890016,.863083,HyperOpt,Census agg.,Municipality
hyperopt_census_mun,65,.22792386,.91700029,HyperOpt,Census agg.,Municipality
hyperopt_census_mun,66,.23124506,.75097573,HyperOpt,Census agg.,Municipality
hyperopt_census_mun,67,.22907905,.86418802,HyperOpt,Census agg.,Municipality
hyperopt_census_mun,68,.22965646,.82631356,HyperOpt,Census agg.,Municipality
hyperopt_census_mun,69,.22729972,.93975109,HyperOpt,Census agg.,Municipality
hyperopt_census_mun,70,.23054212,.79502165,HyperOpt,Census agg.,Municipality
hyperopt_census_mun,71,.23333107,.66147834,HyperOpt,Census agg.,Municipality
hyperopt_census_mun,72,.22896209,.86431855,HyperOpt,Census agg.,Municipality
hyperopt_census_mun,73,.22932301,.84585661,HyperOpt,Census agg.,Municipality
hyperopt_census_mun,74,.22655535,.96194708,HyperOpt,Census agg.,Municipality
hyperopt_census_mun,75,.22550018,1.0271263,HyperOpt,Census agg.,Municipality
hyperopt_census_mun,76,.22446275,1.0738788,HyperOpt,Census agg.,Municipality
hyperopt_census_mun,77,.22692713,.96782094,HyperOpt,Census agg.,Municipality
hyperopt_census_mun,78,.23034078,.80067199,HyperOpt,Census agg.,Municipality
hyperopt_census_mun,79,.22988455,.82135195,HyperOpt,Census agg.,Municipality
hyperopt_census_mun,80,.22951679,.8498677,HyperOpt,Census agg.,Municipality
hyperopt_census_mun,81,.22783396,.9081496,HyperOpt,Census agg.,Municipality
hyperopt_census_mun,82,.22874059,.86544526,HyperOpt,Census agg.,Municipality
hyperopt_census_mun,83,.23013081,.8102662,HyperOpt,Census agg.,Municipality
hyperopt_census_mun,84,.2308789,.77296418,HyperOpt,Census agg.,Municipality
hyperopt_census_mun,85,.22796729,.90965027,HyperOpt,Census agg.,Municipality
hyperopt_census_mun,86,.22884376,.87850261,HyperOpt,Census agg.,Municipality
hyperopt_census_mun,87,.23232107,.69280958,HyperOpt,Census agg.,Municipality
hyperopt_census_mun,88,.22743772,.9378826,HyperOpt,Census agg.,Municipality
hyperopt_census_mun,89,.2264691,.98328841,HyperOpt,Census agg.,Municipality
hyperopt_census_mun,90,.22706172,.94850826,HyperOpt,Census agg.,Municipality
hyperopt_census_mun,91,.2302155,.80801862,HyperOpt,Census agg.,Municipality
hyperopt_census_mun,92,.22557488,1.0253924,HyperOpt,Census agg.,Municipality
hyperopt_census_mun,93,.2270707,.95743823,HyperOpt,Census agg.,Municipality
hyperopt_census_mun,94,.22869162,.88329601,HyperOpt,Census agg.,Municipality
hyperopt_census_mun,95,.22907346,.85462517,HyperOpt,Census agg.,Municipality
hyperopt_census_mun,96,.22743629,.93429971,HyperOpt,Census agg.,Municipality
hyperopt_census_mun,97,.22606958,.98536158,HyperOpt,Census agg.,Municipality
hyperopt_census_mun,98,.22730978,.94292063,HyperOpt,Census agg.,Municipality
hyperopt_census_mun,99,.22723451,.94055957,HyperOpt,Census agg.,Municipality
hyperopt_census_mun,100,.22834559,.89638418,HyperOpt,Census agg.,Municipality
hyperopt_census_mun,101,.22822466,.90109146,HyperOpt,Census agg.,Municipality
hyperopt_census_mun,102,.22657619,.98542029,HyperOpt,Census agg.,Municipality
hyperopt_census_mun,103,.22742221,.91636282,HyperOpt,Census agg.,Municipality
hyperopt_census_mun,104,.22876026,.86662716,HyperOpt,Census agg.,Municipality
hyperopt_census_mun,105,.2316571,.73359132,HyperOpt,Census agg.,Municipality
hyperopt_census_mun,106,.22771408,.92084831,HyperOpt,Census agg.,Municipality
hyperopt_census_mun,107,.23077008,.78342789,HyperOpt,Census agg.,Municipality
hyperopt_census_mun,108,.2277029,.92893046,HyperOpt,Census agg.,Municipality
hyperopt_census_mun,109,.22637293,.98075634,HyperOpt,Census agg.,Municipality
hyperopt_census_mun,110,.22926079,.85074461,HyperOpt,Census agg.,Municipality
hyperopt_census_mun,111,.22882713,.87291557,HyperOpt,Census agg.,Municipality
hyperopt_census_mun,112,.22728199,.93252707,HyperOpt,Census agg.,Municipality
hyperopt_census_mun,113,.2305585,.793387,HyperOpt,Census agg.,Municipality
hyperopt_census_mun,114,.22682413,.95853579,HyperOpt,Census agg.,Municipality
hyperopt_census_mun,115,.23070711,.77772164,HyperOpt,Census agg.,Municipality
hyperopt_census_mun,116,.22572069,1.014192,HyperOpt,Census agg.,Municipality
hyperopt_census_mun,117,.22895788,.85558647,HyperOpt,Census agg.,Municipality
hyperopt_census_mun,118,.22855544,.88742858,HyperOpt,Census agg.,Municipality
hyperopt_census_mun,119,.22785604,.91277474,HyperOpt,Census agg.,Municipality
hyperopt_census_mun,120,.23393795,.63434297,HyperOpt,Census agg.,Municipality
hyperopt_census_mun,121,.22623228,.98824263,HyperOpt,Census agg.,Municipality
hyperopt_census_mun,122,.22574589,1.0022213,HyperOpt,Census agg.,Municipality
hyperopt_census_mun,123,.22467668,1.0517535,HyperOpt,Census agg.,Municipality
hyperopt_census_mun,124,.23082995,.77351785,HyperOpt,Census agg.,Municipality
hyperopt_census_mun,125,.23146582,.75120038,HyperOpt,Census agg.,Municipality
hyperopt_census_mun,126,.23136394,.74513549,HyperOpt,Census agg.,Municipality
hyperopt_census_mun,127,.22935782,.84977931,HyperOpt,Census agg.,Municipality
hyperopt_census_mun,128,.22581823,1.0067377,HyperOpt,Census agg.,Municipality
hyperopt_census_mun,129,.22947082,.84170234,HyperOpt,Census agg.,Municipality
hyperopt_census_mun,130,.22947529,.83793926,HyperOpt,Census agg.,Municipality
hyperopt_census_mun,131,.22972949,.8366062,HyperOpt,Census agg.,Municipality
hyperopt_census_mun,132,.23071809,.77882093,HyperOpt,Census agg.,Municipality
hyperopt_census_mun,133,.22611369,.99021935,HyperOpt,Census agg.,Municipality
hyperopt_census_mun,134,.22693793,.95901185,HyperOpt,Census agg.,Municipality
hyperopt_census_mun,135,.22853322,.87499666,HyperOpt,Census agg.,Municipality
hyperopt_census_mun,136,.22857392,.87509304,HyperOpt,Census agg.,Municipality
hyperopt_census_mun,137,.22992252,.81236386,HyperOpt,Census agg.,Municipality
hyperopt_census_mun,138,.22494696,1.042238,HyperOpt,Census agg.,Municipality
hyperopt_census_mun,139,.23118164,.76105911,HyperOpt,Census agg.,Municipality
hyperopt_census_mun,140,.22728664,.93147683,HyperOpt,Census agg.,Municipality
hyperopt_census_mun,141,.22576258,1.0176501,HyperOpt,Census agg.,Municipality
hyperopt_census_mun,142,.22745751,.92628145,HyperOpt,Census agg.,Municipality
hyperopt_census_mun,143,.22909339,.85473919,HyperOpt,Census agg.,Municipality
hyperopt_census_mun,144,.23052071,.79908293,HyperOpt,Census agg.,Municipality
hyperopt_census_mun,145,.22547834,1.0134349,HyperOpt,Census agg.,Municipality
hyperopt_census_mun,146,.2309628,.76947588,HyperOpt,Census agg.,Municipality
hyperopt_census_mun,147,.22744727,.93731987,HyperOpt,Census agg.,Municipality
hyperopt_census_mun,148,.2303203,.80245948,HyperOpt,Census agg.,Municipality
hyperopt_census_mun,149,.22761002,.92474085,HyperOpt,Census agg.,Municipality
hyperopt_census_mun,150,.22894602,.8507908,HyperOpt,Census agg.,Municipality
hyperopt_census_mun,151,.23040438,.7904951,HyperOpt,Census agg.,Municipality
hyperopt_census_mun,152,.22949179,.84628195,HyperOpt,Census agg.,Municipality
hyperopt_census_mun,153,.2293739,.84386325,HyperOpt,Census agg.,Municipality
hyperopt_census_mun,154,.22452585,1.0665323,HyperOpt,Census agg.,Municipality
hyperopt_census_mun,155,.22865099,.87927175,HyperOpt,Census agg.,Municipality
hyperopt_census_mun,156,.23005281,.81756604,HyperOpt,Census agg.,Municipality
hyperopt_census_mun,157,.22737803,.92975718,HyperOpt,Census agg.,Municipality
hyperopt_census_mun,158,.22737257,.93519145,HyperOpt,Census agg.,Municipality
hyperopt_census_mun,159,.22875597,.8661893,HyperOpt,Census agg.,Municipality
hyperopt_census_mun,160,.22805825,.90317827,HyperOpt,Census agg.,Municipality
hyperopt_census_mun,161,.22762442,.9315846,HyperOpt,Census agg.,Municipality
hyperopt_census_mun,162,.22970343,.83178318,HyperOpt,Census agg.,Municipality
hyperopt_census_mun,163,.22451034,1.0712122,HyperOpt,Census agg.,Municipality
hyperopt_census_mun,164,.22872204,.88340491,HyperOpt,Census agg.,Municipality
hyperopt_census_mun,165,.22645682,.97186285,HyperOpt,Census agg.,Municipality
hyperopt_census_mun,166,.22724538,.94964403,HyperOpt,Census agg.,Municipality
hyperopt_census_mun,167,.22734806,.93496108,HyperOpt,Census agg.,Municipality
hyperopt_census_mun,168,.23226281,.71789575,HyperOpt,Census agg.,Municipality
hyperopt_census_mun,169,.22798665,.90552282,HyperOpt,Census agg.,Municipality
hyperopt_census_mun,170,.22383608,1.0897437,HyperOpt,Census agg.,Municipality
hyperopt_census_mun,171,.22563972,1.0110732,HyperOpt,Census agg.,Municipality
hyperopt_census_mun,172,.22978081,.82139701,HyperOpt,Census agg.,Municipality
hyperopt_census_mun,173,.22917411,.85290271,HyperOpt,Census agg.,Municipality
hyperopt_census_mun,174,.22986147,.82053149,HyperOpt,Census agg.,Municipality
hyperopt_census_mun,175,.2276926,.91488439,HyperOpt,Census agg.,Municipality
hyperopt_census_mun,176,.22731195,.94352329,HyperOpt,Census agg.,Municipality
hyperopt_census_mun,177,.22981115,.83125007,HyperOpt,Census agg.,Municipality
hyperopt_census_mun,178,.228333,.89240611,HyperOpt,Census agg.,Municipality
hyperopt_census_mun,179,.22847149,.88971382,HyperOpt,Census agg.,Municipality
hyperopt_census_mun,180,.22660722,.96631283,HyperOpt,Census agg.,Municipality
hyperopt_census_mun,181,.22795761,.90019292,HyperOpt,Census agg.,Municipality
hyperopt_census_mun,182,.22997557,.80619234,HyperOpt,Census agg.,Municipality
hyperopt_census_mun,183,.22683115,.96607506,HyperOpt,Census agg.,Municipality
hyperopt_census_mun,184,.23350753,.65183169,HyperOpt,Census agg.,Municipality
hyperopt_census_mun,185,.22670084,.97045285,HyperOpt,Census agg.,Municipality
hyperopt_census_mun,186,.22621471,.98712963,HyperOpt,Census agg.,Municipality
hyperopt_census_mun,187,.2273985,.94051909,HyperOpt,Census agg.,Municipality
hyperopt_census_mun,188,.22922052,.86061651,HyperOpt,Census agg.,Municipality
hyperopt_census_mun,189,.22709547,.93771213,HyperOpt,Census agg.,Municipality
hyperopt_census_mun,190,.22972223,.83174497,HyperOpt,Census agg.,Municipality
hyperopt_census_mun,191,.2278074,.91695809,HyperOpt,Census agg.,Municipality
hyperopt_census_mun,192,.22831966,.89147961,HyperOpt,Census agg.,Municipality
hyperopt_census_mun,193,.22680458,.96432865,HyperOpt,Census agg.,Municipality
hyperopt_census_mun,194,.22847892,.88982159,HyperOpt,Census agg.,Municipality
hyperopt_census_mun,195,.22925657,.86455405,HyperOpt,Census agg.,Municipality
hyperopt_census_mun,196,.2267047,.95859396,HyperOpt,Census agg.,Municipality
hyperopt_census_mun,197,.22658649,.97358131,HyperOpt,Census agg.,Municipality
hyperopt_census_mun,198,.22756386,.93446392,HyperOpt,Census agg.,Municipality
hyperopt_census_mun,199,.22772977,.91761094,HyperOpt,Census agg.,Municipality
hyperopt_census_mun,200,.22891785,.86384308,HyperOpt,Census agg.,Municipality
hyperopt_census_mun,201,.23008831,.81512856,HyperOpt,Census agg.,Municipality
hyperopt_census_mun,202,.2282946,.8859598,HyperOpt,Census agg.,Municipality
hyperopt_census_mun,203,.22755486,.93375975,HyperOpt,Census agg.,Municipality
hyperopt_census_mun,204,.22852695,.87128031,HyperOpt,Census agg.,Municipality
hyperopt_census_mun,205,.23051196,.78539324,HyperOpt,Census agg.,Municipality
hyperopt_census_mun,206,.22799267,.90625888,HyperOpt,Census agg.,Municipality
hyperopt_census_mun,207,.22832486,.89292955,HyperOpt,Census agg.,Municipality
hyperopt_census_mun,208,.22991446,.8211028,HyperOpt,Census agg.,Municipality
hyperopt_census_mun,209,.23000088,.81449968,HyperOpt,Census agg.,Municipality
hyperopt_census_mun,210,.23031646,.80484903,HyperOpt,Census agg.,Municipality
hyperopt_census_mun,211,.22353204,1.1201929,HyperOpt,Census agg.,Municipality
hyperopt_census_mun,212,.22824594,.89347351,HyperOpt,Census agg.,Municipality
hyperopt_census_mun,213,.22860055,.87468249,HyperOpt,Census agg.,Municipality
hyperopt_census_mun,214,.23146184,.74165004,HyperOpt,Census agg.,Municipality
hyperopt_census_mun,215,.22959243,.83208817,HyperOpt,Census agg.,Municipality
hyperopt_census_mun,216,.22819258,.8928104,HyperOpt,Census agg.,Municipality
hyperopt_census_mun,217,.22690275,.95461875,HyperOpt,Census agg.,Municipality
hyperopt_census_mun,218,.22904499,.85806388,HyperOpt,Census agg.,Municipality
hyperopt_census_mun,219,.2286575,.88073593,HyperOpt,Census agg.,Municipality
hyperopt_census_mun,220,.22951461,.84179074,HyperOpt,Census agg.,Municipality
hyperopt_census_mun,221,.22881635,.87483871,HyperOpt,Census agg.,Municipality
hyperopt_census_mun,222,.22743554,.93964845,HyperOpt,Census agg.,Municipality
hyperopt_census_mun,223,.22875473,.87921304,HyperOpt,Census agg.,Municipality
hyperopt_census_mun,224,.22588995,1.0007195,HyperOpt,Census agg.,Municipality
hyperopt_census_mun,225,.23034959,.79708678,HyperOpt,Census agg.,Municipality
hyperopt_census_mun,226,.22922008,.84922796,HyperOpt,Census agg.,Municipality
hyperopt_census_mun,227,.23273015,.69184768,HyperOpt,Census agg.,Municipality
hyperopt_census_mun,228,.23102671,.76374233,HyperOpt,Census agg.,Municipality
hyperopt_census_mun,229,.22892591,.85031527,HyperOpt,Census agg.,Municipality
hyperopt_census_mun,230,.22796065,.9011901,HyperOpt,Census agg.,Municipality
hyperopt_census_mun,231,.2304962,.79694825,HyperOpt,Census agg.,Municipality
hyperopt_census_mun,232,.22699991,.94658679,HyperOpt,Census agg.,Municipality
hyperopt_census_mun,233,.22885245,.8769449,HyperOpt,Census agg.,Municipality
hyperopt_census_mun,234,.22812614,.90922034,HyperOpt,Census agg.,Municipality
hyperopt_census_mun,235,.22723904,.93727481,HyperOpt,Census agg.,Municipality
hyperopt_census_mun,236,.2299116,.8103044,HyperOpt,Census agg.,Municipality
hyperopt_census_mun,237,.22657496,.97901332,HyperOpt,Census agg.,Municipality
hyperopt_census_mun,238,.2282877,.88370484,HyperOpt,Census agg.,Municipality
hyperopt_census_mun,239,.2289034,.86894035,HyperOpt,Census agg.,Municipality
hyperopt_census_mun,240,.22978067,.82696009,HyperOpt,Census agg.,Municipality
hyperopt_census_mun,241,.22722,.95169324,HyperOpt,Census agg.,Municipality
hyperopt_census_mun,242,.22895421,.85731238,HyperOpt,Census agg.,Municipality
hyperopt_census_mun,243,.22592533,1.0145255,HyperOpt,Census agg.,Municipality
hyperopt_census_mun,244,.22871192,.87816507,HyperOpt,Census agg.,Municipality
hyperopt_census_mun,245,.2266885,.96339417,HyperOpt,Census agg.,Municipality
hyperopt_census_mun,246,.22775248,.91227132,HyperOpt,Census agg.,Municipality
hyperopt_census_mun,247,.23090591,.76298624,HyperOpt,Census agg.,Municipality
hyperopt_census_mun,248,.22769608,.91343272,HyperOpt,Census agg.,Municipality
hyperopt_census_mun,249,.22569916,1.0135062,HyperOpt,Census agg.,Municipality
hyperopt_census_mun,250,.23116148,.75803155,HyperOpt,Census agg.,Municipality
hyperopt_census_mun,251,.22800569,.90305686,HyperOpt,Census agg.,Municipality
hyperopt_census_mun,252,.22774063,.91497332,HyperOpt,Census agg.,Municipality
hyperopt_census_mun,253,.22889322,.86589509,HyperOpt,Census agg.,Municipality
hyperopt_census_mun,254,.22835471,.88977653,HyperOpt,Census agg.,Municipality
hyperopt_census_mun,255,.23170693,.73154271,HyperOpt,Census agg.,Municipality
hyperopt_census_mun,256,.22438762,1.0652362,HyperOpt,Census agg.,Municipality
hyperopt_census_mun,257,.23226467,.70220762,HyperOpt,Census agg.,Municipality
hyperopt_census_mun,258,.22895508,.8589288,HyperOpt,Census agg.,Municipality
hyperopt_census_mun,259,.22662812,.98015422,HyperOpt,Census agg.,Municipality
hyperopt_census_mun,260,.22350238,1.113851,HyperOpt,Census agg.,Municipality
hyperopt_census_mun,261,.22827181,.89087009,HyperOpt,Census agg.,Municipality
hyperopt_census_mun,262,.22722775,.937199,HyperOpt,Census agg.,Municipality
hyperopt_census_mun,263,.22723861,.93953383,HyperOpt,Census agg.,Municipality
hyperopt_census_mun,264,.22930279,.84342253,HyperOpt,Census agg.,Municipality
hyperopt_census_mun,265,.22898549,.86637574,HyperOpt,Census agg.,Municipality
hyperopt_census_mun,266,.22922219,.83563119,HyperOpt,Census agg.,Municipality
hyperopt_census_mun,267,.22749002,.92632991,HyperOpt,Census agg.,Municipality
hyperopt_census_mun,268,.22860445,.88777864,HyperOpt,Census agg.,Municipality
hyperopt_census_mun,269,.2262345,.98832756,HyperOpt,Census agg.,Municipality
hyperopt_census_mun,270,.22874437,.86931098,HyperOpt,Census agg.,Municipality
hyperopt_census_mun,271,.22996248,.81462741,HyperOpt,Census agg.,Municipality
hyperopt_census_mun,272,.2290505,.8653506,HyperOpt,Census agg.,Municipality
hyperopt_census_mun,273,.22735743,.93348664,HyperOpt,Census agg.,Municipality
hyperopt_census_mun,274,.22831215,.90515906,HyperOpt,Census agg.,Municipality
hyperopt_census_mun,275,.2312301,.75520462,HyperOpt,Census agg.,Municipality
hyperopt_census_mun,276,.22335738,1.1255924,HyperOpt,Census agg.,Municipality
hyperopt_census_mun,277,.22842495,.87613583,HyperOpt,Census agg.,Municipality
hyperopt_census_mun,278,.22966595,.82473248,HyperOpt,Census agg.,Municipality
hyperopt_census_mun,279,.22708727,.94007891,HyperOpt,Census agg.,Municipality
hyperopt_census_mun,280,.23069146,.78492683,HyperOpt,Census agg.,Municipality
hyperopt_census_mun,281,.22949024,.84706646,HyperOpt,Census agg.,Municipality
hyperopt_census_mun,282,.23045103,.801781,HyperOpt,Census agg.,Municipality
hyperopt_census_mun,283,.2284226,.89314049,HyperOpt,Census agg.,Municipality
hyperopt_census_mun,284,.22732908,.9543131,HyperOpt,Census agg.,Municipality
hyperopt_census_mun,285,.22981524,.82643497,HyperOpt,Census agg.,Municipality
hyperopt_census_mun,286,.22631665,.98029333,HyperOpt,Census agg.,Municipality
hyperopt_census_mun,287,.22523008,1.0415224,HyperOpt,Census agg.,Municipality
hyperopt_census_mun,288,.22843413,.88401842,HyperOpt,Census agg.,Municipality
hyperopt_census_mun,289,.22645421,.96676159,HyperOpt,Census agg.,Municipality
hyperopt_census_mun,290,.2254357,1.0245434,HyperOpt,Census agg.,Municipality
hyperopt_census_mun,291,.23046046,.80234772,HyperOpt,Census agg.,Municipality
hyperopt_census_mun,292,.23185199,.72472924,HyperOpt,Census agg.,Municipality
hyperopt_census_mun,293,.23267747,.68995136,HyperOpt,Census agg.,Municipality
hyperopt_census_mun,294,.22583747,1.0137205,HyperOpt,Census agg.,Municipality
hyperopt_census_mun,295,.22483355,1.053611,HyperOpt,Census agg.,Municipality
hyperopt_census_mun,296,.23047988,.78661454,HyperOpt,Census agg.,Municipality
hyperopt_census_mun,297,.22814152,.89920366,HyperOpt,Census agg.,Municipality
hyperopt_census_mun,298,.2276797,.9205792,HyperOpt,Census agg.,Municipality
hyperopt_census_mun,299,.23153003,.7370916,HyperOpt,Census agg.,Municipality
hyperopt_census_mun,300,.22861196,.87453711,HyperOpt,Census agg.,Municipality
hyperopt_census_mun,301,.22598712,1.0090765,HyperOpt,Census agg.,Municipality
hyperopt_census_mun,302,.22886461,.87341732,HyperOpt,Census agg.,Municipality
hyperopt_census_mun,303,.22975624,.82330078,HyperOpt,Census agg.,Municipality
hyperopt_census_mun,304,.22706872,.93743277,HyperOpt,Census agg.,Municipality
hyperopt_census_mun,305,.22805862,.91014689,HyperOpt,Census agg.,Municipality
hyperopt_census_mun,306,.22994913,.82074416,HyperOpt,Census agg.,Municipality
hyperopt_census_mun,307,.2287157,.88009506,HyperOpt,Census agg.,Municipality
hyperopt_census_mun,308,.22926985,.85852224,HyperOpt,Census agg.,Municipality
hyperopt_census_mun,309,.22862983,.8704496,HyperOpt,Census agg.,Municipality
hyperopt_census_mun,310,.22839324,.88589537,HyperOpt,Census agg.,Municipality
hyperopt_census_mun,311,.22890401,.86579472,HyperOpt,Census agg.,Municipality
hyperopt_census_mun,312,.22841546,.89356929,HyperOpt,Census agg.,Municipality
hyperopt_census_mun,313,.22738826,.92420202,HyperOpt,Census agg.,Municipality
hyperopt_census_mun,314,.23162633,.73484856,HyperOpt,Census agg.,Municipality
hyperopt_census_mun,315,.22708362,.94733828,HyperOpt,Census agg.,Municipality
hyperopt_census_mun,316,.22906664,.86455405,HyperOpt,Census agg.,Municipality
hyperopt_census_mun,317,.22947721,.83530623,HyperOpt,Census agg.,Municipality
hyperopt_census_mun,318,.2270215,.94434261,HyperOpt,Census agg.,Municipality
hyperopt_census_mun,319,.22796561,.91325313,HyperOpt,Census agg.,Municipality
hyperopt_census_mun,320,.22902185,.86405575,HyperOpt,Census agg.,Municipality
hyperopt_census_mun,321,.22847298,.88378519,HyperOpt,Census agg.,Municipality
hyperopt_census_mun,322,.22850294,.8747133,HyperOpt,Census agg.,Municipality
hyperopt_census_mun,323,.23013012,.81228799,HyperOpt,Census agg.,Municipality
hyperopt_census_mun,324,.22839189,.88372821,HyperOpt,Census agg.,Municipality
hyperopt_census_mun,325,.23088767,.77608472,HyperOpt,Census agg.,Municipality
hyperopt_census_mun,326,.2289869,.8517065,HyperOpt,Census agg.,Municipality
hyperopt_census_mun,327,.2260697,1.0041662,HyperOpt,Census agg.,Municipality
hyperopt_census_mun,328,.22795215,.89890718,HyperOpt,Census agg.,Municipality
hyperopt_census_mun,329,.22962928,.83021462,HyperOpt,Census agg.,Municipality
hyperopt_census_mun,330,.22900224,.85278356,HyperOpt,Census agg.,Municipality
hyperopt_census_mun,331,.22704813,.94805443,HyperOpt,Census agg.,Municipality
hyperopt_census_mun,332,.22981232,.82334697,HyperOpt,Census agg.,Municipality
hyperopt_census_mun,333,.22917511,.85572904,HyperOpt,Census agg.,Municipality
hyperopt_census_mun,334,.22816746,.89561677,HyperOpt,Census agg.,Municipality
hyperopt_census_mun,335,.22706568,.94391787,HyperOpt,Census agg.,Municipality
hyperopt_census_mun,336,.22866283,.87983567,HyperOpt,Census agg.,Municipality
hyperopt_census_mun,337,.22876391,.87680238,HyperOpt,Census agg.,Municipality
hyperopt_census_mun,338,.22555019,1.0218607,HyperOpt,Census agg.,Municipality
hyperopt_census_mun,339,.23009568,.80979067,HyperOpt,Census agg.,Municipality
hyperopt_census_mun,340,.22922623,.85243917,HyperOpt,Census agg.,Municipality
hyperopt_census_mun,341,.22675836,.95883286,HyperOpt,Census agg.,Municipality
hyperopt_census_mun,342,.22786863,.91090745,HyperOpt,Census agg.,Municipality
hyperopt_census_mun,343,.22880419,.8720181,HyperOpt,Census agg.,Municipality
hyperopt_census_mun,344,.22948055,.83770436,HyperOpt,Census agg.,Municipality
hyperopt_census_mun,345,.23341092,.65106708,HyperOpt,Census agg.,Municipality
hyperopt_census_mun,346,.22927728,.85067105,HyperOpt,Census agg.,Municipality
hyperopt_census_mun,347,.22865695,.87547731,HyperOpt,Census agg.,Municipality
hyperopt_census_mun,348,.22694823,.96624672,HyperOpt,Census agg.,Municipality
hyperopt_census_mun,349,.22543707,1.0259386,HyperOpt,Census agg.,Municipality
hyperopt_census_mun,350,.22783507,.90128821,HyperOpt,Census agg.,Municipality
hyperopt_census_mun,351,.22861047,.87399143,HyperOpt,Census agg.,Municipality
hyperopt_census_mun,352,.23123462,.76389742,HyperOpt,Census agg.,Municipality
hyperopt_census_mun,353,.22574656,1.0133333,HyperOpt,Census agg.,Municipality
hyperopt_census_mun,354,.23009668,.80555207,HyperOpt,Census agg.,Municipality
hyperopt_census_mun,355,.22749008,.92682141,HyperOpt,Census agg.,Municipality
hyperopt_census_mun,356,.22727938,.94123179,HyperOpt,Census agg.,Municipality
hyperopt_census_mun,357,.22940418,.84454006,HyperOpt,Census agg.,Municipality
hyperopt_census_mun,358,.23007751,.80470365,HyperOpt,Census agg.,Municipality
hyperopt_census_mun,359,.2270918,.94360256,HyperOpt,Census agg.,Municipality
hyperopt_census_mun,360,.22685094,.95763546,HyperOpt,Census agg.,Municipality
hyperopt_census_mun,361,.23163749,.73381138,HyperOpt,Census agg.,Municipality
hyperopt_census_mun,362,.2295333,.84566897,HyperOpt,Census agg.,Municipality
hyperopt_census_mun,363,.23055626,.78778338,HyperOpt,Census agg.,Municipality
hyperopt_census_mun,364,.22441559,1.0767576,HyperOpt,Census agg.,Municipality
hyperopt_census_mun,365,.2300726,.82080001,HyperOpt,Census agg.,Municipality
hyperopt_census_mun,366,.2272625,.92718405,HyperOpt,Census agg.,Municipality
hyperopt_census_mun,367,.22948906,.84304565,HyperOpt,Census agg.,Municipality
hyperopt_census_mun,368,.22803158,.90499997,HyperOpt,Census agg.,Municipality
hyperopt_census_mun,369,.22700079,.95695186,HyperOpt,Census agg.,Municipality
hyperopt_census_mun,370,.22905844,.85629863,HyperOpt,Census agg.,Municipality
hyperopt_census_mun,371,.2270828,.95485651,HyperOpt,Census agg.,Municipality
hyperopt_census_mun,372,.22997253,.80868459,HyperOpt,Census agg.,Municipality
hyperopt_census_mun,373,.22733764,.94190747,HyperOpt,Census agg.,Municipality
hyperopt_census_mun,374,.22449781,1.0763077,HyperOpt,Census agg.,Municipality
hyperopt_census_mun,375,.23351888,.65304101,HyperOpt,Census agg.,Municipality
hyperopt_census_mun,376,.22909345,.86014152,HyperOpt,Census agg.,Municipality
hyperopt_census_mun,377,.22658545,.96237868,HyperOpt,Census agg.,Municipality
hyperopt_census_mun,378,.22682494,.96080333,HyperOpt,Census agg.,Municipality
hyperopt_census_mun,379,.22812626,.8948105,HyperOpt,Census agg.,Municipality
hyperopt_census_mun,380,.2302441,.79544646,HyperOpt,Census agg.,Municipality
hyperopt_census_mun,381,.22826579,.90231907,HyperOpt,Census agg.,Municipality
hyperopt_census_mun,382,.22760859,.9210034,HyperOpt,Census agg.,Municipality
hyperopt_census_mun,383,.22680552,.9671225,HyperOpt,Census agg.,Municipality
hyperopt_census_mun,384,.23112927,.76574129,HyperOpt,Census agg.,Municipality
hyperopt_census_mun,385,.22754438,.93130404,HyperOpt,Census agg.,Municipality
hyperopt_census_mun,386,.22504964,1.0507482,HyperOpt,Census agg.,Municipality
hyperopt_census_mun,387,.22939685,.8460812,HyperOpt,Census agg.,Municipality
hyperopt_census_mun,388,.22985402,.8164354,HyperOpt,Census agg.,Municipality
hyperopt_census_mun,389,.2270941,.94050765,HyperOpt,Census agg.,Municipality
hyperopt_census_mun,390,.22762349,.93024182,HyperOpt,Census agg.,Municipality
hyperopt_census_mun,391,.22963946,.82711577,HyperOpt,Census agg.,Municipality
hyperopt_census_mun,392,.22847775,.88349444,HyperOpt,Census agg.,Municipality
hyperopt_census_mun,393,.22684498,.95708698,HyperOpt,Census agg.,Municipality
hyperopt_census_mun,394,.22730543,.94527429,HyperOpt,Census agg.,Municipality
hyperopt_census_mun,395,.22632019,.99552304,HyperOpt,Census agg.,Municipality
hyperopt_census_mun,396,.22855332,.88141161,HyperOpt,Census agg.,Municipality
hyperopt_census_mun,397,.22860184,.87519962,HyperOpt,Census agg.,Municipality
hyperopt_census_mun,398,.22942415,.83558619,HyperOpt,Census agg.,Municipality
hyperopt_census_mun,399,.22697863,.95152783,HyperOpt,Census agg.,Municipality
hyperopt_census_mun,400,.22617494,.98793185,HyperOpt,Census agg.,Municipality
hyperopt_census_mun,401,.22838859,.89261311,HyperOpt,Census agg.,Municipality
hyperopt_census_mun,402,.22849897,.87810463,HyperOpt,Census agg.,Municipality
hyperopt_census_mun,403,.22825438,.89843452,HyperOpt,Census agg.,Municipality
hyperopt_census_mun,404,.22472173,1.0515442,HyperOpt,Census agg.,Municipality
hyperopt_census_mun,405,.22822031,.89687341,HyperOpt,Census agg.,Municipality
hyperopt_census_mun,406,.22958474,.82496226,HyperOpt,Census agg.,Municipality
hyperopt_census_mun,407,.22620459,.99041152,HyperOpt,Census agg.,Municipality
hyperopt_census_mun,408,.22893684,.85477799,HyperOpt,Census agg.,Municipality
hyperopt_census_mun,409,.22637399,.98508787,HyperOpt,Census agg.,Municipality
hyperopt_census_mun,410,.22863393,.88520324,HyperOpt,Census agg.,Municipality
hyperopt_census_mun,411,.22962463,.82600796,HyperOpt,Census agg.,Municipality
hyperopt_census_mun,412,.22894323,.86064613,HyperOpt,Census agg.,Municipality
hyperopt_census_mun,413,.23057438,.7837894,HyperOpt,Census agg.,Municipality
hyperopt_census_mun,414,.23039773,.79270506,HyperOpt,Census agg.,Municipality
hyperopt_census_mun,415,.2251941,1.027559,HyperOpt,Census agg.,Municipality
hyperopt_census_mun,416,.22695716,.94773793,HyperOpt,Census agg.,Municipality
hyperopt_census_mun,417,.22832195,.89781642,HyperOpt,Census agg.,Municipality
hyperopt_census_mun,418,.2295374,.83911836,HyperOpt,Census agg.,Municipality
hyperopt_census_mun,419,.22583324,1.0021107,HyperOpt,Census agg.,Municipality
hyperopt_census_mun,420,.22842905,.88436335,HyperOpt,Census agg.,Municipality
hyperopt_census_mun,421,.22783104,.91733211,HyperOpt,Census agg.,Municipality
hyperopt_census_mun,422,.22898461,.85533619,HyperOpt,Census agg.,Municipality
hyperopt_census_mun,423,.22957927,.83842218,HyperOpt,Census agg.,Municipality
hyperopt_census_mun,424,.23006082,.79793179,HyperOpt,Census agg.,Municipality
hyperopt_census_mun,425,.22984459,.81971788,HyperOpt,Census agg.,Municipality
hyperopt_census_mun,426,.22789004,.91197884,HyperOpt,Census agg.,Municipality
hyperopt_census_mun,427,.2289423,.87627214,HyperOpt,Census agg.,Municipality
hyperopt_census_mun,428,.23185125,.71656102,HyperOpt,Census agg.,Municipality
hyperopt_census_mun,429,.23022562,.80231696,HyperOpt,Census agg.,Municipality
hyperopt_census_mun,430,.2253391,1.0362313,HyperOpt,Census agg.,Municipality
hyperopt_census_mun,431,.22649404,.96421921,HyperOpt,Census agg.,Municipality
hyperopt_census_mun,432,.22750697,.9199338,HyperOpt,Census agg.,Municipality
hyperopt_census_mun,433,.22975828,.83595222,HyperOpt,Census agg.,Municipality
hyperopt_census_mun,434,.22693086,.95560682,HyperOpt,Census agg.,Municipality
hyperopt_census_mun,435,.22771706,.92250693,HyperOpt,Census agg.,Municipality
hyperopt_census_mun,436,.22737312,.93154293,HyperOpt,Census agg.,Municipality
hyperopt_census_mun,437,.22726026,.93940324,HyperOpt,Census agg.,Municipality
hyperopt_census_mun,438,.2307923,.77600318,HyperOpt,Census agg.,Municipality
hyperopt_census_mun,439,.23254389,.69926327,HyperOpt,Census agg.,Municipality
hyperopt_census_mun,440,.22652438,.96966374,HyperOpt,Census agg.,Municipality
hyperopt_census_mun,441,.22801401,.90589398,HyperOpt,Census agg.,Municipality
hyperopt_census_mun,442,.23020235,.80882138,HyperOpt,Census agg.,Municipality
hyperopt_census_mun,443,.22883204,.86140901,HyperOpt,Census agg.,Municipality
hyperopt_census_mun,444,.22737381,.94153738,HyperOpt,Census agg.,Municipality
hyperopt_census_mun,445,.23116563,.75818491,HyperOpt,Census agg.,Municipality
hyperopt_census_mun,446,.2301349,.80679899,HyperOpt,Census agg.,Municipality
hyperopt_census_mun,447,.22788873,.92172921,HyperOpt,Census agg.,Municipality
hyperopt_census_mun,448,.22657998,.97490638,HyperOpt,Census agg.,Municipality
hyperopt_census_mun,449,.22564889,1.0172983,HyperOpt,Census agg.,Municipality
hyperopt_census_mun,450,.22742313,.92131072,HyperOpt,Census agg.,Municipality
hyperopt_census_mun,451,.22844835,.88503504,HyperOpt,Census agg.,Municipality
hyperopt_census_mun,452,.22824427,.89335263,HyperOpt,Census agg.,Municipality
hyperopt_census_mun,453,.22923677,.84815603,HyperOpt,Census agg.,Municipality
hyperopt_census_mun,454,.22682092,.95862699,HyperOpt,Census agg.,Municipality
hyperopt_census_mun,455,.22881436,.86628109,HyperOpt,Census agg.,Municipality
hyperopt_census_mun,456,.22930987,.85309029,HyperOpt,Census agg.,Municipality
hyperopt_census_mun,457,.22786857,.91491061,HyperOpt,Census agg.,Municipality
hyperopt_census_mun,458,.22898027,.86628568,HyperOpt,Census agg.,Municipality
hyperopt_census_mun,459,.22962525,.83129793,HyperOpt,Census agg.,Municipality
hyperopt_census_mun,460,.22703516,.93986678,HyperOpt,Census agg.,Municipality
hyperopt_census_mun,461,.22617072,.9882865,HyperOpt,Census agg.,Municipality
hyperopt_census_mun,462,.22873221,.86983097,HyperOpt,Census agg.,Municipality
hyperopt_census_mun,463,.22884513,.85451514,HyperOpt,Census agg.,Municipality
hyperopt_census_mun,464,.22867432,.86359847,HyperOpt,Census agg.,Municipality
hyperopt_census_mun,465,.22747141,.92910433,HyperOpt,Census agg.,Municipality
hyperopt_census_mun,466,.22885072,.88038248,HyperOpt,Census agg.,Municipality
hyperopt_census_mun,467,.22885413,.87454796,HyperOpt,Census agg.,Municipality
hyperopt_census_mun,468,.22595771,.99971378,HyperOpt,Census agg.,Municipality
hyperopt_census_mun,469,.23029083,.79793519,HyperOpt,Census agg.,Municipality
hyperopt_census_mun,470,.22438923,1.084359,HyperOpt,Census agg.,Municipality
hyperopt_census_mun,471,.23038644,.79690093,HyperOpt,Census agg.,Municipality
hyperopt_census_mun,472,.2274943,.9274115,HyperOpt,Census agg.,Municipality
hyperopt_census_mun,473,.22968017,.8369363,HyperOpt,Census agg.,Municipality
hyperopt_census_mun,474,.22734682,.9413994,HyperOpt,Census agg.,Municipality
hyperopt_census_mun,475,.22604203,1.0029067,HyperOpt,Census agg.,Municipality
hyperopt_census_mun,476,.225704,1.0020486,HyperOpt,Census agg.,Municipality
hyperopt_census_mun,477,.22966193,.81567425,HyperOpt,Census agg.,Municipality
hyperopt_census_mun,478,.22731325,.93755651,HyperOpt,Census agg.,Municipality
hyperopt_census_mun,479,.22703888,.95958889,HyperOpt,Census agg.,Municipality
hyperopt_census_mun,480,.23012492,.81612182,HyperOpt,Census agg.,Municipality
hyperopt_census_mun,481,.22806358,.90464646,HyperOpt,Census agg.,Municipality
hyperopt_census_mun,482,.22721863,.93061471,HyperOpt,Census agg.,Municipality
hyperopt_census_mun,483,.22526297,1.038277,HyperOpt,Census agg.,Municipality
hyperopt_census_mun,484,.23087984,.78977215,HyperOpt,Census agg.,Municipality
hyperopt_census_mun,485,.22816738,.9053244,HyperOpt,Census agg.,Municipality
hyperopt_census_mun,486,.22990936,.82070655,HyperOpt,Census agg.,Municipality
hyperopt_census_mun,487,.22939691,.84307587,HyperOpt,Census agg.,Municipality
hyperopt_census_mun,488,.22794217,.90644819,HyperOpt,Census agg.,Municipality
hyperopt_census_mun,489,.22631294,.99092525,HyperOpt,Census agg.,Municipality
hyperopt_census_mun,490,.23367816,.6350711,HyperOpt,Census agg.,Municipality
hyperopt_census_mun,491,.22792032,.9150281,HyperOpt,Census agg.,Municipality
hyperopt_census_mun,492,.22911212,.8572588,HyperOpt,Census agg.,Municipality
hyperopt_census_mun,493,.2280889,.90420628,HyperOpt,Census agg.,Municipality
hyperopt_census_mun,494,.2268407,.96194255,HyperOpt,Census agg.,Municipality
hyperopt_census_mun,495,.22822298,.89426714,HyperOpt,Census agg.,Municipality
hyperopt_census_mun,496,.22910126,.84758592,HyperOpt,Census agg.,Municipality
hyperopt_census_mun,497,.22559659,1.0182083,HyperOpt,Census agg.,Municipality
hyperopt_census_mun,498,.22657166,.97597092,HyperOpt,Census agg.,Municipality
hyperopt_census_mun,499,.22683524,.95231241,HyperOpt,Census agg.,Municipality
hyperopt_census_mun,500,.22910586,.84788692,HyperOpt,Census agg.,Municipality
uc,1,.23638007,.5200479,Unit-Context,Census agg.,HH level
uc,2,.2358212,.55004668,Unit-Context,Census agg.,HH level
uc,3,.23635779,.52852118,Unit-Context,Census agg.,HH level
uc,4,.23553406,.55953938,Unit-Context,Census agg.,HH level
uc,5,.23673213,.50577211,Unit-Context,Census agg.,HH level
uc,6,.23572367,.55233246,Unit-Context,Census agg.,HH level
uc,7,.23603582,.54110873,Unit-Context,Census agg.,HH level
uc,8,.23852509,.42003953,Unit-Context,Census agg.,HH level
uc,9,.23641109,.5260883,Unit-Context,Census agg.,HH level
uc,10,.23840299,.43630812,Unit-Context,Census agg.,HH level
uc,11,.2350633,.57729155,Unit-Context,Census agg.,HH level
uc,12,.23838344,.4370499,Unit-Context,Census agg.,HH level
uc,13,.23649423,.51646668,Unit-Context,Census agg.,HH level
uc,14,.23733993,.48652896,Unit-Context,Census agg.,HH level
uc,15,.23667361,.50767362,Unit-Context,Census agg.,HH level
uc,16,.23489682,.59714299,Unit-Context,Census agg.,HH level
uc,17,.23524094,.57101113,Unit-Context,Census agg.,HH level
uc,18,.23545693,.56643039,Unit-Context,Census agg.,HH level
uc,19,.23601957,.53814727,Unit-Context,Census agg.,HH level
uc,20,.24087816,.31350788,Unit-Context,Census agg.,HH level
uc,21,.23482089,.59172469,Unit-Context,Census agg.,HH level
uc,22,.23623128,.53078985,Unit-Context,Census agg.,HH level
uc,23,.2356911,.55131018,Unit-Context,Census agg.,HH level
uc,24,.23524001,.56600451,Unit-Context,Census agg.,HH level
uc,25,.23463431,.60836732,Unit-Context,Census agg.,HH level
uc,26,.23639645,.52016139,Unit-Context,Census agg.,HH level
uc,27,.23422927,.62825418,Unit-Context,Census agg.,HH level
uc,28,.23707375,.50179577,Unit-Context,Census agg.,HH level
uc,29,.23653549,.5135355,Unit-Context,Census agg.,HH level
uc,30,.23607306,.5334577,Unit-Context,Census agg.,HH level
uc,31,.235551,.56882852,Unit-Context,Census agg.,HH level
uc,32,.23485737,.59601748,Unit-Context,Census agg.,HH level
uc,33,.23533644,.57366586,Unit-Context,Census agg.,HH level
uc,34,.23649666,.51056945,Unit-Context,Census agg.,HH level
uc,35,.23357758,.64954817,Unit-Context,Census agg.,HH level
uc,36,.23597093,.5459215,Unit-Context,Census agg.,HH level
uc,37,.23574793,.54967606,Unit-Context,Census agg.,HH level
uc,38,.23589548,.54255414,Unit-Context,Census agg.,HH level
uc,39,.23587278,.5511933,Unit-Context,Census agg.,HH level
uc,40,.23722999,.48293748,Unit-Context,Census agg.,HH level
uc,41,.23804951,.44700557,Unit-Context,Census agg.,HH level
uc,42,.23644118,.51830322,Unit-Context,Census agg.,HH level
uc,43,.23517859,.5716697,Unit-Context,Census agg.,HH level
uc,44,.23548554,.56576163,Unit-Context,Census agg.,HH level
uc,45,.23505114,.5781405,Unit-Context,Census agg.,HH level
uc,46,.23513168,.58016402,Unit-Context,Census agg.,HH level
uc,47,.236072,.53438306,Unit-Context,Census agg.,HH level
uc,48,.23632695,.52650964,Unit-Context,Census agg.,HH level
uc,49,.23459813,.60044146,Unit-Context,Census agg.,HH level
uc,50,.23654523,.51637375,Unit-Context,Census agg.,HH level
uc,51,.2354192,.56897336,Unit-Context,Census agg.,HH level
uc,52,.23605233,.53552568,Unit-Context,Census agg.,HH level
uc,53,.23605481,.53770828,Unit-Context,Census agg.,HH level
uc,54,.23537366,.57374966,Unit-Context,Census agg.,HH level
uc,55,.23513652,.58204901,Unit-Context,Census agg.,HH level
uc,56,.23604755,.53461456,Unit-Context,Census agg.,HH level
uc,57,.23649628,.51466155,Unit-Context,Census agg.,HH level
uc,58,.23748928,.47330907,Unit-Context,Census agg.,HH level
uc,59,.23659326,.50754416,Unit-Context,Census agg.,HH level
uc,60,.23557197,.56148249,Unit-Context,Census agg.,HH level
uc,61,.2346783,.60508317,Unit-Context,Census agg.,HH level
uc,62,.23526372,.57478738,Unit-Context,Census agg.,HH level
uc,63,.23554485,.55644453,Unit-Context,Census agg.,HH level
uc,64,.23532595,.5735957,Unit-Context,Census agg.,HH level
uc,65,.23693688,.493489,Unit-Context,Census agg.,HH level
uc,66,.23646675,.51554304,Unit-Context,Census agg.,HH level
uc,67,.2361621,.53233159,Unit-Context,Census agg.,HH level
uc,68,.23623587,.52434015,Unit-Context,Census agg.,HH level
uc,69,.23580427,.54436266,Unit-Context,Census agg.,HH level
uc,70,.23669973,.520069,Unit-Context,Census agg.,HH level
uc,71,.23742884,.47600085,Unit-Context,Census agg.,HH level
uc,72,.23538235,.5653283,Unit-Context,Census agg.,HH level
uc,73,.23604918,.54002714,Unit-Context,Census agg.,HH level
uc,74,.23558648,.55956161,Unit-Context,Census agg.,HH level
uc,75,.23616606,.54026777,Unit-Context,Census agg.,HH level
uc,76,.23523138,.57744718,Unit-Context,Census agg.,HH level
uc,77,.23501341,.59757519,Unit-Context,Census agg.,HH level
uc,78,.23577231,.5564428,Unit-Context,Census agg.,HH level
uc,79,.23460099,.61219996,Unit-Context,Census agg.,HH level
uc,80,.23691541,.49965763,Unit-Context,Census agg.,HH level
uc,81,.23710571,.49101844,Unit-Context,Census agg.,HH level
uc,82,.2360684,.53938514,Unit-Context,Census agg.,HH level
uc,83,.23672014,.50884128,Unit-Context,Census agg.,HH level
uc,84,.2350118,.59406352,Unit-Context,Census agg.,HH level
uc,85,.23940454,.38359678,Unit-Context,Census agg.,HH level
uc,86,.23379375,.64551425,Unit-Context,Census agg.,HH level
uc,87,.24005052,.34603477,Unit-Context,Census agg.,HH level
uc,88,.23631728,.53200889,Unit-Context,Census agg.,HH level
uc,89,.23829006,.43876439,Unit-Context,Census agg.,HH level
uc,90,.23504829,.58524936,Unit-Context,Census agg.,HH level
uc,91,.23504965,.59199214,Unit-Context,Census agg.,HH level
uc,92,.23578802,.54925758,Unit-Context,Census agg.,HH level
uc,93,.23593569,.5439738,Unit-Context,Census agg.,HH level
uc,94,.23521383,.58103579,Unit-Context,Census agg.,HH level
uc,95,.2371536,.48962098,Unit-Context,Census agg.,HH level
uc,96,.23588127,.5435428,Unit-Context,Census agg.,HH level
uc,97,.23552766,.55850625,Unit-Context,Census agg.,HH level
uc,98,.23596218,.54885733,Unit-Context,Census agg.,HH level
uc,99,.24061428,.32037666,Unit-Context,Census agg.,HH level
uc,100,.23581357,.54777169,Unit-Context,Census agg.,HH level
uc,101,.23485868,.59489715,Unit-Context,Census agg.,HH level
uc,102,.23665164,.50935727,Unit-Context,Census agg.,HH level
uc,103,.23643318,.52397239,Unit-Context,Census agg.,HH level
uc,104,.23629382,.52969515,Unit-Context,Census agg.,HH level
uc,105,.23966248,.35996336,Unit-Context,Census agg.,HH level
uc,106,.23906521,.3987478,Unit-Context,Census agg.,HH level
uc,107,.24015538,.34540927,Unit-Context,Census agg.,HH level
uc,108,.23663774,.51259869,Unit-Context,Census agg.,HH level
uc,109,.23582624,.55004495,Unit-Context,Census agg.,HH level
uc,110,.23481183,.59100175,Unit-Context,Census agg.,HH level
uc,111,.23826542,.43167779,Unit-Context,Census agg.,HH level
uc,112,.23804151,.4455277,Unit-Context,Census agg.,HH level
uc,113,.23810764,.44782776,Unit-Context,Census agg.,HH level
uc,114,.23483156,.60104352,Unit-Context,Census agg.,HH level
uc,115,.23517995,.5734663,Unit-Context,Census agg.,HH level
uc,116,.23690374,.50354046,Unit-Context,Census agg.,HH level
uc,117,.23479798,.59491253,Unit-Context,Census agg.,HH level
uc,118,.23503228,.59070927,Unit-Context,Census agg.,HH level
uc,119,.23687868,.49783993,Unit-Context,Census agg.,HH level
uc,120,.23792157,.44978684,Unit-Context,Census agg.,HH level
uc,121,.2348645,.58991444,Unit-Context,Census agg.,HH level
uc,122,.23674317,.50948673,Unit-Context,Census agg.,HH level
uc,123,.23740576,.47959971,Unit-Context,Census agg.,HH level
uc,124,.23606648,.53579021,Unit-Context,Census agg.,HH level
uc,125,.2380137,.44804442,Unit-Context,Census agg.,HH level
uc,126,.23708151,.49283329,Unit-Context,Census agg.,HH level
uc,127,.2359504,.5451746,Unit-Context,Census agg.,HH level
uc,128,.23539029,.56750232,Unit-Context,Census agg.,HH level
uc,129,.23568948,.55726725,Unit-Context,Census agg.,HH level
uc,130,.23504934,.59092706,Unit-Context,Census agg.,HH level
uc,131,.23680292,.50802082,Unit-Context,Census agg.,HH level
uc,132,.23791678,.45273975,Unit-Context,Census agg.,HH level
uc,133,.23517555,.5785653,Unit-Context,Census agg.,HH level
uc,134,.23847347,.43093428,Unit-Context,Census agg.,HH level
uc,135,.23463598,.60848993,Unit-Context,Census agg.,HH level
uc,136,.23586446,.54832536,Unit-Context,Census agg.,HH level
uc,137,.2361145,.53965253,Unit-Context,Census agg.,HH level
uc,138,.23801482,.45260918,Unit-Context,Census agg.,HH level
uc,139,.2357014,.55127764,Unit-Context,Census agg.,HH level
uc,140,.23487133,.59220195,Unit-Context,Census agg.,HH level
uc,141,.23614845,.54041654,Unit-Context,Census agg.,HH level
uc,142,.23527315,.58236372,Unit-Context,Census agg.,HH level
uc,143,.23641296,.51722389,Unit-Context,Census agg.,HH level
uc,144,.23502433,.58435649,Unit-Context,Census agg.,HH level
uc,145,.23506343,.57705891,Unit-Context,Census agg.,HH level
uc,146,.23627017,.53470522,Unit-Context,Census agg.,HH level
uc,147,.23498823,.59064484,Unit-Context,Census agg.,HH level
uc,148,.23824507,.43545285,Unit-Context,Census agg.,HH level
uc,149,.23432885,.60901219,Unit-Context,Census agg.,HH level
uc,150,.2372123,.48832101,Unit-Context,Census agg.,HH level
uc,151,.23584299,.55162549,Unit-Context,Census agg.,HH level
uc,152,.23678394,.51024675,Unit-Context,Census agg.,HH level
uc,153,.23511115,.5841341,Unit-Context,Census agg.,HH level
uc,154,.23732771,.47465411,Unit-Context,Census agg.,HH level
uc,155,.23545879,.56385499,Unit-Context,Census agg.,HH level
uc,156,.23509377,.58001578,Unit-Context,Census agg.,HH level
uc,157,.23639868,.52505457,Unit-Context,Census agg.,HH level
uc,158,.23489565,.59196532,Unit-Context,Census agg.,HH level
uc,159,.23515476,.57745743,Unit-Context,Census agg.,HH level
uc,160,.23638466,.52198708,Unit-Context,Census agg.,HH level
uc,161,.23591465,.54856199,Unit-Context,Census agg.,HH level
uc,162,.23693296,.49820825,Unit-Context,Census agg.,HH level
uc,163,.23632453,.52634257,Unit-Context,Census agg.,HH level
uc,164,.23531726,.56969631,Unit-Context,Census agg.,HH level
uc,165,.23518765,.58134598,Unit-Context,Census agg.,HH level
uc,166,.23623419,.53643507,Unit-Context,Census agg.,HH level
uc,167,.23523548,.5717786,Unit-Context,Census agg.,HH level
uc,168,.23798299,.45188677,Unit-Context,Census agg.,HH level
uc,169,.23518722,.57723337,Unit-Context,Census agg.,HH level
uc,170,.23429014,.62117386,Unit-Context,Census agg.,HH level
uc,171,.23980978,.35788283,Unit-Context,Census agg.,HH level
uc,172,.23720579,.48694688,Unit-Context,Census agg.,HH level
uc,173,.23684591,.50005049,Unit-Context,Census agg.,HH level
uc,174,.23595367,.5399074,Unit-Context,Census agg.,HH level
uc,175,.23708597,.48902857,Unit-Context,Census agg.,HH level
uc,176,.23365998,.65630865,Unit-Context,Census agg.,HH level
uc,177,.23671152,.50477546,Unit-Context,Census agg.,HH level
uc,178,.2386961,.4107464,Unit-Context,Census agg.,HH level
uc,179,.23570897,.55788362,Unit-Context,Census agg.,HH level
uc,180,.23560932,.55616343,Unit-Context,Census agg.,HH level
uc,181,.23719282,.48666465,Unit-Context,Census agg.,HH level
uc,182,.23685274,.49617732,Unit-Context,Census agg.,HH level
uc,183,.2380871,.44978684,Unit-Context,Census agg.,HH level
uc,184,.23618034,.51926225,Unit-Context,Census agg.,HH level
uc,185,.23629904,.51841152,Unit-Context,Census agg.,HH level
uc,186,.23684952,.49863476,Unit-Context,Census agg.,HH level
uc,187,.2357545,.54715991,Unit-Context,Census agg.,HH level
uc,188,.23566857,.55801761,Unit-Context,Census agg.,HH level
uc,189,.23573025,.54856479,Unit-Context,Census agg.,HH level
uc,190,.23621589,.53294963,Unit-Context,Census agg.,HH level
uc,191,.23640694,.5208382,Unit-Context,Census agg.,HH level
uc,192,.23563525,.55733567,Unit-Context,Census agg.,HH level
uc,193,.23500504,.58884251,Unit-Context,Census agg.,HH level
uc,194,.23586917,.54818791,Unit-Context,Census agg.,HH level
uc,195,.23747544,.47450015,Unit-Context,Census agg.,HH level
uc,196,.2390167,.40514794,Unit-Context,Census agg.,HH level
uc,197,.23405516,.6289019,Unit-Context,Census agg.,HH level
uc,198,.23587152,.55070919,Unit-Context,Census agg.,HH level
uc,199,.23886803,.40646273,Unit-Context,Census agg.,HH level
uc,200,.23533383,.56063467,Unit-Context,Census agg.,HH level
uc,201,.23488349,.58308786,Unit-Context,Census agg.,HH level
uc,202,.23662019,.50425887,Unit-Context,Census agg.,HH level
uc,203,.23896749,.40802726,Unit-Context,Census agg.,HH level
uc,204,.23598656,.5403316,Unit-Context,Census agg.,HH level
uc,205,.23582022,.54958653,Unit-Context,Census agg.,HH level
uc,206,.23469728,.59809864,Unit-Context,Census agg.,HH level
uc,207,.23638329,.52903891,Unit-Context,Census agg.,HH level
uc,208,.23561664,.55942249,Unit-Context,Census agg.,HH level
uc,209,.2354645,.56359613,Unit-Context,Census agg.,HH level
uc,210,.2348233,.59734941,Unit-Context,Census agg.,HH level
uc,211,.23459497,.60171348,Unit-Context,Census agg.,HH level
uc,212,.23504257,.58910823,Unit-Context,Census agg.,HH level
uc,213,.23553237,.56081027,Unit-Context,Census agg.,HH level
uc,214,.23541114,.5676443,Unit-Context,Census agg.,HH level
uc,215,.23592724,.54174733,Unit-Context,Census agg.,HH level
uc,216,.2366589,.50801742,Unit-Context,Census agg.,HH level
uc,217,.23586011,.54796612,Unit-Context,Census agg.,HH level
uc,218,.23542163,.56723547,Unit-Context,Census agg.,HH level
uc,219,.2343899,.6161176,Unit-Context,Census agg.,HH level
uc,220,.23629363,.52026004,Unit-Context,Census agg.,HH level
uc,221,.23809499,.44891906,Unit-Context,Census agg.,HH level
uc,222,.23822801,.43670893,Unit-Context,Census agg.,HH level
uc,223,.23518963,.57757658,Unit-Context,Census agg.,HH level
uc,224,.23582928,.5442766,Unit-Context,Census agg.,HH level
uc,225,.23558432,.55506301,Unit-Context,Census agg.,HH level
uc,226,.23907861,.39102775,Unit-Context,Census agg.,HH level
uc,227,.23732057,.48291525,Unit-Context,Census agg.,HH level
uc,228,.23759587,.46971703,Unit-Context,Census agg.,HH level
uc,229,.2367297,.50411516,Unit-Context,Census agg.,HH level
uc,230,.23747936,.4730753,Unit-Context,Census agg.,HH level
uc,231,.2399067,.3647157,Unit-Context,Census agg.,HH level
uc,232,.24123257,.29523346,Unit-Context,Census agg.,HH level
uc,233,.23711284,.49271357,Unit-Context,Census agg.,HH level
uc,234,.23538905,.56977671,Unit-Context,Census agg.,HH level
uc,235,.23675868,.50620824,Unit-Context,Census agg.,HH level
uc,236,.23740831,.47756308,Unit-Context,Census agg.,HH level
uc,237,.23478284,.59179711,Unit-Context,Census agg.,HH level
uc,238,.23540829,.56287032,Unit-Context,Census agg.,HH level
uc,239,.23484887,.591093,Unit-Context,Census agg.,HH level
uc,240,.23539035,.57528508,Unit-Context,Census agg.,HH level
uc,241,.23747928,.47144121,Unit-Context,Census agg.,HH level
uc,242,.23725064,.480768,Unit-Context,Census agg.,HH level
uc,243,.23594375,.54831392,Unit-Context,Census agg.,HH level
uc,244,.23689586,.50318009,Unit-Context,Census agg.,HH level
uc,245,.23690058,.50325876,Unit-Context,Census agg.,HH level
uc,246,.23553722,.56264395,Unit-Context,Census agg.,HH level
uc,247,.23624735,.52846813,Unit-Context,Census agg.,HH level
uc,248,.23772122,.46166569,Unit-Context,Census agg.,HH level
uc,249,.23585056,.5589413,Unit-Context,Census agg.,HH level
uc,250,.23625225,.52990896,Unit-Context,Census agg.,HH level
uc,251,.23576947,.55785227,Unit-Context,Census agg.,HH level
uc,252,.23720039,.48914316,Unit-Context,Census agg.,HH level
uc,253,.23872197,.41369358,Unit-Context,Census agg.,HH level
uc,254,.23668465,.50060183,Unit-Context,Census agg.,HH level
uc,255,.2368976,.50147474,Unit-Context,Census agg.,HH level
uc,256,.23432966,.61035949,Unit-Context,Census agg.,HH level
uc,257,.23560013,.558366,Unit-Context,Census agg.,HH level
uc,258,.23760997,.47150677,Unit-Context,Census agg.,HH level
uc,259,.23631175,.52770925,Unit-Context,Census agg.,HH level
uc,260,.23532706,.56904864,Unit-Context,Census agg.,HH level
uc,261,.2342428,.62370306,Unit-Context,Census agg.,HH level
uc,262,.2348828,.59284168,Unit-Context,Census agg.,HH level
uc,263,.23433518,.6146819,Unit-Context,Census agg.,HH level
uc,264,.2362247,.52804738,Unit-Context,Census agg.,HH level
uc,265,.23607002,.53022653,Unit-Context,Census agg.,HH level
uc,266,.2377021,.45944318,Unit-Context,Census agg.,HH level
uc,267,.23609409,.5399701,Unit-Context,Census agg.,HH level
uc,268,.23528953,.57633591,Unit-Context,Census agg.,HH level
uc,269,.24087971,.31641972,Unit-Context,Census agg.,HH level
uc,270,.23577225,.5514071,Unit-Context,Census agg.,HH level
uc,271,.23597348,.54113209,Unit-Context,Census agg.,HH level
uc,272,.23709367,.4955661,Unit-Context,Census agg.,HH level
uc,273,.23876572,.41459218,Unit-Context,Census agg.,HH level
uc,274,.23464386,.60976022,Unit-Context,Census agg.,HH level
uc,275,.23600623,.53882349,Unit-Context,Census agg.,HH level
uc,276,.23818302,.44358799,Unit-Context,Census agg.,HH level
uc,277,.24095555,.30275795,Unit-Context,Census agg.,HH level
uc,278,.23558854,.56063408,Unit-Context,Census agg.,HH level
uc,279,.23637927,.52647883,Unit-Context,Census agg.,HH level
uc,280,.23758247,.46834064,Unit-Context,Census agg.,HH level
uc,281,.23613194,.52835983,Unit-Context,Census agg.,HH level
uc,282,.23622563,.53629595,Unit-Context,Census agg.,HH level
uc,283,.23656037,.51578879,Unit-Context,Census agg.,HH level
uc,284,.23611395,.53882349,Unit-Context,Census agg.,HH level
uc,285,.23595485,.54092854,Unit-Context,Census agg.,HH level
uc,286,.23524454,.56876469,Unit-Context,Census agg.,HH level
uc,287,.2386817,.41933995,Unit-Context,Census agg.,HH level
uc,288,.23657316,.51569867,Unit-Context,Census agg.,HH level
uc,289,.23840529,.42561007,Unit-Context,Census agg.,HH level
uc,290,.23954229,.37852341,Unit-Context,Census agg.,HH level
uc,291,.23695853,.49537224,Unit-Context,Census agg.,HH level
uc,292,.23691249,.49551365,Unit-Context,Census agg.,HH level
uc,293,.23595814,.54845136,Unit-Context,Census agg.,HH level
uc,294,.23437031,.61380899,Unit-Context,Census agg.,HH level
uc,295,.2390268,.39886069,Unit-Context,Census agg.,HH level
uc,296,.23604588,.53119922,Unit-Context,Census agg.,HH level
uc,297,.23559548,.55729234,Unit-Context,Census agg.,HH level
uc,298,.23642077,.52519709,Unit-Context,Census agg.,HH level
uc,299,.23916368,.39208883,Unit-Context,Census agg.,HH level
uc,300,.23725809,.48030901,Unit-Context,Census agg.,HH level
uc,301,.2362837,.52589554,Unit-Context,Census agg.,HH level
uc,302,.23789085,.45924079,Unit-Context,Census agg.,HH level
uc,303,.24048293,.32861045,Unit-Context,Census agg.,HH level
uc,304,.23592465,.54459876,Unit-Context,Census agg.,HH level
uc,305,.23499368,.58638453,Unit-Context,Census agg.,HH level
uc,306,.23573937,.55094528,Unit-Context,Census agg.,HH level
uc,307,.23594263,.54572082,Unit-Context,Census agg.,HH level
uc,308,.23650186,.51703399,Unit-Context,Census agg.,HH level
uc,309,.23603588,.53952253,Unit-Context,Census agg.,HH level
uc,310,.23627533,.52200019,Unit-Context,Census agg.,HH level
uc,311,.23661926,.51458001,Unit-Context,Census agg.,HH level
uc,312,.23495968,.58407938,Unit-Context,Census agg.,HH level
uc,313,.23593177,.54946113,Unit-Context,Census agg.,HH level
uc,314,.23433046,.62458003,Unit-Context,Census agg.,HH level
uc,315,.23678282,.50253296,Unit-Context,Census agg.,HH level
uc,316,.23875374,.41928121,Unit-Context,Census agg.,HH level
uc,317,.23614968,.53623724,Unit-Context,Census agg.,HH level
uc,318,.23621942,.52982968,Unit-Context,Census agg.,HH level
uc,319,.23717184,.48422948,Unit-Context,Census agg.,HH level
uc,320,.23427331,.62326235,Unit-Context,Census agg.,HH level
uc,321,.23736183,.47818458,Unit-Context,Census agg.,HH level
uc,322,.23610048,.53287381,Unit-Context,Census agg.,HH level
uc,323,.23571746,.54846448,Unit-Context,Census agg.,HH level
uc,324,.23523778,.57871008,Unit-Context,Census agg.,HH level
uc,325,.23516116,.58196634,Unit-Context,Census agg.,HH level
uc,326,.23804231,.45235088,Unit-Context,Census agg.,HH level
uc,327,.23686348,.50273025,Unit-Context,Census agg.,HH level
uc,328,.23566031,.55366611,Unit-Context,Census agg.,HH level
uc,329,.23557185,.56095111,Unit-Context,Census agg.,HH level
uc,330,.23470187,.59994882,Unit-Context,Census agg.,HH level
uc,331,.23431595,.61627722,Unit-Context,Census agg.,HH level
uc,332,.23715919,.48727074,Unit-Context,Census agg.,HH level
uc,333,.24186608,.26310799,Unit-Context,Census agg.,HH level
uc,334,.23472799,.60101902,Unit-Context,Census agg.,HH level
uc,335,.23682036,.50020272,Unit-Context,Census agg.,HH level
uc,336,.23580843,.54983175,Unit-Context,Census agg.,HH level
uc,337,.23620261,.52612191,Unit-Context,Census agg.,HH level
uc,338,.23569934,.5517264,Unit-Context,Census agg.,HH level
uc,339,.23484956,.58120227,Unit-Context,Census agg.,HH level
uc,340,.23777309,.46670029,Unit-Context,Census agg.,HH level
uc,341,.23701866,.48946759,Unit-Context,Census agg.,HH level
uc,342,.23541108,.56161594,Unit-Context,Census agg.,HH level
uc,343,.23628333,.53272104,Unit-Context,Census agg.,HH level
uc,344,.23525894,.56681412,Unit-Context,Census agg.,HH level
uc,345,.23846757,.42245421,Unit-Context,Census agg.,HH level
uc,346,.2364817,.52057874,Unit-Context,Census agg.,HH level
uc,347,.2358003,.55237412,Unit-Context,Census agg.,HH level
uc,348,.23604278,.5409314,Unit-Context,Census agg.,HH level
uc,349,.2363728,.52620858,Unit-Context,Census agg.,HH level
uc,350,.236527,.51281822,Unit-Context,Census agg.,HH level
uc,351,.23580253,.54926783,Unit-Context,Census agg.,HH level
uc,352,.23595715,.54267669,Unit-Context,Census agg.,HH level
uc,353,.23671599,.51078898,Unit-Context,Census agg.,HH level
uc,354,.23543155,.5699991,Unit-Context,Census agg.,HH level
uc,355,.23871359,.40830949,Unit-Context,Census agg.,HH level
uc,356,.23680279,.49978191,Unit-Context,Census agg.,HH level
uc,357,.23641624,.51567817,Unit-Context,Census agg.,HH level
uc,358,.23573323,.55238491,Unit-Context,Census agg.,HH level
uc,359,.2384108,.43438265,Unit-Context,Census agg.,HH level
uc,360,.23482442,.5946126,Unit-Context,Census agg.,HH level
uc,361,.23827976,.4346472,Unit-Context,Census agg.,HH level
uc,362,.23820989,.43598083,Unit-Context,Census agg.,HH level
uc,363,.23464257,.60491949,Unit-Context,Census agg.,HH level
uc,364,.23269944,.68872434,Unit-Context,Census agg.,HH level
uc,365,.24201599,.25931239,Unit-Context,Census agg.,HH level
uc,366,.23543155,.57077509,Unit-Context,Census agg.,HH level
uc,367,.23640209,.52288395,Unit-Context,Census agg.,HH level
uc,368,.236542,.5182696,Unit-Context,Census agg.,HH level
uc,369,.2369455,.50309175,Unit-Context,Census agg.,HH level
uc,370,.23581897,.55167735,Unit-Context,Census agg.,HH level
uc,371,.23448962,.6152578,Unit-Context,Census agg.,HH level
uc,372,.23538458,.56741512,Unit-Context,Census agg.,HH level
uc,373,.23525801,.5784809,Unit-Context,Census agg.,HH level
uc,374,.23534177,.56930292,Unit-Context,Census agg.,HH level
uc,375,.23562725,.56369591,Unit-Context,Census agg.,HH level
uc,376,.23580812,.55031866,Unit-Context,Census agg.,HH level
uc,377,.23429026,.61776084,Unit-Context,Census agg.,HH level
uc,378,.23680161,.5002386,Unit-Context,Census agg.,HH level
uc,379,.23637944,.52054739,Unit-Context,Census agg.,HH level
uc,380,.2353458,.57206595,Unit-Context,Census agg.,HH level
uc,381,.23554212,.55977374,Unit-Context,Census agg.,HH level
uc,382,.2395104,.38150027,Unit-Context,Census agg.,HH level
uc,383,.23621652,.53195018,Unit-Context,Census agg.,HH level
uc,384,.23578218,.54100955,Unit-Context,Census agg.,HH level
uc,385,.23658793,.51456237,Unit-Context,Census agg.,HH level
uc,386,.23569532,.56057483,Unit-Context,Census agg.,HH level
uc,387,.23423205,.62789667,Unit-Context,Census agg.,HH level
uc,388,.23643324,.51876849,Unit-Context,Census agg.,HH level
uc,389,.23613207,.53717345,Unit-Context,Census agg.,HH level
uc,390,.23346423,.65662509,Unit-Context,Census agg.,HH level
uc,391,.23521234,.5723744,Unit-Context,Census agg.,HH level
uc,392,.23398964,.62530071,Unit-Context,Census agg.,HH level
uc,393,.2357318,.55600262,Unit-Context,Census agg.,HH level
uc,394,.23501,.58251655,Unit-Context,Census agg.,HH level
uc,395,.23729327,.47956267,Unit-Context,Census agg.,HH level
uc,396,.23639782,.52449065,Unit-Context,Census agg.,HH level
uc,397,.23805837,.44651294,Unit-Context,Census agg.,HH level
uc,398,.23495714,.58416605,Unit-Context,Census agg.,HH level
uc,399,.23520012,.57643455,Unit-Context,Census agg.,HH level
uc,400,.23800521,.45340571,Unit-Context,Census agg.,HH level
uc,401,.23392349,.63919169,Unit-Context,Census agg.,HH level
uc,402,.23669291,.50994283,Unit-Context,Census agg.,HH level
uc,403,.23513541,.58889157,Unit-Context,Census agg.,HH level
uc,404,.23609099,.52567834,Unit-Context,Census agg.,HH level
uc,405,.23626813,.52924758,Unit-Context,Census agg.,HH level
uc,406,.23660797,.51162767,Unit-Context,Census agg.,HH level
uc,407,.2388895,.39859614,Unit-Context,Census agg.,HH level
uc,408,.23699036,.49261606,Unit-Context,Census agg.,HH level
uc,409,.23557842,.55826223,Unit-Context,Census agg.,HH level
uc,410,.23552437,.56324661,Unit-Context,Census agg.,HH level
uc,411,.23589808,.54158199,Unit-Context,Census agg.,HH level
uc,412,.23666126,.5052042,Unit-Context,Census agg.,HH level
uc,413,.23572007,.55597013,Unit-Context,Census agg.,HH level
uc,414,.24069525,.32239279,Unit-Context,Census agg.,HH level
uc,415,.23635723,.52655637,Unit-Context,Census agg.,HH level
uc,416,.23664761,.51636863,Unit-Context,Census agg.,HH level
uc,417,.23605853,.540806,Unit-Context,Census agg.,HH level
uc,418,.23865868,.41933653,Unit-Context,Census agg.,HH level
uc,419,.23581022,.55196303,Unit-Context,Census agg.,HH level
uc,420,.23570152,.54854542,Unit-Context,Census agg.,HH level
uc,421,.23571597,.54622996,Unit-Context,Census agg.,HH level
uc,422,.23524721,.57652122,Unit-Context,Census agg.,HH level
uc,423,.23644993,.52389312,Unit-Context,Census agg.,HH level
uc,424,.23487374,.59598786,Unit-Context,Census agg.,HH level
uc,425,.23609303,.53642309,Unit-Context,Census agg.,HH level
uc,426,.23676482,.50073636,Unit-Context,Census agg.,HH level
uc,427,.23596981,.54418308,Unit-Context,Census agg.,HH level
uc,428,.23442751,.60226423,Unit-Context,Census agg.,HH level
uc,429,.23535269,.57234478,Unit-Context,Census agg.,HH level
uc,430,.23528755,.5782671,Unit-Context,Census agg.,HH level
uc,431,.23804647,.44048172,Unit-Context,Census agg.,HH level
uc,432,.23595151,.54471904,Unit-Context,Census agg.,HH level
uc,433,.23515935,.58051068,Unit-Context,Census agg.,HH level
uc,434,.23373003,.64427012,Unit-Context,Census agg.,HH level
uc,435,.23503055,.58701569,Unit-Context,Census agg.,HH level
uc,436,.23580235,.55379611,Unit-Context,Census agg.,HH level
uc,437,.23501974,.58122569,Unit-Context,Census agg.,HH level
uc,438,.23560354,.56407732,Unit-Context,Census agg.,HH level
uc,439,.23674956,.50680637,Unit-Context,Census agg.,HH level
uc,440,.23725425,.49136111,Unit-Context,Census agg.,HH level
uc,441,.23548454,.56545258,Unit-Context,Census agg.,HH level
uc,442,.2365479,.51031518,Unit-Context,Census agg.,HH level
uc,443,.23617084,.53003269,Unit-Context,Census agg.,HH level
uc,444,.23526254,.57245708,Unit-Context,Census agg.,HH level
uc,445,.23639551,.52574331,Unit-Context,Census agg.,HH level
uc,446,.23560658,.56315136,Unit-Context,Census agg.,HH level
uc,447,.23523256,.5760588,Unit-Context,Census agg.,HH level
uc,448,.23631226,.5280354,Unit-Context,Census agg.,HH level
uc,449,.23433691,.61789024,Unit-Context,Census agg.,HH level
uc,450,.23768088,.47190306,Unit-Context,Census agg.,HH level
uc,451,.23613219,.53317773,Unit-Context,Census agg.,HH level
uc,452,.23501527,.59181482,Unit-Context,Census agg.,HH level
uc,453,.23467712,.60055315,Unit-Context,Census agg.,HH level
uc,454,.23587382,.54900271,Unit-Context,Census agg.,HH level
uc,455,.23759234,.46091935,Unit-Context,Census agg.,HH level
uc,456,.23515353,.58143091,Unit-Context,Census agg.,HH level
uc,457,.23441653,.6145137,Unit-Context,Census agg.,HH level
uc,458,.23797002,.44964147,Unit-Context,Census agg.,HH level
uc,459,.23576394,.54722494,Unit-Context,Census agg.,HH level
uc,460,.23644955,.5220834,Unit-Context,Census agg.,HH level
uc,461,.23796357,.44523463,Unit-Context,Census agg.,HH level
uc,462,.23735403,.48151833,Unit-Context,Census agg.,HH level
uc,463,.23657675,.49828181,Unit-Context,Census agg.,HH level
uc,464,.23627315,.52469194,Unit-Context,Census agg.,HH level
uc,465,.2380688,.44128168,Unit-Context,Census agg.,HH level
uc,466,.23533246,.57547897,Unit-Context,Census agg.,HH level
uc,467,.23514949,.5804987,Unit-Context,Census agg.,HH level
uc,468,.23530169,.57008916,Unit-Context,Census agg.,HH level
uc,469,.2367356,.50487006,Unit-Context,Census agg.,HH level
uc,470,.23936856,.37834609,Unit-Context,Census agg.,HH level
uc,471,.23796685,.45460761,Unit-Context,Census agg.,HH level
uc,472,.23488429,.59463656,Unit-Context,Census agg.,HH level
uc,473,.23402072,.63721263,Unit-Context,Census agg.,HH level
uc,474,.23719332,.49561173,Unit-Context,Census agg.,HH level
uc,475,.2363684,.52042991,Unit-Context,Census agg.,HH level
uc,476,.23621701,.53053844,Unit-Context,Census agg.,HH level
uc,477,.23445766,.6067093,Unit-Context,Census agg.,HH level
uc,478,.23462786,.59903824,Unit-Context,Census agg.,HH level
uc,479,.23476082,.59770006,Unit-Context,Census agg.,HH level
uc,480,.23508254,.57705718,Unit-Context,Census agg.,HH level
uc,481,.23679845,.50291842,Unit-Context,Census agg.,HH level
uc,482,.23512101,.58677626,Unit-Context,Census agg.,HH level
uc,483,.23501366,.57204312,Unit-Context,Census agg.,HH level
uc,484,.23742178,.4769496,Unit-Context,Census agg.,HH level
uc,485,.23686676,.50412148,Unit-Context,Census agg.,HH level
uc,486,.23640706,.52204978,Unit-Context,Census agg.,HH level
uc,487,.23526433,.57095754,Unit-Context,Census agg.,HH level
uc,488,.23576307,.55126339,Unit-Context,Census agg.,HH level
uc,489,.23828001,.44457209,Unit-Context,Census agg.,HH level
uc,490,.23537274,.56596571,Unit-Context,Census agg.,HH level
uc,491,.23722652,.47794569,Unit-Context,Census agg.,HH level
uc,492,.23642598,.52463663,Unit-Context,Census agg.,HH level
uc,493,.23438594,.62280053,Unit-Context,Census agg.,HH level
uc,494,.23942235,.38422966,Unit-Context,Census agg.,HH level
uc,495,.23797442,.45580381,Unit-Context,Census agg.,HH level
uc,496,.23530602,.56877381,Unit-Context,Census agg.,HH level
uc,497,.23611134,.53231907,Unit-Context,Census agg.,HH level
uc,498,.23589715,.5465259,Unit-Context,Census agg.,HH level
uc,499,.23592433,.54238874,Unit-Context,Census agg.,HH level
uc,500,.237298,.48244202,Unit-Context,Census agg.,HH level
eb,1,.22812086,.90657365,CensusEB,Census microdata,HH level
eb,2,.22805211,.90372622,CensusEB,Census microdata,HH level
eb,3,.23096894,.76996338,CensusEB,Census microdata,HH level
eb,4,.23167138,.73987687,CensusEB,Census microdata,HH level
eb,5,.23108001,.77108151,CensusEB,Census microdata,HH level
eb,6,.23118524,.77739608,CensusEB,Census microdata,HH level
eb,7,.22973327,.8292402,CensusEB,Census microdata,HH level
eb,8,.23160914,.7471801,CensusEB,Census microdata,HH level
eb,9,.23103657,.76788855,CensusEB,Census microdata,HH level
eb,10,.23091204,.788028,CensusEB,Census microdata,HH level
eb,11,.23009978,.81503278,CensusEB,Census microdata,HH level
eb,12,.23123996,.76291841,CensusEB,Census microdata,HH level
eb,13,.2305979,.79282421,CensusEB,Census microdata,HH level
eb,14,.23091806,.77281821,CensusEB,Census microdata,HH level
eb,15,.23130065,.75647897,CensusEB,Census microdata,HH level
eb,16,.22972055,.82608777,CensusEB,Census microdata,HH level
eb,17,.23378153,.63678044,CensusEB,Census microdata,HH level
eb,18,.23094983,.77469349,CensusEB,Census microdata,HH level
eb,19,.23127694,.76051229,CensusEB,Census microdata,HH level
eb,20,.23035704,.80475438,CensusEB,Census microdata,HH level
eb,21,.23039035,.79706341,CensusEB,Census microdata,HH level
eb,22,.22960714,.8388384,CensusEB,Census microdata,HH level
eb,23,.23109521,.7718358,CensusEB,Census microdata,HH level
eb,24,.23055422,.78466743,CensusEB,Census microdata,HH level
eb,25,.2309494,.7715838,CensusEB,Census microdata,HH level
eb,26,.23144968,.74534303,CensusEB,Census microdata,HH level
eb,27,.22890773,.87422979,CensusEB,Census microdata,HH level
eb,28,.23065479,.78480542,CensusEB,Census microdata,HH level
eb,29,.23025031,.80542034,CensusEB,Census microdata,HH level
eb,30,.23035406,.80078202,CensusEB,Census microdata,HH level
eb,31,.22996719,.81687045,CensusEB,Census microdata,HH level
eb,32,.23115408,.76540607,CensusEB,Census microdata,HH level
eb,33,.22956656,.83193767,CensusEB,Census microdata,HH level
eb,34,.23052028,.79017526,CensusEB,Census microdata,HH level
eb,35,.22926779,.85330182,CensusEB,Census microdata,HH level
eb,36,.22947417,.83129907,CensusEB,Census microdata,HH level
eb,37,.22949055,.83402222,CensusEB,Census microdata,HH level
eb,38,.23095492,.77060711,CensusEB,Census microdata,HH level
eb,39,.2260277,1.0001055,CensusEB,Census microdata,HH level
eb,40,.23224327,.71082056,CensusEB,Census microdata,HH level
eb,41,.23035176,.80183285,CensusEB,Census microdata,HH level
eb,42,.22952858,.84103012,CensusEB,Census microdata,HH level
eb,43,.22968599,.83335912,CensusEB,Census microdata,HH level
eb,44,.22964834,.82999796,CensusEB,Census microdata,HH level
eb,45,.2298398,.81976289,CensusEB,Census microdata,HH level
eb,46,.2302299,.79916108,CensusEB,Census microdata,HH level
eb,47,.23056272,.78960222,CensusEB,Census microdata,HH level
eb,48,.23044874,.79046947,CensusEB,Census microdata,HH level
eb,49,.22824055,.89987248,CensusEB,Census microdata,HH level
eb,50,.23100443,.76962245,CensusEB,Census microdata,HH level
eb,51,.23027854,.80396527,CensusEB,Census microdata,HH level
eb,52,.22976492,.83036059,CensusEB,Census microdata,HH level
eb,53,.23311111,.67809242,CensusEB,Census microdata,HH level
eb,54,.23111717,.76260197,CensusEB,Census microdata,HH level
eb,55,.23004419,.81674618,CensusEB,Census microdata,HH level
eb,56,.22883601,.87134647,CensusEB,Census microdata,HH level
eb,57,.23061521,.78719783,CensusEB,Census microdata,HH level
eb,58,.22998171,.821141,CensusEB,Census microdata,HH level
eb,59,.23171511,.73983234,CensusEB,Census microdata,HH level
eb,60,.23073056,.78575647,CensusEB,Census microdata,HH level
eb,61,.22994305,.82535625,CensusEB,Census microdata,HH level
eb,62,.22947937,.84459478,CensusEB,Census microdata,HH level
eb,63,.22954477,.83447319,CensusEB,Census microdata,HH level
eb,64,.23376831,.63353735,CensusEB,Census microdata,HH level
eb,65,.23128346,.76247936,CensusEB,Census microdata,HH level
eb,66,.23017809,.80922282,CensusEB,Census microdata,HH level
eb,67,.23025814,.81016529,CensusEB,Census microdata,HH level
eb,68,.23012194,.81251097,CensusEB,Census microdata,HH level
eb,69,.23296344,.67421359,CensusEB,Census microdata,HH level
eb,70,.23057246,.79123235,CensusEB,Census microdata,HH level
eb,71,.231543,.74546278,CensusEB,Census microdata,HH level
eb,72,.23015134,.81637669,CensusEB,Census microdata,HH level
eb,73,.23162484,.75619501,CensusEB,Census microdata,HH level
eb,74,.23124319,.75894266,CensusEB,Census microdata,HH level
eb,75,.22973023,.8213622,CensusEB,Census microdata,HH level
eb,76,.23297939,.68610382,CensusEB,Census microdata,HH level
eb,77,.22985272,.81953824,CensusEB,Census microdata,HH level
eb,78,.22984639,.82821393,CensusEB,Census microdata,HH level
eb,79,.23090044,.77194017,CensusEB,Census microdata,HH level
eb,80,.230156,.80867773,CensusEB,Census microdata,HH level
eb,81,.22932209,.8486082,CensusEB,Census microdata,HH level
eb,82,.23085397,.78035754,CensusEB,Census microdata,HH level
eb,83,.23042889,.7960639,CensusEB,Census microdata,HH level
eb,84,.22927034,.84829003,CensusEB,Census microdata,HH level
eb,85,.23109254,.76975697,CensusEB,Census microdata,HH level
eb,86,.23135003,.75580275,CensusEB,Census microdata,HH level
eb,87,.22886704,.86765236,CensusEB,Census microdata,HH level
eb,88,.22986649,.82163531,CensusEB,Census microdata,HH level
eb,89,.23011555,.81455159,CensusEB,Census microdata,HH level
eb,90,.22935417,.84967667,CensusEB,Census microdata,HH level
eb,91,.22858839,.88732594,CensusEB,Census microdata,HH level
eb,92,.2292712,.85618514,CensusEB,Census microdata,HH level
eb,93,.23345783,.65599734,CensusEB,Census microdata,HH level
eb,94,.2298256,.8260296,CensusEB,Census microdata,HH level
eb,95,.23004662,.81617999,CensusEB,Census microdata,HH level
eb,96,.22880597,.87335575,CensusEB,Census microdata,HH level
eb,97,.22955085,.84016061,CensusEB,Census microdata,HH level
eb,98,.23259719,.7032972,CensusEB,Census microdata,HH level
eb,99,.22998674,.8245312,CensusEB,Census microdata,HH level
eb,100,.22997755,.81866246,CensusEB,Census microdata,HH level
eb,101,.23013702,.816948,CensusEB,Census microdata,HH level
eb,102,.23212861,.71395481,CensusEB,Census microdata,HH level
eb,103,.23094828,.77898574,CensusEB,Census microdata,HH level
eb,104,.23039408,.80552757,CensusEB,Census microdata,HH level
eb,105,.2291586,.8430599,CensusEB,Census microdata,HH level
eb,106,.22976281,.8317039,CensusEB,Census microdata,HH level
eb,107,.23114379,.7660104,CensusEB,Census microdata,HH level
eb,108,.22916672,.86347133,CensusEB,Census microdata,HH level
eb,109,.22907768,.84343737,CensusEB,Census microdata,HH level
eb,110,.23008186,.805251,CensusEB,Census microdata,HH level
eb,111,.22866923,.8813557,CensusEB,Census microdata,HH level
eb,112,.22988746,.81495184,CensusEB,Census microdata,HH level
eb,113,.22999802,.81751245,CensusEB,Census microdata,HH level
eb,114,.22945035,.84469229,CensusEB,Census microdata,HH level
eb,115,.23100412,.77384222,CensusEB,Census microdata,HH level
eb,116,.22976194,.827142,CensusEB,Census microdata,HH level
eb,117,.2290476,.86780173,CensusEB,Census microdata,HH level
eb,118,.22815554,.89642352,CensusEB,Census microdata,HH level
eb,119,.23292957,.68199354,CensusEB,Census microdata,HH level
eb,120,.23077647,.77923602,CensusEB,Census microdata,HH level
eb,121,.22890742,.86734277,CensusEB,Census microdata,HH level
eb,122,.23015979,.80450922,CensusEB,Census microdata,HH level
eb,123,.23094121,.76717699,CensusEB,Census microdata,HH level
eb,124,.23152848,.74610019,CensusEB,Census microdata,HH level
eb,125,.23129369,.76078087,CensusEB,Census microdata,HH level
eb,126,.23171127,.73716116,CensusEB,Census microdata,HH level
eb,127,.2296502,.83419043,CensusEB,Census microdata,HH level
eb,128,.23116699,.76608169,CensusEB,Census microdata,HH level
eb,129,.23005158,.8175444,CensusEB,Census microdata,HH level
eb,130,.23106436,.77231646,CensusEB,Census microdata,HH level
eb,131,.23070933,.78249055,CensusEB,Census microdata,HH level
eb,132,.23158091,.74280524,CensusEB,Census microdata,HH level
eb,133,.23039122,.79995471,CensusEB,Census microdata,HH level
eb,134,.23034637,.80289567,CensusEB,Census microdata,HH level
eb,135,.23090206,.78022927,CensusEB,Census microdata,HH level
eb,136,.23133788,.75294167,CensusEB,Census microdata,HH level
eb,137,.22750722,.9323144,CensusEB,Census microdata,HH level
eb,138,.23013739,.81204969,CensusEB,Census microdata,HH level
eb,139,.23104408,.76362944,CensusEB,Census microdata,HH level
eb,140,.22975492,.83027619,CensusEB,Census microdata,HH level
eb,141,.22931048,.84577847,CensusEB,Census microdata,HH level
eb,142,.23151588,.74189866,CensusEB,Census microdata,HH level
eb,143,.23055869,.78912842,CensusEB,Census microdata,HH level
eb,144,.23004085,.81585383,CensusEB,Census microdata,HH level
eb,145,.23067787,.78705245,CensusEB,Census microdata,HH level
eb,146,.22950916,.84777862,CensusEB,Census microdata,HH level
eb,147,.22937055,.84875417,CensusEB,Census microdata,HH level
eb,148,.22718996,.94397146,CensusEB,Census microdata,HH level
eb,149,.23136225,.75761133,CensusEB,Census microdata,HH level
eb,150,.23024206,.79634273,CensusEB,Census microdata,HH level
eb,151,.23114528,.76885098,CensusEB,Census microdata,HH level
eb,152,.23076276,.78420162,CensusEB,Census microdata,HH level
eb,153,.22966726,.8308053,CensusEB,Census microdata,HH level
eb,154,.23074929,.77952051,CensusEB,Census microdata,HH level
eb,155,.22847608,.89079028,CensusEB,Census microdata,HH level
eb,156,.22974214,.83633024,CensusEB,Census microdata,HH level
eb,157,.23011678,.82065809,CensusEB,Census microdata,HH level
eb,158,.23529914,.57162005,CensusEB,Census microdata,HH level
eb,159,.2290757,.86220437,CensusEB,Census microdata,HH level
eb,160,.23190765,.73789269,CensusEB,Census microdata,HH level
eb,161,.22925434,.85700846,CensusEB,Census microdata,HH level
eb,162,.23140855,.75995868,CensusEB,Census microdata,HH level
eb,163,.23069587,.78336686,CensusEB,Census microdata,HH level
eb,164,.23107783,.77364153,CensusEB,Census microdata,HH level
eb,165,.22989783,.8237381,CensusEB,Census microdata,HH level
eb,166,.23002961,.81598043,CensusEB,Census microdata,HH level
eb,167,.22942775,.84304965,CensusEB,Census microdata,HH level
eb,168,.23015116,.80824208,CensusEB,Census microdata,HH level
eb,169,.23194662,.73550195,CensusEB,Census microdata,HH level
eb,170,.23072386,.78241128,CensusEB,Census microdata,HH level
eb,171,.23126912,.75303972,CensusEB,Census microdata,HH level
eb,172,.23050173,.7978856,CensusEB,Census microdata,HH level
eb,173,.22961786,.83603603,CensusEB,Census microdata,HH level
eb,174,.23020197,.80251306,CensusEB,Census microdata,HH level
eb,175,.22940479,.84230101,CensusEB,Census microdata,HH level
eb,176,.23000157,.81929082,CensusEB,Census microdata,HH level
eb,177,.22992817,.82385445,CensusEB,Census microdata,HH level
eb,178,.22797014,.91186821,CensusEB,Census microdata,HH level
eb,179,.23164824,.74076915,CensusEB,Census microdata,HH level
eb,180,.22982182,.83188009,CensusEB,Census microdata,HH level
eb,181,.23104942,.76154435,CensusEB,Census microdata,HH level
eb,182,.23185188,.73504353,CensusEB,Census microdata,HH level
eb,183,.2314714,.75449133,CensusEB,Census microdata,HH level
eb,184,.2298166,.81740981,CensusEB,Census microdata,HH level
eb,185,.23266363,.6950925,CensusEB,Census microdata,HH level
eb,186,.22967426,.83147812,CensusEB,Census microdata,HH level
eb,187,.22976349,.82471538,CensusEB,Census microdata,HH level
eb,188,.22967277,.82739401,CensusEB,Census microdata,HH level
eb,189,.2279648,.90484661,CensusEB,Census microdata,HH level
eb,190,.23066175,.78511959,CensusEB,Census microdata,HH level
eb,191,.22995286,.81879705,CensusEB,Census microdata,HH level
eb,192,.22786839,.90603369,CensusEB,Census microdata,HH level
eb,193,.23057395,.79033315,CensusEB,Census microdata,HH level
eb,194,.22915524,.85319006,CensusEB,Census microdata,HH level
eb,195,.23154604,.74780327,CensusEB,Census microdata,HH level
eb,196,.23058468,.79292399,CensusEB,Census microdata,HH level
eb,197,.22925457,.85378247,CensusEB,Census microdata,HH level
eb,198,.23146817,.75138223,CensusEB,Census microdata,HH level
eb,199,.23007956,.81101996,CensusEB,Census microdata,HH level
eb,200,.22879656,.87633598,CensusEB,Census microdata,HH level
eb,201,.22922821,.85229379,CensusEB,Census microdata,HH level
eb,202,.22889198,.85425401,CensusEB,Census microdata,HH level
eb,203,.23112939,.76707667,CensusEB,Census microdata,HH level
eb,204,.22928256,.85289645,CensusEB,Census microdata,HH level
eb,205,.22778921,.91392082,CensusEB,Census microdata,HH level
eb,206,.23014081,.81291634,CensusEB,Census microdata,HH level
eb,207,.23034643,.80576813,CensusEB,Census microdata,HH level
eb,208,.23129693,.76243603,CensusEB,Census microdata,HH level
eb,209,.2311621,.76768446,CensusEB,Census microdata,HH level
eb,210,.23114379,.76552463,CensusEB,Census microdata,HH level
eb,211,.2299528,.82518119,CensusEB,Census microdata,HH level
eb,212,.23117562,.76445955,CensusEB,Census microdata,HH level
eb,213,.23021086,.80162704,CensusEB,Census microdata,HH level
eb,214,.23275776,.69116747,CensusEB,Census microdata,HH level
eb,215,.22991148,.82265306,CensusEB,Census microdata,HH level
eb,216,.23170792,.7447421,CensusEB,Census microdata,HH level
eb,217,.23116879,.76400059,CensusEB,Census microdata,HH level
eb,218,.2324827,.70751929,CensusEB,Census microdata,HH level
eb,219,.22828962,.89207315,CensusEB,Census microdata,HH level
eb,220,.2328082,.68025738,CensusEB,Census microdata,HH level
eb,221,.22977503,.83157277,CensusEB,Census microdata,HH level
eb,222,.22897035,.85744524,CensusEB,Census microdata,HH level
eb,223,.22789773,.91167492,CensusEB,Census microdata,HH level
eb,224,.226825,.96084493,CensusEB,Census microdata,HH level
eb,225,.22887857,.86464018,CensusEB,Census microdata,HH level
eb,226,.23109576,.7665441,CensusEB,Census microdata,HH level
eb,227,.23073582,.78077948,CensusEB,Census microdata,HH level
eb,228,.2311544,.761554,CensusEB,Census microdata,HH level
eb,229,.23034655,.7968713,CensusEB,Census microdata,HH level
eb,230,.22905938,.85718751,CensusEB,Census microdata,HH level
eb,231,.22862691,.88164479,CensusEB,Census microdata,HH level
eb,232,.23126012,.77359653,CensusEB,Census microdata,HH level
eb,233,.22940151,.84497851,CensusEB,Census microdata,HH level
eb,234,.23035039,.80472648,CensusEB,Census microdata,HH level
eb,235,.23115502,.76860696,CensusEB,Census microdata,HH level
eb,236,.23155367,.74099153,CensusEB,Census microdata,HH level
eb,237,.22947559,.84714746,CensusEB,Census microdata,HH level
eb,238,.22903736,.85801536,CensusEB,Census microdata,HH level
eb,239,.23127086,.76080823,CensusEB,Census microdata,HH level
eb,240,.23151992,.74723655,CensusEB,Census microdata,HH level
eb,241,.22983372,.82012838,CensusEB,Census microdata,HH level
eb,242,.23137249,.75280821,CensusEB,Census microdata,HH level
eb,243,.22970603,.83787596,CensusEB,Census microdata,HH level
eb,244,.23023796,.80382103,CensusEB,Census microdata,HH level
eb,245,.23111935,.75667226,CensusEB,Census microdata,HH level
eb,246,.22903928,.85492963,CensusEB,Census microdata,HH level
eb,247,.22987412,.81892991,CensusEB,Census microdata,HH level
eb,248,.23082356,.78253216,CensusEB,Census microdata,HH level
eb,249,.23290004,.69066292,CensusEB,Census microdata,HH level
eb,250,.22795855,.89857191,CensusEB,Census microdata,HH level
eb,251,.23023008,.808424,CensusEB,Census microdata,HH level
eb,252,.22900975,.86119634,CensusEB,Census microdata,HH level
eb,253,.23077983,.78665388,CensusEB,Census microdata,HH level
eb,254,.22773133,.91808301,CensusEB,Census microdata,HH level
eb,255,.23189077,.72709429,CensusEB,Census microdata,HH level
eb,256,.22748767,.92090988,CensusEB,Census microdata,HH level
eb,257,.23112145,.77141047,CensusEB,Census microdata,HH level
eb,258,.22948068,.83995193,CensusEB,Census microdata,HH level
eb,259,.23074427,.78590697,CensusEB,Census microdata,HH level
eb,260,.22951934,.84625572,CensusEB,Census microdata,HH level
eb,261,.23073645,.78124189,CensusEB,Census microdata,HH level
eb,262,.23008154,.8043952,CensusEB,Census microdata,HH level
eb,263,.23132001,.75680566,CensusEB,Census microdata,HH level
eb,264,.2325563,.70320541,CensusEB,Census microdata,HH level
eb,265,.23057227,.79296505,CensusEB,Census microdata,HH level
eb,266,.23083237,.76159394,CensusEB,Census microdata,HH level
eb,267,.22980674,.81914884,CensusEB,Census microdata,HH level
eb,268,.2297409,.81996191,CensusEB,Census microdata,HH level
eb,269,.23131044,.75464416,CensusEB,Census microdata,HH level
eb,270,.23113498,.76287168,CensusEB,Census microdata,HH level
eb,271,.23214771,.7240091,CensusEB,Census microdata,HH level
eb,272,.23283364,.69405025,CensusEB,Census microdata,HH level
eb,273,.23292081,.69043142,CensusEB,Census microdata,HH level
eb,274,.23433189,.62141442,CensusEB,Census microdata,HH level
eb,275,.23011839,.81259418,CensusEB,Census microdata,HH level
eb,276,.22979291,.82223684,CensusEB,Census microdata,HH level
eb,277,.22846106,.88152963,CensusEB,Census microdata,HH level
eb,278,.23123382,.76073867,CensusEB,Census microdata,HH level
eb,279,.2289459,.86309212,CensusEB,Census microdata,HH level
eb,280,.23172759,.73688406,CensusEB,Census microdata,HH level
eb,281,.23050614,.79489678,CensusEB,Census microdata,HH level
eb,282,.2334391,.658786,CensusEB,Census microdata,HH level
eb,283,.23038967,.79699212,CensusEB,Census microdata,HH level
eb,284,.23024039,.81114823,CensusEB,Census microdata,HH level
eb,285,.23047809,.79621047,CensusEB,Census microdata,HH level
eb,286,.23000802,.8207795,CensusEB,Census microdata,HH level
eb,287,.2347203,.60389662,CensusEB,Census microdata,HH level
eb,288,.23260456,.70221674,CensusEB,Census microdata,HH level
eb,289,.2290698,.8555249,CensusEB,Census microdata,HH level
eb,290,.23240632,.71229672,CensusEB,Census microdata,HH level
eb,291,.22932693,.85045499,CensusEB,Census microdata,HH level
eb,292,.23009457,.81034374,CensusEB,Census microdata,HH level
eb,293,.23159631,.75562656,CensusEB,Census microdata,HH level
eb,294,.22811881,.90815187,CensusEB,Census microdata,HH level
eb,295,.22858807,.87741989,CensusEB,Census microdata,HH level
eb,296,.22974724,.8245517,CensusEB,Census microdata,HH level
eb,297,.22983466,.82013637,CensusEB,Census microdata,HH level
eb,298,.23059486,.79655653,CensusEB,Census microdata,HH level
eb,299,.23140687,.74996197,CensusEB,Census microdata,HH level
eb,300,.23311868,.67706156,CensusEB,Census microdata,HH level
eb,301,.23290437,.68429071,CensusEB,Census microdata,HH level
eb,302,.23135816,.74960673,CensusEB,Census microdata,HH level
eb,303,.23197348,.72760171,CensusEB,Census microdata,HH level
eb,304,.23006423,.81402701,CensusEB,Census microdata,HH level
eb,305,.23031254,.80439806,CensusEB,Census microdata,HH level
eb,306,.23180372,.73630989,CensusEB,Census microdata,HH level
eb,307,.23090124,.78433275,CensusEB,Census microdata,HH level
eb,308,.23073266,.78724629,CensusEB,Census microdata,HH level
eb,309,.23128173,.76235056,CensusEB,Census microdata,HH level
eb,310,.23013912,.81356233,CensusEB,Census microdata,HH level
eb,311,.23097602,.7759735,CensusEB,Census microdata,HH level
eb,312,.22861822,.87302899,CensusEB,Census microdata,HH level
eb,313,.23233299,.71534771,CensusEB,Census microdata,HH level
eb,314,.22851846,.87579489,CensusEB,Census microdata,HH level
eb,315,.23058996,.78829885,CensusEB,Census microdata,HH level
eb,316,.2297731,.82838041,CensusEB,Census microdata,HH level
eb,317,.22972521,.82978076,CensusEB,Census microdata,HH level
eb,318,.23010853,.81369233,CensusEB,Census microdata,HH level
eb,319,.22891717,.86423874,CensusEB,Census microdata,HH level
eb,320,.2308982,.7769143,CensusEB,Census microdata,HH level
eb,321,.23120466,.76160419,CensusEB,Census microdata,HH level
eb,322,.23002161,.81611782,CensusEB,Census microdata,HH level
eb,323,.22911181,.8511067,CensusEB,Census microdata,HH level
eb,324,.22841626,.88976055,CensusEB,Census microdata,HH level
eb,325,.22894223,.86477697,CensusEB,Census microdata,HH level
eb,326,.22891189,.86266911,CensusEB,Census microdata,HH level
eb,327,.22834311,.88805974,CensusEB,Census microdata,HH level
eb,328,.23171221,.73657215,CensusEB,Census microdata,HH level
eb,329,.22844431,.88207185,CensusEB,Census microdata,HH level
eb,330,.23173417,.73755229,CensusEB,Census microdata,HH level
eb,331,.22692154,.96042931,CensusEB,Census microdata,HH level
eb,332,.23265818,.69788522,CensusEB,Census microdata,HH level
eb,333,.22954868,.84614795,CensusEB,Census microdata,HH level
eb,334,.23034629,.80311519,CensusEB,Census microdata,HH level
eb,335,.23222974,.71579868,CensusEB,Census microdata,HH level
eb,336,.23109701,.76434153,CensusEB,Census microdata,HH level
eb,337,.23016493,.81519186,CensusEB,Census microdata,HH level
eb,338,.22988808,.82687461,CensusEB,Census microdata,HH level
eb,339,.23021419,.80274743,CensusEB,Census microdata,HH level
eb,340,.23329565,.66800731,CensusEB,Census microdata,HH level
eb,341,.2302219,.80364883,CensusEB,Census microdata,HH level
eb,342,.23007937,.80929291,CensusEB,Census microdata,HH level
eb,343,.2296541,.8319217,CensusEB,Census microdata,HH level
eb,344,.22935714,.84576309,CensusEB,Census microdata,HH level
eb,345,.23011722,.80513012,CensusEB,Census microdata,HH level
eb,346,.23035511,.80178553,CensusEB,Census microdata,HH level
eb,347,.23150559,.74597704,CensusEB,Census microdata,HH level
eb,348,.23105785,.76712281,CensusEB,Census microdata,HH level
eb,349,.23090614,.77935576,CensusEB,Census microdata,HH level
eb,350,.23086625,.78313255,CensusEB,Census microdata,HH level
eb,351,.23102181,.76458162,CensusEB,Census microdata,HH level
eb,352,.23313041,.67018306,CensusEB,Census microdata,HH level
eb,353,.23113745,.76822722,CensusEB,Census microdata,HH level
eb,354,.22966664,.83411628,CensusEB,Census microdata,HH level
eb,355,.23191193,.73518378,CensusEB,Census microdata,HH level
eb,356,.22949886,.83083385,CensusEB,Census microdata,HH level
eb,357,.22840175,.89314908,CensusEB,Census microdata,HH level
eb,358,.23091161,.77305543,CensusEB,Census microdata,HH level
eb,359,.2293157,.84132546,CensusEB,Census microdata,HH level
eb,360,.22976375,.83400738,CensusEB,Census microdata,HH level
eb,361,.23088481,.77470034,CensusEB,Census microdata,HH level
eb,362,.22862735,.88699239,CensusEB,Census microdata,HH level
eb,363,.22878352,.88132381,CensusEB,Census microdata,HH level
eb,364,.22619627,.99575454,CensusEB,Census microdata,HH level
eb,365,.23014055,.81032091,CensusEB,Census microdata,HH level
eb,366,.22898343,.86574399,CensusEB,Census microdata,HH level
eb,367,.23348123,.66405153,CensusEB,Census microdata,HH level
eb,368,.22984725,.82071394,CensusEB,Census microdata,HH level
eb,369,.22996017,.8170529,CensusEB,Census microdata,HH level
eb,370,.23276253,.68992341,CensusEB,Census microdata,HH level
eb,371,.2315304,.74708092,CensusEB,Census microdata,HH level
eb,372,.23075941,.78369302,CensusEB,Census microdata,HH level
eb,373,.23066336,.78507626,CensusEB,Census microdata,HH level
eb,374,.22972304,.83448118,CensusEB,Census microdata,HH level
eb,375,.23159778,.74819499,CensusEB,Census microdata,HH level
eb,376,.23038533,.79753268,CensusEB,Census microdata,HH level
eb,377,.22972694,.82251853,CensusEB,Census microdata,HH level
eb,378,.23040785,.7934925,CensusEB,Census microdata,HH level
eb,379,.23057258,.79234815,CensusEB,Census microdata,HH level
eb,380,.23064357,.7786305,CensusEB,Census microdata,HH level
eb,381,.229891,.82613224,CensusEB,Census microdata,HH level
eb,382,.23139508,.7518549,CensusEB,Census microdata,HH level
eb,383,.22883254,.86705196,CensusEB,Census microdata,HH level
eb,384,.22931091,.84035218,CensusEB,Census microdata,HH level
eb,385,.22882776,.8697648,CensusEB,Census microdata,HH level
eb,386,.2298426,.82926643,CensusEB,Census microdata,HH level
eb,387,.23036255,.80520827,CensusEB,Census microdata,HH level
eb,388,.23564003,.55558813,CensusEB,Census microdata,HH level
eb,389,.22991973,.82047391,CensusEB,Census microdata,HH level
eb,390,.22886579,.87136585,CensusEB,Census microdata,HH level
eb,391,.22996831,.8212288,CensusEB,Census microdata,HH level
eb,392,.22890601,.86520231,CensusEB,Census microdata,HH level
eb,393,.23242873,.71641564,CensusEB,Census microdata,HH level
eb,394,.22979358,.83065706,CensusEB,Census microdata,HH level
eb,395,.23138131,.75606328,CensusEB,Census microdata,HH level
eb,396,.22925465,.85446894,CensusEB,Census microdata,HH level
eb,397,.22908178,.86219013,CensusEB,Census microdata,HH level
eb,398,.22934231,.85189068,CensusEB,Census microdata,HH level
eb,399,.22998686,.81229883,CensusEB,Census microdata,HH level
eb,400,.23179404,.73930895,CensusEB,Census microdata,HH level
eb,401,.22931309,.85761744,CensusEB,Census microdata,HH level
eb,402,.23012547,.80712628,CensusEB,Census microdata,HH level
eb,403,.2299791,.81922865,CensusEB,Census microdata,HH level
eb,404,.22901663,.86466807,CensusEB,Census microdata,HH level
eb,405,.23012908,.81034774,CensusEB,Census microdata,HH level
eb,406,.23422293,.62438214,CensusEB,Census microdata,HH level
eb,407,.22787708,.91483819,CensusEB,Census microdata,HH level
eb,408,.23169346,.73905522,CensusEB,Census microdata,HH level
eb,409,.22944358,.84417176,CensusEB,Census microdata,HH level
eb,410,.23110501,.77012193,CensusEB,Census microdata,HH level
eb,411,.23023784,.79869753,CensusEB,Census microdata,HH level
eb,412,.2304658,.7928248,CensusEB,Census microdata,HH level
eb,413,.23105226,.76886868,CensusEB,Census microdata,HH level
eb,414,.23012269,.81193507,CensusEB,Census microdata,HH level
eb,415,.22959962,.83495784,CensusEB,Census microdata,HH level
eb,416,.23046388,.80273658,CensusEB,Census microdata,HH level
eb,417,.23038428,.80485362,CensusEB,Census microdata,HH level
eb,418,.23321585,.67514926,CensusEB,Census microdata,HH level
eb,419,.23117897,.76502573,CensusEB,Census microdata,HH level
eb,420,.23070611,.78498274,CensusEB,Census microdata,HH level
eb,421,.22938861,.83826137,CensusEB,Census microdata,HH level
eb,422,.23156193,.75029039,CensusEB,Census microdata,HH level
eb,423,.23136629,.76210481,CensusEB,Census microdata,HH level
eb,424,.23139347,.74968314,CensusEB,Census microdata,HH level
eb,425,.22820835,.89790994,CensusEB,Census microdata,HH level
eb,426,.23131534,.75925285,CensusEB,Census microdata,HH level
eb,427,.23015799,.81265694,CensusEB,Census microdata,HH level
eb,428,.22834131,.89405674,CensusEB,Census microdata,HH level
eb,429,.22904424,.86359107,CensusEB,Census microdata,HH level
eb,430,.23014867,.80392081,CensusEB,Census microdata,HH level
eb,431,.22765166,.92553169,CensusEB,Census microdata,HH level
eb,432,.22913483,.86035478,CensusEB,Census microdata,HH level
eb,433,.22964275,.83535808,CensusEB,Census microdata,HH level
eb,434,.22866265,.88320076,CensusEB,Census microdata,HH level
eb,435,.23103161,.77713555,CensusEB,Census microdata,HH level
eb,436,.23085794,.77517641,CensusEB,Census microdata,HH level
eb,437,.2281463,.89911473,CensusEB,Census microdata,HH level
eb,438,.23112735,.76181746,CensusEB,Census microdata,HH level
eb,439,.22988845,.82102811,CensusEB,Census microdata,HH level
eb,440,.22975698,.825984,CensusEB,Census microdata,HH level
eb,441,.23288757,.68470919,CensusEB,Census microdata,HH level
eb,442,.23050675,.79144442,CensusEB,Census microdata,HH level
eb,443,.23088902,.78676564,CensusEB,Census microdata,HH level
eb,444,.22945058,.84226626,CensusEB,Census microdata,HH level
eb,445,.231655,.74392158,CensusEB,Census microdata,HH level
eb,446,.22996335,.82794881,CensusEB,Census microdata,HH level
eb,447,.22921494,.85748225,CensusEB,Census microdata,HH level
eb,448,.23103675,.7724573,CensusEB,Census microdata,HH level
eb,449,.23015296,.81049883,CensusEB,Census microdata,HH level
eb,450,.23107348,.77178794,CensusEB,Census microdata,HH level
eb,451,.23170581,.73747247,CensusEB,Census microdata,HH level
eb,452,.22998531,.8187868,CensusEB,Census microdata,HH level
eb,453,.22878736,.87439173,CensusEB,Census microdata,HH level
eb,454,.23211215,.72009379,CensusEB,Census microdata,HH level
eb,455,.23051184,.78056961,CensusEB,Census microdata,HH level
eb,456,.2270534,.94410884,CensusEB,Census microdata,HH level
eb,457,.22875845,.87976611,CensusEB,Census microdata,HH level
eb,458,.230413,.80085903,CensusEB,Census microdata,HH level
eb,459,.22965354,.8243385,CensusEB,Census microdata,HH level
eb,460,.22919601,.84307361,CensusEB,Census microdata,HH level
eb,461,.22997104,.81825823,CensusEB,Census microdata,HH level
eb,462,.22776993,.92173207,CensusEB,Census microdata,HH level
eb,463,.22907197,.8499521,CensusEB,Census microdata,HH level
eb,464,.23153418,.74695772,CensusEB,Census microdata,HH level
eb,465,.22971174,.82101214,CensusEB,Census microdata,HH level
eb,466,.22959056,.83909839,CensusEB,Census microdata,HH level
eb,467,.23314761,.65873301,CensusEB,Census microdata,HH level
eb,468,.22994858,.8164314,CensusEB,Census microdata,HH level
eb,469,.23009637,.81472892,CensusEB,Census microdata,HH level
eb,470,.23036733,.80046844,CensusEB,Census microdata,HH level
eb,471,.22930162,.84678423,CensusEB,Census microdata,HH level
eb,472,.22990769,.82708842,CensusEB,Census microdata,HH level
eb,473,.22930205,.85061574,CensusEB,Census microdata,HH level
eb,474,.23127316,.75964564,CensusEB,Census microdata,HH level
eb,475,.23270303,.69218522,CensusEB,Census microdata,HH level
eb,476,.23042926,.79222268,CensusEB,Census microdata,HH level
eb,477,.23028022,.80752599,CensusEB,Census microdata,HH level
eb,478,.23001832,.82028913,CensusEB,Census microdata,HH level
eb,479,.23634042,.52315706,CensusEB,Census microdata,HH level
eb,480,.22686645,.95330393,CensusEB,Census microdata,HH level
eb,481,.23011877,.81402475,CensusEB,Census microdata,HH level
eb,482,.22879264,.86976653,CensusEB,Census microdata,HH level
eb,483,.22845113,.88402528,CensusEB,Census microdata,HH level
eb,484,.23134023,.75882632,CensusEB,Census microdata,HH level
eb,485,.23065808,.77534634,CensusEB,Census microdata,HH level
eb,486,.23442918,.61430448,CensusEB,Census microdata,HH level
eb,487,.22807568,.90809429,CensusEB,Census microdata,HH level
eb,488,.22936074,.84350234,CensusEB,Census microdata,HH level
eb,489,.23015022,.80412096,CensusEB,Census microdata,HH level
eb,490,.23031348,.80211908,CensusEB,Census microdata,HH level
eb,491,.23194197,.71947056,CensusEB,Census microdata,HH level
eb,492,.22902861,.8521803,CensusEB,Census microdata,HH level
eb,493,.23048237,.80512333,CensusEB,Census microdata,HH level
eb,494,.23090912,.77951026,CensusEB,Census microdata,HH level
eb,495,.22933586,.85303271,CensusEB,Census microdata,HH level
eb,496,.23038198,.79728293,CensusEB,Census microdata,HH level
eb,497,.22886343,.87812233,CensusEB,Census microdata,HH level
eb,498,.22956885,.84348869,CensusEB,Census microdata,HH level
eb,499,.22816858,.89578837,CensusEB,Census microdata,HH level
eb,500,.2337255,.64369714,CensusEB,Census microdata,HH level
ols_census_psu,1,.24528779,.090727776,OLS,Census agg.,Municipality
ols_census_psu,2,.24461681,.12798703,OLS,Census agg.,Municipality
ols_census_psu,3,.24474835,.11952975,OLS,Census agg.,Municipality
ols_census_psu,4,.2439902,.15699996,OLS,Census agg.,Municipality
ols_census_psu,5,.24491575,.11147672,OLS,Census agg.,Municipality
ols_census_psu,6,.24463561,.12960459,OLS,Census agg.,Municipality
ols_census_psu,7,.24478354,.11544792,OLS,Census agg.,Municipality
ols_census_psu,8,.24450861,.13398404,OLS,Census agg.,Municipality
ols_census_psu,9,.24463412,.12717512,OLS,Census agg.,Municipality
ols_census_psu,10,.24454199,.13450004,OLS,Census agg.,Municipality
ols_census_psu,11,.24422082,.1449244,OLS,Census agg.,Municipality
ols_census_psu,12,.24448404,.13181855,OLS,Census agg.,Municipality
ols_census_psu,13,.24442701,.13712396,OLS,Census agg.,Municipality
ols_census_psu,14,.24461049,.12913477,OLS,Census agg.,Municipality
ols_census_psu,15,.24431179,.14168586,OLS,Census agg.,Municipality
ols_census_psu,16,.24517754,.093962334,OLS,Census agg.,Municipality
ols_census_psu,17,.24456488,.13017933,OLS,Census agg.,Municipality
ols_census_psu,18,.24479713,.1177343,OLS,Census agg.,Municipality
ols_census_psu,19,.24453112,.1336123,OLS,Census agg.,Municipality
ols_census_psu,20,.24489149,.11167456,OLS,Census agg.,Municipality
ols_census_psu,21,.24435143,.13988756,OLS,Census agg.,Municipality
ols_census_psu,22,.24459907,.13164124,OLS,Census agg.,Municipality
ols_census_psu,23,.24431713,.14137113,OLS,Census agg.,Municipality
ols_census_psu,24,.24390283,.16174433,OLS,Census agg.,Municipality
ols_census_psu,25,.24466646,.12682104,OLS,Census agg.,Municipality
ols_census_psu,26,.24435653,.14123429,OLS,Census agg.,Municipality
ols_census_psu,27,.24399969,.15634085,OLS,Census agg.,Municipality
ols_census_psu,28,.24496782,.1085318,OLS,Census agg.,Municipality
ols_census_psu,29,.24493778,.11144193,OLS,Census agg.,Municipality
ols_census_psu,30,.24465658,.12381683,OLS,Census agg.,Municipality
ols_census_psu,31,.24496458,.10941613,OLS,Census agg.,Municipality
ols_census_psu,32,.24456221,.13331239,OLS,Census agg.,Municipality
ols_census_psu,33,.24499469,.1053554,OLS,Census agg.,Municipality
ols_census_psu,34,.24485531,.11511894,OLS,Census agg.,Municipality
ols_census_psu,35,.24505419,.10281076,OLS,Census agg.,Municipality
ols_census_psu,36,.24518417,.098522529,OLS,Census agg.,Municipality
ols_census_psu,37,.24486898,.11333261,OLS,Census agg.,Municipality
ols_census_psu,38,.2444267,.13791135,OLS,Census agg.,Municipality
ols_census_psu,39,.24486847,.11270998,OLS,Census agg.,Municipality
ols_census_psu,40,.24436049,.13984308,OLS,Census agg.,Municipality
ols_census_psu,41,.24481058,.11620967,OLS,Census agg.,Municipality
ols_census_psu,42,.24468011,.12561741,OLS,Census agg.,Municipality
ols_census_psu,43,.24468327,.12185318,OLS,Census agg.,Municipality
ols_census_psu,44,.24465361,.12393885,OLS,Census agg.,Municipality
ols_census_psu,45,.24517852,.097260177,OLS,Census agg.,Municipality
ols_census_psu,46,.24446394,.13503201,OLS,Census agg.,Municipality
ols_census_psu,47,.24451722,.12857203,OLS,Census agg.,Municipality
ols_census_psu,48,.24451232,.13329187,OLS,Census agg.,Municipality
ols_census_psu,49,.24456513,.12769283,OLS,Census agg.,Municipality
ols_census_psu,50,.24480413,.12054864,OLS,Census agg.,Municipality
ols_census_psu,51,.24497184,.1081669,OLS,Census agg.,Municipality
ols_census_psu,52,.24479432,.11694576,OLS,Census agg.,Municipality
ols_census_psu,53,.24503656,.10702999,OLS,Census agg.,Municipality
ols_census_psu,54,.2444066,.13815196,OLS,Census agg.,Municipality
ols_census_psu,55,.24489906,.11253209,OLS,Census agg.,Municipality
ols_census_psu,56,.24449824,.13391505,OLS,Census agg.,Municipality
ols_census_psu,57,.24445704,.13717356,OLS,Census agg.,Municipality
ols_census_psu,58,.24476679,.11659966,OLS,Census agg.,Municipality
ols_census_psu,59,.24480785,.11713106,OLS,Census agg.,Municipality
ols_census_psu,60,.24366209,.17577556,OLS,Census agg.,Municipality
ols_census_psu,61,.24402228,.15422212,OLS,Census agg.,Municipality
ols_census_psu,62,.2446644,.12413555,OLS,Census agg.,Municipality
ols_census_psu,63,.24508043,.10130266,OLS,Census agg.,Municipality
ols_census_psu,64,.2442088,.14749815,OLS,Census agg.,Municipality
ols_census_psu,65,.24450779,.13473837,OLS,Census agg.,Municipality
ols_census_psu,66,.24466571,.12728059,OLS,Census agg.,Municipality
ols_census_psu,67,.24464995,.12775555,OLS,Census agg.,Municipality
ols_census_psu,68,.24462029,.1270417,OLS,Census agg.,Municipality
ols_census_psu,69,.24470411,.12138564,OLS,Census agg.,Municipality
ols_census_psu,70,.24527842,.09689527,OLS,Census agg.,Municipality
ols_census_psu,71,.24515544,.10006825,OLS,Census agg.,Municipality
ols_census_psu,72,.24483137,.11910611,OLS,Census agg.,Municipality
ols_census_psu,73,.24444731,.13785149,OLS,Census agg.,Municipality
ols_census_psu,74,.2446322,.12746134,OLS,Census agg.,Municipality
ols_census_psu,75,.24477732,.11810149,OLS,Census agg.,Municipality
ols_census_psu,76,.24371229,.17290591,OLS,Census agg.,Municipality
ols_census_psu,77,.24429069,.14423679,OLS,Census agg.,Municipality
ols_census_psu,78,.24474816,.1185485,OLS,Census agg.,Municipality
ols_census_psu,79,.24466434,.12570523,OLS,Census agg.,Municipality
ols_census_psu,80,.24458629,.12958351,OLS,Census agg.,Municipality
ols_census_psu,81,.24474178,.11890884,OLS,Census agg.,Municipality
ols_census_psu,82,.24436682,.14325154,OLS,Census agg.,Municipality
ols_census_psu,83,.24458058,.12760046,OLS,Census agg.,Municipality
ols_census_psu,84,.24499319,.10877127,OLS,Census agg.,Municipality
ols_census_psu,85,.24461104,.1282054,OLS,Census agg.,Municipality
ols_census_psu,86,.24428809,.14287181,OLS,Census agg.,Municipality
ols_census_psu,87,.24526824,.092791215,OLS,Census agg.,Municipality
ols_census_psu,88,.24433784,.13824433,OLS,Census agg.,Municipality
ols_census_psu,89,.24474438,.12200484,OLS,Census agg.,Municipality
ols_census_psu,90,.2448709,.11445127,OLS,Census agg.,Municipality
ols_census_psu,91,.24433053,.1388202,OLS,Census agg.,Municipality
ols_census_psu,92,.2439812,.15908678,OLS,Census agg.,Municipality
ols_census_psu,93,.24469027,.12464187,OLS,Census agg.,Municipality
ols_census_psu,94,.24489838,.11267236,OLS,Census agg.,Municipality
ols_census_psu,95,.24468011,.12561741,OLS,Census agg.,Municipality
ols_census_psu,96,.24442664,.13399659,OLS,Census agg.,Municipality
ols_census_psu,97,.24471031,.12451472,OLS,Census agg.,Municipality
ols_census_psu,98,.24424751,.1421437,OLS,Census agg.,Municipality
ols_census_psu,99,.24436887,.14144753,OLS,Census agg.,Municipality
ols_census_psu,100,.24488522,.11122584,OLS,Census agg.,Municipality
ols_census_psu,101,.24421605,.14874737,OLS,Census agg.,Municipality
ols_census_psu,102,.24391289,.16218905,OLS,Census agg.,Municipality
ols_census_psu,103,.24411665,.15734093,OLS,Census agg.,Municipality
ols_census_psu,104,.24458437,.12921403,OLS,Census agg.,Municipality
ols_census_psu,105,.24510606,.099999256,OLS,Census agg.,Municipality
ols_census_psu,106,.24441621,.1361216,OLS,Census agg.,Municipality
ols_census_psu,107,.24473006,.12260637,OLS,Census agg.,Municipality
ols_census_psu,108,.24512063,.10208835,OLS,Census agg.,Municipality
ols_census_psu,109,.24479185,.12080293,OLS,Census agg.,Municipality
ols_census_psu,110,.24442466,.13768671,OLS,Census agg.,Municipality
ols_census_psu,111,.24457525,.12712437,OLS,Census agg.,Municipality
ols_census_psu,112,.24474059,.11951721,OLS,Census agg.,Municipality
ols_census_psu,113,.24480189,.11889972,OLS,Census agg.,Municipality
ols_census_psu,114,.24425992,.14775357,OLS,Census agg.,Municipality
ols_census_psu,115,.2442781,.14435367,OLS,Census agg.,Municipality
ols_census_psu,116,.24497147,.10725577,OLS,Census agg.,Municipality
ols_census_psu,117,.24460757,.123611,OLS,Census agg.,Municipality
ols_census_psu,118,.24499455,.10402749,OLS,Census agg.,Municipality
ols_census_psu,119,.24525137,.092252977,OLS,Census agg.,Municipality
ols_census_psu,120,.24500957,.10467006,OLS,Census agg.,Municipality
ols_census_psu,121,.24461265,.12731138,OLS,Census agg.,Municipality
ols_census_psu,122,.24475314,.12175283,OLS,Census agg.,Municipality
ols_census_psu,123,.24422728,.14960319,OLS,Census agg.,Municipality
ols_census_psu,124,.24495386,.10776607,OLS,Census agg.,Municipality
ols_census_psu,125,.24478148,.1171647,OLS,Census agg.,Municipality
ols_census_psu,126,.24401546,.15597823,OLS,Census agg.,Municipality
ols_census_psu,127,.24498557,.10612342,OLS,Census agg.,Municipality
ols_census_psu,128,.24379773,.17298916,OLS,Census agg.,Municipality
ols_census_psu,129,.24479891,.11714645,OLS,Census agg.,Municipality
ols_census_psu,130,.24427108,.14490788,OLS,Census agg.,Municipality
ols_census_psu,131,.24469543,.12596637,OLS,Census agg.,Municipality
ols_census_psu,132,.2447715,.12039413,OLS,Census agg.,Municipality
ols_census_psu,133,.24426134,.14070688,OLS,Census agg.,Municipality
ols_census_psu,134,.24448378,.13625388,OLS,Census agg.,Municipality
ols_census_psu,135,.24466477,.12814839,OLS,Census agg.,Municipality
ols_census_psu,136,.24441324,.13654752,OLS,Census agg.,Municipality
ols_census_psu,137,.24477652,.11591262,OLS,Census agg.,Municipality
ols_census_psu,138,.24489422,.10867149,OLS,Census agg.,Municipality
ols_census_psu,139,.24482603,.11352304,OLS,Census agg.,Municipality
ols_census_psu,140,.244009,.15573704,OLS,Census agg.,Municipality
ols_census_psu,141,.24440293,.13364138,OLS,Census agg.,Municipality
ols_census_psu,142,.24338171,.1890211,OLS,Census agg.,Municipality
ols_census_psu,143,.24441907,.13754702,OLS,Census agg.,Municipality
ols_census_psu,144,.24469176,.12299066,OLS,Census agg.,Municipality
ols_census_psu,145,.24394868,.15776514,OLS,Census agg.,Municipality
ols_census_psu,146,.24504226,.1084058,OLS,Census agg.,Municipality
ols_census_psu,147,.24417597,.15139067,OLS,Census agg.,Municipality
ols_census_psu,148,.24472688,.12441095,OLS,Census agg.,Municipality
ols_census_psu,149,.24441101,.13858244,OLS,Census agg.,Municipality
ols_census_psu,150,.24425408,.14348872,OLS,Census agg.,Municipality
ols_census_psu,151,.24354929,.18138714,OLS,Census agg.,Municipality
ols_census_psu,152,.24489628,.11251499,OLS,Census agg.,Municipality
ols_census_psu,153,.24471807,.12413784,OLS,Census agg.,Municipality
ols_census_psu,154,.2439387,.1584938,OLS,Census agg.,Municipality
ols_census_psu,155,.24397288,.15829539,OLS,Census agg.,Municipality
ols_census_psu,156,.2446178,.12912452,OLS,Census agg.,Municipality
ols_census_psu,157,.24441095,.13499324,OLS,Census agg.,Municipality
ols_census_psu,158,.24450357,.13543056,OLS,Census agg.,Municipality
ols_census_psu,159,.24472006,.11783522,OLS,Census agg.,Municipality
ols_census_psu,160,.24399225,.16045688,OLS,Census agg.,Municipality
ols_census_psu,161,.24480575,.12040952,OLS,Census agg.,Municipality
ols_census_psu,162,.2445351,.13140632,OLS,Census agg.,Municipality
ols_census_psu,163,.24374536,.16807602,OLS,Census agg.,Municipality
ols_census_psu,164,.24379258,.16880812,OLS,Census agg.,Municipality
ols_census_psu,165,.24472955,.1205589,OLS,Census agg.,Municipality
ols_census_psu,166,.24473476,.12205616,OLS,Census agg.,Municipality
ols_census_psu,167,.24460106,.1258797,OLS,Census agg.,Municipality
ols_census_psu,168,.24516866,.097385049,OLS,Census agg.,Municipality
ols_census_psu,169,.24386722,.16325185,OLS,Census agg.,Municipality
ols_census_psu,170,.24452399,.1292682,OLS,Census agg.,Municipality
ols_census_psu,171,.24471782,.12060394,OLS,Census agg.,Municipality
ols_census_psu,172,.24502763,.10431314,OLS,Census agg.,Municipality
ols_census_psu,173,.24465385,.12712552,OLS,Census agg.,Municipality
ols_census_psu,174,.24445239,.13836065,OLS,Census agg.,Municipality
ols_census_psu,175,.24441889,.13607942,OLS,Census agg.,Municipality
ols_census_psu,176,.24459286,.12629762,OLS,Census agg.,Municipality
ols_census_psu,177,.24436602,.14184836,OLS,Census agg.,Municipality
ols_census_psu,178,.24423708,.14650376,OLS,Census agg.,Municipality
ols_census_psu,179,.24462388,.12939192,OLS,Census agg.,Municipality
ols_census_psu,180,.24443415,.13807385,OLS,Census agg.,Municipality
ols_census_psu,181,.24470319,.12154301,OLS,Census agg.,Municipality
ols_census_psu,182,.24453169,.13440996,OLS,Census agg.,Municipality
ols_census_psu,183,.24455154,.12910114,OLS,Census agg.,Municipality
ols_census_psu,184,.24496272,.10963793,OLS,Census agg.,Municipality
ols_census_psu,185,.24412596,.14817549,OLS,Census agg.,Municipality
ols_census_psu,186,.24423708,.14650376,OLS,Census agg.,Municipality
ols_census_psu,187,.24403909,.15434471,OLS,Census agg.,Municipality
ols_census_psu,188,.24428499,.14465985,OLS,Census agg.,Municipality
ols_census_psu,189,.24453287,.13513407,OLS,Census agg.,Municipality
ols_census_psu,190,.24463561,.12898141,OLS,Census agg.,Municipality
ols_census_psu,191,.2445817,.13290529,OLS,Census agg.,Municipality
ols_census_psu,192,.244721,.12076416,OLS,Census agg.,Municipality
ols_census_psu,193,.24494623,.1094703,OLS,Census agg.,Municipality
ols_census_psu,194,.24345033,.18000847,OLS,Census agg.,Municipality
ols_census_psu,195,.24422549,.14725752,OLS,Census agg.,Municipality
ols_census_psu,196,.24458957,.12744424,OLS,Census agg.,Municipality
ols_census_psu,197,.24467409,.12039983,OLS,Census agg.,Municipality
ols_census_psu,198,.24459639,.12901504,OLS,Census agg.,Municipality
ols_census_psu,199,.24485992,.11585788,OLS,Census agg.,Municipality
ols_census_psu,200,.2448189,.11316042,OLS,Census agg.,Municipality
ols_census_psu,201,.24415593,.15065174,OLS,Census agg.,Municipality
ols_census_psu,202,.24476938,.12248606,OLS,Census agg.,Municipality
ols_census_psu,203,.24378569,.16609013,OLS,Census agg.,Municipality
ols_census_psu,204,.24472353,.12217475,OLS,Census agg.,Municipality
ols_census_psu,205,.24514396,.098146789,OLS,Census agg.,Municipality
ols_census_psu,206,.24405839,.1503695,OLS,Census agg.,Municipality
ols_census_psu,207,.24479581,.1167901,OLS,Census agg.,Municipality
ols_census_psu,208,.24476287,.11963809,OLS,Census agg.,Municipality
ols_census_psu,209,.24438693,.13478798,OLS,Census agg.,Municipality
ols_census_psu,210,.24470058,.1216274,OLS,Census agg.,Municipality
ols_census_psu,211,.24379519,.16433345,OLS,Census agg.,Municipality
ols_census_psu,212,.24538216,.086334072,OLS,Census agg.,Municipality
ols_census_psu,213,.2443592,.13730641,OLS,Census agg.,Municipality
ols_census_psu,214,.24499728,.10478695,OLS,Census agg.,Municipality
ols_census_psu,215,.2444035,.13949357,OLS,Census agg.,Municipality
ols_census_psu,216,.24376583,.16784054,OLS,Census agg.,Municipality
ols_census_psu,217,.24456066,.1308869,OLS,Census agg.,Municipality
ols_census_psu,218,.24488355,.11029248,OLS,Census agg.,Municipality
ols_census_psu,219,.24410945,.15184966,OLS,Census agg.,Municipality
ols_census_psu,220,.24469276,.12455121,OLS,Census agg.,Municipality
ols_census_psu,221,.24432147,.14106609,OLS,Census agg.,Municipality
ols_census_psu,222,.24386424,.16005777,OLS,Census agg.,Municipality
ols_census_psu,223,.24479291,.11798232,OLS,Census agg.,Municipality
ols_census_psu,224,.24436235,.14075421,OLS,Census agg.,Municipality
ols_census_psu,225,.24524876,.095277138,OLS,Census agg.,Municipality
ols_census_psu,226,.2444818,.13548473,OLS,Census agg.,Municipality
ols_census_psu,227,.24465863,.12289658,OLS,Census agg.,Municipality
ols_census_psu,228,.24471062,.12503585,OLS,Census agg.,Municipality
ols_census_psu,229,.24457431,.12991191,OLS,Census agg.,Municipality
ols_census_psu,230,.24458486,.13147247,OLS,Census agg.,Municipality
ols_census_psu,231,.24430905,.13975984,OLS,Census agg.,Municipality
ols_census_psu,232,.24448471,.13353533,OLS,Census agg.,Municipality
ols_census_psu,233,.24438208,.13931511,OLS,Census agg.,Municipality
ols_census_psu,234,.24363708,.17685317,OLS,Census agg.,Municipality
ols_census_psu,235,.2440154,.15411094,OLS,Census agg.,Municipality
ols_census_psu,236,.2446433,.12796707,OLS,Census agg.,Municipality
ols_census_psu,237,.24455595,.12779431,OLS,Census agg.,Municipality
ols_census_psu,238,.24481909,.11440738,OLS,Census agg.,Municipality
ols_census_psu,239,.24478824,.11795552,OLS,Census agg.,Municipality
ols_census_psu,240,.24495937,.1091607,OLS,Census agg.,Municipality
ols_census_psu,241,.24469382,.12015694,OLS,Census agg.,Municipality
ols_census_psu,242,.24359955,.17329818,OLS,Census agg.,Municipality
ols_census_psu,243,.24450985,.13493794,OLS,Census agg.,Municipality
ols_census_psu,244,.24449371,.13287735,OLS,Census agg.,Municipality
ols_census_psu,245,.24464473,.12678683,OLS,Census agg.,Municipality
ols_census_psu,246,.2439748,.15760891,OLS,Census agg.,Municipality
ols_census_psu,247,.24516214,.098167315,OLS,Census agg.,Municipality
ols_census_psu,248,.24462339,.12691398,OLS,Census agg.,Municipality
ols_census_psu,249,.24417529,.15161417,OLS,Census agg.,Municipality
ols_census_psu,250,.24517064,.097133599,OLS,Census agg.,Municipality
ols_census_psu,251,.2444396,.13592888,OLS,Census agg.,Municipality
ols_census_psu,252,.24419601,.14609952,OLS,Census agg.,Municipality
ols_census_psu,253,.24404456,.15619431,OLS,Census agg.,Municipality
ols_census_psu,254,.24462302,.12502673,OLS,Census agg.,Municipality
ols_census_psu,255,.24481797,.11953945,OLS,Census agg.,Municipality
ols_census_psu,256,.24427171,.14746165,OLS,Census agg.,Municipality
ols_census_psu,257,.24490371,.11139518,OLS,Census agg.,Municipality
ols_census_psu,258,.24480785,.11794754,OLS,Census agg.,Municipality
ols_census_psu,259,.24443874,.13633713,OLS,Census agg.,Municipality
ols_census_psu,260,.24403083,.15579064,OLS,Census agg.,Municipality
ols_census_psu,261,.24431793,.14004777,OLS,Census agg.,Municipality
ols_census_psu,262,.24423461,.14225888,OLS,Census agg.,Municipality
ols_census_psu,263,.24480109,.11431728,OLS,Census agg.,Municipality
ols_census_psu,264,.24428765,.14567532,OLS,Census agg.,Municipality
ols_census_psu,265,.2449791,.10394082,OLS,Census agg.,Municipality
ols_census_psu,266,.24472496,.12270672,OLS,Census agg.,Municipality
ols_census_psu,267,.24478689,.11631572,OLS,Census agg.,Municipality
ols_census_psu,268,.24418503,.14966021,OLS,Census agg.,Municipality
ols_census_psu,269,.24453864,.13168742,OLS,Census agg.,Municipality
ols_census_psu,270,.24441832,.13800657,OLS,Census agg.,Municipality
ols_census_psu,271,.24493115,.10910368,OLS,Census agg.,Municipality
ols_census_psu,272,.24426085,.14517584,OLS,Census agg.,Municipality
ols_census_psu,273,.24445164,.13762285,OLS,Census agg.,Municipality
ols_census_psu,274,.24433208,.13909446,OLS,Census agg.,Municipality
ols_census_psu,275,.24447323,.13736685,OLS,Census agg.,Municipality
ols_census_psu,276,.24408811,.15296888,OLS,Census agg.,Municipality
ols_census_psu,277,.2453589,.080013774,OLS,Census agg.,Municipality
ols_census_psu,278,.24479923,.12047508,OLS,Census agg.,Municipality
ols_census_psu,279,.24399634,.15763171,OLS,Census agg.,Municipality
ols_census_psu,280,.24457933,.13070102,OLS,Census agg.,Municipality
ols_census_psu,281,.24499114,.10443401,OLS,Census agg.,Municipality
ols_census_psu,282,.24465752,.12411503,OLS,Census agg.,Municipality
ols_census_psu,283,.24451394,.13411576,OLS,Census agg.,Municipality
ols_census_psu,284,.2446299,.12788269,OLS,Census agg.,Municipality
ols_census_psu,285,.24420829,.14754204,OLS,Census agg.,Municipality
ols_census_psu,286,.2446252,.12933205,OLS,Census agg.,Municipality
ols_census_psu,287,.24427544,.14376241,OLS,Census agg.,Municipality
ols_census_psu,288,.2443492,.14345224,OLS,Census agg.,Municipality
ols_census_psu,289,.24469072,.123611,OLS,Census agg.,Municipality
ols_census_psu,290,.24378464,.16575886,OLS,Census agg.,Municipality
ols_census_psu,291,.24496756,.11077826,OLS,Census agg.,Municipality
ols_census_psu,292,.24511157,.10042802,OLS,Census agg.,Municipality
ols_census_psu,293,.24487343,.11516114,OLS,Census agg.,Municipality
ols_census_psu,294,.24417752,.15012489,OLS,Census agg.,Municipality
ols_census_psu,295,.2445356,.12973915,OLS,Census agg.,Municipality
ols_census_psu,296,.24503036,.10410446,OLS,Census agg.,Municipality
ols_census_psu,297,.2440896,.14820458,OLS,Census agg.,Municipality
ols_census_psu,298,.24510711,.10069942,OLS,Census agg.,Municipality
ols_census_psu,299,.24509488,.09631598,OLS,Census agg.,Municipality
ols_census_psu,300,.24450228,.13376397,OLS,Census agg.,Municipality
ols_census_psu,301,.24430676,.14047311,OLS,Census agg.,Municipality
ols_census_psu,302,.24478254,.11933476,OLS,Census agg.,Municipality
ols_census_psu,303,.244831,.11574841,OLS,Census agg.,Municipality
ols_census_psu,304,.24423479,.14687039,OLS,Census agg.,Municipality
ols_census_psu,305,.24473588,.12309044,OLS,Census agg.,Municipality
ols_census_psu,306,.24526316,.092179991,OLS,Census agg.,Municipality
ols_census_psu,307,.24469474,.1227626,OLS,Census agg.,Municipality
ols_census_psu,308,.24446747,.13289389,OLS,Census agg.,Municipality
ols_census_psu,309,.2445302,.13144225,OLS,Census agg.,Municipality
ols_census_psu,310,.2446183,.12597321,OLS,Census agg.,Municipality
ols_census_psu,311,.24483335,.1189459,OLS,Census agg.,Municipality
ols_census_psu,312,.24454409,.12966332,OLS,Census agg.,Municipality
ols_census_psu,313,.2447198,.12546006,OLS,Census agg.,Municipality
ols_census_psu,314,.24498165,.10772901,OLS,Census agg.,Municipality
ols_census_psu,315,.24445847,.13534047,OLS,Census agg.,Municipality
ols_census_psu,316,.24452306,.12734617,OLS,Census agg.,Municipality
ols_census_psu,317,.24473947,.1226822,OLS,Census agg.,Municipality
ols_census_psu,318,.24414836,.15332696,OLS,Census agg.,Municipality
ols_census_psu,319,.24519721,.096804619,OLS,Census agg.,Municipality
ols_census_psu,320,.24442974,.13798548,OLS,Census agg.,Municipality
ols_census_psu,321,.24427456,.14342771,OLS,Census agg.,Municipality
ols_census_psu,322,.24459268,.1278405,OLS,Census agg.,Municipality
ols_census_psu,323,.24438326,.13720663,OLS,Census agg.,Municipality
ols_census_psu,324,.24518244,.092457093,OLS,Census agg.,Municipality
ols_census_psu,325,.24516854,.097222552,OLS,Census agg.,Municipality
ols_census_psu,326,.24491414,.11258455,OLS,Census agg.,Municipality
ols_census_psu,327,.24475239,.12141301,OLS,Census agg.,Municipality
ols_census_psu,328,.24470082,.12291084,OLS,Census agg.,Municipality
ols_census_psu,329,.24436235,.14075421,OLS,Census agg.,Municipality
ols_census_psu,330,.24451022,.13486837,OLS,Census agg.,Municipality
ols_census_psu,331,.2440999,.15298314,OLS,Census agg.,Municipality
ols_census_psu,332,.24475239,.11970593,OLS,Census agg.,Municipality
ols_census_psu,333,.24446312,.13249478,OLS,Census agg.,Municipality
ols_census_psu,334,.24468011,.12561741,OLS,Census agg.,Municipality
ols_census_psu,335,.2444962,.13426115,OLS,Census agg.,Municipality
ols_census_psu,336,.24437818,.13841709,OLS,Census agg.,Municipality
ols_census_psu,337,.24516779,.092495866,OLS,Census agg.,Municipality
ols_census_psu,338,.24492115,.11208794,OLS,Census agg.,Municipality
ols_census_psu,339,.24430595,.14201029,OLS,Census agg.,Municipality
ols_census_psu,340,.24435863,.14225717,OLS,Census agg.,Municipality
ols_census_psu,341,.24483894,.11592288,OLS,Census agg.,Municipality
ols_census_psu,342,.24463983,.12626456,OLS,Census agg.,Municipality
ols_census_psu,343,.24458151,.12531352,OLS,Census agg.,Municipality
ols_census_psu,344,.24492289,.1114465,OLS,Census agg.,Municipality
ols_census_psu,345,.24536274,.089406706,OLS,Census agg.,Municipality
ols_census_psu,346,.24452803,.13229978,OLS,Census agg.,Municipality
ols_census_psu,347,.2443842,.13553318,OLS,Census agg.,Municipality
ols_census_psu,348,.24448633,.13477316,OLS,Census agg.,Municipality
ols_census_psu,349,.24472074,.12481691,OLS,Census agg.,Municipality
ols_census_psu,350,.24488077,.11712992,OLS,Census agg.,Municipality
ols_census_psu,351,.24455483,.13136698,OLS,Census agg.,Municipality
ols_census_psu,352,.24505027,.10323781,OLS,Census agg.,Municipality
ols_census_psu,353,.24432439,.14330342,OLS,Census agg.,Municipality
ols_census_psu,354,.2448763,.11132506,OLS,Census agg.,Municipality
ols_census_psu,355,.24471013,.12116613,OLS,Census agg.,Municipality
ols_census_psu,356,.24432637,.14189911,OLS,Census agg.,Municipality
ols_census_psu,357,.24469858,.12138222,OLS,Census agg.,Municipality
ols_census_psu,358,.24468023,.12275804,OLS,Census agg.,Municipality
ols_census_psu,359,.24412465,.14772449,OLS,Census agg.,Municipality
ols_census_psu,360,.24388628,.1618059,OLS,Census agg.,Municipality
ols_census_psu,361,.24465783,.12615794,OLS,Census agg.,Municipality
ols_census_psu,362,.24428579,.14602482,OLS,Census agg.,Municipality
ols_census_psu,363,.24494144,.10843544,OLS,Census agg.,Municipality
ols_census_psu,364,.24480166,.11330638,OLS,Census agg.,Municipality
ols_census_psu,365,.24518801,.090208359,OLS,Census agg.,Municipality
ols_census_psu,366,.2446505,.12589395,OLS,Census agg.,Municipality
ols_census_psu,367,.24398245,.15856507,OLS,Census agg.,Municipality
ols_census_psu,368,.24444376,.13527206,OLS,Census agg.,Municipality
ols_census_psu,369,.24445766,.13479483,OLS,Census agg.,Municipality
ols_census_psu,370,.24413347,.14984779,OLS,Census agg.,Municipality
ols_census_psu,371,.24406552,.15623823,OLS,Census agg.,Municipality
ols_census_psu,372,.24482951,.11554942,OLS,Census agg.,Municipality
ols_census_psu,373,.24389124,.15967633,OLS,Census agg.,Municipality
ols_census_psu,374,.24442248,.13734974,OLS,Census agg.,Municipality
ols_census_psu,375,.24468011,.12561741,OLS,Census agg.,Municipality
ols_census_psu,376,.24424037,.14821255,OLS,Census agg.,Municipality
ols_census_psu,377,.24457307,.12524168,OLS,Census agg.,Municipality
ols_census_psu,378,.24449936,.13371606,OLS,Census agg.,Municipality
ols_census_psu,379,.24440952,.13497671,OLS,Census agg.,Municipality
ols_census_psu,380,.24502254,.10613083,OLS,Census agg.,Municipality
ols_census_psu,381,.24417666,.14949201,OLS,Census agg.,Municipality
ols_census_psu,382,.2449389,.11004617,OLS,Census agg.,Municipality
ols_census_psu,383,.24443874,.13303073,OLS,Census agg.,Municipality
ols_census_psu,384,.24462265,.12750696,OLS,Census agg.,Municipality
ols_census_psu,385,.24434561,.14280054,OLS,Census agg.,Municipality
ols_census_psu,386,.24461818,.12982868,OLS,Census agg.,Municipality
ols_census_psu,387,.24432917,.14150226,OLS,Census agg.,Municipality
ols_census_psu,388,.24423826,.14670503,OLS,Census agg.,Municipality
ols_census_psu,389,.24481244,.11683913,OLS,Census agg.,Municipality
ols_census_psu,390,.24436508,.14334504,OLS,Census agg.,Municipality
ols_census_psu,391,.24489726,.11188039,OLS,Census agg.,Municipality
ols_census_psu,392,.24456693,.13301021,OLS,Census agg.,Municipality
ols_census_psu,393,.24416021,.15186562,OLS,Census agg.,Municipality
ols_census_psu,394,.24508409,.10147543,OLS,Census agg.,Municipality
ols_census_psu,395,.24418633,.14832774,OLS,Census agg.,Municipality
ols_census_psu,396,.24486853,.11592231,OLS,Census agg.,Municipality
ols_census_psu,397,.24466205,.12545036,OLS,Census agg.,Municipality
ols_census_psu,398,.2447942,.11789794,OLS,Census agg.,Municipality
ols_census_psu,399,.24464796,.12483173,OLS,Census agg.,Municipality
ols_census_psu,400,.24457884,.1277259,OLS,Census agg.,Municipality
ols_census_psu,401,.24458727,.12602167,OLS,Census agg.,Municipality
ols_census_psu,402,.24433661,.14089276,OLS,Census agg.,Municipality
ols_census_psu,403,.24409984,.15337884,OLS,Census agg.,Municipality
ols_census_psu,404,.24483801,.11591318,OLS,Census agg.,Municipality
ols_census_psu,405,.24410741,.15177895,OLS,Census agg.,Municipality
ols_census_psu,406,.24430862,.14307821,OLS,Census agg.,Municipality
ols_census_psu,407,.24403246,.15614757,OLS,Census agg.,Municipality
ols_census_psu,408,.2447512,.12160344,OLS,Census agg.,Municipality
ols_census_psu,409,.24490415,.1119836,OLS,Census agg.,Municipality
ols_census_psu,410,.24459454,.12781598,OLS,Census agg.,Municipality
ols_census_psu,411,.24486624,.10016917,OLS,Census agg.,Municipality
ols_census_psu,412,.24491526,.10868005,OLS,Census agg.,Municipality
ols_census_psu,413,.24446827,.13398404,OLS,Census agg.,Municipality
ols_census_psu,414,.24447621,.13797465,OLS,Census agg.,Municipality
ols_census_psu,415,.24464057,.12731424,OLS,Census agg.,Municipality
ols_census_psu,416,.24464548,.11920361,OLS,Census agg.,Municipality
ols_census_psu,417,.24446113,.13502461,OLS,Census agg.,Municipality
ols_census_psu,418,.24344915,.18227603,OLS,Census agg.,Municipality
ols_census_psu,419,.24414742,.14758594,OLS,Census agg.,Municipality
ols_census_psu,420,.24469368,.12233383,OLS,Census agg.,Municipality
ols_census_psu,421,.24489565,.11272937,OLS,Census agg.,Municipality
ols_census_psu,422,.24425428,.14600031,OLS,Census agg.,Municipality
ols_census_psu,423,.24420172,.14794971,OLS,Census agg.,Municipality
ols_census_psu,424,.2445699,.12900478,OLS,Census agg.,Municipality
ols_census_psu,425,.24477875,.11809179,OLS,Census agg.,Municipality
ols_census_psu,426,.24376689,.16624351,OLS,Census agg.,Municipality
ols_census_psu,427,.24447721,.13420071,OLS,Census agg.,Municipality
ols_census_psu,428,.24499506,.10444998,OLS,Census agg.,Municipality
ols_census_psu,429,.24431403,.14315917,OLS,Census agg.,Municipality
ols_census_psu,430,.24437688,.1389388,OLS,Census agg.,Municipality
ols_census_psu,431,.24438035,.13878427,OLS,Census agg.,Municipality
ols_census_psu,432,.24481978,.11864428,OLS,Census agg.,Municipality
ols_census_psu,433,.24479538,.10940017,OLS,Census agg.,Municipality
ols_census_psu,434,.24394782,.15966778,OLS,Census agg.,Municipality
ols_census_psu,435,.24410437,.15314449,OLS,Census agg.,Municipality
ols_census_psu,436,.24456736,.12922886,OLS,Census agg.,Municipality
ols_census_psu,437,.24381417,.17066744,OLS,Census agg.,Municipality
ols_census_psu,438,.24445958,.13556455,OLS,Census agg.,Municipality
ols_census_psu,439,.2448784,.11364563,OLS,Census agg.,Municipality
ols_census_psu,440,.2442027,.14457718,OLS,Census agg.,Municipality
ols_census_psu,441,.2439889,.15622853,OLS,Census agg.,Municipality
ols_census_psu,442,.24452901,.12828466,OLS,Census agg.,Municipality
ols_census_psu,443,.24443191,.13873069,OLS,Census agg.,Municipality
ols_census_psu,444,.24453864,.13168742,OLS,Census agg.,Municipality
ols_census_psu,445,.24474928,.12156866,OLS,Census agg.,Municipality
ols_census_psu,446,.24500225,.10997946,OLS,Census agg.,Municipality
ols_census_psu,447,.2445748,.1314126,OLS,Census agg.,Municipality
ols_census_psu,448,.24463314,.12947346,OLS,Census agg.,Municipality
ols_census_psu,449,.24471343,.12125792,OLS,Census agg.,Municipality
ols_census_psu,450,.24421239,.1503427,OLS,Census agg.,Municipality
ols_census_psu,451,.24485749,.11449347,OLS,Census agg.,Municipality
ols_census_psu,452,.24400224,.15718755,OLS,Census agg.,Municipality
ols_census_psu,453,.24447981,.13042507,OLS,Census agg.,Municipality
ols_census_psu,454,.24468209,.12158349,OLS,Census agg.,Municipality
ols_census_psu,455,.24453881,.1332719,OLS,Census agg.,Municipality
ols_census_psu,456,.24454701,.13139436,OLS,Census agg.,Municipality
ols_census_psu,457,.24505505,.10211458,OLS,Census agg.,Municipality
ols_census_psu,458,.24494411,.10845939,OLS,Census agg.,Municipality
ols_census_psu,459,.24502793,.10349552,OLS,Census agg.,Municipality
ols_census_psu,460,.24419737,.14665201,OLS,Census agg.,Municipality
ols_census_psu,461,.2447473,.11827196,OLS,Census agg.,Municipality
ols_census_psu,462,.24487524,.11356068,OLS,Census agg.,Municipality
ols_census_psu,463,.24505903,.10047421,OLS,Census agg.,Municipality
ols_census_psu,464,.24443787,.14075249,OLS,Census agg.,Municipality
ols_census_psu,465,.24485035,.11096129,OLS,Census agg.,Municipality
ols_census_psu,466,.244583,.12133433,OLS,Census agg.,Municipality
ols_census_psu,467,.24430609,.14563312,OLS,Census agg.,Municipality
ols_census_psu,468,.24457517,.13057046,OLS,Census agg.,Municipality
ols_census_psu,469,.24408513,.14835168,OLS,Census agg.,Municipality
ols_census_psu,470,.24431191,.14729916,OLS,Census agg.,Municipality
ols_census_psu,471,.24510761,.10104153,OLS,Census agg.,Municipality
ols_census_psu,472,.24454534,.13396524,OLS,Census agg.,Municipality
ols_census_psu,473,.24412069,.14721134,OLS,Census agg.,Municipality
ols_census_psu,474,.24419452,.14704372,OLS,Census agg.,Municipality
ols_census_psu,475,.24481052,.11769211,OLS,Census agg.,Municipality
ols_census_psu,476,.24479501,.12118267,OLS,Census agg.,Municipality
ols_census_psu,477,.24431625,.14419915,OLS,Census agg.,Municipality
ols_census_psu,478,.24478626,.11576152,OLS,Census agg.,Municipality
ols_census_psu,479,.24474549,.12227853,OLS,Census agg.,Municipality
ols_census_psu,480,.24486153,.11845442,OLS,Census agg.,Municipality
ols_census_psu,481,.24437712,.13900779,OLS,Census agg.,Municipality
ols_census_psu,482,.24438867,.13986532,OLS,Census agg.,Municipality
ols_census_psu,483,.24415766,.14953762,OLS,Census agg.,Municipality
ols_census_psu,484,.24367581,.16968276,OLS,Census agg.,Municipality
ols_census_psu,485,.24427952,.13883731,OLS,Census agg.,Municipality
ols_census_psu,486,.24451189,.13172448,OLS,Census agg.,Municipality
ols_census_psu,487,.24474388,.12267935,OLS,Census agg.,Municipality
ols_census_psu,488,.24433549,.13934989,OLS,Census agg.,Municipality
ols_census_psu,489,.24374667,.1644509,OLS,Census agg.,Municipality
ols_census_psu,490,.24527575,.092594504,OLS,Census agg.,Municipality
ols_census_psu,491,.24484992,.11311538,OLS,Census agg.,Municipality
ols_census_psu,492,.24444166,.13728645,OLS,Census agg.,Municipality
ols_census_psu,493,.24483535,.116899,OLS,Census agg.,Municipality
ols_census_psu,494,.24415693,.14840186,OLS,Census agg.,Municipality
ols_census_psu,495,.24435237,.14189112,OLS,Census agg.,Municipality
ols_census_psu,496,.244138,.14954674,OLS,Census agg.,Municipality
ols_census_psu,497,.24459255,.12803151,OLS,Census agg.,Municipality
ols_census_psu,498,.24484266,.11597419,OLS,Census agg.,Municipality
ols_census_psu,499,.24488077,.11712992,OLS,Census agg.,Municipality
ols_census_psu,500,.24449749,.13294806,OLS,Census agg.,Municipality
ols_all_mun,1,.22868294,.87756014,OLS,Mixed,Municipality
ols_all_mun,2,.22904567,.86550337,OLS,Mixed,Municipality
ols_all_mun,3,.22838773,.88709903,OLS,Mixed,Municipality
ols_all_mun,4,.22682866,.96222931,OLS,Mixed,Municipality
ols_all_mun,5,.22936055,.83873689,OLS,Mixed,Municipality
ols_all_mun,6,.23047325,.79284132,OLS,Mixed,Municipality
ols_all_mun,7,.22938836,.85854393,OLS,Mixed,Municipality
ols_all_mun,8,.22883011,.86507118,OLS,Mixed,Municipality
ols_all_mun,9,.22753023,.92597812,OLS,Mixed,Municipality
ols_all_mun,10,.228975,.86813587,OLS,Mixed,Municipality
ols_all_mun,11,.22710577,.95329654,OLS,Mixed,Municipality
ols_all_mun,12,.22840999,.88670677,OLS,Mixed,Municipality
ols_all_mun,13,.22759537,.93202931,OLS,Mixed,Municipality
ols_all_mun,14,.22900602,.86546862,OLS,Mixed,Municipality
ols_all_mun,15,.22899447,.86446112,OLS,Mixed,Municipality
ols_all_mun,16,.22708951,.94240516,OLS,Mixed,Municipality
ols_all_mun,17,.22802171,.91666275,OLS,Mixed,Municipality
ols_all_mun,18,.22860004,.87942058,OLS,Mixed,Municipality
ols_all_mun,19,.23028438,.80569857,OLS,Mixed,Municipality
ols_all_mun,20,.22783855,.91838747,OLS,Mixed,Municipality
ols_all_mun,21,.22893932,.86902815,OLS,Mixed,Municipality
ols_all_mun,22,.22843146,.88509262,OLS,Mixed,Municipality
ols_all_mun,23,.22698292,.95180041,OLS,Mixed,Municipality
ols_all_mun,24,.22680478,.95740801,OLS,Mixed,Municipality
ols_all_mun,25,.22751944,.94130307,OLS,Mixed,Municipality
ols_all_mun,26,.2294084,.84357136,OLS,Mixed,Municipality
ols_all_mun,27,.22757912,.93646008,OLS,Mixed,Municipality
ols_all_mun,28,.23006305,.80945027,OLS,Mixed,Municipality
ols_all_mun,29,.22939177,.85321802,OLS,Mixed,Municipality
ols_all_mun,30,.22900353,.86998546,OLS,Mixed,Municipality
ols_all_mun,31,.23129593,.77283531,OLS,Mixed,Municipality
ols_all_mun,32,.22819395,.901636,OLS,Mixed,Municipality
ols_all_mun,33,.22949569,.84122056,OLS,Mixed,Municipality
ols_all_mun,34,.22840603,.89612758,OLS,Mixed,Municipality
ols_all_mun,35,.23128538,.76089203,OLS,Mixed,Municipality
ols_all_mun,36,.22923627,.84531432,OLS,Mixed,Municipality
ols_all_mun,37,.22893746,.86166161,OLS,Mixed,Municipality
ols_all_mun,38,.2286047,.8827709,OLS,Mixed,Municipality
ols_all_mun,39,.22659698,.98536158,OLS,Mixed,Municipality
ols_all_mun,40,.22911014,.86450046,OLS,Mixed,Municipality
ols_all_mun,41,.22905231,.86089414,OLS,Mixed,Municipality
ols_all_mun,42,.22719419,.94337219,OLS,Mixed,Municipality
ols_all_mun,43,.22942391,.83854192,OLS,Mixed,Municipality
ols_all_mun,44,.22849724,.8922767,OLS,Mixed,Municipality
ols_all_mun,45,.22877675,.86939192,OLS,Mixed,Municipality
ols_all_mun,46,.22710229,.94769579,OLS,Mixed,Municipality
ols_all_mun,47,.23026763,.8105222,OLS,Mixed,Municipality
ols_all_mun,48,.22961637,.83766556,OLS,Mixed,Municipality
ols_all_mun,49,.22813934,.91425437,OLS,Mixed,Municipality
ols_all_mun,50,.22837941,.89151555,OLS,Mixed,Municipality
ols_all_mun,51,.22833225,.89507049,OLS,Mixed,Municipality
ols_all_mun,52,.22975239,.82109022,OLS,Mixed,Municipality
ols_all_mun,53,.22850822,.88294363,OLS,Mixed,Municipality
ols_all_mun,54,.22711849,.95169151,OLS,Mixed,Municipality
ols_all_mun,55,.22879252,.87309515,OLS,Mixed,Municipality
ols_all_mun,56,.22823025,.89793217,OLS,Mixed,Municipality
ols_all_mun,57,.22804423,.9143188,OLS,Mixed,Municipality
ols_all_mun,58,.23031707,.8070311,OLS,Mixed,Municipality
ols_all_mun,59,.22852324,.88749188,OLS,Mixed,Municipality
ols_all_mun,60,.22832121,.90537059,OLS,Mixed,Municipality
ols_all_mun,61,.22917125,.86480093,OLS,Mixed,Municipality
ols_all_mun,62,.22764967,.92537373,OLS,Mixed,Municipality
ols_all_mun,63,.22931117,.85810322,OLS,Mixed,Municipality
ols_all_mun,64,.22957537,.83282882,OLS,Mixed,Municipality
ols_all_mun,65,.22730662,.94384372,OLS,Mixed,Municipality
ols_all_mun,66,.22754017,.92724901,OLS,Mixed,Municipality
ols_all_mun,67,.22772413,.92071718,OLS,Mixed,Municipality
ols_all_mun,68,.22959876,.83769351,OLS,Mixed,Municipality
ols_all_mun,69,.22877918,.88100678,OLS,Mixed,Municipality
ols_all_mun,70,.2291391,.86304826,OLS,Mixed,Municipality
ols_all_mun,71,.23076791,.7855261,OLS,Mixed,Municipality
ols_all_mun,72,.22793911,.93165982,OLS,Mixed,Municipality
ols_all_mun,73,.22929299,.84745306,OLS,Mixed,Municipality
ols_all_mun,74,.22739571,.93607861,OLS,Mixed,Municipality
ols_all_mun,75,.22671182,.96907473,OLS,Mixed,Municipality
ols_all_mun,76,.22625305,.9868508,OLS,Mixed,Municipality
ols_all_mun,77,.22846739,.88813502,OLS,Mixed,Municipality
ols_all_mun,78,.22964852,.83878934,OLS,Mixed,Municipality
ols_all_mun,79,.22862653,.88608813,OLS,Mixed,Municipality
ols_all_mun,80,.22812991,.90318286,OLS,Mixed,Municipality
ols_all_mun,81,.22754803,.93394107,OLS,Mixed,Municipality
ols_all_mun,82,.22764428,.92415303,OLS,Mixed,Municipality
ols_all_mun,83,.22977,.82834733,OLS,Mixed,Municipality
ols_all_mun,84,.23028834,.81277895,OLS,Mixed,Municipality
ols_all_mun,85,.22947069,.84712404,OLS,Mixed,Municipality
ols_all_mun,86,.22819084,.90251064,OLS,Mixed,Municipality
ols_all_mun,87,.23124157,.75890219,OLS,Mixed,Municipality
ols_all_mun,88,.22894782,.86314005,OLS,Mixed,Municipality
ols_all_mun,89,.22772977,.93088382,OLS,Mixed,Municipality
ols_all_mun,90,.22727634,.93829256,OLS,Mixed,Municipality
ols_all_mun,91,.22880362,.87464714,OLS,Mixed,Municipality
ols_all_mun,92,.22772661,.92871606,OLS,Mixed,Municipality
ols_all_mun,93,.22775063,.91703105,OLS,Mixed,Municipality
ols_all_mun,94,.23015612,.8023814,OLS,Mixed,Municipality
ols_all_mun,95,.22792175,.91573852,OLS,Mixed,Municipality
ols_all_mun,96,.22880709,.87054366,OLS,Mixed,Municipality
ols_all_mun,97,.22722855,.94416475,OLS,Mixed,Municipality
ols_all_mun,98,.22878438,.8697437,OLS,Mixed,Municipality
ols_all_mun,99,.22834261,.89509279,OLS,Mixed,Municipality
ols_all_mun,100,.22792764,.9263202,OLS,Mixed,Municipality
ols_all_mun,101,.2295091,.84844971,OLS,Mixed,Municipality
ols_all_mun,102,.22855338,.88115561,OLS,Mixed,Municipality
ols_all_mun,103,.22916709,.86515105,OLS,Mixed,Municipality
ols_all_mun,104,.22728266,.95603788,OLS,Mixed,Municipality
ols_all_mun,105,.22984974,.82373583,OLS,Mixed,Municipality
ols_all_mun,106,.22954503,.84283012,OLS,Mixed,Municipality
ols_all_mun,107,.23002924,.82346725,OLS,Mixed,Municipality
ols_all_mun,108,.22861102,.88471913,OLS,Mixed,Municipality
ols_all_mun,109,.22752695,.93748122,OLS,Mixed,Municipality
ols_all_mun,110,.23003154,.81789505,OLS,Mixed,Municipality
ols_all_mun,111,.22691956,.96143395,OLS,Mixed,Municipality
ols_all_mun,112,.22820666,.90350044,OLS,Mixed,Municipality
ols_all_mun,113,.22973768,.83833551,OLS,Mixed,Municipality
ols_all_mun,114,.22772667,.94706291,OLS,Mixed,Municipality
ols_all_mun,115,.22846478,.90207672,OLS,Mixed,Municipality
ols_all_mun,116,.22770458,.9252255,OLS,Mixed,Municipality
ols_all_mun,117,.22939859,.85296088,OLS,Mixed,Municipality
ols_all_mun,118,.22931588,.85564804,OLS,Mixed,Municipality
ols_all_mun,119,.22812322,.90534776,OLS,Mixed,Municipality
ols_all_mun,120,.23135221,.75775957,OLS,Mixed,Municipality
ols_all_mun,121,.22920872,.86515331,OLS,Mixed,Municipality
ols_all_mun,122,.22934176,.8464604,OLS,Mixed,Municipality
ols_all_mun,123,.22728434,.9420557,OLS,Mixed,Municipality
ols_all_mun,124,.23076369,.78827202,OLS,Mixed,Municipality
ols_all_mun,125,.2296049,.8360514,OLS,Mixed,Municipality
ols_all_mun,126,.23038657,.79410708,OLS,Mixed,Municipality
ols_all_mun,127,.22777897,.92818123,OLS,Mixed,Municipality
ols_all_mun,128,.22760437,.92821658,OLS,Mixed,Municipality
ols_all_mun,129,.22780094,.92380464,OLS,Mixed,Municipality
ols_all_mun,130,.22928604,.85356355,OLS,Mixed,Municipality
ols_all_mun,131,.2292655,.85907245,OLS,Mixed,Municipality
ols_all_mun,132,.23001198,.82564187,OLS,Mixed,Municipality
ols_all_mun,133,.22815622,.90616769,OLS,Mixed,Municipality
ols_all_mun,134,.22832058,.89241868,OLS,Mixed,Municipality
ols_all_mun,135,.22879009,.879493,OLS,Mixed,Municipality
ols_all_mun,136,.22719902,.94424224,OLS,Mixed,Municipality
ols_all_mun,137,.2293721,.84580183,OLS,Mixed,Municipality
ols_all_mun,138,.22689891,.96105361,OLS,Mixed,Municipality
ols_all_mun,139,.23163012,.7379086,OLS,Mixed,Municipality
ols_all_mun,140,.22823459,.90197581,OLS,Mixed,Municipality
ols_all_mun,141,.22920333,.85970706,OLS,Mixed,Municipality
ols_all_mun,142,.2280876,.89919394,OLS,Mixed,Municipality
ols_all_mun,143,.22813848,.89691275,OLS,Mixed,Municipality
ols_all_mun,144,.22730084,.93534029,OLS,Mixed,Municipality
ols_all_mun,145,.22687098,.95235461,OLS,Mixed,Municipality
ols_all_mun,146,.22904983,.85651755,OLS,Mixed,Municipality
ols_all_mun,147,.2279143,.92492616,OLS,Mixed,Municipality
ols_all_mun,148,.23048566,.79229283,OLS,Mixed,Municipality
ols_all_mun,149,.22786863,.91679043,OLS,Mixed,Municipality
ols_all_mun,150,.22947025,.84376866,OLS,Mixed,Municipality
ols_all_mun,151,.23017766,.81663555,OLS,Mixed,Municipality
ols_all_mun,152,.22915475,.84883231,OLS,Mixed,Municipality
ols_all_mun,153,.22925198,.85210335,OLS,Mixed,Municipality
ols_all_mun,154,.22828509,.88873655,OLS,Mixed,Municipality
ols_all_mun,155,.22911181,.85661793,OLS,Mixed,Municipality
ols_all_mun,156,.22913626,.86230302,OLS,Mixed,Municipality
ols_all_mun,157,.22787236,.9033516,OLS,Mixed,Municipality
ols_all_mun,158,.22764508,.92724562,OLS,Mixed,Municipality
ols_all_mun,159,.22836161,.90280199,OLS,Mixed,Municipality
ols_all_mun,160,.22864448,.89253443,OLS,Mixed,Municipality
ols_all_mun,161,.22948763,.84208494,OLS,Mixed,Municipality
ols_all_mun,162,.22885872,.88100392,OLS,Mixed,Municipality
ols_all_mun,163,.22735278,.93524504,OLS,Mixed,Municipality
ols_all_mun,164,.22888143,.86724865,OLS,Mixed,Municipality
ols_all_mun,165,.22820605,.90175402,OLS,Mixed,Municipality
ols_all_mun,166,.22878997,.87730128,OLS,Mixed,Municipality
ols_all_mun,167,.230139,.83324277,OLS,Mixed,Municipality
ols_all_mun,168,.23078708,.79821974,OLS,Mixed,Municipality
ols_all_mun,169,.2279426,.90724641,OLS,Mixed,Municipality
ols_all_mun,170,.22730866,.94319034,OLS,Mixed,Municipality
ols_all_mun,171,.22677822,.96301156,OLS,Mixed,Municipality
ols_all_mun,172,.23061235,.78365993,OLS,Mixed,Municipality
ols_all_mun,173,.22884563,.87824774,OLS,Mixed,Municipality
ols_all_mun,174,.23029995,.80089325,OLS,Mixed,Municipality
ols_all_mun,175,.22857839,.88190365,OLS,Mixed,Municipality
ols_all_mun,176,.22771259,.92767549,OLS,Mixed,Municipality
ols_all_mun,177,.22917466,.85354185,OLS,Mixed,Municipality
ols_all_mun,178,.22784878,.91967547,OLS,Mixed,Municipality
ols_all_mun,179,.22967501,.83928084,OLS,Mixed,Municipality
ols_all_mun,180,.23061806,.79881781,OLS,Mixed,Municipality
ols_all_mun,181,.22961532,.83846778,OLS,Mixed,Municipality
ols_all_mun,182,.22959509,.83434546,OLS,Mixed,Municipality
ols_all_mun,183,.2283812,.89187247,OLS,Mixed,Municipality
ols_all_mun,184,.23055193,.79213148,OLS,Mixed,Municipality
ols_all_mun,185,.22758266,.94607306,OLS,Mixed,Municipality
ols_all_mun,186,.23031999,.80333126,OLS,Mixed,Municipality
ols_all_mun,187,.22790766,.91844338,OLS,Mixed,Municipality
ols_all_mun,188,.2291653,.85936499,OLS,Mixed,Municipality
ols_all_mun,189,.22718345,.94123119,OLS,Mixed,Municipality
ols_all_mun,190,.22940567,.85214669,OLS,Mixed,Municipality
ols_all_mun,191,.22888093,.87924498,OLS,Mixed,Municipality
ols_all_mun,192,.22919998,.85797262,OLS,Mixed,Municipality
ols_all_mun,193,.2280719,.91108364,OLS,Mixed,Municipality
ols_all_mun,194,.22889514,.87485129,OLS,Mixed,Municipality
ols_all_mun,195,.22957709,.83772826,OLS,Mixed,Municipality
ols_all_mun,196,.22925377,.85223901,OLS,Mixed,Municipality
ols_all_mun,197,.22782335,.91789716,OLS,Mixed,Municipality
ols_all_mun,198,.22922653,.85344493,OLS,Mixed,Municipality
ols_all_mun,199,.23015606,.81016243,OLS,Mixed,Municipality
ols_all_mun,200,.22967848,.84430915,OLS,Mixed,Municipality
ols_all_mun,201,.2302186,.80386037,OLS,Mixed,Municipality
ols_all_mun,202,.22936335,.83965659,OLS,Mixed,Municipality
ols_all_mun,203,.22922108,.85100234,OLS,Mixed,Municipality
ols_all_mun,204,.22653897,.96770465,OLS,Mixed,Municipality
ols_all_mun,205,.23062631,.78495651,OLS,Mixed,Municipality
ols_all_mun,206,.22857876,.8778401,OLS,Mixed,Municipality
ols_all_mun,207,.22831425,.89827198,OLS,Mixed,Municipality
ols_all_mun,208,.2307854,.77559096,OLS,Mixed,Municipality
ols_all_mun,209,.22964908,.83484381,OLS,Mixed,Municipality
ols_all_mun,210,.23002571,.81695372,OLS,Mixed,Municipality
ols_all_mun,211,.22492637,1.0560268,OLS,Mixed,Municipality
ols_all_mun,212,.22864442,.87638956,OLS,Mixed,Municipality
ols_all_mun,213,.227828,.90960807,OLS,Mixed,Municipality
ols_all_mun,214,.22936732,.84809446,OLS,Mixed,Municipality
ols_all_mun,215,.22995354,.82229215,OLS,Mixed,Municipality
ols_all_mun,216,.22950351,.84695643,OLS,Mixed,Municipality
ols_all_mun,217,.22566552,1.017609,OLS,Mixed,Municipality
ols_all_mun,218,.22998847,.82614422,OLS,Mixed,Municipality
ols_all_mun,219,.22820747,.90025276,OLS,Mixed,Municipality
ols_all_mun,220,.22921456,.84876156,OLS,Mixed,Municipality
ols_all_mun,221,.22831717,.89718866,OLS,Mixed,Municipality
ols_all_mun,222,.22790952,.92346197,OLS,Mixed,Municipality
ols_all_mun,223,.22855109,.89515263,OLS,Mixed,Municipality
ols_all_mun,224,.22667231,.9735899,OLS,Mixed,Municipality
ols_all_mun,225,.23079503,.78086668,OLS,Mixed,Municipality
ols_all_mun,226,.22873414,.87550241,OLS,Mixed,Municipality
ols_all_mun,227,.23102783,.77415639,OLS,Mixed,Municipality
ols_all_mun,228,.22706668,.95343679,OLS,Mixed,Municipality
ols_all_mun,229,.22925216,.84603161,OLS,Mixed,Municipality
ols_all_mun,230,.22849184,.88808596,OLS,Mixed,Municipality
ols_all_mun,231,.22876,.87103915,OLS,Mixed,Municipality
ols_all_mun,232,.22860749,.88486969,OLS,Mixed,Municipality
ols_all_mun,233,.22893646,.87882477,OLS,Mixed,Municipality
ols_all_mun,234,.22784176,.92962205,OLS,Mixed,Municipality
ols_all_mun,235,.22981648,.82756507,OLS,Mixed,Municipality
ols_all_mun,236,.2295717,.83078653,OLS,Mixed,Municipality
ols_all_mun,237,.22795184,.90839303,OLS,Mixed,Municipality
ols_all_mun,238,.22699365,.9498356,OLS,Mixed,Municipality
ols_all_mun,239,.2297965,.83339334,OLS,Mixed,Municipality
ols_all_mun,240,.23069538,.79138744,OLS,Mixed,Municipality
ols_all_mun,241,.22929597,.85237586,OLS,Mixed,Municipality
ols_all_mun,242,.2274348,.93067229,OLS,Mixed,Municipality
ols_all_mun,243,.22818476,.90653372,OLS,Mixed,Municipality
ols_all_mun,244,.22951977,.84669358,OLS,Mixed,Municipality
ols_all_mun,245,.22935988,.84264141,OLS,Mixed,Municipality
ols_all_mun,246,.22879246,.86901331,OLS,Mixed,Municipality
ols_all_mun,247,.2289003,.85826623,OLS,Mixed,Municipality
ols_all_mun,248,.22798926,.90392518,OLS,Mixed,Municipality
ols_all_mun,249,.22856294,.88413584,OLS,Mixed,Municipality
ols_all_mun,250,.23074557,.78637624,OLS,Mixed,Municipality
ols_all_mun,251,.22658202,.97882974,OLS,Mixed,Municipality
ols_all_mun,252,.22751546,.93545598,OLS,Mixed,Municipality
ols_all_mun,253,.22908904,.86925966,OLS,Mixed,Municipality
ols_all_mun,254,.22926804,.86085254,OLS,Mixed,Municipality
ols_all_mun,255,.2311907,.76125926,OLS,Mixed,Municipality
ols_all_mun,256,.22735798,.93911874,OLS,Mixed,Municipality
ols_all_mun,257,.23126298,.76410323,OLS,Mixed,Municipality
ols_all_mun,258,.22858906,.88878042,OLS,Mixed,Municipality
ols_all_mun,259,.22692589,.95897311,OLS,Mixed,Municipality
ols_all_mun,260,.22398064,1.0785347,OLS,Mixed,Municipality
ols_all_mun,261,.22822745,.89935702,OLS,Mixed,Municipality
ols_all_mun,262,.22611065,.99325722,OLS,Mixed,Municipality
ols_all_mun,263,.2297499,.83068216,OLS,Mixed,Municipality
ols_all_mun,264,.22836539,.89111012,OLS,Mixed,Municipality
ols_all_mun,265,.22812198,.90687925,OLS,Mixed,Municipality
ols_all_mun,266,.22897792,.85377902,OLS,Mixed,Municipality
ols_all_mun,267,.2271366,.95809674,OLS,Mixed,Municipality
ols_all_mun,268,.2281919,.90194958,OLS,Mixed,Municipality
ols_all_mun,269,.22720802,.94185954,OLS,Mixed,Municipality
ols_all_mun,270,.22875082,.87646598,OLS,Mixed,Municipality
ols_all_mun,271,.22918577,.85060209,OLS,Mixed,Municipality
ols_all_mun,272,.22894447,.86964053,OLS,Mixed,Municipality
ols_all_mun,273,.22735588,.96266264,OLS,Mixed,Municipality
ols_all_mun,274,.22827604,.89916092,OLS,Mixed,Municipality
ols_all_mun,275,.23018529,.80673629,OLS,Mixed,Municipality
ols_all_mun,276,.22566572,1.0188714,OLS,Mixed,Municipality
ols_all_mun,277,.22807115,.90178025,OLS,Mixed,Municipality
ols_all_mun,278,.22829205,.88950396,OLS,Mixed,Municipality
ols_all_mun,279,.2301632,.80443966,OLS,Mixed,Municipality
ols_all_mun,280,.22894813,.85738081,OLS,Mixed,Municipality
ols_all_mun,281,.22942999,.85304296,OLS,Mixed,Municipality
ols_all_mun,282,.23078559,.7914775,OLS,Mixed,Municipality
ols_all_mun,283,.22949569,.84625,OLS,Mixed,Municipality
ols_all_mun,284,.22867593,.87999761,OLS,Mixed,Municipality
ols_all_mun,285,.22970697,.83245939,OLS,Mixed,Municipality
ols_all_mun,286,.22761194,.91789943,OLS,Mixed,Municipality
ols_all_mun,287,.22803399,.91075867,OLS,Mixed,Municipality
ols_all_mun,288,.2286714,.89295465,OLS,Mixed,Municipality
ols_all_mun,289,.2284162,.88649923,OLS,Mixed,Municipality
ols_all_mun,290,.22741929,.93438125,OLS,Mixed,Municipality
ols_all_mun,291,.22893088,.87015539,OLS,Mixed,Municipality
ols_all_mun,292,.23071274,.77879643,OLS,Mixed,Municipality
ols_all_mun,293,.23003724,.82512933,OLS,Mixed,Municipality
ols_all_mun,294,.22787906,.91725397,OLS,Mixed,Municipality
ols_all_mun,295,.22669788,.96473294,OLS,Mixed,Municipality
ols_all_mun,296,.22915711,.85723597,OLS,Mixed,Municipality
ols_all_mun,297,.22728105,.94335455,OLS,Mixed,Municipality
ols_all_mun,298,.2296927,.83574069,OLS,Mixed,Municipality
ols_all_mun,299,.2304524,.79238689,OLS,Mixed,Municipality
ols_all_mun,300,.2295256,.84461421,OLS,Mixed,Municipality
ols_all_mun,301,.22798733,.90634555,OLS,Mixed,Municipality
ols_all_mun,302,.22822504,.89721608,OLS,Mixed,Municipality
ols_all_mun,303,.22903685,.87163782,OLS,Mixed,Municipality
ols_all_mun,304,.22716446,.93539041,OLS,Mixed,Municipality
ols_all_mun,305,.22974066,.83835775,OLS,Mixed,Municipality
ols_all_mun,306,.23041306,.79564029,OLS,Mixed,Municipality
ols_all_mun,307,.23018362,.81041616,OLS,Mixed,Municipality
ols_all_mun,308,.22860631,.88069147,OLS,Mixed,Municipality
ols_all_mun,309,.22939928,.84737265,OLS,Mixed,Municipality
ols_all_mun,310,.23049212,.80308151,OLS,Mixed,Municipality
ols_all_mun,311,.22894298,.8611604,OLS,Mixed,Municipality
ols_all_mun,312,.22758105,.92357087,OLS,Mixed,Municipality
ols_all_mun,313,.22891425,.8672601,OLS,Mixed,Municipality
ols_all_mun,314,.23046356,.81570733,OLS,Mixed,Municipality
ols_all_mun,315,.22830619,.88329774,OLS,Mixed,Municipality
ols_all_mun,316,.2278347,.92217451,OLS,Mixed,Municipality
ols_all_mun,317,.22839455,.89613277,OLS,Mixed,Municipality
ols_all_mun,318,.22626546,.9897598,OLS,Mixed,Municipality
ols_all_mun,319,.23049682,.79782742,OLS,Mixed,Municipality
ols_all_mun,320,.22754717,.94383574,OLS,Mixed,Municipality
ols_all_mun,321,.22816938,.8937785,OLS,Mixed,Municipality
ols_all_mun,322,.22862232,.87874496,OLS,Mixed,Municipality
ols_all_mun,323,.2304354,.80113614,OLS,Mixed,Municipality
ols_all_mun,324,.22875938,.86877275,OLS,Mixed,Municipality
ols_all_mun,325,.23100914,.77454072,OLS,Mixed,Municipality
ols_all_mun,326,.22809598,.9095419,OLS,Mixed,Municipality
ols_all_mun,327,.22910523,.87118393,OLS,Mixed,Municipality
ols_all_mun,328,.22914693,.85472268,OLS,Mixed,Municipality
ols_all_mun,329,.22863387,.89131999,OLS,Mixed,Municipality
ols_all_mun,330,.22841583,.88948685,OLS,Mixed,Municipality
ols_all_mun,331,.23064226,.78978014,OLS,Mixed,Municipality
ols_all_mun,332,.22877626,.87574017,OLS,Mixed,Municipality
ols_all_mun,333,.22866191,.87847066,OLS,Mixed,Municipality
ols_all_mun,334,.2272566,.93587053,OLS,Mixed,Municipality
ols_all_mun,335,.22660567,.96776676,OLS,Mixed,Municipality
ols_all_mun,336,.23064145,.79281968,OLS,Mixed,Municipality
ols_all_mun,337,.22904901,.85924524,OLS,Mixed,Municipality
ols_all_mun,338,.22965522,.83197129,OLS,Mixed,Municipality
ols_all_mun,339,.22899082,.85602266,OLS,Mixed,Municipality
ols_all_mun,340,.22751522,.92866015,OLS,Mixed,Municipality
ols_all_mun,341,.22945829,.85424715,OLS,Mixed,Municipality
ols_all_mun,342,.22848749,.89027828,OLS,Mixed,Municipality
ols_all_mun,343,.22939083,.84412211,OLS,Mixed,Municipality
ols_all_mun,344,.23001491,.81810659,OLS,Mixed,Municipality
ols_all_mun,345,.23038583,.80433536,OLS,Mixed,Municipality
ols_all_mun,346,.22930087,.85749823,OLS,Mixed,Municipality
ols_all_mun,347,.22868946,.87561643,OLS,Mixed,Municipality
ols_all_mun,348,.2270024,.95360667,OLS,Mixed,Municipality
ols_all_mun,349,.22805893,.90400672,OLS,Mixed,Municipality
ols_all_mun,350,.22760934,.91990298,OLS,Mixed,Municipality
ols_all_mun,351,.22720076,.93875843,OLS,Mixed,Municipality
ols_all_mun,352,.22962829,.84389234,OLS,Mixed,Municipality
ols_all_mun,353,.2279578,.91857278,OLS,Mixed,Municipality
ols_all_mun,354,.23082474,.78133023,OLS,Mixed,Municipality
ols_all_mun,355,.22753252,.92108667,OLS,Mixed,Municipality
ols_all_mun,356,.22811018,.90493727,OLS,Mixed,Municipality
ols_all_mun,357,.22849686,.89718074,OLS,Mixed,Municipality
ols_all_mun,358,.22992705,.82180583,OLS,Mixed,Municipality
ols_all_mun,359,.2284968,.88370025,OLS,Mixed,Municipality
ols_all_mun,360,.22851826,.88269335,OLS,Mixed,Municipality
ols_all_mun,361,.22970293,.83518708,OLS,Mixed,Municipality
ols_all_mun,362,.22897494,.86650801,OLS,Mixed,Municipality
ols_all_mun,363,.23066075,.78593546,OLS,Mixed,Municipality
ols_all_mun,364,.22662924,.9693045,OLS,Mixed,Municipality
ols_all_mun,365,.2302922,.80693585,OLS,Mixed,Municipality
ols_all_mun,366,.22994411,.81974751,OLS,Mixed,Municipality
ols_all_mun,367,.22901873,.86825275,OLS,Mixed,Municipality
ols_all_mun,368,.22845976,.89140892,OLS,Mixed,Municipality
ols_all_mun,369,.22773784,.92584467,OLS,Mixed,Municipality
ols_all_mun,370,.22717786,.95224172,OLS,Mixed,Municipality
ols_all_mun,371,.2275334,.93346328,OLS,Mixed,Municipality
ols_all_mun,372,.23034735,.8083185,OLS,Mixed,Municipality
ols_all_mun,373,.22900106,.85855532,OLS,Mixed,Municipality
ols_all_mun,374,.22701481,.95935512,OLS,Mixed,Municipality
ols_all_mun,375,.23034959,.80862528,OLS,Mixed,Municipality
ols_all_mun,376,.22968152,.83278781,OLS,Mixed,Municipality
ols_all_mun,377,.2267964,.95957804,OLS,Mixed,Municipality
ols_all_mun,378,.2293788,.84544265,OLS,Mixed,Municipality
ols_all_mun,379,.22880089,.872769,OLS,Mixed,Municipality
ols_all_mun,380,.22944556,.84961283,OLS,Mixed,Municipality
ols_all_mun,381,.2277593,.92357999,OLS,Mixed,Municipality
ols_all_mun,382,.22965795,.83423316,OLS,Mixed,Municipality
ols_all_mun,383,.22910492,.86680448,OLS,Mixed,Municipality
ols_all_mun,384,.230994,.77930158,OLS,Mixed,Municipality
ols_all_mun,385,.22923777,.84913278,OLS,Mixed,Municipality
ols_all_mun,386,.22717191,.942424,OLS,Mixed,Municipality
ols_all_mun,387,.2291612,.85154516,OLS,Mixed,Municipality
ols_all_mun,388,.22929007,.85270089,OLS,Mixed,Municipality
ols_all_mun,389,.22793676,.91552979,OLS,Mixed,Municipality
ols_all_mun,390,.22808804,.9079774,OLS,Mixed,Municipality
ols_all_mun,391,.22959025,.84904838,OLS,Mixed,Municipality
ols_all_mun,392,.22914073,.85005015,OLS,Mixed,Municipality
ols_all_mun,393,.22809678,.90977341,OLS,Mixed,Municipality
ols_all_mun,394,.22943284,.84597516,OLS,Mixed,Municipality
ols_all_mun,395,.22732076,.9455297,OLS,Mixed,Municipality
ols_all_mun,396,.22952946,.83998841,OLS,Mixed,Municipality
ols_all_mun,397,.23073398,.78898704,OLS,Mixed,Municipality
ols_all_mun,398,.23017009,.81070465,OLS,Mixed,Municipality
ols_all_mun,399,.22891487,.86038953,OLS,Mixed,Municipality
ols_all_mun,400,.22760035,.91520482,OLS,Mixed,Municipality
ols_all_mun,401,.22734427,.94865364,OLS,Mixed,Municipality
ols_all_mun,402,.22980854,.82065862,OLS,Mixed,Municipality
ols_all_mun,403,.22882807,.87099469,OLS,Mixed,Municipality
ols_all_mun,404,.22834702,.89290106,OLS,Mixed,Municipality
ols_all_mun,405,.2290577,.8644554,OLS,Mixed,Municipality
ols_all_mun,406,.22945766,.85191172,OLS,Mixed,Municipality
ols_all_mun,407,.22632341,.98559135,OLS,Mixed,Municipality
ols_all_mun,408,.22906609,.85935813,OLS,Mixed,Municipality
ols_all_mun,409,.22742946,.93951732,OLS,Mixed,Municipality
ols_all_mun,410,.22935274,.86120319,OLS,Mixed,Municipality
ols_all_mun,411,.2268873,.96933532,OLS,Mixed,Municipality
ols_all_mun,412,.22977975,.83504909,OLS,Mixed,Municipality
ols_all_mun,413,.22839522,.88824105,OLS,Mixed,Municipality
ols_all_mun,414,.22906825,.85163921,OLS,Mixed,Municipality
ols_all_mun,415,.22783637,.91680127,OLS,Mixed,Municipality
ols_all_mun,416,.22785512,.92180222,OLS,Mixed,Municipality
ols_all_mun,417,.22860035,.88571179,OLS,Mixed,Municipality
ols_all_mun,418,.22798671,.91697407,OLS,Mixed,Municipality
ols_all_mun,419,.22793745,.91719699,OLS,Mixed,Municipality
ols_all_mun,420,.22887181,.86673039,OLS,Mixed,Municipality
ols_all_mun,421,.23132907,.75501078,OLS,Mixed,Municipality
ols_all_mun,422,.22846504,.89315474,OLS,Mixed,Municipality
ols_all_mun,423,.22857368,.88032544,OLS,Mixed,Municipality
ols_all_mun,424,.23015489,.80594891,OLS,Mixed,Municipality
ols_all_mun,425,.2303355,.8031984,OLS,Mixed,Municipality
ols_all_mun,426,.22829036,.89201957,OLS,Mixed,Municipality
ols_all_mun,427,.22801928,.91233003,OLS,Mixed,Municipality
ols_all_mun,428,.22994386,.81883013,OLS,Mixed,Municipality
ols_all_mun,429,.22976814,.83370119,OLS,Mixed,Municipality
ols_all_mun,430,.22886796,.87033838,OLS,Mixed,Municipality
ols_all_mun,431,.22698,.94231224,OLS,Mixed,Municipality
ols_all_mun,432,.22839573,.89177495,OLS,Mixed,Municipality
ols_all_mun,433,.23053132,.79556787,OLS,Mixed,Municipality
ols_all_mun,434,.22760394,.92726272,OLS,Mixed,Municipality
ols_all_mun,435,.22592476,1.0030042,OLS,Mixed,Municipality
ols_all_mun,436,.22895719,.85959363,OLS,Mixed,Municipality
ols_all_mun,437,.22838475,.88725752,OLS,Mixed,Municipality
ols_all_mun,438,.22883309,.86106747,OLS,Mixed,Municipality
ols_all_mun,439,.23134917,.75802982,OLS,Mixed,Municipality
ols_all_mun,440,.22823682,.8936286,OLS,Mixed,Municipality
ols_all_mun,441,.22659338,.97456145,OLS,Mixed,Municipality
ols_all_mun,442,.23018907,.80815542,OLS,Mixed,Municipality
ols_all_mun,443,.22758751,.92712587,OLS,Mixed,Municipality
ols_all_mun,444,.22674242,.9666903,OLS,Mixed,Municipality
ols_all_mun,445,.23185231,.73521799,OLS,Mixed,Municipality
ols_all_mun,446,.22916275,.86534828,OLS,Mixed,Municipality
ols_all_mun,447,.22956872,.85052794,OLS,Mixed,Municipality
ols_all_mun,448,.22737803,.94881159,OLS,Mixed,Municipality
ols_all_mun,449,.22739875,.9410693,OLS,Mixed,Municipality
ols_all_mun,450,.22878507,.87497157,OLS,Mixed,Municipality
ols_all_mun,451,.23087996,.78212219,OLS,Mixed,Municipality
ols_all_mun,452,.22709298,.9537943,OLS,Mixed,Municipality
ols_all_mun,453,.23008545,.82074988,OLS,Mixed,Municipality
ols_all_mun,454,.22838406,.88735217,OLS,Mixed,Municipality
ols_all_mun,455,.22906905,.86611003,OLS,Mixed,Municipality
ols_all_mun,456,.22818439,.90826076,OLS,Mixed,Municipality
ols_all_mun,457,.22853397,.88290429,OLS,Mixed,Municipality
ols_all_mun,458,.22968984,.84779114,OLS,Mixed,Municipality
ols_all_mun,459,.22839126,.8932249,OLS,Mixed,Municipality
ols_all_mun,460,.22751093,.92606252,OLS,Mixed,Municipality
ols_all_mun,461,.22810559,.90525371,OLS,Mixed,Municipality
ols_all_mun,462,.23019323,.81039047,OLS,Mixed,Municipality
ols_all_mun,463,.23012771,.8059563,OLS,Mixed,Municipality
ols_all_mun,464,.2279375,.90646875,OLS,Mixed,Municipality
ols_all_mun,465,.2283387,.89475405,OLS,Mixed,Municipality
ols_all_mun,466,.22976597,.82419252,OLS,Mixed,Municipality
ols_all_mun,467,.22895011,.87270057,OLS,Mixed,Municipality
ols_all_mun,468,.2281713,.89762658,OLS,Mixed,Municipality
ols_all_mun,469,.2293389,.85450774,OLS,Mixed,Municipality
ols_all_mun,470,.22692174,.96058607,OLS,Mixed,Municipality
ols_all_mun,471,.23000473,.81571585,OLS,Mixed,Municipality
ols_all_mun,472,.22716415,.95731103,OLS,Mixed,Municipality
ols_all_mun,473,.22946219,.84834194,OLS,Mixed,Municipality
ols_all_mun,474,.22863026,.88400871,OLS,Mixed,Municipality
ols_all_mun,475,.22659047,.96454477,OLS,Mixed,Municipality
ols_all_mun,476,.22779493,.92059803,OLS,Mixed,Municipality
ols_all_mun,477,.22937396,.8429721,OLS,Mixed,Municipality
ols_all_mun,478,.22792064,.91351771,OLS,Mixed,Municipality
ols_all_mun,479,.22817162,.89408642,OLS,Mixed,Municipality
ols_all_mun,480,.22953503,.84534287,OLS,Mixed,Municipality
ols_all_mun,481,.22855674,.88329655,OLS,Mixed,Municipality
ols_all_mun,482,.22865297,.88338441,OLS,Mixed,Municipality
ols_all_mun,483,.22603974,1.0016444,OLS,Mixed,Municipality
ols_all_mun,484,.23049273,.79913259,OLS,Mixed,Municipality
ols_all_mun,485,.22985488,.82739288,OLS,Mixed,Municipality
ols_all_mun,486,.23111196,.77764696,OLS,Mixed,Municipality
ols_all_mun,487,.22917399,.85843956,OLS,Mixed,Municipality
ols_all_mun,488,.22798783,.91255295,OLS,Mixed,Municipality
ols_all_mun,489,.22670358,.96920645,OLS,Mixed,Municipality
ols_all_mun,490,.22970051,.82926869,OLS,Mixed,Municipality
ols_all_mun,491,.22741874,.946747,OLS,Mixed,Municipality
ols_all_mun,492,.22842383,.89073157,OLS,Mixed,Municipality
ols_all_mun,493,.22796816,.92140651,OLS,Mixed,Municipality
ols_all_mun,494,.22842538,.88727635,OLS,Mixed,Municipality
ols_all_mun,495,.22925061,.85880792,OLS,Mixed,Municipality
ols_all_mun,496,.22774051,.91975534,OLS,Mixed,Municipality
ols_all_mun,497,.22782743,.91439915,OLS,Mixed,Municipality
ols_all_mun,498,.22847819,.88452584,OLS,Mixed,Municipality
ols_all_mun,499,.22673336,.96579915,OLS,Mixed,Municipality
ols_all_mun,500,.22916938,.8496955,OLS,Mixed,Municipality
ols_gis_mun,1,.23548076,.5546217,OLS,GIS,Municipality
ols_gis_mun,2,.235636,.55158895,OLS,GIS,Municipality
ols_gis_mun,3,.23453224,.60292792,OLS,GIS,Municipality
ols_gis_mun,4,.23345448,.67461157,OLS,GIS,Municipality
ols_gis_mun,5,.23557377,.54933113,OLS,GIS,Municipality
ols_gis_mun,6,.23586699,.53604567,OLS,GIS,Municipality
ols_gis_mun,7,.2338357,.65778649,OLS,GIS,Municipality
ols_gis_mun,8,.2331885,.67326367,OLS,GIS,Municipality
ols_gis_mun,9,.23422833,.62676203,OLS,GIS,Municipality
ols_gis_mun,10,.2331167,.67774808,OLS,GIS,Municipality
ols_gis_mun,11,.2347607,.58628589,OLS,GIS,Municipality
ols_gis_mun,12,.23392934,.63037801,OLS,GIS,Municipality
ols_gis_mun,13,.23326443,.65746212,OLS,GIS,Municipality
ols_gis_mun,14,.23457928,.60054576,OLS,GIS,Municipality
ols_gis_mun,15,.2335192,.65134305,OLS,GIS,Municipality
ols_gis_mun,16,.23494504,.58070624,OLS,GIS,Municipality
ols_gis_mun,17,.23312992,.67531914,OLS,GIS,Municipality
ols_gis_mun,18,.23494144,.58922511,OLS,GIS,Municipality
ols_gis_mun,19,.2356517,.54405707,OLS,GIS,Municipality
ols_gis_mun,20,.23258024,.69518203,OLS,GIS,Municipality
ols_gis_mun,21,.23460919,.60996205,OLS,GIS,Municipality
ols_gis_mun,22,.23431359,.62163341,OLS,GIS,Municipality
ols_gis_mun,23,.23204216,.72900778,OLS,GIS,Municipality
ols_gis_mun,24,.23311149,.66665661,OLS,GIS,Municipality
ols_gis_mun,25,.23536801,.56853944,OLS,GIS,Municipality
ols_gis_mun,26,.23529045,.57573384,OLS,GIS,Municipality
ols_gis_mun,27,.23329502,.66334677,OLS,GIS,Municipality
ols_gis_mun,28,.23438892,.60827726,OLS,GIS,Municipality
ols_gis_mun,29,.23406099,.62996411,OLS,GIS,Municipality
ols_gis_mun,30,.23479278,.59646624,OLS,GIS,Municipality
ols_gis_mun,31,.23780908,.45060447,OLS,GIS,Municipality
ols_gis_mun,32,.23365118,.64645559,OLS,GIS,Municipality
ols_gis_mun,33,.23526433,.56473476,OLS,GIS,Municipality
ols_gis_mun,34,.23287088,.68312132,OLS,GIS,Municipality
ols_gis_mun,35,.23490863,.58185112,OLS,GIS,Municipality
ols_gis_mun,36,.2335635,.65885901,OLS,GIS,Municipality
ols_gis_mun,37,.23413688,.61433983,OLS,GIS,Municipality
ols_gis_mun,38,.2354565,.56429631,OLS,GIS,Municipality
ols_gis_mun,39,.23164402,.74543482,OLS,GIS,Municipality
ols_gis_mun,40,.23595677,.53226376,OLS,GIS,Municipality
ols_gis_mun,41,.23533675,.57125348,OLS,GIS,Municipality
ols_gis_mun,42,.2344687,.5940516,OLS,GIS,Municipality
ols_gis_mun,43,.23538874,.55586976,OLS,GIS,Municipality
ols_gis_mun,44,.2338285,.64704061,OLS,GIS,Municipality
ols_gis_mun,45,.23536746,.55491132,OLS,GIS,Municipality
ols_gis_mun,46,.23313004,.67634261,OLS,GIS,Municipality
ols_gis_mun,47,.23606332,.54008585,OLS,GIS,Municipality
ols_gis_mun,48,.2345539,.59668005,OLS,GIS,Municipality
ols_gis_mun,49,.23411709,.62893951,OLS,GIS,Municipality
ols_gis_mun,50,.23351225,.64654571,OLS,GIS,Municipality
ols_gis_mun,51,.23507924,.57994223,OLS,GIS,Municipality
ols_gis_mun,52,.23405994,.62032086,OLS,GIS,Municipality
ols_gis_mun,53,.23450221,.59335196,OLS,GIS,Municipality
ols_gis_mun,54,.23334534,.66309935,OLS,GIS,Municipality
ols_gis_mun,55,.23433816,.60657132,OLS,GIS,Municipality
ols_gis_mun,56,.233023,.68489224,OLS,GIS,Municipality
ols_gis_mun,57,.23296934,.69743305,OLS,GIS,Municipality
ols_gis_mun,58,.23604731,.52722007,OLS,GIS,Municipality
ols_gis_mun,59,.2358485,.53021228,OLS,GIS,Municipality
ols_gis_mun,60,.23326673,.67293531,OLS,GIS,Municipality
ols_gis_mun,61,.23439102,.60463673,OLS,GIS,Municipality
ols_gis_mun,62,.23527315,.5684374,OLS,GIS,Municipality
ols_gis_mun,63,.23465453,.59231198,OLS,GIS,Municipality
ols_gis_mun,64,.23428139,.61232543,OLS,GIS,Municipality
ols_gis_mun,65,.2356368,.55582643,OLS,GIS,Municipality
ols_gis_mun,66,.23330191,.65761888,OLS,GIS,Municipality
ols_gis_mun,67,.23369312,.63448721,OLS,GIS,Municipality
ols_gis_mun,68,.23603937,.54323149,OLS,GIS,Municipality
ols_gis_mun,69,.23650409,.52010947,OLS,GIS,Municipality
ols_gis_mun,70,.23469946,.58756477,OLS,GIS,Municipality
ols_gis_mun,71,.23479433,.5834955,OLS,GIS,Municipality
ols_gis_mun,72,.23473452,.59117621,OLS,GIS,Municipality
ols_gis_mun,73,.23469616,.58136135,OLS,GIS,Municipality
ols_gis_mun,74,.23541927,.56188393,OLS,GIS,Municipality
ols_gis_mun,75,.2316239,.75439554,OLS,GIS,Municipality
ols_gis_mun,76,.2327227,.70314616,OLS,GIS,Municipality
ols_gis_mun,77,.23440808,.62053239,OLS,GIS,Municipality
ols_gis_mun,78,.2336714,.65907341,OLS,GIS,Municipality
ols_gis_mun,79,.23490706,.59172815,OLS,GIS,Municipality
ols_gis_mun,80,.23445387,.61373031,OLS,GIS,Municipality
ols_gis_mun,81,.2332408,.65474129,OLS,GIS,Municipality
ols_gis_mun,82,.2337376,.64358079,OLS,GIS,Municipality
ols_gis_mun,83,.23538974,.5667007,OLS,GIS,Municipality
ols_gis_mun,84,.23661554,.51812989,OLS,GIS,Municipality
ols_gis_mun,85,.23473321,.59664643,OLS,GIS,Municipality
ols_gis_mun,86,.23486556,.60334641,OLS,GIS,Municipality
ols_gis_mun,87,.2387486,.40341404,OLS,GIS,Municipality
ols_gis_mun,88,.23322205,.6757918,OLS,GIS,Municipality
ols_gis_mun,89,.23263825,.7062906,OLS,GIS,Municipality
ols_gis_mun,90,.23394999,.63996655,OLS,GIS,Municipality
ols_gis_mun,91,.23531894,.56916893,OLS,GIS,Municipality
ols_gis_mun,92,.23171362,.74928802,OLS,GIS,Municipality
ols_gis_mun,93,.23445344,.60842776,OLS,GIS,Municipality
ols_gis_mun,94,.23484799,.59001195,OLS,GIS,Municipality
ols_gis_mun,95,.23389967,.64004409,OLS,GIS,Municipality
ols_gis_mun,96,.23580302,.55190939,OLS,GIS,Municipality
ols_gis_mun,97,.2333222,.66241741,OLS,GIS,Municipality
ols_gis_mun,98,.23438662,.6088708,OLS,GIS,Municipality
ols_gis_mun,99,.23441045,.61188352,OLS,GIS,Municipality
ols_gis_mun,100,.23344599,.6552949,OLS,GIS,Municipality
ols_gis_mun,101,.2318659,.74461436,OLS,GIS,Municipality
ols_gis_mun,102,.23371701,.64140731,OLS,GIS,Municipality
ols_gis_mun,103,.23450996,.6084916,OLS,GIS,Municipality
ols_gis_mun,104,.23281775,.70403844,OLS,GIS,Municipality
ols_gis_mun,105,.23564294,.55648214,OLS,GIS,Municipality
ols_gis_mun,106,.23615582,.53840274,OLS,GIS,Municipality
ols_gis_mun,107,.23479787,.59878051,OLS,GIS,Municipality
ols_gis_mun,108,.23511747,.59230232,OLS,GIS,Municipality
ols_gis_mun,109,.23354185,.65303648,OLS,GIS,Municipality
ols_gis_mun,110,.23631114,.51269847,OLS,GIS,Municipality
ols_gis_mun,111,.2317583,.73753917,OLS,GIS,Municipality
ols_gis_mun,112,.23472472,.60143465,OLS,GIS,Municipality
ols_gis_mun,113,.23368809,.65937674,OLS,GIS,Municipality
ols_gis_mun,114,.23316318,.67466176,OLS,GIS,Municipality
ols_gis_mun,115,.23313116,.67713457,OLS,GIS,Municipality
ols_gis_mun,116,.23276719,.68825567,OLS,GIS,Municipality
ols_gis_mun,117,.23322386,.66852617,OLS,GIS,Municipality
ols_gis_mun,118,.23502272,.57722592,OLS,GIS,Municipality
ols_gis_mun,119,.23333095,.66100454,OLS,GIS,Municipality
ols_gis_mun,120,.23767033,.45923394,OLS,GIS,Municipality
ols_gis_mun,121,.23252565,.69676542,OLS,GIS,Municipality
ols_gis_mun,122,.23309244,.67232406,OLS,GIS,Municipality
ols_gis_mun,123,.23238635,.70291805,OLS,GIS,Municipality
ols_gis_mun,124,.23558579,.56137359,OLS,GIS,Municipality
ols_gis_mun,125,.23470052,.5931353,OLS,GIS,Municipality
ols_gis_mun,126,.235148,.57809091,OLS,GIS,Municipality
ols_gis_mun,127,.23453677,.59659737,OLS,GIS,Municipality
ols_gis_mun,128,.23299378,.68260813,OLS,GIS,Municipality
ols_gis_mun,129,.23308866,.67245919,OLS,GIS,Municipality
ols_gis_mun,130,.23347613,.65739822,OLS,GIS,Municipality
ols_gis_mun,131,.23505437,.57576573,OLS,GIS,Municipality
ols_gis_mun,132,.23448285,.6182158,OLS,GIS,Municipality
ols_gis_mun,133,.23511107,.58572543,OLS,GIS,Municipality
ols_gis_mun,134,.23245572,.70135921,OLS,GIS,Municipality
ols_gis_mun,135,.23423833,.62440038,OLS,GIS,Municipality
ols_gis_mun,136,.23316081,.66517705,OLS,GIS,Municipality
ols_gis_mun,137,.23602045,.5448724,OLS,GIS,Municipality
ols_gis_mun,138,.2344159,.60965478,OLS,GIS,Municipality
ols_gis_mun,139,.23707667,.4869777,OLS,GIS,Municipality
ols_gis_mun,140,.23365465,.65819931,OLS,GIS,Municipality
ols_gis_mun,141,.23506014,.59022349,OLS,GIS,Municipality
ols_gis_mun,142,.23360582,.65390879,OLS,GIS,Municipality
ols_gis_mun,143,.23524956,.57007438,OLS,GIS,Municipality
ols_gis_mun,144,.23208299,.72923636,OLS,GIS,Municipality
ols_gis_mun,145,.23025224,.81693828,OLS,GIS,Municipality
ols_gis_mun,146,.2349283,.56839007,OLS,GIS,Municipality
ols_gis_mun,147,.23421654,.61578292,OLS,GIS,Municipality
ols_gis_mun,148,.23505934,.56928521,OLS,GIS,Municipality
ols_gis_mun,149,.2352768,.55898178,OLS,GIS,Municipality
ols_gis_mun,150,.23443253,.6190927,OLS,GIS,Municipality
ols_gis_mun,151,.23414221,.62275833,OLS,GIS,Municipality
ols_gis_mun,152,.23306532,.66358453,OLS,GIS,Municipality
ols_gis_mun,153,.23528115,.56425297,OLS,GIS,Municipality
ols_gis_mun,154,.23463102,.58988881,OLS,GIS,Municipality
ols_gis_mun,155,.23417734,.61236417,OLS,GIS,Municipality
ols_gis_mun,156,.23620287,.52335662,OLS,GIS,Municipality
ols_gis_mun,157,.23392518,.62628084,OLS,GIS,Municipality
ols_gis_mun,158,.23437272,.61529714,OLS,GIS,Municipality
ols_gis_mun,159,.23317428,.66821885,OLS,GIS,Municipality
ols_gis_mun,160,.2349513,.58714288,OLS,GIS,Municipality
ols_gis_mun,161,.23479092,.59466052,OLS,GIS,Municipality
ols_gis_mun,162,.23479575,.59622276,OLS,GIS,Municipality
ols_gis_mun,163,.23261766,.69377542,OLS,GIS,Municipality
ols_gis_mun,164,.23273113,.68721056,OLS,GIS,Municipality
ols_gis_mun,165,.23381938,.64544129,OLS,GIS,Municipality
ols_gis_mun,166,.23388845,.63510412,OLS,GIS,Municipality
ols_gis_mun,167,.23524472,.55364102,OLS,GIS,Municipality
ols_gis_mun,168,.23678052,.50556511,OLS,GIS,Municipality
ols_gis_mun,169,.23239969,.72666836,OLS,GIS,Municipality
ols_gis_mun,170,.23356524,.65383184,OLS,GIS,Municipality
ols_gis_mun,171,.23439096,.61142457,OLS,GIS,Municipality
ols_gis_mun,172,.23797926,.43730134,OLS,GIS,Municipality
ols_gis_mun,173,.23446393,.61103058,OLS,GIS,Municipality
ols_gis_mun,174,.23587376,.54411811,OLS,GIS,Municipality
ols_gis_mun,175,.23467185,.59507215,OLS,GIS,Municipality
ols_gis_mun,176,.2329686,.68478334,OLS,GIS,Municipality
ols_gis_mun,177,.2333755,.65182257,OLS,GIS,Municipality
ols_gis_mun,178,.23232009,.70852226,OLS,GIS,Municipality
ols_gis_mun,179,.233633,.65660799,OLS,GIS,Municipality
ols_gis_mun,180,.23500721,.59082955,OLS,GIS,Municipality
ols_gis_mun,181,.23357536,.64263207,OLS,GIS,Municipality
ols_gis_mun,182,.23483597,.59214437,OLS,GIS,Municipality
ols_gis_mun,183,.23455626,.60337037,OLS,GIS,Municipality
ols_gis_mun,184,.23489378,.58405143,OLS,GIS,Municipality
ols_gis_mun,185,.23252049,.69274455,OLS,GIS,Municipality
ols_gis_mun,186,.23457487,.60197973,OLS,GIS,Municipality
ols_gis_mun,187,.23295358,.68541849,OLS,GIS,Municipality
ols_gis_mun,188,.23355407,.65286028,OLS,GIS,Municipality
ols_gis_mun,189,.23401023,.62468266,OLS,GIS,Municipality
ols_gis_mun,190,.2357375,.54544199,OLS,GIS,Municipality
ols_gis_mun,191,.23538198,.56608093,OLS,GIS,Municipality
ols_gis_mun,192,.23591502,.53938913,OLS,GIS,Municipality
ols_gis_mun,193,.23425476,.61496985,OLS,GIS,Municipality
ols_gis_mun,194,.23256052,.70942193,OLS,GIS,Municipality
ols_gis_mun,195,.23563327,.53230083,OLS,GIS,Municipality
ols_gis_mun,196,.23406689,.61285681,OLS,GIS,Municipality
ols_gis_mun,197,.23327436,.67646462,OLS,GIS,Municipality
ols_gis_mun,198,.23327814,.66718459,OLS,GIS,Municipality
ols_gis_mun,199,.23507528,.58556807,OLS,GIS,Municipality
ols_gis_mun,200,.23445338,.61744606,OLS,GIS,Municipality
ols_gis_mun,201,.23561876,.54847926,OLS,GIS,Municipality
ols_gis_mun,202,.23588958,.53937656,OLS,GIS,Municipality
ols_gis_mun,203,.23454447,.59908897,OLS,GIS,Municipality
ols_gis_mun,204,.23356438,.63070989,OLS,GIS,Municipality
ols_gis_mun,205,.23480928,.57751501,OLS,GIS,Municipality
ols_gis_mun,206,.2348578,.58792174,OLS,GIS,Municipality
ols_gis_mun,207,.23400341,.63430589,OLS,GIS,Municipality
ols_gis_mun,208,.23445705,.6097095,OLS,GIS,Municipality
ols_gis_mun,209,.23465541,.59353787,OLS,GIS,Municipality
ols_gis_mun,210,.23565598,.54018909,OLS,GIS,Municipality
ols_gis_mun,211,.23238641,.72454107,OLS,GIS,Municipality
ols_gis_mun,212,.23402792,.62044913,OLS,GIS,Municipality
ols_gis_mun,213,.23348588,.6409871,OLS,GIS,Municipality
ols_gis_mun,214,.23804888,.43302509,OLS,GIS,Municipality
ols_gis_mun,215,.23536491,.57761025,OLS,GIS,Municipality
ols_gis_mun,216,.23501,.59694004,OLS,GIS,Municipality
ols_gis_mun,217,.23362337,.65220118,OLS,GIS,Municipality
ols_gis_mun,218,.23597893,.54003686,OLS,GIS,Municipality
ols_gis_mun,219,.23343724,.66349787,OLS,GIS,Municipality
ols_gis_mun,220,.23354997,.64868838,OLS,GIS,Municipality
ols_gis_mun,221,.2346126,.60034907,OLS,GIS,Municipality
ols_gis_mun,222,.23363256,.67167121,OLS,GIS,Municipality
ols_gis_mun,223,.23569401,.56305617,OLS,GIS,Municipality
ols_gis_mun,224,.23315896,.68056184,OLS,GIS,Municipality
ols_gis_mun,225,.23555192,.55341411,OLS,GIS,Municipality
ols_gis_mun,226,.23335025,.666412,OLS,GIS,Municipality
ols_gis_mun,227,.2369159,.50748318,OLS,GIS,Municipality
ols_gis_mun,228,.23375139,.65902263,OLS,GIS,Municipality
ols_gis_mun,229,.23670352,.50368756,OLS,GIS,Municipality
ols_gis_mun,230,.23523127,.5779267,OLS,GIS,Municipality
ols_gis_mun,231,.23384464,.63456589,OLS,GIS,Municipality
ols_gis_mun,232,.23464362,.59833008,OLS,GIS,Municipality
ols_gis_mun,233,.23505282,.58504009,OLS,GIS,Municipality
ols_gis_mun,234,.23302543,.66724503,OLS,GIS,Municipality
ols_gis_mun,235,.23518479,.57942736,OLS,GIS,Municipality
ols_gis_mun,236,.2350785,.57509071,OLS,GIS,Municipality
ols_gis_mun,237,.23405963,.62407255,OLS,GIS,Municipality
ols_gis_mun,238,.23369995,.6453985,OLS,GIS,Municipality
ols_gis_mun,239,.23429839,.6108669,OLS,GIS,Municipality
ols_gis_mun,240,.23371844,.63224649,OLS,GIS,Municipality
ols_gis_mun,241,.2349605,.58521795,OLS,GIS,Municipality
ols_gis_mun,242,.23376422,.62670386,OLS,GIS,Municipality
ols_gis_mun,243,.23375145,.64374673,OLS,GIS,Municipality
ols_gis_mun,244,.2357779,.54127806,OLS,GIS,Municipality
ols_gis_mun,245,.23457046,.59692121,OLS,GIS,Municipality
ols_gis_mun,246,.2355781,.55464453,OLS,GIS,Municipality
ols_gis_mun,247,.23512752,.57145131,OLS,GIS,Municipality
ols_gis_mun,248,.23425049,.60759932,OLS,GIS,Municipality
ols_gis_mun,249,.23586364,.54329592,OLS,GIS,Municipality
ols_gis_mun,250,.23705588,.47107744,OLS,GIS,Municipality
ols_gis_mun,251,.23302151,.67548561,OLS,GIS,Municipality
ols_gis_mun,252,.23444705,.61149186,OLS,GIS,Municipality
ols_gis_mun,253,.2342377,.63928974,OLS,GIS,Municipality
ols_gis_mun,254,.23398164,.63662875,OLS,GIS,Municipality
ols_gis_mun,255,.23606673,.53076136,OLS,GIS,Municipality
ols_gis_mun,256,.23332034,.66590285,OLS,GIS,Municipality
ols_gis_mun,257,.23697534,.49054408,OLS,GIS,Municipality
ols_gis_mun,258,.236535,.51328915,OLS,GIS,Municipality
ols_gis_mun,259,.2342426,.61200213,OLS,GIS,Municipality
ols_gis_mun,260,.23110668,.76443279,OLS,GIS,Municipality
ols_gis_mun,261,.23377031,.64383912,OLS,GIS,Municipality
ols_gis_mun,262,.23320499,.65256035,OLS,GIS,Municipality
ols_gis_mun,263,.23581016,.54804766,OLS,GIS,Municipality
ols_gis_mun,264,.2353999,.55040872,OLS,GIS,Municipality
ols_gis_mun,265,.23572212,.53161317,OLS,GIS,Municipality
ols_gis_mun,266,.23340745,.6578418,OLS,GIS,Municipality
ols_gis_mun,267,.23366638,.64393944,OLS,GIS,Municipality
ols_gis_mun,268,.23369795,.63517714,OLS,GIS,Municipality
ols_gis_mun,269,.23236935,.71096939,OLS,GIS,Municipality
ols_gis_mun,270,.23469542,.59954739,OLS,GIS,Municipality
ols_gis_mun,271,.2356226,.55264604,OLS,GIS,Municipality
ols_gis_mun,272,.2363434,.52580148,OLS,GIS,Municipality
ols_gis_mun,273,.23224749,.72775906,OLS,GIS,Municipality
ols_gis_mun,274,.23336694,.65022665,OLS,GIS,Municipality
ols_gis_mun,275,.23344599,.65057451,OLS,GIS,Municipality
ols_gis_mun,276,.23177908,.73006254,OLS,GIS,Municipality
ols_gis_mun,277,.23435368,.60443491,OLS,GIS,Municipality
ols_gis_mun,278,.23215726,.71488869,OLS,GIS,Municipality
ols_gis_mun,279,.23361717,.64536315,OLS,GIS,Municipality
ols_gis_mun,280,.23639806,.50983739,OLS,GIS,Municipality
ols_gis_mun,281,.23403469,.64149916,OLS,GIS,Municipality
ols_gis_mun,282,.23463841,.60245985,OLS,GIS,Municipality
ols_gis_mun,283,.23492475,.58970064,OLS,GIS,Municipality
ols_gis_mun,284,.23414239,.62908435,OLS,GIS,Municipality
ols_gis_mun,285,.23314649,.67068881,OLS,GIS,Municipality
ols_gis_mun,286,.23325439,.66434401,OLS,GIS,Municipality
ols_gis_mun,287,.23278835,.69471562,OLS,GIS,Municipality
ols_gis_mun,288,.23437527,.62724608,OLS,GIS,Municipality
ols_gis_mun,289,.23409313,.63457102,OLS,GIS,Municipality
ols_gis_mun,290,.23251918,.69001919,OLS,GIS,Municipality
ols_gis_mun,291,.23489541,.58854944,OLS,GIS,Municipality
ols_gis_mun,292,.23671959,.49200258,OLS,GIS,Municipality
ols_gis_mun,293,.23523182,.56326598,OLS,GIS,Municipality
ols_gis_mun,294,.23224755,.71874136,OLS,GIS,Municipality
ols_gis_mun,295,.23309617,.6821748,OLS,GIS,Municipality
ols_gis_mun,296,.23550911,.56750977,OLS,GIS,Municipality
ols_gis_mun,297,.23288117,.68120837,OLS,GIS,Municipality
ols_gis_mun,298,.23430683,.6228199,OLS,GIS,Municipality
ols_gis_mun,299,.23804627,.43870622,OLS,GIS,Municipality
ols_gis_mun,300,.23505418,.59201324,OLS,GIS,Municipality
ols_gis_mun,301,.23313873,.67479742,OLS,GIS,Municipality
ols_gis_mun,302,.23483026,.58912706,OLS,GIS,Municipality
ols_gis_mun,303,.23622358,.53180194,OLS,GIS,Municipality
ols_gis_mun,304,.23736562,.46394807,OLS,GIS,Municipality
ols_gis_mun,305,.23549621,.56355619,OLS,GIS,Municipality
ols_gis_mun,306,.23563711,.54756528,OLS,GIS,Municipality
ols_gis_mun,307,.23529653,.57389617,OLS,GIS,Municipality
ols_gis_mun,308,.23471268,.59394097,OLS,GIS,Municipality
ols_gis_mun,309,.23446566,.61117822,OLS,GIS,Municipality
ols_gis_mun,310,.23524646,.58313572,OLS,GIS,Municipality
ols_gis_mun,311,.23573589,.5420689,OLS,GIS,Municipality
ols_gis_mun,312,.23326655,.66275555,OLS,GIS,Municipality
ols_gis_mun,313,.2327963,.69972283,OLS,GIS,Municipality
ols_gis_mun,314,.23798448,.42273188,OLS,GIS,Municipality
ols_gis_mun,315,.2337157,.64503533,OLS,GIS,Municipality
ols_gis_mun,316,.23443687,.61087149,OLS,GIS,Municipality
ols_gis_mun,317,.23341788,.66462398,OLS,GIS,Municipality
ols_gis_mun,318,.23291859,.68816102,OLS,GIS,Municipality
ols_gis_mun,319,.23664513,.4933379,OLS,GIS,Municipality
ols_gis_mun,320,.23370732,.66022968,OLS,GIS,Municipality
ols_gis_mun,321,.23383707,.63938552,OLS,GIS,Municipality
ols_gis_mun,322,.23465994,.58134824,OLS,GIS,Municipality
ols_gis_mun,323,.23610321,.52928346,OLS,GIS,Municipality
ols_gis_mun,324,.23293695,.67689967,OLS,GIS,Municipality
ols_gis_mun,325,.23653859,.52952123,OLS,GIS,Municipality
ols_gis_mun,326,.23528121,.56942153,OLS,GIS,Municipality
ols_gis_mun,327,.23401172,.61873865,OLS,GIS,Municipality
ols_gis_mun,328,.2357053,.54886246,OLS,GIS,Municipality
ols_gis_mun,329,.2331551,.69012296,OLS,GIS,Municipality
ols_gis_mun,330,.23544061,.55989003,OLS,GIS,Municipality
ols_gis_mun,331,.23469995,.60255444,OLS,GIS,Municipality
ols_gis_mun,332,.2340309,.61572647,OLS,GIS,Municipality
ols_gis_mun,333,.23364782,.65093654,OLS,GIS,Municipality
ols_gis_mun,334,.23358093,.64823908,OLS,GIS,Municipality
ols_gis_mun,335,.23266537,.68727952,OLS,GIS,Municipality
ols_gis_mun,336,.23619752,.52271461,OLS,GIS,Municipality
ols_gis_mun,337,.23363653,.64188516,OLS,GIS,Municipality
ols_gis_mun,338,.23445065,.6088115,OLS,GIS,Municipality
ols_gis_mun,339,.23521154,.56396502,OLS,GIS,Municipality
ols_gis_mun,340,.23295613,.67984456,OLS,GIS,Municipality
ols_gis_mun,341,.23409705,.63131481,OLS,GIS,Municipality
ols_gis_mun,342,.23501515,.57999468,OLS,GIS,Municipality
ols_gis_mun,343,.23330154,.66560352,OLS,GIS,Municipality
ols_gis_mun,344,.23470052,.59722626,OLS,GIS,Municipality
ols_gis_mun,345,.23615092,.52822983,OLS,GIS,Municipality
ols_gis_mun,346,.23557314,.54785496,OLS,GIS,Municipality
ols_gis_mun,347,.23349525,.65076262,OLS,GIS,Municipality
ols_gis_mun,348,.23341385,.66550541,OLS,GIS,Municipality
ols_gis_mun,349,.23321864,.67392451,OLS,GIS,Municipality
ols_gis_mun,350,.23424366,.61766106,OLS,GIS,Municipality
ols_gis_mun,351,.23265575,.69333929,OLS,GIS,Municipality
ols_gis_mun,352,.23543875,.5730592,OLS,GIS,Municipality
ols_gis_mun,353,.23360091,.64079785,OLS,GIS,Municipality
ols_gis_mun,354,.23762491,.45842203,OLS,GIS,Municipality
ols_gis_mun,355,.23332003,.66055238,OLS,GIS,Municipality
ols_gis_mun,356,.2346358,.60511565,OLS,GIS,Municipality
ols_gis_mun,357,.2352253,.58774096,OLS,GIS,Municipality
ols_gis_mun,358,.23466639,.59628379,OLS,GIS,Municipality
ols_gis_mun,359,.23470238,.58387011,OLS,GIS,Municipality
ols_gis_mun,360,.23345448,.66240942,OLS,GIS,Municipality
ols_gis_mun,361,.23481995,.58326685,OLS,GIS,Municipality
ols_gis_mun,362,.23272884,.68910176,OLS,GIS,Municipality
ols_gis_mun,363,.23534103,.55581164,OLS,GIS,Municipality
ols_gis_mun,364,.23508695,.56666648,OLS,GIS,Municipality
ols_gis_mun,365,.23640551,.50487465,OLS,GIS,Municipality
ols_gis_mun,366,.23298796,.68295825,OLS,GIS,Municipality
ols_gis_mun,367,.23588058,.53937143,OLS,GIS,Municipality
ols_gis_mun,368,.23371601,.64064729,OLS,GIS,Municipality
ols_gis_mun,369,.23369944,.64812106,OLS,GIS,Municipality
ols_gis_mun,370,.23257187,.70851195,OLS,GIS,Municipality
ols_gis_mun,371,.23332611,.64706337,OLS,GIS,Municipality
ols_gis_mun,372,.23499952,.57047516,OLS,GIS,Municipality
ols_gis_mun,373,.23321927,.67340797,OLS,GIS,Municipality
ols_gis_mun,374,.2346126,.60909027,OLS,GIS,Municipality
ols_gis_mun,375,.23479681,.59062946,OLS,GIS,Municipality
ols_gis_mun,376,.23434852,.61410719,OLS,GIS,Municipality
ols_gis_mun,377,.23247235,.69848615,OLS,GIS,Municipality
ols_gis_mun,378,.23445965,.60856974,OLS,GIS,Municipality
ols_gis_mun,379,.23310547,.66235071,OLS,GIS,Municipality
ols_gis_mun,380,.23450574,.61233056,OLS,GIS,Municipality
ols_gis_mun,381,.23374425,.63454139,OLS,GIS,Municipality
ols_gis_mun,382,.2351913,.56496966,OLS,GIS,Municipality
ols_gis_mun,383,.23508577,.58216929,OLS,GIS,Municipality
ols_gis_mun,384,.23668286,.48018187,OLS,GIS,Municipality
ols_gis_mun,385,.23264483,.71216047,OLS,GIS,Municipality
ols_gis_mun,386,.23376349,.63083363,OLS,GIS,Municipality
ols_gis_mun,387,.23291573,.67113298,OLS,GIS,Municipality
ols_gis_mun,388,.23452349,.61060578,OLS,GIS,Municipality
ols_gis_mun,389,.23461066,.5889554,OLS,GIS,Municipality
ols_gis_mun,390,.23372129,.64463276,OLS,GIS,Municipality
ols_gis_mun,391,.23428492,.62696272,OLS,GIS,Municipality
ols_gis_mun,392,.23319699,.66561949,OLS,GIS,Municipality
ols_gis_mun,393,.23416573,.6234585,OLS,GIS,Municipality
ols_gis_mun,394,.23454838,.60608268,OLS,GIS,Municipality
ols_gis_mun,395,.23613939,.52252418,OLS,GIS,Municipality
ols_gis_mun,396,.23394738,.63164949,OLS,GIS,Municipality
ols_gis_mun,397,.23794179,.45226023,OLS,GIS,Municipality
ols_gis_mun,398,.23380704,.64377123,OLS,GIS,Municipality
ols_gis_mun,399,.2365227,.51097828,OLS,GIS,Municipality
ols_gis_mun,400,.23322976,.65540439,OLS,GIS,Municipality
ols_gis_mun,401,.23398276,.6290347,OLS,GIS,Municipality
ols_gis_mun,402,.234557,.58414608,OLS,GIS,Municipality
ols_gis_mun,403,.23406875,.62725979,OLS,GIS,Municipality
ols_gis_mun,404,.23393112,.64653772,OLS,GIS,Municipality
ols_gis_mun,405,.23356897,.65401089,OLS,GIS,Municipality
ols_gis_mun,406,.23544967,.55877364,OLS,GIS,Municipality
ols_gis_mun,407,.23201388,.71448618,OLS,GIS,Municipality
ols_gis_mun,408,.23576884,.54953182,OLS,GIS,Municipality
ols_gis_mun,409,.23301773,.67390573,OLS,GIS,Municipality
ols_gis_mun,410,.23420711,.62181354,OLS,GIS,Municipality
ols_gis_mun,411,.23327604,.6803292,OLS,GIS,Municipality
ols_gis_mun,412,.23532818,.55478531,OLS,GIS,Municipality
ols_gis_mun,413,.23361617,.65712225,OLS,GIS,Municipality
ols_gis_mun,414,.23389614,.64926308,OLS,GIS,Municipality
ols_gis_mun,415,.23347013,.65909564,OLS,GIS,Municipality
ols_gis_mun,416,.23435391,.60949057,OLS,GIS,Municipality
ols_gis_mun,417,.235669,.55719143,OLS,GIS,Municipality
ols_gis_mun,418,.23340671,.66140366,OLS,GIS,Municipality
ols_gis_mun,419,.23354557,.6572637,OLS,GIS,Municipality
ols_gis_mun,420,.2345833,.60984915,OLS,GIS,Municipality
ols_gis_mun,421,.23705141,.48242548,OLS,GIS,Municipality
ols_gis_mun,422,.2347326,.59400028,OLS,GIS,Municipality
ols_gis_mun,423,.23450978,.60037071,OLS,GIS,Municipality
ols_gis_mun,424,.23577021,.54622197,OLS,GIS,Municipality
ols_gis_mun,425,.23474017,.59629458,OLS,GIS,Municipality
ols_gis_mun,426,.23218811,.72073579,OLS,GIS,Municipality
ols_gis_mun,427,.23427127,.62019545,OLS,GIS,Municipality
ols_gis_mun,428,.23457046,.59254175,OLS,GIS,Municipality
ols_gis_mun,429,.2346739,.60709298,OLS,GIS,Municipality
ols_gis_mun,430,.2332076,.6620816,OLS,GIS,Municipality
ols_gis_mun,431,.23363027,.64254314,OLS,GIS,Municipality
ols_gis_mun,432,.23456295,.60889417,OLS,GIS,Municipality
ols_gis_mun,433,.23424707,.61459124,OLS,GIS,Municipality
ols_gis_mun,434,.23568979,.55210614,OLS,GIS,Municipality
ols_gis_mun,435,.23229165,.71330196,OLS,GIS,Municipality
ols_gis_mun,436,.23415419,.62119609,OLS,GIS,Municipality
ols_gis_mun,437,.23349898,.660537,OLS,GIS,Municipality
ols_gis_mun,438,.23454559,.5934757,OLS,GIS,Municipality
ols_gis_mun,439,.23648499,.50060868,OLS,GIS,Municipality
ols_gis_mun,440,.23315859,.66684592,OLS,GIS,Municipality
ols_gis_mun,441,.23347776,.6537087,OLS,GIS,Municipality
ols_gis_mun,442,.23390371,.63227326,OLS,GIS,Municipality
ols_gis_mun,443,.23513435,.58308953,OLS,GIS,Municipality
ols_gis_mun,444,.23310293,.67606038,OLS,GIS,Municipality
ols_gis_mun,445,.2354632,.58034247,OLS,GIS,Municipality
ols_gis_mun,446,.23441119,.60671496,OLS,GIS,Municipality
ols_gis_mun,447,.23509209,.59394211,OLS,GIS,Municipality
ols_gis_mun,448,.23426625,.63091969,OLS,GIS,Municipality
ols_gis_mun,449,.23275125,.70049256,OLS,GIS,Municipality
ols_gis_mun,450,.23360923,.63763851,OLS,GIS,Municipality
ols_gis_mun,451,.23491488,.59074748,OLS,GIS,Municipality
ols_gis_mun,452,.23443818,.60401922,OLS,GIS,Municipality
ols_gis_mun,453,.23569767,.55456811,OLS,GIS,Municipality
ols_gis_mun,454,.2323328,.7093159,OLS,GIS,Municipality
ols_gis_mun,455,.23444904,.61432898,OLS,GIS,Municipality
ols_gis_mun,456,.23424168,.61036462,OLS,GIS,Municipality
ols_gis_mun,457,.23519857,.5765577,OLS,GIS,Municipality
ols_gis_mun,458,.23428033,.62684643,OLS,GIS,Municipality
ols_gis_mun,459,.23376143,.63653529,OLS,GIS,Municipality
ols_gis_mun,460,.23264284,.70089227,OLS,GIS,Municipality
ols_gis_mun,461,.23380958,.63955772,OLS,GIS,Municipality
ols_gis_mun,462,.23479998,.59051597,OLS,GIS,Municipality
ols_gis_mun,463,.23514614,.56401408,OLS,GIS,Municipality
ols_gis_mun,464,.2333567,.65086472,OLS,GIS,Municipality
ols_gis_mun,465,.23271991,.6814667,OLS,GIS,Municipality
ols_gis_mun,466,.23439804,.61881047,OLS,GIS,Municipality
ols_gis_mun,467,.23364677,.65077633,OLS,GIS,Municipality
ols_gis_mun,468,.2343448,.60851783,OLS,GIS,Municipality
ols_gis_mun,469,.234643,.61218572,OLS,GIS,Municipality
ols_gis_mun,470,.23235545,.71591216,OLS,GIS,Municipality
ols_gis_mun,471,.23498407,.57573837,OLS,GIS,Municipality
ols_gis_mun,472,.234506,.60387152,OLS,GIS,Municipality
ols_gis_mun,473,.2356203,.54627442,OLS,GIS,Municipality
ols_gis_mun,474,.23510736,.58608121,OLS,GIS,Municipality
ols_gis_mun,475,.23390836,.6171034,OLS,GIS,Municipality
ols_gis_mun,476,.23350747,.66320425,OLS,GIS,Municipality
ols_gis_mun,477,.23561583,.55568165,OLS,GIS,Municipality
ols_gis_mun,478,.23343134,.6576491,OLS,GIS,Municipality
ols_gis_mun,479,.23534364,.55167907,OLS,GIS,Municipality
ols_gis_mun,480,.23450413,.61775512,OLS,GIS,Municipality
ols_gis_mun,481,.23430781,.59782892,OLS,GIS,Municipality
ols_gis_mun,482,.23446201,.62258327,OLS,GIS,Municipality
ols_gis_mun,483,.23242761,.71962112,OLS,GIS,Municipality
ols_gis_mun,484,.23477696,.59387541,OLS,GIS,Municipality
ols_gis_mun,485,.2353254,.56450385,OLS,GIS,Municipality
ols_gis_mun,486,.23569271,.55769145,OLS,GIS,Municipality
ols_gis_mun,487,.23585497,.54435587,OLS,GIS,Municipality
ols_gis_mun,488,.23245738,.70028502,OLS,GIS,Municipality
ols_gis_mun,489,.23132224,.76531368,OLS,GIS,Municipality
ols_gis_mun,490,.23563817,.55483037,OLS,GIS,Municipality
ols_gis_mun,491,.2333132,.67240447,OLS,GIS,Municipality
ols_gis_mun,492,.23359372,.64960748,OLS,GIS,Municipality
ols_gis_mun,493,.23325402,.66509831,OLS,GIS,Municipality
ols_gis_mun,494,.23323658,.67151839,OLS,GIS,Municipality
ols_gis_mun,495,.23481275,.59486061,OLS,GIS,Municipality
ols_gis_mun,496,.2347357,.58598429,OLS,GIS,Municipality
ols_gis_mun,497,.23367277,.64492297,OLS,GIS,Municipality
ols_gis_mun,498,.23447895,.60625088,OLS,GIS,Municipality
ols_gis_mun,499,.23270105,.69598937,OLS,GIS,Municipality
ols_gis_mun,500,.23509103,.5644753,OLS,GIS,Municipality
ols_census_mun,1,.24637882,.02117143,OLS,Census agg.,Municipality
ols_census_mun,2,.24558362,.065023527,OLS,Census agg.,Municipality
ols_census_mun,3,.24571244,.06945087,OLS,Census agg.,Municipality
ols_census_mun,4,.24558382,.070802733,OLS,Census agg.,Municipality
ols_census_mun,5,.24553195,.068520926,OLS,Census agg.,Municipality
ols_census_mun,6,.24525739,.088631272,OLS,Census agg.,Municipality
ols_census_mun,7,.24537255,.081758484,OLS,Census agg.,Municipality
ols_census_mun,8,.24567781,.061006129,OLS,Census agg.,Municipality
ols_census_mun,9,.24573955,.06538216,OLS,Census agg.,Municipality
ols_census_mun,10,.24523598,.091336146,OLS,Census agg.,Municipality
ols_census_mun,11,.24542101,.074019045,OLS,Census agg.,Municipality
ols_census_mun,12,.24521396,.095000036,OLS,Census agg.,Municipality
ols_census_mun,13,.24607064,.044740982,OLS,Census agg.,Municipality
ols_census_mun,14,.24604774,.043693587,OLS,Census agg.,Municipality
ols_census_mun,15,.24534233,.088631846,OLS,Census agg.,Municipality
ols_census_mun,16,.24625622,.028572764,OLS,Census agg.,Municipality
ols_census_mun,17,.24583362,.062562115,OLS,Census agg.,Municipality
ols_census_mun,18,.24610376,.042504787,OLS,Census agg.,Municipality
ols_census_mun,19,.24586663,.051582415,OLS,Census agg.,Municipality
ols_census_mun,20,.24569997,.068934299,OLS,Census agg.,Municipality
ols_census_mun,21,.24606872,.043867487,OLS,Census agg.,Municipality
ols_census_mun,22,.24576996,.056974478,OLS,Census agg.,Municipality
ols_census_mun,23,.24559386,.076891541,OLS,Census agg.,Municipality
ols_census_mun,24,.24558195,.071087815,OLS,Census agg.,Municipality
ols_census_mun,25,.24567409,.067056164,OLS,Census agg.,Municipality
ols_census_mun,26,.24582525,.063184738,OLS,Census agg.,Municipality
ols_census_mun,27,.2455969,.076018617,OLS,Census agg.,Municipality
ols_census_mun,28,.24601777,.047710981,OLS,Census agg.,Municipality
ols_census_mun,29,.24583758,.053083092,OLS,Census agg.,Municipality
ols_census_mun,30,.24561267,.069933228,OLS,Census agg.,Municipality
ols_census_mun,31,.24597484,.051525965,OLS,Census agg.,Municipality
ols_census_mun,32,.24537255,.081758484,OLS,Census agg.,Municipality
ols_census_mun,33,.24569599,.059708428,OLS,Census agg.,Municipality
ols_census_mun,34,.24546282,.078011923,OLS,Census agg.,Municipality
ols_census_mun,35,.24512553,.098119989,OLS,Census agg.,Municipality
ols_census_mun,36,.24586663,.051582415,OLS,Census agg.,Municipality
ols_census_mun,37,.24591124,.057978544,OLS,Census agg.,Municipality
ols_census_mun,38,.24550459,.081110775,OLS,Census agg.,Municipality
ols_census_mun,39,.24563861,.070174411,OLS,Census agg.,Municipality
ols_census_mun,40,.24539377,.081854843,OLS,Census agg.,Municipality
ols_census_mun,41,.24576773,.059292208,OLS,Census agg.,Municipality
ols_census_mun,42,.24566144,.06596145,OLS,Census agg.,Municipality
ols_census_mun,43,.24586663,.051582415,OLS,Census agg.,Municipality
ols_census_mun,44,.24525943,.088732764,OLS,Census agg.,Municipality
ols_census_mun,45,.246115,.038950369,OLS,Census agg.,Municipality
ols_census_mun,46,.24545103,.073932379,OLS,Census agg.,Municipality
ols_census_mun,47,.24577449,.055614062,OLS,Census agg.,Municipality
ols_census_mun,48,.24572355,.07044296,OLS,Census agg.,Municipality
ols_census_mun,49,.24567781,.061006129,OLS,Census agg.,Municipality
ols_census_mun,50,.24601777,.047710981,OLS,Census agg.,Municipality
ols_census_mun,51,.24610376,.042504787,OLS,Census agg.,Municipality
ols_census_mun,52,.24569997,.068934299,OLS,Census agg.,Municipality
ols_census_mun,53,.24577487,.067026518,OLS,Census agg.,Municipality
ols_census_mun,54,.24486482,.11552433,OLS,Census agg.,Municipality
ols_census_mun,55,.24567738,.066650778,OLS,Census agg.,Municipality
ols_census_mun,56,.24574763,.067768306,OLS,Census agg.,Municipality
ols_census_mun,57,.24521656,.096524097,OLS,Census agg.,Municipality
ols_census_mun,58,.24556142,.067901723,OLS,Census agg.,Municipality
ols_census_mun,59,.24577449,.055614062,OLS,Census agg.,Municipality
ols_census_mun,60,.24502867,.10216875,OLS,Census agg.,Municipality
ols_census_mun,61,.24501137,.10041149,OLS,Census agg.,Municipality
ols_census_mun,62,.24518268,.090891987,OLS,Census agg.,Municipality
ols_census_mun,63,.24577449,.055614062,OLS,Census agg.,Municipality
ols_census_mun,64,.24534884,.085535273,OLS,Census agg.,Municipality
ols_census_mun,65,.24569842,.059095498,OLS,Census agg.,Municipality
ols_census_mun,66,.24591124,.057978544,OLS,Census agg.,Municipality
ols_census_mun,67,.24542777,.080824554,OLS,Census agg.,Municipality
ols_census_mun,68,.24565536,.062538169,OLS,Census agg.,Municipality
ols_census_mun,69,.24582617,.058743138,OLS,Census agg.,Municipality
ols_census_mun,70,.24576283,.064644933,OLS,Census agg.,Municipality
ols_census_mun,71,.24606636,.042103391,OLS,Census agg.,Municipality
ols_census_mun,72,.2460596,.044180509,OLS,Census agg.,Municipality
ols_census_mun,73,.24586663,.051582415,OLS,Census agg.,Municipality
ols_census_mun,74,.24615905,.033358745,OLS,Census agg.,Municipality
ols_census_mun,75,.24552245,.078075208,OLS,Census agg.,Municipality
ols_census_mun,76,.24520309,.093306646,OLS,Census agg.,Municipality
ols_census_mun,77,.24578901,.056165982,OLS,Census agg.,Municipality
ols_census_mun,78,.24551569,.07504192,OLS,Census agg.,Municipality
ols_census_mun,79,.24613002,.038763925,OLS,Census agg.,Municipality
ols_census_mun,80,.24546617,.074229434,OLS,Census agg.,Municipality
ols_census_mun,81,.24575494,.062047254,OLS,Census agg.,Municipality
ols_census_mun,82,.24591124,.057978544,OLS,Census agg.,Municipality
ols_census_mun,83,.24521278,.091102377,OLS,Census agg.,Municipality
ols_census_mun,84,.24578063,.056788605,OLS,Census agg.,Municipality
ols_census_mun,85,.24542609,.083506614,OLS,Census agg.,Municipality
ols_census_mun,86,.2451627,.099607557,OLS,Census agg.,Municipality
ols_census_mun,87,.24635623,.022052338,OLS,Census agg.,Municipality
ols_census_mun,88,.24534823,.087313049,OLS,Census agg.,Municipality
ols_census_mun,89,.24505803,.098780811,OLS,Census agg.,Municipality
ols_census_mun,90,.24610651,.042533867,OLS,Census agg.,Municipality
ols_census_mun,91,.24566734,.070734315,OLS,Census agg.,Municipality
ols_census_mun,92,.24523567,.092975378,OLS,Census agg.,Municipality
ols_census_mun,93,.24591124,.057978544,OLS,Census agg.,Municipality
ols_census_mun,94,.2456512,.066421568,OLS,Census agg.,Municipality
ols_census_mun,95,.2455119,.073906153,OLS,Census agg.,Municipality
ols_census_mun,96,.24567409,.067056164,OLS,Census agg.,Municipality
ols_census_mun,97,.24518001,.094202943,OLS,Census agg.,Municipality
ols_census_mun,98,.24531105,.082903378,OLS,Census agg.,Municipality
ols_census_mun,99,.24511002,.096958563,OLS,Census agg.,Municipality
ols_census_mun,100,.24601777,.047710981,OLS,Census agg.,Municipality
ols_census_mun,101,.2452119,.095580466,OLS,Census agg.,Municipality
ols_census_mun,102,.24561968,.073409535,OLS,Census agg.,Municipality
ols_census_mun,103,.24533166,.086578108,OLS,Census agg.,Municipality
ols_census_mun,104,.24567409,.067056164,OLS,Census agg.,Municipality
ols_census_mun,105,.24603018,.03867954,OLS,Census agg.,Municipality
ols_census_mun,106,.24586663,.051582415,OLS,Census agg.,Municipality
ols_census_mun,107,.24528338,.088831402,OLS,Census agg.,Municipality
ols_census_mun,108,.24521582,.088655792,OLS,Census agg.,Municipality
ols_census_mun,109,.24555856,.080424294,OLS,Census agg.,Municipality
ols_census_mun,110,.24520576,.093414977,OLS,Census agg.,Municipality
ols_census_mun,111,.2454627,.073916413,OLS,Census agg.,Municipality
ols_census_mun,112,.24573819,.065825745,OLS,Census agg.,Municipality
ols_census_mun,113,.24601777,.047710981,OLS,Census agg.,Municipality
ols_census_mun,114,.2456919,.064506955,OLS,Census agg.,Municipality
ols_census_mun,115,.2451753,.094559297,OLS,Census agg.,Municipality
ols_census_mun,116,.24546792,.080617011,OLS,Census agg.,Municipality
ols_census_mun,117,.24552245,.078075208,OLS,Census agg.,Municipality
ols_census_mun,118,.24569997,.068934299,OLS,Census agg.,Municipality
ols_census_mun,119,.24549943,.077463418,OLS,Census agg.,Municipality
ols_census_mun,120,.24590398,.048870701,OLS,Census agg.,Municipality
ols_census_mun,121,.24511549,.097188905,OLS,Census agg.,Municipality
ols_census_mun,122,.24610376,.042504787,OLS,Census agg.,Municipality
ols_census_mun,123,.24584348,.05335734,OLS,Census agg.,Municipality
ols_census_mun,124,.24574749,.0590248,OLS,Census agg.,Municipality
ols_census_mun,125,.24548529,.076479882,OLS,Census agg.,Municipality
ols_census_mun,126,.24576996,.056974478,OLS,Census agg.,Municipality
ols_census_mun,127,.24596739,.051552765,OLS,Census agg.,Municipality
ols_census_mun,128,.24509011,.1045834,OLS,Census agg.,Municipality
ols_census_mun,129,.24579664,.060959376,OLS,Census agg.,Municipality
ols_census_mun,130,.24542044,.084178843,OLS,Census agg.,Municipality
ols_census_mun,131,.24528047,.088470489,OLS,Census agg.,Municipality
ols_census_mun,132,.24554881,.07332401,OLS,Census agg.,Municipality
ols_census_mun,133,.24522953,.089783013,OLS,Census agg.,Municipality
ols_census_mun,134,.24547492,.071339257,OLS,Census agg.,Municipality
ols_census_mun,135,.24543136,.07915967,OLS,Census agg.,Municipality
ols_census_mun,136,.24567409,.067056164,OLS,Census agg.,Municipality
ols_census_mun,137,.24569997,.068934299,OLS,Census agg.,Municipality
ols_census_mun,138,.24573633,.066857748,OLS,Census agg.,Municipality
ols_census_mun,139,.24545854,.076552294,OLS,Census agg.,Municipality
ols_census_mun,140,.24523821,.083457582,OLS,Census agg.,Municipality
ols_census_mun,141,.24530976,.082345188,OLS,Census agg.,Municipality
ols_census_mun,142,.24546723,.0831993,OLS,Census agg.,Municipality
ols_census_mun,143,.24583709,.054595742,OLS,Census agg.,Municipality
ols_census_mun,144,.24533755,.084279761,OLS,Census agg.,Municipality
ols_census_mun,145,.2446726,.12372161,OLS,Census agg.,Municipality
ols_census_mun,146,.24572572,.059966143,OLS,Census agg.,Municipality
ols_census_mun,147,.24526738,.0878473,OLS,Census agg.,Municipality
ols_census_mun,148,.24554881,.072805725,OLS,Census agg.,Municipality
ols_census_mun,149,.24574749,.0590248,OLS,Census agg.,Municipality
ols_census_mun,150,.24502179,.10264996,OLS,Census agg.,Municipality
ols_census_mun,151,.24515712,.094780527,OLS,Census agg.,Municipality
ols_census_mun,152,.24552028,.068333343,OLS,Census agg.,Municipality
ols_census_mun,153,.24582095,.06172511,OLS,Census agg.,Municipality
ols_census_mun,154,.24545439,.074980915,OLS,Census agg.,Municipality
ols_census_mun,155,.24523498,.09419097,OLS,Census agg.,Municipality
ols_census_mun,156,.24543534,.080570832,OLS,Census agg.,Municipality
ols_census_mun,157,.24586663,.051582415,OLS,Census agg.,Municipality
ols_census_mun,158,.24537255,.081758484,OLS,Census agg.,Municipality
ols_census_mun,159,.24558195,.074457504,OLS,Census agg.,Municipality
ols_census_mun,160,.24458337,.12574285,OLS,Census agg.,Municipality
ols_census_mun,161,.24591124,.057978544,OLS,Census agg.,Municipality
ols_census_mun,162,.24593022,.045129836,OLS,Census agg.,Municipality
ols_census_mun,163,.24497421,.10272124,OLS,Census agg.,Municipality
ols_census_mun,164,.24536206,.084888704,OLS,Census agg.,Municipality
ols_census_mun,165,.24562725,.074208908,OLS,Census agg.,Municipality
ols_census_mun,166,.24589249,.053460542,OLS,Census agg.,Municipality
ols_census_mun,167,.24536057,.091448471,OLS,Census agg.,Municipality
ols_census_mun,168,.24581183,.052902348,OLS,Census agg.,Municipality
ols_census_mun,169,.24507764,.099436507,OLS,Census agg.,Municipality
ols_census_mun,170,.2454789,.082273915,OLS,Census agg.,Municipality
ols_census_mun,171,.24508917,.096343353,OLS,Census agg.,Municipality
ols_census_mun,172,.24621768,.032731559,OLS,Census agg.,Municipality
ols_census_mun,173,.24572274,.06207576,OLS,Census agg.,Municipality
ols_census_mun,174,.2454555,.081265859,OLS,Census agg.,Municipality
ols_census_mun,175,.2453128,.091973595,OLS,Census agg.,Municipality
ols_census_mun,176,.2455181,.078956686,OLS,Census agg.,Municipality
ols_census_mun,177,.24555658,.077554077,OLS,Census agg.,Municipality
ols_census_mun,178,.24531899,.090263665,OLS,Census agg.,Municipality
ols_census_mun,179,.24610376,.042504787,OLS,Census agg.,Municipality
ols_census_mun,180,.2458616,.061108187,OLS,Census agg.,Municipality
ols_census_mun,181,.24528053,.088590793,OLS,Census agg.,Municipality
ols_census_mun,182,.245361,.086318113,OLS,Census agg.,Municipality
ols_census_mun,183,.24537843,.084672607,OLS,Census agg.,Municipality
ols_census_mun,184,.24561241,.064301692,OLS,Census agg.,Municipality
ols_census_mun,185,.24601777,.047710981,OLS,Census agg.,Municipality
ols_census_mun,186,.24536045,.089319468,OLS,Census agg.,Municipality
ols_census_mun,187,.24520768,.091736406,OLS,Census agg.,Municipality
ols_census_mun,188,.24569997,.068934299,OLS,Census agg.,Municipality
ols_census_mun,189,.24617748,.037716527,OLS,Census agg.,Municipality
ols_census_mun,190,.24592985,.050748829,OLS,Census agg.,Municipality
ols_census_mun,191,.24524988,.092180565,OLS,Census agg.,Municipality
ols_census_mun,192,.24592985,.050748829,OLS,Census agg.,Municipality
ols_census_mun,193,.24572647,.058350291,OLS,Census agg.,Municipality
ols_census_mun,194,.24475983,.11634081,OLS,Census agg.,Municipality
ols_census_mun,195,.24578597,.063728102,OLS,Census agg.,Municipality
ols_census_mun,196,.24558382,.070802733,OLS,Census agg.,Municipality
ols_census_mun,197,.24503154,.10498993,OLS,Census agg.,Municipality
ols_census_mun,198,.24561539,.073916987,OLS,Census agg.,Municipality
ols_census_mun,199,.24567409,.067056164,OLS,Census agg.,Municipality
ols_census_mun,200,.24543782,.083431929,OLS,Census agg.,Municipality
ols_census_mun,201,.24532582,.092436567,OLS,Census agg.,Municipality
ols_census_mun,202,.24556868,.076262079,OLS,Census agg.,Municipality
ols_census_mun,203,.24469623,.12249234,OLS,Census agg.,Municipality
ols_census_mun,204,.24601349,.046251353,OLS,Census agg.,Municipality
ols_census_mun,205,.24604495,.039528519,OLS,Census agg.,Municipality
ols_census_mun,206,.24569997,.068934299,OLS,Census agg.,Municipality
ols_census_mun,207,.24582525,.063184738,OLS,Census agg.,Municipality
ols_census_mun,208,.24550173,.073062301,OLS,Census agg.,Municipality
ols_census_mun,209,.24505909,.099071026,OLS,Census agg.,Municipality
ols_census_mun,210,.2456623,.066366263,OLS,Census agg.,Municipality
ols_census_mun,211,.24545854,.076552294,OLS,Census agg.,Municipality
ols_census_mun,212,.24586663,.051582415,OLS,Census agg.,Municipality
ols_census_mun,213,.24538508,.077223383,OLS,Census agg.,Municipality
ols_census_mun,214,.24614014,.04042824,OLS,Census agg.,Municipality
ols_census_mun,215,.24517244,.094492018,OLS,Census agg.,Municipality
ols_census_mun,216,.24546282,.0785302,OLS,Census agg.,Municipality
ols_census_mun,217,.24560212,.075714149,OLS,Census agg.,Municipality
ols_census_mun,218,.24560411,.067480944,OLS,Census agg.,Municipality
ols_census_mun,219,.24447659,.13016507,OLS,Census agg.,Municipality
ols_census_mun,220,.24571095,.058769934,OLS,Census agg.,Municipality
ols_census_mun,221,.24491669,.10537023,OLS,Census agg.,Municipality
ols_census_mun,222,.24545668,.076837376,OLS,Census agg.,Municipality
ols_census_mun,223,.24562843,.074398205,OLS,Census agg.,Municipality
ols_census_mun,224,.24565536,.063056447,OLS,Census agg.,Municipality
ols_census_mun,225,.24578063,.056788605,OLS,Census agg.,Municipality
ols_census_mun,226,.24567974,.065357074,OLS,Census agg.,Municipality
ols_census_mun,227,.24589249,.053460542,OLS,Census agg.,Municipality
ols_census_mun,228,.2459785,.048254348,OLS,Census agg.,Municipality
ols_census_mun,229,.24542969,.080248117,OLS,Census agg.,Municipality
ols_census_mun,230,.24589249,.053460542,OLS,Census agg.,Municipality
ols_census_mun,231,.2455173,.078804456,OLS,Census agg.,Municipality
ols_census_mun,232,.24574749,.060223859,OLS,Census agg.,Municipality
ols_census_mun,233,.24537069,.082043573,OLS,Census agg.,Municipality
ols_census_mun,234,.2451019,.098980941,OLS,Census agg.,Municipality
ols_census_mun,235,.24516071,.092917792,OLS,Census agg.,Municipality
ols_census_mun,236,.24601777,.047710981,OLS,Census agg.,Municipality
ols_census_mun,237,.24546213,.077661842,OLS,Census agg.,Municipality
ols_census_mun,238,.24586663,.051582415,OLS,Census agg.,Municipality
ols_census_mun,239,.24559331,.075018547,OLS,Census agg.,Municipality
ols_census_mun,240,.24567893,.063190438,OLS,Census agg.,Municipality
ols_census_mun,241,.24555323,.065729387,OLS,Census agg.,Municipality
ols_census_mun,242,.24535188,.083494075,OLS,Census agg.,Municipality
ols_census_mun,243,.24534941,.084723353,OLS,Census agg.,Municipality
ols_census_mun,244,.24549565,.081418671,OLS,Census agg.,Municipality
ols_census_mun,245,.24534941,.084723353,OLS,Census agg.,Municipality
ols_census_mun,246,.24489962,.10845255,OLS,Census agg.,Municipality
ols_census_mun,247,.24607064,.044740982,OLS,Census agg.,Municipality
ols_census_mun,248,.24622998,.03231363,OLS,Census agg.,Municipality
ols_census_mun,249,.2455451,.075546518,OLS,Census agg.,Municipality
ols_census_mun,250,.24616638,.036687378,OLS,Census agg.,Municipality
ols_census_mun,251,.24552245,.078075208,OLS,Census agg.,Municipality
ols_census_mun,252,.24546599,.071235493,OLS,Census agg.,Municipality
ols_census_mun,253,.24530058,.087952204,OLS,Census agg.,Municipality
ols_census_mun,254,.2452116,.096265242,OLS,Census agg.,Municipality
ols_census_mun,255,.24546282,.078011923,OLS,Census agg.,Municipality
ols_census_mun,256,.24551786,.073951192,OLS,Census agg.,Municipality
ols_census_mun,257,.24625622,.028572764,OLS,Census agg.,Municipality
ols_census_mun,258,.24498667,.10375381,OLS,Census agg.,Municipality
ols_census_mun,259,.24533823,.087780587,OLS,Census agg.,Municipality
ols_census_mun,260,.24551041,.073017262,OLS,Census agg.,Municipality
ols_census_mun,261,.24497749,.10449047,OLS,Census agg.,Municipality
ols_census_mun,262,.24590398,.048870701,OLS,Census agg.,Municipality
ols_census_mun,263,.24569172,.060461618,OLS,Census agg.,Municipality
ols_census_mun,264,.24611084,.039756015,OLS,Census agg.,Municipality
ols_census_mun,265,.24597384,.052161131,OLS,Census agg.,Municipality
ols_census_mun,266,.24610376,.042504787,OLS,Census agg.,Municipality
ols_census_mun,267,.24594015,.052294552,OLS,Census agg.,Municipality
ols_census_mun,268,.24555174,.075240344,OLS,Census agg.,Municipality
ols_census_mun,269,.24577436,.062511936,OLS,Census agg.,Municipality
ols_census_mun,270,.24575637,.057965998,OLS,Census agg.,Municipality
ols_census_mun,271,.24561968,.073409535,OLS,Census agg.,Municipality
ols_census_mun,272,.24589249,.053460542,OLS,Census agg.,Municipality
ols_census_mun,273,.24547859,.071031943,OLS,Census agg.,Municipality
ols_census_mun,274,.2450427,.099872112,OLS,Census agg.,Municipality
ols_census_mun,275,.24467911,.12039413,OLS,Census agg.,Municipality
ols_census_mun,276,.24540767,.081063457,OLS,Census agg.,Municipality
ols_census_mun,277,.24553008,.068806008,OLS,Census agg.,Municipality
ols_census_mun,278,.24607064,.044740982,OLS,Census agg.,Municipality
ols_census_mun,279,.24558195,.071087815,OLS,Census agg.,Municipality
ols_census_mun,280,.24574086,.069845423,OLS,Census agg.,Municipality
ols_census_mun,281,.24547474,.082025327,OLS,Census agg.,Municipality
ols_census_mun,282,.24548982,.072018325,OLS,Census agg.,Municipality
ols_census_mun,283,.2450839,.090707824,OLS,Census agg.,Municipality
ols_census_mun,284,.24518858,.09380611,OLS,Census agg.,Municipality
ols_census_mun,285,.24478669,.11419128,OLS,Census agg.,Municipality
ols_census_mun,286,.24577449,.055614062,OLS,Census agg.,Municipality
ols_census_mun,287,.2453177,.089940377,OLS,Census agg.,Municipality
ols_census_mun,288,.24546282,.078011923,OLS,Census agg.,Municipality
ols_census_mun,289,.2456028,.073720276,OLS,Census agg.,Municipality
ols_census_mun,290,.24474451,.11712821,OLS,Census agg.,Municipality
ols_census_mun,291,.24564922,.061363623,OLS,Census agg.,Municipality
ols_census_mun,292,.24545854,.076552294,OLS,Census agg.,Municipality
ols_census_mun,293,.24622998,.03231363,OLS,Census agg.,Municipality
ols_census_mun,294,.24499449,.10291509,OLS,Census agg.,Municipality
ols_census_mun,295,.24575351,.065247029,OLS,Census agg.,Municipality
ols_census_mun,296,.24560429,.064854182,OLS,Census agg.,Municipality
ols_census_mun,297,.24515451,.092031181,OLS,Census agg.,Municipality
ols_census_mun,298,.24582525,.063184738,OLS,Census agg.,Municipality
ols_census_mun,299,.24625355,.026920991,OLS,Census agg.,Municipality
ols_census_mun,300,.24517636,.097768195,OLS,Census agg.,Municipality
ols_census_mun,301,.24513553,.093131028,OLS,Census agg.,Municipality
ols_census_mun,302,.24569997,.068934299,OLS,Census agg.,Municipality
ols_census_mun,303,.24616736,.036052212,OLS,Census agg.,Municipality
ols_census_mun,304,.24574135,.057331976,OLS,Census agg.,Municipality
ols_census_mun,305,.24546282,.0785302,OLS,Census agg.,Municipality
ols_census_mun,306,.24565536,.062538169,OLS,Census agg.,Municipality
ols_census_mun,307,.24515526,.094852932,OLS,Census agg.,Municipality
ols_census_mun,308,.24541926,.073955186,OLS,Census agg.,Municipality
ols_census_mun,309,.24570264,.062594041,OLS,Census agg.,Municipality
ols_census_mun,310,.24539661,.085861973,OLS,Census agg.,Municipality
ols_census_mun,311,.24530609,.08490923,OLS,Census agg.,Municipality
ols_census_mun,312,.24520142,.090570986,OLS,Census agg.,Municipality
ols_census_mun,313,.24549168,.074834384,OLS,Census agg.,Municipality
ols_census_mun,314,.24640408,.018065732,OLS,Census agg.,Municipality
ols_census_mun,315,.24561527,.068250664,OLS,Census agg.,Municipality
ols_census_mun,316,.24601777,.047710981,OLS,Census agg.,Municipality
ols_census_mun,317,.24579068,.064457916,OLS,Census agg.,Municipality
ols_census_mun,318,.24531962,.087211564,OLS,Census agg.,Municipality
ols_census_mun,319,.24574327,.061682917,OLS,Census agg.,Municipality
ols_census_mun,320,.24559082,.066042408,OLS,Census agg.,Municipality
ols_census_mun,321,.24471335,.11607568,OLS,Census agg.,Municipality
ols_census_mun,322,.24586663,.051582415,OLS,Census agg.,Municipality
ols_census_mun,323,.24533755,.084279761,OLS,Census agg.,Municipality
ols_census_mun,324,.24580309,.054738287,OLS,Census agg.,Municipality
ols_census_mun,325,.24568656,.058651909,OLS,Census agg.,Municipality
ols_census_mun,326,.24558382,.070802733,OLS,Census agg.,Municipality
ols_census_mun,327,.24601777,.047710981,OLS,Census agg.,Municipality
ols_census_mun,328,.24584857,.057910692,OLS,Census agg.,Municipality
ols_census_mun,329,.24540605,.084145203,OLS,Census agg.,Municipality
ols_census_mun,330,.24561186,.067870937,OLS,Census agg.,Municipality
ols_census_mun,331,.24524263,.088955134,OLS,Census agg.,Municipality
ols_census_mun,332,.24523431,.084018059,OLS,Census agg.,Municipality
ols_census_mun,333,.24548733,.078620858,OLS,Census agg.,Municipality
ols_census_mun,334,.24539824,.08087758,OLS,Census agg.,Municipality
ols_census_mun,335,.24505442,.10278282,OLS,Census agg.,Municipality
ols_census_mun,336,.24567409,.067056164,OLS,Census agg.,Municipality
ols_census_mun,337,.2460061,.047726944,OLS,Census agg.,Municipality
ols_census_mun,338,.24518001,.094202943,OLS,Census agg.,Municipality
ols_census_mun,339,.24554881,.072805725,OLS,Census agg.,Municipality
ols_census_mun,340,.24527296,.087145418,OLS,Census agg.,Municipality
ols_census_mun,341,.24614014,.04042824,OLS,Census agg.,Municipality
ols_census_mun,342,.24631809,.023271924,OLS,Census agg.,Municipality
ols_census_mun,343,.24531291,.083050482,OLS,Census agg.,Municipality
ols_census_mun,344,.24614112,.039793074,OLS,Census agg.,Municipality
ols_census_mun,345,.24590398,.048870701,OLS,Census agg.,Municipality
ols_census_mun,346,.24541852,.083823629,OLS,Census agg.,Municipality
ols_census_mun,347,.24533755,.084279761,OLS,Census agg.,Municipality
ols_census_mun,348,.24583623,.055115167,OLS,Census agg.,Municipality
ols_census_mun,349,.24520656,.092483319,OLS,Census agg.,Municipality
ols_census_mun,350,.24610376,.042504787,OLS,Census agg.,Municipality
ols_census_mun,351,.24573217,.061091084,OLS,Census agg.,Municipality
ols_census_mun,352,.24616793,.026508192,OLS,Census agg.,Municipality
ols_census_mun,353,.24479632,.11536981,OLS,Census agg.,Municipality
ols_census_mun,354,.24568848,.060820255,OLS,Census agg.,Municipality
ols_census_mun,355,.24613002,.038763925,OLS,Census agg.,Municipality
ols_census_mun,356,.24591124,.057978544,OLS,Census agg.,Municipality
ols_census_mun,357,.24567893,.062350582,OLS,Census agg.,Municipality
ols_census_mun,358,.24567409,.067056164,OLS,Census agg.,Municipality
ols_census_mun,359,.24558809,.072262362,OLS,Census agg.,Municipality
ols_census_mun,360,.24552295,.068441674,OLS,Census agg.,Municipality
ols_census_mun,361,.2460048,.049587399,OLS,Census agg.,Municipality
ols_census_mun,362,.24472645,.11078111,OLS,Census agg.,Municipality
ols_census_mun,363,.24636772,.02014228,OLS,Census agg.,Municipality
ols_census_mun,364,.24614112,.039793074,OLS,Census agg.,Municipality
ols_census_mun,365,.24617748,.037716527,OLS,Census agg.,Municipality
ols_census_mun,366,.24562278,.068053961,OLS,Census agg.,Municipality
ols_census_mun,367,.24474388,.11732206,OLS,Census agg.,Municipality
ols_census_mun,368,.24598464,.049947176,OLS,Census agg.,Municipality
ols_census_mun,369,.24575922,.054058075,OLS,Census agg.,Municipality
ols_census_mun,370,.24505195,.10005742,OLS,Census agg.,Municipality
ols_census_mun,371,.24515867,.095409416,OLS,Census agg.,Municipality
ols_census_mun,372,.24612214,.036271725,OLS,Census agg.,Municipality
ols_census_mun,373,.24468774,.1186688,OLS,Census agg.,Municipality
ols_census_mun,374,.24602565,.041118715,OLS,Census agg.,Municipality
ols_census_mun,375,.24550018,.075300209,OLS,Census agg.,Municipality
ols_census_mun,376,.24587904,.055773139,OLS,Census agg.,Municipality
ols_census_mun,377,.24578597,.063728102,OLS,Census agg.,Municipality
ols_census_mun,378,.24563079,.065625615,OLS,Census agg.,Municipality
ols_census_mun,379,.24560212,.075714149,OLS,Census agg.,Municipality
ols_census_mun,380,.24587618,.059341241,OLS,Census agg.,Municipality
ols_census_mun,381,.2452881,.087443046,OLS,Census agg.,Municipality
ols_census_mun,382,.24527216,.0901713,OLS,Census agg.,Municipality
ols_census_mun,383,.24605513,.044999268,OLS,Census agg.,Municipality
ols_census_mun,384,.24591124,.057978544,OLS,Census agg.,Municipality
ols_census_mun,385,.24509123,.09788394,OLS,Census agg.,Municipality
ols_census_mun,386,.24569997,.068934299,OLS,Census agg.,Municipality
ols_census_mun,387,.24565108,.061078541,OLS,Census agg.,Municipality
ols_census_mun,388,.24537069,.082043573,OLS,Census agg.,Municipality
ols_census_mun,389,.24566783,.06169831,OLS,Census agg.,Municipality
ols_census_mun,390,.24529487,.090768829,OLS,Census agg.,Municipality
ols_census_mun,391,.2452804,.085790135,OLS,Census agg.,Municipality
ols_census_mun,392,.24574135,.057850257,OLS,Census agg.,Municipality
ols_census_mun,393,.2453852,.083113775,OLS,Census agg.,Municipality
ols_census_mun,394,.24613002,.038763925,OLS,Census agg.,Municipality
ols_census_mun,395,.24521643,.090686724,OLS,Census agg.,Municipality
ols_census_mun,396,.24558382,.070802733,OLS,Census agg.,Municipality
ols_census_mun,397,.24608627,.037237588,OLS,Census agg.,Municipality
ols_census_mun,398,.24577449,.055614062,OLS,Census agg.,Municipality
ols_census_mun,399,.24586663,.051582415,OLS,Census agg.,Municipality
ols_census_mun,400,.24574763,.060801439,OLS,Census agg.,Municipality
ols_census_mun,401,.24537261,.087342128,OLS,Census agg.,Municipality
ols_census_mun,402,.24529313,.089986563,OLS,Census agg.,Municipality
ols_census_mun,403,.24560839,.064234979,OLS,Census agg.,Municipality
ols_census_mun,404,.24562632,.064126648,OLS,Census agg.,Municipality
ols_census_mun,405,.24530132,.087489232,OLS,Census agg.,Municipality
ols_census_mun,406,.2457926,.064984754,OLS,Census agg.,Municipality
ols_census_mun,407,.24569997,.068934299,OLS,Census agg.,Municipality
ols_census_mun,408,.24610376,.042504787,OLS,Census agg.,Municipality
ols_census_mun,409,.24528556,.086823851,OLS,Census agg.,Municipality
ols_census_mun,410,.24495676,.10646552,OLS,Census agg.,Municipality
ols_census_mun,411,.24612896,.036285982,OLS,Census agg.,Municipality
ols_census_mun,412,.24564934,.071648292,OLS,Census agg.,Municipality
ols_census_mun,413,.24534617,.080233857,OLS,Census agg.,Municipality
ols_census_mun,414,.24582525,.063184738,OLS,Census agg.,Municipality
ols_census_mun,415,.24585496,.055075824,OLS,Census agg.,Municipality
ols_census_mun,416,.24581724,.052702792,OLS,Census agg.,Municipality
ols_census_mun,417,.24550371,.078923047,OLS,Census agg.,Municipality
ols_census_mun,418,.24567781,.061006129,OLS,Census agg.,Municipality
ols_census_mun,419,.24544048,.083540261,OLS,Census agg.,Municipality
ols_census_mun,420,.24578752,.062428124,OLS,Census agg.,Municipality
ols_census_mun,421,.24548529,.076479882,OLS,Census agg.,Municipality
ols_census_mun,422,.24591124,.057978544,OLS,Census agg.,Municipality
ols_census_mun,423,.24485867,.11294489,OLS,Census agg.,Municipality
ols_census_mun,424,.24519311,.092577972,OLS,Census agg.,Municipality
ols_census_mun,425,.24563128,.069868803,OLS,Census agg.,Municipality
ols_census_mun,426,.24505591,.096939176,OLS,Census agg.,Municipality
ols_census_mun,427,.2455294,.077156104,OLS,Census agg.,Municipality
ols_census_mun,428,.24586663,.051582415,OLS,Census agg.,Municipality
ols_census_mun,429,.24546282,.078011923,OLS,Census agg.,Municipality
ols_census_mun,430,.24507435,.10335412,OLS,Census agg.,Municipality
ols_census_mun,431,.24520905,.09419211,OLS,Census agg.,Municipality
ols_census_mun,432,.24576122,.060788326,OLS,Census agg.,Municipality
ols_census_mun,433,.24561968,.073409535,OLS,Census agg.,Municipality
ols_census_mun,434,.24586663,.051582415,OLS,Census agg.,Municipality
ols_census_mun,435,.24558809,.072262362,OLS,Census agg.,Municipality
ols_census_mun,436,.24589249,.053460542,OLS,Census agg.,Municipality
ols_census_mun,437,.24516506,.098191835,OLS,Census agg.,Municipality
ols_census_mun,438,.24602614,.047088359,OLS,Census agg.,Municipality
ols_census_mun,439,.24565169,.072214469,OLS,Census agg.,Municipality
ols_census_mun,440,.24515271,.098199815,OLS,Census agg.,Municipality
ols_census_mun,441,.24574135,.057331976,OLS,Census agg.,Municipality
ols_census_mun,442,.24556533,.078347176,OLS,Census agg.,Municipality
ols_census_mun,443,.24601777,.047710981,OLS,Census agg.,Municipality
ols_census_mun,444,.24581358,.063200697,OLS,Census agg.,Municipality
ols_census_mun,445,.24558809,.072262362,OLS,Census agg.,Municipality
ols_census_mun,446,.24613002,.038763925,OLS,Census agg.,Municipality
ols_census_mun,447,.24569575,.069133282,OLS,Census agg.,Municipality
ols_census_mun,448,.2457037,.068657763,OLS,Census agg.,Municipality
ols_census_mun,449,.24496751,.10492664,OLS,Census agg.,Municipality
ols_census_mun,450,.24577449,.055614062,OLS,Census agg.,Municipality
ols_census_mun,451,.24542356,.079073571,OLS,Census agg.,Municipality
ols_census_mun,452,.24542901,.073577166,OLS,Census agg.,Municipality
ols_census_mun,453,.24546282,.078011923,OLS,Census agg.,Municipality
ols_census_mun,454,.24570797,.070341468,OLS,Census agg.,Municipality
ols_census_mun,455,.24559182,.066212319,OLS,Census agg.,Municipality
ols_census_mun,456,.24603018,.03867954,OLS,Census agg.,Municipality
ols_census_mun,457,.24610376,.042504787,OLS,Census agg.,Municipality
ols_census_mun,458,.24504252,.10027465,OLS,Census agg.,Municipality
ols_census_mun,459,.24534674,.084516384,OLS,Census agg.,Municipality
ols_census_mun,460,.24515073,.093703479,OLS,Census agg.,Municipality
ols_census_mun,461,.24551475,.076714791,OLS,Census agg.,Municipality
ols_census_mun,462,.24577138,.060719334,OLS,Census agg.,Municipality
ols_census_mun,463,.24597229,.050968342,OLS,Census agg.,Municipality
ols_census_mun,464,.24558195,.071087815,OLS,Census agg.,Municipality
ols_census_mun,465,.24591124,.057978544,OLS,Census agg.,Municipality
ols_census_mun,466,.24506778,.098234594,OLS,Census agg.,Municipality
ols_census_mun,467,.24578734,.063830733,OLS,Census agg.,Municipality
ols_census_mun,468,.24623308,.030347694,OLS,Census agg.,Municipality
ols_census_mun,469,.24576071,.0661707,OLS,Census agg.,Municipality
ols_census_mun,470,.24527483,.09420865,OLS,Census agg.,Municipality
ols_census_mun,471,.2456018,.074025884,OLS,Census agg.,Municipality
ols_census_mun,472,.24567409,.067056164,OLS,Census agg.,Municipality
ols_census_mun,473,.24549049,.071844429,OLS,Census agg.,Municipality
ols_census_mun,474,.24520974,.090036735,OLS,Census agg.,Municipality
ols_census_mun,475,.24509017,.097593725,OLS,Census agg.,Municipality
ols_census_mun,476,.24586663,.051582415,OLS,Census agg.,Municipality
ols_census_mun,477,.24558015,.07523635,OLS,Census agg.,Municipality
ols_census_mun,478,.24582332,.060353287,OLS,Census agg.,Municipality
ols_census_mun,479,.24574824,.062447511,OLS,Census agg.,Municipality
ols_census_mun,480,.24593376,.050353702,OLS,Census agg.,Municipality
ols_census_mun,481,.24634247,.019371415,OLS,Census agg.,Municipality
ols_census_mun,482,.24544048,.083540261,OLS,Census agg.,Municipality
ols_census_mun,483,.24533755,.084279761,OLS,Census agg.,Municipality
ols_census_mun,484,.2455897,.075317882,OLS,Census agg.,Municipality
ols_census_mun,485,.245489,.07271792,OLS,Census agg.,Municipality
ols_census_mun,486,.2456504,.072433978,OLS,Census agg.,Municipality
ols_census_mun,487,.24570748,.070777647,OLS,Census agg.,Municipality
ols_census_mun,488,.24545854,.076552294,OLS,Census agg.,Municipality
ols_census_mun,489,.24522847,.089492798,OLS,Census agg.,Municipality
ols_census_mun,490,.24605221,.043466091,OLS,Census agg.,Municipality
ols_census_mun,491,.24549863,.06943547,OLS,Census agg.,Municipality
ols_census_mun,492,.24567409,.067056164,OLS,Census agg.,Municipality
ols_census_mun,493,.24509433,.097554386,OLS,Census agg.,Municipality
ols_census_mun,494,.24550942,.079793125,OLS,Census agg.,Municipality
ols_census_mun,495,.24509531,.10148968,OLS,Census agg.,Municipality
ols_census_mun,496,.24558195,.071087815,OLS,Census agg.,Municipality
ols_census_mun,497,.24502304,.10693705,OLS,Census agg.,Municipality
ols_census_mun,498,.24542356,.079073571,OLS,Census agg.,Municipality
ols_census_mun,499,.24572143,.066714071,OLS,Census agg.,Municipality
ols_census_mun,500,.2461047,.038063191,OLS,Census agg.,Municipality
lasso_census_psu,1,.23461166,.60492349,lasso,Census agg.,Municipality
lasso_census_psu,2,.2349178,.59349906,lasso,Census agg.,Municipality
lasso_census_psu,3,.23410846,.63054055,lasso,Census agg.,Municipality
lasso_census_psu,4,.232263,.7127831,lasso,Census agg.,Municipality
lasso_census_psu,5,.23502937,.58512789,lasso,Census agg.,Municipality
lasso_census_psu,6,.23403122,.63255835,lasso,Census agg.,Municipality
lasso_census_psu,7,.23477429,.59645426,lasso,Census agg.,Municipality
lasso_census_psu,8,.23346597,.65744615,lasso,Census agg.,Municipality
lasso_census_psu,9,.23360668,.6516977,lasso,Census agg.,Municipality
lasso_census_psu,10,.2338293,.643107,lasso,Census agg.,Municipality
lasso_census_psu,11,.23362041,.65178323,lasso,Census agg.,Municipality
lasso_census_psu,12,.2338012,.64209783,lasso,Census agg.,Municipality
lasso_census_psu,13,.2336477,.65192235,lasso,Census agg.,Municipality
lasso_census_psu,14,.2336781,.6491012,lasso,Census agg.,Municipality
lasso_census_psu,15,.23315796,.67343819,lasso,Census agg.,Municipality
lasso_census_psu,16,.23406477,.63125437,lasso,Census agg.,Municipality
lasso_census_psu,17,.2339614,.63379675,lasso,Census agg.,Municipality
lasso_census_psu,18,.23446901,.61052257,lasso,Census agg.,Municipality
lasso_census_psu,19,.2338102,.64206928,lasso,Census agg.,Municipality
lasso_census_psu,20,.23382634,.64198494,lasso,Census agg.,Municipality
lasso_census_psu,21,.23292063,.68524289,lasso,Census agg.,Municipality
lasso_census_psu,22,.23350388,.657579,lasso,Census agg.,Municipality
lasso_census_psu,23,.23353826,.65823978,lasso,Census agg.,Municipality
lasso_census_psu,24,.23357256,.65409923,lasso,Census agg.,Municipality
lasso_census_psu,25,.23407552,.63071728,lasso,Census agg.,Municipality
lasso_census_psu,26,.2340332,.63208967,lasso,Census agg.,Municipality
lasso_census_psu,27,.23306458,.68196785,lasso,Census agg.,Municipality
lasso_census_psu,28,.23498239,.58720613,lasso,Census agg.,Municipality
lasso_census_psu,29,.23387262,.64025164,lasso,Census agg.,Municipality
lasso_census_psu,30,.2352428,.5749715,lasso,Census agg.,Municipality
lasso_census_psu,31,.23499115,.58680934,lasso,Census agg.,Municipality
lasso_census_psu,32,.23354179,.65351826,lasso,Census agg.,Municipality
lasso_census_psu,33,.23435901,.61553377,lasso,Census agg.,Municipality
lasso_census_psu,34,.23435231,.61781669,lasso,Census agg.,Municipality
lasso_census_psu,35,.23588611,.54343617,lasso,Census agg.,Municipality
lasso_census_psu,36,.234676,.60076243,lasso,Census agg.,Municipality
lasso_census_psu,37,.23421046,.62325835,lasso,Census agg.,Municipality
lasso_census_psu,38,.23382322,.63920707,lasso,Census agg.,Municipality
lasso_census_psu,39,.23363318,.65028769,lasso,Census agg.,Municipality
lasso_census_psu,40,.23371974,.64930356,lasso,Census agg.,Municipality
lasso_census_psu,41,.23453218,.60899395,lasso,Census agg.,Municipality
lasso_census_psu,42,.23385364,.6380958,lasso,Census agg.,Municipality
lasso_census_psu,43,.23470144,.59851426,lasso,Census agg.,Municipality
lasso_census_psu,44,.23401651,.63155031,lasso,Census agg.,Municipality
lasso_census_psu,45,.23478402,.59761226,lasso,Census agg.,Municipality
lasso_census_psu,46,.23335682,.66433942,lasso,Census agg.,Municipality
lasso_census_psu,47,.23418602,.62270927,lasso,Census agg.,Municipality
lasso_census_psu,48,.23362251,.65160418,lasso,Census agg.,Municipality
lasso_census_psu,49,.23424503,.62415183,lasso,Census agg.,Municipality
lasso_census_psu,50,.23461713,.6054458,lasso,Census agg.,Municipality
lasso_census_psu,51,.23372929,.64758396,lasso,Census agg.,Municipality
lasso_census_psu,52,.23389502,.63753992,lasso,Census agg.,Municipality
lasso_census_psu,53,.23407428,.63351852,lasso,Census agg.,Municipality
lasso_census_psu,54,.23359025,.65490431,lasso,Census agg.,Municipality
lasso_census_psu,55,.23545271,.56961137,lasso,Census agg.,Municipality
lasso_census_psu,56,.23405448,.63126695,lasso,Census agg.,Municipality
lasso_census_psu,57,.23332363,.66766751,lasso,Census agg.,Municipality
lasso_census_psu,58,.2347277,.60006684,lasso,Census agg.,Municipality
lasso_census_psu,59,.23305887,.67642069,lasso,Census agg.,Municipality
lasso_census_psu,60,.23243207,.71220267,lasso,Census agg.,Municipality
lasso_census_psu,61,.2337538,.64711982,lasso,Census agg.,Municipality
lasso_census_psu,62,.234258,.61811775,lasso,Census agg.,Municipality
lasso_census_psu,63,.23444699,.61210763,lasso,Census agg.,Municipality
lasso_census_psu,64,.2342758,.61869246,lasso,Census agg.,Municipality
lasso_census_psu,65,.2336297,.65176499,lasso,Census agg.,Municipality
lasso_census_psu,66,.23316659,.67325002,lasso,Census agg.,Municipality
lasso_census_psu,67,.23368412,.64721334,lasso,Census agg.,Municipality
lasso_census_psu,68,.23440567,.61501491,lasso,Census agg.,Municipality
lasso_census_psu,69,.23389235,.64108974,lasso,Census agg.,Municipality
lasso_census_psu,70,.23569942,.55330402,lasso,Census agg.,Municipality
lasso_census_psu,71,.23577461,.54801118,lasso,Census agg.,Municipality
lasso_census_psu,72,.23367512,.64992565,lasso,Census agg.,Municipality
lasso_census_psu,73,.23492265,.58723235,lasso,Census agg.,Municipality
lasso_census_psu,74,.23393646,.63818479,lasso,Census agg.,Municipality
lasso_census_psu,75,.23315518,.67334753,lasso,Census agg.,Municipality
lasso_census_psu,76,.23276415,.69229531,lasso,Census agg.,Municipality
lasso_census_psu,77,.23367544,.64862734,lasso,Census agg.,Municipality
lasso_census_psu,78,.23368771,.649315,lasso,Census agg.,Municipality
lasso_census_psu,79,.23417757,.62445289,lasso,Census agg.,Municipality
lasso_census_psu,80,.23418744,.6268869,lasso,Census agg.,Municipality
lasso_census_psu,81,.23426507,.62173486,lasso,Census agg.,Municipality
lasso_census_psu,82,.2327822,.69196343,lasso,Census agg.,Municipality
lasso_census_psu,83,.234008,.63264787,lasso,Census agg.,Municipality
lasso_census_psu,84,.23559058,.55832547,lasso,Census agg.,Municipality
lasso_census_psu,85,.23490825,.59142196,lasso,Census agg.,Municipality
lasso_census_psu,86,.23355661,.65538043,lasso,Census agg.,Municipality
lasso_census_psu,87,.23588331,.54759723,lasso,Census agg.,Municipality
lasso_census_psu,88,.23384295,.64067298,lasso,Census agg.,Municipality
lasso_census_psu,89,.23381436,.64107835,lasso,Census agg.,Municipality
lasso_census_psu,90,.23340459,.66189969,lasso,Census agg.,Municipality
lasso_census_psu,91,.2341473,.62711209,lasso,Census agg.,Municipality
lasso_census_psu,92,.23284109,.68856299,lasso,Census agg.,Municipality
lasso_census_psu,93,.23395397,.63457334,lasso,Census agg.,Municipality
lasso_census_psu,94,.23444191,.61127061,lasso,Census agg.,Municipality
lasso_census_psu,95,.23492004,.59256059,lasso,Census agg.,Municipality
lasso_census_psu,96,.23418204,.62475502,lasso,Census agg.,Municipality
lasso_census_psu,97,.23353247,.65531486,lasso,Census agg.,Municipality
lasso_census_psu,98,.23319407,.67226702,lasso,Census agg.,Municipality
lasso_census_psu,99,.23363002,.65185165,lasso,Census agg.,Municipality
lasso_census_psu,100,.23347415,.66027528,lasso,Census agg.,Municipality
lasso_census_psu,101,.23365645,.65418875,lasso,Census agg.,Municipality
lasso_census_psu,102,.23221374,.72047067,lasso,Census agg.,Municipality
lasso_census_psu,103,.23414463,.62674266,lasso,Census agg.,Municipality
lasso_census_psu,104,.23409723,.62795085,lasso,Census agg.,Municipality
lasso_census_psu,105,.23488709,.59009176,lasso,Census agg.,Municipality
lasso_census_psu,106,.23368289,.65168405,lasso,Census agg.,Municipality
lasso_census_psu,107,.23425135,.61986589,lasso,Census agg.,Municipality
lasso_census_psu,108,.23550731,.56313145,lasso,Census agg.,Municipality
lasso_census_psu,109,.23415177,.62487423,lasso,Census agg.,Municipality
lasso_census_psu,110,.23424043,.62206954,lasso,Census agg.,Municipality
lasso_census_psu,111,.23300949,.68168849,lasso,Census agg.,Municipality
lasso_census_psu,112,.2338375,.6431908,lasso,Census agg.,Municipality
lasso_census_psu,113,.23416784,.62713552,lasso,Census agg.,Municipality
lasso_census_psu,114,.23352994,.6571548,lasso,Census agg.,Municipality
lasso_census_psu,115,.23214455,.72202206,lasso,Census agg.,Municipality
lasso_census_psu,116,.23363771,.65402168,lasso,Census agg.,Municipality
lasso_census_psu,117,.23444977,.61353815,lasso,Census agg.,Municipality
lasso_census_psu,118,.23401476,.63173163,lasso,Census agg.,Municipality
lasso_census_psu,119,.2340319,.63076574,lasso,Census agg.,Municipality
lasso_census_psu,120,.23457971,.60416573,lasso,Census agg.,Municipality
lasso_census_psu,121,.23414308,.62813842,lasso,Census agg.,Municipality
lasso_census_psu,122,.23439127,.61477029,lasso,Census agg.,Municipality
lasso_census_psu,123,.23172052,.74068075,lasso,Census agg.,Municipality
lasso_census_psu,124,.23409735,.62967277,lasso,Census agg.,Municipality
lasso_census_psu,125,.23382863,.64187771,lasso,Census agg.,Municipality
lasso_census_psu,126,.23408636,.62949085,lasso,Census agg.,Municipality
lasso_census_psu,127,.23523431,.57525092,lasso,Census agg.,Municipality
lasso_census_psu,128,.23242556,.70734543,lasso,Census agg.,Municipality
lasso_census_psu,129,.2338192,.64261895,lasso,Census agg.,Municipality
lasso_census_psu,130,.23417585,.62644786,lasso,Census agg.,Municipality
lasso_census_psu,131,.23317936,.67294443,lasso,Census agg.,Municipality
lasso_census_psu,132,.23386821,.64144725,lasso,Census agg.,Municipality
lasso_census_psu,133,.23410666,.63049209,lasso,Census agg.,Municipality
lasso_census_psu,134,.23338225,.66121382,lasso,Census agg.,Municipality
lasso_census_psu,135,.23405609,.63052171,lasso,Census agg.,Municipality
lasso_census_psu,136,.23381826,.64204991,lasso,Census agg.,Municipality
lasso_census_psu,137,.23446722,.61190122,lasso,Census agg.,Municipality
lasso_census_psu,138,.23404332,.63320893,lasso,Census agg.,Municipality
lasso_census_psu,139,.23511009,.58266419,lasso,Census agg.,Municipality
lasso_census_psu,140,.23389006,.64435625,lasso,Census agg.,Municipality
lasso_census_psu,141,.23349072,.66059858,lasso,Census agg.,Municipality
lasso_census_psu,142,.23190331,.73430347,lasso,Census agg.,Municipality
lasso_census_psu,143,.23337854,.66363412,lasso,Census agg.,Municipality
lasso_census_psu,144,.23321809,.67185193,lasso,Census agg.,Municipality
lasso_census_psu,145,.23208374,.72328842,lasso,Census agg.,Municipality
lasso_census_psu,146,.23542914,.56383103,lasso,Census agg.,Municipality
lasso_census_psu,147,.2331965,.67367822,lasso,Census agg.,Municipality
lasso_census_psu,148,.23439245,.61465454,lasso,Census agg.,Municipality
lasso_census_psu,149,.23422313,.62463933,lasso,Census agg.,Municipality
lasso_census_psu,150,.23354656,.65700883,lasso,Census agg.,Municipality
lasso_census_psu,151,.23421127,.62102616,lasso,Census agg.,Municipality
lasso_census_psu,152,.23447224,.6089409,lasso,Census agg.,Municipality
lasso_census_psu,153,.23394024,.63719839,lasso,Census agg.,Municipality
lasso_census_psu,154,.23301847,.67854631,lasso,Census agg.,Municipality
lasso_census_psu,155,.23375851,.64530557,lasso,Census agg.,Municipality
lasso_census_psu,156,.23434603,.61694092,lasso,Census agg.,Municipality
lasso_census_psu,157,.23368295,.65060699,lasso,Census agg.,Municipality
lasso_census_psu,158,.23351194,.65973079,lasso,Census agg.,Municipality
lasso_census_psu,159,.23417132,.62496203,lasso,Census agg.,Municipality
lasso_census_psu,160,.23356387,.65419847,lasso,Census agg.,Municipality
lasso_census_psu,161,.23386164,.64276493,lasso,Census agg.,Municipality
lasso_census_psu,162,.2339444,.63859981,lasso,Census agg.,Municipality
lasso_census_psu,163,.23203771,.72717524,lasso,Census agg.,Municipality
lasso_census_psu,164,.23344319,.66133583,lasso,Census agg.,Municipality
lasso_census_psu,165,.23362064,.65342873,lasso,Census agg.,Municipality
lasso_census_psu,166,.2336392,.65108538,lasso,Census agg.,Municipality
lasso_census_psu,167,.23432736,.61561525,lasso,Census agg.,Municipality
lasso_census_psu,168,.23555534,.5584572,lasso,Census agg.,Municipality
lasso_census_psu,169,.232511,.70334285,lasso,Census agg.,Municipality
lasso_census_psu,170,.23342328,.66095835,lasso,Census agg.,Municipality
lasso_census_psu,171,.23355208,.65531087,lasso,Census agg.,Municipality
lasso_census_psu,172,.23551606,.56114328,lasso,Census agg.,Municipality
lasso_census_psu,173,.23418167,.62462789,lasso,Census agg.,Municipality
lasso_census_psu,174,.23449644,.60846025,lasso,Census agg.,Municipality
lasso_census_psu,175,.23375125,.64828014,lasso,Census agg.,Municipality
lasso_census_psu,176,.23392306,.6394397,lasso,Census agg.,Municipality
lasso_census_psu,177,.23360309,.65140235,lasso,Census agg.,Municipality
lasso_census_psu,178,.23282725,.6915347,lasso,Census agg.,Municipality
lasso_census_psu,179,.23339039,.66229254,lasso,Census agg.,Municipality
lasso_census_psu,180,.23378302,.64199346,lasso,Census agg.,Municipality
lasso_census_psu,181,.23353241,.65654242,lasso,Census agg.,Municipality
lasso_census_psu,182,.23417367,.62605959,lasso,Census agg.,Municipality
lasso_census_psu,183,.23430459,.62060595,lasso,Census agg.,Municipality
lasso_census_psu,184,.23436595,.6146369,lasso,Census agg.,Municipality
lasso_census_psu,185,.23351827,.65472645,lasso,Census agg.,Municipality
lasso_census_psu,186,.23411182,.63106793,lasso,Census agg.,Municipality
lasso_census_psu,187,.23343842,.65867084,lasso,Census agg.,Municipality
lasso_census_psu,188,.23303653,.67714483,lasso,Census agg.,Municipality
lasso_census_psu,189,.2335308,.65584564,lasso,Census agg.,Municipality
lasso_census_psu,190,.2343417,.6186434,lasso,Census agg.,Municipality
lasso_census_psu,191,.23529145,.57383633,lasso,Census agg.,Municipality
lasso_census_psu,192,.23415332,.62945837,lasso,Census agg.,Municipality
lasso_census_psu,193,.23334429,.66483551,lasso,Census agg.,Municipality
lasso_census_psu,194,.23232436,.71859652,lasso,Census agg.,Municipality
lasso_census_psu,195,.2347092,.5997048,lasso,Census agg.,Municipality
lasso_census_psu,196,.23395862,.63729984,lasso,Census agg.,Municipality
lasso_census_psu,197,.2339364,.63899779,lasso,Census agg.,Municipality
lasso_census_psu,198,.23357008,.65508163,lasso,Census agg.,Municipality
lasso_census_psu,199,.23430081,.61807328,lasso,Census agg.,Municipality
lasso_census_psu,200,.23437341,.61718953,lasso,Census agg.,Municipality
lasso_census_psu,201,.23465466,.60329628,lasso,Census agg.,Municipality
lasso_census_psu,202,.23465914,.60252881,lasso,Census agg.,Municipality
lasso_census_psu,203,.23282024,.69092631,lasso,Census agg.,Municipality
lasso_census_psu,204,.23351467,.65481937,lasso,Census agg.,Municipality
lasso_census_psu,205,.23559442,.55833459,lasso,Census agg.,Municipality
lasso_census_psu,206,.23359403,.65290987,lasso,Census agg.,Municipality
lasso_census_psu,207,.23489994,.59099263,lasso,Census agg.,Municipality
lasso_census_psu,208,.23572131,.55230111,lasso,Census agg.,Municipality
lasso_census_psu,209,.23341224,.66321164,lasso,Census agg.,Municipality
lasso_census_psu,210,.2344604,.61253238,lasso,Census agg.,Municipality
lasso_census_psu,211,.23303176,.67986566,lasso,Census agg.,Municipality
lasso_census_psu,212,.23534848,.56970316,lasso,Census agg.,Municipality
lasso_census_psu,213,.23408134,.63192487,lasso,Census agg.,Municipality
lasso_census_psu,214,.2347316,.60073793,lasso,Census agg.,Municipality
lasso_census_psu,215,.23366389,.65314311,lasso,Census agg.,Municipality
lasso_census_psu,216,.23327622,.66873831,lasso,Census agg.,Municipality
lasso_census_psu,217,.23341112,.66408288,lasso,Census agg.,Municipality
lasso_census_psu,218,.23487121,.59118366,lasso,Census agg.,Municipality
lasso_census_psu,219,.23225592,.71706277,lasso,Census agg.,Municipality
lasso_census_psu,220,.23354433,.65355533,lasso,Census agg.,Municipality
lasso_census_psu,221,.23406918,.63002908,lasso,Census agg.,Municipality
lasso_census_psu,222,.23386772,.63859755,lasso,Census agg.,Municipality
lasso_census_psu,223,.23365849,.65052205,lasso,Census agg.,Municipality
lasso_census_psu,224,.23372985,.6489535,lasso,Census agg.,Municipality
lasso_census_psu,225,.23539121,.56750977,lasso,Census agg.,Municipality
lasso_census_psu,226,.23339294,.66280001,lasso,Census agg.,Municipality
lasso_census_psu,227,.23356983,.65088463,lasso,Census agg.,Municipality
lasso_census_psu,228,.23358262,.6517325,lasso,Census agg.,Municipality
lasso_census_psu,229,.23458797,.60462928,lasso,Census agg.,Municipality
lasso_census_psu,230,.23438121,.61403304,lasso,Census agg.,Municipality
lasso_census_psu,231,.23368381,.64837879,lasso,Census agg.,Municipality
lasso_census_psu,232,.23353676,.65516943,lasso,Census agg.,Municipality
lasso_census_psu,233,.2347375,.59985018,lasso,Census agg.,Municipality
lasso_census_psu,234,.23223017,.72021347,lasso,Census agg.,Municipality
lasso_census_psu,235,.23378929,.6450336,lasso,Census agg.,Municipality
lasso_census_psu,236,.23376192,.64588261,lasso,Census agg.,Municipality
lasso_census_psu,237,.23453274,.60665965,lasso,Census agg.,Municipality
lasso_census_psu,238,.23314196,.67362064,lasso,Census agg.,Municipality
lasso_census_psu,239,.23383546,.64055324,lasso,Census agg.,Municipality
lasso_census_psu,240,.23534699,.57141995,lasso,Census agg.,Municipality
lasso_census_psu,241,.23450804,.60918266,lasso,Census agg.,Municipality
lasso_census_psu,242,.23336923,.66032374,lasso,Census agg.,Municipality
lasso_census_psu,243,.23340708,.66219735,lasso,Census agg.,Municipality
lasso_census_psu,244,.23375957,.64632386,lasso,Census agg.,Municipality
lasso_census_psu,245,.23362003,.64938456,lasso,Census agg.,Municipality
lasso_census_psu,246,.23320189,.67003655,lasso,Census agg.,Municipality
lasso_census_psu,247,.23477498,.59343922,lasso,Census agg.,Municipality
lasso_census_psu,248,.23297442,.68130362,lasso,Census agg.,Municipality
lasso_census_psu,249,.23350902,.65598363,lasso,Census agg.,Municipality
lasso_census_psu,250,.23529977,.57208645,lasso,Census agg.,Municipality
lasso_census_psu,251,.23424484,.62360388,lasso,Census agg.,Municipality
lasso_census_psu,252,.23390104,.63711852,lasso,Census agg.,Municipality
lasso_census_psu,253,.23308593,.6752758,lasso,Census agg.,Municipality
lasso_census_psu,254,.23445772,.61574072,lasso,Census agg.,Municipality
lasso_census_psu,255,.23508607,.58572942,lasso,Census agg.,Municipality
lasso_census_psu,256,.23334299,.66453445,lasso,Census agg.,Municipality
lasso_census_psu,257,.23457989,.60843575,lasso,Census agg.,Municipality
lasso_census_psu,258,.23420215,.62489301,lasso,Census agg.,Municipality
lasso_census_psu,259,.23399641,.63364053,lasso,Census agg.,Municipality
lasso_census_psu,260,.23254587,.70245165,lasso,Census agg.,Municipality
lasso_census_psu,261,.23361035,.64968842,lasso,Census agg.,Municipality
lasso_census_psu,262,.23382285,.64528221,lasso,Census agg.,Municipality
lasso_census_psu,263,.23441876,.613029,lasso,Census agg.,Municipality
lasso_census_psu,264,.23409083,.62989509,lasso,Census agg.,Municipality
lasso_census_psu,265,.23522562,.57603717,lasso,Census agg.,Municipality
lasso_census_psu,266,.23385929,.63651818,lasso,Census agg.,Municipality
lasso_census_psu,267,.23385394,.63929147,lasso,Census agg.,Municipality
lasso_census_psu,268,.23361754,.65401828,lasso,Census agg.,Municipality
lasso_census_psu,269,.23338015,.66319114,lasso,Census agg.,Municipality
lasso_census_psu,270,.23343004,.66284734,lasso,Census agg.,Municipality
lasso_census_psu,271,.23427878,.61852199,lasso,Census agg.,Municipality
lasso_census_psu,272,.23411913,.62839383,lasso,Census agg.,Municipality
lasso_census_psu,273,.23334584,.66256279,lasso,Census agg.,Municipality
lasso_census_psu,274,.23331277,.66740692,lasso,Census agg.,Municipality
lasso_census_psu,275,.23370646,.65040857,lasso,Census agg.,Municipality
lasso_census_psu,276,.23308115,.67759413,lasso,Census agg.,Municipality
lasso_census_psu,277,.23533705,.56887186,lasso,Census agg.,Municipality
lasso_census_psu,278,.23458287,.60670012,lasso,Census agg.,Municipality
lasso_census_psu,279,.23399349,.63287538,lasso,Census agg.,Municipality
lasso_census_psu,280,.23448689,.60950595,lasso,Census agg.,Municipality
lasso_census_psu,281,.23535226,.56898135,lasso,Census agg.,Municipality
lasso_census_psu,282,.23439729,.61588383,lasso,Census agg.,Municipality
lasso_census_psu,283,.23434691,.61802882,lasso,Census agg.,Municipality
lasso_census_psu,284,.23417112,.62600601,lasso,Census agg.,Municipality
lasso_census_psu,285,.23374009,.6465742,lasso,Census agg.,Municipality
lasso_census_psu,286,.23344593,.66082722,lasso,Census agg.,Municipality
lasso_census_psu,287,.23328504,.66759509,lasso,Census agg.,Municipality
lasso_census_psu,288,.23379532,.64188516,lasso,Census agg.,Municipality
lasso_census_psu,289,.23296835,.68577373,lasso,Census agg.,Municipality
lasso_census_psu,290,.23210496,.72529882,lasso,Census agg.,Municipality
lasso_census_psu,291,.23417602,.62577111,lasso,Census agg.,Municipality
lasso_census_psu,292,.23525211,.57204145,lasso,Census agg.,Municipality
lasso_census_psu,293,.23424409,.62178105,lasso,Census agg.,Municipality
lasso_census_psu,294,.23265371,.69725001,lasso,Census agg.,Municipality
lasso_census_psu,295,.23340857,.66198748,lasso,Census agg.,Municipality
lasso_census_psu,296,.2354071,.56527752,lasso,Census agg.,Municipality
lasso_census_psu,297,.23364912,.64984465,lasso,Census agg.,Municipality
lasso_census_psu,298,.2351153,.57962978,lasso,Census agg.,Municipality
lasso_census_psu,299,.23460868,.60540813,lasso,Census agg.,Municipality
lasso_census_psu,300,.23368704,.64899796,lasso,Census agg.,Municipality
lasso_census_psu,301,.23417175,.62362611,lasso,Census agg.,Municipality
lasso_census_psu,302,.23464523,.60264796,lasso,Census agg.,Municipality
lasso_census_psu,303,.2345493,.60850018,lasso,Census agg.,Municipality
lasso_census_psu,304,.2334744,.66169101,lasso,Census agg.,Municipality
lasso_census_psu,305,.23495583,.58945489,lasso,Census agg.,Municipality
lasso_census_psu,306,.23496124,.5871976,lasso,Census agg.,Municipality
lasso_census_psu,307,.23409742,.62844914,lasso,Census agg.,Municipality
lasso_census_psu,308,.23298033,.68015528,lasso,Census agg.,Municipality
lasso_census_psu,309,.23401502,.63203609,lasso,Census agg.,Municipality
lasso_census_psu,310,.23340312,.66272986,lasso,Census agg.,Municipality
lasso_census_psu,311,.23420991,.62317795,lasso,Census agg.,Municipality
lasso_census_psu,312,.23356269,.65510845,lasso,Census agg.,Municipality
lasso_census_psu,313,.23354371,.65215099,lasso,Census agg.,Municipality
lasso_census_psu,314,.23522605,.58099306,lasso,Census agg.,Municipality
lasso_census_psu,315,.23278953,.6946193,lasso,Census agg.,Municipality
lasso_census_psu,316,.23315547,.67318273,lasso,Census agg.,Municipality
lasso_census_psu,317,.23430559,.61736399,lasso,Census agg.,Municipality
lasso_census_psu,318,.23237804,.71204358,lasso,Census agg.,Municipality
lasso_census_psu,319,.23468649,.60098708,lasso,Census agg.,Municipality
lasso_census_psu,320,.23384333,.6417563,lasso,Census agg.,Municipality
lasso_census_psu,321,.23428673,.6216442,lasso,Census agg.,Municipality
lasso_census_psu,322,.23419762,.62475276,lasso,Census agg.,Municipality
lasso_census_psu,323,.23441157,.61557025,lasso,Census agg.,Municipality
lasso_census_psu,324,.23463227,.60041124,lasso,Census agg.,Municipality
lasso_census_psu,325,.2347718,.5979538,lasso,Census agg.,Municipality
lasso_census_psu,326,.23397146,.6329723,lasso,Census agg.,Municipality
lasso_census_psu,327,.23526166,.57480562,lasso,Census agg.,Municipality
lasso_census_psu,328,.23385705,.64041924,lasso,Census agg.,Municipality
lasso_census_psu,329,.23475927,.60043746,lasso,Census agg.,Municipality
lasso_census_psu,330,.23366606,.64969528,lasso,Census agg.,Municipality
lasso_census_psu,331,.2332599,.66600776,lasso,Census agg.,Municipality
lasso_census_psu,332,.23342457,.66036028,lasso,Census agg.,Municipality
lasso_census_psu,333,.2335128,.65723234,lasso,Census agg.,Municipality
lasso_census_psu,334,.234557,.60569322,lasso,Census agg.,Municipality
lasso_census_psu,335,.23361009,.65047699,lasso,Census agg.,Municipality
lasso_census_psu,336,.23486283,.5958339,lasso,Census agg.,Municipality
lasso_census_psu,337,.23429194,.61750597,lasso,Census agg.,Municipality
lasso_census_psu,338,.23434603,.61694092,lasso,Census agg.,Municipality
lasso_census_psu,339,.23361711,.65032989,lasso,Census agg.,Municipality
lasso_census_psu,340,.23388435,.63985878,lasso,Census agg.,Municipality
lasso_census_psu,341,.23378655,.64390755,lasso,Census agg.,Municipality
lasso_census_psu,342,.23443694,.61328614,lasso,Census agg.,Municipality
lasso_census_psu,343,.23394273,.63801312,lasso,Census agg.,Municipality
lasso_census_psu,344,.23477192,.5974834,lasso,Census agg.,Municipality
lasso_census_psu,345,.23498891,.58707559,lasso,Census agg.,Municipality
lasso_census_psu,346,.23372662,.64526051,lasso,Census agg.,Municipality
lasso_census_psu,347,.23373078,.64535576,lasso,Census agg.,Municipality
lasso_census_psu,348,.2339866,.63522559,lasso,Census agg.,Municipality
lasso_census_psu,349,.23394224,.63705415,lasso,Census agg.,Municipality
lasso_census_psu,350,.23401347,.6323936,lasso,Census agg.,Municipality
lasso_census_psu,351,.23388696,.63837802,lasso,Census agg.,Municipality
lasso_census_psu,352,.23467141,.60143977,lasso,Census agg.,Municipality
lasso_census_psu,353,.23278561,.69073015,lasso,Census agg.,Municipality
lasso_census_psu,354,.23484005,.59531337,lasso,Census agg.,Municipality
lasso_census_psu,355,.23335111,.66350186,lasso,Census agg.,Municipality
lasso_census_psu,356,.23348445,.65936643,lasso,Census agg.,Municipality
lasso_census_psu,357,.23378216,.64473712,lasso,Census agg.,Municipality
lasso_census_psu,358,.23420711,.62394083,lasso,Census agg.,Municipality
lasso_census_psu,359,.23402569,.63435835,lasso,Census agg.,Municipality
lasso_census_psu,360,.23280051,.69129747,lasso,Census agg.,Municipality
lasso_census_psu,361,.23360278,.6523996,lasso,Census agg.,Municipality
lasso_census_psu,362,.23312731,.67372608,lasso,Census agg.,Municipality
lasso_census_psu,363,.23588511,.54757959,lasso,Census agg.,Municipality
lasso_census_psu,364,.23387776,.64125282,lasso,Census agg.,Municipality
lasso_census_psu,365,.23475152,.59775764,lasso,Census agg.,Municipality
lasso_census_psu,366,.23446554,.61178374,lasso,Census agg.,Municipality
lasso_census_psu,367,.23324092,.67273343,lasso,Census agg.,Municipality
lasso_census_psu,368,.23409227,.62883914,lasso,Census agg.,Municipality
lasso_census_psu,369,.2331157,.67633748,lasso,Census agg.,Municipality
lasso_census_psu,370,.23284364,.69175875,lasso,Census agg.,Municipality
lasso_census_psu,371,.23307569,.68108749,lasso,Census agg.,Municipality
lasso_census_psu,372,.23444332,.6139105,lasso,Census agg.,Municipality
lasso_census_psu,373,.23306464,.67716879,lasso,Census agg.,Municipality
lasso_census_psu,374,.23345964,.66241002,lasso,Census agg.,Municipality
lasso_census_psu,375,.2339706,.63450491,lasso,Census agg.,Municipality
lasso_census_psu,376,.23235209,.7123372,lasso,Census agg.,Municipality
lasso_census_psu,377,.23298658,.68468183,lasso,Census agg.,Municipality
lasso_census_psu,378,.23317136,.67464751,lasso,Census agg.,Municipality
lasso_census_psu,379,.23354873,.655572,lasso,Census agg.,Municipality
lasso_census_psu,380,.23511834,.579018,lasso,Census agg.,Municipality
lasso_census_psu,381,.23378259,.64165765,lasso,Census agg.,Municipality
lasso_census_psu,382,.23433276,.62086594,lasso,Census agg.,Municipality
lasso_census_psu,383,.23357926,.65248168,lasso,Census agg.,Municipality
lasso_census_psu,384,.23463047,.60739863,lasso,Census agg.,Municipality
lasso_census_psu,385,.23329732,.66803586,lasso,Census agg.,Municipality
lasso_census_psu,386,.23382112,.64330542,lasso,Census agg.,Municipality
lasso_census_psu,387,.23380964,.64247298,lasso,Census agg.,Municipality
lasso_census_psu,388,.23365471,.64896148,lasso,Census agg.,Municipality
lasso_census_psu,389,.23443761,.6107586,lasso,Census agg.,Municipality
lasso_census_psu,390,.23403729,.62963569,lasso,Census agg.,Municipality
lasso_census_psu,391,.23475264,.59892023,lasso,Census agg.,Municipality
lasso_census_psu,392,.23322845,.66818863,lasso,Census agg.,Municipality
lasso_census_psu,393,.23370472,.64965141,lasso,Census agg.,Municipality
lasso_census_psu,394,.23482448,.5935846,lasso,Census agg.,Municipality
lasso_census_psu,395,.23351361,.65906543,lasso,Census agg.,Municipality
lasso_census_psu,396,.23501366,.58481658,lasso,Census agg.,Municipality
lasso_census_psu,397,.23452808,.61021924,lasso,Census agg.,Municipality
lasso_census_psu,398,.23346075,.66005522,lasso,Census agg.,Municipality
lasso_census_psu,399,.23390786,.63945168,lasso,Census agg.,Municipality
lasso_census_psu,400,.23369832,.65110815,lasso,Census agg.,Municipality
lasso_census_psu,401,.23457052,.60786045,lasso,Census agg.,Municipality
lasso_census_psu,402,.23381293,.64001787,lasso,Census agg.,Municipality
lasso_census_psu,403,.2335151,.65628129,lasso,Census agg.,Municipality
lasso_census_psu,404,.23474923,.59717953,lasso,Census agg.,Municipality
lasso_census_psu,405,.23403537,.63271344,lasso,Census agg.,Municipality
lasso_census_psu,406,.23456991,.60835135,lasso,Census agg.,Municipality
lasso_census_psu,407,.23292765,.68224955,lasso,Census agg.,Municipality
lasso_census_psu,408,.23461705,.60363436,lasso,Census agg.,Municipality
lasso_census_psu,409,.23417318,.62441468,lasso,Census agg.,Municipality
lasso_census_psu,410,.2346368,.60702574,lasso,Census agg.,Municipality
lasso_census_psu,411,.23449178,.61076832,lasso,Census agg.,Municipality
lasso_census_psu,412,.23456383,.6085549,lasso,Census agg.,Municipality
lasso_census_psu,413,.23353247,.65603441,lasso,Census agg.,Municipality
lasso_census_psu,414,.23329018,.66955703,lasso,Census agg.,Municipality
lasso_census_psu,415,.23369889,.64709133,lasso,Census agg.,Municipality
lasso_census_psu,416,.23400564,.63232917,lasso,Census agg.,Municipality
lasso_census_psu,417,.2337466,.64486426,lasso,Census agg.,Municipality
lasso_census_psu,418,.23164445,.74638075,lasso,Census agg.,Municipality
lasso_census_psu,419,.23295724,.68598127,lasso,Census agg.,Municipality
lasso_census_psu,420,.2339444,.6355831,lasso,Census agg.,Municipality
lasso_census_psu,421,.23418806,.62534517,lasso,Census agg.,Municipality
lasso_census_psu,422,.23356748,.65452915,lasso,Census agg.,Municipality
lasso_census_psu,423,.23347862,.66271389,lasso,Census agg.,Municipality
lasso_census_psu,424,.2348676,.59388679,lasso,Census agg.,Municipality
lasso_census_psu,425,.23500796,.58545971,lasso,Census agg.,Municipality
lasso_census_psu,426,.23338449,.66314667,lasso,Census agg.,Municipality
lasso_census_psu,427,.23378196,.64606047,lasso,Census agg.,Municipality
lasso_census_psu,428,.23508495,.58438665,lasso,Census agg.,Municipality
lasso_census_psu,429,.23423962,.62150967,lasso,Census agg.,Municipality
lasso_census_psu,430,.23263378,.69679618,lasso,Census agg.,Municipality
lasso_census_psu,431,.23291238,.68722022,lasso,Census agg.,Municipality
lasso_census_psu,432,.23418975,.62533605,lasso,Census agg.,Municipality
lasso_census_psu,433,.2349178,.59213698,lasso,Census agg.,Municipality
lasso_census_psu,434,.23251304,.70502025,lasso,Census agg.,Municipality
lasso_census_psu,435,.23376894,.6430369,lasso,Census agg.,Municipality
lasso_census_psu,436,.23364957,.64961886,lasso,Census agg.,Municipality
lasso_census_psu,437,.23244336,.70832664,lasso,Census agg.,Municipality
lasso_census_psu,438,.23427363,.62118638,lasso,Census agg.,Municipality
lasso_census_psu,439,.23503061,.58617526,lasso,Census agg.,Municipality
lasso_census_psu,440,.2341066,.63012713,lasso,Census agg.,Municipality
lasso_census_psu,441,.23397617,.6368494,lasso,Census agg.,Municipality
lasso_census_psu,442,.23435517,.61786687,lasso,Census agg.,Municipality
lasso_census_psu,443,.23346342,.65715361,lasso,Census agg.,Municipality
lasso_census_psu,444,.23310925,.67503518,lasso,Census agg.,Municipality
lasso_census_psu,445,.23505928,.58213854,lasso,Census agg.,Municipality
lasso_census_psu,446,.23507367,.58151817,lasso,Census agg.,Municipality
lasso_census_psu,447,.23359323,.65205747,lasso,Census agg.,Municipality
lasso_census_psu,448,.23228987,.71761984,lasso,Census agg.,Municipality
lasso_census_psu,449,.23252267,.703336,lasso,Census agg.,Municipality
lasso_census_psu,450,.23386307,.63985991,lasso,Census agg.,Municipality
lasso_census_psu,451,.23445424,.60894316,lasso,Census agg.,Municipality
lasso_census_psu,452,.23391891,.63593376,lasso,Census agg.,Municipality
lasso_census_psu,453,.2337628,.64654684,lasso,Census agg.,Municipality
lasso_census_psu,454,.23362468,.65348858,lasso,Census agg.,Municipality
lasso_census_psu,455,.23478726,.59734374,lasso,Census agg.,Municipality
lasso_census_psu,456,.23362939,.64842552,lasso,Census agg.,Municipality
lasso_census_psu,457,.23386319,.64004177,lasso,Census agg.,Municipality
lasso_census_psu,458,.23456308,.60907489,lasso,Census agg.,Municipality
lasso_census_psu,459,.23399776,.63184792,lasso,Census agg.,Municipality
lasso_census_psu,460,.23296723,.6823014,lasso,Census agg.,Municipality
lasso_census_psu,461,.23384774,.64111143,lasso,Census agg.,Municipality
lasso_census_psu,462,.23443781,.61303926,lasso,Census agg.,Municipality
lasso_census_psu,463,.23526241,.57020605,lasso,Census agg.,Municipality
lasso_census_psu,464,.23347725,.65766907,lasso,Census agg.,Municipality
lasso_census_psu,465,.23471999,.59642231,lasso,Census agg.,Municipality
lasso_census_psu,466,.23314761,.67315537,lasso,Census agg.,Municipality
lasso_census_psu,467,.23410617,.62843835,lasso,Census agg.,Municipality
lasso_census_psu,468,.23433654,.61903685,lasso,Census agg.,Municipality
lasso_census_psu,469,.23386735,.63833755,lasso,Census agg.,Municipality
lasso_census_psu,470,.23306979,.67768878,lasso,Census agg.,Municipality
lasso_census_psu,471,.2347831,.59537035,lasso,Census agg.,Municipality
lasso_census_psu,472,.23376845,.64656162,lasso,Census agg.,Municipality
lasso_census_psu,473,.23272456,.69665021,lasso,Census agg.,Municipality
lasso_census_psu,474,.23353335,.6579684,lasso,Census agg.,Municipality
lasso_census_psu,475,.23260407,.69973594,lasso,Census agg.,Municipality
lasso_census_psu,476,.23452845,.60669273,lasso,Census agg.,Municipality
lasso_census_psu,477,.23376608,.64457631,lasso,Census agg.,Municipality
lasso_census_psu,478,.23411466,.62769884,lasso,Census agg.,Municipality
lasso_census_psu,479,.23433809,.61817133,lasso,Census agg.,Municipality
lasso_census_psu,480,.23464251,.60230875,lasso,Census agg.,Municipality
lasso_census_psu,481,.23417839,.62481266,lasso,Census agg.,Municipality
lasso_census_psu,482,.2349482,.58790863,lasso,Census agg.,Municipality
lasso_census_psu,483,.23318924,.67380309,lasso,Census agg.,Municipality
lasso_census_psu,484,.23296829,.68261844,lasso,Census agg.,Municipality
lasso_census_psu,485,.23368785,.65033275,lasso,Census agg.,Municipality
lasso_census_psu,486,.23418453,.62715775,lasso,Census agg.,Municipality
lasso_census_psu,487,.23532657,.57050252,lasso,Census agg.,Municipality
lasso_census_psu,488,.23339355,.66061342,lasso,Census agg.,Municipality
lasso_census_psu,489,.23273623,.69360328,lasso,Census agg.,Municipality
lasso_census_psu,490,.23533091,.57027793,lasso,Census agg.,Municipality
lasso_census_psu,491,.23383687,.64197862,lasso,Census agg.,Municipality
lasso_census_psu,492,.23327331,.66806376,lasso,Census agg.,Municipality
lasso_census_psu,493,.23517282,.58171034,lasso,Census agg.,Municipality
lasso_census_psu,494,.23365341,.65107226,lasso,Census agg.,Municipality
lasso_census_psu,495,.23339355,.65957397,lasso,Census agg.,Municipality
lasso_census_psu,496,.23346695,.6568805,lasso,Census agg.,Municipality
lasso_census_psu,497,.23449917,.61201978,lasso,Census agg.,Municipality
lasso_census_psu,498,.23404834,.63126922,lasso,Census agg.,Municipality
lasso_census_psu,499,.23407687,.62731737,lasso,Census agg.,Municipality
lasso_census_psu,500,.23340937,.66168761,lasso,Census agg.,Municipality
lasso_all_mun,1,.23512205,.57782292,lasso,Mixed,Municipality
lasso_all_mun,2,.23474023,.59687501,lasso,Mixed,Municipality
lasso_all_mun,3,.23489949,.58871597,lasso,Mixed,Municipality
lasso_all_mun,4,.23319383,.66990829,lasso,Mixed,Municipality
lasso_all_mun,5,.23412037,.61845756,lasso,Mixed,Municipality
lasso_all_mun,6,.23589939,.54705787,lasso,Mixed,Municipality
lasso_all_mun,7,.23450531,.60633522,lasso,Mixed,Municipality
lasso_all_mun,8,.23434623,.61604178,lasso,Mixed,Municipality
lasso_all_mun,9,.2340932,.62338895,lasso,Mixed,Municipality
lasso_all_mun,10,.2327235,.69550532,lasso,Mixed,Municipality
lasso_all_mun,11,.23319395,.66256964,lasso,Mixed,Municipality
lasso_all_mun,12,.23491625,.58939046,lasso,Mixed,Municipality
lasso_all_mun,13,.23410529,.62506521,lasso,Mixed,Municipality
lasso_all_mun,14,.23471205,.59645712,lasso,Mixed,Municipality
lasso_all_mun,15,.23356183,.65078771,lasso,Mixed,Municipality
lasso_all_mun,16,.23516302,.5742799,lasso,Mixed,Municipality
lasso_all_mun,17,.23390904,.63385946,lasso,Mixed,Municipality
lasso_all_mun,18,.23606859,.52599704,lasso,Mixed,Municipality
lasso_all_mun,19,.23575009,.54617065,lasso,Mixed,Municipality
lasso_all_mun,20,.23399374,.63058841,lasso,Mixed,Municipality
lasso_all_mun,21,.23387417,.6356492,lasso,Mixed,Municipality
lasso_all_mun,22,.23455185,.60366172,lasso,Mixed,Municipality
lasso_all_mun,23,.23295277,.68043923,lasso,Mixed,Municipality
lasso_all_mun,24,.23345163,.65570486,lasso,Mixed,Municipality
lasso_all_mun,25,.23450141,.60741574,lasso,Mixed,Municipality
lasso_all_mun,26,.23476206,.59395123,lasso,Mixed,Municipality
lasso_all_mun,27,.2325705,.70214778,lasso,Mixed,Municipality
lasso_all_mun,28,.23558542,.55503732,lasso,Mixed,Municipality
lasso_all_mun,29,.23509303,.58080488,lasso,Mixed,Municipality
lasso_all_mun,30,.2347648,.59401339,lasso,Mixed,Municipality
lasso_all_mun,31,.23687278,.50061435,lasso,Mixed,Municipality
lasso_all_mun,32,.23274082,.68617797,lasso,Mixed,Municipality
lasso_all_mun,33,.23457722,.60236973,lasso,Mixed,Municipality
lasso_all_mun,34,.23426618,.61881679,lasso,Mixed,Municipality
lasso_all_mun,35,.23510909,.58266479,lasso,Mixed,Municipality
lasso_all_mun,36,.23497252,.58141041,lasso,Mixed,Municipality
lasso_all_mun,37,.23414959,.62360901,lasso,Mixed,Municipality
lasso_all_mun,38,.23293285,.67955947,lasso,Mixed,Municipality
lasso_all_mun,39,.23338878,.6637761,lasso,Mixed,Municipality
lasso_all_mun,40,.23425347,.62030834,lasso,Mixed,Municipality
lasso_all_mun,41,.23378967,.64020884,lasso,Mixed,Municipality
lasso_all_mun,42,.23368207,.64423364,lasso,Mixed,Municipality
lasso_all_mun,43,.2342601,.61272454,lasso,Mixed,Municipality
lasso_all_mun,44,.23320679,.66888022,lasso,Mixed,Municipality
lasso_all_mun,45,.23378904,.64207274,lasso,Mixed,Municipality
lasso_all_mun,46,.2329565,.67752457,lasso,Mixed,Municipality
lasso_all_mun,47,.2354563,.5634433,lasso,Mixed,Municipality
lasso_all_mun,48,.23364311,.64748245,lasso,Mixed,Municipality
lasso_all_mun,49,.23314996,.67046589,lasso,Mixed,Municipality
lasso_all_mun,50,.23505951,.57882243,lasso,Mixed,Municipality
lasso_all_mun,51,.23303945,.6748904,lasso,Mixed,Municipality
lasso_all_mun,52,.23477378,.59450656,lasso,Mixed,Municipality
lasso_all_mun,53,.2334139,.65669978,lasso,Mixed,Municipality
lasso_all_mun,54,.23336911,.66066074,lasso,Mixed,Municipality
lasso_all_mun,55,.23601088,.53839588,lasso,Mixed,Municipality
lasso_all_mun,56,.23462823,.60259551,lasso,Mixed,Municipality
lasso_all_mun,57,.2320189,.72504735,lasso,Mixed,Municipality
lasso_all_mun,58,.23481742,.59237868,lasso,Mixed,Municipality
lasso_all_mun,59,.23406422,.62822282,lasso,Mixed,Municipality
lasso_all_mun,60,.23295799,.68239492,lasso,Mixed,Municipality
lasso_all_mun,61,.23350716,.65546763,lasso,Mixed,Municipality
lasso_all_mun,62,.23341316,.65418589,lasso,Mixed,Municipality
lasso_all_mun,63,.23433127,.62081748,lasso,Mixed,Municipality
lasso_all_mun,64,.23446921,.60861135,lasso,Mixed,Municipality
lasso_all_mun,65,.23429783,.6175487,lasso,Mixed,Municipality
lasso_all_mun,66,.23377055,.64384878,lasso,Mixed,Municipality
lasso_all_mun,67,.23393758,.63655865,lasso,Mixed,Municipality
lasso_all_mun,68,.23553039,.55938488,lasso,Mixed,Municipality
lasso_all_mun,69,.2358111,.54303759,lasso,Mixed,Municipality
lasso_all_mun,70,.2354506,.56243581,lasso,Mixed,Municipality
lasso_all_mun,71,.23564667,.55246592,lasso,Mixed,Municipality
lasso_all_mun,72,.23521805,.57281572,lasso,Mixed,Municipality
lasso_all_mun,73,.23349921,.65231693,lasso,Mixed,Municipality
lasso_all_mun,74,.23382634,.63134503,lasso,Mixed,Municipality
lasso_all_mun,75,.23323117,.66656595,lasso,Mixed,Municipality
lasso_all_mun,76,.23315834,.66786534,lasso,Mixed,Municipality
lasso_all_mun,77,.2349389,.58770847,lasso,Mixed,Municipality
lasso_all_mun,78,.2335684,.65468764,lasso,Mixed,Municipality
lasso_all_mun,79,.23375684,.63958108,lasso,Mixed,Municipality
lasso_all_mun,80,.23417479,.62653452,lasso,Mixed,Municipality
lasso_all_mun,81,.23313284,.67177898,lasso,Mixed,Municipality
lasso_all_mun,82,.23480773,.59292948,lasso,Mixed,Municipality
lasso_all_mun,83,.23418055,.62084198,lasso,Mixed,Municipality
lasso_all_mun,84,.23621564,.52591211,lasso,Mixed,Municipality
lasso_all_mun,85,.23418781,.62201941,lasso,Mixed,Municipality
lasso_all_mun,86,.23366457,.64333165,lasso,Mixed,Municipality
lasso_all_mun,87,.23701084,.48657173,lasso,Mixed,Municipality
lasso_all_mun,88,.23421071,.61629206,lasso,Mixed,Municipality
lasso_all_mun,89,.23297064,.68013936,lasso,Mixed,Municipality
lasso_all_mun,90,.2332117,.66815329,lasso,Mixed,Municipality
lasso_all_mun,91,.23453733,.60398501,lasso,Mixed,Municipality
lasso_all_mun,92,.23200861,.72793126,lasso,Mixed,Municipality
lasso_all_mun,93,.23413923,.61862463,lasso,Mixed,Municipality
lasso_all_mun,94,.23479334,.59597933,lasso,Mixed,Municipality
lasso_all_mun,95,.23342122,.65592951,lasso,Mixed,Municipality
lasso_all_mun,96,.23509867,.57840788,lasso,Mixed,Municipality
lasso_all_mun,97,.23388192,.63619375,lasso,Mixed,Municipality
lasso_all_mun,98,.234138,.61976552,lasso,Mixed,Municipality
lasso_all_mun,99,.2346399,.60000867,lasso,Mixed,Municipality
lasso_all_mun,100,.23461564,.60176933,lasso,Mixed,Municipality
lasso_all_mun,101,.23430006,.61738676,lasso,Mixed,Municipality
lasso_all_mun,102,.23405845,.62671298,lasso,Mixed,Municipality
lasso_all_mun,103,.2347303,.5964303,lasso,Mixed,Municipality
lasso_all_mun,104,.2336925,.64582956,lasso,Mixed,Municipality
lasso_all_mun,105,.23816745,.43249086,lasso,Mixed,Municipality
lasso_all_mun,106,.23411976,.62154162,lasso,Mixed,Municipality
lasso_all_mun,107,.23367159,.64493722,lasso,Mixed,Municipality
lasso_all_mun,108,.23430844,.61690158,lasso,Mixed,Municipality
lasso_all_mun,109,.23331687,.66272986,lasso,Mixed,Municipality
lasso_all_mun,110,.23521036,.57744205,lasso,Mixed,Municipality
lasso_all_mun,111,.23191938,.72784632,lasso,Mixed,Municipality
lasso_all_mun,112,.23216,.72073805,lasso,Mixed,Municipality
lasso_all_mun,113,.23405845,.62801528,lasso,Mixed,Municipality
lasso_all_mun,114,.23319177,.66767377,lasso,Mixed,Municipality
lasso_all_mun,115,.23263347,.69351715,lasso,Mixed,Municipality
lasso_all_mun,116,.2343415,.61573672,lasso,Mixed,Municipality
lasso_all_mun,117,.23483863,.59318435,lasso,Mixed,Municipality
lasso_all_mun,118,.2356298,.55553108,lasso,Mixed,Municipality
lasso_all_mun,119,.23365924,.6441561,lasso,Mixed,Municipality
lasso_all_mun,120,.23611803,.53637409,lasso,Mixed,Municipality
lasso_all_mun,121,.23380449,.63740593,lasso,Mixed,Municipality
lasso_all_mun,122,.23620287,.51943612,lasso,Mixed,Municipality
lasso_all_mun,123,.23260711,.70015389,lasso,Mixed,Municipality
lasso_all_mun,124,.23550086,.56201619,lasso,Mixed,Municipality
lasso_all_mun,125,.23525552,.57461172,lasso,Mixed,Municipality
lasso_all_mun,126,.2350821,.58097935,lasso,Mixed,Municipality
lasso_all_mun,127,.23380654,.64126021,lasso,Mixed,Municipality
lasso_all_mun,128,.232878,.68059546,lasso,Mixed,Municipality
lasso_all_mun,129,.23455153,.60596007,lasso,Mixed,Municipality
lasso_all_mun,130,.23474407,.59295171,lasso,Mixed,Municipality
lasso_all_mun,131,.23368983,.6521892,lasso,Mixed,Municipality
lasso_all_mun,132,.23519044,.57308024,lasso,Mixed,Municipality
lasso_all_mun,133,.23367171,.64754802,lasso,Mixed,Municipality
lasso_all_mun,134,.23244691,.70444781,lasso,Mixed,Municipality
lasso_all_mun,135,.23421481,.61900491,lasso,Mixed,Municipality
lasso_all_mun,136,.2337731,.63724113,lasso,Mixed,Municipality
lasso_all_mun,137,.23348315,.65609825,lasso,Mixed,Municipality
lasso_all_mun,138,.2340067,.62957299,lasso,Mixed,Municipality
lasso_all_mun,139,.23680751,.50286597,lasso,Mixed,Municipality
lasso_all_mun,140,.23527749,.56828803,lasso,Mixed,Municipality
lasso_all_mun,141,.23442863,.61547613,lasso,Mixed,Municipality
lasso_all_mun,142,.23349841,.65605491,lasso,Mixed,Municipality
lasso_all_mun,143,.23581655,.54915321,lasso,Mixed,Municipality
lasso_all_mun,144,.23191094,.72603148,lasso,Mixed,Municipality
lasso_all_mun,145,.23228247,.70774108,lasso,Mixed,Municipality
lasso_all_mun,146,.23473358,.59083068,lasso,Mixed,Municipality
lasso_all_mun,147,.23316385,.67558426,lasso,Mixed,Municipality
lasso_all_mun,148,.23678467,.49871513,lasso,Mixed,Municipality
lasso_all_mun,149,.23401086,.63101834,lasso,Mixed,Municipality
lasso_all_mun,150,.23418596,.61874038,lasso,Mixed,Municipality
lasso_all_mun,151,.2350561,.57746029,lasso,Mixed,Municipality
lasso_all_mun,152,.23480904,.59014422,lasso,Mixed,Municipality
lasso_all_mun,153,.23495597,.58660746,lasso,Mixed,Municipality
lasso_all_mun,154,.23474996,.59572446,lasso,Mixed,Municipality
lasso_all_mun,155,.23447664,.60718936,lasso,Mixed,Municipality
lasso_all_mun,156,.23439996,.61357462,lasso,Mixed,Municipality
lasso_all_mun,157,.23450221,.60321015,lasso,Mixed,Municipality
lasso_all_mun,158,.2327276,.68869752,lasso,Mixed,Municipality
lasso_all_mun,159,.23437458,.61643976,lasso,Mixed,Municipality
lasso_all_mun,160,.23538737,.57007319,lasso,Mixed,Municipality
lasso_all_mun,161,.23439041,.61601669,lasso,Mixed,Municipality
lasso_all_mun,162,.2345472,.6075896,lasso,Mixed,Municipality
lasso_all_mun,163,.23224476,.7128458,lasso,Mixed,Municipality
lasso_all_mun,164,.23370273,.64939022,lasso,Mixed,Municipality
lasso_all_mun,165,.23420407,.62257302,lasso,Mixed,Municipality
lasso_all_mun,166,.2343332,.61318183,lasso,Mixed,Municipality
lasso_all_mun,167,.23412874,.62459201,lasso,Mixed,Municipality
lasso_all_mun,168,.23551463,.56611794,lasso,Mixed,Municipality
lasso_all_mun,169,.23267312,.69136763,lasso,Mixed,Municipality
lasso_all_mun,170,.23324458,.66822112,lasso,Mixed,Municipality
lasso_all_mun,171,.23348117,.66001362,lasso,Mixed,Municipality
lasso_all_mun,172,.23644273,.51167047,lasso,Mixed,Municipality
lasso_all_mun,173,.23485364,.59203488,lasso,Mixed,Municipality
lasso_all_mun,174,.23514645,.57973409,lasso,Mixed,Municipality
lasso_all_mun,175,.23518045,.57900262,lasso,Mixed,Municipality
lasso_all_mun,176,.23310709,.67570174,lasso,Mixed,Municipality
lasso_all_mun,177,.2343435,.61318463,lasso,Mixed,Municipality
lasso_all_mun,178,.23419787,.62285811,lasso,Mixed,Municipality
lasso_all_mun,179,.23381281,.63871789,lasso,Mixed,Municipality
lasso_all_mun,180,.23594208,.53966624,lasso,Mixed,Municipality
lasso_all_mun,181,.23401557,.63107818,lasso,Mixed,Municipality
lasso_all_mun,182,.23574135,.54496419,lasso,Mixed,Municipality
lasso_all_mun,183,.23400329,.63272369,lasso,Mixed,Municipality
lasso_all_mun,184,.23549286,.5600611,lasso,Mixed,Municipality
lasso_all_mun,185,.23338512,.65313566,lasso,Mixed,Municipality
lasso_all_mun,186,.23530789,.56766027,lasso,Mixed,Municipality
lasso_all_mun,187,.23469673,.60120434,lasso,Mixed,Municipality
lasso_all_mun,188,.23508644,.58115953,lasso,Mixed,Municipality
lasso_all_mun,189,.23389253,.63507849,lasso,Mixed,Municipality
lasso_all_mun,190,.23475623,.59639269,lasso,Mixed,Municipality
lasso_all_mun,191,.2344576,.60996437,lasso,Mixed,Municipality
lasso_all_mun,192,.23576494,.54329705,lasso,Mixed,Municipality
lasso_all_mun,193,.23301692,.67787409,lasso,Mixed,Municipality
lasso_all_mun,194,.23347415,.65938586,lasso,Mixed,Municipality
lasso_all_mun,195,.23492755,.59093732,lasso,Mixed,Municipality
lasso_all_mun,196,.23446454,.60903955,lasso,Mixed,Municipality
lasso_all_mun,197,.23378494,.63763171,lasso,Mixed,Municipality
lasso_all_mun,198,.23401788,.63007188,lasso,Mixed,Municipality
lasso_all_mun,199,.23400578,.63039798,lasso,Mixed,Municipality
lasso_all_mun,200,.23546357,.56794763,lasso,Mixed,Municipality
lasso_all_mun,201,.2349927,.58328909,lasso,Mixed,Municipality
lasso_all_mun,202,.2354511,.5647524,lasso,Mixed,Municipality
lasso_all_mun,203,.23422715,.6232475,lasso,Mixed,Municipality
lasso_all_mun,204,.23351716,.65491289,lasso,Mixed,Municipality
lasso_all_mun,205,.23709944,.47977591,lasso,Mixed,Municipality
lasso_all_mun,206,.23373201,.64071572,lasso,Mixed,Municipality
lasso_all_mun,207,.23527774,.57342297,lasso,Mixed,Municipality
lasso_all_mun,208,.23450388,.60212457,lasso,Mixed,Municipality
lasso_all_mun,209,.2341473,.62474704,lasso,Mixed,Municipality
lasso_all_mun,210,.23443471,.61246854,lasso,Mixed,Municipality
lasso_all_mun,211,.23309442,.67270094,lasso,Mixed,Municipality
lasso_all_mun,212,.2347324,.59458923,lasso,Mixed,Municipality
lasso_all_mun,213,.23386697,.6386711,lasso,Mixed,Municipality
lasso_all_mun,214,.2370315,.48735115,lasso,Mixed,Municipality
lasso_all_mun,215,.23517182,.58037156,lasso,Mixed,Municipality
lasso_all_mun,216,.23594381,.54398578,lasso,Mixed,Municipality
lasso_all_mun,217,.23229302,.71222544,lasso,Mixed,Municipality
lasso_all_mun,218,.23363647,.65284657,lasso,Mixed,Municipality
lasso_all_mun,219,.23257205,.70062715,lasso,Mixed,Municipality
lasso_all_mun,220,.23357746,.64567906,lasso,Mixed,Municipality
lasso_all_mun,221,.23419005,.62667996,lasso,Mixed,Municipality
lasso_all_mun,222,.23463902,.60291821,lasso,Mixed,Municipality
lasso_all_mun,223,.23517989,.57814562,lasso,Mixed,Municipality
lasso_all_mun,224,.23264267,.6921311,lasso,Mixed,Municipality
lasso_all_mun,225,.23571548,.54540896,lasso,Mixed,Municipality
lasso_all_mun,226,.23427865,.61796838,lasso,Mixed,Municipality
lasso_all_mun,227,.23558475,.5542984,lasso,Mixed,Municipality
lasso_all_mun,228,.2342477,.61986077,lasso,Mixed,Municipality
lasso_all_mun,229,.23553151,.55858034,lasso,Mixed,Municipality
lasso_all_mun,230,.23536466,.56344444,lasso,Mixed,Municipality
lasso_all_mun,231,.23303877,.67522049,lasso,Mixed,Municipality
lasso_all_mun,232,.23368889,.64630675,lasso,Mixed,Municipality
lasso_all_mun,233,.23455049,.60375351,lasso,Mixed,Municipality
lasso_all_mun,234,.23286355,.68482494,lasso,Mixed,Municipality
lasso_all_mun,235,.23453888,.60929781,lasso,Mixed,Municipality
lasso_all_mun,236,.23414196,.62196863,lasso,Mixed,Municipality
lasso_all_mun,237,.23519652,.57446635,lasso,Mixed,Municipality
lasso_all_mun,238,.23333287,.6563856,lasso,Mixed,Municipality
lasso_all_mun,239,.23424937,.61615634,lasso,Mixed,Municipality
lasso_all_mun,240,.23505512,.58233351,lasso,Mixed,Municipality
lasso_all_mun,241,.23328975,.66657561,lasso,Mixed,Municipality
lasso_all_mun,242,.23328453,.66762418,lasso,Mixed,Municipality
lasso_all_mun,243,.23327616,.66212493,lasso,Mixed,Municipality
lasso_all_mun,244,.23454602,.6041435,lasso,Mixed,Municipality
lasso_all_mun,245,.23437545,.6111064,lasso,Mixed,Municipality
lasso_all_mun,246,.23417622,.62831461,lasso,Mixed,Municipality
lasso_all_mun,247,.23518324,.56832337,lasso,Mixed,Municipality
lasso_all_mun,248,.23449495,.60809022,lasso,Mixed,Municipality
lasso_all_mun,249,.23290041,.68607819,lasso,Mixed,Municipality
lasso_all_mun,250,.2365744,.51337183,lasso,Mixed,Municipality
lasso_all_mun,251,.23316398,.67311317,lasso,Mixed,Municipality
lasso_all_mun,252,.23373513,.64657247,lasso,Mixed,Municipality
lasso_all_mun,253,.23341198,.66153026,lasso,Mixed,Municipality
lasso_all_mun,254,.23446362,.61260539,lasso,Mixed,Municipality
lasso_all_mun,255,.23573948,.54928833,lasso,Mixed,Municipality
lasso_all_mun,256,.2323042,.71099621,lasso,Mixed,Municipality
lasso_all_mun,257,.2366267,.51049823,lasso,Mixed,Municipality
lasso_all_mun,258,.23384476,.64034969,lasso,Mixed,Municipality
lasso_all_mun,259,.23297735,.68398625,lasso,Mixed,Municipality
lasso_all_mun,260,.23247036,.70505506,lasso,Mixed,Municipality
lasso_all_mun,261,.23412378,.62315804,lasso,Mixed,Municipality
lasso_all_mun,262,.23365967,.63995683,lasso,Mixed,Municipality
lasso_all_mun,263,.23531565,.56826633,lasso,Mixed,Municipality
lasso_all_mun,264,.23562805,.55133241,lasso,Mixed,Municipality
lasso_all_mun,265,.23585638,.54923302,lasso,Mixed,Municipality
lasso_all_mun,266,.23417386,.61273766,lasso,Mixed,Municipality
lasso_all_mun,267,.23460428,.60433167,lasso,Mixed,Municipality
lasso_all_mun,268,.23347658,.65794617,lasso,Mixed,Municipality
lasso_all_mun,269,.23316826,.66987693,lasso,Mixed,Municipality
lasso_all_mun,270,.23447374,.60376781,lasso,Mixed,Municipality
lasso_all_mun,271,.23406093,.62505096,lasso,Mixed,Municipality
lasso_all_mun,272,.23580749,.54824609,lasso,Mixed,Municipality
lasso_all_mun,273,.23277135,.69044793,lasso,Mixed,Municipality
lasso_all_mun,274,.23415649,.62311071,lasso,Mixed,Municipality
lasso_all_mun,275,.23365533,.65195942,lasso,Mixed,Municipality
lasso_all_mun,276,.23331469,.66023481,lasso,Mixed,Municipality
lasso_all_mun,277,.23447739,.6041196,lasso,Mixed,Municipality
lasso_all_mun,278,.23394136,.62884772,lasso,Mixed,Municipality
lasso_all_mun,279,.23446138,.60977221,lasso,Mixed,Municipality
lasso_all_mun,280,.23573254,.54645574,lasso,Mixed,Municipality
lasso_all_mun,281,.23480985,.59113973,lasso,Mixed,Municipality
lasso_all_mun,282,.23612139,.53528219,lasso,Mixed,Municipality
lasso_all_mun,283,.23534729,.57246047,lasso,Mixed,Municipality
lasso_all_mun,284,.23322888,.66772169,lasso,Mixed,Municipality
lasso_all_mun,285,.2330894,.67382473,lasso,Mixed,Municipality
lasso_all_mun,286,.23257348,.69785672,lasso,Mixed,Municipality
lasso_all_mun,287,.23100841,.76986307,lasso,Mixed,Municipality
lasso_all_mun,288,.23396203,.63195854,lasso,Mixed,Municipality
lasso_all_mun,289,.23333989,.66053075,lasso,Mixed,Municipality
lasso_all_mun,290,.2322409,.71568865,lasso,Mixed,Municipality
lasso_all_mun,291,.23450476,.60686034,lasso,Mixed,Municipality
lasso_all_mun,292,.23528798,.56493944,lasso,Mixed,Municipality
lasso_all_mun,293,.23518367,.57170045,lasso,Mixed,Municipality
lasso_all_mun,294,.23195556,.72701329,lasso,Mixed,Municipality
lasso_all_mun,295,.23247674,.7049638,lasso,Mixed,Municipality
lasso_all_mun,296,.23513131,.57710224,lasso,Mixed,Municipality
lasso_all_mun,297,.23271482,.69150788,lasso,Mixed,Municipality
lasso_all_mun,298,.23489156,.58911562,lasso,Mixed,Municipality
lasso_all_mun,299,.2352559,.56778115,lasso,Mixed,Municipality
lasso_all_mun,300,.23438817,.61310083,lasso,Mixed,Municipality
lasso_all_mun,301,.23344865,.65441799,lasso,Mixed,Municipality
lasso_all_mun,302,.2346783,.59653407,lasso,Mixed,Municipality
lasso_all_mun,303,.23456185,.60321015,lasso,Mixed,Municipality
lasso_all_mun,304,.23611462,.53733826,lasso,Mixed,Municipality
lasso_all_mun,305,.23418652,.62561941,lasso,Mixed,Municipality
lasso_all_mun,306,.23637213,.51972181,lasso,Mixed,Municipality
lasso_all_mun,307,.23464139,.59935069,lasso,Mixed,Municipality
lasso_all_mun,308,.23353843,.65063947,lasso,Mixed,Municipality
lasso_all_mun,309,.23390849,.63785917,lasso,Mixed,Municipality
lasso_all_mun,310,.23416896,.62343967,lasso,Mixed,Municipality
lasso_all_mun,311,.23506387,.58092576,lasso,Mixed,Municipality
lasso_all_mun,312,.23438141,.61019129,lasso,Mixed,Municipality
lasso_all_mun,313,.23381132,.63638133,lasso,Mixed,Municipality
lasso_all_mun,314,.23574632,.55261755,lasso,Mixed,Municipality
lasso_all_mun,315,.23164594,.73734474,lasso,Mixed,Municipality
lasso_all_mun,316,.23402531,.62916756,lasso,Mixed,Municipality
lasso_all_mun,317,.23302276,.67318732,lasso,Mixed,Municipality
lasso_all_mun,318,.23324054,.66871548,lasso,Mixed,Municipality
lasso_all_mun,319,.23569481,.55324018,lasso,Mixed,Municipality
lasso_all_mun,320,.23229426,.71240276,lasso,Mixed,Municipality
lasso_all_mun,321,.23219691,.71175396,lasso,Mixed,Municipality
lasso_all_mun,322,.23427449,.6166684,lasso,Mixed,Municipality
lasso_all_mun,323,.23520781,.57570016,lasso,Mixed,Municipality
lasso_all_mun,324,.23398337,.63233942,lasso,Mixed,Municipality
lasso_all_mun,325,.23591582,.54367334,lasso,Mixed,Municipality
lasso_all_mun,326,.23421258,.62267107,lasso,Mixed,Municipality
lasso_all_mun,327,.2353453,.56440407,lasso,Mixed,Municipality
lasso_all_mun,328,.23440523,.61187154,lasso,Mixed,Municipality
lasso_all_mun,329,.2342359,.62299097,lasso,Mixed,Municipality
lasso_all_mun,330,.23457412,.60178077,lasso,Mixed,Municipality
lasso_all_mun,331,.23434126,.61360371,lasso,Mixed,Municipality
lasso_all_mun,332,.23467973,.59939289,lasso,Mixed,Municipality
lasso_all_mun,333,.23425309,.61389053,lasso,Mixed,Municipality
lasso_all_mun,334,.23362543,.65161616,lasso,Mixed,Municipality
lasso_all_mun,335,.23175235,.73554355,lasso,Mixed,Municipality
lasso_all_mun,336,.23621644,.52666414,lasso,Mixed,Municipality
lasso_all_mun,337,.23371695,.64373702,lasso,Mixed,Municipality
lasso_all_mun,338,.23388596,.63677871,lasso,Mixed,Municipality
lasso_all_mun,339,.23549372,.5574919,lasso,Mixed,Municipality
lasso_all_mun,340,.23417839,.62096399,lasso,Mixed,Municipality
lasso_all_mun,341,.23571095,.55366153,lasso,Mixed,Municipality
lasso_all_mun,342,.23500268,.57774764,lasso,Mixed,Municipality
lasso_all_mun,343,.2330513,.67334235,lasso,Mixed,Municipality
lasso_all_mun,344,.23596887,.53771967,lasso,Mixed,Municipality
lasso_all_mun,345,.23592606,.53833145,lasso,Mixed,Municipality
lasso_all_mun,346,.23432103,.61683488,lasso,Mixed,Municipality
lasso_all_mun,347,.23354018,.656214,lasso,Mixed,Municipality
lasso_all_mun,348,.23402178,.63029534,lasso,Mixed,Municipality
lasso_all_mun,349,.23271935,.68749446,lasso,Mixed,Municipality
lasso_all_mun,350,.23386127,.63783014,lasso,Mixed,Municipality
lasso_all_mun,351,.2326148,.69552356,lasso,Mixed,Municipality
lasso_all_mun,352,.23582928,.54332268,lasso,Mixed,Municipality
lasso_all_mun,353,.23173486,.73704427,lasso,Mixed,Municipality
lasso_all_mun,354,.23508099,.58027637,lasso,Mixed,Municipality
lasso_all_mun,355,.23449048,.60278255,lasso,Mixed,Municipality
lasso_all_mun,356,.23458709,.60276884,lasso,Mixed,Municipality
lasso_all_mun,357,.23549311,.56347525,lasso,Mixed,Municipality
lasso_all_mun,358,.2344061,.61492592,lasso,Mixed,Municipality
lasso_all_mun,359,.23473823,.59246081,lasso,Mixed,Municipality
lasso_all_mun,360,.23414277,.62523568,lasso,Mixed,Municipality
lasso_all_mun,361,.23439331,.6100111,lasso,Mixed,Municipality
lasso_all_mun,362,.23251261,.70321512,lasso,Mixed,Municipality
lasso_all_mun,363,.23660989,.50448239,lasso,Mixed,Municipality
lasso_all_mun,364,.23442769,.61087036,lasso,Mixed,Municipality
lasso_all_mun,365,.23548684,.55411196,lasso,Mixed,Municipality
lasso_all_mun,366,.23342744,.65671116,lasso,Mixed,Municipality
lasso_all_mun,367,.23410368,.62928045,lasso,Mixed,Municipality
lasso_all_mun,368,.23407446,.62771308,lasso,Mixed,Municipality
lasso_all_mun,369,.23277692,.68773741,lasso,Mixed,Municipality
lasso_all_mun,370,.23377608,.63839227,lasso,Mixed,Municipality
lasso_all_mun,371,.23393281,.63789737,lasso,Mixed,Municipality
lasso_all_mun,372,.2349876,.58112931,lasso,Mixed,Municipality
lasso_all_mun,373,.23319501,.66997439,lasso,Mixed,Municipality
lasso_all_mun,374,.23341826,.65856481,lasso,Mixed,Municipality
lasso_all_mun,375,.23562495,.55190599,lasso,Mixed,Municipality
lasso_all_mun,376,.23303665,.67196941,lasso,Mixed,Municipality
lasso_all_mun,377,.23359621,.64745796,lasso,Mixed,Municipality
lasso_all_mun,378,.23559579,.55516678,lasso,Mixed,Municipality
lasso_all_mun,379,.23322839,.66850221,lasso,Mixed,Municipality
lasso_all_mun,380,.23565182,.54979008,lasso,Mixed,Municipality
lasso_all_mun,381,.2335671,.65226674,lasso,Mixed,Municipality
lasso_all_mun,382,.23507626,.58292133,lasso,Mixed,Municipality
lasso_all_mun,383,.23648797,.51682705,lasso,Mixed,Municipality
lasso_all_mun,384,.23629139,.52545536,lasso,Mixed,Municipality
lasso_all_mun,385,.23309313,.67342788,lasso,Mixed,Municipality
lasso_all_mun,386,.23310925,.66935176,lasso,Mixed,Municipality
lasso_all_mun,387,.23427412,.62040812,lasso,Mixed,Municipality
lasso_all_mun,388,.23352006,.65492141,lasso,Mixed,Municipality
lasso_all_mun,389,.2351691,.57554394,lasso,Mixed,Municipality
lasso_all_mun,390,.23327647,.66507667,lasso,Mixed,Municipality
lasso_all_mun,391,.23521532,.57498521,lasso,Mixed,Municipality
lasso_all_mun,392,.23350325,.65055621,lasso,Mixed,Municipality
lasso_all_mun,393,.2344664,.60933661,lasso,Mixed,Municipality
lasso_all_mun,394,.23370646,.63862264,lasso,Mixed,Municipality
lasso_all_mun,395,.23393393,.63423121,lasso,Mixed,Municipality
lasso_all_mun,396,.23466812,.5963009,lasso,Mixed,Municipality
lasso_all_mun,397,.23582157,.54808134,lasso,Mixed,Municipality
lasso_all_mun,398,.23456228,.60829777,lasso,Mixed,Municipality
lasso_all_mun,399,.2344563,.60713804,lasso,Mixed,Municipality
lasso_all_mun,400,.23385841,.63488865,lasso,Mixed,Municipality
lasso_all_mun,401,.23487294,.59354013,lasso,Mixed,Municipality
lasso_all_mun,402,.23432606,.61040568,lasso,Mixed,Municipality
lasso_all_mun,403,.23474358,.59547698,lasso,Mixed,Municipality
lasso_all_mun,404,.2336029,.64861137,lasso,Mixed,Municipality
lasso_all_mun,405,.23309462,.6738202,lasso,Mixed,Municipality
lasso_all_mun,406,.2348444,.59354353,lasso,Mixed,Municipality
lasso_all_mun,407,.23217148,.71850014,lasso,Mixed,Municipality
lasso_all_mun,408,.23547114,.56192267,lasso,Mixed,Municipality
lasso_all_mun,409,.2336024,.65498531,lasso,Mixed,Municipality
lasso_all_mun,410,.23489782,.58845139,lasso,Mixed,Municipality
lasso_all_mun,411,.23376547,.63759351,lasso,Mixed,Municipality
lasso_all_mun,412,.23495385,.58485878,lasso,Mixed,Municipality
lasso_all_mun,413,.23319203,.66654086,lasso,Mixed,Municipality
lasso_all_mun,414,.2342024,.61560732,lasso,Mixed,Municipality
lasso_all_mun,415,.23353738,.65148449,lasso,Mixed,Municipality
lasso_all_mun,416,.23484638,.59048402,lasso,Mixed,Municipality
lasso_all_mun,417,.23377235,.64268339,lasso,Mixed,Municipality
lasso_all_mun,418,.23303337,.67913699,lasso,Mixed,Municipality
lasso_all_mun,419,.2320663,.72189665,lasso,Mixed,Municipality
lasso_all_mun,420,.23382187,.63280922,lasso,Mixed,Municipality
lasso_all_mun,421,.23483546,.5937106,lasso,Mixed,Municipality
lasso_all_mun,422,.23423839,.61420923,lasso,Mixed,Municipality
lasso_all_mun,423,.23356169,.6542418,lasso,Mixed,Municipality
lasso_all_mun,424,.23532116,.56863642,lasso,Mixed,Municipality
lasso_all_mun,425,.23539004,.56100529,lasso,Mixed,Municipality
lasso_all_mun,426,.23153642,.74178177,lasso,Mixed,Municipality
lasso_all_mun,427,.23372097,.64217538,lasso,Mixed,Municipality
lasso_all_mun,428,.23559442,.55572498,lasso,Mixed,Municipality
lasso_all_mun,429,.23598483,.53971297,lasso,Mixed,Municipality
lasso_all_mun,430,.23249753,.7008096,lasso,Mixed,Municipality
lasso_all_mun,431,.23273164,.68408203,lasso,Mixed,Municipality
lasso_all_mun,432,.23413284,.61883044,lasso,Mixed,Municipality
lasso_all_mun,433,.235515,.56208575,lasso,Mixed,Municipality
lasso_all_mun,434,.23340212,.66032547,lasso,Mixed,Municipality
lasso_all_mun,435,.23270842,.69180381,lasso,Mixed,Municipality
lasso_all_mun,436,.23477869,.59287363,lasso,Mixed,Municipality
lasso_all_mun,437,.23409313,.62679338,lasso,Mixed,Municipality
lasso_all_mun,438,.23403369,.63059527,lasso,Mixed,Municipality
lasso_all_mun,439,.23711576,.48856333,lasso,Mixed,Municipality
lasso_all_mun,440,.23251863,.70096695,lasso,Mixed,Municipality
lasso_all_mun,441,.23370634,.64389098,lasso,Mixed,Municipality
lasso_all_mun,442,.23450129,.60692477,lasso,Mixed,Municipality
lasso_all_mun,443,.23441032,.61174154,lasso,Mixed,Municipality
lasso_all_mun,444,.2310251,.76732808,lasso,Mixed,Municipality
lasso_all_mun,445,.23580606,.5460937,lasso,Mixed,Municipality
lasso_all_mun,446,.23695083,.48803934,lasso,Mixed,Municipality
lasso_all_mun,447,.23459391,.60471827,lasso,Mixed,Municipality
lasso_all_mun,448,.23385772,.6389938,lasso,Mixed,Municipality
lasso_all_mun,449,.23261592,.69831455,lasso,Mixed,Municipality
lasso_all_mun,450,.23317,.67070419,lasso,Mixed,Municipality
lasso_all_mun,451,.23542708,.56212622,lasso,Mixed,Municipality
lasso_all_mun,452,.23197299,.7289359,lasso,Mixed,Municipality
lasso_all_mun,453,.23464759,.60179728,lasso,Mixed,Municipality
lasso_all_mun,454,.23394075,.63658887,lasso,Mixed,Municipality
lasso_all_mun,455,.23497297,.58474702,lasso,Mixed,Municipality
lasso_all_mun,456,.23485805,.59175837,lasso,Mixed,Municipality
lasso_all_mun,457,.23428059,.61547333,lasso,Mixed,Municipality
lasso_all_mun,458,.23411784,.62569755,lasso,Mixed,Municipality
lasso_all_mun,459,.23364013,.64750302,lasso,Mixed,Municipality
lasso_all_mun,460,.23261529,.69763607,lasso,Mixed,Municipality
lasso_all_mun,461,.23294836,.6841436,lasso,Mixed,Municipality
lasso_all_mun,462,.23462749,.59937978,lasso,Mixed,Municipality
lasso_all_mun,463,.2346487,.5951212,lasso,Mixed,Municipality
lasso_all_mun,464,.23314308,.6740123,lasso,Mixed,Municipality
lasso_all_mun,465,.23322672,.67090607,lasso,Mixed,Municipality
lasso_all_mun,466,.23439574,.60997003,lasso,Mixed,Municipality
lasso_all_mun,467,.23504537,.57662499,lasso,Mixed,Municipality
lasso_all_mun,468,.23479787,.5873692,lasso,Mixed,Municipality
lasso_all_mun,469,.23479892,.58581668,lasso,Mixed,Municipality
lasso_all_mun,470,.23290345,.68566424,lasso,Mixed,Municipality
lasso_all_mun,471,.23572218,.55074799,lasso,Mixed,Municipality
lasso_all_mun,472,.23328665,.66772622,lasso,Mixed,Municipality
lasso_all_mun,473,.23507242,.58086193,lasso,Mixed,Municipality
lasso_all_mun,474,.23262404,.69809216,lasso,Mixed,Municipality
lasso_all_mun,475,.23287266,.68612093,lasso,Mixed,Municipality
lasso_all_mun,476,.23376137,.64203227,lasso,Mixed,Municipality
lasso_all_mun,477,.23389167,.63774061,lasso,Mixed,Municipality
lasso_all_mun,478,.23517387,.57291836,lasso,Mixed,Municipality
lasso_all_mun,479,.2344043,.60668874,lasso,Mixed,Municipality
lasso_all_mun,480,.2344607,.60830402,lasso,Mixed,Municipality
lasso_all_mun,481,.23461427,.59907246,lasso,Mixed,Municipality
lasso_all_mun,482,.23569643,.5487045,lasso,Mixed,Municipality
lasso_all_mun,483,.232639,.69270408,lasso,Mixed,Municipality
lasso_all_mun,484,.23474817,.59421575,lasso,Mixed,Municipality
lasso_all_mun,485,.23471218,.60126877,lasso,Mixed,Municipality
lasso_all_mun,486,.23575605,.55499232,lasso,Mixed,Municipality
lasso_all_mun,487,.23547542,.56052518,lasso,Mixed,Municipality
lasso_all_mun,488,.23471472,.59354353,lasso,Mixed,Municipality
lasso_all_mun,489,.23132633,.75101274,lasso,Mixed,Municipality
lasso_all_mun,490,.23548672,.56103206,lasso,Mixed,Municipality
lasso_all_mun,491,.23254599,.70021319,lasso,Mixed,Municipality
lasso_all_mun,492,.23374635,.64578396,lasso,Mixed,Municipality
lasso_all_mun,493,.23419142,.6273858,lasso,Mixed,Municipality
lasso_all_mun,494,.23400719,.62930614,lasso,Mixed,Municipality
lasso_all_mun,495,.23340733,.65906256,lasso,Mixed,Municipality
lasso_all_mun,496,.23330359,.66195786,lasso,Mixed,Municipality
lasso_all_mun,497,.23241687,.70595247,lasso,Mixed,Municipality
lasso_all_mun,498,.23310088,.67261368,lasso,Mixed,Municipality
lasso_all_mun,499,.23413886,.62155867,lasso,Mixed,Municipality
lasso_all_mun,500,.23537578,.56343019,lasso,Mixed,Municipality
lasso_gis_mun,1,.24391381,.12281277,lasso,GIS,Municipality
lasso_gis_mun,2,.24185267,.21814635,lasso,GIS,Municipality
lasso_gis_mun,3,.24052803,.30044991,lasso,GIS,Municipality
lasso_gis_mun,4,.23883887,.37592974,lasso,GIS,Municipality
lasso_gis_mun,5,.24016103,.31101054,lasso,GIS,Municipality
lasso_gis_mun,6,.24554913,.050172962,lasso,GIS,Municipality
lasso_gis_mun,7,.24094374,.26707634,lasso,GIS,Municipality
lasso_gis_mun,8,.24162769,.22831015,lasso,GIS,Municipality
lasso_gis_mun,9,.24248265,.18919614,lasso,GIS,Municipality
lasso_gis_mun,10,.24017648,.29898176,lasso,GIS,Municipality
lasso_gis_mun,11,.23981021,.31333455,lasso,GIS,Municipality
lasso_gis_mun,12,.24093637,.26583853,lasso,GIS,Municipality
lasso_gis_mun,13,.24071418,.27627257,lasso,GIS,Municipality
lasso_gis_mun,14,.24381156,.12615167,lasso,GIS,Municipality
lasso_gis_mun,15,.24315815,.16107039,lasso,GIS,Municipality
lasso_gis_mun,16,.24215844,.20702982,lasso,GIS,Municipality
lasso_gis_mun,17,.23959051,.33241576,lasso,GIS,Municipality
lasso_gis_mun,18,.24165393,.233347,lasso,GIS,Municipality
lasso_gis_mun,19,.2441128,.11257257,lasso,GIS,Municipality
lasso_gis_mun,20,.24215938,.2060383,lasso,GIS,Municipality
lasso_gis_mun,21,.23899746,.37437373,lasso,GIS,Municipality
lasso_gis_mun,22,.24486531,.081032664,lasso,GIS,Municipality
lasso_gis_mun,23,.24080588,.27306026,lasso,GIS,Municipality
lasso_gis_mun,24,.24414793,.11748171,lasso,GIS,Municipality
lasso_gis_mun,25,.24238269,.19724405,lasso,GIS,Municipality
lasso_gis_mun,26,.24359533,.14370768,lasso,GIS,Municipality
lasso_gis_mun,27,.23945618,.35221592,lasso,GIS,Municipality
lasso_gis_mun,28,.24223526,.20301527,lasso,GIS,Municipality
lasso_gis_mun,29,.24423367,.10928214,lasso,GIS,Municipality
lasso_gis_mun,30,.24179013,.22813283,lasso,GIS,Municipality
lasso_gis_mun,31,.24557693,.049097057,lasso,GIS,Municipality
lasso_gis_mun,32,.23931786,.35441279,lasso,GIS,Municipality
lasso_gis_mun,33,.24263075,.19032906,lasso,GIS,Municipality
lasso_gis_mun,34,.23934212,.35157335,lasso,GIS,Municipality
lasso_gis_mun,35,.24347006,.15334064,lasso,GIS,Municipality
lasso_gis_mun,36,.24317291,.16516133,lasso,GIS,Municipality
lasso_gis_mun,37,.24087103,.27016211,lasso,GIS,Municipality
lasso_gis_mun,38,.24092594,.26977095,lasso,GIS,Municipality
lasso_gis_mun,39,.2407926,.2775982,lasso,GIS,Municipality
lasso_gis_mun,40,.23970398,.33740586,lasso,GIS,Municipality
lasso_gis_mun,41,.2439405,.12794656,lasso,GIS,Municipality
lasso_gis_mun,42,.24083579,.26830277,lasso,GIS,Municipality
lasso_gis_mun,43,.24529673,.061101347,lasso,GIS,Municipality
lasso_gis_mun,44,.23881435,.37653583,lasso,GIS,Municipality
lasso_gis_mun,45,.24365607,.13999589,lasso,GIS,Municipality
lasso_gis_mun,46,.23956482,.33459207,lasso,GIS,Municipality
lasso_gis_mun,47,.24367289,.14397793,lasso,GIS,Municipality
lasso_gis_mun,48,.24202591,.21052037,lasso,GIS,Municipality
lasso_gis_mun,49,.23996136,.32078263,lasso,GIS,Municipality
lasso_gis_mun,50,.24416797,.11771947,lasso,GIS,Municipality
lasso_gis_mun,51,.23956482,.34015861,lasso,GIS,Municipality
lasso_gis_mun,52,.24270031,.18064593,lasso,GIS,Municipality
lasso_gis_mun,53,.24043429,.2931729,lasso,GIS,Municipality
lasso_gis_mun,54,.24085161,.26932395,lasso,GIS,Municipality
lasso_gis_mun,55,.24551922,.058250513,lasso,GIS,Municipality
lasso_gis_mun,56,.2391656,.36440325,lasso,GIS,Municipality
lasso_gis_mun,57,.23930372,.35602579,lasso,GIS,Municipality
lasso_gis_mun,58,.24316566,.15882963,lasso,GIS,Municipality
lasso_gis_mun,59,.24384204,.13402453,lasso,GIS,Municipality
lasso_gis_mun,60,.24166431,.2392887,lasso,GIS,Municipality
lasso_gis_mun,61,.24137616,.24159047,lasso,GIS,Municipality
lasso_gis_mun,62,.24261647,.19332814,lasso,GIS,Municipality
lasso_gis_mun,63,.24298069,.17229126,lasso,GIS,Municipality
lasso_gis_mun,64,.24155554,.25674209,lasso,GIS,Municipality
lasso_gis_mun,65,.244009,.12510712,lasso,GIS,Municipality
lasso_gis_mun,66,.24212755,.21182549,lasso,GIS,Municipality
lasso_gis_mun,67,.23913291,.36351037,lasso,GIS,Municipality
lasso_gis_mun,68,.24422282,.11613213,lasso,GIS,Municipality
lasso_gis_mun,69,.24477534,.087486379,lasso,GIS,Municipality
lasso_gis_mun,70,.24182668,.22151604,lasso,GIS,Municipality
lasso_gis_mun,71,.24194711,.22122811,lasso,GIS,Municipality
lasso_gis_mun,72,.24561751,.047346644,lasso,GIS,Municipality
lasso_gis_mun,73,.24353905,.14521748,lasso,GIS,Municipality
lasso_gis_mun,74,.24119206,.24775398,lasso,GIS,Municipality
lasso_gis_mun,75,.24065188,.28013146,lasso,GIS,Municipality
lasso_gis_mun,76,.2412162,.25128901,lasso,GIS,Municipality
lasso_gis_mun,77,.2426194,.18604539,lasso,GIS,Municipality
lasso_gis_mun,78,.24058835,.29377669,lasso,GIS,Municipality
lasso_gis_mun,79,.24086185,.26856107,lasso,GIS,Municipality
lasso_gis_mun,80,.24241897,.20090623,lasso,GIS,Municipality
lasso_gis_mun,81,.2403293,.29331028,lasso,GIS,Municipality
lasso_gis_mun,82,.24337953,.15180118,lasso,GIS,Municipality
lasso_gis_mun,83,.24312259,.16371424,lasso,GIS,Municipality
lasso_gis_mun,84,.24515736,.070469186,lasso,GIS,Municipality
lasso_gis_mun,85,.23960781,.33284965,lasso,GIS,Municipality
lasso_gis_mun,86,.24209975,.21175765,lasso,GIS,Municipality
lasso_gis_mun,87,.24606697,.02301421,lasso,GIS,Municipality
lasso_gis_mun,88,.23925813,.35190633,lasso,GIS,Municipality
lasso_gis_mun,89,.23854482,.39147475,lasso,GIS,Municipality
lasso_gis_mun,90,.24199626,.21272464,lasso,GIS,Municipality
lasso_gis_mun,91,.24279542,.1790255,lasso,GIS,Municipality
lasso_gis_mun,92,.23776321,.4246881,lasso,GIS,Municipality
lasso_gis_mun,93,.24320741,.15796754,lasso,GIS,Municipality
lasso_gis_mun,94,.24323875,.15729475,lasso,GIS,Municipality
lasso_gis_mun,95,.24056154,.27878872,lasso,GIS,Municipality
lasso_gis_mun,96,.24336924,.14706253,lasso,GIS,Municipality
lasso_gis_mun,97,.23853484,.3948718,lasso,GIS,Municipality
lasso_gis_mun,98,.24190089,.21595235,lasso,GIS,Municipality
lasso_gis_mun,99,.24222335,.20208932,lasso,GIS,Municipality
lasso_gis_mun,100,.24526726,.063575871,lasso,GIS,Municipality
lasso_gis_mun,101,.23967563,.35272509,lasso,GIS,Municipality
lasso_gis_mun,102,.24002434,.3225376,lasso,GIS,Municipality
lasso_gis_mun,103,.24493226,.077047199,lasso,GIS,Municipality
lasso_gis_mun,104,.24187353,.23245811,lasso,GIS,Municipality
lasso_gis_mun,105,.24508074,.070356861,lasso,GIS,Municipality
lasso_gis_mun,106,.24235731,.1985503,lasso,GIS,Municipality
lasso_gis_mun,107,.24317764,.16009142,lasso,GIS,Municipality
lasso_gis_mun,108,.24219804,.2039475,lasso,GIS,Municipality
lasso_gis_mun,109,.23839417,.39894053,lasso,GIS,Municipality
lasso_gis_mun,110,.24267784,.18800506,lasso,GIS,Municipality
lasso_gis_mun,111,.23938197,.35442704,lasso,GIS,Municipality
lasso_gis_mun,112,.24152252,.24005957,lasso,GIS,Municipality
lasso_gis_mun,113,.24013962,.31303865,lasso,GIS,Municipality
lasso_gis_mun,114,.24054199,.28606862,lasso,GIS,Municipality
lasso_gis_mun,115,.24058586,.29381317,lasso,GIS,Municipality
lasso_gis_mun,116,.24301414,.16761419,lasso,GIS,Municipality
lasso_gis_mun,117,.24293186,.17723005,lasso,GIS,Municipality
lasso_gis_mun,118,.24398561,.12711696,lasso,GIS,Municipality
lasso_gis_mun,119,.2406234,.28150842,lasso,GIS,Municipality
lasso_gis_mun,120,.2463396,.011450659,lasso,GIS,Municipality
lasso_gis_mun,121,.23968624,.32583886,lasso,GIS,Municipality
lasso_gis_mun,122,.24419713,.1176214,lasso,GIS,Municipality
lasso_gis_mun,123,.2400406,.31459233,lasso,GIS,Municipality
lasso_gis_mun,124,.24441975,.10754827,lasso,GIS,Municipality
lasso_gis_mun,125,.24028829,.29634243,lasso,GIS,Municipality
lasso_gis_mun,126,.24129921,.24413855,lasso,GIS,Municipality
lasso_gis_mun,127,.24012448,.30648914,lasso,GIS,Municipality
lasso_gis_mun,128,.24158166,.23314916,lasso,GIS,Municipality
lasso_gis_mun,129,.24232778,.19939186,lasso,GIS,Municipality
lasso_gis_mun,130,.24042535,.29534066,lasso,GIS,Municipality
lasso_gis_mun,131,.24067527,.29046232,lasso,GIS,Municipality
lasso_gis_mun,132,.24417479,.11642291,lasso,GIS,Municipality
lasso_gis_mun,133,.23992717,.32254216,lasso,GIS,Municipality
lasso_gis_mun,134,.23765917,.4395096,lasso,GIS,Municipality
lasso_gis_mun,135,.24245037,.1924136,lasso,GIS,Municipality
lasso_gis_mun,136,.24252242,.19734439,lasso,GIS,Municipality
lasso_gis_mun,137,.24454787,.092351042,lasso,GIS,Municipality
lasso_gis_mun,138,.24392058,.12511967,lasso,GIS,Municipality
lasso_gis_mun,139,.24355203,.1451479,lasso,GIS,Municipality
lasso_gis_mun,140,.2407666,.26943058,lasso,GIS,Municipality
lasso_gis_mun,141,.24451891,.096209928,lasso,GIS,Municipality
lasso_gis_mun,142,.23938891,.33456355,lasso,GIS,Municipality
lasso_gis_mun,143,.24523543,.065541238,lasso,GIS,Municipality
lasso_gis_mun,144,.23891556,.37656945,lasso,GIS,Municipality
lasso_gis_mun,145,.23638056,.50016791,lasso,GIS,Municipality
lasso_gis_mun,146,.24301526,.16662267,lasso,GIS,Municipality
lasso_gis_mun,147,.24238499,.19494855,lasso,GIS,Municipality
lasso_gis_mun,148,.24426842,.11321174,lasso,GIS,Municipality
lasso_gis_mun,149,.24302705,.16593277,lasso,GIS,Municipality
lasso_gis_mun,150,.24048275,.29740068,lasso,GIS,Municipality
lasso_gis_mun,151,.24078901,.27424449,lasso,GIS,Municipality
lasso_gis_mun,152,.24138683,.24138863,lasso,GIS,Municipality
lasso_gis_mun,153,.24421903,.12294562,lasso,GIS,Municipality
lasso_gis_mun,154,.24477324,.080058821,lasso,GIS,Municipality
lasso_gis_mun,155,.2411575,.25834253,lasso,GIS,Municipality
lasso_gis_mun,156,.24490558,.079547383,lasso,GIS,Municipality
lasso_gis_mun,157,.2412857,.24660167,lasso,GIS,Municipality
lasso_gis_mun,158,.23983602,.32829687,lasso,GIS,Municipality
lasso_gis_mun,159,.24008261,.3134999,lasso,GIS,Municipality
lasso_gis_mun,160,.24358794,.14811505,lasso,GIS,Municipality
lasso_gis_mun,161,.24102311,.2750262,lasso,GIS,Municipality
lasso_gis_mun,162,.24454732,.095134601,lasso,GIS,Municipality
lasso_gis_mun,163,.23812681,.40762815,lasso,GIS,Municipality
lasso_gis_mun,164,.24018237,.30401519,lasso,GIS,Municipality
lasso_gis_mun,165,.2409417,.27236065,lasso,GIS,Municipality
lasso_gis_mun,166,.24301879,.16865702,lasso,GIS,Municipality
lasso_gis_mun,167,.2421322,.2129624,lasso,GIS,Municipality
lasso_gis_mun,168,.24417162,.11693207,lasso,GIS,Municipality
lasso_gis_mun,169,.23974295,.33874917,lasso,GIS,Municipality
lasso_gis_mun,170,.23948981,.35212812,lasso,GIS,Municipality
lasso_gis_mun,171,.2384973,.39674938,lasso,GIS,Municipality
lasso_gis_mun,172,.2457581,.041506428,lasso,GIS,Municipality
lasso_gis_mun,173,.24094015,.27604908,lasso,GIS,Municipality
lasso_gis_mun,174,.2431919,.16076763,lasso,GIS,Municipality
lasso_gis_mun,175,.24469344,.088483602,lasso,GIS,Municipality
lasso_gis_mun,176,.24050042,.29057691,lasso,GIS,Municipality
lasso_gis_mun,177,.24045941,.29100567,lasso,GIS,Municipality
lasso_gis_mun,178,.24181923,.22178972,lasso,GIS,Municipality
lasso_gis_mun,179,.24253358,.19217184,lasso,GIS,Municipality
lasso_gis_mun,180,.24196008,.22228007,lasso,GIS,Municipality
lasso_gis_mun,181,.24093941,.2646828,lasso,GIS,Municipality
lasso_gis_mun,182,.24146526,.24023746,lasso,GIS,Municipality
lasso_gis_mun,183,.24107039,.26621255,lasso,GIS,Municipality
lasso_gis_mun,184,.24311069,.16441612,lasso,GIS,Municipality
lasso_gis_mun,185,.24166834,.23571776,lasso,GIS,Municipality
lasso_gis_mun,186,.24427246,.11373401,lasso,GIS,Municipality
lasso_gis_mun,187,.24119659,.25718167,lasso,GIS,Municipality
lasso_gis_mun,188,.2435452,.14432345,lasso,GIS,Municipality
lasso_gis_mun,189,.24432296,.10898965,lasso,GIS,Municipality
lasso_gis_mun,190,.23987828,.32848275,lasso,GIS,Municipality
lasso_gis_mun,191,.24459007,.096245281,lasso,GIS,Municipality
lasso_gis_mun,192,.24074644,.27905101,lasso,GIS,Municipality
lasso_gis_mun,193,.24000362,.32100385,lasso,GIS,Municipality
lasso_gis_mun,194,.24030145,.30635741,lasso,GIS,Municipality
lasso_gis_mun,195,.2432957,.15716189,lasso,GIS,Municipality
lasso_gis_mun,196,.24180596,.2291021,lasso,GIS,Municipality
lasso_gis_mun,197,.23778909,.43746325,lasso,GIS,Municipality
lasso_gis_mun,198,.24183004,.22822976,lasso,GIS,Municipality
lasso_gis_mun,199,.2422756,.20369092,lasso,GIS,Municipality
lasso_gis_mun,200,.2428942,.17121309,lasso,GIS,Municipality
lasso_gis_mun,201,.24020936,.30677876,lasso,GIS,Municipality
lasso_gis_mun,202,.24237859,.19895796,lasso,GIS,Municipality
lasso_gis_mun,203,.24084795,.26933935,lasso,GIS,Municipality
lasso_gis_mun,204,.23948018,.33998242,lasso,GIS,Municipality
lasso_gis_mun,205,.24286261,.17346467,lasso,GIS,Municipality
lasso_gis_mun,206,.23931849,.3468689,lasso,GIS,Municipality
lasso_gis_mun,207,.24315046,.15989812,lasso,GIS,Municipality
lasso_gis_mun,208,.24246657,.19141808,lasso,GIS,Municipality
lasso_gis_mun,209,.24174844,.22449459,lasso,GIS,Municipality
lasso_gis_mun,210,.24307433,.16298158,lasso,GIS,Municipality
lasso_gis_mun,211,.23947553,.33794123,lasso,GIS,Municipality
lasso_gis_mun,212,.24196734,.21734414,lasso,GIS,Municipality
lasso_gis_mun,213,.24090087,.26690531,lasso,GIS,Municipality
lasso_gis_mun,214,.2455788,.046185214,lasso,GIS,Municipality
lasso_gis_mun,215,.2433773,.15134904,lasso,GIS,Municipality
lasso_gis_mun,216,.24440201,.099911451,lasso,GIS,Municipality
lasso_gis_mun,217,.24209318,.21325091,lasso,GIS,Municipality
lasso_gis_mun,218,.24119194,.25772163,lasso,GIS,Municipality
lasso_gis_mun,219,.24040723,.29424766,lasso,GIS,Municipality
lasso_gis_mun,220,.24007739,.31601319,lasso,GIS,Municipality
lasso_gis_mun,221,.24133632,.24939263,lasso,GIS,Municipality
lasso_gis_mun,222,.24029747,.30875838,lasso,GIS,Municipality
lasso_gis_mun,223,.24300712,.17322463,lasso,GIS,Municipality
lasso_gis_mun,224,.2387381,.37364107,lasso,GIS,Municipality
lasso_gis_mun,225,.24107361,.27035367,lasso,GIS,Municipality
lasso_gis_mun,226,.24169086,.2251212,lasso,GIS,Municipality
lasso_gis_mun,227,.24304783,.16665688,lasso,GIS,Municipality
lasso_gis_mun,228,.24299608,.16768032,lasso,GIS,Municipality
lasso_gis_mun,229,.24361674,.14410165,lasso,GIS,Municipality
lasso_gis_mun,230,.24028698,.31098431,lasso,GIS,Municipality
lasso_gis_mun,231,.24258086,.18701525,lasso,GIS,Municipality
lasso_gis_mun,232,.24084379,.27531299,lasso,GIS,Municipality
lasso_gis_mun,233,.24006969,.32061559,lasso,GIS,Municipality
lasso_gis_mun,234,.2427863,.17897876,lasso,GIS,Municipality
lasso_gis_mun,235,.24147686,.23658498,lasso,GIS,Municipality
lasso_gis_mun,236,.2419347,.21527442,lasso,GIS,Municipality
lasso_gis_mun,237,.24153574,.25042292,lasso,GIS,Municipality
lasso_gis_mun,238,.24254923,.1854165,lasso,GIS,Municipality
lasso_gis_mun,239,.24004462,.31483066,lasso,GIS,Municipality
lasso_gis_mun,240,.24353918,.14477161,lasso,GIS,Municipality
lasso_gis_mun,241,.24170941,.2400744,lasso,GIS,Municipality
lasso_gis_mun,242,.24090262,.26879427,lasso,GIS,Municipality
lasso_gis_mun,243,.24274553,.17948392,lasso,GIS,Municipality
lasso_gis_mun,244,.24277489,.17997769,lasso,GIS,Municipality
lasso_gis_mun,245,.24419825,.11176864,lasso,GIS,Municipality
lasso_gis_mun,246,.24240756,.19197513,lasso,GIS,Municipality
lasso_gis_mun,247,.244633,.093184628,lasso,GIS,Municipality
lasso_gis_mun,248,.24450128,.10021649,lasso,GIS,Municipality
lasso_gis_mun,249,.24473135,.091049924,lasso,GIS,Municipality
lasso_gis_mun,250,.24337047,.15448496,lasso,GIS,Municipality
lasso_gis_mun,251,.24296686,.17381418,lasso,GIS,Municipality
lasso_gis_mun,252,.23960757,.33872578,lasso,GIS,Municipality
lasso_gis_mun,253,.24320543,.16486883,lasso,GIS,Municipality
lasso_gis_mun,254,.24149691,.24282888,lasso,GIS,Municipality
lasso_gis_mun,255,.24261381,.18257992,lasso,GIS,Municipality
lasso_gis_mun,256,.24121477,.25098169,lasso,GIS,Municipality
lasso_gis_mun,257,.24439679,.10097367,lasso,GIS,Municipality
lasso_gis_mun,258,.24429466,.1083197,lasso,GIS,Municipality
lasso_gis_mun,259,.24025838,.29699072,lasso,GIS,Municipality
lasso_gis_mun,260,.23718475,.45713574,lasso,GIS,Municipality
lasso_gis_mun,261,.24142188,.23964734,lasso,GIS,Municipality
lasso_gis_mun,262,.23984428,.31320798,lasso,GIS,Municipality
lasso_gis_mun,263,.24526638,.062436678,lasso,GIS,Municipality
lasso_gis_mun,264,.24412273,.12144152,lasso,GIS,Municipality
lasso_gis_mun,265,.24477969,.086895116,lasso,GIS,Municipality
lasso_gis_mun,266,.24115421,.26201555,lasso,GIS,Municipality
lasso_gis_mun,267,.24071561,.28162244,lasso,GIS,Municipality
lasso_gis_mun,268,.23944351,.34815064,lasso,GIS,Municipality
lasso_gis_mun,269,.24005908,.31498861,lasso,GIS,Municipality
lasso_gis_mun,270,.24029945,.30451408,lasso,GIS,Municipality
lasso_gis_mun,271,.24181966,.22424771,lasso,GIS,Municipality
lasso_gis_mun,272,.24184604,.22760428,lasso,GIS,Municipality
lasso_gis_mun,273,.23847856,.39715475,lasso,GIS,Municipality
lasso_gis_mun,274,.24102609,.25609666,lasso,GIS,Municipality
lasso_gis_mun,275,.23827238,.40580705,lasso,GIS,Municipality
lasso_gis_mun,276,.23823869,.41922763,lasso,GIS,Municipality
lasso_gis_mun,277,.24182878,.22177033,lasso,GIS,Municipality
lasso_gis_mun,278,.23800048,.42166394,lasso,GIS,Municipality
lasso_gis_mun,279,.23927723,.35603321,lasso,GIS,Municipality
lasso_gis_mun,280,.24292386,.17799123,lasso,GIS,Municipality
lasso_gis_mun,281,.24222378,.20309338,lasso,GIS,Municipality
lasso_gis_mun,282,.23917329,.35839427,lasso,GIS,Municipality
lasso_gis_mun,283,.24407384,.11740417,lasso,GIS,Municipality
lasso_gis_mun,284,.2404779,.28742903,lasso,GIS,Municipality
lasso_gis_mun,285,.23987518,.33186838,lasso,GIS,Municipality
lasso_gis_mun,286,.24160188,.2306256,lasso,GIS,Municipality
lasso_gis_mun,287,.23869951,.384334,lasso,GIS,Municipality
lasso_gis_mun,288,.23929566,.36100391,lasso,GIS,Municipality
lasso_gis_mun,289,.24059071,.27895749,lasso,GIS,Municipality
lasso_gis_mun,290,.24056911,.28501666,lasso,GIS,Municipality
lasso_gis_mun,291,.24320431,.15963642,lasso,GIS,Municipality
lasso_gis_mun,292,.24318805,.15975331,lasso,GIS,Municipality
lasso_gis_mun,293,.24433778,.10583549,lasso,GIS,Municipality
lasso_gis_mun,294,.23732263,.45875958,lasso,GIS,Municipality
lasso_gis_mun,295,.23866799,.39942631,lasso,GIS,Municipality
lasso_gis_mun,296,.24354899,.14449222,lasso,GIS,Municipality
lasso_gis_mun,297,.243093,.1632068,lasso,GIS,Municipality
lasso_gis_mun,298,.24275124,.17980151,lasso,GIS,Municipality
lasso_gis_mun,299,.24416356,.11037572,lasso,GIS,Municipality
lasso_gis_mun,300,.23909977,.37014139,lasso,GIS,Municipality
lasso_gis_mun,301,.24209404,.20835146,lasso,GIS,Municipality
lasso_gis_mun,302,.24065933,.28196171,lasso,GIS,Municipality
lasso_gis_mun,303,.2409059,.26837519,lasso,GIS,Municipality
lasso_gis_mun,304,.24417417,.1142597,lasso,GIS,Municipality
lasso_gis_mun,305,.24156825,.2376586,lasso,GIS,Municipality
lasso_gis_mun,306,.24197435,.21601906,lasso,GIS,Municipality
lasso_gis_mun,307,.24407886,.12139705,lasso,GIS,Municipality
lasso_gis_mun,308,.23933245,.3434616,lasso,GIS,Municipality
lasso_gis_mun,309,.24017449,.30687171,lasso,GIS,Municipality
lasso_gis_mun,310,.23967651,.33263069,lasso,GIS,Municipality
lasso_gis_mun,311,.24528946,.062315803,lasso,GIS,Municipality
lasso_gis_mun,312,.24046116,.29753923,lasso,GIS,Municipality
lasso_gis_mun,313,.23991793,.31935722,lasso,GIS,Municipality
lasso_gis_mun,314,.24558078,.044838481,lasso,GIS,Municipality
lasso_gis_mun,315,.24069563,.27745908,lasso,GIS,Municipality
lasso_gis_mun,316,.24174279,.23443545,lasso,GIS,Municipality
lasso_gis_mun,317,.24326542,.1620944,lasso,GIS,Municipality
lasso_gis_mun,318,.23865286,.39496133,lasso,GIS,Municipality
lasso_gis_mun,319,.24272741,.17877121,lasso,GIS,Municipality
lasso_gis_mun,320,.2401727,.31148264,lasso,GIS,Municipality
lasso_gis_mun,321,.23809877,.40852445,lasso,GIS,Municipality
lasso_gis_mun,322,.2450988,.072957963,lasso,GIS,Municipality
lasso_gis_mun,323,.24148034,.25569811,lasso,GIS,Municipality
lasso_gis_mun,324,.24187638,.22227664,lasso,GIS,Municipality
lasso_gis_mun,325,.24555942,.050241381,lasso,GIS,Municipality
lasso_gis_mun,326,.24256827,.1881402,lasso,GIS,Municipality
lasso_gis_mun,327,.24146575,.24187669,lasso,GIS,Municipality
lasso_gis_mun,328,.24184033,.22446324,lasso,GIS,Municipality
lasso_gis_mun,329,.24253476,.2032308,lasso,GIS,Municipality
lasso_gis_mun,330,.2412798,.24073465,lasso,GIS,Municipality
lasso_gis_mun,331,.24096788,.27276319,lasso,GIS,Municipality
lasso_gis_mun,332,.24303046,.16716604,lasso,GIS,Municipality
lasso_gis_mun,333,.23934498,.34528497,lasso,GIS,Municipality
lasso_gis_mun,334,.24163538,.23219584,lasso,GIS,Municipality
lasso_gis_mun,335,.23834255,.39649564,lasso,GIS,Municipality
lasso_gis_mun,336,.24513347,.072040565,lasso,GIS,Municipality
lasso_gis_mun,337,.24072261,.28440487,lasso,GIS,Municipality
lasso_gis_mun,338,.24177456,.22226182,lasso,GIS,Municipality
lasso_gis_mun,339,.24251404,.18911575,lasso,GIS,Municipality
lasso_gis_mun,340,.24098036,.26478657,lasso,GIS,Municipality
lasso_gis_mun,341,.24003147,.30904746,lasso,GIS,Municipality
lasso_gis_mun,342,.2409185,.26577181,lasso,GIS,Municipality
lasso_gis_mun,343,.2430729,.16447143,lasso,GIS,Municipality
lasso_gis_mun,344,.24280939,.17720497,lasso,GIS,Municipality
lasso_gis_mun,345,.24449985,.10068289,lasso,GIS,Municipality
lasso_gis_mun,346,.24103503,.26292211,lasso,GIS,Municipality
lasso_gis_mun,347,.24126199,.25280795,lasso,GIS,Municipality
lasso_gis_mun,348,.23976175,.33325902,lasso,GIS,Municipality
lasso_gis_mun,349,.24067013,.28249937,lasso,GIS,Municipality
lasso_gis_mun,350,.2414338,.25698042,lasso,GIS,Municipality
lasso_gis_mun,351,.24040444,.29026732,lasso,GIS,Municipality
lasso_gis_mun,352,.24404003,.12871742,lasso,GIS,Municipality
lasso_gis_mun,353,.24004953,.32209745,lasso,GIS,Municipality
lasso_gis_mun,354,.24375002,.13193543,lasso,GIS,Municipality
lasso_gis_mun,355,.24354289,.14371452,lasso,GIS,Municipality
lasso_gis_mun,356,.24041611,.29992878,lasso,GIS,Municipality
lasso_gis_mun,357,.24250901,.18886943,lasso,GIS,Municipality
lasso_gis_mun,358,.23829398,.40515989,lasso,GIS,Municipality
lasso_gis_mun,359,.24127471,.26078057,lasso,GIS,Municipality
lasso_gis_mun,360,.24132174,.24480279,lasso,GIS,Municipality
lasso_gis_mun,361,.24398449,.1216713,lasso,GIS,Municipality
lasso_gis_mun,362,.23990229,.322882,lasso,GIS,Municipality
lasso_gis_mun,363,.24626355,.018456297,lasso,GIS,Municipality
lasso_gis_mun,364,.24457258,.097637057,lasso,GIS,Municipality
lasso_gis_mun,365,.24436092,.10612114,lasso,GIS,Municipality
lasso_gis_mun,366,.24026868,.29219618,lasso,GIS,Municipality
lasso_gis_mun,367,.24303132,.16759937,lasso,GIS,Municipality
lasso_gis_mun,368,.24082257,.27203566,lasso,GIS,Municipality
lasso_gis_mun,369,.24367121,.14108548,lasso,GIS,Municipality
lasso_gis_mun,370,.24235792,.19581293,lasso,GIS,Municipality
lasso_gis_mun,371,.24075079,.27600002,lasso,GIS,Municipality
lasso_gis_mun,372,.24240117,.19562648,lasso,GIS,Municipality
lasso_gis_mun,373,.24055192,.29416442,lasso,GIS,Municipality
lasso_gis_mun,374,.24159785,.23546118,lasso,GIS,Municipality
lasso_gis_mun,375,.24131237,.24994627,lasso,GIS,Municipality
lasso_gis_mun,376,.24195735,.21499847,lasso,GIS,Municipality
lasso_gis_mun,377,.24061614,.28480798,lasso,GIS,Municipality
lasso_gis_mun,378,.24205694,.2135548,lasso,GIS,Municipality
lasso_gis_mun,379,.24121043,.25554472,lasso,GIS,Municipality
lasso_gis_mun,380,.23950879,.35183564,lasso,GIS,Municipality
lasso_gis_mun,381,.24041821,.29587832,lasso,GIS,Municipality
lasso_gis_mun,382,.24251534,.19252135,lasso,GIS,Municipality
lasso_gis_mun,383,.24511394,.06963788,lasso,GIS,Municipality
lasso_gis_mun,384,.24510592,.070305549,lasso,GIS,Municipality
lasso_gis_mun,385,.24075332,.27440071,lasso,GIS,Municipality
lasso_gis_mun,386,.23969139,.32434049,lasso,GIS,Municipality
lasso_gis_mun,387,.24120224,.25400072,lasso,GIS,Municipality
lasso_gis_mun,388,.24105221,.26189011,lasso,GIS,Municipality
lasso_gis_mun,389,.24256635,.18710591,lasso,GIS,Municipality
lasso_gis_mun,390,.2401887,.30522335,lasso,GIS,Municipality
lasso_gis_mun,391,.24317919,.15963015,lasso,GIS,Municipality
lasso_gis_mun,392,.24456482,.094658509,lasso,GIS,Municipality
lasso_gis_mun,393,.24327095,.15828912,lasso,GIS,Municipality
lasso_gis_mun,394,.23967347,.32312658,lasso,GIS,Municipality
lasso_gis_mun,395,.24137405,.23885994,lasso,GIS,Municipality
lasso_gis_mun,396,.23931378,.34739918,lasso,GIS,Municipality
lasso_gis_mun,397,.2457259,.04292386,lasso,GIS,Municipality
lasso_gis_mun,398,.24170594,.23446168,lasso,GIS,Municipality
lasso_gis_mun,399,.2415811,.2345318,lasso,GIS,Municipality
lasso_gis_mun,400,.23963611,.33927771,lasso,GIS,Municipality
lasso_gis_mun,401,.24409537,.11642633,lasso,GIS,Municipality
lasso_gis_mun,402,.24046946,.28739995,lasso,GIS,Municipality
lasso_gis_mun,403,.24320064,.15967405,lasso,GIS,Municipality
lasso_gis_mun,404,.24207406,.21006994,lasso,GIS,Municipality
lasso_gis_mun,405,.24236277,.20022659,lasso,GIS,Municipality
lasso_gis_mun,406,.24154715,.23794255,lasso,GIS,Municipality
lasso_gis_mun,407,.24134643,.25722101,lasso,GIS,Municipality
lasso_gis_mun,408,.24458033,.094850652,lasso,GIS,Municipality
lasso_gis_mun,409,.24349096,.15358011,lasso,GIS,Municipality
lasso_gis_mun,410,.24237195,.20993938,lasso,GIS,Municipality
lasso_gis_mun,411,.23980618,.31926313,lasso,GIS,Municipality
lasso_gis_mun,412,.24465057,.091593295,lasso,GIS,Municipality
lasso_gis_mun,413,.24131443,.24389508,lasso,GIS,Municipality
lasso_gis_mun,414,.24246123,.20032522,lasso,GIS,Municipality
lasso_gis_mun,415,.24039879,.28840002,lasso,GIS,Municipality
lasso_gis_mun,416,.24147947,.24681547,lasso,GIS,Municipality
lasso_gis_mun,417,.24378799,.13158707,lasso,GIS,Municipality
lasso_gis_mun,418,.24284928,.17412378,lasso,GIS,Municipality
lasso_gis_mun,419,.24049018,.2861245,lasso,GIS,Municipality
lasso_gis_mun,420,.24343581,.1475791,lasso,GIS,Municipality
lasso_gis_mun,421,.24277991,.18210497,lasso,GIS,Municipality
lasso_gis_mun,422,.24261028,.19477978,lasso,GIS,Municipality
lasso_gis_mun,423,.24061887,.29691148,lasso,GIS,Municipality
lasso_gis_mun,424,.24542385,.061924666,lasso,GIS,Municipality
lasso_gis_mun,425,.24362908,.14517643,lasso,GIS,Municipality
lasso_gis_mun,426,.23829167,.4020029,lasso,GIS,Municipality
lasso_gis_mun,427,.23893361,.37127376,lasso,GIS,Municipality
lasso_gis_mun,428,.24237356,.19510534,lasso,GIS,Municipality
lasso_gis_mun,429,.2431865,.16141362,lasso,GIS,Municipality
lasso_gis_mun,430,.24037261,.29298189,lasso,GIS,Municipality
lasso_gis_mun,431,.23878333,.37685111,lasso,GIS,Municipality
lasso_gis_mun,432,.24075097,.28428912,lasso,GIS,Municipality
lasso_gis_mun,433,.24127905,.25646955,lasso,GIS,Municipality
lasso_gis_mun,434,.23969741,.34010273,lasso,GIS,Municipality
lasso_gis_mun,435,.24205266,.21574995,lasso,GIS,Municipality
lasso_gis_mun,436,.24114224,.25435251,lasso,GIS,Municipality
lasso_gis_mun,437,.24044427,.2991699,lasso,GIS,Municipality
lasso_gis_mun,438,.24529722,.062365405,lasso,GIS,Municipality
lasso_gis_mun,439,.2442544,.11332633,lasso,GIS,Municipality
lasso_gis_mun,440,.23791245,.42229283,lasso,GIS,Municipality
lasso_gis_mun,441,.24146259,.24702644,lasso,GIS,Municipality
lasso_gis_mun,442,.23923652,.35629833,lasso,GIS,Municipality
lasso_gis_mun,443,.2427763,.17925414,lasso,GIS,Municipality
lasso_gis_mun,444,.24175334,.2272599,lasso,GIS,Municipality
lasso_gis_mun,445,.24525832,.064630106,lasso,GIS,Municipality
lasso_gis_mun,446,.24337053,.15508306,lasso,GIS,Municipality
lasso_gis_mun,447,.24192725,.22275901,lasso,GIS,Municipality
lasso_gis_mun,448,.23998295,.32776776,lasso,GIS,Municipality
lasso_gis_mun,449,.24055813,.29061341,lasso,GIS,Municipality
lasso_gis_mun,450,.239557,.34697381,lasso,GIS,Municipality
lasso_gis_mun,451,.2439969,.12389039,lasso,GIS,Municipality
lasso_gis_mun,452,.2391496,.35675445,lasso,GIS,Municipality
lasso_gis_mun,453,.24163222,.23886393,lasso,GIS,Municipality
lasso_gis_mun,454,.24208125,.21155523,lasso,GIS,Municipality
lasso_gis_mun,455,.24251769,.19080059,lasso,GIS,Municipality
lasso_gis_mun,456,.2429519,.17228957,lasso,GIS,Municipality
lasso_gis_mun,457,.24227858,.19908284,lasso,GIS,Municipality
lasso_gis_mun,458,.24127328,.24878313,lasso,GIS,Municipality
lasso_gis_mun,459,.24088995,.26822808,lasso,GIS,Municipality
lasso_gis_mun,460,.23840007,.39301193,lasso,GIS,Municipality
lasso_gis_mun,461,.2409329,.27742204,lasso,GIS,Municipality
lasso_gis_mun,462,.2392403,.36224744,lasso,GIS,Municipality
lasso_gis_mun,463,.24488114,.079923689,lasso,GIS,Municipality
lasso_gis_mun,464,.23980668,.32760754,lasso,GIS,Municipality
lasso_gis_mun,465,.24089405,.26951095,lasso,GIS,Municipality
lasso_gis_mun,466,.24044427,.29121494,lasso,GIS,Municipality
lasso_gis_mun,467,.2412502,.25779063,lasso,GIS,Municipality
lasso_gis_mun,468,.24041288,.30010498,lasso,GIS,Municipality
lasso_gis_mun,469,.24464485,.091192462,lasso,GIS,Municipality
lasso_gis_mun,470,.24044347,.29204738,lasso,GIS,Municipality
lasso_gis_mun,471,.24078739,.28091487,lasso,GIS,Municipality
lasso_gis_mun,472,.24252316,.2095146,lasso,GIS,Municipality
lasso_gis_mun,473,.24349059,.15130173,lasso,GIS,Municipality
lasso_gis_mun,474,.2403906,.30892602,lasso,GIS,Municipality
lasso_gis_mun,475,.24010804,.30621773,lasso,GIS,Municipality
lasso_gis_mun,476,.24101461,.25955302,lasso,GIS,Municipality
lasso_gis_mun,477,.24346392,.14300409,lasso,GIS,Municipality
lasso_gis_mun,478,.24189593,.22088943,lasso,GIS,Municipality
lasso_gis_mun,479,.24229172,.20363048,lasso,GIS,Municipality
lasso_gis_mun,480,.24419595,.11214267,lasso,GIS,Municipality
lasso_gis_mun,481,.24002266,.31450567,lasso,GIS,Municipality
lasso_gis_mun,482,.24258149,.1884612,lasso,GIS,Municipality
lasso_gis_mun,483,.23834132,.40391523,lasso,GIS,Municipality
lasso_gis_mun,484,.24061818,.28715762,lasso,GIS,Municipality
lasso_gis_mun,485,.24129289,.25154215,lasso,GIS,Municipality
lasso_gis_mun,486,.24526675,.06402345,lasso,GIS,Municipality
lasso_gis_mun,487,.24252725,.19006735,lasso,GIS,Municipality
lasso_gis_mun,488,.24258633,.18763788,lasso,GIS,Municipality
lasso_gis_mun,489,.23961036,.32890296,lasso,GIS,Municipality
lasso_gis_mun,490,.24078882,.29037622,lasso,GIS,Municipality
lasso_gis_mun,491,.24113268,.26777995,lasso,GIS,Municipality
lasso_gis_mun,492,.24349692,.15297288,lasso,GIS,Municipality
lasso_gis_mun,493,.24088269,.27578679,lasso,GIS,Municipality
lasso_gis_mun,494,.23961042,.3405737,lasso,GIS,Municipality
lasso_gis_mun,495,.24344847,.14389069,lasso,GIS,Municipality
lasso_gis_mun,496,.24193551,.22147784,lasso,GIS,Municipality
lasso_gis_mun,497,.24246743,.19776233,lasso,GIS,Municipality
lasso_gis_mun,498,.24058604,.27369201,lasso,GIS,Municipality
lasso_gis_mun,499,.23978329,.31768435,lasso,GIS,Municipality
lasso_gis_mun,500,.24194972,.21509197,lasso,GIS,Municipality
lasso_census_mun,1,.23517226,.58030027,lasso,Census agg.,Municipality
lasso_census_mun,2,.23497774,.58836132,lasso,Census agg.,Municipality
lasso_census_mun,3,.234522,.60773784,lasso,Census agg.,Municipality
lasso_census_mun,4,.23315659,.67100412,lasso,Census agg.,Municipality
lasso_census_mun,5,.23510209,.57849801,lasso,Census agg.,Municipality
lasso_census_mun,6,.23508012,.58276284,lasso,Census agg.,Municipality
lasso_census_mun,7,.2345297,.60677314,lasso,Census agg.,Municipality
lasso_census_mun,8,.23404622,.62900734,lasso,Census agg.,Municipality
lasso_census_mun,9,.23386288,.63331038,lasso,Census agg.,Municipality
lasso_census_mun,10,.23332487,.66803813,lasso,Census agg.,Municipality
lasso_census_mun,11,.23375113,.64045,lasso,Census agg.,Municipality
lasso_census_mun,12,.23360333,.64985776,lasso,Census agg.,Municipality
lasso_census_mun,13,.23462903,.60341883,lasso,Census agg.,Municipality
lasso_census_mun,14,.23484664,.59692866,lasso,Census agg.,Municipality
lasso_census_mun,15,.23425794,.61867195,lasso,Census agg.,Municipality
lasso_census_mun,16,.23486456,.59401506,lasso,Census agg.,Municipality
lasso_census_mun,17,.23452598,.60634434,lasso,Census agg.,Municipality
lasso_census_mun,18,.23547573,.56001318,lasso,Census agg.,Municipality
lasso_census_mun,19,.23588064,.54187334,lasso,Census agg.,Municipality
lasso_census_mun,20,.2341769,.6273995,lasso,Census agg.,Municipality
lasso_census_mun,21,.23431346,.61379528,lasso,Census agg.,Municipality
lasso_census_mun,22,.23459597,.60344279,lasso,Census agg.,Municipality
lasso_census_mun,23,.23342285,.65998107,lasso,Census agg.,Municipality
lasso_census_mun,24,.2342243,.62126392,lasso,Census agg.,Municipality
lasso_census_mun,25,.23471273,.59936953,lasso,Census agg.,Municipality
lasso_census_mun,26,.2351601,.57707429,lasso,Census agg.,Municipality
lasso_census_mun,27,.23251435,.70998698,lasso,Census agg.,Municipality
lasso_census_mun,28,.23526706,.57090396,lasso,Census agg.,Municipality
lasso_census_mun,29,.2350661,.58326,lasso,Census agg.,Municipality
lasso_census_mun,30,.23439723,.61294234,lasso,Census agg.,Municipality
lasso_census_mun,31,.23709708,.49045685,lasso,Census agg.,Municipality
lasso_census_mun,32,.23422462,.62060368,lasso,Census agg.,Municipality
lasso_census_mun,33,.23488294,.58845711,lasso,Census agg.,Municipality
lasso_census_mun,34,.23438396,.61258656,lasso,Census agg.,Municipality
lasso_census_mun,35,.23523182,.57702184,lasso,Census agg.,Municipality
lasso_census_mun,36,.23553288,.55877364,lasso,Census agg.,Municipality
lasso_census_mun,37,.23443179,.60913533,lasso,Census agg.,Municipality
lasso_census_mun,38,.23386678,.63780904,lasso,Census agg.,Municipality
lasso_census_mun,39,.23367506,.65002543,lasso,Census agg.,Municipality
lasso_census_mun,40,.23464715,.60377061,lasso,Census agg.,Municipality
lasso_census_mun,41,.23475996,.5968374,lasso,Census agg.,Municipality
lasso_census_mun,42,.23343724,.65853113,lasso,Census agg.,Municipality
lasso_census_mun,43,.23535411,.56576729,lasso,Census agg.,Municipality
lasso_census_mun,44,.23397946,.63595766,lasso,Census agg.,Municipality
lasso_census_mun,45,.23466031,.60189652,lasso,Census agg.,Municipality
lasso_census_mun,46,.23397674,.62751353,lasso,Census agg.,Municipality
lasso_census_mun,47,.23476554,.59954458,lasso,Census agg.,Municipality
lasso_census_mun,48,.23369075,.65013486,lasso,Census agg.,Municipality
lasso_census_mun,49,.23315094,.67128181,lasso,Census agg.,Municipality
lasso_census_mun,50,.23474568,.59795719,lasso,Census agg.,Municipality
lasso_census_mun,51,.2334847,.65522587,lasso,Census agg.,Municipality
lasso_census_mun,52,.23452827,.60706222,lasso,Census agg.,Municipality
lasso_census_mun,53,.2345068,.60944325,lasso,Census agg.,Municipality
lasso_census_mun,54,.23402978,.62976623,lasso,Census agg.,Municipality
lasso_census_mun,55,.23558971,.55941677,lasso,Census agg.,Municipality
lasso_census_mun,56,.23503718,.58290708,lasso,Census agg.,Municipality
lasso_census_mun,57,.23290586,.68581021,lasso,Census agg.,Municipality
lasso_census_mun,58,.2349894,.58484393,lasso,Census agg.,Municipality
lasso_census_mun,59,.23450196,.60805428,lasso,Census agg.,Municipality
lasso_census_mun,60,.23298603,.68452448,lasso,Census agg.,Municipality
lasso_census_mun,61,.23402265,.63349915,lasso,Census agg.,Municipality
lasso_census_mun,62,.23332772,.66245449,lasso,Census agg.,Municipality
lasso_census_mun,63,.23410176,.63110673,lasso,Census agg.,Municipality
lasso_census_mun,64,.23435386,.61510557,lasso,Census agg.,Municipality
lasso_census_mun,65,.23493437,.58585769,lasso,Census agg.,Municipality
lasso_census_mun,66,.23387876,.64095122,lasso,Census agg.,Municipality
lasso_census_mun,67,.23370075,.65065998,lasso,Census agg.,Municipality
lasso_census_mun,68,.23564729,.55966139,lasso,Census agg.,Municipality
lasso_census_mun,69,.23495863,.58376461,lasso,Census agg.,Municipality
lasso_census_mun,70,.2363877,.52240956,lasso,Census agg.,Municipality
lasso_census_mun,71,.23525608,.57601893,lasso,Census agg.,Municipality
lasso_census_mun,72,.2347084,.59935927,lasso,Census agg.,Municipality
lasso_census_mun,73,.2342912,.61852938,lasso,Census agg.,Municipality
lasso_census_mun,74,.23450686,.6063934,lasso,Census agg.,Municipality
lasso_census_mun,75,.23420364,.62493122,lasso,Census agg.,Municipality
lasso_census_mun,76,.23399888,.62891668,lasso,Census agg.,Municipality
lasso_census_mun,77,.23409866,.62866241,lasso,Census agg.,Municipality
lasso_census_mun,78,.23382428,.64110285,lasso,Census agg.,Municipality
lasso_census_mun,79,.23519614,.57599437,lasso,Census agg.,Municipality
lasso_census_mun,80,.23424725,.622967,lasso,Census agg.,Municipality
lasso_census_mun,81,.23489676,.58815891,lasso,Census agg.,Municipality
lasso_census_mun,82,.23445766,.61282259,lasso,Census agg.,Municipality
lasso_census_mun,83,.23518944,.57624638,lasso,Census agg.,Municipality
lasso_census_mun,84,.23640241,.51602256,lasso,Census agg.,Municipality
lasso_census_mun,85,.23487642,.59337252,lasso,Census agg.,Municipality
lasso_census_mun,86,.23398064,.63174415,lasso,Census agg.,Municipality
lasso_census_mun,87,.23718084,.47930095,lasso,Census agg.,Municipality
lasso_census_mun,88,.23450941,.60632384,lasso,Census agg.,Municipality
lasso_census_mun,89,.23332717,.6671378,lasso,Census agg.,Municipality
lasso_census_mun,90,.23334523,.65956831,lasso,Census agg.,Municipality
lasso_census_mun,91,.23511101,.58087105,lasso,Census agg.,Municipality
lasso_census_mun,92,.23325178,.67103261,lasso,Census agg.,Municipality
lasso_census_mun,93,.23431055,.61529654,lasso,Census agg.,Municipality
lasso_census_mun,94,.23481312,.59338903,lasso,Census agg.,Municipality
lasso_census_mun,95,.23408414,.62585777,lasso,Census agg.,Municipality
lasso_census_mun,96,.23477541,.59593827,lasso,Census agg.,Municipality
lasso_census_mun,97,.23359925,.65106195,lasso,Census agg.,Municipality
lasso_census_mun,98,.23442453,.60964394,lasso,Census agg.,Municipality
lasso_census_mun,99,.2343464,.61638498,lasso,Census agg.,Municipality
lasso_census_mun,100,.23455116,.60796535,lasso,Census agg.,Municipality
lasso_census_mun,101,.23406193,.62961513,lasso,Census agg.,Municipality
lasso_census_mun,102,.23360097,.65590554,lasso,Census agg.,Municipality
lasso_census_mun,103,.23448682,.61009777,lasso,Census agg.,Municipality
lasso_census_mun,104,.23421605,.61818558,lasso,Census agg.,Municipality
lasso_census_mun,105,.23749201,.46333116,lasso,Census agg.,Municipality
lasso_census_mun,106,.23513845,.57829273,lasso,Census agg.,Municipality
lasso_census_mun,107,.23427022,.61671627,lasso,Census agg.,Municipality
lasso_census_mun,108,.23506877,.58148456,lasso,Census agg.,Municipality
lasso_census_mun,109,.23459336,.60360986,lasso,Census agg.,Municipality
lasso_census_mun,110,.23482467,.59320259,lasso,Census agg.,Municipality
lasso_census_mun,111,.23352398,.65441686,lasso,Census agg.,Municipality
lasso_census_mun,112,.2335586,.65477377,lasso,Census agg.,Municipality
lasso_census_mun,113,.23503631,.58045709,lasso,Census agg.,Municipality
lasso_census_mun,114,.23408414,.62686807,lasso,Census agg.,Municipality
lasso_census_mun,115,.23317863,.67177212,lasso,Census agg.,Municipality
lasso_census_mun,116,.23415294,.62205076,lasso,Census agg.,Municipality
lasso_census_mun,117,.2348225,.59770751,lasso,Census agg.,Municipality
lasso_census_mun,118,.23471503,.59688586,lasso,Census agg.,Municipality
lasso_census_mun,119,.23431632,.61802995,lasso,Census agg.,Municipality
lasso_census_mun,120,.23716384,.48561841,lasso,Census agg.,Municipality
lasso_census_mun,121,.23428641,.61750138,lasso,Census agg.,Municipality
lasso_census_mun,122,.23572168,.54752594,lasso,Census agg.,Municipality
lasso_census_mun,123,.23315145,.67644691,lasso,Census agg.,Municipality
lasso_census_mun,124,.23492897,.58983576,lasso,Census agg.,Municipality
lasso_census_mun,125,.23468879,.59690642,lasso,Census agg.,Municipality
lasso_census_mun,126,.23485129,.58815092,lasso,Census agg.,Municipality
lasso_census_mun,127,.23459491,.60494292,lasso,Census agg.,Municipality
lasso_census_mun,128,.23271488,.69696325,lasso,Census agg.,Municipality
lasso_census_mun,129,.2340834,.63019902,lasso,Census agg.,Municipality
lasso_census_mun,130,.23506765,.58251083,lasso,Census agg.,Municipality
lasso_census_mun,131,.23402724,.62804663,lasso,Census agg.,Municipality
lasso_census_mun,132,.23569724,.55254859,lasso,Census agg.,Municipality
lasso_census_mun,133,.23407675,.62593246,lasso,Census agg.,Municipality
lasso_census_mun,134,.23313016,.67759353,lasso,Census agg.,Municipality
lasso_census_mun,135,.23392443,.63144195,lasso,Census agg.,Municipality
lasso_census_mun,136,.23429342,.61461806,lasso,Census agg.,Municipality
lasso_census_mun,137,.23380834,.64481294,lasso,Census agg.,Municipality
lasso_census_mun,138,.23439977,.61343384,lasso,Census agg.,Municipality
lasso_census_mun,139,.23579651,.54699743,lasso,Census agg.,Municipality
lasso_census_mun,140,.23470157,.59759974,lasso,Census agg.,Municipality
lasso_census_mun,141,.23392542,.63830167,lasso,Census agg.,Municipality
lasso_census_mun,142,.23384042,.63810551,lasso,Census agg.,Municipality
lasso_census_mun,143,.234634,.60336465,lasso,Census agg.,Municipality
lasso_census_mun,144,.23345697,.65743017,lasso,Census agg.,Municipality
lasso_census_mun,145,.23295464,.67720926,lasso,Census agg.,Municipality
lasso_census_mun,146,.23524888,.57230258,lasso,Census agg.,Municipality
lasso_census_mun,147,.23378904,.64546692,lasso,Census agg.,Municipality
lasso_census_mun,148,.23598576,.53952652,lasso,Census agg.,Municipality
lasso_census_mun,149,.23503129,.583211,lasso,Census agg.,Municipality
lasso_census_mun,150,.23402508,.63180006,lasso,Census agg.,Municipality
lasso_census_mun,151,.23488784,.58610916,lasso,Census agg.,Municipality
lasso_census_mun,152,.23533779,.56806052,lasso,Census agg.,Municipality
lasso_census_mun,153,.23513608,.58247036,lasso,Census agg.,Municipality
lasso_census_mun,154,.23466961,.59984046,lasso,Census agg.,Municipality
lasso_census_mun,155,.23451462,.60519892,lasso,Census agg.,Municipality
lasso_census_mun,156,.23417342,.62331426,lasso,Census agg.,Municipality
lasso_census_mun,157,.23403457,.624511,lasso,Census agg.,Municipality
lasso_census_mun,158,.23353694,.65454513,lasso,Census agg.,Municipality
lasso_census_mun,159,.23397854,.63537896,lasso,Census agg.,Municipality
lasso_census_mun,160,.23502608,.58783108,lasso,Census agg.,Municipality
lasso_census_mun,161,.23454241,.60829377,lasso,Census agg.,Municipality
lasso_census_mun,162,.23488162,.59232223,lasso,Census agg.,Municipality
lasso_census_mun,163,.23264483,.69768453,lasso,Census agg.,Municipality
lasso_census_mun,164,.23448335,.60890383,lasso,Census agg.,Municipality
lasso_census_mun,165,.23308133,.67263651,lasso,Census agg.,Municipality
lasso_census_mun,166,.23453876,.60582036,lasso,Census agg.,Municipality
lasso_census_mun,167,.23380797,.64142215,lasso,Census agg.,Municipality
lasso_census_mun,168,.23598352,.54387689,lasso,Census agg.,Municipality
lasso_census_mun,169,.23300304,.67588192,lasso,Census agg.,Municipality
lasso_census_mun,170,.23280001,.6860491,lasso,Census agg.,Municipality
lasso_census_mun,171,.23315287,.67354137,lasso,Census agg.,Municipality
lasso_census_mun,172,.23647295,.511545,lasso,Census agg.,Municipality
lasso_census_mun,173,.23510785,.57829219,lasso,Census agg.,Municipality
lasso_census_mun,174,.23487946,.59051937,lasso,Census agg.,Municipality
lasso_census_mun,175,.23422709,.62048054,lasso,Census agg.,Municipality
lasso_census_mun,176,.23343116,.66514337,lasso,Census agg.,Municipality
lasso_census_mun,177,.23521054,.57658279,lasso,Census agg.,Municipality
lasso_census_mun,178,.23358701,.654203,lasso,Census agg.,Municipality
lasso_census_mun,179,.23415475,.62438726,lasso,Census agg.,Municipality
lasso_census_mun,180,.23561615,.55535209,lasso,Census agg.,Municipality
lasso_census_mun,181,.23418924,.62118697,lasso,Census agg.,Municipality
lasso_census_mun,182,.23451345,.60662776,lasso,Census agg.,Municipality
lasso_census_mun,183,.23379816,.64023334,lasso,Census agg.,Municipality
lasso_census_mun,184,.23513702,.5780527,lasso,Census agg.,Municipality
lasso_census_mun,185,.23439878,.60960686,lasso,Census agg.,Municipality
lasso_census_mun,186,.23512498,.58155864,lasso,Census agg.,Municipality
lasso_census_mun,187,.23415592,.62856776,lasso,Census agg.,Municipality
lasso_census_mun,188,.23461917,.6027962,lasso,Census agg.,Municipality
lasso_census_mun,189,.23447876,.61142796,lasso,Census agg.,Municipality
lasso_census_mun,190,.23437335,.61169595,lasso,Census agg.,Municipality
lasso_census_mun,191,.2345513,.6078912,lasso,Census agg.,Municipality
lasso_census_mun,192,.23666951,.50461751,lasso,Census agg.,Municipality
lasso_census_mun,193,.23390426,.6361652,lasso,Census agg.,Municipality
lasso_census_mun,194,.23332579,.6666429,lasso,Census agg.,Municipality
lasso_census_mun,195,.23471901,.59948927,lasso,Census agg.,Municipality
lasso_census_mun,196,.2339565,.63649076,lasso,Census agg.,Municipality
lasso_census_mun,197,.23357201,.65041143,lasso,Census agg.,Municipality
lasso_census_mun,198,.23414537,.6274702,lasso,Census agg.,Municipality
lasso_census_mun,199,.23476796,.59432352,lasso,Census agg.,Municipality
lasso_census_mun,200,.23499405,.58705676,lasso,Census agg.,Municipality
lasso_census_mun,201,.23473378,.59528428,lasso,Census agg.,Municipality
lasso_census_mun,202,.23471881,.59787625,lasso,Census agg.,Municipality
lasso_census_mun,203,.23379394,.63953149,lasso,Census agg.,Municipality
lasso_census_mun,204,.23313686,.67536706,lasso,Census agg.,Municipality
lasso_census_mun,205,.23675811,.49788213,lasso,Census agg.,Municipality
lasso_census_mun,206,.23420848,.62229991,lasso,Census agg.,Municipality
lasso_census_mun,207,.23482846,.59400541,lasso,Census agg.,Municipality
lasso_census_mun,208,.235301,.57124716,lasso,Census agg.,Municipality
lasso_census_mun,209,.23367524,.64920324,lasso,Census agg.,Municipality
lasso_census_mun,210,.23519769,.57900888,lasso,Census agg.,Municipality
lasso_census_mun,211,.23272252,.69151133,lasso,Census agg.,Municipality
lasso_census_mun,212,.23483093,.59463996,lasso,Census agg.,Municipality
lasso_census_mun,213,.23422784,.62188596,lasso,Census agg.,Municipality
lasso_census_mun,214,.23696399,.49088389,lasso,Census agg.,Municipality
lasso_census_mun,215,.23517194,.57939261,lasso,Census agg.,Municipality
lasso_census_mun,216,.23623016,.53022826,lasso,Census agg.,Municipality
lasso_census_mun,217,.23354818,.65739024,lasso,Census agg.,Municipality
lasso_census_mun,218,.23453969,.60719162,lasso,Census agg.,Municipality
lasso_census_mun,219,.23324482,.67223626,lasso,Census agg.,Municipality
lasso_census_mun,220,.23435932,.61277187,lasso,Census agg.,Municipality
lasso_census_mun,221,.23370583,.64968616,lasso,Census agg.,Municipality
lasso_census_mun,222,.23434895,.61716956,lasso,Census agg.,Municipality
lasso_census_mun,223,.23407303,.63293582,lasso,Census agg.,Municipality
lasso_census_mun,224,.23379835,.64127851,lasso,Census agg.,Municipality
lasso_census_mun,225,.23535623,.56730962,lasso,Census agg.,Municipality
lasso_census_mun,226,.23448862,.60818714,lasso,Census agg.,Municipality
lasso_census_mun,227,.2358534,.54783326,lasso,Census agg.,Municipality
lasso_census_mun,228,.23451623,.60437101,lasso,Census agg.,Municipality
lasso_census_mun,229,.23486531,.59140772,lasso,Census agg.,Municipality
lasso_census_mun,230,.23567514,.5540846,lasso,Census agg.,Municipality
lasso_census_mun,231,.23367773,.65076774,lasso,Census agg.,Municipality
lasso_census_mun,232,.23414625,.62340832,lasso,Census agg.,Municipality
lasso_census_mun,233,.2352822,.57150835,lasso,Census agg.,Municipality
lasso_census_mun,234,.23328336,.66543418,lasso,Census agg.,Municipality
lasso_census_mun,235,.23500231,.59007865,lasso,Census agg.,Municipality
lasso_census_mun,236,.23427922,.61780298,lasso,Census agg.,Municipality
lasso_census_mun,237,.23472837,.59619313,lasso,Census agg.,Municipality
lasso_census_mun,238,.23303989,.67289478,lasso,Census agg.,Municipality
lasso_census_mun,239,.23413607,.62236607,lasso,Census agg.,Municipality
lasso_census_mun,240,.23516282,.58008307,lasso,Census agg.,Municipality
lasso_census_mun,241,.23476902,.59427965,lasso,Census agg.,Municipality
lasso_census_mun,242,.23353098,.65406901,lasso,Census agg.,Municipality
lasso_census_mun,243,.23357609,.64954191,lasso,Census agg.,Municipality
lasso_census_mun,244,.23467749,.6007818,lasso,Census agg.,Municipality
lasso_census_mun,245,.23473433,.59619254,lasso,Census agg.,Municipality
lasso_census_mun,246,.23424111,.62470031,lasso,Census agg.,Municipality
lasso_census_mun,247,.23555149,.55235243,lasso,Census agg.,Municipality
lasso_census_mun,248,.23445418,.61128658,lasso,Census agg.,Municipality
lasso_census_mun,249,.23345169,.65903687,lasso,Census agg.,Municipality
lasso_census_mun,250,.23652612,.51554418,lasso,Census agg.,Municipality
lasso_census_mun,251,.23340286,.65958256,lasso,Census agg.,Municipality
lasso_census_mun,252,.23470528,.59884328,lasso,Census agg.,Municipality
lasso_census_mun,253,.23424925,.6176998,lasso,Census agg.,Municipality
lasso_census_mun,254,.23422138,.62573516,lasso,Census agg.,Municipality
lasso_census_mun,255,.23543695,.56311262,lasso,Census agg.,Municipality
lasso_census_mun,256,.2334507,.65749973,lasso,Census agg.,Municipality
lasso_census_mun,257,.23624313,.52660257,lasso,Census agg.,Municipality
lasso_census_mun,258,.23469542,.60282874,lasso,Census agg.,Municipality
lasso_census_mun,259,.23339206,.66069722,lasso,Census agg.,Municipality
lasso_census_mun,260,.23202834,.72497267,lasso,Census agg.,Municipality
lasso_census_mun,261,.23312396,.67603928,lasso,Census agg.,Municipality
lasso_census_mun,262,.23405659,.62852103,lasso,Census agg.,Municipality
lasso_census_mun,263,.23512182,.57800764,lasso,Census agg.,Municipality
lasso_census_mun,264,.23488741,.59146816,lasso,Census agg.,Municipality
lasso_census_mun,265,.23444922,.61009663,lasso,Census agg.,Municipality
lasso_census_mun,266,.2345552,.60140157,lasso,Census agg.,Municipality
lasso_census_mun,267,.23421673,.61974782,lasso,Census agg.,Municipality
lasso_census_mun,268,.23468073,.60372788,lasso,Census agg.,Municipality
lasso_census_mun,269,.23342048,.6601966,lasso,Census agg.,Municipality
lasso_census_mun,270,.23496285,.58451551,lasso,Census agg.,Municipality
lasso_census_mun,271,.23503718,.58164871,lasso,Census agg.,Municipality
lasso_census_mun,272,.23476845,.60035759,lasso,Census agg.,Municipality
lasso_census_mun,273,.23362033,.65122849,lasso,Census agg.,Municipality
lasso_census_mun,274,.23382571,.64022368,lasso,Census agg.,Municipality
lasso_census_mun,275,.23343109,.66436625,lasso,Census agg.,Municipality
lasso_census_mun,276,.23360234,.64959949,lasso,Census agg.,Municipality
lasso_census_mun,277,.23505381,.58236486,lasso,Census agg.,Municipality
lasso_census_mun,278,.23436949,.6118083,lasso,Census agg.,Municipality
lasso_census_mun,279,.23497581,.58532572,lasso,Census agg.,Municipality
lasso_census_mun,280,.23496515,.58732474,lasso,Census agg.,Municipality
lasso_census_mun,281,.23400415,.63053083,lasso,Census agg.,Municipality
lasso_census_mun,282,.23616228,.53649896,lasso,Census agg.,Municipality
lasso_census_mun,283,.23540288,.56910336,lasso,Census agg.,Municipality
lasso_census_mun,284,.23400223,.63327676,lasso,Census agg.,Municipality
lasso_census_mun,285,.23366408,.64947575,lasso,Census agg.,Municipality
lasso_census_mun,286,.23365439,.64920098,lasso,Census agg.,Municipality
lasso_census_mun,287,.23281646,.69372296,lasso,Census agg.,Municipality
lasso_census_mun,288,.23509166,.58243042,lasso,Census agg.,Municipality
lasso_census_mun,289,.23402239,.63153946,lasso,Census agg.,Municipality
lasso_census_mun,290,.2328164,.68812966,lasso,Census agg.,Municipality
lasso_census_mun,291,.23488592,.58739603,lasso,Census agg.,Municipality
lasso_census_mun,292,.2366759,.50478971,lasso,Census agg.,Municipality
lasso_census_mun,293,.23571467,.55143958,lasso,Census agg.,Municipality
lasso_census_mun,294,.23229297,.71433049,lasso,Census agg.,Municipality
lasso_census_mun,295,.23275621,.69085902,lasso,Census agg.,Municipality
lasso_census_mun,296,.23521197,.57235104,lasso,Census agg.,Municipality
lasso_census_mun,297,.23388807,.63527346,lasso,Census agg.,Municipality
lasso_census_mun,298,.23501553,.58281416,lasso,Census agg.,Municipality
lasso_census_mun,299,.23641506,.51593816,lasso,Census agg.,Municipality
lasso_census_mun,300,.23401335,.63011122,lasso,Census agg.,Municipality
lasso_census_mun,301,.23417845,.62280393,lasso,Census agg.,Municipality
lasso_census_mun,302,.23549601,.56221575,lasso,Census agg.,Municipality
lasso_census_mun,303,.23542386,.56671947,lasso,Census agg.,Municipality
lasso_census_mun,304,.23481475,.59673309,lasso,Census agg.,Municipality
lasso_census_mun,305,.23504569,.58344305,lasso,Census agg.,Municipality
lasso_census_mun,306,.23622054,.52828282,lasso,Census agg.,Municipality
lasso_census_mun,307,.23460831,.60383505,lasso,Census agg.,Municipality
lasso_census_mun,308,.23355891,.65246743,lasso,Census agg.,Municipality
lasso_census_mun,309,.23403277,.62983298,lasso,Census agg.,Municipality
lasso_census_mun,310,.23401769,.63122416,lasso,Census agg.,Municipality
lasso_census_mun,311,.23426743,.61925238,lasso,Census agg.,Municipality
lasso_census_mun,312,.23343779,.66103649,lasso,Census agg.,Municipality
lasso_census_mun,313,.23433332,.61511356,lasso,Census agg.,Municipality
lasso_census_mun,314,.23621266,.53118271,lasso,Census agg.,Municipality
lasso_census_mun,315,.23317279,.66690803,lasso,Census agg.,Municipality
lasso_census_mun,316,.23424149,.61920393,lasso,Census agg.,Municipality
lasso_census_mun,317,.23428492,.61593914,lasso,Census agg.,Municipality
lasso_census_mun,318,.23342346,.65815997,lasso,Census agg.,Municipality
lasso_census_mun,319,.2353553,.57407236,lasso,Census agg.,Municipality
lasso_census_mun,320,.23348935,.65919942,lasso,Census agg.,Municipality
lasso_census_mun,321,.23303592,.67225337,lasso,Census agg.,Municipality
lasso_census_mun,322,.23479185,.59777874,lasso,Census agg.,Municipality
lasso_census_mun,323,.236329,.52479285,lasso,Census agg.,Municipality
lasso_census_mun,324,.2344442,.60876185,lasso,Census agg.,Municipality
lasso_census_mun,325,.23591055,.5463537,lasso,Census agg.,Municipality
lasso_census_mun,326,.23424335,.62484741,lasso,Census agg.,Municipality
lasso_census_mun,327,.23540902,.56803256,lasso,Census agg.,Municipality
lasso_census_mun,328,.23468934,.6048916,lasso,Census agg.,Municipality
lasso_census_mun,329,.23328646,.66685271,lasso,Census agg.,Municipality
lasso_census_mun,330,.23501186,.58360839,lasso,Census agg.,Municipality
lasso_census_mun,331,.23437774,.61010516,lasso,Census agg.,Municipality
lasso_census_mun,332,.23497066,.58635145,lasso,Census agg.,Municipality
lasso_census_mun,333,.23316757,.67229497,lasso,Census agg.,Municipality
lasso_census_mun,334,.23365347,.64622754,lasso,Census agg.,Municipality
lasso_census_mun,335,.23187421,.73407084,lasso,Census agg.,Municipality
lasso_census_mun,336,.23470306,.60157037,lasso,Census agg.,Municipality
lasso_census_mun,337,.23378836,.64285612,lasso,Census agg.,Municipality
lasso_census_mun,338,.23437321,.6188755,lasso,Census agg.,Municipality
lasso_census_mun,339,.23517939,.57499319,lasso,Census agg.,Municipality
lasso_census_mun,340,.23404871,.62824559,lasso,Census agg.,Municipality
lasso_census_mun,341,.23485458,.59567767,lasso,Census agg.,Municipality
lasso_census_mun,342,.23527743,.56812435,lasso,Census agg.,Municipality
lasso_census_mun,343,.23420426,.61889201,lasso,Census agg.,Municipality
lasso_census_mun,344,.23625058,.52734095,lasso,Census agg.,Municipality
lasso_census_mun,345,.23614335,.53158808,lasso,Census agg.,Municipality
lasso_census_mun,346,.23455414,.607081,lasso,Census agg.,Municipality
lasso_census_mun,347,.23368704,.64890617,lasso,Census agg.,Municipality
lasso_census_mun,348,.23374945,.6436612,lasso,Census agg.,Municipality
lasso_census_mun,349,.23377806,.64567786,lasso,Census agg.,Municipality
lasso_census_mun,350,.23420985,.62219727,lasso,Census agg.,Municipality
lasso_census_mun,351,.23421356,.62139904,lasso,Census agg.,Municipality
lasso_census_mun,352,.23553467,.55794978,lasso,Census agg.,Municipality
lasso_census_mun,353,.23216216,.71930009,lasso,Census agg.,Municipality
lasso_census_mun,354,.23501062,.58472764,lasso,Census agg.,Municipality
lasso_census_mun,355,.23523293,.57580167,lasso,Census agg.,Municipality
lasso_census_mun,356,.23488194,.58885449,lasso,Census agg.,Municipality
lasso_census_mun,357,.23581928,.55017668,lasso,Census agg.,Municipality
lasso_census_mun,358,.23410858,.62622666,lasso,Census agg.,Municipality
lasso_census_mun,359,.2347749,.59219056,lasso,Census agg.,Municipality
lasso_census_mun,360,.23355475,.65613073,lasso,Census agg.,Municipality
lasso_census_mun,361,.2339907,.63380301,lasso,Census agg.,Municipality
lasso_census_mun,362,.23275602,.69298178,lasso,Census agg.,Municipality
lasso_census_mun,363,.2370315,.48739904,lasso,Census agg.,Municipality
lasso_census_mun,364,.23495732,.58883798,lasso,Census agg.,Municipality
lasso_census_mun,365,.23601343,.53715575,lasso,Census agg.,Municipality
lasso_census_mun,366,.23448068,.61128485,lasso,Census agg.,Municipality
lasso_census_mun,367,.23357069,.65575385,lasso,Census agg.,Municipality
lasso_census_mun,368,.23450625,.60425013,lasso,Census agg.,Municipality
lasso_census_mun,369,.23376392,.64163542,lasso,Census agg.,Municipality
lasso_census_mun,370,.23362151,.64765239,lasso,Census agg.,Municipality
lasso_census_mun,371,.2330948,.67644978,lasso,Census agg.,Municipality
lasso_census_mun,372,.23510668,.57854986,lasso,Census agg.,Municipality
lasso_census_mun,373,.23364206,.64601201,lasso,Census agg.,Municipality
lasso_census_mun,374,.23334882,.66115963,lasso,Census agg.,Municipality
lasso_census_mun,375,.23501696,.58249199,lasso,Census agg.,Municipality
lasso_census_mun,376,.23382968,.6407243,lasso,Census agg.,Municipality
lasso_census_mun,377,.23446113,.60747385,lasso,Census agg.,Municipality
lasso_census_mun,378,.23454069,.60686153,lasso,Census agg.,Municipality
lasso_census_mun,379,.23406757,.62801868,lasso,Census agg.,Municipality
lasso_census_mun,380,.23516233,.57416189,lasso,Census agg.,Municipality
lasso_census_mun,381,.23364304,.64720762,lasso,Census agg.,Municipality
lasso_census_mun,382,.23459144,.6063723,lasso,Census agg.,Municipality
lasso_census_mun,383,.23509154,.58256388,lasso,Census agg.,Municipality
lasso_census_mun,384,.23534822,.57374966,lasso,Census agg.,Municipality
lasso_census_mun,385,.23351939,.65776199,lasso,Census agg.,Municipality
lasso_census_mun,386,.23345201,.65684915,lasso,Census agg.,Municipality
lasso_census_mun,387,.23472099,.59693545,lasso,Census agg.,Municipality
lasso_census_mun,388,.23453341,.60745734,lasso,Census agg.,Municipality
lasso_census_mun,389,.23396756,.63013345,lasso,Census agg.,Municipality
lasso_census_mun,390,.23350412,.65161562,lasso,Census agg.,Municipality
lasso_census_mun,391,.23475827,.5973289,lasso,Census agg.,Municipality
lasso_census_mun,392,.23411398,.62612063,lasso,Census agg.,Municipality
lasso_census_mun,393,.23383489,.64244217,lasso,Census agg.,Municipality
lasso_census_mun,394,.23390582,.63793045,lasso,Census agg.,Municipality
lasso_census_mun,395,.23506542,.58459139,lasso,Census agg.,Municipality
lasso_census_mun,396,.23531353,.56882912,lasso,Census agg.,Municipality
lasso_census_mun,397,.23561621,.55905646,lasso,Census agg.,Municipality
lasso_census_mun,398,.23401843,.63180405,lasso,Census agg.,Municipality
lasso_census_mun,399,.23458418,.60213941,lasso,Census agg.,Municipality
lasso_census_mun,400,.23383471,.63845956,lasso,Census agg.,Municipality
lasso_census_mun,401,.23423231,.62085056,lasso,Census agg.,Municipality
lasso_census_mun,402,.23440821,.60988224,lasso,Census agg.,Municipality
lasso_census_mun,403,.23423503,.6185106,lasso,Census agg.,Municipality
lasso_census_mun,404,.23423721,.61513346,lasso,Census agg.,Municipality
lasso_census_mun,405,.23414916,.62686467,lasso,Census agg.,Municipality
lasso_census_mun,406,.23512386,.58382732,lasso,Census agg.,Municipality
lasso_census_mun,407,.23257113,.70315808,lasso,Census agg.,Municipality
lasso_census_mun,408,.2352858,.57286018,lasso,Census agg.,Municipality
lasso_census_mun,409,.23362958,.65646487,lasso,Census agg.,Municipality
lasso_census_mun,410,.23491718,.59121501,lasso,Census agg.,Municipality
lasso_census_mun,411,.23521444,.57327926,lasso,Census agg.,Municipality
lasso_census_mun,412,.23529659,.57505929,lasso,Census agg.,Municipality
lasso_census_mun,413,.23361817,.64734334,lasso,Census agg.,Municipality
lasso_census_mun,414,.23462854,.60357565,lasso,Census agg.,Municipality
lasso_census_mun,415,.2335269,.65481138,lasso,Census agg.,Municipality
lasso_census_mun,416,.23434411,.61881447,lasso,Census agg.,Municipality
lasso_census_mun,417,.23426835,.62075019,lasso,Census agg.,Municipality
lasso_census_mun,418,.23335893,.66175658,lasso,Census agg.,Municipality
lasso_census_mun,419,.23356573,.65182084,lasso,Census agg.,Municipality
lasso_census_mun,420,.23388794,.63717043,lasso,Census agg.,Municipality
lasso_census_mun,421,.23487084,.59311765,lasso,Census agg.,Municipality
lasso_census_mun,422,.2349312,.58586282,lasso,Census agg.,Municipality
lasso_census_mun,423,.23315555,.67428261,lasso,Census agg.,Municipality
lasso_census_mun,424,.23468041,.59833354,lasso,Census agg.,Municipality
lasso_census_mun,425,.23588976,.54483193,lasso,Census agg.,Municipality
lasso_census_mun,426,.23321089,.6694265,lasso,Census agg.,Municipality
lasso_census_mun,427,.23512784,.58125019,lasso,Census agg.,Municipality
lasso_census_mun,428,.23539011,.56578273,lasso,Census agg.,Municipality
lasso_census_mun,429,.23567869,.55730492,lasso,Census agg.,Municipality
lasso_census_mun,430,.23370224,.64505184,lasso,Census agg.,Municipality
lasso_census_mun,431,.23266555,.69283754,lasso,Census agg.,Municipality
lasso_census_mun,432,.23457238,.60200143,lasso,Census agg.,Municipality
lasso_census_mun,433,.23568204,.55502081,lasso,Census agg.,Municipality
lasso_census_mun,434,.23341224,.65851521,lasso,Census agg.,Municipality
lasso_census_mun,435,.23369554,.64365608,lasso,Census agg.,Municipality
lasso_census_mun,436,.23437527,.61239612,lasso,Census agg.,Municipality
lasso_census_mun,437,.23408718,.62636918,lasso,Census agg.,Municipality
lasso_census_mun,438,.23519869,.57501715,lasso,Census agg.,Municipality
lasso_census_mun,439,.23722719,.48492393,lasso,Census agg.,Municipality
lasso_census_mun,440,.23266016,.69763434,lasso,Census agg.,Municipality
lasso_census_mun,441,.23365775,.64477873,lasso,Census agg.,Municipality
lasso_census_mun,442,.23498797,.58538216,lasso,Census agg.,Municipality
lasso_census_mun,443,.2348336,.59521699,lasso,Census agg.,Municipality
lasso_census_mun,444,.23279665,.69030654,lasso,Census agg.,Municipality
lasso_census_mun,445,.23478106,.59622103,lasso,Census agg.,Municipality
lasso_census_mun,446,.23552977,.55727011,lasso,Census agg.,Municipality
lasso_census_mun,447,.23420022,.62323838,lasso,Census agg.,Municipality
lasso_census_mun,448,.23370491,.64621043,lasso,Census agg.,Municipality
lasso_census_mun,449,.23204944,.72630459,lasso,Census agg.,Municipality
lasso_census_mun,450,.23375827,.64818436,lasso,Census agg.,Municipality
lasso_census_mun,451,.23482671,.59567767,lasso,Census agg.,Municipality
lasso_census_mun,452,.23361158,.64963198,lasso,Census agg.,Municipality
lasso_census_mun,453,.23484328,.59557337,lasso,Census agg.,Municipality
lasso_census_mun,454,.23393194,.63692296,lasso,Census agg.,Municipality
lasso_census_mun,455,.2356206,.55487198,lasso,Census agg.,Municipality
lasso_census_mun,456,.23469438,.59576267,lasso,Census agg.,Municipality
lasso_census_mun,457,.2341411,.62300634,lasso,Census agg.,Municipality
lasso_census_mun,458,.23399566,.63401681,lasso,Census agg.,Municipality
lasso_census_mun,459,.23424968,.61940747,lasso,Census agg.,Municipality
lasso_census_mun,460,.23316528,.67214847,lasso,Census agg.,Municipality
lasso_census_mun,461,.23359019,.65451944,lasso,Census agg.,Municipality
lasso_census_mun,462,.23476045,.59482926,lasso,Census agg.,Municipality
lasso_census_mun,463,.23516084,.5787791,lasso,Census agg.,Municipality
lasso_census_mun,464,.23344226,.66228342,lasso,Census agg.,Municipality
lasso_census_mun,465,.23423746,.6216653,lasso,Census agg.,Municipality
lasso_census_mun,466,.23395309,.63070875,lasso,Census agg.,Municipality
lasso_census_mun,467,.23540431,.56341195,lasso,Census agg.,Municipality
lasso_census_mun,468,.23499264,.58022785,lasso,Census agg.,Municipality
lasso_census_mun,469,.23525131,.56731075,lasso,Census agg.,Municipality
lasso_census_mun,470,.23288241,.6872288,lasso,Census agg.,Municipality
lasso_census_mun,471,.23526955,.57126087,lasso,Census agg.,Municipality
lasso_census_mun,472,.23420066,.62288034,lasso,Census agg.,Municipality
lasso_census_mun,473,.23500925,.58320814,lasso,Census agg.,Municipality
lasso_census_mun,474,.23312898,.67627245,lasso,Census agg.,Municipality
lasso_census_mun,475,.23295413,.68248731,lasso,Census agg.,Municipality
lasso_census_mun,476,.23407836,.62547117,lasso,Census agg.,Municipality
lasso_census_mun,477,.23440816,.61224675,lasso,Census agg.,Municipality
lasso_census_mun,478,.23475648,.592426,lasso,Census agg.,Municipality
lasso_census_mun,479,.2343255,.61620253,lasso,Census agg.,Municipality
lasso_census_mun,480,.23494381,.58695924,lasso,Census agg.,Municipality
lasso_census_mun,481,.23478596,.59597188,lasso,Census agg.,Municipality
lasso_census_mun,482,.23662037,.50675732,lasso,Census agg.,Municipality
lasso_census_mun,483,.2333245,.66436398,lasso,Census agg.,Municipality
lasso_census_mun,484,.23475382,.60117525,lasso,Census agg.,Municipality
lasso_census_mun,485,.23413253,.62994015,lasso,Census agg.,Municipality
lasso_census_mun,486,.23533756,.57491904,lasso,Census agg.,Municipality
lasso_census_mun,487,.2353638,.56921512,lasso,Census agg.,Municipality
lasso_census_mun,488,.23464759,.59777647,lasso,Census agg.,Municipality
lasso_census_mun,489,.23283513,.68664837,lasso,Census agg.,Municipality
lasso_census_mun,490,.23582524,.54614162,lasso,Census agg.,Municipality
lasso_census_mun,491,.23353651,.65263391,lasso,Census agg.,Municipality
lasso_census_mun,492,.23398834,.63586074,lasso,Census agg.,Municipality
lasso_census_mun,493,.23412919,.62733674,lasso,Census agg.,Municipality
lasso_census_mun,494,.23491842,.58870625,lasso,Census agg.,Municipality
lasso_census_mun,495,.23382875,.64090729,lasso,Census agg.,Municipality
lasso_census_mun,496,.23414122,.62199318,lasso,Census agg.,Municipality
lasso_census_mun,497,.23320889,.67074984,lasso,Census agg.,Municipality
lasso_census_mun,498,.23376323,.64409339,lasso,Census agg.,Municipality
lasso_census_mun,499,.23390371,.63372207,lasso,Census agg.,Municipality
lasso_census_mun,500,.23560993,.55415475,lasso,Census agg.,Municipality
rf_census_psu,1,.23183376,.72906363,Random forest,Census agg.,Municipality
rf_census_psu,2,.22989167,.82048017,Random forest,Census agg.,Municipality
rf_census_psu,3,.23100469,.76929742,Random forest,Census agg.,Municipality
rf_census_psu,4,.2299706,.81991458,Random forest,Census agg.,Municipality
rf_census_psu,5,.23302022,.67873329,Random forest,Census agg.,Municipality
rf_census_psu,6,.2308737,.77711898,Random forest,Census agg.,Municipality
rf_census_psu,7,.23203367,.72263217,Random forest,Census agg.,Municipality
rf_census_psu,8,.23017003,.80845308,Random forest,Census agg.,Municipality
rf_census_psu,9,.23128718,.75705427,Random forest,Census agg.,Municipality
rf_census_psu,10,.23059858,.78919172,Random forest,Census agg.,Municipality
rf_census_psu,11,.23079365,.77795088,Random forest,Census agg.,Municipality
rf_census_psu,12,.23192565,.72758174,Random forest,Census agg.,Municipality
rf_census_psu,13,.23042689,.79678804,Random forest,Census agg.,Municipality
rf_census_psu,14,.23108143,.76352966,Random forest,Census agg.,Municipality
rf_census_psu,15,.23048106,.79852134,Random forest,Census agg.,Municipality
rf_census_psu,16,.23059312,.78607804,Random forest,Census agg.,Municipality
rf_census_psu,17,.23146941,.7482298,Random forest,Census agg.,Municipality
rf_census_psu,18,.23195003,.7256341,Random forest,Census agg.,Municipality
rf_census_psu,19,.23140377,.75820541,Random forest,Census agg.,Municipality
rf_census_psu,20,.23088033,.77622384,Random forest,Census agg.,Municipality
rf_census_psu,21,.23028754,.80511016,Random forest,Census agg.,Municipality
rf_census_psu,22,.23028456,.80367053,Random forest,Census agg.,Municipality
rf_census_psu,23,.23089722,.7774058,Random forest,Census agg.,Municipality
rf_census_psu,24,.23081358,.78666645,Random forest,Census agg.,Municipality
rf_census_psu,25,.2318363,.72836173,Random forest,Census agg.,Municipality
rf_census_psu,26,.23355283,.65320182,Random forest,Census agg.,Municipality
rf_census_psu,27,.23052152,.79648411,Random forest,Census agg.,Municipality
rf_census_psu,28,.23414184,.62866813,Random forest,Census agg.,Municipality
rf_census_psu,29,.23164675,.74073094,Random forest,Census agg.,Municipality
rf_census_psu,30,.23266239,.69211626,Random forest,Census agg.,Municipality
rf_census_psu,31,.23324192,.67113471,Random forest,Census agg.,Municipality
rf_census_psu,32,.23186731,.73197776,Random forest,Census agg.,Municipality
rf_census_psu,33,.23240459,.70631742,Random forest,Census agg.,Municipality
rf_census_psu,34,.23147178,.74709058,Random forest,Census agg.,Municipality
rf_census_psu,35,.23278679,.6887266,Random forest,Census agg.,Municipality
rf_census_psu,36,.23145775,.74525863,Random forest,Census agg.,Municipality
rf_census_psu,37,.23234645,.70857811,Random forest,Census agg.,Municipality
rf_census_psu,38,.23155348,.74534702,Random forest,Census agg.,Municipality
rf_census_psu,39,.23111141,.76556683,Random forest,Census agg.,Municipality
rf_census_psu,40,.23166065,.74213928,Random forest,Census agg.,Municipality
rf_census_psu,41,.23266903,.69664168,Random forest,Census agg.,Municipality
rf_census_psu,42,.23113057,.76042449,Random forest,Census agg.,Municipality
rf_census_psu,43,.23163973,.74562812,Random forest,Census agg.,Municipality
rf_census_psu,44,.23131622,.75514591,Random forest,Census agg.,Municipality
rf_census_psu,45,.23288149,.68435401,Random forest,Census agg.,Municipality
rf_census_psu,46,.23021451,.80593067,Random forest,Census agg.,Municipality
rf_census_psu,47,.23213649,.72042221,Random forest,Census agg.,Municipality
rf_census_psu,48,.23046264,.79552454,Random forest,Census agg.,Municipality
rf_census_psu,49,.23152879,.74766016,Random forest,Census agg.,Municipality
rf_census_psu,50,.2315203,.74856561,Random forest,Census agg.,Municipality
rf_census_psu,51,.22989161,.82531404,Random forest,Census agg.,Municipality
rf_census_psu,52,.23231052,.71013695,Random forest,Census agg.,Municipality
rf_census_psu,53,.23108187,.76848096,Random forest,Census agg.,Municipality
rf_census_psu,54,.23037508,.79928708,Random forest,Census agg.,Municipality
rf_census_psu,55,.2328025,.69068801,Random forest,Census agg.,Municipality
rf_census_psu,56,.23287559,.68682969,Random forest,Census agg.,Municipality
rf_census_psu,57,.23138292,.75241709,Random forest,Census agg.,Municipality
rf_census_psu,58,.23221534,.71253335,Random forest,Census agg.,Municipality
rf_census_psu,59,.2309888,.77213061,Random forest,Census agg.,Municipality
rf_census_psu,60,.22954297,.83911037,Random forest,Census agg.,Municipality
rf_census_psu,61,.23146209,.75317544,Random forest,Census agg.,Municipality
rf_census_psu,62,.23122501,.7602067,Random forest,Census agg.,Municipality
rf_census_psu,63,.23091838,.77355999,Random forest,Census agg.,Municipality
rf_census_psu,64,.23200698,.72519618,Random forest,Census agg.,Municipality
rf_census_psu,65,.23174658,.74058157,Random forest,Census agg.,Municipality
rf_census_psu,66,.23195964,.7264511,Random forest,Census agg.,Municipality
rf_census_psu,67,.23088418,.77637094,Random forest,Census agg.,Municipality
rf_census_psu,68,.23235688,.70627409,Random forest,Census agg.,Municipality
rf_census_psu,69,.23294409,.68135834,Random forest,Census agg.,Municipality
rf_census_psu,70,.23124704,.76028198,Random forest,Census agg.,Municipality
rf_census_psu,71,.23310733,.67469084,Random forest,Census agg.,Municipality
rf_census_psu,72,.23190424,.73401612,Random forest,Census agg.,Municipality
rf_census_psu,73,.23175749,.73468375,Random forest,Census agg.,Municipality
rf_census_psu,74,.2310738,.76565635,Random forest,Census agg.,Municipality
rf_census_psu,75,.23172815,.74018532,Random forest,Census agg.,Municipality
rf_census_psu,76,.2313365,.75616705,Random forest,Census agg.,Municipality
rf_census_psu,77,.22963332,.83505934,Random forest,Census agg.,Municipality
rf_census_psu,78,.23131895,.75852585,Random forest,Census agg.,Municipality
rf_census_psu,79,.23240416,.70653409,Random forest,Census agg.,Municipality
rf_census_psu,80,.23116656,.75910854,Random forest,Census agg.,Municipality
rf_census_psu,81,.23203497,.726129,Random forest,Census agg.,Municipality
rf_census_psu,82,.23044781,.79457349,Random forest,Census agg.,Municipality
rf_census_psu,83,.23239969,.70692807,Random forest,Census agg.,Municipality
rf_census_psu,84,.2327698,.69376516,Random forest,Census agg.,Municipality
rf_census_psu,85,.23211192,.71899849,Random forest,Census agg.,Municipality
rf_census_psu,86,.23044862,.79774135,Random forest,Census agg.,Municipality
rf_census_psu,87,.233897,.63282692,Random forest,Census agg.,Municipality
rf_census_psu,88,.23099841,.77092528,Random forest,Census agg.,Municipality
rf_census_psu,89,.23109229,.76893878,Random forest,Census agg.,Municipality
rf_census_psu,90,.23071305,.78228128,Random forest,Census agg.,Municipality
rf_census_psu,91,.23137324,.753546,Random forest,Census agg.,Municipality
rf_census_psu,92,.22878607,.8756398,Random forest,Census agg.,Municipality
rf_census_psu,93,.23035102,.80163503,Random forest,Census agg.,Municipality
rf_census_psu,94,.2311701,.76388431,Random forest,Census agg.,Municipality
rf_census_psu,95,.22973955,.83111209,Random forest,Census agg.,Municipality
rf_census_psu,96,.23249549,.70116824,Random forest,Census agg.,Municipality
rf_census_psu,97,.23166932,.74042308,Random forest,Census agg.,Municipality
rf_census_psu,98,.23104116,.76884133,Random forest,Census agg.,Municipality
rf_census_psu,99,.23012708,.81196243,Random forest,Census agg.,Municipality
rf_census_psu,100,.23126453,.75826758,Random forest,Census agg.,Municipality
rf_census_psu,101,.23179746,.74265695,Random forest,Census agg.,Municipality
rf_census_psu,102,.22951269,.83884466,Random forest,Census agg.,Municipality
rf_census_psu,103,.23104979,.76880485,Random forest,Census agg.,Municipality
rf_census_psu,104,.23130257,.75676292,Random forest,Census agg.,Municipality
rf_census_psu,105,.23129916,.757999,Random forest,Census agg.,Municipality
rf_census_psu,106,.2310504,.77227199,Random forest,Census agg.,Municipality
rf_census_psu,107,.23157781,.74906909,Random forest,Census agg.,Municipality
rf_census_psu,108,.23222019,.71858853,Random forest,Census agg.,Municipality
rf_census_psu,109,.23170954,.74007809,Random forest,Census agg.,Municipality
rf_census_psu,110,.23183103,.73208326,Random forest,Census agg.,Municipality
rf_census_psu,111,.23008464,.81243396,Random forest,Census agg.,Municipality
rf_census_psu,112,.23024628,.80110419,Random forest,Census agg.,Municipality
rf_census_psu,113,.23199104,.72448462,Random forest,Census agg.,Municipality
rf_census_psu,114,.23151594,.74648279,Random forest,Census agg.,Municipality
rf_census_psu,115,.23015147,.81132102,Random forest,Census agg.,Municipality
rf_census_psu,116,.23178697,.73759276,Random forest,Census agg.,Municipality
rf_census_psu,117,.23276769,.69071704,Random forest,Census agg.,Municipality
rf_census_psu,118,.23109192,.76649904,Random forest,Census agg.,Municipality
rf_census_psu,119,.23145005,.74711281,Random forest,Census agg.,Municipality
rf_census_psu,120,.23206717,.72051454,Random forest,Census agg.,Municipality
rf_census_psu,121,.23069835,.78465033,Random forest,Census agg.,Municipality
rf_census_psu,122,.23137696,.75213772,Random forest,Census agg.,Municipality
rf_census_psu,123,.23071405,.78751367,Random forest,Census agg.,Municipality
rf_census_psu,124,.23296668,.68195474,Random forest,Census agg.,Municipality
rf_census_psu,125,.23155528,.74503344,Random forest,Census agg.,Municipality
rf_census_psu,126,.23183121,.73166358,Random forest,Census agg.,Municipality
rf_census_psu,127,.23277625,.6908465,Random forest,Census agg.,Municipality
rf_census_psu,128,.22950302,.84742224,Random forest,Census agg.,Municipality
rf_census_psu,129,.23130244,.75786388,Random forest,Census agg.,Municipality
rf_census_psu,130,.23196107,.72737366,Random forest,Census agg.,Municipality
rf_census_psu,131,.2312623,.76356667,Random forest,Census agg.,Municipality
rf_census_psu,132,.23163886,.7380107,Random forest,Census agg.,Municipality
rf_census_psu,133,.23220833,.71267933,Random forest,Census agg.,Municipality
rf_census_psu,134,.23019676,.80578071,Random forest,Census agg.,Municipality
rf_census_psu,135,.23214784,.71447647,Random forest,Census agg.,Municipality
rf_census_psu,136,.22957915,.83683026,Random forest,Census agg.,Municipality
rf_census_psu,137,.23190393,.72812003,Random forest,Census agg.,Municipality
rf_census_psu,138,.23066764,.7852245,Random forest,Census agg.,Municipality
rf_census_psu,139,.2330796,.67839062,Random forest,Census agg.,Municipality
rf_census_psu,140,.23201177,.72431302,Random forest,Census agg.,Municipality
rf_census_psu,141,.23198558,.72516024,Random forest,Census agg.,Municipality
rf_census_psu,142,.23047796,.79396629,Random forest,Census agg.,Municipality
rf_census_psu,143,.23119181,.76084185,Random forest,Census agg.,Municipality
rf_census_psu,144,.23051141,.79645789,Random forest,Census agg.,Municipality
rf_census_psu,145,.23007758,.8087467,Random forest,Census agg.,Municipality
rf_census_psu,146,.2327508,.69103467,Random forest,Census agg.,Municipality
rf_census_psu,147,.23113604,.76892054,Random forest,Census agg.,Municipality
rf_census_psu,148,.23060559,.79214174,Random forest,Census agg.,Municipality
rf_census_psu,149,.23082642,.77935749,Random forest,Census agg.,Municipality
rf_census_psu,150,.23040351,.79936749,Random forest,Census agg.,Municipality
rf_census_psu,151,.23206079,.72269773,Random forest,Census agg.,Municipality
rf_census_psu,152,.23245075,.7059291,Random forest,Census agg.,Municipality
rf_census_psu,153,.23153841,.74729872,Random forest,Census agg.,Municipality
rf_census_psu,154,.23143715,.74912435,Random forest,Census agg.,Municipality
rf_census_psu,155,.23073682,.78454942,Random forest,Census agg.,Municipality
rf_census_psu,156,.23192999,.72846323,Random forest,Census agg.,Municipality
rf_census_psu,157,.23258942,.70162779,Random forest,Census agg.,Municipality
rf_census_psu,158,.23148517,.75079441,Random forest,Census agg.,Municipality
rf_census_psu,159,.23188749,.73115098,Random forest,Census agg.,Municipality
rf_census_psu,160,.23125182,.75680053,Random forest,Census agg.,Municipality
rf_census_psu,161,.23201114,.72710627,Random forest,Census agg.,Municipality
rf_census_psu,162,.23243964,.70323282,Random forest,Census agg.,Municipality
rf_census_psu,163,.23085421,.77711099,Random forest,Census agg.,Municipality
rf_census_psu,164,.23073851,.7827602,Random forest,Census agg.,Municipality
rf_census_psu,165,.23202504,.72969711,Random forest,Census agg.,Municipality
rf_census_psu,166,.2298601,.82565045,Random forest,Census agg.,Municipality
rf_census_psu,167,.2313457,.75514078,Random forest,Census agg.,Municipality
rf_census_psu,168,.23423374,.6204828,Random forest,Census agg.,Municipality
rf_census_psu,169,.23111084,.77077359,Random forest,Census agg.,Municipality
rf_census_psu,170,.23054379,.79247928,Random forest,Census agg.,Municipality
rf_census_psu,171,.23056774,.78894371,Random forest,Census agg.,Municipality
rf_census_psu,172,.23319308,.67053717,Random forest,Census agg.,Municipality
rf_census_psu,173,.23167305,.73657614,Random forest,Census agg.,Municipality
rf_census_psu,174,.23163998,.74348599,Random forest,Census agg.,Municipality
rf_census_psu,175,.23070884,.78687054,Random forest,Census agg.,Municipality
rf_census_psu,176,.2317287,.73714459,Random forest,Census agg.,Municipality
rf_census_psu,177,.23044111,.7997278,Random forest,Census agg.,Municipality
rf_census_psu,178,.22995825,.82011813,Random forest,Census agg.,Municipality
rf_census_psu,179,.2321016,.71936339,Random forest,Census agg.,Municipality
rf_census_psu,180,.2306798,.78469706,Random forest,Census agg.,Municipality
rf_census_psu,181,.23115608,.76957852,Random forest,Census agg.,Municipality
rf_census_psu,182,.23184672,.72919363,Random forest,Census agg.,Municipality
rf_census_psu,183,.2318577,.72909158,Random forest,Census agg.,Municipality
rf_census_psu,184,.23301023,.67911077,Random forest,Census agg.,Municipality
rf_census_psu,185,.23133434,.7568838,Random forest,Census agg.,Municipality
rf_census_psu,186,.23216291,.71861702,Random forest,Census agg.,Municipality
rf_census_psu,187,.23056997,.79395145,Random forest,Census agg.,Municipality
rf_census_psu,188,.22913651,.85986787,Random forest,Census agg.,Municipality
rf_census_psu,189,.23131113,.75448394,Random forest,Census agg.,Municipality
rf_census_psu,190,.23200414,.72199297,Random forest,Census agg.,Municipality
rf_census_psu,191,.23250094,.70737052,Random forest,Census agg.,Municipality
rf_census_psu,192,.23152506,.7471596,Random forest,Census agg.,Municipality
rf_census_psu,193,.23029146,.80260944,Random forest,Census agg.,Municipality
rf_census_psu,194,.23017479,.81365013,Random forest,Census agg.,Municipality
rf_census_psu,195,.23157495,.74334973,Random forest,Census agg.,Municipality
rf_census_psu,196,.23196585,.72703099,Random forest,Census agg.,Municipality
rf_census_psu,197,.23047468,.7934714,Random forest,Census agg.,Municipality
rf_census_psu,198,.23276557,.68818778,Random forest,Census agg.,Municipality
rf_census_psu,199,.23286293,.68809545,Random forest,Census agg.,Municipality
rf_census_psu,200,.23060068,.7870205,Random forest,Census agg.,Municipality
rf_census_psu,201,.23129357,.75603193,Random forest,Census agg.,Municipality
rf_census_psu,202,.23247011,.7013005,Random forest,Census agg.,Municipality
rf_census_psu,203,.23041238,.80036926,Random forest,Census agg.,Municipality
rf_census_psu,204,.23141277,.7576803,Random forest,Census agg.,Municipality
rf_census_psu,205,.23213331,.71792883,Random forest,Census agg.,Municipality
rf_census_psu,206,.23219623,.71745449,Random forest,Census agg.,Municipality
rf_census_psu,207,.23199743,.72128087,Random forest,Census agg.,Municipality
rf_census_psu,208,.23120025,.76113206,Random forest,Census agg.,Municipality
rf_census_psu,209,.23103949,.77165049,Random forest,Census agg.,Municipality
rf_census_psu,210,.2320704,.72155398,Random forest,Census agg.,Municipality
rf_census_psu,211,.22923788,.85862774,Random forest,Census agg.,Municipality
rf_census_psu,212,.23247184,.70500314,Random forest,Census agg.,Municipality
rf_census_psu,213,.23127471,.75709474,Random forest,Census agg.,Municipality
rf_census_psu,214,.23094834,.77217335,Random forest,Census agg.,Municipality
rf_census_psu,215,.23085533,.77377099,Random forest,Census agg.,Municipality
rf_census_psu,216,.23059399,.79008114,Random forest,Census agg.,Municipality
rf_census_psu,217,.22965534,.83667517,Random forest,Census agg.,Municipality
rf_census_psu,218,.23204818,.72429192,Random forest,Census agg.,Municipality
rf_census_psu,219,.23039854,.80015659,Random forest,Census agg.,Municipality
rf_census_psu,220,.23202226,.72367841,Random forest,Census agg.,Municipality
rf_census_psu,221,.231398,.7540409,Random forest,Census agg.,Municipality
rf_census_psu,222,.23159741,.74432927,Random forest,Census agg.,Municipality
rf_census_psu,223,.23139067,.75401866,Random forest,Census agg.,Municipality
rf_census_psu,224,.22977287,.82375181,Random forest,Census agg.,Municipality
rf_census_psu,225,.23271029,.69334894,Random forest,Census agg.,Municipality
rf_census_psu,226,.23353676,.65367621,Random forest,Census agg.,Municipality
rf_census_psu,227,.23228341,.71039355,Random forest,Census agg.,Municipality
rf_census_psu,228,.23153655,.74431676,Random forest,Census agg.,Municipality
rf_census_psu,229,.23262237,.69494539,Random forest,Census agg.,Municipality
rf_census_psu,230,.23226796,.71037072,Random forest,Census agg.,Municipality
rf_census_psu,231,.23273313,.69246066,Random forest,Census agg.,Municipality
rf_census_psu,232,.23071902,.7830624,Random forest,Census agg.,Municipality
rf_census_psu,233,.23150261,.75023621,Random forest,Census agg.,Municipality
rf_census_psu,234,.22975735,.82954413,Random forest,Census agg.,Municipality
rf_census_psu,235,.23055962,.79405808,Random forest,Census agg.,Municipality
rf_census_psu,236,.23068687,.79257679,Random forest,Census agg.,Municipality
rf_census_psu,237,.23175353,.73229307,Random forest,Census agg.,Municipality
rf_census_psu,238,.23089281,.77464902,Random forest,Census agg.,Municipality
rf_census_psu,239,.23229389,.7136811,Random forest,Census agg.,Municipality
rf_census_psu,240,.2329426,.68050939,Random forest,Census agg.,Municipality
rf_census_psu,241,.23196219,.72273707,Random forest,Census agg.,Municipality
rf_census_psu,242,.23130865,.75140619,Random forest,Census agg.,Municipality
rf_census_psu,243,.23047164,.80173993,Random forest,Census agg.,Municipality
rf_census_psu,244,.22992128,.82612365,Random forest,Census agg.,Municipality
rf_census_psu,245,.23178659,.730322,Random forest,Census agg.,Municipality
rf_census_psu,246,.23092948,.77252513,Random forest,Census agg.,Municipality
rf_census_psu,247,.23229501,.71180242,Random forest,Census agg.,Municipality
rf_census_psu,248,.22858788,.87980717,Random forest,Census agg.,Municipality
rf_census_psu,249,.23102634,.77170068,Random forest,Census agg.,Municipality
rf_census_psu,250,.23255362,.70166314,Random forest,Census agg.,Municipality
rf_census_psu,251,.23380214,.64357454,Random forest,Census agg.,Municipality
rf_census_psu,252,.23143987,.74954516,Random forest,Census agg.,Municipality
rf_census_psu,253,.23004872,.82243586,Random forest,Census agg.,Municipality
rf_census_psu,254,.23090304,.77751583,Random forest,Census agg.,Municipality
rf_census_psu,255,.23203851,.72227579,Random forest,Census agg.,Municipality
rf_census_psu,256,.23036796,.80084193,Random forest,Census agg.,Municipality
rf_census_psu,257,.23119615,.75922602,Random forest,Census agg.,Municipality
rf_census_psu,258,.2302008,.80700886,Random forest,Census agg.,Municipality
rf_census_psu,259,.23151092,.74728847,Random forest,Census agg.,Municipality
rf_census_psu,260,.22835502,.89392108,Random forest,Census agg.,Municipality
rf_census_psu,261,.2307308,.77938712,Random forest,Census agg.,Municipality
rf_census_psu,262,.23072839,.78527981,Random forest,Census agg.,Municipality
rf_census_psu,263,.23183084,.73085165,Random forest,Census agg.,Municipality
rf_census_psu,264,.23245417,.70501626,Random forest,Census agg.,Municipality
rf_census_psu,265,.23305167,.67337656,Random forest,Census agg.,Municipality
rf_census_psu,266,.23216204,.71530265,Random forest,Census agg.,Municipality
rf_census_psu,267,.22955142,.8395021,Random forest,Census agg.,Municipality
rf_census_psu,268,.23071219,.78332353,Random forest,Census agg.,Municipality
rf_census_psu,269,.2304758,.79460031,Random forest,Census agg.,Municipality
rf_census_psu,270,.2306525,.7847535,Random forest,Census agg.,Municipality
rf_census_psu,271,.23064226,.78664249,Random forest,Census agg.,Municipality
rf_census_psu,272,.23110098,.76970112,Random forest,Census agg.,Municipality
rf_census_psu,273,.22963195,.83907843,Random forest,Census agg.,Municipality
rf_census_psu,274,.23116116,.76863891,Random forest,Census agg.,Municipality
rf_census_psu,275,.23187378,.73016006,Random forest,Census agg.,Municipality
rf_census_psu,276,.23071156,.78243124,Random forest,Census agg.,Municipality
rf_census_psu,277,.2315546,.74922299,Random forest,Census agg.,Municipality
rf_census_psu,278,.23304163,.67699546,Random forest,Census agg.,Municipality
rf_census_psu,279,.23181581,.73359245,Random forest,Census agg.,Municipality
rf_census_psu,280,.23201245,.72265381,Random forest,Census agg.,Municipality
rf_census_psu,281,.23225294,.70988381,Random forest,Census agg.,Municipality
rf_census_psu,282,.23242134,.702824,Random forest,Census agg.,Municipality
rf_census_psu,283,.22970778,.83031613,Random forest,Census agg.,Municipality
rf_census_psu,284,.23116308,.76458728,Random forest,Census agg.,Municipality
rf_census_psu,285,.23215888,.72219312,Random forest,Census agg.,Municipality
rf_census_psu,286,.23080923,.78228527,Random forest,Census agg.,Municipality
rf_census_psu,287,.23084541,.77969843,Random forest,Census agg.,Municipality
rf_census_psu,288,.23094244,.77206844,Random forest,Census agg.,Municipality
rf_census_psu,289,.22948241,.83638495,Random forest,Census agg.,Municipality
rf_census_psu,290,.23009413,.81569302,Random forest,Census agg.,Municipality
rf_census_psu,291,.23300961,.67726111,Random forest,Census agg.,Municipality
rf_census_psu,292,.23324843,.66458577,Random forest,Census agg.,Municipality
rf_census_psu,293,.23289724,.68470007,Random forest,Census agg.,Municipality
rf_census_psu,294,.22873333,.87808526,Random forest,Census agg.,Municipality
rf_census_psu,295,.22866116,.87987441,Random forest,Census agg.,Municipality
rf_census_psu,296,.23312533,.66907012,Random forest,Census agg.,Municipality
rf_census_psu,297,.23057823,.79082751,Random forest,Census agg.,Municipality
rf_census_psu,298,.23338953,.66314954,Random forest,Census agg.,Municipality
rf_census_psu,299,.23193005,.72823632,Random forest,Census agg.,Municipality
rf_census_psu,300,.23059796,.79540026,Random forest,Census agg.,Municipality
rf_census_psu,301,.23163477,.7440744,Random forest,Census agg.,Municipality
rf_census_psu,302,.23196138,.72747117,Random forest,Census agg.,Municipality
rf_census_psu,303,.23138465,.75047451,Random forest,Census agg.,Municipality
rf_census_psu,304,.23098898,.77046061,Random forest,Census agg.,Municipality
rf_census_psu,305,.23132262,.75546747,Random forest,Census agg.,Municipality
rf_census_psu,306,.23251472,.7025463,Random forest,Census agg.,Municipality
rf_census_psu,307,.23203671,.72422576,Random forest,Census agg.,Municipality
rf_census_psu,308,.23172238,.74192429,Random forest,Census agg.,Municipality
rf_census_psu,309,.23123059,.76375198,Random forest,Census agg.,Municipality
rf_census_psu,310,.23013043,.80892175,Random forest,Census agg.,Municipality
rf_census_psu,311,.23256132,.69882995,Random forest,Census agg.,Municipality
rf_census_psu,312,.23044768,.79508722,Random forest,Census agg.,Municipality
rf_census_psu,313,.23217265,.71581465,Random forest,Census agg.,Municipality
rf_census_psu,314,.23256995,.69849753,Random forest,Census agg.,Municipality
rf_census_psu,315,.23120987,.76216751,Random forest,Census agg.,Municipality
rf_census_psu,316,.22987331,.83083838,Random forest,Census agg.,Municipality
rf_census_psu,317,.23155001,.74464345,Random forest,Census agg.,Municipality
rf_census_psu,318,.2308075,.77950513,Random forest,Census agg.,Municipality
rf_census_psu,319,.23261629,.69508737,Random forest,Census agg.,Municipality
rf_census_psu,320,.23151453,.74476945,Random forest,Census agg.,Municipality
rf_census_psu,321,.230874,.77584809,Random forest,Census agg.,Municipality
rf_census_psu,322,.23229551,.7134456,Random forest,Census agg.,Municipality
rf_census_psu,323,.23162416,.7462604,Random forest,Census agg.,Municipality
rf_census_psu,324,.23071741,.78507113,Random forest,Census agg.,Municipality
rf_census_psu,325,.23212717,.723212,Random forest,Census agg.,Municipality
rf_census_psu,326,.23153096,.7411238,Random forest,Census agg.,Municipality
rf_census_psu,327,.230619,.79045576,Random forest,Census agg.,Municipality
rf_census_psu,328,.2309579,.77375275,Random forest,Census agg.,Municipality
rf_census_psu,329,.23169458,.73824334,Random forest,Census agg.,Municipality
rf_census_psu,330,.23125231,.75938678,Random forest,Census agg.,Municipality
rf_census_psu,331,.23175986,.73175251,Random forest,Census agg.,Municipality
rf_census_psu,332,.23170072,.73823416,Random forest,Census agg.,Municipality
rf_census_psu,333,.22962637,.84095085,Random forest,Census agg.,Municipality
rf_census_psu,334,.23246756,.7021324,Random forest,Census agg.,Municipality
rf_census_psu,335,.229856,.82092088,Random forest,Census agg.,Municipality
rf_census_psu,336,.23243989,.70753926,Random forest,Census agg.,Municipality
rf_census_psu,337,.23194568,.72661078,Random forest,Census agg.,Municipality
rf_census_psu,338,.23154511,.74636477,Random forest,Census agg.,Municipality
rf_census_psu,339,.23141797,.75057262,Random forest,Census agg.,Municipality
rf_census_psu,340,.23186776,.72995764,Random forest,Census agg.,Municipality
rf_census_psu,341,.23036106,.79937887,Random forest,Census agg.,Municipality
rf_census_psu,342,.23023412,.80687773,Random forest,Census agg.,Municipality
rf_census_psu,343,.23221125,.71159089,Random forest,Census agg.,Municipality
rf_census_psu,344,.23083076,.78421301,Random forest,Census agg.,Municipality
rf_census_psu,345,.23340435,.66044807,Random forest,Census agg.,Municipality
rf_census_psu,346,.23188749,.72995937,Random forest,Census agg.,Municipality
rf_census_psu,347,.23248692,.70294487,Random forest,Census agg.,Municipality
rf_census_psu,348,.23274107,.69316876,Random forest,Census agg.,Municipality
rf_census_psu,349,.23026669,.80241275,Random forest,Census agg.,Municipality
rf_census_psu,350,.23235384,.70563489,Random forest,Census agg.,Municipality
rf_census_psu,351,.23131746,.7586199,Random forest,Census agg.,Municipality
rf_census_psu,352,.23141208,.75248039,Random forest,Census agg.,Municipality
rf_census_psu,353,.23002267,.81464052,Random forest,Census agg.,Municipality
rf_census_psu,354,.23311211,.66834831,Random forest,Census agg.,Municipality
rf_census_psu,355,.23012857,.81064022,Random forest,Census agg.,Municipality
rf_census_psu,356,.23133062,.75719279,Random forest,Census agg.,Municipality
rf_census_psu,357,.23002253,.81688756,Random forest,Census agg.,Municipality
rf_census_psu,358,.23272735,.68884122,Random forest,Census agg.,Municipality
rf_census_psu,359,.23157129,.74236447,Random forest,Census agg.,Municipality
rf_census_psu,360,.23063853,.78790766,Random forest,Census agg.,Municipality
rf_census_psu,361,.23170966,.73790294,Random forest,Census agg.,Municipality
rf_census_psu,362,.23168528,.7398814,Random forest,Census agg.,Municipality
rf_census_psu,363,.23181446,.72779673,Random forest,Census agg.,Municipality
rf_census_psu,364,.2308459,.77394831,Random forest,Census agg.,Municipality
rf_census_psu,365,.23110874,.76603669,Random forest,Census agg.,Municipality
rf_census_psu,366,.23161566,.74172473,Random forest,Census agg.,Municipality
rf_census_psu,367,.23054256,.79292458,Random forest,Census agg.,Municipality
rf_census_psu,368,.2313882,.752002,Random forest,Census agg.,Municipality
rf_census_psu,369,.23102044,.77207357,Random forest,Census agg.,Municipality
rf_census_psu,370,.23264831,.69626081,Random forest,Census agg.,Municipality
rf_census_psu,371,.22972241,.83244741,Random forest,Census agg.,Municipality
rf_census_psu,372,.23250784,.70166314,Random forest,Census agg.,Municipality
rf_census_psu,373,.23012696,.81494844,Random forest,Census agg.,Municipality
rf_census_psu,374,.23081258,.77740008,Random forest,Census agg.,Municipality
rf_census_psu,375,.23230748,.71215189,Random forest,Census agg.,Municipality
rf_census_psu,376,.23067483,.789442,Random forest,Census agg.,Municipality
rf_census_psu,377,.22953132,.83322912,Random forest,Census agg.,Municipality
rf_census_psu,378,.23162323,.74364734,Random forest,Census agg.,Municipality
rf_census_psu,379,.23196448,.72638953,Random forest,Census agg.,Municipality
rf_census_psu,380,.23280416,.68858176,Random forest,Census agg.,Municipality
rf_census_psu,381,.23036888,.80027062,Random forest,Census agg.,Municipality
rf_census_psu,382,.23114236,.76261336,Random forest,Census agg.,Municipality
rf_census_psu,383,.23045272,.79377753,Random forest,Census agg.,Municipality
rf_census_psu,384,.23230277,.71305448,Random forest,Census agg.,Municipality
rf_census_psu,385,.23093562,.7745384,Random forest,Census agg.,Municipality
rf_census_psu,386,.23143095,.75005943,Random forest,Census agg.,Municipality
rf_census_psu,387,.22999226,.81993681,Random forest,Census agg.,Municipality
rf_census_psu,388,.23231995,.71256417,Random forest,Census agg.,Municipality
rf_census_psu,389,.23136002,.75241822,Random forest,Census agg.,Municipality
rf_census_psu,390,.23189245,.72977293,Random forest,Census agg.,Municipality
rf_census_psu,391,.23203026,.71935141,Random forest,Census agg.,Municipality
rf_census_psu,392,.22948782,.84310609,Random forest,Census agg.,Municipality
rf_census_psu,393,.23123053,.76040053,Random forest,Census agg.,Municipality
rf_census_psu,394,.23093568,.77674836,Random forest,Census agg.,Municipality
rf_census_psu,395,.23047939,.79555935,Random forest,Census agg.,Municipality
rf_census_psu,396,.2326166,.69769192,Random forest,Census agg.,Municipality
rf_census_psu,397,.23267356,.69285405,Random forest,Census agg.,Municipality
rf_census_psu,398,.23186025,.73347843,Random forest,Census agg.,Municipality
rf_census_psu,399,.23242357,.70233309,Random forest,Census agg.,Municipality
rf_census_psu,400,.23097533,.76845247,Random forest,Census agg.,Municipality
rf_census_psu,401,.23200314,.72615296,Random forest,Census agg.,Municipality
rf_census_psu,402,.23325376,.66850621,Random forest,Census agg.,Municipality
rf_census_psu,403,.23048739,.79299754,Random forest,Census agg.,Municipality
rf_census_psu,404,.23025174,.79636955,Random forest,Census agg.,Municipality
rf_census_psu,405,.23305503,.67736602,Random forest,Census agg.,Municipality
rf_census_psu,406,.23158227,.74381554,Random forest,Census agg.,Municipality
rf_census_psu,407,.23042187,.79676121,Random forest,Census agg.,Municipality
rf_census_psu,408,.2316236,.73832029,Random forest,Census agg.,Municipality
rf_census_psu,409,.23108727,.76579893,Random forest,Census agg.,Municipality
rf_census_psu,410,.23080352,.78222024,Random forest,Census agg.,Municipality
rf_census_psu,411,.23060665,.79492587,Random forest,Census agg.,Municipality
rf_census_psu,412,.23221013,.71593326,Random forest,Census agg.,Municipality
rf_census_psu,413,.23074235,.78748178,Random forest,Census agg.,Municipality
rf_census_psu,414,.23075171,.78749317,Random forest,Census agg.,Municipality
rf_census_psu,415,.23136313,.75509119,Random forest,Census agg.,Municipality
rf_census_psu,416,.23191714,.73145092,Random forest,Census agg.,Municipality
rf_census_psu,417,.23192824,.72940457,Random forest,Census agg.,Municipality
rf_census_psu,418,.23116222,.76533192,Random forest,Census agg.,Municipality
rf_census_psu,419,.23025732,.80741763,Random forest,Census agg.,Municipality
rf_census_psu,420,.23156999,.74262673,Random forest,Census agg.,Municipality
rf_census_psu,421,.22889055,.86603481,Random forest,Census agg.,Municipality
rf_census_psu,422,.23147258,.75579476,Random forest,Census agg.,Municipality
rf_census_psu,423,.23228732,.71117067,Random forest,Census agg.,Municipality
rf_census_psu,424,.23300533,.67625761,Random forest,Census agg.,Municipality
rf_census_psu,425,.23196964,.72832298,Random forest,Census agg.,Municipality
rf_census_psu,426,.23049688,.80172855,Random forest,Census agg.,Municipality
rf_census_psu,427,.23192583,.73398477,Random forest,Census agg.,Municipality
rf_census_psu,428,.23140042,.7523008,Random forest,Census agg.,Municipality
rf_census_psu,429,.23146389,.75160116,Random forest,Census agg.,Municipality
rf_census_psu,430,.22988404,.82211941,Random forest,Census agg.,Municipality
rf_census_psu,431,.23012975,.81012595,Random forest,Census agg.,Municipality
rf_census_psu,432,.23099084,.76974785,Random forest,Census agg.,Municipality
rf_census_psu,433,.23220783,.71604955,Random forest,Census agg.,Municipality
rf_census_psu,434,.22997551,.82102811,Random forest,Census agg.,Municipality
rf_census_psu,435,.22978428,.82502955,Random forest,Census agg.,Municipality
rf_census_psu,436,.22920544,.85705066,Random forest,Census agg.,Municipality
rf_census_psu,437,.23141308,.75097972,Random forest,Census agg.,Municipality
rf_census_psu,438,.23240055,.70658654,Random forest,Census agg.,Municipality
rf_census_psu,439,.23198806,.72749454,Random forest,Census agg.,Municipality
rf_census_psu,440,.23075134,.7839855,Random forest,Census agg.,Municipality
rf_census_psu,441,.23155348,.74329382,Random forest,Census agg.,Municipality
rf_census_psu,442,.2314374,.75629425,Random forest,Census agg.,Municipality
rf_census_psu,443,.2303187,.79992396,Random forest,Census agg.,Municipality
rf_census_psu,444,.23073292,.78647542,Random forest,Census agg.,Municipality
rf_census_psu,445,.23357454,.6544556,Random forest,Census agg.,Municipality
rf_census_psu,446,.23163502,.74839681,Random forest,Census agg.,Municipality
rf_census_psu,447,.23136914,.75462478,Random forest,Census agg.,Municipality
rf_census_psu,448,.23014626,.81484634,Random forest,Census agg.,Municipality
rf_census_psu,449,.23020092,.8090694,Random forest,Census agg.,Municipality
rf_census_psu,450,.23048417,.7913053,Random forest,Census agg.,Municipality
rf_census_psu,451,.23223333,.71397418,Random forest,Census agg.,Municipality
rf_census_psu,452,.23019348,.80525726,Random forest,Census agg.,Municipality
rf_census_psu,453,.23211657,.7175377,Random forest,Census agg.,Municipality
rf_census_psu,454,.23201449,.71934801,Random forest,Census agg.,Municipality
rf_census_psu,455,.23233901,.70847321,Random forest,Census agg.,Municipality
rf_census_psu,456,.23104426,.77079415,Random forest,Census agg.,Municipality
rf_census_psu,457,.23116706,.76760179,Random forest,Census agg.,Municipality
rf_census_psu,458,.23299676,.6824348,Random forest,Census agg.,Municipality
rf_census_psu,459,.23111165,.76973134,Random forest,Census agg.,Municipality
rf_census_psu,460,.23145323,.74779248,Random forest,Census agg.,Municipality
rf_census_psu,461,.23101418,.77204907,Random forest,Census agg.,Municipality
rf_census_psu,462,.23225331,.71243417,Random forest,Census agg.,Municipality
rf_census_psu,463,.23159115,.74501348,Random forest,Census agg.,Municipality
rf_census_psu,464,.23039712,.7967903,Random forest,Census agg.,Municipality
rf_census_psu,465,.23191181,.72605711,Random forest,Census agg.,Municipality
rf_census_psu,466,.23156285,.74402535,Random forest,Census agg.,Municipality
rf_census_psu,467,.22929175,.85528487,Random forest,Census agg.,Municipality
rf_census_psu,468,.23082121,.77639544,Random forest,Census agg.,Municipality
rf_census_psu,469,.23138118,.75739807,Random forest,Census agg.,Municipality
rf_census_psu,470,.22926128,.84969437,Random forest,Census agg.,Municipality
rf_census_psu,471,.23332599,.66104448,Random forest,Census agg.,Municipality
rf_census_psu,472,.23109725,.76564211,Random forest,Census agg.,Municipality
rf_census_psu,473,.2312489,.76318979,Random forest,Census agg.,Municipality
rf_census_psu,474,.2305495,.79313385,Random forest,Census agg.,Municipality
rf_census_psu,475,.2310228,.7642526,Random forest,Census agg.,Municipality
rf_census_psu,476,.23143809,.75712436,Random forest,Census agg.,Municipality
rf_census_psu,477,.23102938,.76562786,Random forest,Census agg.,Municipality
rf_census_psu,478,.23091497,.77428526,Random forest,Census agg.,Municipality
rf_census_psu,479,.2309002,.77111286,Random forest,Census agg.,Municipality
rf_census_psu,480,.23293391,.68228769,Random forest,Census agg.,Municipality
rf_census_psu,481,.23136877,.75537395,Random forest,Census agg.,Municipality
rf_census_psu,482,.23010978,.80531204,Random forest,Census agg.,Municipality
rf_census_psu,483,.2301068,.80971944,Random forest,Census agg.,Municipality
rf_census_psu,484,.23267177,.69469398,Random forest,Census agg.,Municipality
rf_census_psu,485,.23252496,.69942349,Random forest,Census agg.,Municipality
rf_census_psu,486,.23107566,.76816225,Random forest,Census agg.,Municipality
rf_census_psu,487,.23278047,.68960124,Random forest,Census agg.,Municipality
rf_census_psu,488,.23166989,.74129653,Random forest,Census agg.,Municipality
rf_census_psu,489,.23060572,.79026192,Random forest,Census agg.,Municipality
rf_census_psu,490,.2316473,.74479908,Random forest,Census agg.,Municipality
rf_census_psu,491,.23199768,.72199357,Random forest,Census agg.,Municipality
rf_census_psu,492,.23079465,.78213304,Random forest,Census agg.,Municipality
rf_census_psu,493,.23079807,.77582926,Random forest,Census agg.,Municipality
rf_census_psu,494,.23000596,.81768864,Random forest,Census agg.,Municipality
rf_census_psu,495,.23000114,.81865793,Random forest,Census agg.,Municipality
rf_census_psu,496,.2326037,.69931519,Random forest,Census agg.,Municipality
rf_census_psu,497,.23227361,.71256584,Random forest,Census agg.,Municipality
rf_census_psu,498,.23164408,.74071556,Random forest,Census agg.,Municipality
rf_census_psu,499,.22974543,.82537508,Random forest,Census agg.,Municipality
rf_census_psu,500,.2319164,.72870672,Random forest,Census agg.,Municipality
rf_all_mun,1,.22814891,.90032005,Random forest,Mixed,Municipality
rf_all_mun,2,.22854581,.8941406,Random forest,Mixed,Municipality
rf_all_mun,3,.22950283,.83910578,Random forest,Mixed,Municipality
rf_all_mun,4,.22704819,.94313103,Random forest,Mixed,Municipality
rf_all_mun,5,.23016624,.8074165,Random forest,Mixed,Municipality
rf_all_mun,6,.23126069,.75344282,Random forest,Mixed,Municipality
rf_all_mun,7,.22884408,.86099625,Random forest,Mixed,Municipality
rf_all_mun,8,.22906415,.86176991,Random forest,Mixed,Municipality
rf_all_mun,9,.227998,.89872926,Random forest,Mixed,Municipality
rf_all_mun,10,.22699197,.94480503,Random forest,Mixed,Municipality
rf_all_mun,11,.22983907,.82575589,Random forest,Mixed,Municipality
rf_all_mun,12,.22630678,.97896487,Random forest,Mixed,Municipality
rf_all_mun,13,.22785927,.91392195,Random forest,Mixed,Municipality
rf_all_mun,14,.22555409,1.009333,Random forest,Mixed,Municipality
rf_all_mun,15,.22866252,.87290531,Random forest,Mixed,Municipality
rf_all_mun,16,.22788867,.91009212,Random forest,Mixed,Municipality
rf_all_mun,17,.23030305,.79942846,Random forest,Mixed,Municipality
rf_all_mun,18,.23083778,.77132553,Random forest,Mixed,Municipality
rf_all_mun,19,.22921456,.84754145,Random forest,Mixed,Municipality
rf_all_mun,20,.22564413,1.0197238,Random forest,Mixed,Municipality
rf_all_mun,21,.22892958,.86998659,Random forest,Mixed,Municipality
rf_all_mun,22,.22692093,.95248914,Random forest,Mixed,Municipality
rf_all_mun,23,.2269478,.96661049,Random forest,Mixed,Municipality
rf_all_mun,24,.22781229,.91640902,Random forest,Mixed,Municipality
rf_all_mun,25,.22800769,.90541446,Random forest,Mixed,Municipality
rf_all_mun,26,.2281685,.90443265,Random forest,Mixed,Municipality
rf_all_mun,27,.22841229,.88202053,Random forest,Mixed,Municipality
rf_all_mun,28,.23074315,.78875953,Random forest,Mixed,Municipality
rf_all_mun,29,.22886208,.85794926,Random forest,Mixed,Municipality
rf_all_mun,30,.22928219,.84832424,Random forest,Mixed,Municipality
rf_all_mun,31,.23123445,.76509649,Random forest,Mixed,Municipality
rf_all_mun,32,.22674546,.96717894,Random forest,Mixed,Municipality
rf_all_mun,33,.22848271,.8887679,Random forest,Mixed,Municipality
rf_all_mun,34,.22885934,.8676489,Random forest,Mixed,Municipality
rf_all_mun,35,.23245509,.710491,Random forest,Mixed,Municipality
rf_all_mun,36,.228521,.87841481,Random forest,Mixed,Municipality
rf_all_mun,37,.23045464,.79616714,Random forest,Mixed,Municipality
rf_all_mun,38,.22906466,.86523539,Random forest,Mixed,Municipality
rf_all_mun,39,.22645663,.98751909,Random forest,Mixed,Municipality
rf_all_mun,40,.22871049,.88062137,Random forest,Mixed,Municipality
rf_all_mun,41,.22993499,.81560695,Random forest,Mixed,Municipality
rf_all_mun,42,.22543633,1.0187608,Random forest,Mixed,Municipality
rf_all_mun,43,.23036535,.79882008,Random forest,Mixed,Municipality
rf_all_mun,44,.2272785,.94896954,Random forest,Mixed,Municipality
rf_all_mun,45,.22811422,.90598923,Random forest,Mixed,Municipality
rf_all_mun,46,.22609825,.98918962,Random forest,Mixed,Municipality
rf_all_mun,47,.23061508,.78714025,Random forest,Mixed,Municipality
rf_all_mun,48,.22798647,.90408146,Random forest,Mixed,Municipality
rf_all_mun,49,.22766332,.91759783,Random forest,Mixed,Municipality
rf_all_mun,50,.22650714,.96399683,Random forest,Mixed,Municipality
rf_all_mun,51,.2273346,.94432378,Random forest,Mixed,Municipality
rf_all_mun,52,.23259383,.68600124,Random forest,Mixed,Municipality
rf_all_mun,53,.226748,.95243043,Random forest,Mixed,Municipality
rf_all_mun,54,.22712755,.94343835,Random forest,Mixed,Municipality
rf_all_mun,55,.22928777,.84869599,Random forest,Mixed,Municipality
rf_all_mun,56,.22942322,.84015775,Random forest,Mixed,Municipality
rf_all_mun,57,.22725897,.93640476,Random forest,Mixed,Municipality
rf_all_mun,58,.2287005,.88084143,Random forest,Mixed,Municipality
rf_all_mun,59,.2261446,.98998559,Random forest,Mixed,Municipality
rf_all_mun,60,.23043491,.80562389,Random forest,Mixed,Municipality
rf_all_mun,61,.22816652,.90960234,Random forest,Mixed,Municipality
rf_all_mun,62,.22626856,.98467964,Random forest,Mixed,Municipality
rf_all_mun,63,.22717774,.94967198,Random forest,Mixed,Municipality
rf_all_mun,64,.22903611,.85067278,Random forest,Mixed,Municipality
rf_all_mun,65,.22848947,.88904727,Random forest,Mixed,Municipality
rf_all_mun,66,.22694543,.95090753,Random forest,Mixed,Municipality
rf_all_mun,67,.22805248,.90364242,Random forest,Mixed,Municipality
rf_all_mun,68,.22676495,.9569245,Random forest,Mixed,Municipality
rf_all_mun,69,.22977175,.82801092,Random forest,Mixed,Municipality
rf_all_mun,70,.22964175,.83552229,Random forest,Mixed,Municipality
rf_all_mun,71,.2298457,.82784557,Random forest,Mixed,Municipality
rf_all_mun,72,.22856896,.87443507,Random forest,Mixed,Municipality
rf_all_mun,73,.22882658,.86402893,Random forest,Mixed,Municipality
rf_all_mun,74,.22510561,1.0407516,Random forest,Mixed,Municipality
rf_all_mun,75,.2270145,.945979,Random forest,Mixed,Municipality
rf_all_mun,76,.22600338,1.0066094,Random forest,Mixed,Municipality
rf_all_mun,77,.2278427,.91892803,Random forest,Mixed,Municipality
rf_all_mun,78,.22848631,.8831569,Random forest,Mixed,Municipality
rf_all_mun,79,.23093326,.77522892,Random forest,Mixed,Municipality
rf_all_mun,80,.230147,.81864882,Random forest,Mixed,Municipality
rf_all_mun,81,.22857423,.89251786,Random forest,Mixed,Municipality
rf_all_mun,82,.22930291,.84303766,Random forest,Mixed,Municipality
rf_all_mun,83,.22838289,.89043677,Random forest,Mixed,Municipality
rf_all_mun,84,.23099835,.76046729,Random forest,Mixed,Municipality
rf_all_mun,85,.22894435,.86797965,Random forest,Mixed,Municipality
rf_all_mun,86,.22929212,.84903127,Random forest,Mixed,Municipality
rf_all_mun,87,.229847,.81047601,Random forest,Mixed,Municipality
rf_all_mun,88,.22748406,.93472791,Random forest,Mixed,Municipality
rf_all_mun,89,.22742091,.94065195,Random forest,Mixed,Municipality
rf_all_mun,90,.22844809,.88180447,Random forest,Mixed,Municipality
rf_all_mun,91,.22955997,.82962847,Random forest,Mixed,Municipality
rf_all_mun,92,.22931787,.85744464,Random forest,Mixed,Municipality
rf_all_mun,93,.22820109,.89994258,Random forest,Mixed,Municipality
rf_all_mun,94,.22814617,.9009518,Random forest,Mixed,Municipality
rf_all_mun,95,.22816528,.90288806,Random forest,Mixed,Municipality
rf_all_mun,96,.22768933,.92002559,Random forest,Mixed,Municipality
rf_all_mun,97,.22478707,1.0460347,Random forest,Mixed,Municipality
rf_all_mun,98,.22759365,.92017668,Random forest,Mixed,Municipality
rf_all_mun,99,.23020656,.81200349,Random forest,Mixed,Municipality
rf_all_mun,100,.22798553,.9101218,Random forest,Mixed,Municipality
rf_all_mun,101,.22897562,.87011945,Random forest,Mixed,Municipality
rf_all_mun,102,.22758347,.92461258,Random forest,Mixed,Municipality
rf_all_mun,103,.22776712,.90964282,Random forest,Mixed,Municipality
rf_all_mun,104,.2287605,.87340873,Random forest,Mixed,Municipality
rf_all_mun,105,.23194842,.72271937,Random forest,Mixed,Municipality
rf_all_mun,106,.22816044,.89938837,Random forest,Mixed,Municipality
rf_all_mun,107,.23137039,.75543272,Random forest,Mixed,Municipality
rf_all_mun,108,.22855699,.89620399,Random forest,Mixed,Municipality
rf_all_mun,109,.22759531,.93053377,Random forest,Mixed,Municipality
rf_all_mun,110,.23012057,.81410003,Random forest,Mixed,Municipality
rf_all_mun,111,.22829205,.89124411,Random forest,Mixed,Municipality
rf_all_mun,112,.22676507,.95796734,Random forest,Mixed,Municipality
rf_all_mun,113,.22822839,.89112556,Random forest,Mixed,Municipality
rf_all_mun,114,.22827908,.89194602,Random forest,Mixed,Municipality
rf_all_mun,115,.22990043,.82337207,Random forest,Mixed,Municipality
rf_all_mun,116,.22662155,.97409391,Random forest,Mixed,Municipality
rf_all_mun,117,.22722732,.93980581,Random forest,Mixed,Municipality
rf_all_mun,118,.22699924,.96134728,Random forest,Mixed,Municipality
rf_all_mun,119,.22754568,.93092829,Random forest,Mixed,Municipality
rf_all_mun,120,.23325773,.65907109,Random forest,Mixed,Municipality
rf_all_mun,121,.22615322,.98807043,Random forest,Mixed,Municipality
rf_all_mun,122,.22787838,.91078889,Random forest,Mixed,Municipality
rf_all_mun,123,.22544104,1.0171695,Random forest,Mixed,Municipality
rf_all_mun,124,.230088,.80149591,Random forest,Mixed,Municipality
rf_all_mun,125,.23087735,.78122133,Random forest,Mixed,Municipality
rf_all_mun,126,.22987363,.80783045,Random forest,Mixed,Municipality
rf_all_mun,127,.22840279,.88314492,Random forest,Mixed,Municipality
rf_all_mun,128,.22704378,.94363505,Random forest,Mixed,Municipality
rf_all_mun,129,.22788632,.91285974,Random forest,Mixed,Municipality
rf_all_mun,130,.22964361,.83476514,Random forest,Mixed,Municipality
rf_all_mun,131,.2293103,.85135639,Random forest,Mixed,Municipality
rf_all_mun,132,.22937706,.84420991,Random forest,Mixed,Municipality
rf_all_mun,133,.22580384,1.0113515,Random forest,Mixed,Municipality
rf_all_mun,134,.22574154,1.0108879,Random forest,Mixed,Municipality
rf_all_mun,135,.22937147,.84466553,Random forest,Mixed,Municipality
rf_all_mun,136,.22818564,.88747877,Random forest,Mixed,Municipality
rf_all_mun,137,.22945213,.83642489,Random forest,Mixed,Municipality
rf_all_mun,138,.22528382,1.0301316,Random forest,Mixed,Municipality
rf_all_mun,139,.23130716,.7585749,Random forest,Mixed,Municipality
rf_all_mun,140,.2273529,.93294328,Random forest,Mixed,Municipality
rf_all_mun,141,.2252958,1.0344929,Random forest,Mixed,Municipality
rf_all_mun,142,.22826871,.89947963,Random forest,Mixed,Municipality
rf_all_mun,143,.22916479,.84351778,Random forest,Mixed,Municipality
rf_all_mun,144,.22899622,.86275232,Random forest,Mixed,Municipality
rf_all_mun,145,.22569898,1.0069242,Random forest,Mixed,Municipality
rf_all_mun,146,.22871558,.86958522,Random forest,Mixed,Municipality
rf_all_mun,147,.22814624,.90845805,Random forest,Mixed,Municipality
rf_all_mun,148,.22912006,.86573827,Random forest,Mixed,Municipality
rf_all_mun,149,.22806682,.89802742,Random forest,Mixed,Municipality
rf_all_mun,150,.22549981,1.0267106,Random forest,Mixed,Municipality
rf_all_mun,151,.22900534,.85187584,Random forest,Mixed,Municipality
rf_all_mun,152,.23245864,.70779353,Random forest,Mixed,Municipality
rf_all_mun,153,.2290232,.85937011,Random forest,Mixed,Municipality
rf_all_mun,154,.22419786,1.089848,Random forest,Mixed,Municipality
rf_all_mun,155,.2300164,.82330137,Random forest,Mixed,Municipality
rf_all_mun,156,.22998649,.82144374,Random forest,Mixed,Municipality
rf_all_mun,157,.22806074,.89863461,Random forest,Mixed,Municipality
rf_all_mun,158,.2286938,.87765765,Random forest,Mixed,Municipality
rf_all_mun,159,.22810051,.89927948,Random forest,Mixed,Municipality
rf_all_mun,160,.22736035,.93715626,Random forest,Mixed,Municipality
rf_all_mun,161,.22827189,.89898527,Random forest,Mixed,Municipality
rf_all_mun,162,.23089945,.77968818,Random forest,Mixed,Municipality
rf_all_mun,163,.22561955,1.0176535,Random forest,Mixed,Municipality
rf_all_mun,164,.22839846,.88832772,Random forest,Mixed,Municipality
rf_all_mun,165,.22667168,.97251797,Random forest,Mixed,Municipality
rf_all_mun,166,.22782694,.92461145,Random forest,Mixed,Municipality
rf_all_mun,167,.2271281,.94880873,Random forest,Mixed,Municipality
rf_all_mun,168,.23004524,.81558532,Random forest,Mixed,Municipality
rf_all_mun,169,.22794111,.91168863,Random forest,Mixed,Municipality
rf_all_mun,170,.22506616,1.0370609,Random forest,Mixed,Municipality
rf_all_mun,171,.22787149,.91538727,Random forest,Mixed,Municipality
rf_all_mun,172,.2319365,.72686678,Random forest,Mixed,Municipality
rf_all_mun,173,.22986475,.82398212,Random forest,Mixed,Municipality
rf_all_mun,174,.23073576,.78697318,Random forest,Mixed,Municipality
rf_all_mun,175,.22878197,.87126833,Random forest,Mixed,Municipality
rf_all_mun,176,.22732517,.94844157,Random forest,Mixed,Municipality
rf_all_mun,177,.22898859,.86455351,Random forest,Mixed,Municipality
rf_all_mun,178,.22704372,.9567734,Random forest,Mixed,Municipality
rf_all_mun,179,.22837643,.89743787,Random forest,Mixed,Municipality
rf_all_mun,180,.22771631,.92220587,Random forest,Mixed,Municipality
rf_all_mun,181,.23192683,.73049021,Random forest,Mixed,Municipality
rf_all_mun,182,.22846045,.87066793,Random forest,Mixed,Municipality
rf_all_mun,183,.22759321,.92768693,Random forest,Mixed,Municipality
rf_all_mun,184,.2330121,.68010569,Random forest,Mixed,Municipality
rf_all_mun,185,.22741123,.93554264,Random forest,Mixed,Municipality
rf_all_mun,186,.22921413,.84782535,Random forest,Mixed,Municipality
rf_all_mun,187,.22809219,.90702975,Random forest,Mixed,Municipality
rf_all_mun,188,.22840919,.89022696,Random forest,Mixed,Municipality
rf_all_mun,189,.2285241,.88243788,Random forest,Mixed,Municipality
rf_all_mun,190,.23143454,.74982738,Random forest,Mixed,Municipality
rf_all_mun,191,.22786336,.90576345,Random forest,Mixed,Municipality
rf_all_mun,192,.23115583,.75809079,Random forest,Mixed,Municipality
rf_all_mun,193,.22745286,.9454031,Random forest,Mixed,Municipality
rf_all_mun,194,.22697937,.96295631,Random forest,Mixed,Municipality
rf_all_mun,195,.22851759,.88408852,Random forest,Mixed,Municipality
rf_all_mun,196,.2291522,.85033351,Random forest,Mixed,Municipality
rf_all_mun,197,.22718419,.94730067,Random forest,Mixed,Municipality
rf_all_mun,198,.23069339,.78906399,Random forest,Mixed,Municipality
rf_all_mun,199,.22696541,.95942754,Random forest,Mixed,Municipality
rf_all_mun,200,.22845721,.87648249,Random forest,Mixed,Municipality
rf_all_mun,201,.23036882,.79352552,Random forest,Mixed,Municipality
rf_all_mun,202,.23074786,.77655452,Random forest,Mixed,Municipality
rf_all_mun,203,.2282372,.8973586,Random forest,Mixed,Municipality
rf_all_mun,204,.22718941,.93465489,Random forest,Mixed,Municipality
rf_all_mun,205,.22900385,.84866977,Random forest,Mixed,Municipality
rf_all_mun,206,.22758855,.92647302,Random forest,Mixed,Municipality
rf_all_mun,207,.22629413,.99244815,Random forest,Mixed,Municipality
rf_all_mun,208,.22910939,.85229433,Random forest,Mixed,Municipality
rf_all_mun,209,.22876559,.86688036,Random forest,Mixed,Municipality
rf_all_mun,210,.22972316,.82606155,Random forest,Mixed,Municipality
rf_all_mun,211,.22397965,1.0964209,Random forest,Mixed,Municipality
rf_all_mun,212,.22857746,.87840229,Random forest,Mixed,Municipality
rf_all_mun,213,.22695345,.94096094,Random forest,Mixed,Municipality
rf_all_mun,214,.23135133,.75919294,Random forest,Mixed,Municipality
rf_all_mun,215,.22833467,.89415371,Random forest,Mixed,Municipality
rf_all_mun,216,.22760524,.93433964,Random forest,Mixed,Municipality
rf_all_mun,217,.22688073,.96542567,Random forest,Mixed,Municipality
rf_all_mun,218,.22910231,.85293859,Random forest,Mixed,Municipality
rf_all_mun,219,.22809504,.89834952,Random forest,Mixed,Municipality
rf_all_mun,220,.22900806,.85182506,Random forest,Mixed,Municipality
rf_all_mun,221,.22778091,.92196184,Random forest,Mixed,Municipality
rf_all_mun,222,.22514793,1.0490338,Random forest,Mixed,Municipality
rf_all_mun,223,.2267158,.97475016,Random forest,Mixed,Municipality
rf_all_mun,224,.22649547,.96926516,Random forest,Mixed,Municipality
rf_all_mun,225,.22867619,.87708461,Random forest,Mixed,Municipality
rf_all_mun,226,.23073459,.78260344,Random forest,Mixed,Municipality
rf_all_mun,227,.23275074,.69779909,Random forest,Mixed,Municipality
rf_all_mun,228,.23159444,.74557853,Random forest,Mixed,Municipality
rf_all_mun,229,.22965279,.82535112,Random forest,Mixed,Municipality
rf_all_mun,230,.23031838,.80268925,Random forest,Mixed,Municipality
rf_all_mun,231,.22998698,.81895268,Random forest,Mixed,Municipality
rf_all_mun,232,.22552878,1.0190231,Random forest,Mixed,Municipality
rf_all_mun,233,.22803244,.90933895,Random forest,Mixed,Municipality
rf_all_mun,234,.22777538,.91859674,Random forest,Mixed,Municipality
rf_all_mun,235,.22828466,.89529347,Random forest,Mixed,Municipality
rf_all_mun,236,.22846088,.8736043,Random forest,Mixed,Municipality
rf_all_mun,237,.2281865,.90488994,Random forest,Mixed,Municipality
rf_all_mun,238,.22752781,.91772437,Random forest,Mixed,Municipality
rf_all_mun,239,.22892791,.86455578,Random forest,Mixed,Municipality
rf_all_mun,240,.22919564,.85109526,Random forest,Mixed,Municipality
rf_all_mun,241,.23189679,.73272014,Random forest,Mixed,Municipality
rf_all_mun,242,.22699563,.95566499,Random forest,Mixed,Municipality
rf_all_mun,243,.22592978,1.0137969,Random forest,Mixed,Municipality
rf_all_mun,244,.23006199,.81285304,Random forest,Mixed,Municipality
rf_all_mun,245,.22558859,1.0098987,Random forest,Mixed,Municipality
rf_all_mun,246,.2285092,.89130002,Random forest,Mixed,Municipality
rf_all_mun,247,.23004785,.79343998,Random forest,Mixed,Municipality
rf_all_mun,248,.22639309,.9698844,Random forest,Mixed,Municipality
rf_all_mun,249,.22417131,1.074823,Random forest,Mixed,Municipality
rf_all_mun,250,.22992685,.81261188,Random forest,Mixed,Municipality
rf_all_mun,251,.22647034,.97578675,Random forest,Mixed,Municipality
rf_all_mun,252,.22646923,.97039694,Random forest,Mixed,Municipality
rf_all_mun,253,.22806372,.90969813,Random forest,Mixed,Municipality
rf_all_mun,254,.22554001,1.0181923,Random forest,Mixed,Municipality
rf_all_mun,255,.23225276,.71108687,Random forest,Mixed,Municipality
rf_all_mun,256,.22564289,1.0171922,Random forest,Mixed,Municipality
rf_all_mun,257,.2303216,.79613745,Random forest,Mixed,Municipality
rf_all_mun,258,.22818539,.89273626,Random forest,Mixed,Municipality
rf_all_mun,259,.22653809,.97988796,Random forest,Mixed,Municipality
rf_all_mun,260,.22336756,1.1277077,Random forest,Mixed,Municipality
rf_all_mun,261,.22796606,.91002655,Random forest,Mixed,Municipality
rf_all_mun,262,.22561534,1.002292,Random forest,Mixed,Municipality
rf_all_mun,263,.22734106,.94740611,Random forest,Mixed,Municipality
rf_all_mun,264,.22847284,.88416839,Random forest,Mixed,Municipality
rf_all_mun,265,.2286253,.88287121,Random forest,Mixed,Municipality
rf_all_mun,266,.22896029,.85684025,Random forest,Mixed,Municipality
rf_all_mun,267,.22808182,.89969283,Random forest,Mixed,Municipality
rf_all_mun,268,.22842303,.88750041,Random forest,Mixed,Municipality
rf_all_mun,269,.22744435,.93964618,Random forest,Mixed,Municipality
rf_all_mun,270,.22948198,.83912289,Random forest,Mixed,Municipality
rf_all_mun,271,.23001993,.81273562,Random forest,Mixed,Municipality
rf_all_mun,272,.22989175,.83255917,Random forest,Mixed,Municipality
rf_all_mun,273,.22705935,.95770103,Random forest,Mixed,Municipality
rf_all_mun,274,.22812924,.91230607,Random forest,Mixed,Municipality
rf_all_mun,275,.22983509,.82074755,Random forest,Mixed,Municipality
rf_all_mun,276,.22586122,1.0120094,Random forest,Mixed,Municipality
rf_all_mun,277,.22894484,.85403848,Random forest,Mixed,Municipality
rf_all_mun,278,.22774237,.91630238,Random forest,Mixed,Municipality
rf_all_mun,279,.22820555,.89355332,Random forest,Mixed,Municipality
rf_all_mun,280,.23120856,.75745165,Random forest,Mixed,Municipality
rf_all_mun,281,.22955395,.84096509,Random forest,Mixed,Municipality
rf_all_mun,282,.23089002,.78025436,Random forest,Mixed,Municipality
rf_all_mun,283,.22761355,.93836272,Random forest,Mixed,Municipality
rf_all_mun,284,.22782899,.92473859,Random forest,Mixed,Municipality
rf_all_mun,285,.2287381,.87497616,Random forest,Mixed,Municipality
rf_all_mun,286,.22557929,1.014212,Random forest,Mixed,Municipality
rf_all_mun,287,.22638305,.97781998,Random forest,Mixed,Municipality
rf_all_mun,288,.2269527,.96023202,Random forest,Mixed,Municipality
rf_all_mun,289,.22589046,.98875177,Random forest,Mixed,Municipality
rf_all_mun,290,.2264441,.97864956,Random forest,Mixed,Municipality
rf_all_mun,291,.22854725,.8803106,Random forest,Mixed,Municipality
rf_all_mun,292,.23023002,.79663467,Random forest,Mixed,Municipality
rf_all_mun,293,.23338506,.65944344,Random forest,Mixed,Municipality
rf_all_mun,294,.2247545,1.0605358,Random forest,Mixed,Municipality
rf_all_mun,295,.22533426,1.0312531,Random forest,Mixed,Municipality
rf_all_mun,296,.22956581,.83675385,Random forest,Mixed,Municipality
rf_all_mun,297,.22689195,.95576251,Random forest,Mixed,Municipality
rf_all_mun,298,.22853744,.88839042,Random forest,Mixed,Municipality
rf_all_mun,299,.23106946,.75943756,Random forest,Mixed,Municipality
rf_all_mun,300,.22979458,.82247859,Random forest,Mixed,Municipality
rf_all_mun,301,.22947565,.84654993,Random forest,Mixed,Municipality
rf_all_mun,302,.2272383,.94284135,Random forest,Mixed,Municipality
rf_all_mun,303,.22802705,.90507239,Random forest,Mixed,Municipality
rf_all_mun,304,.22822757,.8891573,Random forest,Mixed,Municipality
rf_all_mun,305,.22761834,.92774391,Random forest,Mixed,Municipality
rf_all_mun,306,.22931203,.84382051,Random forest,Mixed,Municipality
rf_all_mun,307,.23024994,.79882753,Random forest,Mixed,Municipality
rf_all_mun,308,.22906168,.86402208,Random forest,Mixed,Municipality
rf_all_mun,309,.22984254,.82644355,Random forest,Mixed,Municipality
rf_all_mun,310,.22867358,.8718043,Random forest,Mixed,Municipality
rf_all_mun,311,.22952014,.84470999,Random forest,Mixed,Municipality
rf_all_mun,312,.22814053,.90299529,Random forest,Mixed,Municipality
rf_all_mun,313,.22663818,.95657158,Random forest,Mixed,Municipality
rf_all_mun,314,.23075624,.77083975,Random forest,Mixed,Municipality
rf_all_mun,315,.22810274,.89832729,Random forest,Mixed,Municipality
rf_all_mun,316,.22742574,.93530661,Random forest,Mixed,Municipality
rf_all_mun,317,.22947659,.83377415,Random forest,Mixed,Municipality
rf_all_mun,318,.2261091,.98306495,Random forest,Mixed,Municipality
rf_all_mun,319,.22716874,.94033831,Random forest,Mixed,Municipality
rf_all_mun,320,.229651,.83655888,Random forest,Mixed,Municipality
rf_all_mun,321,.22818513,.89216608,Random forest,Mixed,Municipality
rf_all_mun,322,.23246738,.70573181,Random forest,Mixed,Municipality
rf_all_mun,323,.22954577,.84723812,Random forest,Mixed,Municipality
rf_all_mun,324,.22788414,.91315222,Random forest,Mixed,Municipality
rf_all_mun,325,.23333001,.66449738,Random forest,Mixed,Municipality
rf_all_mun,326,.22751428,.92443466,Random forest,Mixed,Municipality
rf_all_mun,327,.22723339,.94929677,Random forest,Mixed,Municipality
rf_all_mun,328,.22749871,.9264251,Random forest,Mixed,Municipality
rf_all_mun,329,.22843046,.90043348,Random forest,Mixed,Municipality
rf_all_mun,330,.2288962,.86240053,Random forest,Mixed,Municipality
rf_all_mun,331,.22842036,.88506693,Random forest,Mixed,Municipality
rf_all_mun,332,.22890861,.86809933,Random forest,Mixed,Municipality
rf_all_mun,333,.22856072,.88232219,Random forest,Mixed,Municipality
rf_all_mun,334,.22948894,.83702642,Random forest,Mixed,Municipality
rf_all_mun,335,.22628111,.97864044,Random forest,Mixed,Municipality
rf_all_mun,336,.22852746,.88369685,Random forest,Mixed,Municipality
rf_all_mun,337,.22674714,.96391189,Random forest,Mixed,Municipality
rf_all_mun,338,.22609657,.98389566,Random forest,Mixed,Municipality
rf_all_mun,339,.22793391,.9098407,Random forest,Mixed,Municipality
rf_all_mun,340,.22665022,.9683181,Random forest,Mixed,Municipality
rf_all_mun,341,.2262172,.97878981,Random forest,Mixed,Municipality
rf_all_mun,342,.22833429,.88297158,Random forest,Mixed,Municipality
rf_all_mun,343,.22972651,.83084297,Random forest,Mixed,Municipality
rf_all_mun,344,.22792578,.90647328,Random forest,Mixed,Municipality
rf_all_mun,345,.2320632,.71073335,Random forest,Mixed,Municipality
rf_all_mun,346,.22920755,.85799432,Random forest,Mixed,Municipality
rf_all_mun,347,.22858857,.87896562,Random forest,Mixed,Municipality
rf_all_mun,348,.22851138,.88365638,Random forest,Mixed,Municipality
rf_all_mun,349,.22505394,1.0418531,Random forest,Mixed,Municipality
rf_all_mun,350,.22866265,.86283273,Random forest,Mixed,Municipality
rf_all_mun,351,.22891083,.86074936,Random forest,Mixed,Municipality
rf_all_mun,352,.22915295,.85538179,Random forest,Mixed,Municipality
rf_all_mun,353,.22549944,1.0317714,Random forest,Mixed,Municipality
rf_all_mun,354,.23008737,.811508,Random forest,Mixed,Municipality
rf_all_mun,355,.22926047,.84985918,Random forest,Mixed,Municipality
rf_all_mun,356,.22717178,.94282538,Random forest,Mixed,Municipality
rf_all_mun,357,.22804801,.90940392,Random forest,Mixed,Municipality
rf_all_mun,358,.22895062,.85944879,Random forest,Mixed,Municipality
rf_all_mun,359,.22646612,.97764492,Random forest,Mixed,Municipality
rf_all_mun,360,.22848234,.87791079,Random forest,Mixed,Municipality
rf_all_mun,361,.23263882,.69510108,Random forest,Mixed,Municipality
rf_all_mun,362,.23095356,.78864491,Random forest,Mixed,Municipality
rf_all_mun,363,.22989683,.81499004,Random forest,Mixed,Municipality
rf_all_mun,364,.22522345,1.0336324,Random forest,Mixed,Municipality
rf_all_mun,365,.2295364,.8346374,Random forest,Mixed,Municipality
rf_all_mun,366,.22968364,.82337493,Random forest,Mixed,Municipality
rf_all_mun,367,.23145515,.75683761,Random forest,Mixed,Municipality
rf_all_mun,368,.22663999,.96942884,Random forest,Mixed,Municipality
rf_all_mun,369,.22563079,1.0121315,Random forest,Mixed,Municipality
rf_all_mun,370,.2285648,.87370241,Random forest,Mixed,Municipality
rf_all_mun,371,.22748804,.93406308,Random forest,Mixed,Municipality
rf_all_mun,372,.2286503,.86525309,Random forest,Mixed,Municipality
rf_all_mun,373,.22578013,1.0087526,Random forest,Mixed,Municipality
rf_all_mun,374,.22497284,1.0524377,Random forest,Mixed,Municipality
rf_all_mun,375,.23417895,.62354058,Random forest,Mixed,Municipality
rf_all_mun,376,.22850226,.87805963,Random forest,Mixed,Municipality
rf_all_mun,377,.2257743,1.0023975,Random forest,Mixed,Municipality
rf_all_mun,378,.22767325,.91866404,Random forest,Mixed,Municipality
rf_all_mun,379,.23022661,.80379254,Random forest,Mixed,Municipality
rf_all_mun,380,.22934431,.83483523,Random forest,Mixed,Municipality
rf_all_mun,381,.22895657,.86758792,Random forest,Mixed,Municipality
rf_all_mun,382,.22639781,.98885894,Random forest,Mixed,Municipality
rf_all_mun,383,.22739354,.93566525,Random forest,Mixed,Municipality
rf_all_mun,384,.230474,.79412591,Random forest,Mixed,Municipality
rf_all_mun,385,.22687142,.95447332,Random forest,Mixed,Municipality
rf_all_mun,386,.22495875,1.0475256,Random forest,Mixed,Municipality
rf_all_mun,387,.22888118,.87262362,Random forest,Mixed,Municipality
rf_all_mun,388,.22995615,.81679976,Random forest,Mixed,Municipality
rf_all_mun,389,.22768176,.92345685,Random forest,Mixed,Municipality
rf_all_mun,390,.22804411,.89813858,Random forest,Mixed,Municipality
rf_all_mun,391,.23191187,.72720432,Random forest,Mixed,Municipality
rf_all_mun,392,.22820729,.89242041,Random forest,Mixed,Municipality
rf_all_mun,393,.22553262,1.0122808,Random forest,Mixed,Municipality
rf_all_mun,394,.22822484,.90306598,Random forest,Mixed,Municipality
rf_all_mun,395,.22482598,1.062691,Random forest,Mixed,Municipality
rf_all_mun,396,.22839759,.88637435,Random forest,Mixed,Municipality
rf_all_mun,397,.22872724,.88144869,Random forest,Mixed,Municipality
rf_all_mun,398,.23007168,.80925018,Random forest,Mixed,Municipality
rf_all_mun,399,.22834373,.88054669,Random forest,Mixed,Municipality
rf_all_mun,400,.22851244,.87415963,Random forest,Mixed,Municipality
rf_all_mun,401,.22898741,.8676244,Random forest,Mixed,Municipality
rf_all_mun,402,.22961774,.82587796,Random forest,Mixed,Municipality
rf_all_mun,403,.22885233,.87528861,Random forest,Mixed,Municipality
rf_all_mun,404,.22466223,1.0498064,Random forest,Mixed,Municipality
rf_all_mun,405,.22952889,.84462899,Random forest,Mixed,Municipality
rf_all_mun,406,.23004544,.81769663,Random forest,Mixed,Municipality
rf_all_mun,407,.22448701,1.0662186,Random forest,Mixed,Municipality
rf_all_mun,408,.23088859,.77113795,Random forest,Mixed,Municipality
rf_all_mun,409,.22502211,1.0491085,Random forest,Mixed,Municipality
rf_all_mun,410,.22955966,.84670103,Random forest,Mixed,Municipality
rf_all_mun,411,.23124549,.7544024,Random forest,Mixed,Municipality
rf_all_mun,412,.23031652,.80162305,Random forest,Mixed,Municipality
rf_all_mun,413,.23065604,.78655982,Random forest,Mixed,Municipality
rf_all_mun,414,.22961843,.8299033,Random forest,Mixed,Municipality
rf_all_mun,415,.22749971,.9247973,Random forest,Mixed,Municipality
rf_all_mun,416,.22527352,1.0317401,Random forest,Mixed,Municipality
rf_all_mun,417,.22944011,.8488397,Random forest,Mixed,Municipality
rf_all_mun,418,.22722223,.94500172,Random forest,Mixed,Municipality
rf_all_mun,419,.22606201,1.002117,Random forest,Mixed,Municipality
rf_all_mun,420,.22746992,.92745715,Random forest,Mixed,Municipality
rf_all_mun,421,.22666672,.96708655,Random forest,Mixed,Municipality
rf_all_mun,422,.22931892,.84013039,Random forest,Mixed,Municipality
rf_all_mun,423,.22618344,.99197322,Random forest,Mixed,Municipality
rf_all_mun,424,.22881982,.85684597,Random forest,Mixed,Municipality
rf_all_mun,425,.22959894,.82909769,Random forest,Mixed,Municipality
rf_all_mun,426,.22723328,.95058537,Random forest,Mixed,Municipality
rf_all_mun,427,.22792733,.91283578,Random forest,Mixed,Municipality
rf_all_mun,428,.2308356,.77428585,Random forest,Mixed,Municipality
rf_all_mun,429,.23024274,.8011173,Random forest,Mixed,Municipality
rf_all_mun,430,.22790648,.90963203,Random forest,Mixed,Municipality
rf_all_mun,431,.22389458,1.0789733,Random forest,Mixed,Municipality
rf_all_mun,432,.22884513,.86540818,Random forest,Mixed,Municipality
rf_all_mun,433,.23022431,.80177474,Random forest,Mixed,Municipality
rf_all_mun,434,.2280971,.90721279,Random forest,Mixed,Municipality
rf_all_mun,435,.22893938,.87380558,Random forest,Mixed,Municipality
rf_all_mun,436,.22836216,.89150524,Random forest,Mixed,Municipality
rf_all_mun,437,.22509426,1.0366794,Random forest,Mixed,Municipality
rf_all_mun,438,.22970058,.8236509,Random forest,Mixed,Municipality
rf_all_mun,439,.23035455,.80092347,Random forest,Mixed,Municipality
rf_all_mun,440,.22711445,.94585413,Random forest,Mixed,Municipality
rf_all_mun,441,.22817782,.88736188,Random forest,Mixed,Municipality
rf_all_mun,442,.22886772,.86810392,Random forest,Mixed,Municipality
rf_all_mun,443,.22852112,.87914008,Random forest,Mixed,Municipality
rf_all_mun,444,.2255459,1.0171347,Random forest,Mixed,Municipality
rf_all_mun,445,.23118585,.76106483,Random forest,Mixed,Municipality
rf_all_mun,446,.22725002,.93613052,Random forest,Mixed,Municipality
rf_all_mun,447,.22656819,.97484368,Random forest,Mixed,Municipality
rf_all_mun,448,.22550271,1.0375153,Random forest,Mixed,Municipality
rf_all_mun,449,.22599326,1.0045027,Random forest,Mixed,Municipality
rf_all_mun,450,.22753948,.92352414,Random forest,Mixed,Municipality
rf_all_mun,451,.22915561,.85562867,Random forest,Mixed,Municipality
rf_all_mun,452,.22825463,.89150125,Random forest,Mixed,Municipality
rf_all_mun,453,.22758378,.9292087,Random forest,Mixed,Municipality
rf_all_mun,454,.22677624,.96396434,Random forest,Mixed,Municipality
rf_all_mun,455,.23120224,.76154089,Random forest,Mixed,Municipality
rf_all_mun,456,.22812285,.90346909,Random forest,Mixed,Municipality
rf_all_mun,457,.22799025,.91251934,Random forest,Mixed,Municipality
rf_all_mun,458,.23010606,.82001436,Random forest,Mixed,Municipality
rf_all_mun,459,.22961731,.83161896,Random forest,Mixed,Municipality
rf_all_mun,460,.2262806,.9879638,Random forest,Mixed,Municipality
rf_all_mun,461,.22685237,.9682976,Random forest,Mixed,Municipality
rf_all_mun,462,.2292807,.85696286,Random forest,Mixed,Municipality
rf_all_mun,463,.22975549,.83413565,Random forest,Mixed,Municipality
rf_all_mun,464,.22756411,.91886359,Random forest,Mixed,Municipality
rf_all_mun,465,.22621416,.97855604,Random forest,Mixed,Municipality
rf_all_mun,466,.22777148,.92738241,Random forest,Mixed,Municipality
rf_all_mun,467,.2283482,.8913331,Random forest,Mixed,Municipality
rf_all_mun,468,.2269548,.95187682,Random forest,Mixed,Municipality
rf_all_mun,469,.22817844,.89207655,Random forest,Mixed,Municipality
rf_all_mun,470,.22500207,1.0484853,Random forest,Mixed,Municipality
rf_all_mun,471,.22937353,.84594154,Random forest,Mixed,Municipality
rf_all_mun,472,.22521818,1.0242532,Random forest,Mixed,Municipality
rf_all_mun,473,.23141444,.76294237,Random forest,Mixed,Municipality
rf_all_mun,474,.22856431,.88406116,Random forest,Mixed,Municipality
rf_all_mun,475,.22681843,.96046406,Random forest,Mixed,Municipality
rf_all_mun,476,.22677252,.96260333,Random forest,Mixed,Municipality
rf_all_mun,477,.22798553,.89845675,Random forest,Mixed,Municipality
rf_all_mun,478,.22695643,.95457143,Random forest,Mixed,Municipality
rf_all_mun,479,.22791752,.90643334,Random forest,Mixed,Municipality
rf_all_mun,480,.23054852,.79031724,Random forest,Mixed,Municipality
rf_all_mun,481,.22711718,.94538659,Random forest,Mixed,Municipality
rf_all_mun,482,.22960427,.82555866,Random forest,Mixed,Municipality
rf_all_mun,483,.22504158,1.0426496,Random forest,Mixed,Municipality
rf_all_mun,484,.22884923,.87190694,Random forest,Mixed,Municipality
rf_all_mun,485,.22750722,.93081254,Random forest,Mixed,Municipality
rf_all_mun,486,.23020105,.81540626,Random forest,Mixed,Municipality
rf_all_mun,487,.22973216,.82725149,Random forest,Mixed,Municipality
rf_all_mun,488,.22699898,.96043843,Random forest,Mixed,Municipality
rf_all_mun,489,.2258665,1.0107282,Random forest,Mixed,Municipality
rf_all_mun,490,.23060194,.78467542,Random forest,Mixed,Municipality
rf_all_mun,491,.22899994,.86309898,Random forest,Mixed,Municipality
rf_all_mun,492,.23014489,.80780649,Random forest,Mixed,Municipality
rf_all_mun,493,.2275566,.92969275,Random forest,Mixed,Municipality
rf_all_mun,494,.22614552,.99403262,Random forest,Mixed,Municipality
rf_all_mun,495,.22743382,.93013066,Random forest,Mixed,Municipality
rf_all_mun,496,.22692911,.94581252,Random forest,Mixed,Municipality
rf_all_mun,497,.2260045,1.0066031,Random forest,Mixed,Municipality
rf_all_mun,498,.22668472,.96092421,Random forest,Mixed,Municipality
rf_all_mun,499,.22542956,1.0175395,Random forest,Mixed,Municipality
rf_all_mun,500,.22930676,.8397404,Random forest,Mixed,Municipality
rf_gis_mun,1,.23359925,.63941634,Random forest,GIS,Municipality
rf_gis_mun,2,.23473223,.59359658,Random forest,GIS,Municipality
rf_gis_mun,3,.23321164,.66438222,Random forest,GIS,Municipality
rf_gis_mun,4,.22932507,.8474046,Random forest,GIS,Municipality
rf_gis_mun,5,.23340335,.65634459,Random forest,GIS,Municipality
rf_gis_mun,6,.23474476,.58301198,Random forest,GIS,Municipality
rf_gis_mun,7,.23266804,.69415629,Random forest,GIS,Municipality
rf_gis_mun,8,.23289706,.66860944,Random forest,GIS,Municipality
rf_gis_mun,9,.23220181,.71558088,Random forest,GIS,Municipality
rf_gis_mun,10,.23052648,.78495139,Random forest,GIS,Municipality
rf_gis_mun,11,.23172641,.7352739,Random forest,GIS,Municipality
rf_gis_mun,12,.23029815,.80969661,Random forest,GIS,Municipality
rf_gis_mun,13,.22996458,.81831068,Random forest,GIS,Municipality
rf_gis_mun,14,.23237753,.70840991,Random forest,GIS,Municipality
rf_gis_mun,15,.23024788,.81492734,Random forest,GIS,Municipality
rf_gis_mun,16,.2329877,.66655684,Random forest,GIS,Municipality
rf_gis_mun,17,.23216224,.72382891,Random forest,GIS,Municipality
rf_gis_mun,18,.23342253,.66617483,Random forest,GIS,Municipality
rf_gis_mun,19,.23396395,.62098455,Random forest,GIS,Municipality
rf_gis_mun,20,.23041926,.7988475,Random forest,GIS,Municipality
rf_gis_mun,21,.23236965,.71441489,Random forest,GIS,Municipality
rf_gis_mun,22,.23613548,.50702018,Random forest,GIS,Municipality
rf_gis_mun,23,.23097856,.77722162,Random forest,GIS,Municipality
rf_gis_mun,24,.23258558,.68804526,Random forest,GIS,Municipality
rf_gis_mun,25,.23119889,.77282566,Random forest,GIS,Municipality
rf_gis_mun,26,.23326729,.64887708,Random forest,GIS,Municipality
rf_gis_mun,27,.23278747,.69410956,Random forest,GIS,Municipality
rf_gis_mun,28,.23313531,.67139071,Random forest,GIS,Municipality
rf_gis_mun,29,.23470517,.59956509,Random forest,GIS,Municipality
rf_gis_mun,30,.23351331,.65129972,Random forest,GIS,Municipality
rf_gis_mun,31,.23657179,.50817651,Random forest,GIS,Municipality
rf_gis_mun,32,.23433022,.61734003,Random forest,GIS,Municipality
rf_gis_mun,33,.23363684,.64546692,Random forest,GIS,Municipality
rf_gis_mun,34,.23363429,.64731371,Random forest,GIS,Municipality
rf_gis_mun,35,.23583393,.546287,Random forest,GIS,Municipality
rf_gis_mun,36,.23497272,.57358998,Random forest,GIS,Municipality
rf_gis_mun,37,.23167926,.74304694,Random forest,GIS,Municipality
rf_gis_mun,38,.23489757,.57483637,Random forest,GIS,Municipality
rf_gis_mun,39,.23126875,.77055579,Random forest,GIS,Municipality
rf_gis_mun,40,.2332328,.66031921,Random forest,GIS,Municipality
rf_gis_mun,41,.24094965,.27235723,Random forest,GIS,Municipality
rf_gis_mun,42,.23380499,.63246369,Random forest,GIS,Municipality
rf_gis_mun,43,.23274082,.67911988,Random forest,GIS,Municipality
rf_gis_mun,44,.23149814,.74891567,Random forest,GIS,Municipality
rf_gis_mun,45,.23295911,.67321634,Random forest,GIS,Municipality
rf_gis_mun,46,.23235682,.70222133,Random forest,GIS,Municipality
rf_gis_mun,47,.23477659,.57697904,Random forest,GIS,Municipality
rf_gis_mun,48,.23174621,.72633708,Random forest,GIS,Municipality
rf_gis_mun,49,.23297895,.66193163,Random forest,GIS,Municipality
rf_gis_mun,50,.230395,.79067183,Random forest,GIS,Municipality
rf_gis_mun,51,.23395769,.62893379,Random forest,GIS,Municipality
rf_gis_mun,52,.23154028,.73592389,Random forest,GIS,Municipality
rf_gis_mun,53,.22974382,.82344049,Random forest,GIS,Municipality
rf_gis_mun,54,.23170209,.73920119,Random forest,GIS,Municipality
rf_gis_mun,55,.23525366,.55458808,Random forest,GIS,Municipality
rf_gis_mun,56,.2314171,.74762201,Random forest,GIS,Municipality
rf_gis_mun,57,.23224574,.70634878,Random forest,GIS,Municipality
rf_gis_mun,58,.2359229,.52720237,Random forest,GIS,Municipality
rf_gis_mun,59,.23274107,.66932899,Random forest,GIS,Municipality
rf_gis_mun,60,.23279934,.68923634,Random forest,GIS,Municipality
rf_gis_mun,61,.23275384,.68173122,Random forest,GIS,Municipality
rf_gis_mun,62,.23151439,.73687834,Random forest,GIS,Municipality
rf_gis_mun,63,.23202895,.71952647,Random forest,GIS,Municipality
rf_gis_mun,64,.23351082,.6423766,Random forest,GIS,Municipality
rf_gis_mun,65,.23061112,.78712887,Random forest,GIS,Municipality
rf_gis_mun,66,.23216534,.70774341,Random forest,GIS,Municipality
rf_gis_mun,67,.23138317,.77139682,Random forest,GIS,Municipality
rf_gis_mun,68,.23267636,.68764216,Random forest,GIS,Municipality
rf_gis_mun,69,.23609409,.51456237,Random forest,GIS,Municipality
rf_gis_mun,70,.23511586,.56860733,Random forest,GIS,Municipality
rf_gis_mun,71,.23431893,.60995466,Random forest,GIS,Municipality
rf_gis_mun,72,.23395446,.62118012,Random forest,GIS,Municipality
rf_gis_mun,73,.23420097,.61666608,Random forest,GIS,Municipality
rf_gis_mun,74,.23378961,.63260281,Random forest,GIS,Municipality
rf_gis_mun,75,.23118562,.7618596,Random forest,GIS,Municipality
rf_gis_mun,76,.23047566,.79542816,Random forest,GIS,Municipality
rf_gis_mun,77,.23214225,.73597807,Random forest,GIS,Municipality
rf_gis_mun,78,.23075891,.79822886,Random forest,GIS,Municipality
rf_gis_mun,79,.23466726,.5889554,Random forest,GIS,Municipality
rf_gis_mun,80,.23134539,.75757027,Random forest,GIS,Municipality
rf_gis_mun,81,.23327337,.6547156,Random forest,GIS,Municipality
rf_gis_mun,82,.23292913,.67742932,Random forest,GIS,Municipality
rf_gis_mun,83,.23466229,.58834648,Random forest,GIS,Municipality
rf_gis_mun,84,.23598693,.52719039,Random forest,GIS,Municipality
rf_gis_mun,85,.23148119,.75065929,Random forest,GIS,Municipality
rf_gis_mun,86,.23553994,.53752238,Random forest,GIS,Municipality
rf_gis_mun,87,.23822553,.41886443,Random forest,GIS,Municipality
rf_gis_mun,88,.23126347,.75668937,Random forest,GIS,Municipality
rf_gis_mun,89,.23121582,.76929915,Random forest,GIS,Municipality
rf_gis_mun,90,.232168,.71101898,Random forest,GIS,Municipality
rf_gis_mun,91,.23586507,.53491157,Random forest,GIS,Municipality
rf_gis_mun,92,.23045637,.81281656,Random forest,GIS,Municipality
rf_gis_mun,93,.23380791,.63015908,Random forest,GIS,Municipality
rf_gis_mun,94,.23409258,.61878258,Random forest,GIS,Municipality
rf_gis_mun,95,.23271562,.68522638,Random forest,GIS,Municipality
rf_gis_mun,96,.23645179,.48604831,Random forest,GIS,Municipality
rf_gis_mun,97,.23467737,.60279793,Random forest,GIS,Municipality
rf_gis_mun,98,.2339173,.62837505,Random forest,GIS,Municipality
rf_gis_mun,99,.23255195,.68908864,Random forest,GIS,Municipality
rf_gis_mun,100,.23285586,.69408333,Random forest,GIS,Municipality
rf_gis_mun,101,.22965224,.83601552,Random forest,GIS,Municipality
rf_gis_mun,102,.23152246,.74310738,Random forest,GIS,Municipality
rf_gis_mun,103,.23016034,.81082499,Random forest,GIS,Municipality
rf_gis_mun,104,.23006529,.81561035,Random forest,GIS,Municipality
rf_gis_mun,105,.23605414,.52232176,Random forest,GIS,Municipality
rf_gis_mun,106,.23314469,.67667443,Random forest,GIS,Municipality
rf_gis_mun,107,.23570481,.54409927,Random forest,GIS,Municipality
rf_gis_mun,108,.23446952,.61139089,Random forest,GIS,Municipality
rf_gis_mun,109,.23070015,.78670293,Random forest,GIS,Municipality
rf_gis_mun,110,.23500039,.57917136,Random forest,GIS,Municipality
rf_gis_mun,111,.23269112,.68692487,Random forest,GIS,Municipality
rf_gis_mun,112,.23549423,.56564701,Random forest,GIS,Municipality
rf_gis_mun,113,.23594145,.53125226,Random forest,GIS,Municipality
rf_gis_mun,114,.23218295,.71967357,Random forest,GIS,Municipality
rf_gis_mun,115,.23366649,.64875448,Random forest,GIS,Municipality
rf_gis_mun,116,.23266946,.69945717,Random forest,GIS,Municipality
rf_gis_mun,117,.23263925,.68535978,Random forest,GIS,Municipality
rf_gis_mun,118,.23355705,.64611518,Random forest,GIS,Municipality
rf_gis_mun,119,.23155119,.75335729,Random forest,GIS,Municipality
rf_gis_mun,120,.23561478,.54891777,Random forest,GIS,Municipality
rf_gis_mun,121,.22897637,.85663158,Random forest,GIS,Municipality
rf_gis_mun,122,.23323452,.64609128,Random forest,GIS,Municipality
rf_gis_mun,123,.2299204,.83099806,Random forest,GIS,Municipality
rf_gis_mun,124,.23596293,.51692909,Random forest,GIS,Municipality
rf_gis_mun,125,.23337519,.6597513,Random forest,GIS,Municipality
rf_gis_mun,126,.23438723,.59719318,Random forest,GIS,Municipality
rf_gis_mun,127,.2350278,.57138062,Random forest,GIS,Municipality
rf_gis_mun,128,.23258924,.69336319,Random forest,GIS,Municipality
rf_gis_mun,129,.23389986,.62339461,Random forest,GIS,Municipality
rf_gis_mun,130,.23522425,.56763005,Random forest,GIS,Municipality
rf_gis_mun,131,.23250784,.70159358,Random forest,GIS,Municipality
rf_gis_mun,132,.23296697,.68421775,Random forest,GIS,Municipality
rf_gis_mun,133,.23246272,.70701987,Random forest,GIS,Municipality
rf_gis_mun,134,.2289405,.87104994,Random forest,GIS,Municipality
rf_gis_mun,135,.23161268,.73683614,Random forest,GIS,Municipality
rf_gis_mun,136,.23101665,.76432616,Random forest,GIS,Municipality
rf_gis_mun,137,.23068793,.78858334,Random forest,GIS,Municipality
rf_gis_mun,138,.23172033,.72309625,Random forest,GIS,Municipality
rf_gis_mun,139,.23136331,.74630433,Random forest,GIS,Municipality
rf_gis_mun,140,.23327994,.64841014,Random forest,GIS,Municipality
rf_gis_mun,141,.23453125,.59069669,Random forest,GIS,Municipality
rf_gis_mun,142,.23062359,.77151197,Random forest,GIS,Municipality
rf_gis_mun,143,.23140618,.74076629,Random forest,GIS,Municipality
rf_gis_mun,144,.2324129,.70238894,Random forest,GIS,Municipality
rf_gis_mun,145,.22682574,.96618116,Random forest,GIS,Municipality
rf_gis_mun,146,.23267338,.67107826,Random forest,GIS,Municipality
rf_gis_mun,147,.22947223,.85221791,Random forest,GIS,Municipality
rf_gis_mun,148,.23425198,.6121344,Random forest,GIS,Municipality
rf_gis_mun,149,.23543975,.55427045,Random forest,GIS,Municipality
rf_gis_mun,150,.23371905,.63480878,Random forest,GIS,Municipality
rf_gis_mun,151,.23153381,.74343413,Random forest,GIS,Municipality
rf_gis_mun,152,.23290183,.66584182,Random forest,GIS,Municipality
rf_gis_mun,153,.23399138,.61815536,Random forest,GIS,Municipality
rf_gis_mun,154,.23174261,.73594153,Random forest,GIS,Municipality
rf_gis_mun,155,.23376845,.63982624,Random forest,GIS,Municipality
rf_gis_mun,156,.23470522,.58830714,Random forest,GIS,Municipality
rf_gis_mun,157,.23130275,.74854678,Random forest,GIS,Municipality
rf_gis_mun,158,.23650905,.51001298,Random forest,GIS,Municipality
rf_gis_mun,159,.23219456,.71447533,Random forest,GIS,Municipality
rf_gis_mun,160,.23098898,.77304059,Random forest,GIS,Municipality
rf_gis_mun,161,.23188594,.72941828,Random forest,GIS,Municipality
rf_gis_mun,162,.23364845,.64546293,Random forest,GIS,Municipality
rf_gis_mun,163,.23037794,.80393106,Random forest,GIS,Municipality
rf_gis_mun,164,.23032515,.8041603,Random forest,GIS,Municipality
rf_gis_mun,165,.2309909,.76901805,Random forest,GIS,Municipality
rf_gis_mun,166,.23224394,.71237314,Random forest,GIS,Municipality
rf_gis_mun,167,.23353298,.66464448,Random forest,GIS,Municipality
rf_gis_mun,168,.23360482,.64269763,Random forest,GIS,Municipality
rf_gis_mun,169,.23274417,.69351429,Random forest,GIS,Municipality
rf_gis_mun,170,.23079416,.78154635,Random forest,GIS,Municipality
rf_gis_mun,171,.23418403,.63272429,Random forest,GIS,Municipality
rf_gis_mun,172,.23731722,.46627778,Random forest,GIS,Municipality
rf_gis_mun,173,.23068415,.78373408,Random forest,GIS,Municipality
rf_gis_mun,174,.23261945,.69126326,Random forest,GIS,Municipality
rf_gis_mun,175,.23402233,.61895192,Random forest,GIS,Municipality
rf_gis_mun,176,.23130809,.76884758,Random forest,GIS,Municipality
rf_gis_mun,177,.22993201,.83243656,Random forest,GIS,Municipality
rf_gis_mun,178,.23108944,.76484042,Random forest,GIS,Municipality
rf_gis_mun,179,.23294067,.66767722,Random forest,GIS,Municipality
rf_gis_mun,180,.23244287,.69488555,Random forest,GIS,Municipality
rf_gis_mun,181,.23310578,.67906231,Random forest,GIS,Municipality
rf_gis_mun,182,.23501708,.56414801,Random forest,GIS,Municipality
rf_gis_mun,183,.23420475,.61980659,Random forest,GIS,Municipality
rf_gis_mun,184,.23506901,.57756293,Random forest,GIS,Municipality
rf_gis_mun,185,.23321225,.66803014,Random forest,GIS,Municipality
rf_gis_mun,186,.23349711,.65320581,Random forest,GIS,Municipality
rf_gis_mun,187,.23117656,.76507252,Random forest,GIS,Municipality
rf_gis_mun,188,.23205458,.71868432,Random forest,GIS,Municipality
rf_gis_mun,189,.23403524,.61821693,Random forest,GIS,Municipality
rf_gis_mun,190,.23429559,.61434835,Random forest,GIS,Municipality
rf_gis_mun,191,.23208846,.70405442,Random forest,GIS,Municipality
rf_gis_mun,192,.23438047,.61006129,Random forest,GIS,Municipality
rf_gis_mun,193,.23122749,.75874478,Random forest,GIS,Municipality
rf_gis_mun,194,.22972062,.83423603,Random forest,GIS,Municipality
rf_gis_mun,195,.23325351,.64633757,Random forest,GIS,Municipality
rf_gis_mun,196,.23312955,.67039973,Random forest,GIS,Municipality
rf_gis_mun,197,.2299083,.83700192,Random forest,GIS,Municipality
rf_gis_mun,198,.23437023,.61042678,Random forest,GIS,Municipality
rf_gis_mun,199,.233648,.63751483,Random forest,GIS,Municipality
rf_gis_mun,200,.23319209,.67152357,Random forest,GIS,Municipality
rf_gis_mun,201,.23729619,.45803431,Random forest,GIS,Municipality
rf_gis_mun,202,.23338641,.66432977,Random forest,GIS,Municipality
rf_gis_mun,203,.2309618,.77670163,Random forest,GIS,Municipality
rf_gis_mun,204,.22845604,.88460571,Random forest,GIS,Municipality
rf_gis_mun,205,.23324458,.65350568,Random forest,GIS,Municipality
rf_gis_mun,206,.23445462,.58972573,Random forest,GIS,Municipality
rf_gis_mun,207,.23340771,.650087,Random forest,GIS,Municipality
rf_gis_mun,208,.23356791,.63682151,Random forest,GIS,Municipality
rf_gis_mun,209,.23270234,.68928653,Random forest,GIS,Municipality
rf_gis_mun,210,.23512429,.57323933,Random forest,GIS,Municipality
rf_gis_mun,211,.23243332,.69508284,Random forest,GIS,Municipality
rf_gis_mun,212,.23311366,.66526824,Random forest,GIS,Municipality
rf_gis_mun,213,.23521526,.55464107,Random forest,GIS,Municipality
rf_gis_mun,214,.23751882,.44555849,Random forest,GIS,Municipality
rf_gis_mun,215,.23557661,.5438267,Random forest,GIS,Municipality
rf_gis_mun,216,.2321595,.725609,Random forest,GIS,Municipality
rf_gis_mun,217,.23081705,.78208858,Random forest,GIS,Municipality
rf_gis_mun,218,.23458368,.6053654,Random forest,GIS,Municipality
rf_gis_mun,219,.23171052,.73246807,Random forest,GIS,Municipality
rf_gis_mun,220,.22962704,.83670312,Random forest,GIS,Municipality
rf_gis_mun,221,.22990018,.81826848,Random forest,GIS,Municipality
rf_gis_mun,222,.2313486,.76086694,Random forest,GIS,Municipality
rf_gis_mun,223,.23541349,.55656028,Random forest,GIS,Municipality
rf_gis_mun,224,.23120968,.76705724,Random forest,GIS,Municipality
rf_gis_mun,225,.2343554,.6069054,Random forest,GIS,Municipality
rf_gis_mun,226,.23119356,.7630319,Random forest,GIS,Municipality
rf_gis_mun,227,.23476578,.59403729,Random forest,GIS,Municipality
rf_gis_mun,228,.2364248,.49977851,Random forest,GIS,Municipality
rf_gis_mun,229,.23481989,.58862418,Random forest,GIS,Municipality
rf_gis_mun,230,.23111327,.76274967,Random forest,GIS,Municipality
rf_gis_mun,231,.23348017,.65780818,Random forest,GIS,Municipality
rf_gis_mun,232,.23392971,.6162641,Random forest,GIS,Municipality
rf_gis_mun,233,.23275372,.68473661,Random forest,GIS,Municipality
rf_gis_mun,234,.23187694,.71945518,Random forest,GIS,Municipality
rf_gis_mun,235,.23352659,.65287,Random forest,GIS,Municipality
rf_gis_mun,236,.23776992,.41658604,Random forest,GIS,Municipality
rf_gis_mun,237,.23438178,.60569721,Random forest,GIS,Municipality
rf_gis_mun,238,.23115551,.74368501,Random forest,GIS,Municipality
rf_gis_mun,239,.23373599,.63120931,Random forest,GIS,Municipality
rf_gis_mun,240,.23440094,.59891051,Random forest,GIS,Municipality
rf_gis_mun,241,.23321927,.64987087,Random forest,GIS,Municipality
rf_gis_mun,242,.23285486,.67772239,Random forest,GIS,Municipality
rf_gis_mun,243,.23359179,.63432872,Random forest,GIS,Municipality
rf_gis_mun,244,.23246217,.69224167,Random forest,GIS,Municipality
rf_gis_mun,245,.23152818,.74063516,Random forest,GIS,Municipality
rf_gis_mun,246,.23219667,.71209377,Random forest,GIS,Municipality
rf_gis_mun,247,.23175551,.71953326,Random forest,GIS,Municipality
rf_gis_mun,248,.23127912,.74946421,Random forest,GIS,Municipality
rf_gis_mun,249,.23287974,.68249869,Random forest,GIS,Municipality
rf_gis_mun,250,.23425335,.61649448,Random forest,GIS,Municipality
rf_gis_mun,251,.23471634,.57864225,Random forest,GIS,Municipality
rf_gis_mun,252,.23002942,.81479901,Random forest,GIS,Municipality
rf_gis_mun,253,.23124139,.76432502,Random forest,GIS,Municipality
rf_gis_mun,254,.23150553,.74514234,Random forest,GIS,Municipality
rf_gis_mun,255,.23393863,.62623751,Random forest,GIS,Municipality
rf_gis_mun,256,.23073533,.78692412,Random forest,GIS,Municipality
rf_gis_mun,257,.23709726,.47004828,Random forest,GIS,Municipality
rf_gis_mun,258,.23791113,.43899187,Random forest,GIS,Municipality
rf_gis_mun,259,.23385996,.643493,Random forest,GIS,Municipality
rf_gis_mun,260,.23140128,.75280994,Random forest,GIS,Municipality
rf_gis_mun,261,.22944476,.83871639,Random forest,GIS,Municipality
rf_gis_mun,262,.23300682,.65762115,Random forest,GIS,Municipality
rf_gis_mun,263,.23103024,.7749421,Random forest,GIS,Municipality
rf_gis_mun,264,.23619114,.51858485,Random forest,GIS,Municipality
rf_gis_mun,265,.23434933,.62139845,Random forest,GIS,Municipality
rf_gis_mun,266,.23115018,.7556197,Random forest,GIS,Municipality
rf_gis_mun,267,.2337741,.64251631,Random forest,GIS,Municipality
rf_gis_mun,268,.23201902,.7214154,Random forest,GIS,Municipality
rf_gis_mun,269,.23359458,.64912742,Random forest,GIS,Municipality
rf_gis_mun,270,.2314727,.75316173,Random forest,GIS,Municipality
rf_gis_mun,271,.23787758,.43300742,Random forest,GIS,Municipality
rf_gis_mun,272,.24059102,.28403768,Random forest,GIS,Municipality
rf_gis_mun,273,.23007627,.79916507,Random forest,GIS,Municipality
rf_gis_mun,274,.23048596,.79162174,Random forest,GIS,Municipality
rf_gis_mun,275,.23219748,.70550549,Random forest,GIS,Municipality
rf_gis_mun,276,.2300404,.81971216,Random forest,GIS,Municipality
rf_gis_mun,277,.23490261,.57674646,Random forest,GIS,Municipality
rf_gis_mun,278,.2332648,.65798038,Random forest,GIS,Municipality
rf_gis_mun,279,.23446356,.59770632,Random forest,GIS,Municipality
rf_gis_mun,280,.23570921,.54313397,Random forest,GIS,Municipality
rf_gis_mun,281,.23039432,.80584741,Random forest,GIS,Municipality
rf_gis_mun,282,.23396091,.62023079,Random forest,GIS,Municipality
rf_gis_mun,283,.2329887,.68082297,Random forest,GIS,Municipality
rf_gis_mun,284,.23135735,.75675607,Random forest,GIS,Municipality
rf_gis_mun,285,.23219556,.70571816,Random forest,GIS,Municipality
rf_gis_mun,286,.23210533,.70727015,Random forest,GIS,Municipality
rf_gis_mun,287,.22967997,.84236205,Random forest,GIS,Municipality
rf_gis_mun,288,.23526447,.55396712,Random forest,GIS,Municipality
rf_gis_mun,289,.23762479,.45946884,Random forest,GIS,Municipality
rf_gis_mun,290,.22913265,.86491668,Random forest,GIS,Municipality
rf_gis_mun,291,.2342359,.61305809,Random forest,GIS,Municipality
rf_gis_mun,292,.23637064,.50824606,Random forest,GIS,Municipality
rf_gis_mun,293,.23850933,.39007556,Random forest,GIS,Municipality
rf_gis_mun,294,.23023765,.80940241,Random forest,GIS,Municipality
rf_gis_mun,295,.23055781,.79103959,Random forest,GIS,Municipality
rf_gis_mun,296,.23342948,.65388316,Random forest,GIS,Municipality
rf_gis_mun,297,.23196393,.72741759,Random forest,GIS,Municipality
rf_gis_mun,298,.23442657,.61009324,Random forest,GIS,Municipality
rf_gis_mun,299,.23641127,.49635351,Random forest,GIS,Municipality
rf_gis_mun,300,.23192459,.72478509,Random forest,GIS,Municipality
rf_gis_mun,301,.22966434,.82848018,Random forest,GIS,Municipality
rf_gis_mun,302,.23176104,.73997033,Random forest,GIS,Municipality
rf_gis_mun,303,.2329586,.68205452,Random forest,GIS,Municipality
rf_gis_mun,304,.2355006,.53763813,Random forest,GIS,Municipality
rf_gis_mun,305,.23199533,.72716671,Random forest,GIS,Municipality
rf_gis_mun,306,.23442006,.61066854,Random forest,GIS,Municipality
rf_gis_mun,307,.23271154,.68714154,Random forest,GIS,Municipality
rf_gis_mun,308,.23232256,.71270782,Random forest,GIS,Municipality
rf_gis_mun,309,.23143336,.75937998,Random forest,GIS,Municipality
rf_gis_mun,310,.23141091,.75261265,Random forest,GIS,Municipality
rf_gis_mun,311,.23291194,.66222584,Random forest,GIS,Municipality
rf_gis_mun,312,.22976063,.8300761,Random forest,GIS,Municipality
rf_gis_mun,313,.23208225,.70799541,Random forest,GIS,Municipality
rf_gis_mun,314,.23543006,.55788422,Random forest,GIS,Municipality
rf_gis_mun,315,.23272097,.68699956,Random forest,GIS,Municipality
rf_gis_mun,316,.23097397,.78667957,Random forest,GIS,Municipality
rf_gis_mun,317,.23380257,.6510734,Random forest,GIS,Municipality
rf_gis_mun,318,.23435758,.6115095,Random forest,GIS,Municipality
rf_gis_mun,319,.23459944,.59318948,Random forest,GIS,Municipality
rf_gis_mun,320,.23047274,.80502182,Random forest,GIS,Municipality
rf_gis_mun,321,.23296215,.67031878,Random forest,GIS,Municipality
rf_gis_mun,322,.2333879,.62927479,Random forest,GIS,Municipality
rf_gis_mun,323,.231526,.7419728,Random forest,GIS,Municipality
rf_gis_mun,324,.23202771,.71073675,Random forest,GIS,Municipality
rf_gis_mun,325,.23931526,.36234152,Random forest,GIS,Municipality
rf_gis_mun,326,.23324998,.66154391,Random forest,GIS,Municipality
rf_gis_mun,327,.23364063,.62492383,Random forest,GIS,Municipality
rf_gis_mun,328,.2322097,.71418571,Random forest,GIS,Municipality
rf_gis_mun,329,.23172884,.74208683,Random forest,GIS,Municipality
rf_gis_mun,330,.23331718,.648844,Random forest,GIS,Municipality
rf_gis_mun,331,.23148113,.75293708,Random forest,GIS,Municipality
rf_gis_mun,332,.23125584,.76378852,Random forest,GIS,Municipality
rf_gis_mun,333,.23115279,.76177353,Random forest,GIS,Municipality
rf_gis_mun,334,.23179863,.73130494,Random forest,GIS,Municipality
rf_gis_mun,335,.22921196,.86999518,Random forest,GIS,Municipality
rf_gis_mun,336,.23420246,.61341214,Random forest,GIS,Municipality
rf_gis_mun,337,.23334019,.65098214,Random forest,GIS,Municipality
rf_gis_mun,338,.23143299,.75592649,Random forest,GIS,Municipality
rf_gis_mun,339,.23342718,.64378268,Random forest,GIS,Municipality
rf_gis_mun,340,.23014514,.81188607,Random forest,GIS,Municipality
rf_gis_mun,341,.23134817,.74149156,Random forest,GIS,Municipality
rf_gis_mun,342,.23432501,.60745275,Random forest,GIS,Municipality
rf_gis_mun,343,.2355518,.53425819,Random forest,GIS,Municipality
rf_gis_mun,344,.23077486,.80027175,Random forest,GIS,Municipality
rf_gis_mun,345,.23657459,.49625543,Random forest,GIS,Municipality
rf_gis_mun,346,.23601933,.52232063,Random forest,GIS,Municipality
rf_gis_mun,347,.23246782,.70151776,Random forest,GIS,Municipality
rf_gis_mun,348,.23251826,.70712304,Random forest,GIS,Municipality
rf_gis_mun,349,.2336338,.64119351,Random forest,GIS,Municipality
rf_gis_mun,350,.23258285,.69061786,Random forest,GIS,Municipality
rf_gis_mun,351,.23364782,.63461667,Random forest,GIS,Municipality
rf_gis_mun,352,.23439623,.61180657,Random forest,GIS,Municipality
rf_gis_mun,353,.22772345,.93725944,Random forest,GIS,Municipality
rf_gis_mun,354,.23832022,.40621871,Random forest,GIS,Municipality
rf_gis_mun,355,.23379271,.61572361,Random forest,GIS,Municipality
rf_gis_mun,356,.23705924,.47834307,Random forest,GIS,Municipality
rf_gis_mun,357,.23372805,.63947564,Random forest,GIS,Municipality
rf_gis_mun,358,.23607349,.5152306,Random forest,GIS,Municipality
rf_gis_mun,359,.23518461,.56295013,Random forest,GIS,Municipality
rf_gis_mun,360,.23347868,.65495336,Random forest,GIS,Municipality
rf_gis_mun,361,.23053697,.78966326,Random forest,GIS,Municipality
rf_gis_mun,362,.23121521,.76854938,Random forest,GIS,Municipality
rf_gis_mun,363,.23532216,.56163245,Random forest,GIS,Municipality
rf_gis_mun,364,.23386623,.62083632,Random forest,GIS,Municipality
rf_gis_mun,365,.23710652,.45513216,Random forest,GIS,Municipality
rf_gis_mun,366,.23221956,.71988112,Random forest,GIS,Municipality
rf_gis_mun,367,.23545767,.55453843,Random forest,GIS,Municipality
rf_gis_mun,368,.2339261,.62684298,Random forest,GIS,Municipality
rf_gis_mun,369,.22962202,.8331846,Random forest,GIS,Municipality
rf_gis_mun,370,.23149318,.75839871,Random forest,GIS,Municipality
rf_gis_mun,371,.23188767,.72926033,Random forest,GIS,Municipality
rf_gis_mun,372,.23267369,.69132489,Random forest,GIS,Municipality
rf_gis_mun,373,.22820047,.91132885,Random forest,GIS,Municipality
rf_gis_mun,374,.23766735,.43992013,Random forest,GIS,Municipality
rf_gis_mun,375,.23658749,.49411616,Random forest,GIS,Municipality
rf_gis_mun,376,.23537217,.54930544,Random forest,GIS,Municipality
rf_gis_mun,377,.23079664,.78346497,Random forest,GIS,Municipality
rf_gis_mun,378,.23245125,.69814008,Random forest,GIS,Municipality
rf_gis_mun,379,.23080383,.77436793,Random forest,GIS,Municipality
rf_gis_mun,380,.23132615,.74949896,Random forest,GIS,Municipality
rf_gis_mun,381,.23048306,.79884064,Random forest,GIS,Municipality
rf_gis_mun,382,.23458089,.6053409,Random forest,GIS,Municipality
rf_gis_mun,383,.23346274,.65103805,Random forest,GIS,Municipality
rf_gis_mun,384,.23691137,.46979058,Random forest,GIS,Municipality
rf_gis_mun,385,.23240092,.71538991,Random forest,GIS,Municipality
rf_gis_mun,386,.23330458,.64969414,Random forest,GIS,Municipality
rf_gis_mun,387,.23137113,.75351691,Random forest,GIS,Municipality
rf_gis_mun,388,.23277929,.69401377,Random forest,GIS,Municipality
rf_gis_mun,389,.23373686,.61901176,Random forest,GIS,Municipality
rf_gis_mun,390,.23310678,.6571998,Random forest,GIS,Municipality
rf_gis_mun,391,.23503476,.5719918,Random forest,GIS,Municipality
rf_gis_mun,392,.23370411,.64460087,Random forest,GIS,Municipality
rf_gis_mun,393,.23025528,.80969316,Random forest,GIS,Municipality
rf_gis_mun,394,.23283283,.68383116,Random forest,GIS,Municipality
rf_gis_mun,395,.23875393,.37511098,Random forest,GIS,Municipality
rf_gis_mun,396,.23494032,.57839477,Random forest,GIS,Municipality
rf_gis_mun,397,.23705055,.49983779,Random forest,GIS,Municipality
rf_gis_mun,398,.23251168,.69248855,Random forest,GIS,Municipality
rf_gis_mun,399,.23250212,.69177699,Random forest,GIS,Municipality
rf_gis_mun,400,.23406032,.62291968,Random forest,GIS,Municipality
rf_gis_mun,401,.23183201,.73138195,Random forest,GIS,Municipality
rf_gis_mun,402,.23221211,.70480418,Random forest,GIS,Municipality
rf_gis_mun,403,.2338344,.63292325,Random forest,GIS,Municipality
rf_gis_mun,404,.23229589,.70588863,Random forest,GIS,Municipality
rf_gis_mun,405,.23120974,.766267,Random forest,GIS,Municipality
rf_gis_mun,406,.23553461,.54691988,Random forest,GIS,Municipality
rf_gis_mun,407,.23153301,.74164778,Random forest,GIS,Municipality
rf_gis_mun,408,.23277073,.68797684,Random forest,GIS,Municipality
rf_gis_mun,409,.23056589,.78719956,Random forest,GIS,Municipality
rf_gis_mun,410,.23313786,.66364044,Random forest,GIS,Municipality
rf_gis_mun,411,.23261772,.7010451,Random forest,GIS,Municipality
rf_gis_mun,412,.2349394,.57471663,Random forest,GIS,Municipality
rf_gis_mun,413,.23417808,.61101913,Random forest,GIS,Municipality
rf_gis_mun,414,.23246266,.70562977,Random forest,GIS,Municipality
rf_gis_mun,415,.23101324,.77322531,Random forest,GIS,Municipality
rf_gis_mun,416,.23351045,.64762157,Random forest,GIS,Municipality
rf_gis_mun,417,.23412347,.62591535,Random forest,GIS,Municipality
rf_gis_mun,418,.23189133,.71886617,Random forest,GIS,Municipality
rf_gis_mun,419,.23170482,.74660993,Random forest,GIS,Municipality
rf_gis_mun,420,.23431148,.6066038,Random forest,GIS,Municipality
rf_gis_mun,421,.23417281,.61060864,Random forest,GIS,Municipality
rf_gis_mun,422,.23366538,.63586587,Random forest,GIS,Municipality
rf_gis_mun,423,.23451121,.58768737,Random forest,GIS,Municipality
rf_gis_mun,424,.23544316,.55514854,Random forest,GIS,Municipality
rf_gis_mun,425,.23629618,.50840855,Random forest,GIS,Municipality
rf_gis_mun,426,.23053685,.80101925,Random forest,GIS,Municipality
rf_gis_mun,427,.23366942,.64333111,Random forest,GIS,Municipality
rf_gis_mun,428,.23290263,.68307227,Random forest,GIS,Municipality
rf_gis_mun,429,.23312192,.66986775,Random forest,GIS,Municipality
rf_gis_mun,430,.23316051,.66288495,Random forest,GIS,Municipality
rf_gis_mun,431,.23286919,.67950529,Random forest,GIS,Municipality
rf_gis_mun,432,.23532185,.57070726,Random forest,GIS,Municipality
rf_gis_mun,433,.23451872,.60531235,Random forest,GIS,Municipality
rf_gis_mun,434,.23085856,.76444477,Random forest,GIS,Municipality
rf_gis_mun,435,.23141742,.75531298,Random forest,GIS,Municipality
rf_gis_mun,436,.2336923,.6234796,Random forest,GIS,Municipality
rf_gis_mun,437,.2307962,.78391939,Random forest,GIS,Municipality
rf_gis_mun,438,.23586309,.53307736,Random forest,GIS,Municipality
rf_gis_mun,439,.23421989,.61739194,Random forest,GIS,Municipality
rf_gis_mun,440,.23199192,.72313958,Random forest,GIS,Municipality
rf_gis_mun,441,.23550527,.54784012,Random forest,GIS,Municipality
rf_gis_mun,442,.23323447,.66424137,Random forest,GIS,Municipality
rf_gis_mun,443,.23254196,.70020294,Random forest,GIS,Municipality
rf_gis_mun,444,.23323242,.65468425,Random forest,GIS,Municipality
rf_gis_mun,445,.23441814,.61431527,Random forest,GIS,Municipality
rf_gis_mun,446,.2335249,.64310586,Random forest,GIS,Municipality
rf_gis_mun,447,.23360805,.64315093,Random forest,GIS,Municipality
rf_gis_mun,448,.2315806,.73467976,Random forest,GIS,Municipality
rf_gis_mun,449,.23079713,.78274482,Random forest,GIS,Municipality
rf_gis_mun,450,.23429851,.60802406,Random forest,GIS,Municipality
rf_gis_mun,451,.23343693,.65057904,Random forest,GIS,Municipality
rf_gis_mun,452,.23283476,.68339211,Random forest,GIS,Municipality
rf_gis_mun,453,.23367655,.65793645,Random forest,GIS,Municipality
rf_gis_mun,454,.23224866,.7222718,Random forest,GIS,Municipality
rf_gis_mun,455,.23254122,.70097834,Random forest,GIS,Municipality
rf_gis_mun,456,.23217762,.71185827,Random forest,GIS,Municipality
rf_gis_mun,457,.23488027,.59043843,Random forest,GIS,Municipality
rf_gis_mun,458,.23389074,.63473409,Random forest,GIS,Municipality
rf_gis_mun,459,.22993287,.82415146,Random forest,GIS,Municipality
rf_gis_mun,460,.23571046,.55238092,Random forest,GIS,Municipality
rf_gis_mun,461,.23090708,.77641141,Random forest,GIS,Municipality
rf_gis_mun,462,.23153375,.75919241,Random forest,GIS,Municipality
rf_gis_mun,463,.23489906,.56754911,Random forest,GIS,Municipality
rf_gis_mun,464,.23171407,.73702317,Random forest,GIS,Municipality
rf_gis_mun,465,.23228608,.70138258,Random forest,GIS,Municipality
rf_gis_mun,466,.23387039,.62378919,Random forest,GIS,Municipality
rf_gis_mun,467,.23508899,.57231969,Random forest,GIS,Municipality
rf_gis_mun,468,.23230717,.69645125,Random forest,GIS,Municipality
rf_gis_mun,469,.23288067,.67612648,Random forest,GIS,Municipality
rf_gis_mun,470,.22997531,.83025342,Random forest,GIS,Municipality
rf_gis_mun,471,.23345144,.64894778,Random forest,GIS,Municipality
rf_gis_mun,472,.23348935,.64285958,Random forest,GIS,Municipality
rf_gis_mun,473,.23279251,.68737817,Random forest,GIS,Municipality
rf_gis_mun,474,.23702523,.46426567,Random forest,GIS,Municipality
rf_gis_mun,475,.23190418,.72719407,Random forest,GIS,Municipality
rf_gis_mun,476,.23102447,.77200747,Random forest,GIS,Municipality
rf_gis_mun,477,.23951264,.34569493,Random forest,GIS,Municipality
rf_gis_mun,478,.23227149,.69869483,Random forest,GIS,Municipality
rf_gis_mun,479,.23416083,.60265541,Random forest,GIS,Municipality
rf_gis_mun,480,.232493,.69835216,Random forest,GIS,Municipality
rf_gis_mun,481,.23220009,.69273543,Random forest,GIS,Municipality
rf_gis_mun,482,.23645775,.49093008,Random forest,GIS,Municipality
rf_gis_mun,483,.2316481,.73749983,Random forest,GIS,Municipality
rf_gis_mun,484,.23434858,.62465525,Random forest,GIS,Municipality
rf_gis_mun,485,.23473886,.59718746,Random forest,GIS,Municipality
rf_gis_mun,486,.23516977,.56928521,Random forest,GIS,Municipality
rf_gis_mun,487,.2300182,.82619321,Random forest,GIS,Municipality
rf_gis_mun,488,.2303293,.80650139,Random forest,GIS,Municipality
rf_gis_mun,489,.23556024,.55288666,Random forest,GIS,Municipality
rf_gis_mun,490,.23275888,.66982043,Random forest,GIS,Municipality
rf_gis_mun,491,.2321765,.70935524,Random forest,GIS,Municipality
rf_gis_mun,492,.23304081,.67232692,Random forest,GIS,Municipality
rf_gis_mun,493,.23290624,.68141937,Random forest,GIS,Municipality
rf_gis_mun,494,.23032223,.79646248,Random forest,GIS,Municipality
rf_gis_mun,495,.23580055,.53300267,Random forest,GIS,Municipality
rf_gis_mun,496,.23123457,.75734788,Random forest,GIS,Municipality
rf_gis_mun,497,.23143864,.76078373,Random forest,GIS,Municipality
rf_gis_mun,498,.23358577,.63070244,Random forest,GIS,Municipality
rf_gis_mun,499,.2307009,.77934718,Random forest,GIS,Municipality
rf_gis_mun,500,.23294862,.66414559,Random forest,GIS,Municipality
rf_census_mun,1,.22845554,.88825417,Random forest,Census agg.,Municipality
rf_census_mun,2,.22937465,.84796333,Random forest,Census agg.,Municipality
rf_census_mun,3,.22838512,.88806832,Random forest,Census agg.,Municipality
rf_census_mun,4,.22657315,.96330351,Random forest,Census agg.,Municipality
rf_census_mun,5,.23018125,.80612624,Random forest,Census agg.,Municipality
rf_census_mun,6,.22923882,.85033697,Random forest,Census agg.,Municipality
rf_census_mun,7,.22959925,.83548695,Random forest,Census agg.,Municipality
rf_census_mun,8,.2296142,.83903855,Random forest,Census agg.,Municipality
rf_census_mun,9,.2285993,.87326735,Random forest,Census agg.,Municipality
rf_census_mun,10,.22716887,.94166738,Random forest,Census agg.,Municipality
rf_census_mun,11,.22841465,.88541818,Random forest,Census agg.,Municipality
rf_census_mun,12,.22583827,.991992,Random forest,Census agg.,Municipality
rf_census_mun,13,.22731058,.94496584,Random forest,Census agg.,Municipality
rf_census_mun,14,.22796021,.89461726,Random forest,Census agg.,Municipality
rf_census_mun,15,.23107001,.76392132,Random forest,Census agg.,Municipality
rf_census_mun,16,.22921041,.8421756,Random forest,Census agg.,Municipality
rf_census_mun,17,.22842576,.89124185,Random forest,Census agg.,Municipality
rf_census_mun,18,.22985284,.82392853,Random forest,Census agg.,Municipality
rf_census_mun,19,.22961663,.83707601,Random forest,Census agg.,Municipality
rf_census_mun,20,.22655119,.97487617,Random forest,Census agg.,Municipality
rf_census_mun,21,.22952653,.83765531,Random forest,Census agg.,Municipality
rf_census_mun,22,.22645923,.97447938,Random forest,Census agg.,Municipality
rf_census_mun,23,.22484936,1.048329,Random forest,Census agg.,Municipality
rf_census_mun,24,.22782135,.92378354,Random forest,Census agg.,Municipality
rf_census_mun,25,.22936825,.84103012,Random forest,Census agg.,Municipality
rf_census_mun,26,.22648071,.97161537,Random forest,Census agg.,Municipality
rf_census_mun,27,.22675093,.96194369,Random forest,Census agg.,Municipality
rf_census_mun,28,.22975965,.82788324,Random forest,Census agg.,Municipality
rf_census_mun,29,.22840293,.87975585,Random forest,Census agg.,Municipality
rf_census_mun,30,.23050123,.791327,Random forest,Census agg.,Municipality
rf_census_mun,31,.23109576,.77083802,Random forest,Census agg.,Municipality
rf_census_mun,32,.2271134,.95444429,Random forest,Census agg.,Municipality
rf_census_mun,33,.22748047,.93980241,Random forest,Census agg.,Municipality
rf_census_mun,34,.2284973,.87500465,Random forest,Census agg.,Municipality
rf_census_mun,35,.2318023,.74390167,Random forest,Census agg.,Municipality
rf_census_mun,36,.22746818,.92615998,Random forest,Census agg.,Municipality
rf_census_mun,37,.22979601,.82439148,Random forest,Census agg.,Municipality
rf_census_mun,38,.22528413,1.0334289,Random forest,Census agg.,Municipality
rf_census_mun,39,.22546996,1.0327727,Random forest,Census agg.,Municipality
rf_census_mun,40,.2284499,.89253211,Random forest,Census agg.,Municipality
rf_census_mun,41,.23101138,.76225704,Random forest,Census agg.,Municipality
rf_census_mun,42,.2257411,1.0045944,Random forest,Census agg.,Municipality
rf_census_mun,43,.22955303,.83371317,Random forest,Census agg.,Municipality
rf_census_mun,44,.22693706,.96390104,Random forest,Census agg.,Municipality
rf_census_mun,45,.22770806,.92725188,Random forest,Census agg.,Municipality
rf_census_mun,46,.22443184,1.0657841,Random forest,Census agg.,Municipality
rf_census_mun,47,.22848167,.8785032,Random forest,Census agg.,Municipality
rf_census_mun,48,.23036776,.80098218,Random forest,Census agg.,Municipality
rf_census_mun,49,.22766989,.91888922,Random forest,Census agg.,Municipality
rf_census_mun,50,.22436216,1.0640423,Random forest,Census agg.,Municipality
rf_census_mun,51,.2296147,.84459198,Random forest,Census agg.,Municipality
rf_census_mun,52,.23214622,.70992255,Random forest,Census agg.,Municipality
rf_census_mun,53,.22770384,.9175083,Random forest,Census agg.,Municipality
rf_census_mun,54,.22544067,1.0207392,Random forest,Census agg.,Municipality
rf_census_mun,55,.23020415,.81191969,Random forest,Census agg.,Municipality
rf_census_mun,56,.22882168,.86988795,Random forest,Census agg.,Municipality
rf_census_mun,57,.22753569,.93911988,Random forest,Census agg.,Municipality
rf_census_mun,58,.22973749,.83807439,Random forest,Census agg.,Municipality
rf_census_mun,59,.22728936,.9420135,Random forest,Census agg.,Municipality
rf_census_mun,60,.22920711,.85819727,Random forest,Census agg.,Municipality
rf_census_mun,61,.22809406,.90531468,Random forest,Census agg.,Municipality
rf_census_mun,62,.2267521,.96901715,Random forest,Census agg.,Municipality
rf_census_mun,63,.22731909,.93992043,Random forest,Census agg.,Municipality
rf_census_mun,64,.22876261,.86905384,Random forest,Census agg.,Municipality
rf_census_mun,65,.22682692,.95764917,Random forest,Census agg.,Municipality
rf_census_mun,66,.23197354,.71938789,Random forest,Census agg.,Municipality
rf_census_mun,67,.22851691,.88800901,Random forest,Census agg.,Municipality
rf_census_mun,68,.2293247,.8487975,Random forest,Census agg.,Municipality
rf_census_mun,69,.22959056,.83730006,Random forest,Census agg.,Municipality
rf_census_mun,70,.23130263,.759624,Random forest,Census agg.,Municipality
rf_census_mun,71,.23280442,.69231069,Random forest,Census agg.,Municipality
rf_census_mun,72,.22965063,.82962793,Random forest,Census agg.,Municipality
rf_census_mun,73,.22938363,.84077412,Random forest,Census agg.,Municipality
rf_census_mun,74,.22640774,.98034465,Random forest,Census agg.,Municipality
rf_census_mun,75,.22630543,.98167199,Random forest,Census agg.,Municipality
rf_census_mun,76,.22377464,1.1076195,Random forest,Census agg.,Municipality
rf_census_mun,77,.22839946,.89574218,Random forest,Census agg.,Municipality
rf_census_mun,78,.22865093,.86918837,Random forest,Census agg.,Municipality
rf_census_mun,79,.2300012,.81467646,Random forest,Census agg.,Municipality
rf_census_mun,80,.22901502,.87040055,Random forest,Census agg.,Municipality
rf_census_mun,81,.22856319,.88944125,Random forest,Census agg.,Municipality
rf_census_mun,82,.22804107,.90247697,Random forest,Census agg.,Municipality
rf_census_mun,83,.22982213,.82603872,Random forest,Census agg.,Municipality
rf_census_mun,84,.23084205,.77065784,Random forest,Census agg.,Municipality
rf_census_mun,85,.22837463,.89614242,Random forest,Census agg.,Municipality
rf_census_mun,86,.22732672,.94191825,Random forest,Census agg.,Municipality
rf_census_mun,87,.23079248,.7626493,Random forest,Census agg.,Municipality
rf_census_mun,88,.22740948,.93461502,Random forest,Census agg.,Municipality
rf_census_mun,89,.22725412,.94871181,Random forest,Census agg.,Municipality
rf_census_mun,90,.22895955,.86307335,Random forest,Census agg.,Municipality
rf_census_mun,91,.23027848,.79666489,Random forest,Census agg.,Municipality
rf_census_mun,92,.22600722,1.0099837,Random forest,Census agg.,Municipality
rf_census_mun,93,.22866315,.88076276,Random forest,Census agg.,Municipality
rf_census_mun,94,.22884203,.87120962,Random forest,Census agg.,Municipality
rf_census_mun,95,.22856121,.88078958,Random forest,Census agg.,Municipality
rf_census_mun,96,.22682153,.95541072,Random forest,Census agg.,Municipality
rf_census_mun,97,.22654511,.96875489,Random forest,Census agg.,Municipality
rf_census_mun,98,.22821778,.89516461,Random forest,Census agg.,Municipality
rf_census_mun,99,.22840491,.89512241,Random forest,Census agg.,Municipality
rf_census_mun,100,.22722906,.95011896,Random forest,Census agg.,Municipality
rf_census_mun,101,.2293005,.85298026,Random forest,Census agg.,Municipality
rf_census_mun,102,.22668459,.97292793,Random forest,Census agg.,Municipality
rf_census_mun,103,.22874294,.86641908,Random forest,Census agg.,Municipality
rf_census_mun,104,.22855158,.88027185,Random forest,Census agg.,Municipality
rf_census_mun,105,.23100071,.75835079,Random forest,Census agg.,Municipality
rf_census_mun,106,.22753148,.93529975,Random forest,Census agg.,Municipality
rf_census_mun,107,.23099022,.77704602,Random forest,Census agg.,Municipality
rf_census_mun,108,.22849767,.8950249,Random forest,Census agg.,Municipality
rf_census_mun,109,.22591297,1.0051155,Random forest,Census agg.,Municipality
rf_census_mun,110,.22926314,.85189521,Random forest,Census agg.,Municipality
rf_census_mun,111,.2298439,.82687974,Random forest,Census agg.,Municipality
rf_census_mun,112,.2258613,.99843317,Random forest,Census agg.,Municipality
rf_census_mun,113,.22991966,.82064897,Random forest,Census agg.,Municipality
rf_census_mun,114,.22948384,.8416664,Random forest,Census agg.,Municipality
rf_census_mun,115,.22938091,.84903979,Random forest,Census agg.,Municipality
rf_census_mun,116,.22569835,1.0107192,Random forest,Census agg.,Municipality
rf_census_mun,117,.229394,.83785945,Random forest,Census agg.,Municipality
rf_census_mun,118,.22747092,.94177228,Random forest,Census agg.,Municipality
rf_census_mun,119,.22693309,.95242471,Random forest,Census agg.,Municipality
rf_census_mun,120,.23346652,.6463843,Random forest,Census agg.,Municipality
rf_census_mun,121,.22576846,1.0099728,Random forest,Census agg.,Municipality
rf_census_mun,122,.22758135,.92726386,Random forest,Census agg.,Municipality
rf_census_mun,123,.22563413,1.0087361,Random forest,Census agg.,Municipality
rf_census_mun,124,.22968264,.82570916,Random forest,Census agg.,Municipality
rf_census_mun,125,.23176476,.7350179,Random forest,Census agg.,Municipality
rf_census_mun,126,.22987239,.80925983,Random forest,Census agg.,Municipality
rf_census_mun,127,.22978669,.82441431,Random forest,Census agg.,Municipality
rf_census_mun,128,.22659084,.97191358,Random forest,Census agg.,Municipality
rf_census_mun,129,.22790648,.91770899,Random forest,Census agg.,Municipality
rf_census_mun,130,.23026049,.80504745,Random forest,Census agg.,Municipality
rf_census_mun,131,.22776514,.92869836,Random forest,Census agg.,Municipality
rf_census_mun,132,.2285656,.88411534,Random forest,Census agg.,Municipality
rf_census_mun,133,.22486326,1.0472863,Random forest,Census agg.,Municipality
rf_census_mun,134,.22584665,1.0079937,Random forest,Census agg.,Municipality
rf_census_mun,135,.2315736,.74678099,Random forest,Census agg.,Municipality
rf_census_mun,136,.22935013,.83558387,Random forest,Census agg.,Municipality
rf_census_mun,137,.22865056,.8665759,Random forest,Census agg.,Municipality
rf_census_mun,138,.22537844,1.0216322,Random forest,Census agg.,Municipality
rf_census_mun,139,.23147419,.74785179,Random forest,Census agg.,Municipality
rf_census_mun,140,.22641493,.97058624,Random forest,Census agg.,Municipality
rf_census_mun,141,.22737238,.94328725,Random forest,Census agg.,Municipality
rf_census_mun,142,.22609502,.99068236,Random forest,Census agg.,Municipality
rf_census_mun,143,.22723004,.92798853,Random forest,Census agg.,Municipality
rf_census_mun,144,.22958399,.84148115,Random forest,Census agg.,Municipality
rf_census_mun,145,.22666603,.95966756,Random forest,Census agg.,Municipality
rf_census_mun,146,.22945549,.84182662,Random forest,Census agg.,Municipality
rf_census_mun,147,.2282612,.90314406,Random forest,Census agg.,Municipality
rf_census_mun,148,.23071772,.7901262,Random forest,Census agg.,Municipality
rf_census_mun,149,.22662589,.96456587,Random forest,Census agg.,Municipality
rf_census_mun,150,.22649975,.97758561,Random forest,Census agg.,Municipality
rf_census_mun,151,.23023108,.80049527,Random forest,Census agg.,Municipality
rf_census_mun,152,.22907031,.86577535,Random forest,Census agg.,Municipality
rf_census_mun,153,.22916473,.86171007,Random forest,Census agg.,Municipality
rf_census_mun,154,.2231167,1.1338587,Random forest,Census agg.,Municipality
rf_census_mun,155,.22972025,.84049362,Random forest,Census agg.,Municipality
rf_census_mun,156,.22963338,.83694941,Random forest,Census agg.,Municipality
rf_census_mun,157,.22730953,.93534255,Random forest,Census agg.,Municipality
rf_census_mun,158,.22800161,.90858746,Random forest,Census agg.,Municipality
rf_census_mun,159,.22758502,.92009741,Random forest,Census agg.,Municipality
rf_census_mun,160,.22815485,.90763015,Random forest,Census agg.,Municipality
rf_census_mun,161,.22760965,.92791498,Random forest,Census agg.,Municipality
rf_census_mun,162,.23102987,.77259755,Random forest,Census agg.,Municipality
rf_census_mun,163,.22683512,.96799201,Random forest,Census agg.,Municipality
rf_census_mun,164,.22777972,.91695976,Random forest,Census agg.,Municipality
rf_census_mun,165,.22739913,.93093115,Random forest,Census agg.,Municipality
rf_census_mun,166,.22697794,.95309126,Random forest,Census agg.,Municipality
rf_census_mun,167,.22711396,.95428461,Random forest,Census agg.,Municipality
rf_census_mun,168,.23107064,.77334791,Random forest,Census agg.,Municipality
rf_census_mun,169,.22872917,.87968343,Random forest,Census agg.,Municipality
rf_census_mun,170,.2233897,1.1105559,Random forest,Census agg.,Municipality
rf_census_mun,171,.22679038,.96783578,Random forest,Census agg.,Municipality
rf_census_mun,172,.23155665,.73901421,Random forest,Census agg.,Municipality
rf_census_mun,173,.22972614,.83461177,Random forest,Census agg.,Municipality
rf_census_mun,174,.22897176,.86194497,Random forest,Census agg.,Municipality
rf_census_mun,175,.22823745,.88884258,Random forest,Census agg.,Municipality
rf_census_mun,176,.22759545,.93104351,Random forest,Census agg.,Municipality
rf_census_mun,177,.23054287,.79628456,Random forest,Census agg.,Municipality
rf_census_mun,178,.22769074,.92331088,Random forest,Census agg.,Municipality
rf_census_mun,179,.22771402,.92256397,Random forest,Census agg.,Municipality
rf_census_mun,180,.22788961,.90885431,Random forest,Census agg.,Municipality
rf_census_mun,181,.23099586,.77015442,Random forest,Census agg.,Municipality
rf_census_mun,182,.22867648,.86499482,Random forest,Census agg.,Municipality
rf_census_mun,183,.22706941,.94382602,Random forest,Census agg.,Municipality
rf_census_mun,184,.23333362,.6644187,Random forest,Census agg.,Municipality
rf_census_mun,185,.22756355,.92730719,Random forest,Census agg.,Municipality
rf_census_mun,186,.22855017,.87469333,Random forest,Census agg.,Municipality
rf_census_mun,187,.22763379,.92891735,Random forest,Census agg.,Municipality
rf_census_mun,188,.22899751,.86930072,Random forest,Census agg.,Municipality
rf_census_mun,189,.22703727,.94353867,Random forest,Census agg.,Municipality
rf_census_mun,190,.23151241,.74512011,Random forest,Census agg.,Municipality
rf_census_mun,191,.22930756,.85154742,Random forest,Census agg.,Municipality
rf_census_mun,192,.22917746,.84469002,Random forest,Census agg.,Municipality
rf_census_mun,193,.22754164,.93840945,Random forest,Census agg.,Municipality
rf_census_mun,194,.22819184,.9042964,Random forest,Census agg.,Municipality
rf_census_mun,195,.22771923,.91533023,Random forest,Census agg.,Municipality
rf_census_mun,196,.22765377,.91793251,Random forest,Census agg.,Municipality
rf_census_mun,197,.22532396,1.025718,Random forest,Census agg.,Municipality
rf_census_mun,198,.22622924,.98541969,Random forest,Census agg.,Municipality
rf_census_mun,199,.2281556,.90931958,Random forest,Census agg.,Municipality
rf_census_mun,200,.22848712,.88325322,Random forest,Census agg.,Municipality
rf_census_mun,201,.23051494,.78737402,Random forest,Census agg.,Municipality
rf_census_mun,202,.22992879,.81268257,Random forest,Census agg.,Municipality
rf_census_mun,203,.2268229,.95533144,Random forest,Census agg.,Municipality
rf_census_mun,204,.2273905,.92761225,Random forest,Census agg.,Municipality
rf_census_mun,205,.23012616,.80433249,Random forest,Census agg.,Municipality
rf_census_mun,206,.22753917,.92654544,Random forest,Census agg.,Municipality
rf_census_mun,207,.22735222,.94281971,Random forest,Census agg.,Municipality
rf_census_mun,208,.22884296,.86475819,Random forest,Census agg.,Municipality
rf_census_mun,209,.22860563,.87804818,Random forest,Census agg.,Municipality
rf_census_mun,210,.22886753,.87469107,Random forest,Census agg.,Municipality
rf_census_mun,211,.2231288,1.1326909,Random forest,Census agg.,Municipality
rf_census_mun,212,.22995707,.81674272,Random forest,Census agg.,Municipality
rf_census_mun,213,.22809288,.9000994,Random forest,Census agg.,Municipality
rf_census_mun,214,.23039488,.78677136,Random forest,Census agg.,Municipality
rf_census_mun,215,.2292724,.85212272,Random forest,Census agg.,Municipality
rf_census_mun,216,.22719245,.94831955,Random forest,Census agg.,Municipality
rf_census_mun,217,.22651942,.98049462,Random forest,Census agg.,Municipality
rf_census_mun,218,.22834162,.8906517,Random forest,Census agg.,Municipality
rf_census_mun,219,.22894831,.86845398,Random forest,Census agg.,Municipality
rf_census_mun,220,.23053642,.78943002,Random forest,Census agg.,Municipality
rf_census_mun,221,.22818464,.90725785,Random forest,Census agg.,Municipality
rf_census_mun,222,.22502887,1.0590363,Random forest,Census agg.,Municipality
rf_census_mun,223,.22846851,.89475805,Random forest,Census agg.,Municipality
rf_census_mun,224,.22636822,.97822195,Random forest,Census agg.,Municipality
rf_census_mun,225,.22955209,.8309359,Random forest,Census agg.,Municipality
rf_census_mun,226,.22881448,.87230891,Random forest,Census agg.,Municipality
rf_census_mun,227,.23410331,.63060898,Random forest,Census agg.,Municipality
rf_census_mun,228,.23054758,.78354931,Random forest,Census agg.,Municipality
rf_census_mun,229,.23039861,.78525585,Random forest,Census agg.,Municipality
rf_census_mun,230,.22921462,.85403961,Random forest,Census agg.,Municipality
rf_census_mun,231,.23059213,.80331814,Random forest,Census agg.,Municipality
rf_census_mun,232,.22771537,.9167853,Random forest,Census agg.,Municipality
rf_census_mun,233,.22786045,.92221957,Random forest,Census agg.,Municipality
rf_census_mun,234,.22692403,.96105361,Random forest,Census agg.,Municipality
rf_census_mun,235,.22907197,.8576898,Random forest,Census agg.,Municipality
rf_census_mun,236,.22809139,.89455396,Random forest,Census agg.,Municipality
rf_census_mun,237,.22709168,.95079577,Random forest,Census agg.,Municipality
rf_census_mun,238,.22685187,.95079917,Random forest,Census agg.,Municipality
rf_census_mun,239,.22886994,.87020385,Random forest,Census agg.,Municipality
rf_census_mun,240,.22827969,.90004295,Random forest,Census agg.,Municipality
rf_census_mun,241,.22960682,.83667117,Random forest,Census agg.,Municipality
rf_census_mun,242,.22712332,.94511521,Random forest,Census agg.,Municipality
rf_census_mun,243,.22624008,.99938196,Random forest,Census agg.,Municipality
rf_census_mun,244,.22929107,.84351945,Random forest,Census agg.,Municipality
rf_census_mun,245,.22641326,.9800362,Random forest,Census agg.,Municipality
rf_census_mun,246,.22868666,.87727565,Random forest,Census agg.,Municipality
rf_census_mun,247,.22956301,.83205569,Random forest,Census agg.,Municipality
rf_census_mun,248,.22594456,.99843717,Random forest,Census agg.,Municipality
rf_census_mun,249,.22542025,1.0256313,Random forest,Census agg.,Municipality
rf_census_mun,250,.22975016,.82164615,Random forest,Census agg.,Municipality
rf_census_mun,251,.22554541,1.0203447,Random forest,Census agg.,Municipality
rf_census_mun,252,.22661683,.9701643,Random forest,Census agg.,Municipality
rf_census_mun,253,.22915673,.85589951,Random forest,Census agg.,Municipality
rf_census_mun,254,.22788675,.9164831,Random forest,Census agg.,Municipality
rf_census_mun,255,.23290065,.6887055,Random forest,Census agg.,Municipality
rf_census_mun,256,.22453217,1.0676218,Random forest,Census agg.,Municipality
rf_census_mun,257,.23302624,.67368788,Random forest,Census agg.,Municipality
rf_census_mun,258,.22869082,.86966729,Random forest,Census agg.,Municipality
rf_census_mun,259,.22652303,.9804188,Random forest,Census agg.,Municipality
rf_census_mun,260,.22428133,1.0860587,Random forest,Census agg.,Municipality
rf_census_mun,261,.22788359,.91397554,Random forest,Census agg.,Municipality
rf_census_mun,262,.22566137,1.0084636,Random forest,Census agg.,Municipality
rf_census_mun,263,.22600281,1.0025909,Random forest,Census agg.,Municipality
rf_census_mun,264,.23175526,.73599797,Random forest,Census agg.,Municipality
rf_census_mun,265,.22802413,.90818095,Random forest,Census agg.,Municipality
rf_census_mun,266,.22911826,.84488845,Random forest,Census agg.,Municipality
rf_census_mun,267,.22840466,.88140649,Random forest,Census agg.,Municipality
rf_census_mun,268,.22842774,.89897788,Random forest,Census agg.,Municipality
rf_census_mun,269,.22747588,.94050199,Random forest,Census agg.,Municipality
rf_census_mun,270,.22908737,.86313719,Random forest,Census agg.,Municipality
rf_census_mun,271,.228076,.89550728,Random forest,Census agg.,Municipality
rf_census_mun,272,.2282514,.90558726,Random forest,Census agg.,Municipality
rf_census_mun,273,.22737008,.93826979,Random forest,Census agg.,Municipality
rf_census_mun,274,.22832586,.90190965,Random forest,Census agg.,Municipality
rf_census_mun,275,.23090757,.77723414,Random forest,Census agg.,Municipality
rf_census_mun,276,.22394837,1.0977995,Random forest,Census agg.,Municipality
rf_census_mun,277,.22808792,.90384996,Random forest,Census agg.,Municipality
rf_census_mun,278,.22823112,.89915633,Random forest,Census agg.,Municipality
rf_census_mun,279,.22668862,.96495241,Random forest,Census agg.,Municipality
rf_census_mun,280,.22922151,.85209024,Random forest,Census agg.,Municipality
rf_census_mun,281,.23027296,.81282508,Random forest,Census agg.,Municipality
rf_census_mun,282,.23061,.79567277,Random forest,Census agg.,Municipality
rf_census_mun,283,.22678454,.97985601,Random forest,Census agg.,Municipality
rf_census_mun,284,.22844666,.89546508,Random forest,Census agg.,Municipality
rf_census_mun,285,.22925775,.85519075,Random forest,Census agg.,Municipality
rf_census_mun,286,.2239923,1.0912945,Random forest,Census agg.,Municipality
rf_census_mun,287,.22592637,1.0129393,Random forest,Census agg.,Municipality
rf_census_mun,288,.2277078,.92865163,Random forest,Census agg.,Municipality
rf_census_mun,289,.22621341,.97638369,Random forest,Census agg.,Municipality
rf_census_mun,290,.2264732,.97418344,Random forest,Census agg.,Municipality
rf_census_mun,291,.23010276,.81558532,Random forest,Census agg.,Municipality
rf_census_mun,292,.23118114,.75906581,Random forest,Census agg.,Municipality
rf_census_mun,293,.23228179,.71300715,Random forest,Census agg.,Municipality
rf_census_mun,294,.22473879,1.0594878,Random forest,Census agg.,Municipality
rf_census_mun,295,.22468723,1.0603766,Random forest,Census agg.,Municipality
rf_census_mun,296,.23025794,.80276167,Random forest,Census agg.,Municipality
rf_census_mun,297,.22730817,.94298846,Random forest,Census agg.,Municipality
rf_census_mun,298,.22723489,.94752812,Random forest,Census agg.,Municipality
rf_census_mun,299,.23190114,.72210985,Random forest,Census agg.,Municipality
rf_census_mun,300,.22876894,.87086183,Random forest,Census agg.,Municipality
rf_census_mun,301,.2272836,.9501372,Random forest,Census agg.,Municipality
rf_census_mun,302,.22866544,.8785733,Random forest,Census agg.,Municipality
rf_census_mun,303,.22651775,.96953428,Random forest,Census agg.,Municipality
rf_census_mun,304,.22767939,.91095364,Random forest,Census agg.,Municipality
rf_census_mun,305,.22758614,.92581904,Random forest,Census agg.,Municipality
rf_census_mun,306,.22861196,.88133347,Random forest,Census agg.,Municipality
rf_census_mun,307,.22920594,.85489142,Random forest,Census agg.,Municipality
rf_census_mun,308,.22952338,.84909856,Random forest,Census agg.,Municipality
rf_census_mun,309,.22888471,.85653353,Random forest,Census agg.,Municipality
rf_census_mun,310,.22695835,.9523409,Random forest,Census agg.,Municipality
rf_census_mun,311,.22941095,.85202122,Random forest,Census agg.,Municipality
rf_census_mun,312,.22855662,.88581669,Random forest,Census agg.,Municipality
rf_census_mun,313,.22769472,.91745239,Random forest,Census agg.,Municipality
rf_census_mun,314,.23256697,.68912858,Random forest,Census agg.,Municipality
rf_census_mun,315,.22673777,.958574,Random forest,Census agg.,Municipality
rf_census_mun,316,.22829229,.89740366,Random forest,Census agg.,Municipality
rf_census_mun,317,.23012231,.8057009,Random forest,Census agg.,Municipality
rf_census_mun,318,.22622551,.98078483,Random forest,Census agg.,Municipality
rf_census_mun,319,.2269004,.95252395,Random forest,Census agg.,Municipality
rf_census_mun,320,.22817999,.90567333,Random forest,Census agg.,Municipality
rf_census_mun,321,.22917503,.85376078,Random forest,Census agg.,Municipality
rf_census_mun,322,.22811459,.88320822,Random forest,Census agg.,Municipality
rf_census_mun,323,.23021966,.81600153,Random forest,Census agg.,Municipality
rf_census_mun,324,.22602428,1.0013428,Random forest,Census agg.,Municipality
rf_census_mun,325,.230721,.78319412,Random forest,Census agg.,Municipality
rf_census_mun,326,.22774175,.91458446,Random forest,Census agg.,Municipality
rf_census_mun,327,.22869013,.88569641,Random forest,Census agg.,Municipality
rf_census_mun,328,.22794154,.90341604,Random forest,Census agg.,Municipality
rf_census_mun,329,.2293155,.85207027,Random forest,Census agg.,Municipality
rf_census_mun,330,.2309615,.76160192,Random forest,Census agg.,Municipality
rf_census_mun,331,.22678107,.96743834,Random forest,Census agg.,Municipality
rf_census_mun,332,.23001665,.81541765,Random forest,Census agg.,Municipality
rf_census_mun,333,.22922027,.85387486,Random forest,Census agg.,Municipality
rf_census_mun,334,.22784214,.90938228,Random forest,Census agg.,Municipality
rf_census_mun,335,.22739354,.93463153,Random forest,Census agg.,Municipality
rf_census_mun,336,.23001473,.81482244,Random forest,Census agg.,Municipality
rf_census_mun,337,.22740546,.93379283,Random forest,Census agg.,Municipality
rf_census_mun,338,.22555651,1.0127997,Random forest,Census agg.,Municipality
rf_census_mun,339,.22981325,.82196373,Random forest,Census agg.,Municipality
rf_census_mun,340,.2289034,.86377978,Random forest,Census agg.,Municipality
rf_census_mun,341,.2268301,.95612913,Random forest,Census agg.,Municipality
rf_census_mun,342,.22857013,.87791932,Random forest,Census agg.,Municipality
rf_census_mun,343,.22962339,.83835089,Random forest,Census agg.,Municipality
rf_census_mun,344,.2294285,.83801568,Random forest,Census agg.,Municipality
rf_census_mun,345,.23473352,.59871894,Random forest,Census agg.,Municipality
rf_census_mun,346,.22809251,.91319954,Random forest,Census agg.,Municipality
rf_census_mun,347,.23018356,.80875015,Random forest,Census agg.,Municipality
rf_census_mun,348,.22795159,.91203129,Random forest,Census agg.,Municipality
rf_census_mun,349,.22481406,1.057243,Random forest,Census agg.,Municipality
rf_census_mun,350,.2282017,.8840726,Random forest,Census agg.,Municipality
rf_census_mun,351,.22870813,.86584377,Random forest,Census agg.,Municipality
rf_census_mun,352,.23060876,.79050308,Random forest,Census agg.,Municipality
rf_census_mun,353,.2252613,1.0393375,Random forest,Census agg.,Municipality
rf_census_mun,354,.22938512,.84374809,Random forest,Census agg.,Municipality
rf_census_mun,355,.22800408,.89969116,Random forest,Census agg.,Municipality
rf_census_mun,356,.22869454,.87727904,Random forest,Census agg.,Municipality
rf_census_mun,357,.2289186,.86400557,Random forest,Census agg.,Municipality
rf_census_mun,358,.22959094,.83175695,Random forest,Census agg.,Municipality
rf_census_mun,359,.2267876,.96394438,Random forest,Census agg.,Municipality
rf_census_mun,360,.22833727,.88920975,Random forest,Census agg.,Municipality
rf_census_mun,361,.23140916,.74927491,Random forest,Census agg.,Municipality
rf_census_mun,362,.2295292,.84294814,Random forest,Census agg.,Municipality
rf_census_mun,363,.23033743,.7976433,Random forest,Census agg.,Municipality
rf_census_mun,364,.22447218,1.0758305,Random forest,Census agg.,Municipality
rf_census_mun,365,.23046754,.79687923,Random forest,Census agg.,Municipality
rf_census_mun,366,.22841334,.88121778,Random forest,Census agg.,Municipality
rf_census_mun,367,.22946294,.84141785,Random forest,Census agg.,Municipality
rf_census_mun,368,.22680478,.96168196,Random forest,Census agg.,Municipality
rf_census_mun,369,.22789054,.92007065,Random forest,Census agg.,Municipality
rf_census_mun,370,.23002669,.81160551,Random forest,Census agg.,Municipality
rf_census_mun,371,.22773518,.9222663,Random forest,Census agg.,Municipality
rf_census_mun,372,.23102596,.76535475,Random forest,Census agg.,Municipality
rf_census_mun,373,.22641797,.97784108,Random forest,Census agg.,Municipality
rf_census_mun,374,.22473544,1.0643274,Random forest,Census agg.,Municipality
rf_census_mun,375,.23498376,.58690965,Random forest,Census agg.,Municipality
rf_census_mun,376,.22932029,.84702939,Random forest,Census agg.,Municipality
rf_census_mun,377,.22626106,.97589225,Random forest,Census agg.,Municipality
rf_census_mun,378,.22786261,.91648829,Random forest,Census agg.,Municipality
rf_census_mun,379,.22868127,.87988013,Random forest,Census agg.,Municipality
rf_census_mun,380,.22963518,.82806283,Random forest,Census agg.,Municipality
rf_census_mun,381,.22870031,.87693751,Random forest,Census agg.,Municipality
rf_census_mun,382,.22815946,.90140623,Random forest,Census agg.,Municipality
rf_census_mun,383,.22775924,.91815943,Random forest,Census agg.,Municipality
rf_census_mun,384,.23023176,.80499387,Random forest,Census agg.,Municipality
rf_census_mun,385,.22678009,.97087759,Random forest,Census agg.,Municipality
rf_census_mun,386,.22419043,1.0889802,Random forest,Census agg.,Municipality
rf_census_mun,387,.22971925,.82865751,Random forest,Census agg.,Municipality
rf_census_mun,388,.23079646,.77583784,Random forest,Census agg.,Municipality
rf_census_mun,389,.22999294,.81211412,Random forest,Census agg.,Municipality
rf_census_mun,390,.22738399,.92735791,Random forest,Census agg.,Municipality
rf_census_mun,391,.23065151,.78871107,Random forest,Census agg.,Municipality
rf_census_mun,392,.22751671,.92157698,Random forest,Census agg.,Municipality
rf_census_mun,393,.22644596,.97115755,Random forest,Census agg.,Municipality
rf_census_mun,394,.22726989,.94764447,Random forest,Census agg.,Municipality
rf_census_mun,395,.22627862,.99076504,Random forest,Census agg.,Municipality
rf_census_mun,396,.22835602,.88905871,Random forest,Census agg.,Municipality
rf_census_mun,397,.22766115,.92710418,Random forest,Census agg.,Municipality
rf_census_mun,398,.22818966,.89728218,Random forest,Census agg.,Municipality
rf_census_mun,399,.22784996,.90383226,Random forest,Census agg.,Municipality
rf_census_mun,400,.22784288,.90914679,Random forest,Census agg.,Municipality
rf_census_mun,401,.22861469,.88120067,Random forest,Census agg.,Municipality
rf_census_mun,402,.23001161,.81217283,Random forest,Census agg.,Municipality
rf_census_mun,403,.22898214,.86472052,Random forest,Census agg.,Municipality
rf_census_mun,404,.22533835,1.0156409,Random forest,Census agg.,Municipality
rf_census_mun,405,.22923461,.85865057,Random forest,Census agg.,Municipality
rf_census_mun,406,.22963369,.82859367,Random forest,Census agg.,Municipality
rf_census_mun,407,.22606827,.99826217,Random forest,Census agg.,Municipality
rf_census_mun,408,.22933915,.83968908,Random forest,Census agg.,Municipality
rf_census_mun,409,.2249299,1.0537137,Random forest,Census agg.,Municipality
rf_census_mun,410,.22881213,.88071203,Random forest,Census agg.,Municipality
rf_census_mun,411,.22953895,.83131617,Random forest,Census agg.,Municipality
rf_census_mun,412,.22936261,.8376205,Random forest,Census agg.,Municipality
rf_census_mun,413,.2305598,.79169077,Random forest,Census agg.,Municipality
rf_census_mun,414,.2296335,.82478034,Random forest,Census agg.,Municipality
rf_census_mun,415,.22702795,.94404268,Random forest,Census agg.,Municipality
rf_census_mun,416,.22686081,.96650326,Random forest,Census agg.,Municipality
rf_census_mun,417,.22975877,.83107215,Random forest,Census agg.,Municipality
rf_census_mun,418,.23038483,.79977626,Random forest,Census agg.,Municipality
rf_census_mun,419,.22529517,1.0366486,Random forest,Census agg.,Municipality
rf_census_mun,420,.22536281,1.0218385,Random forest,Census agg.,Municipality
rf_census_mun,421,.22525018,1.0288231,Random forest,Census agg.,Municipality
rf_census_mun,422,.22856399,.877608,Random forest,Census agg.,Municipality
rf_census_mun,423,.22751422,.93274772,Random forest,Census agg.,Municipality
rf_census_mun,424,.22942185,.83206081,Random forest,Census agg.,Municipality
rf_census_mun,425,.23037459,.80479145,Random forest,Census agg.,Municipality
rf_census_mun,426,.22909835,.86685812,Random forest,Census agg.,Municipality
rf_census_mun,427,.22787993,.92345858,Random forest,Census agg.,Municipality
rf_census_mun,428,.23186633,.72383976,Random forest,Census agg.,Municipality
rf_census_mun,429,.23202306,.72208935,Random forest,Census agg.,Municipality
rf_census_mun,430,.22593729,1.0032015,Random forest,Census agg.,Municipality
rf_census_mun,431,.22590113,.99941158,Random forest,Census agg.,Municipality
rf_census_mun,432,.22896649,.85756266,Random forest,Census agg.,Municipality
rf_census_mun,433,.22933109,.84986711,Random forest,Census agg.,Municipality
rf_census_mun,434,.22688538,.9577387,Random forest,Census agg.,Municipality
rf_census_mun,435,.22711185,.94618994,Random forest,Census agg.,Municipality
rf_census_mun,436,.22778797,.91460329,Random forest,Census agg.,Municipality
rf_census_mun,437,.22762343,.91915435,Random forest,Census agg.,Municipality
rf_census_mun,438,.23023157,.80745757,Random forest,Census agg.,Municipality
rf_census_mun,439,.23136188,.74948871,Random forest,Census agg.,Municipality
rf_census_mun,440,.22475332,1.0607923,Random forest,Census agg.,Municipality
rf_census_mun,441,.22813289,.89325911,Random forest,Census agg.,Municipality
rf_census_mun,442,.22970411,.83212125,Random forest,Census agg.,Municipality
rf_census_mun,443,.22663271,.9748106,Random forest,Census agg.,Municipality
rf_census_mun,444,.22469778,1.0661314,Random forest,Census agg.,Municipality
rf_census_mun,445,.23102038,.76969939,Random forest,Census agg.,Municipality
rf_census_mun,446,.22932662,.8514955,Random forest,Census agg.,Municipality
rf_census_mun,447,.22810094,.91050893,Random forest,Census agg.,Municipality
rf_census_mun,448,.22710161,.96175891,Random forest,Census agg.,Municipality
rf_census_mun,449,.2258871,1.0047842,Random forest,Census agg.,Municipality
rf_census_mun,450,.22801624,.90261328,Random forest,Census agg.,Municipality
rf_census_mun,451,.22863361,.87772834,Random forest,Census agg.,Municipality
rf_census_mun,452,.22674149,.9608193,Random forest,Census agg.,Municipality
rf_census_mun,453,.22890346,.87071985,Random forest,Census agg.,Municipality
rf_census_mun,454,.2269934,.94618595,Random forest,Census agg.,Municipality
rf_census_mun,455,.22929907,.84298921,Random forest,Census agg.,Municipality
rf_census_mun,456,.22658916,.97130752,Random forest,Census agg.,Municipality
rf_census_mun,457,.2289317,.86250544,Random forest,Census agg.,Municipality
rf_census_mun,458,.22878303,.87285912,Random forest,Census agg.,Municipality
rf_census_mun,459,.23060733,.79093069,Random forest,Census agg.,Municipality
rf_census_mun,460,.22726566,.9387607,Random forest,Census agg.,Municipality
rf_census_mun,461,.22665729,.97031713,Random forest,Census agg.,Municipality
rf_census_mun,462,.22943731,.8458041,Random forest,Census agg.,Municipality
rf_census_mun,463,.22762591,.91889322,Random forest,Census agg.,Municipality
rf_census_mun,464,.22925235,.84275031,Random forest,Census agg.,Municipality
rf_census_mun,465,.22558908,1.0100925,Random forest,Census agg.,Municipality
rf_census_mun,466,.229496,.84543294,Random forest,Census agg.,Municipality
rf_census_mun,467,.22981319,.8248511,Random forest,Census agg.,Municipality
rf_census_mun,468,.22644541,.98124665,Random forest,Census agg.,Municipality
rf_census_mun,469,.22825333,.88762075,Random forest,Census agg.,Municipality
rf_census_mun,470,.22443427,1.0726444,Random forest,Census agg.,Municipality
rf_census_mun,471,.22870453,.87382782,Random forest,Census agg.,Municipality
rf_census_mun,472,.22569519,1.0105555,Random forest,Census agg.,Municipality
rf_census_mun,473,.23075531,.78916091,Random forest,Census agg.,Municipality
rf_census_mun,474,.22775522,.92188317,Random forest,Census agg.,Municipality
rf_census_mun,475,.22600897,1.0103525,Random forest,Census agg.,Municipality
rf_census_mun,476,.22605097,1.0031849,Random forest,Census agg.,Municipality
rf_census_mun,477,.22987412,.81009513,Random forest,Census agg.,Municipality
rf_census_mun,478,.22618113,.99010307,Random forest,Census agg.,Municipality
rf_census_mun,479,.22749536,.92612922,Random forest,Census agg.,Municipality
rf_census_mun,480,.2312703,.76010466,Random forest,Census agg.,Municipality
rf_census_mun,481,.2272803,.93739116,Random forest,Census agg.,Municipality
rf_census_mun,482,.22766605,.90983498,Random forest,Census agg.,Municipality
rf_census_mun,483,.22549024,1.0312742,Random forest,Census agg.,Municipality
rf_census_mun,484,.23293267,.69205868,Random forest,Census agg.,Municipality
rf_census_mun,485,.22742946,.93087131,Random forest,Census agg.,Municipality
rf_census_mun,486,.23038043,.80410951,Random forest,Census agg.,Municipality
rf_census_mun,487,.23040879,.79867357,Random forest,Census agg.,Municipality
rf_census_mun,488,.22737965,.94448346,Random forest,Census agg.,Municipality
rf_census_mun,489,.22530635,1.0357375,Random forest,Census agg.,Municipality
rf_census_mun,490,.23289967,.67738545,Random forest,Census agg.,Municipality
rf_census_mun,491,.22827883,.89647657,Random forest,Census agg.,Municipality
rf_census_mun,492,.22952498,.83952087,Random forest,Census agg.,Municipality
rf_census_mun,493,.22697349,.95879632,Random forest,Census agg.,Municipality
rf_census_mun,494,.22551079,1.0214434,Random forest,Census agg.,Municipality
rf_census_mun,495,.22802587,.906142,Random forest,Census agg.,Municipality
rf_census_mun,496,.22867823,.86536372,Random forest,Census agg.,Municipality
rf_census_mun,497,.22594492,1.0023867,Random forest,Census agg.,Municipality
rf_census_mun,498,.22653531,.98048037,Random forest,Census agg.,Municipality
rf_census_mun,499,.22628476,.97409278,Random forest,Census agg.,Municipality
rf_census_mun,500,.23102789,.76176614,Random forest,Census agg.,Municipality
bart_census_psu,1,.22956507,.83502626,BART,Census agg.,Municipality
bart_census_psu,2,.22877167,.86805832,BART,Census agg.,Municipality
bart_census_psu,3,.22994162,.82019681,BART,Census agg.,Municipality
bart_census_psu,4,.22845213,.88495517,BART,Census agg.,Municipality
bart_census_psu,5,.23101108,.76779503,BART,Census agg.,Municipality
bart_census_psu,6,.22973464,.82803202,BART,Census agg.,Municipality
bart_census_psu,7,.23005636,.81636131,BART,Census agg.,Municipality
bart_census_psu,8,.22975834,.82783705,BART,Census agg.,Municipality
bart_census_psu,9,.22891699,.86654967,BART,Census agg.,Municipality
bart_census_psu,10,.22910368,.85404474,BART,Census agg.,Municipality
bart_census_psu,11,.22889285,.86364233,BART,Census agg.,Municipality
bart_census_psu,12,.23006541,.81313413,BART,Census agg.,Municipality
bart_census_psu,13,.22935461,.84389865,BART,Census agg.,Municipality
bart_census_psu,14,.22920531,.84998631,BART,Census agg.,Municipality
bart_census_psu,15,.22934163,.84921712,BART,Census agg.,Municipality
bart_census_psu,16,.22857288,.87661767,BART,Census agg.,Municipality
bart_census_psu,17,.22922343,.848952,BART,Census agg.,Municipality
bart_census_psu,18,.22937904,.84359699,BART,Census agg.,Municipality
bart_census_psu,19,.22897655,.86473876,BART,Census agg.,Municipality
bart_census_psu,20,.22869125,.87681037,BART,Census agg.,Municipality
bart_census_psu,21,.22923653,.85092992,BART,Census agg.,Municipality
bart_census_psu,22,.22853222,.88370311,BART,Census agg.,Municipality
bart_census_psu,23,.22869399,.87877399,BART,Census agg.,Municipality
bart_census_psu,24,.22908551,.85739106,BART,Census agg.,Municipality
bart_census_psu,25,.22909978,.85461777,BART,Census agg.,Municipality
bart_census_psu,26,.23095089,.77045947,BART,Census agg.,Municipality
bart_census_psu,27,.22819531,.90006745,BART,Census agg.,Municipality
bart_census_psu,28,.23230065,.71011358,BART,Census agg.,Municipality
bart_census_psu,29,.22820264,.89764196,BART,Census agg.,Municipality
bart_census_psu,30,.23153581,.74258226,BART,Census agg.,Municipality
bart_census_psu,31,.23111437,.76405531,BART,Census agg.,Municipality
bart_census_psu,32,.22947857,.84471679,BART,Census agg.,Municipality
bart_census_psu,33,.23044217,.79350561,BART,Census agg.,Municipality
bart_census_psu,34,.22961184,.83002931,BART,Census agg.,Municipality
bart_census_psu,35,.23090118,.7730822,BART,Census agg.,Municipality
bart_census_psu,36,.22961445,.82945234,BART,Census agg.,Municipality
bart_census_psu,37,.22922945,.84609151,BART,Census agg.,Municipality
bart_census_psu,38,.22977975,.82692933,BART,Census agg.,Municipality
bart_census_psu,39,.22835284,.88969386,BART,Census agg.,Municipality
bart_census_psu,40,.22953565,.83783376,BART,Census agg.,Municipality
bart_census_psu,41,.23150112,.74665785,BART,Census agg.,Municipality
bart_census_psu,42,.22840565,.87957108,BART,Census agg.,Municipality
bart_census_psu,43,.23039265,.79774308,BART,Census agg.,Municipality
bart_census_psu,44,.22947957,.84197319,BART,Census agg.,Municipality
bart_census_psu,45,.23048609,.79506612,BART,Census agg.,Municipality
bart_census_psu,46,.22776718,.91889495,BART,Census agg.,Municipality
bart_census_psu,47,.22993083,.81740928,BART,Census agg.,Municipality
bart_census_psu,48,.22887596,.86921632,BART,Census agg.,Municipality
bart_census_psu,49,.22939822,.84072679,BART,Census agg.,Municipality
bart_census_psu,50,.22936775,.8437863,BART,Census agg.,Municipality
bart_census_psu,51,.22830395,.89614302,BART,Census agg.,Municipality
bart_census_psu,52,.23015104,.80503947,BART,Census agg.,Municipality
bart_census_psu,53,.22964014,.83450115,BART,Census agg.,Municipality
bart_census_psu,54,.2270748,.94393665,BART,Census agg.,Municipality
bart_census_psu,55,.23044589,.79170954,BART,Census agg.,Municipality
bart_census_psu,56,.23023896,.80568206,BART,Census agg.,Municipality
bart_census_psu,57,.22861078,.87870842,BART,Census agg.,Municipality
bart_census_psu,58,.23120329,.75584263,BART,Census agg.,Municipality
bart_census_psu,59,.22868754,.87496984,BART,Census agg.,Municipality
bart_census_psu,60,.22824806,.89973789,BART,Census agg.,Municipality
bart_census_psu,61,.22993703,.82105488,BART,Census agg.,Municipality
bart_census_psu,62,.22878246,.86551535,BART,Census agg.,Municipality
bart_census_psu,63,.22874679,.87134188,BART,Census agg.,Municipality
bart_census_psu,64,.23137808,.75374216,BART,Census agg.,Municipality
bart_census_psu,65,.22881572,.86304766,BART,Census agg.,Municipality
bart_census_psu,66,.23042578,.79361051,BART,Census agg.,Municipality
bart_census_psu,67,.22948565,.83758289,BART,Census agg.,Municipality
bart_census_psu,68,.23104371,.76605946,BART,Census agg.,Municipality
bart_census_psu,69,.23038483,.80073303,BART,Census agg.,Municipality
bart_census_psu,70,.23024082,.80200964,BART,Census agg.,Municipality
bart_census_psu,71,.23123717,.75839072,BART,Census agg.,Municipality
bart_census_psu,72,.23065381,.78783184,BART,Census agg.,Municipality
bart_census_psu,73,.23017269,.80330104,BART,Census agg.,Municipality
bart_census_psu,74,.22951263,.8360554,BART,Census agg.,Municipality
bart_census_psu,75,.22831413,.89110732,BART,Census agg.,Municipality
bart_census_psu,76,.22907346,.85992432,BART,Census agg.,Municipality
bart_census_psu,77,.22813022,.90040499,BART,Census agg.,Municipality
bart_census_psu,78,.22999965,.81826222,BART,Census agg.,Municipality
bart_census_psu,79,.22973929,.82959884,BART,Census agg.,Municipality
bart_census_psu,80,.22938928,.84652197,BART,Census agg.,Municipality
bart_census_psu,81,.22967277,.83118331,BART,Census agg.,Municipality
bart_census_psu,82,.22878848,.86846197,BART,Census agg.,Municipality
bart_census_psu,83,.23014979,.80886757,BART,Census agg.,Municipality
bart_census_psu,84,.2311258,.76955742,BART,Census agg.,Municipality
bart_census_psu,85,.23007621,.81173325,BART,Census agg.,Municipality
bart_census_psu,86,.22916666,.85261023,BART,Census agg.,Municipality
bart_census_psu,87,.23211117,.71598798,BART,Census agg.,Municipality
bart_census_psu,88,.2298748,.81837171,BART,Census agg.,Municipality
bart_census_psu,89,.23009035,.81477052,BART,Census agg.,Municipality
bart_census_psu,90,.22852683,.87445617,BART,Census agg.,Municipality
bart_census_psu,91,.22885047,.86730969,BART,Census agg.,Municipality
bart_census_psu,92,.22759804,.93050981,BART,Census agg.,Municipality
bart_census_psu,93,.22834639,.88964081,BART,Census agg.,Municipality
bart_census_psu,94,.23001292,.81213695,BART,Census agg.,Municipality
bart_census_psu,95,.22984049,.82043171,BART,Census agg.,Municipality
bart_census_psu,96,.22994311,.81264436,BART,Census agg.,Municipality
bart_census_psu,97,.22955526,.83679038,BART,Census agg.,Municipality
bart_census_psu,98,.22872321,.87137324,BART,Census agg.,Municipality
bart_census_psu,99,.22834527,.89484417,BART,Census agg.,Municipality
bart_census_psu,100,.22846968,.88447171,BART,Census agg.,Municipality
bart_census_psu,101,.23089865,.77890819,BART,Census agg.,Municipality
bart_census_psu,102,.22872631,.87391275,BART,Census agg.,Municipality
bart_census_psu,103,.2299446,.81863737,BART,Census agg.,Municipality
bart_census_psu,104,.22975455,.82953787,BART,Census agg.,Municipality
bart_census_psu,105,.2303507,.80545628,BART,Census agg.,Municipality
bart_census_psu,106,.22936665,.84502071,BART,Census agg.,Municipality
bart_census_psu,107,.23046407,.79730064,BART,Census agg.,Municipality
bart_census_psu,108,.23050104,.7905829,BART,Census agg.,Municipality
bart_census_psu,109,.22984341,.81860203,BART,Census agg.,Municipality
bart_census_psu,110,.2306754,.78489894,BART,Census agg.,Municipality
bart_census_psu,111,.22850083,.88100165,BART,Census agg.,Municipality
bart_census_psu,112,.22841948,.88273782,BART,Census agg.,Municipality
bart_census_psu,113,.22920668,.85372889,BART,Census agg.,Municipality
bart_census_psu,114,.22935019,.84774727,BART,Census agg.,Municipality
bart_census_psu,115,.22899783,.86146891,BART,Census agg.,Municipality
bart_census_psu,116,.22974104,.8294751,BART,Census agg.,Municipality
bart_census_psu,117,.23008868,.81398994,BART,Census agg.,Municipality
bart_census_psu,118,.22978979,.82440692,BART,Census agg.,Municipality
bart_census_psu,119,.22886282,.86554843,BART,Census agg.,Municipality
bart_census_psu,120,.23072907,.78208512,BART,Census agg.,Municipality
bart_census_psu,121,.22936502,.84300971,BART,Census agg.,Municipality
bart_census_psu,122,.22955725,.83151972,BART,Census agg.,Municipality
bart_census_psu,123,.22843425,.88759506,BART,Census agg.,Municipality
bart_census_psu,124,.23100021,.76415509,BART,Census agg.,Municipality
bart_census_psu,125,.23028716,.79851675,BART,Census agg.,Municipality
bart_census_psu,126,.2306744,.78537726,BART,Census agg.,Municipality
bart_census_psu,127,.23100226,.77290946,BART,Census agg.,Municipality
bart_census_psu,128,.22795315,.91181976,BART,Census agg.,Municipality
bart_census_psu,129,.22924577,.84943497,BART,Census agg.,Municipality
bart_census_psu,130,.22984278,.82719272,BART,Census agg.,Municipality
bart_census_psu,131,.22923845,.84923482,BART,Census agg.,Municipality
bart_census_psu,132,.22982752,.82336235,BART,Census agg.,Municipality
bart_census_psu,133,.22935647,.84315568,BART,Census agg.,Municipality
bart_census_psu,134,.22860086,.8763622,BART,Census agg.,Municipality
bart_census_psu,135,.23077306,.77359766,BART,Census agg.,Municipality
bart_census_psu,136,.22825035,.89549243,BART,Census agg.,Municipality
bart_census_psu,137,.22988802,.81687957,BART,Census agg.,Municipality
bart_census_psu,138,.22855066,.87880421,BART,Census agg.,Municipality
bart_census_psu,139,.23209701,.71879607,BART,Census agg.,Municipality
bart_census_psu,140,.22962953,.83402622,BART,Census agg.,Municipality
bart_census_psu,141,.23031758,.80359411,BART,Census agg.,Municipality
bart_census_psu,142,.22904034,.86158693,BART,Census agg.,Municipality
bart_census_psu,143,.22871,.87077284,BART,Census agg.,Municipality
bart_census_psu,144,.22857156,.88243109,BART,Census agg.,Municipality
bart_census_psu,145,.22819507,.89916205,BART,Census agg.,Municipality
bart_census_psu,146,.23106927,.76739711,BART,Census agg.,Municipality
bart_census_psu,147,.22959323,.83487177,BART,Census agg.,Municipality
bart_census_psu,148,.22859465,.8835634,BART,Census agg.,Municipality
bart_census_psu,149,.22895949,.863554,BART,Census agg.,Municipality
bart_census_psu,150,.22953299,.8397153,BART,Census agg.,Municipality
bart_census_psu,151,.23086135,.77765322,BART,Census agg.,Municipality
bart_census_psu,152,.22985594,.82227451,BART,Census agg.,Municipality
bart_census_psu,153,.22970311,.83564091,BART,Census agg.,Municipality
bart_census_psu,154,.22882062,.86992502,BART,Census agg.,Municipality
bart_census_psu,155,.22980574,.82420337,BART,Census agg.,Municipality
bart_census_psu,156,.22913098,.85818303,BART,Census agg.,Municipality
bart_census_psu,157,.22976398,.82334524,BART,Census agg.,Municipality
bart_census_psu,158,.23006362,.81369805,BART,Census agg.,Municipality
bart_census_psu,159,.23013596,.81142932,BART,Census agg.,Municipality
bart_census_psu,160,.22988069,.82030171,BART,Census agg.,Municipality
bart_census_psu,161,.22956315,.83565974,BART,Census agg.,Municipality
bart_census_psu,162,.22944476,.84404457,BART,Census agg.,Municipality
bart_census_psu,163,.2296384,.83338362,BART,Census agg.,Municipality
bart_census_psu,164,.22937688,.84370875,BART,Census agg.,Municipality
bart_census_psu,165,.22974251,.83128428,BART,Census agg.,Municipality
bart_census_psu,166,.22905399,.8589077,BART,Census agg.,Municipality
bart_census_psu,167,.22909127,.85929257,BART,Census agg.,Municipality
bart_census_psu,168,.23229104,.70842361,BART,Census agg.,Municipality
bart_census_psu,169,.22964802,.83069527,BART,Census agg.,Municipality
bart_census_psu,170,.22898753,.86449873,BART,Census agg.,Municipality
bart_census_psu,171,.22877136,.86934799,BART,Census agg.,Municipality
bart_census_psu,172,.2308799,.77447742,BART,Census agg.,Municipality
bart_census_psu,173,.23026775,.80370247,BART,Census agg.,Municipality
bart_census_psu,174,.22910225,.85504937,BART,Census agg.,Municipality
bart_census_psu,175,.23022984,.80692047,BART,Census agg.,Municipality
bart_census_psu,176,.22949396,.84178162,BART,Census agg.,Municipality
bart_census_psu,177,.22967111,.83124208,BART,Census agg.,Municipality
bart_census_psu,178,.22861041,.87635082,BART,Census agg.,Municipality
bart_census_psu,179,.22988094,.82439035,BART,Census agg.,Municipality
bart_census_psu,180,.22756895,.92144758,BART,Census agg.,Municipality
bart_census_psu,181,.23044768,.80227816,BART,Census agg.,Municipality
bart_census_psu,182,.23035802,.79622072,BART,Census agg.,Municipality
bart_census_psu,183,.23032737,.79960692,BART,Census agg.,Municipality
bart_census_psu,184,.22985265,.82027602,BART,Census agg.,Municipality
bart_census_psu,185,.22990558,.81929082,BART,Census agg.,Municipality
bart_census_psu,186,.23100647,.76715475,BART,Census agg.,Municipality
bart_census_psu,187,.22918652,.85113692,BART,Census agg.,Municipality
bart_census_psu,188,.2276068,.92333198,BART,Census agg.,Municipality
bart_census_psu,189,.22974239,.82505119,BART,Census agg.,Municipality
bart_census_psu,190,.23042138,.79627091,BART,Census agg.,Municipality
bart_census_psu,191,.23064741,.78347462,BART,Census agg.,Municipality
bart_census_psu,192,.23129407,.75298899,BART,Census agg.,Municipality
bart_census_psu,193,.22776248,.91815203,BART,Census agg.,Municipality
bart_census_psu,194,.22921835,.85521185,BART,Census agg.,Municipality
bart_census_psu,195,.22979489,.82518345,BART,Census agg.,Municipality
bart_census_psu,196,.22968332,.82857138,BART,Census agg.,Municipality
bart_census_psu,197,.22837698,.88099766,BART,Census agg.,Municipality
bart_census_psu,198,.23044768,.79681313,BART,Census agg.,Municipality
bart_census_psu,199,.23115887,.76615071,BART,Census agg.,Municipality
bart_census_psu,200,.22911845,.85918653,BART,Census agg.,Municipality
bart_census_psu,201,.23035604,.79744089,BART,Census agg.,Municipality
bart_census_psu,202,.23013447,.80806875,BART,Census agg.,Municipality
bart_census_psu,203,.22936969,.84801924,BART,Census agg.,Municipality
bart_census_psu,204,.22903425,.86057884,BART,Census agg.,Municipality
bart_census_psu,205,.2307349,.78086782,BART,Census agg.,Municipality
bart_census_psu,206,.22973011,.82868427,BART,Census agg.,Municipality
bart_census_psu,207,.22992165,.81711733,BART,Census agg.,Municipality
bart_census_psu,208,.23008968,.81309879,BART,Census agg.,Municipality
bart_census_psu,209,.23001732,.81679863,BART,Census agg.,Municipality
bart_census_psu,210,.2286503,.87881452,BART,Census agg.,Municipality
bart_census_psu,211,.22837259,.88935745,BART,Census agg.,Municipality
bart_census_psu,212,.22926289,.84506005,BART,Census agg.,Municipality
bart_census_psu,213,.22920129,.84816915,BART,Census agg.,Municipality
bart_census_psu,214,.22905876,.85466623,BART,Census agg.,Municipality
bart_census_psu,215,.22816007,.90001673,BART,Census agg.,Municipality
bart_census_psu,216,.22796729,.90992564,BART,Census agg.,Municipality
bart_census_psu,217,.22889124,.86814839,BART,Census agg.,Municipality
bart_census_psu,218,.23062155,.78457165,BART,Census agg.,Municipality
bart_census_psu,219,.2297852,.8313219,BART,Census agg.,Municipality
bart_census_psu,220,.22988169,.81643486,BART,Census agg.,Municipality
bart_census_psu,221,.22971839,.8342725,BART,Census agg.,Municipality
bart_census_psu,222,.2299438,.81463313,BART,Census agg.,Municipality
bart_census_psu,223,.22916964,.85831356,BART,Census agg.,Municipality
bart_census_psu,224,.2273488,.93572909,BART,Census agg.,Municipality
bart_census_psu,225,.23231468,.70757121,BART,Census agg.,Municipality
bart_census_psu,226,.23128147,.75202423,BART,Census agg.,Municipality
bart_census_psu,227,.23047896,.79178542,BART,Census agg.,Municipality
bart_census_psu,228,.22857293,.87398463,BART,Census agg.,Municipality
bart_census_psu,229,.23160678,.74065173,BART,Census agg.,Municipality
bart_census_psu,230,.23002924,.81715208,BART,Census agg.,Municipality
bart_census_psu,231,.23061857,.78547078,BART,Census agg.,Municipality
bart_census_psu,232,.22869733,.86821055,BART,Census agg.,Municipality
bart_census_psu,233,.23031795,.79989773,BART,Census agg.,Municipality
bart_census_psu,234,.22834572,.89593375,BART,Census agg.,Municipality
bart_census_psu,235,.22950475,.83863026,BART,Census agg.,Municipality
bart_census_psu,236,.22833882,.89234686,BART,Census agg.,Municipality
bart_census_psu,237,.23014267,.80682755,BART,Census agg.,Municipality
bart_census_psu,238,.22910368,.85069728,BART,Census agg.,Municipality
bart_census_psu,239,.229206,.85090482,BART,Census agg.,Municipality
bart_census_psu,240,.23131832,.75425929,BART,Census agg.,Municipality
bart_census_psu,241,.23007962,.80937445,BART,Census agg.,Municipality
bart_census_psu,242,.22951587,.83656114,BART,Census agg.,Municipality
bart_census_psu,243,.2280263,.90995872,BART,Census agg.,Municipality
bart_census_psu,244,.22882558,.87054652,BART,Census agg.,Municipality
bart_census_psu,245,.22911659,.85883015,BART,Census agg.,Municipality
bart_census_psu,246,.22960998,.82747614,BART,Census agg.,Municipality
bart_census_psu,247,.23086706,.77915394,BART,Census agg.,Municipality
bart_census_psu,248,.22833349,.89021099,BART,Census agg.,Municipality
bart_census_psu,249,.229727,.82904011,BART,Census agg.,Municipality
bart_census_psu,250,.23083156,.77773535,BART,Census agg.,Municipality
bart_census_psu,251,.23100804,.76597053,BART,Census agg.,Municipality
bart_census_psu,252,.22996533,.81851709,BART,Census agg.,Municipality
bart_census_psu,253,.22885971,.87232769,BART,Census agg.,Municipality
bart_census_psu,254,.22981648,.82620579,BART,Census agg.,Municipality
bart_census_psu,255,.23009209,.80729508,BART,Census agg.,Municipality
bart_census_psu,256,.22815858,.89784384,BART,Census agg.,Municipality
bart_census_psu,257,.23057935,.78846186,BART,Census agg.,Municipality
bart_census_psu,258,.22871774,.87188756,BART,Census agg.,Municipality
bart_census_psu,259,.22993548,.82052749,BART,Census agg.,Municipality
bart_census_psu,260,.22760779,.92199379,BART,Census agg.,Municipality
bart_census_psu,261,.22894286,.86479354,BART,Census agg.,Municipality
bart_census_psu,262,.22883123,.87563294,BART,Census agg.,Municipality
bart_census_psu,263,.22989906,.81317347,BART,Census agg.,Municipality
bart_census_psu,264,.23098898,.76789999,BART,Census agg.,Municipality
bart_census_psu,265,.2315837,.74375457,BART,Census agg.,Municipality
bart_census_psu,266,.23085986,.77422655,BART,Census agg.,Municipality
bart_census_psu,267,.22774051,.91991323,BART,Census agg.,Municipality
bart_census_psu,268,.22914438,.85600096,BART,Census agg.,Municipality
bart_census_psu,269,.22905913,.85764706,BART,Census agg.,Municipality
bart_census_psu,270,.22812806,.89833927,BART,Census agg.,Municipality
bart_census_psu,271,.22988938,.81952971,BART,Census agg.,Municipality
bart_census_psu,272,.23004891,.80790228,BART,Census agg.,Municipality
bart_census_psu,273,.2281803,.89719778,BART,Census agg.,Municipality
bart_census_psu,274,.22893213,.86429805,BART,Census agg.,Municipality
bart_census_psu,275,.22966707,.82911134,BART,Census agg.,Municipality
bart_census_psu,276,.22827895,.89292669,BART,Census agg.,Municipality
bart_census_psu,277,.23020427,.8038547,BART,Census agg.,Municipality
bart_census_psu,278,.23054869,.78437549,BART,Census agg.,Municipality
bart_census_psu,279,.23000157,.80996633,BART,Census agg.,Municipality
bart_census_psu,280,.23029511,.80365568,BART,Census agg.,Municipality
bart_census_psu,281,.23027973,.80208886,BART,Census agg.,Municipality
bart_census_psu,282,.23014185,.81280285,BART,Census agg.,Municipality
bart_census_psu,283,.22975269,.82769221,BART,Census agg.,Municipality
bart_census_psu,284,.22908761,.85952288,BART,Census agg.,Municipality
bart_census_psu,285,.23066336,.78504431,BART,Census agg.,Municipality
bart_census_psu,286,.22854401,.88289744,BART,Census agg.,Municipality
bart_census_psu,287,.22887702,.86277568,BART,Census agg.,Municipality
bart_census_psu,288,.22994319,.81808263,BART,Census agg.,Municipality
bart_census_psu,289,.22797343,.90537572,BART,Census agg.,Municipality
bart_census_psu,290,.22869635,.87511581,BART,Census agg.,Municipality
bart_census_psu,291,.23015513,.80668384,BART,Census agg.,Municipality
bart_census_psu,292,.23180787,.73343623,BART,Census agg.,Municipality
bart_census_psu,293,.23089926,.77608812,BART,Census agg.,Municipality
bart_census_psu,294,.22776787,.9201299,BART,Census agg.,Municipality
bart_census_psu,295,.22607796,.99419057,BART,Census agg.,Municipality
bart_census_psu,296,.23137529,.75028753,BART,Census agg.,Municipality
bart_census_psu,297,.22872904,.87532961,BART,Census agg.,Municipality
bart_census_psu,298,.23164818,.73858827,BART,Census agg.,Municipality
bart_census_psu,299,.22942019,.84133232,BART,Census agg.,Municipality
bart_census_psu,300,.23018944,.8120451,BART,Census agg.,Municipality
bart_census_psu,301,.23031466,.80041713,BART,Census agg.,Municipality
bart_census_psu,302,.23027867,.79834974,BART,Census agg.,Municipality
bart_census_psu,303,.22994566,.81423342,BART,Census agg.,Municipality
bart_census_psu,304,.22922386,.85166091,BART,Census agg.,Municipality
bart_census_psu,305,.22940157,.83806866,BART,Census agg.,Municipality
bart_census_psu,306,.23142114,.7532438,BART,Census agg.,Municipality
bart_census_psu,307,.2294396,.84417456,BART,Census agg.,Municipality
bart_census_psu,308,.23092899,.77489138,BART,Census agg.,Municipality
bart_census_psu,309,.23035623,.79838395,BART,Census agg.,Municipality
bart_census_psu,310,.22931091,.84571064,BART,Census agg.,Municipality
bart_census_psu,311,.23133507,.75844318,BART,Census agg.,Municipality
bart_census_psu,312,.22920737,.85393697,BART,Census agg.,Municipality
bart_census_psu,313,.23117997,.76123643,BART,Census agg.,Municipality
bart_census_psu,314,.23045835,.79402786,BART,Census agg.,Municipality
bart_census_psu,315,.22888137,.86509287,BART,Census agg.,Municipality
bart_census_psu,316,.22861822,.88464957,BART,Census agg.,Municipality
bart_census_psu,317,.22932364,.84671181,BART,Census agg.,Municipality
bart_census_psu,318,.22899312,.86200082,BART,Census agg.,Municipality
bart_census_psu,319,.23108354,.76958311,BART,Census agg.,Municipality
bart_census_psu,320,.22907025,.86047679,BART,Census agg.,Municipality
bart_census_psu,321,.22919025,.85369694,BART,Census agg.,Municipality
bart_census_psu,322,.23040232,.79663694,BART,Census agg.,Municipality
bart_census_psu,323,.23030715,.8047139,BART,Census agg.,Municipality
bart_census_psu,324,.22877979,.87248909,BART,Census agg.,Municipality
bart_census_psu,325,.23042938,.79676181,BART,Census agg.,Municipality
bart_census_psu,326,.23005009,.80635142,BART,Census agg.,Municipality
bart_census_psu,327,.22909933,.85461944,BART,Census agg.,Municipality
bart_census_psu,328,.22854842,.8826369,BART,Census agg.,Municipality
bart_census_psu,329,.23032768,.79689807,BART,Census agg.,Municipality
bart_census_psu,330,.23060541,.7889505,BART,Census agg.,Municipality
bart_census_psu,331,.23035331,.79970384,BART,Census agg.,Municipality
bart_census_psu,332,.23003216,.814807,BART,Census agg.,Municipality
bart_census_psu,333,.22855544,.88817209,BART,Census agg.,Municipality
bart_census_psu,334,.23057687,.78588873,BART,Census agg.,Municipality
bart_census_psu,335,.22858186,.8794924,BART,Census agg.,Municipality
bart_census_psu,336,.23080581,.77552825,BART,Census agg.,Municipality
bart_census_psu,337,.23076692,.78080058,BART,Census agg.,Municipality
bart_census_psu,338,.22904938,.8615436,BART,Census agg.,Municipality
bart_census_psu,339,.22996254,.8145687,BART,Census agg.,Municipality
bart_census_psu,340,.22984868,.82419026,BART,Census agg.,Municipality
bart_census_psu,341,.2297432,.8273735,BART,Census agg.,Municipality
bart_census_psu,342,.22897245,.86277401,BART,Census agg.,Municipality
bart_census_psu,343,.2296935,.82662261,BART,Census agg.,Municipality
bart_census_psu,344,.23037794,.80081624,BART,Census agg.,Municipality
bart_census_psu,345,.2308083,.7720502,BART,Census agg.,Municipality
bart_census_psu,346,.229984,.81134379,BART,Census agg.,Municipality
bart_census_psu,347,.23068142,.78338057,BART,Census agg.,Municipality
bart_census_psu,348,.22993244,.81934839,BART,Census agg.,Municipality
bart_census_psu,349,.22809976,.89733124,BART,Census agg.,Municipality
bart_census_psu,350,.22874722,.86449647,BART,Census agg.,Municipality
bart_census_psu,351,.2297473,.82512134,BART,Census agg.,Municipality
bart_census_psu,352,.22970808,.83314985,BART,Census agg.,Municipality
bart_census_psu,353,.22832419,.88950342,BART,Census agg.,Municipality
bart_census_psu,354,.2301452,.81175774,BART,Census agg.,Municipality
bart_census_psu,355,.22837643,.88957697,BART,Census agg.,Municipality
bart_census_psu,356,.22942348,.8438952,BART,Census agg.,Municipality
bart_census_psu,357,.22891897,.86646354,BART,Census agg.,Municipality
bart_census_psu,358,.23147617,.74449176,BART,Census agg.,Municipality
bart_census_psu,359,.22964361,.8327564,BART,Census agg.,Municipality
bart_census_psu,360,.22775143,.91674596,BART,Census agg.,Municipality
bart_census_psu,361,.22966328,.83169192,BART,Census agg.,Municipality
bart_census_psu,362,.22962159,.83343381,BART,Census agg.,Municipality
bart_census_psu,363,.23057805,.78166378,BART,Census agg.,Municipality
bart_census_psu,364,.22894609,.85872865,BART,Census agg.,Municipality
bart_census_psu,365,.23008117,.8103711,BART,Census agg.,Municipality
bart_census_psu,366,.23069587,.77725357,BART,Census agg.,Municipality
bart_census_psu,367,.22928269,.85274476,BART,Census agg.,Municipality
bart_census_psu,368,.22932984,.84600085,BART,Census agg.,Municipality
bart_census_psu,369,.22923826,.84538335,BART,Census agg.,Municipality
bart_census_psu,370,.22984017,.82422274,BART,Census agg.,Municipality
bart_census_psu,371,.2278105,.92219508,BART,Census agg.,Municipality
bart_census_psu,372,.23090881,.77276009,BART,Census agg.,Municipality
bart_census_psu,373,.22926512,.85028505,BART,Census agg.,Municipality
bart_census_psu,374,.22797573,.90877903,BART,Census agg.,Municipality
bart_census_psu,375,.2293077,.84710127,BART,Census agg.,Municipality
bart_census_psu,376,.22968134,.82942265,BART,Census agg.,Municipality
bart_census_psu,377,.227741,.91775686,BART,Census agg.,Municipality
bart_census_psu,378,.23074681,.77551854,BART,Census agg.,Municipality
bart_census_psu,379,.23021384,.80745357,BART,Census agg.,Municipality
bart_census_psu,380,.23089969,.77121836,BART,Census agg.,Municipality
bart_census_psu,381,.22826461,.89268953,BART,Census agg.,Municipality
bart_census_psu,382,.22982331,.82570004,BART,Census agg.,Municipality
bart_census_psu,383,.22801526,.89966547,BART,Census agg.,Municipality
bart_census_psu,384,.23116452,.76579946,BART,Census agg.,Municipality
bart_census_psu,385,.22917821,.85255378,BART,Census agg.,Municipality
bart_census_psu,386,.22900516,.86457002,BART,Census agg.,Municipality
bart_census_psu,387,.2295807,.83865136,BART,Census agg.,Municipality
bart_census_psu,388,.23046096,.79294741,BART,Census agg.,Municipality
bart_census_psu,389,.23010866,.81001532,BART,Census agg.,Municipality
bart_census_psu,390,.22931483,.84408849,BART,Census agg.,Municipality
bart_census_psu,391,.22983553,.82394677,BART,Census agg.,Municipality
bart_census_psu,392,.22695984,.9502427,BART,Census agg.,Municipality
bart_census_psu,393,.2286495,.87268692,BART,Census agg.,Municipality
bart_census_psu,394,.22943719,.83989722,BART,Census agg.,Municipality
bart_census_psu,395,.22954831,.83237952,BART,Census agg.,Municipality
bart_census_psu,396,.23077467,.77902448,BART,Census agg.,Municipality
bart_census_psu,397,.23018336,.80482167,BART,Census agg.,Municipality
bart_census_psu,398,.23026998,.80503434,BART,Census agg.,Municipality
bart_census_psu,399,.22876,.86974597,BART,Census agg.,Municipality
bart_census_psu,400,.22930782,.84963453,BART,Census agg.,Municipality
bart_census_psu,401,.22951065,.84266478,BART,Census agg.,Municipality
bart_census_psu,402,.23133241,.74827367,BART,Census agg.,Municipality
bart_census_psu,403,.22801203,.90299183,BART,Census agg.,Municipality
bart_census_psu,404,.22995391,.80875868,BART,Census agg.,Municipality
bart_census_psu,405,.23016003,.81218368,BART,Census agg.,Municipality
bart_census_psu,406,.23175737,.73044914,BART,Census agg.,Municipality
bart_census_psu,407,.22884786,.86964905,BART,Census agg.,Municipality
bart_census_psu,408,.22955899,.83728528,BART,Census agg.,Municipality
bart_census_psu,409,.22885959,.87005675,BART,Census agg.,Municipality
bart_census_psu,410,.23070307,.78523874,BART,Census agg.,Municipality
bart_census_psu,411,.22891717,.86446565,BART,Census agg.,Municipality
bart_census_psu,412,.23117618,.76428109,BART,Census agg.,Municipality
bart_census_psu,413,.2301823,.80723751,BART,Census agg.,Municipality
bart_census_psu,414,.22914414,.8574509,BART,Census agg.,Municipality
bart_census_psu,415,.22887634,.86420566,BART,Census agg.,Municipality
bart_census_psu,416,.23135184,.75100195,BART,Census agg.,Municipality
bart_census_psu,417,.23012641,.81055754,BART,Census agg.,Municipality
bart_census_psu,418,.22891736,.86613339,BART,Census agg.,Municipality
bart_census_psu,419,.22906999,.86496174,BART,Census agg.,Municipality
bart_census_psu,420,.23016673,.80507481,BART,Census agg.,Municipality
bart_census_psu,421,.22929621,.84574765,BART,Census agg.,Municipality
bart_census_psu,422,.23093109,.77761334,BART,Census agg.,Municipality
bart_census_psu,423,.22981021,.82595664,BART,Census agg.,Municipality
bart_census_psu,424,.23126696,.75827897,BART,Census agg.,Municipality
bart_census_psu,425,.22998761,.8134945,BART,Census agg.,Municipality
bart_census_psu,426,.22967929,.83214694,BART,Census agg.,Municipality
bart_census_psu,427,.22973147,.82946658,BART,Census agg.,Municipality
bart_census_psu,428,.23055491,.7875576,BART,Census agg.,Municipality
bart_census_psu,429,.23005858,.81558931,BART,Census agg.,Municipality
bart_census_psu,430,.22885406,.86607015,BART,Census agg.,Municipality
bart_census_psu,431,.22967885,.82456142,BART,Census agg.,Municipality
bart_census_psu,432,.22920705,.84870857,BART,Census agg.,Municipality
bart_census_psu,433,.22998308,.81530589,BART,Census agg.,Municipality
bart_census_psu,434,.22868058,.87562555,BART,Census agg.,Municipality
bart_census_psu,435,.22837643,.89043736,BART,Census agg.,Municipality
bart_census_psu,436,.22810572,.90052933,BART,Census agg.,Municipality
bart_census_psu,437,.22832859,.89015454,BART,Census agg.,Municipality
bart_census_psu,438,.22993772,.81764531,BART,Census agg.,Municipality
bart_census_psu,439,.23091459,.7692433,BART,Census agg.,Municipality
bart_census_psu,440,.23018523,.81262785,BART,Census agg.,Municipality
bart_census_psu,441,.23015836,.80387747,BART,Census agg.,Municipality
bart_census_psu,442,.23084994,.77541649,BART,Census agg.,Municipality
bart_census_psu,443,.22829236,.89271289,BART,Census agg.,Municipality
bart_census_psu,444,.22778989,.91797298,BART,Census agg.,Municipality
bart_census_psu,445,.23202237,.72139776,BART,Census agg.,Municipality
bart_census_psu,446,.22938965,.8433997,BART,Census agg.,Municipality
bart_census_psu,447,.22903158,.85930741,BART,Census agg.,Municipality
bart_census_psu,448,.22894162,.86655819,BART,Census agg.,Municipality
bart_census_psu,449,.22755703,.92925143,BART,Census agg.,Municipality
bart_census_psu,450,.22917646,.85184735,BART,Census agg.,Municipality
bart_census_psu,451,.23068942,.78169626,BART,Census agg.,Municipality
bart_census_psu,452,.22827666,.89187759,BART,Census agg.,Municipality
bart_census_psu,453,.23075835,.78092885,BART,Census agg.,Municipality
bart_census_psu,454,.22953758,.83793014,BART,Census agg.,Municipality
bart_census_psu,455,.23099327,.76550353,BART,Census agg.,Municipality
bart_census_psu,456,.22890507,.86402094,BART,Census agg.,Municipality
bart_census_psu,457,.22886784,.86254191,BART,Census agg.,Municipality
bart_census_psu,458,.23160996,.74380302,BART,Census agg.,Municipality
bart_census_psu,459,.22936602,.8499344,BART,Census agg.,Municipality
bart_census_psu,460,.22904083,.85966998,BART,Census agg.,Municipality
bart_census_psu,461,.22837555,.89399004,BART,Census agg.,Municipality
bart_census_psu,462,.23017195,.80766684,BART,Census agg.,Municipality
bart_census_psu,463,.22977112,.82431114,BART,Census agg.,Municipality
bart_census_psu,464,.22962786,.83032012,BART,Census agg.,Municipality
bart_census_psu,465,.23035486,.79187489,BART,Census agg.,Municipality
bart_census_psu,466,.23021688,.80601788,BART,Census agg.,Municipality
bart_census_psu,467,.22936961,.84372014,BART,Census agg.,Municipality
bart_census_psu,468,.22897735,.85377109,BART,Census agg.,Municipality
bart_census_psu,469,.23026738,.80729562,BART,Census agg.,Municipality
bart_census_psu,470,.22825667,.89716589,BART,Census agg.,Municipality
bart_census_psu,471,.23090497,.76638848,BART,Census agg.,Municipality
bart_census_psu,472,.2286042,.88029349,BART,Census agg.,Municipality
bart_census_psu,473,.22935094,.84785271,BART,Census agg.,Municipality
bart_census_psu,474,.22922039,.85075605,BART,Census agg.,Municipality
bart_census_psu,475,.22897853,.86078238,BART,Census agg.,Municipality
bart_census_psu,476,.23032805,.79774249,BART,Census agg.,Municipality
bart_census_psu,477,.23032539,.80126953,BART,Census agg.,Municipality
bart_census_psu,478,.22904499,.86241192,BART,Census agg.,Municipality
bart_census_psu,479,.22929876,.84797019,BART,Census agg.,Municipality
bart_census_psu,480,.2308536,.77502537,BART,Census agg.,Municipality
bart_census_psu,481,.22927277,.85104853,BART,Census agg.,Municipality
bart_census_psu,482,.22830774,.88977593,BART,Census agg.,Municipality
bart_census_psu,483,.22842911,.88739377,BART,Census agg.,Municipality
bart_census_psu,484,.23043162,.79468471,BART,Census agg.,Municipality
bart_census_psu,485,.23003618,.807908,BART,Census agg.,Municipality
bart_census_psu,486,.22967942,.83515853,BART,Census agg.,Municipality
bart_census_psu,487,.23112977,.76695693,BART,Census agg.,Municipality
bart_census_psu,488,.22960031,.83558273,BART,Census agg.,Municipality
bart_census_psu,489,.22862661,.87548643,BART,Census agg.,Municipality
bart_census_psu,490,.23008515,.81492788,BART,Census agg.,Municipality
bart_census_psu,491,.2296041,.83418357,BART,Census agg.,Municipality
bart_census_psu,492,.22870845,.87440199,BART,Census agg.,Municipality
bart_census_psu,493,.22964393,.83109951,BART,Census agg.,Municipality
bart_census_psu,494,.22904418,.8587743,BART,Census agg.,Municipality
bart_census_psu,495,.22843774,.89259315,BART,Census agg.,Municipality
bart_census_psu,496,.23126025,.75832969,BART,Census agg.,Municipality
bart_census_psu,497,.22992221,.8179304,BART,Census agg.,Municipality
bart_census_psu,498,.22875622,.87417394,BART,Census agg.,Municipality
bart_census_psu,499,.22907111,.85874748,BART,Census agg.,Municipality
bart_census_psu,500,.22846392,.88612747,BART,Census agg.,Municipality
bart_all_mun,1,.22778711,.90749842,BART,Mixed,Municipality
bart_all_mun,2,.2283271,.89773375,BART,Mixed,Municipality
bart_all_mun,3,.22752087,.91934711,BART,Mixed,Municipality
bart_all_mun,4,.2251114,1.0291156,BART,Mixed,Municipality
bart_all_mun,5,.22773157,.9133358,BART,Mixed,Municipality
bart_all_mun,6,.22795792,.89650565,BART,Mixed,Municipality
bart_all_mun,7,.22890575,.858585,BART,Mixed,Municipality
bart_all_mun,8,.2265456,.96704721,BART,Mixed,Municipality
bart_all_mun,9,.22628725,.97970492,BART,Mixed,Municipality
bart_all_mun,10,.2268739,.9512046,BART,Mixed,Municipality
bart_all_mun,11,.22582828,.99639714,BART,Mixed,Municipality
bart_all_mun,12,.2252989,1.022842,BART,Mixed,Municipality
bart_all_mun,13,.22607672,.9929083,BART,Mixed,Municipality
bart_all_mun,14,.22627862,.97726804,BART,Mixed,Municipality
bart_all_mun,15,.22809349,.90284759,BART,Mixed,Municipality
bart_all_mun,16,.22703739,.94491506,BART,Mixed,Municipality
bart_all_mun,17,.22866811,.86867696,BART,Mixed,Municipality
bart_all_mun,18,.2289771,.85876119,BART,Mixed,Municipality
bart_all_mun,19,.22931731,.84348983,BART,Mixed,Municipality
bart_all_mun,20,.22603564,.99397618,BART,Mixed,Municipality
bart_all_mun,21,.22843258,.88158268,BART,Mixed,Municipality
bart_all_mun,22,.22606356,.98346406,BART,Mixed,Municipality
bart_all_mun,23,.22403941,1.0877521,BART,Mixed,Municipality
bart_all_mun,24,.22659265,.97003549,BART,Mixed,Municipality
bart_all_mun,25,.22728303,.93292332,BART,Mixed,Municipality
bart_all_mun,26,.22637467,.9687463,BART,Mixed,Municipality
bart_all_mun,27,.22467817,1.0444422,BART,Mixed,Municipality
bart_all_mun,28,.22770433,.9091388,BART,Mixed,Municipality
bart_all_mun,29,.2294102,.83321369,BART,Mixed,Municipality
bart_all_mun,30,.22886592,.8629365,BART,Mixed,Municipality
bart_all_mun,31,.23030169,.80914867,BART,Mixed,Municipality
bart_all_mun,32,.22571057,1.0060244,BART,Mixed,Municipality
bart_all_mun,33,.22667176,.95565528,BART,Mixed,Municipality
bart_all_mun,34,.2277379,.91220742,BART,Mixed,Municipality
bart_all_mun,35,.22905807,.85977948,BART,Mixed,Municipality
bart_all_mun,36,.22667845,.96010941,BART,Mixed,Municipality
bart_all_mun,37,.22797678,.9015761,BART,Mixed,Municipality
bart_all_mun,38,.22686732,.96355039,BART,Mixed,Municipality
bart_all_mun,39,.22482498,1.052948,BART,Mixed,Municipality
bart_all_mun,40,.2284842,.88418829,BART,Mixed,Municipality
bart_all_mun,41,.22767946,.9149226,BART,Mixed,Municipality
bart_all_mun,42,.22595194,.99226171,BART,Mixed,Municipality
bart_all_mun,43,.22885829,.86854863,BART,Mixed,Municipality
bart_all_mun,44,.22676246,.96779412,BART,Mixed,Municipality
bart_all_mun,45,.22834671,.88788414,BART,Mixed,Municipality
bart_all_mun,46,.22509663,1.0275722,BART,Mixed,Municipality
bart_all_mun,47,.22778662,.90648586,BART,Mixed,Municipality
bart_all_mun,48,.22795388,.89506024,BART,Mixed,Municipality
bart_all_mun,49,.22690809,.95005339,BART,Mixed,Municipality
bart_all_mun,50,.22669564,.95607948,BART,Mixed,Municipality
bart_all_mun,51,.22714938,.94485575,BART,Mixed,Municipality
bart_all_mun,52,.23036584,.79046488,BART,Mixed,Municipality
bart_all_mun,53,.2259409,.99607158,BART,Mixed,Municipality
bart_all_mun,54,.22500579,1.0443813,BART,Mixed,Municipality
bart_all_mun,55,.22817229,.89652902,BART,Mixed,Municipality
bart_all_mun,56,.22745919,.9262746,BART,Mixed,Municipality
bart_all_mun,57,.22751583,.93271863,BART,Mixed,Municipality
bart_all_mun,58,.2273261,.93664426,BART,Mixed,Municipality
bart_all_mun,59,.22745155,.92831749,BART,Mixed,Municipality
bart_all_mun,60,.22843023,.88500822,BART,Mixed,Municipality
bart_all_mun,61,.22632378,.99068236,BART,Mixed,Municipality
bart_all_mun,62,.2259237,.99889559,BART,Mixed,Municipality
bart_all_mun,63,.22546022,1.0171381,BART,Mixed,Municipality
bart_all_mun,64,.22725765,.92931986,BART,Mixed,Municipality
bart_all_mun,65,.22625312,.98210365,BART,Mixed,Municipality
bart_all_mun,66,.22712171,.93950248,BART,Mixed,Municipality
bart_all_mun,67,.22767723,.91725397,BART,Mixed,Municipality
bart_all_mun,68,.22752254,.92442155,BART,Mixed,Municipality
bart_all_mun,69,.22759743,.91908312,BART,Mixed,Municipality
bart_all_mun,70,.22878644,.86781597,BART,Mixed,Municipality
bart_all_mun,71,.23001316,.81406748,BART,Mixed,Municipality
bart_all_mun,72,.22743449,.92759627,BART,Mixed,Municipality
bart_all_mun,73,.22732231,.92915165,BART,Mixed,Municipality
bart_all_mun,74,.2253131,1.0257795,BART,Mixed,Municipality
bart_all_mun,75,.22620051,.98141712,BART,Mixed,Municipality
bart_all_mun,76,.2244177,1.0663674,BART,Mixed,Municipality
bart_all_mun,77,.22709349,.95639479,BART,Mixed,Municipality
bart_all_mun,78,.22650844,.97156978,BART,Mixed,Municipality
bart_all_mun,79,.22860116,.87655663,BART,Mixed,Municipality
bart_all_mun,80,.22636747,.97329855,BART,Mixed,Municipality
bart_all_mun,81,.22633024,.97824472,BART,Mixed,Municipality
bart_all_mun,82,.22643572,.96370149,BART,Mixed,Municipality
bart_all_mun,83,.2281244,.89376771,BART,Mixed,Municipality
bart_all_mun,84,.22879779,.85721034,BART,Mixed,Municipality
bart_all_mun,85,.22845678,.89081025,BART,Mixed,Municipality
bart_all_mun,86,.22716372,.94772089,BART,Mixed,Municipality
bart_all_mun,87,.23047288,.77329433,BART,Mixed,Municipality
bart_all_mun,88,.22709045,.94988465,BART,Mixed,Municipality
bart_all_mun,89,.22581431,1.011324,BART,Mixed,Municipality
bart_all_mun,90,.22589132,1.0019466,BART,Mixed,Municipality
bart_all_mun,91,.22710359,.94411397,BART,Mixed,Municipality
bart_all_mun,92,.22697894,.96022916,BART,Mixed,Municipality
bart_all_mun,93,.22541964,1.0251164,BART,Mixed,Municipality
bart_all_mun,94,.22841328,.88431716,BART,Mixed,Municipality
bart_all_mun,95,.22740223,.93774068,BART,Mixed,Municipality
bart_all_mun,96,.22697441,.94774711,BART,Mixed,Municipality
bart_all_mun,97,.22506988,1.0357751,BART,Mixed,Municipality
bart_all_mun,98,.22647996,.9686836,BART,Mixed,Municipality
bart_all_mun,99,.227364,.94091934,BART,Mixed,Municipality
bart_all_mun,100,.22613883,.99736184,BART,Mixed,Municipality
bart_all_mun,101,.22852342,.88162941,BART,Mixed,Municipality
bart_all_mun,102,.22623873,.98361856,BART,Mixed,Municipality
bart_all_mun,103,.22779983,.90538424,BART,Mixed,Municipality
bart_all_mun,104,.22751901,.92364669,BART,Mixed,Municipality
bart_all_mun,105,.23094319,.76384377,BART,Mixed,Municipality
bart_all_mun,106,.22778642,.91581321,BART,Mixed,Municipality
bart_all_mun,107,.22841415,.88940364,BART,Mixed,Municipality
bart_all_mun,108,.22809759,.91169375,BART,Mixed,Municipality
bart_all_mun,109,.22520638,1.0291088,BART,Mixed,Municipality
bart_all_mun,110,.22837251,.89082104,BART,Mixed,Municipality
bart_all_mun,111,.22650658,.97128415,BART,Mixed,Municipality
bart_all_mun,112,.22639942,.9753654,BART,Mixed,Municipality
bart_all_mun,113,.22832394,.89528602,BART,Mixed,Municipality
bart_all_mun,114,.22604637,.99077302,BART,Mixed,Municipality
bart_all_mun,115,.22829638,.88855636,BART,Mixed,Municipality
bart_all_mun,116,.22542454,1.0222046,BART,Mixed,Municipality
bart_all_mun,117,.22825661,.88442039,BART,Mixed,Municipality
bart_all_mun,118,.22816738,.90498859,BART,Mixed,Municipality
bart_all_mun,119,.22626013,.98202151,BART,Mixed,Municipality
bart_all_mun,120,.23177016,.73282331,BART,Mixed,Municipality
bart_all_mun,121,.22474085,1.0526538,BART,Mixed,Municipality
bart_all_mun,122,.22638801,.97114843,BART,Mixed,Municipality
bart_all_mun,123,.22491042,1.038265,BART,Mixed,Municipality
bart_all_mun,124,.22913142,.8453052,BART,Mixed,Municipality
bart_all_mun,125,.22986928,.81558871,BART,Mixed,Municipality
bart_all_mun,126,.22832946,.88156271,BART,Mixed,Municipality
bart_all_mun,127,.22744833,.9251371,BART,Mixed,Municipality
bart_all_mun,128,.22609577,.98967427,BART,Mixed,Municipality
bart_all_mun,129,.22711463,.94564772,BART,Mixed,Municipality
bart_all_mun,130,.22838134,.88865328,BART,Mixed,Municipality
bart_all_mun,131,.22813171,.89944029,BART,Mixed,Municipality
bart_all_mun,132,.22964783,.83323538,BART,Mixed,Municipality
bart_all_mun,133,.22565728,1.0085667,BART,Mixed,Municipality
bart_all_mun,134,.22580278,1.0042455,BART,Mixed,Municipality
bart_all_mun,135,.2272803,.93701029,BART,Mixed,Municipality
bart_all_mun,136,.22767138,.91693813,BART,Mixed,Municipality
bart_all_mun,137,.22732145,.92904902,BART,Mixed,Municipality
bart_all_mun,138,.22354029,1.105307,BART,Mixed,Municipality
bart_all_mun,139,.22958653,.82740885,BART,Mixed,Municipality
bart_all_mun,140,.22746322,.92392552,BART,Mixed,Municipality
bart_all_mun,141,.22616917,.99318141,BART,Mixed,Municipality
bart_all_mun,142,.22625907,.98284996,BART,Mixed,Municipality
bart_all_mun,143,.2279949,.89768589,BART,Mixed,Municipality
bart_all_mun,144,.22731382,.93825549,BART,Mixed,Municipality
bart_all_mun,145,.22523481,1.0249259,BART,Mixed,Municipality
bart_all_mun,146,.22905362,.85688591,BART,Mixed,Municipality
bart_all_mun,147,.22695611,.9570716,BART,Mixed,Municipality
bart_all_mun,148,.22830848,.89638305,BART,Mixed,Municipality
bart_all_mun,149,.22522122,1.0288761,BART,Mixed,Municipality
bart_all_mun,150,.22672492,.95778316,BART,Mixed,Municipality
bart_all_mun,151,.22888671,.85849202,BART,Mixed,Municipality
bart_all_mun,152,.22810149,.89279157,BART,Mixed,Municipality
bart_all_mun,153,.22849283,.87992233,BART,Mixed,Municipality
bart_all_mun,154,.224342,1.0722635,BART,Mixed,Municipality
bart_all_mun,155,.2285213,.8786822,BART,Mixed,Municipality
bart_all_mun,156,.22934274,.84895545,BART,Mixed,Municipality
bart_all_mun,157,.22577256,.99712294,BART,Mixed,Municipality
bart_all_mun,158,.22670966,.9741019,BART,Mixed,Municipality
bart_all_mun,159,.22668925,.96445352,BART,Mixed,Municipality
bart_all_mun,160,.22672914,.96551007,BART,Mixed,Municipality
bart_all_mun,161,.22803505,.9034645,BART,Mixed,Municipality
bart_all_mun,162,.2298346,.82890439,BART,Mixed,Municipality
bart_all_mun,163,.22444016,1.0720057,BART,Mixed,Municipality
bart_all_mun,164,.22710422,.94961268,BART,Mixed,Municipality
bart_all_mun,165,.22721863,.93705362,BART,Mixed,Municipality
bart_all_mun,166,.22565697,1.0171432,BART,Mixed,Municipality
bart_all_mun,167,.22770298,.92199153,BART,Mixed,Municipality
bart_all_mun,168,.22903728,.86550909,BART,Mixed,Municipality
bart_all_mun,169,.22800644,.91132027,BART,Mixed,Municipality
bart_all_mun,170,.22507235,1.0348953,BART,Mixed,Municipality
bart_all_mun,171,.22528785,1.0232776,BART,Mixed,Municipality
bart_all_mun,172,.22971211,.82288283,BART,Mixed,Municipality
bart_all_mun,173,.22911336,.85507786,BART,Mixed,Municipality
bart_all_mun,174,.22802214,.90271306,BART,Mixed,Municipality
bart_all_mun,175,.22719815,.93264508,BART,Mixed,Municipality
bart_all_mun,176,.22690648,.9560892,BART,Mixed,Municipality
bart_all_mun,177,.22893864,.86490983,BART,Mixed,Municipality
bart_all_mun,178,.22711457,.94948953,BART,Mixed,Municipality
bart_all_mun,179,.227981,.90926081,BART,Mixed,Municipality
bart_all_mun,180,.22730121,.93020362,BART,Mixed,Municipality
bart_all_mun,181,.23015383,.81223726,BART,Mixed,Municipality
bart_all_mun,182,.22844207,.87595737,BART,Mixed,Municipality
bart_all_mun,183,.22788322,.91251934,BART,Mixed,Municipality
bart_all_mun,184,.23140314,.74907023,BART,Mixed,Municipality
bart_all_mun,185,.22629134,.9869563,BART,Mixed,Municipality
bart_all_mun,186,.22832009,.87959105,BART,Mixed,Municipality
bart_all_mun,187,.22601877,.9988414,BART,Mixed,Municipality
bart_all_mun,188,.22796488,.91279757,BART,Mixed,Municipality
bart_all_mun,189,.22693197,.94728923,BART,Mixed,Municipality
bart_all_mun,190,.22928821,.8462078,BART,Mixed,Municipality
bart_all_mun,191,.22699663,.94128484,BART,Mixed,Municipality
bart_all_mun,192,.22809088,.89405221,BART,Mixed,Municipality
bart_all_mun,193,.22491749,1.0465649,BART,Mixed,Municipality
bart_all_mun,194,.22713375,.94854021,BART,Mixed,Municipality
bart_all_mun,195,.2288491,.8682037,BART,Mixed,Municipality
bart_all_mun,196,.22702293,.94260991,BART,Mixed,Municipality
bart_all_mun,197,.22523338,1.0269649,BART,Mixed,Municipality
bart_all_mun,198,.2270104,.94750589,BART,Mixed,Municipality
bart_all_mun,199,.22595555,1.0020589,BART,Mixed,Municipality
bart_all_mun,200,.2279841,.90860742,BART,Mixed,Municipality
bart_all_mun,201,.22956531,.83186752,BART,Mixed,Municipality
bart_all_mun,202,.22947311,.83115995,BART,Mixed,Municipality
bart_all_mun,203,.22608094,1.0015446,BART,Mixed,Municipality
bart_all_mun,204,.22619739,.98162466,BART,Mixed,Municipality
bart_all_mun,205,.22903766,.85193914,BART,Mixed,Municipality
bart_all_mun,206,.22862722,.87496531,BART,Mixed,Municipality
bart_all_mun,207,.22627279,.98283172,BART,Mixed,Municipality
bart_all_mun,208,.22938091,.84208608,BART,Mixed,Municipality
bart_all_mun,209,.2292771,.84306389,BART,Mixed,Municipality
bart_all_mun,210,.22868915,.87203407,BART,Mixed,Municipality
bart_all_mun,211,.22432277,1.0827301,BART,Mixed,Municipality
bart_all_mun,212,.22774306,.91476637,BART,Mixed,Municipality
bart_all_mun,213,.22732151,.93121338,BART,Mixed,Municipality
bart_all_mun,214,.22997302,.81496036,BART,Mixed,Municipality
bart_all_mun,215,.22732604,.93679649,BART,Mixed,Municipality
bart_all_mun,216,.22814934,.89794189,BART,Mixed,Municipality
bart_all_mun,217,.22497824,1.0456077,BART,Mixed,Municipality
bart_all_mun,218,.22809157,.90130872,BART,Mixed,Municipality
bart_all_mun,219,.22655101,.96927661,BART,Mixed,Municipality
bart_all_mun,220,.22755605,.91090232,BART,Mixed,Municipality
bart_all_mun,221,.22674049,.96847206,BART,Mixed,Municipality
bart_all_mun,222,.22497085,1.0563433,BART,Mixed,Municipality
bart_all_mun,223,.2268139,.96068245,BART,Mixed,Municipality
bart_all_mun,224,.22498593,1.0348897,BART,Mixed,Municipality
bart_all_mun,225,.22989255,.81253719,BART,Mixed,Municipality
bart_all_mun,226,.227604,.91968518,BART,Mixed,Municipality
bart_all_mun,227,.23180589,.73280108,BART,Mixed,Municipality
bart_all_mun,228,.22853142,.87850261,BART,Mixed,Municipality
bart_all_mun,229,.22787187,.90858859,BART,Mixed,Municipality
bart_all_mun,230,.22770688,.92130107,BART,Mixed,Municipality
bart_all_mun,231,.22917597,.85600841,BART,Mixed,Municipality
bart_all_mun,232,.22526056,1.0285841,BART,Mixed,Municipality
bart_all_mun,233,.22727609,.93867856,BART,Mixed,Municipality
bart_all_mun,234,.22467321,1.0627725,BART,Mixed,Municipality
bart_all_mun,235,.22845013,.88868636,BART,Mixed,Municipality
bart_all_mun,236,.22706109,.93542349,BART,Mixed,Municipality
bart_all_mun,237,.22564028,1.0122067,BART,Mixed,Municipality
bart_all_mun,238,.22610594,.97926247,BART,Mixed,Municipality
bart_all_mun,239,.22778915,.91313398,BART,Mixed,Municipality
bart_all_mun,240,.22933102,.84171432,BART,Mixed,Municipality
bart_all_mun,241,.2271675,.94377989,BART,Mixed,Municipality
bart_all_mun,242,.22772928,.91114241,BART,Mixed,Municipality
bart_all_mun,243,.22570604,1.0200487,BART,Mixed,Municipality
bart_all_mun,244,.22848904,.88421625,BART,Mixed,Municipality
bart_all_mun,245,.22589095,.99583608,BART,Mixed,Municipality
bart_all_mun,246,.22714144,.9412443,BART,Mixed,Municipality
bart_all_mun,247,.22910759,.84559029,BART,Mixed,Municipality
bart_all_mun,248,.22642908,.97140503,BART,Mixed,Municipality
bart_all_mun,249,.2250146,1.0303175,BART,Mixed,Municipality
bart_all_mun,250,.22971615,.81864882,BART,Mixed,Municipality
bart_all_mun,251,.22668949,.95992184,BART,Mixed,Municipality
bart_all_mun,252,.2275326,.92124915,BART,Mixed,Municipality
bart_all_mun,253,.22734372,.94209504,BART,Mixed,Municipality
bart_all_mun,254,.22722043,.93879777,BART,Mixed,Municipality
bart_all_mun,255,.23020619,.79709476,BART,Mixed,Municipality
bart_all_mun,256,.22561471,1.0113207,BART,Mixed,Municipality
bart_all_mun,257,.23041467,.7930854,BART,Mixed,Municipality
bart_all_mun,258,.22831742,.88842463,BART,Mixed,Municipality
bart_all_mun,259,.22580135,1.0144446,BART,Mixed,Municipality
bart_all_mun,260,.22263956,1.1468818,BART,Mixed,Municipality
bart_all_mun,261,.22707494,.94326955,BART,Mixed,Municipality
bart_all_mun,262,.22568749,.99700779,BART,Mixed,Municipality
bart_all_mun,263,.22759706,.93298715,BART,Mixed,Municipality
bart_all_mun,264,.22783147,.91291332,BART,Mixed,Municipality
bart_all_mun,265,.22754109,.93349004,BART,Mixed,Municipality
bart_all_mun,266,.22870807,.86960804,BART,Mixed,Municipality
bart_all_mun,267,.227107,.94937491,BART,Mixed,Municipality
bart_all_mun,268,.2271634,.94163948,BART,Mixed,Municipality
bart_all_mun,269,.22593984,1.0055996,BART,Mixed,Municipality
bart_all_mun,270,.22783476,.90837651,BART,Mixed,Municipality
bart_all_mun,271,.2284659,.87562042,BART,Mixed,Municipality
bart_all_mun,272,.22724947,.94562495,BART,Mixed,Municipality
bart_all_mun,273,.22543254,1.020867,BART,Mixed,Municipality
bart_all_mun,274,.22624344,.9925428,BART,Mixed,Municipality
bart_all_mun,275,.23042752,.79519671,BART,Mixed,Municipality
bart_all_mun,276,.22337264,1.1161236,BART,Mixed,Municipality
bart_all_mun,277,.2272612,.93170428,BART,Mixed,Municipality
bart_all_mun,278,.22823434,.89394957,BART,Mixed,Municipality
bart_all_mun,279,.22687532,.94899344,BART,Mixed,Municipality
bart_all_mun,280,.22867507,.87436491,BART,Mixed,Municipality
bart_all_mun,281,.22841242,.88834143,BART,Mixed,Municipality
bart_all_mun,282,.23033643,.80375147,BART,Mixed,Municipality
bart_all_mun,283,.22724196,.94580394,BART,Mixed,Municipality
bart_all_mun,284,.22617425,.99975997,BART,Mixed,Municipality
bart_all_mun,285,.22850338,.88084656,BART,Mixed,Municipality
bart_all_mun,286,.2260576,.98740786,BART,Mixed,Municipality
bart_all_mun,287,.22581972,1.0054423,BART,Mixed,Municipality
bart_all_mun,288,.22766995,.92752385,BART,Mixed,Municipality
bart_all_mun,289,.22554485,1.0026815,BART,Mixed,Municipality
bart_all_mun,290,.22586924,.99978846,BART,Mixed,Municipality
bart_all_mun,291,.22771321,.92152399,BART,Mixed,Municipality
bart_all_mun,292,.23038371,.78994489,BART,Mixed,Municipality
bart_all_mun,293,.23128632,.75684047,BART,Mixed,Municipality
bart_all_mun,294,.22381355,1.0965389,BART,Mixed,Municipality
bart_all_mun,295,.22422932,1.0803194,BART,Mixed,Municipality
bart_all_mun,296,.22928485,.84403092,BART,Mixed,Municipality
bart_all_mun,297,.22650106,.96668231,BART,Mixed,Municipality
bart_all_mun,298,.22812334,.90394861,BART,Mixed,Municipality
bart_all_mun,299,.2308608,.7676394,BART,Mixed,Municipality
bart_all_mun,300,.2278955,.90649837,BART,Mixed,Municipality
bart_all_mun,301,.22680503,.96301788,BART,Mixed,Municipality
bart_all_mun,302,.22858627,.8883642,BART,Mixed,Municipality
bart_all_mun,303,.22753495,.92233133,BART,Mixed,Municipality
bart_all_mun,304,.22752681,.92092419,BART,Mixed,Municipality
bart_all_mun,305,.22794203,.91680473,BART,Mixed,Municipality
bart_all_mun,306,.2294689,.83265096,BART,Mixed,Municipality
bart_all_mun,307,.22858149,.88005573,BART,Mixed,Municipality
bart_all_mun,308,.22818892,.9040404,BART,Mixed,Municipality
bart_all_mun,309,.22766654,.91312939,BART,Mixed,Municipality
bart_all_mun,310,.22689785,.95621234,BART,Mixed,Municipality
bart_all_mun,311,.22740316,.93127441,BART,Mixed,Municipality
bart_all_mun,312,.22755077,.9232915,BART,Mixed,Municipality
bart_all_mun,313,.22648269,.96680093,BART,Mixed,Municipality
bart_all_mun,314,.23165406,.73002094,BART,Mixed,Municipality
bart_all_mun,315,.22587283,.99653053,BART,Mixed,Municipality
bart_all_mun,316,.2268379,.963974,BART,Mixed,Municipality
bart_all_mun,317,.22814877,.89048356,BART,Mixed,Municipality
bart_all_mun,318,.22529809,1.0190858,BART,Mixed,Municipality
bart_all_mun,319,.22795886,.90115762,BART,Mixed,Municipality
bart_all_mun,320,.22622824,.98803049,BART,Mixed,Municipality
bart_all_mun,321,.22634569,.97317022,BART,Mixed,Municipality
bart_all_mun,322,.22678691,.95329934,BART,Mixed,Municipality
bart_all_mun,323,.22821784,.89300483,BART,Mixed,Municipality
bart_all_mun,324,.22630195,.98017871,BART,Mixed,Municipality
bart_all_mun,325,.23036684,.79570073,BART,Mixed,Municipality
bart_all_mun,326,.2287623,.86554271,BART,Mixed,Municipality
bart_all_mun,327,.22820207,.9030996,BART,Mixed,Municipality
bart_all_mun,328,.2268721,.94952315,BART,Mixed,Municipality
bart_all_mun,329,.22850312,.88368887,BART,Mixed,Municipality
bart_all_mun,330,.22770663,.90898144,BART,Mixed,Municipality
bart_all_mun,331,.22651242,.97294503,BART,Mixed,Municipality
bart_all_mun,332,.22769994,.91523165,BART,Mixed,Municipality
bart_all_mun,333,.2280598,.89980519,BART,Mixed,Municipality
bart_all_mun,334,.22633576,.97286576,BART,Mixed,Municipality
bart_all_mun,335,.22536106,1.0226431,BART,Mixed,Municipality
bart_all_mun,336,.22866446,.86719394,BART,Mixed,Municipality
bart_all_mun,337,.22690777,.95236146,BART,Mixed,Municipality
bart_all_mun,338,.22590509,.98943996,BART,Mixed,Municipality
bart_all_mun,339,.22796959,.89884329,BART,Mixed,Municipality
bart_all_mun,340,.22686663,.95401776,BART,Mixed,Municipality
bart_all_mun,341,.22751677,.92276978,BART,Mixed,Municipality
bart_all_mun,342,.22732145,.92901599,BART,Mixed,Municipality
bart_all_mun,343,.22828703,.88851643,BART,Mixed,Municipality
bart_all_mun,344,.22769056,.90864962,BART,Mixed,Municipality
bart_all_mun,345,.2326967,.69074386,BART,Mixed,Municipality
bart_all_mun,346,.22889142,.86977565,BART,Mixed,Municipality
bart_all_mun,347,.2268497,.94984132,BART,Mixed,Municipality
bart_all_mun,348,.22650658,.98476803,BART,Mixed,Municipality
bart_all_mun,349,.22559039,1.0147417,BART,Mixed,Municipality
bart_all_mun,350,.22739442,.91919202,BART,Mixed,Municipality
bart_all_mun,351,.22825171,.88270473,BART,Mixed,Municipality
bart_all_mun,352,.22943054,.83481359,BART,Mixed,Municipality
bart_all_mun,353,.22605921,.99868405,BART,Mixed,Municipality
bart_all_mun,354,.22876143,.87016219,BART,Mixed,Municipality
bart_all_mun,355,.22459981,1.0505362,BART,Mixed,Municipality
bart_all_mun,356,.22653009,.96765387,BART,Mixed,Municipality
bart_all_mun,357,.22833629,.89738655,BART,Mixed,Municipality
bart_all_mun,358,.22882925,.85699135,BART,Mixed,Municipality
bart_all_mun,359,.22569147,1.0023371,BART,Mixed,Municipality
bart_all_mun,360,.22561869,1.0079703,BART,Mixed,Municipality
bart_all_mun,361,.22879624,.87355411,BART,Mixed,Municipality
bart_all_mun,362,.22734874,.93674856,BART,Mixed,Municipality
bart_all_mun,363,.23017536,.80089951,BART,Mixed,Municipality
bart_all_mun,364,.22427697,1.0790873,BART,Mixed,Municipality
bart_all_mun,365,.22826096,.88766974,BART,Mixed,Municipality
bart_all_mun,366,.22652593,.95717192,BART,Mixed,Municipality
bart_all_mun,367,.22892256,.8711195,BART,Mixed,Municipality
bart_all_mun,368,.22740738,.92564285,BART,Mixed,Municipality
bart_all_mun,369,.2265384,.96725935,BART,Mixed,Municipality
bart_all_mun,370,.2264598,.97135085,BART,Mixed,Municipality
bart_all_mun,371,.22608286,.99548429,BART,Mixed,Municipality
bart_all_mun,372,.22858186,.86881322,BART,Mixed,Municipality
bart_all_mun,373,.22621973,.98815423,BART,Mixed,Municipality
bart_all_mun,374,.22509216,1.0457987,BART,Mixed,Municipality
bart_all_mun,375,.23217885,.71035188,BART,Mixed,Municipality
bart_all_mun,376,.22939722,.83923692,BART,Mixed,Municipality
bart_all_mun,377,.22531378,1.0236876,BART,Mixed,Municipality
bart_all_mun,378,.22506014,1.0352437,BART,Mixed,Municipality
bart_all_mun,379,.22747786,.92562801,BART,Mixed,Municipality
bart_all_mun,380,.22858652,.86965019,BART,Mixed,Municipality
bart_all_mun,381,.22688816,.95516098,BART,Mixed,Municipality
bart_all_mun,382,.22684094,.95532918,BART,Mixed,Municipality
bart_all_mun,383,.22676246,.95227194,BART,Mixed,Municipality
bart_all_mun,384,.23038669,.79537171,BART,Mixed,Municipality
bart_all_mun,385,.22711942,.93843454,BART,Mixed,Municipality
bart_all_mun,386,.22434349,1.0671172,BART,Mixed,Municipality
bart_all_mun,387,.22791046,.90891588,BART,Mixed,Municipality
bart_all_mun,388,.2291586,.84764403,BART,Mixed,Municipality
bart_all_mun,389,.22717693,.93644124,BART,Mixed,Municipality
bart_all_mun,390,.22656906,.96304125,BART,Mixed,Municipality
bart_all_mun,391,.22730382,.93799037,BART,Mixed,Municipality
bart_all_mun,392,.22772041,.91050267,BART,Mixed,Municipality
bart_all_mun,393,.22534196,1.0162383,BART,Mixed,Municipality
bart_all_mun,394,.2269236,.96181136,BART,Mixed,Municipality
bart_all_mun,395,.22639222,.97302711,BART,Mixed,Municipality
bart_all_mun,396,.22824259,.88613433,BART,Mixed,Municipality
bart_all_mun,397,.22779176,.92520213,BART,Mixed,Municipality
bart_all_mun,398,.22732759,.92756319,BART,Mixed,Municipality
bart_all_mun,399,.22612958,.98812401,BART,Mixed,Municipality
bart_all_mun,400,.22755195,.91704249,BART,Mixed,Municipality
bart_all_mun,401,.22629984,.98666835,BART,Mixed,Municipality
bart_all_mun,402,.22815511,.89212847,BART,Mixed,Municipality
bart_all_mun,403,.2269339,.95520544,BART,Mixed,Municipality
bart_all_mun,404,.22542839,1.0192425,BART,Mixed,Municipality
bart_all_mun,405,.22808413,.91055799,BART,Mixed,Municipality
bart_all_mun,406,.22898512,.85941118,BART,Mixed,Municipality
bart_all_mun,407,.22307253,1.1314325,BART,Mixed,Municipality
bart_all_mun,408,.22837816,.88606644,BART,Mixed,Municipality
bart_all_mun,409,.22564356,1.0107944,BART,Mixed,Municipality
bart_all_mun,410,.2287492,.87672371,BART,Mixed,Municipality
bart_all_mun,411,.22801661,.89730388,BART,Mixed,Municipality
bart_all_mun,412,.22768219,.91223198,BART,Mixed,Municipality
bart_all_mun,413,.23006517,.81012195,BART,Mixed,Municipality
bart_all_mun,414,.22975555,.8235659,BART,Mixed,Municipality
bart_all_mun,415,.22506019,1.0328702,BART,Mixed,Municipality
bart_all_mun,416,.22664289,.96244711,BART,Mixed,Municipality
bart_all_mun,417,.22863771,.87937897,BART,Mixed,Municipality
bart_all_mun,418,.22821157,.895428,BART,Mixed,Municipality
bart_all_mun,419,.22531888,1.0273788,BART,Mixed,Municipality
bart_all_mun,420,.22707294,.94523209,BART,Mixed,Municipality
bart_all_mun,421,.22741066,.93017226,BART,Mixed,Municipality
bart_all_mun,422,.22871415,.86746705,BART,Mixed,Municipality
bart_all_mun,423,.22706519,.95008022,BART,Mixed,Municipality
bart_all_mun,424,.2294499,.82696807,BART,Mixed,Municipality
bart_all_mun,425,.22881901,.86658555,BART,Mixed,Municipality
bart_all_mun,426,.22654623,.97088391,BART,Mixed,Municipality
bart_all_mun,427,.22763173,.92668116,BART,Mixed,Municipality
bart_all_mun,428,.22948396,.82350206,BART,Mixed,Municipality
bart_all_mun,429,.23010735,.80573851,BART,Mixed,Municipality
bart_all_mun,430,.22445667,1.0661017,BART,Mixed,Municipality
bart_all_mun,431,.22554398,1.0043464,BART,Mixed,Municipality
bart_all_mun,432,.22674806,.95655161,BART,Mixed,Municipality
bart_all_mun,433,.22929324,.840249,BART,Mixed,Municipality
bart_all_mun,434,.2266707,.96339417,BART,Mixed,Municipality
bart_all_mun,435,.22653146,.97373527,BART,Mixed,Municipality
bart_all_mun,436,.22823565,.88686526,BART,Mixed,Municipality
bart_all_mun,437,.226852,.94815987,BART,Mixed,Municipality
bart_all_mun,438,.22947894,.83008236,BART,Mixed,Municipality
bart_all_mun,439,.23025739,.80213964,BART,Mixed,Municipality
bart_all_mun,440,.22671437,.96127087,BART,Mixed,Municipality
bart_all_mun,441,.22537291,1.0150086,BART,Mixed,Municipality
bart_all_mun,442,.22893001,.86314231,BART,Mixed,Municipality
bart_all_mun,443,.22854315,.87864858,BART,Mixed,Municipality
bart_all_mun,444,.22449893,1.0615695,BART,Mixed,Municipality
bart_all_mun,445,.23096143,.77047139,BART,Mixed,Municipality
bart_all_mun,446,.22828503,.88904673,BART,Mixed,Municipality
bart_all_mun,447,.2259237,.99720448,BART,Mixed,Municipality
bart_all_mun,448,.22605588,.99731964,BART,Mixed,Municipality
bart_all_mun,449,.22545892,1.0198766,BART,Mixed,Municipality
bart_all_mun,450,.22685608,.95343679,BART,Mixed,Municipality
bart_all_mun,451,.22713977,.9430626,BART,Mixed,Municipality
bart_all_mun,452,.2260112,.99130267,BART,Mixed,Municipality
bart_all_mun,453,.22688501,.96018183,BART,Mixed,Municipality
bart_all_mun,454,.22647785,.97447366,BART,Mixed,Municipality
bart_all_mun,455,.22793689,.90473372,BART,Mixed,Municipality
bart_all_mun,456,.22847304,.8813597,BART,Mixed,Municipality
bart_all_mun,457,.2264853,.97488129,BART,Mixed,Municipality
bart_all_mun,458,.22858521,.88229764,BART,Mixed,Municipality
bart_all_mun,459,.22840087,.88608927,BART,Mixed,Municipality
bart_all_mun,460,.22626801,.98293096,BART,Mixed,Municipality
bart_all_mun,461,.22601703,.99347901,BART,Mixed,Municipality
bart_all_mun,462,.22895172,.86272156,BART,Mixed,Municipality
bart_all_mun,463,.22773071,.90970045,BART,Mixed,Municipality
bart_all_mun,464,.22863324,.87028706,BART,Mixed,Municipality
bart_all_mun,465,.22514285,1.0302514,BART,Mixed,Municipality
bart_all_mun,466,.22805695,.90396571,BART,Mixed,Municipality
bart_all_mun,467,.22771841,.91481596,BART,Mixed,Municipality
bart_all_mun,468,.22434716,1.0707748,BART,Mixed,Municipality
bart_all_mun,469,.22870937,.85895956,BART,Mixed,Municipality
bart_all_mun,470,.22494827,1.0487236,BART,Mixed,Municipality
bart_all_mun,471,.22904181,.85587615,BART,Mixed,Municipality
bart_all_mun,472,.22522655,1.0291127,BART,Mixed,Municipality
bart_all_mun,473,.22883347,.88183695,BART,Mixed,Municipality
bart_all_mun,474,.22633874,.97267932,BART,Mixed,Municipality
bart_all_mun,475,.22488616,1.0443026,BART,Mixed,Municipality
bart_all_mun,476,.22582033,1.0030447,BART,Mixed,Municipality
bart_all_mun,477,.22802822,.89829993,BART,Mixed,Municipality
bart_all_mun,478,.22599065,.99187231,BART,Mixed,Municipality
bart_all_mun,479,.226166,.9894833,BART,Mixed,Municipality
bart_all_mun,480,.22890209,.86582154,BART,Mixed,Municipality
bart_all_mun,481,.22534375,1.0292559,BART,Mixed,Municipality
bart_all_mun,482,.22641301,.95860761,BART,Mixed,Municipality
bart_all_mun,483,.22451852,1.0616983,BART,Mixed,Municipality
bart_all_mun,484,.2291463,.85580885,BART,Mixed,Municipality
bart_all_mun,485,.22815362,.89696175,BART,Mixed,Municipality
bart_all_mun,486,.2296652,.83064508,BART,Mixed,Municipality
bart_all_mun,487,.22904803,.85323113,BART,Mixed,Municipality
bart_all_mun,488,.22589982,.99677342,BART,Mixed,Municipality
bart_all_mun,489,.22530745,1.0359513,BART,Mixed,Municipality
bart_all_mun,490,.23013212,.80112988,BART,Mixed,Municipality
bart_all_mun,491,.22699316,.94656342,BART,Mixed,Municipality
bart_all_mun,492,.22773659,.91167891,BART,Mixed,Municipality
bart_all_mun,493,.22755884,.92332858,BART,Mixed,Municipality
bart_all_mun,494,.22641338,.97601825,BART,Mixed,Municipality
bart_all_mun,495,.22646147,.97380596,BART,Mixed,Municipality
bart_all_mun,496,.22629158,.97696358,BART,Mixed,Municipality
bart_all_mun,497,.22539948,1.0260019,BART,Mixed,Municipality
bart_all_mun,498,.22600852,.99496204,BART,Mixed,Municipality
bart_all_mun,499,.22529729,1.0246809,BART,Mixed,Municipality
bart_all_mun,500,.22687328,.94833606,BART,Mixed,Municipality
bart_gis_mun,1,.23867084,.3831355,BART,GIS,Municipality
bart_gis_mun,2,.23604812,.52775145,BART,GIS,Municipality
bart_gis_mun,3,.23586595,.51941961,BART,GIS,Municipality
bart_gis_mun,4,.23201114,.72517055,BART,GIS,Municipality
bart_gis_mun,5,.23551327,.55705345,BART,GIS,Municipality
bart_gis_mun,6,.2381427,.41436011,BART,GIS,Municipality
bart_gis_mun,7,.23935126,.36706534,BART,GIS,Municipality
bart_gis_mun,8,.23441727,.60371131,BART,GIS,Municipality
bart_gis_mun,9,.23478316,.5804286,BART,GIS,Municipality
bart_gis_mun,10,.23525696,.55651408,BART,GIS,Municipality
bart_gis_mun,11,.23398276,.62779516,BART,GIS,Municipality
bart_gis_mun,12,.23374145,.63903147,BART,GIS,Municipality
bart_gis_mun,13,.23384942,.62847823,BART,GIS,Municipality
bart_gis_mun,14,.23395117,.62136883,BART,GIS,Municipality
bart_gis_mun,15,.23356946,.64308536,BART,GIS,Municipality
bart_gis_mun,16,.2354712,.53762788,BART,GIS,Municipality
bart_gis_mun,17,.23551892,.54445505,BART,GIS,Municipality
bart_gis_mun,18,.236432,.52436525,BART,GIS,Municipality
bart_gis_mun,19,.23651278,.48745319,BART,GIS,Municipality
bart_gis_mun,20,.23482424,.57950205,BART,GIS,Municipality
bart_gis_mun,21,.23456153,.59812999,BART,GIS,Municipality
bart_gis_mun,22,.23921189,.35201579,BART,GIS,Municipality
bart_gis_mun,23,.23418173,.62088364,BART,GIS,Municipality
bart_gis_mun,24,.23514849,.56401861,BART,GIS,Municipality
bart_gis_mun,25,.23603378,.51685667,BART,GIS,Municipality
bart_gis_mun,26,.2338586,.61724484,BART,GIS,Municipality
bart_gis_mun,27,.23457903,.59345746,BART,GIS,Municipality
bart_gis_mun,28,.2359976,.53162229,BART,GIS,Municipality
bart_gis_mun,29,.23551327,.55626661,BART,GIS,Municipality
bart_gis_mun,30,.23530442,.55739784,BART,GIS,Municipality
bart_gis_mun,31,.23882726,.39223081,BART,GIS,Municipality
bart_gis_mun,32,.23355959,.64573091,BART,GIS,Municipality
bart_gis_mun,33,.23536336,.54357755,BART,GIS,Municipality
bart_gis_mun,34,.23556812,.53963429,BART,GIS,Municipality
bart_gis_mun,35,.23694935,.4788146,BART,GIS,Municipality
bart_gis_mun,36,.23391555,.6244238,BART,GIS,Municipality
bart_gis_mun,37,.23525986,.56236798,BART,GIS,Municipality
bart_gis_mun,38,.23759885,.42915595,BART,GIS,Municipality
bart_gis_mun,39,.2322517,.71986967,BART,GIS,Municipality
bart_gis_mun,40,.23639745,.50407016,BART,GIS,Municipality
bart_gis_mun,41,.23712854,.46711251,BART,GIS,Municipality
bart_gis_mun,42,.23615403,.52415311,BART,GIS,Municipality
bart_gis_mun,43,.23538037,.56223112,BART,GIS,Municipality
bart_gis_mun,44,.23470026,.58701402,BART,GIS,Municipality
bart_gis_mun,45,.23600256,.51453614,BART,GIS,Municipality
bart_gis_mun,46,.23475611,.58519745,BART,GIS,Municipality
bart_gis_mun,47,.23722881,.45008335,BART,GIS,Municipality
bart_gis_mun,48,.23597986,.51240766,BART,GIS,Municipality
bart_gis_mun,49,.2340955,.61115831,BART,GIS,Municipality
bart_gis_mun,50,.23531447,.54739428,BART,GIS,Municipality
bart_gis_mun,51,.23699483,.47271439,BART,GIS,Municipality
bart_gis_mun,52,.23570469,.54129004,BART,GIS,Municipality
bart_gis_mun,53,.23363876,.6476227,BART,GIS,Municipality
bart_gis_mun,54,.23278506,.68856984,BART,GIS,Municipality
bart_gis_mun,55,.23774038,.43171313,BART,GIS,Municipality
bart_gis_mun,56,.23333113,.66033632,BART,GIS,Municipality
bart_gis_mun,57,.23640569,.50420296,BART,GIS,Municipality
bart_gis_mun,58,.23576345,.53191763,BART,GIS,Municipality
bart_gis_mun,59,.23590349,.5078395,BART,GIS,Municipality
bart_gis_mun,60,.23541529,.55302691,BART,GIS,Municipality
bart_gis_mun,61,.23387641,.63200015,BART,GIS,Municipality
bart_gis_mun,62,.23456042,.58569008,BART,GIS,Municipality
bart_gis_mun,63,.23379096,.63399917,BART,GIS,Municipality
bart_gis_mun,64,.23724289,.45787123,BART,GIS,Municipality
bart_gis_mun,65,.23775907,.43683094,BART,GIS,Municipality
bart_gis_mun,66,.23353632,.65068793,BART,GIS,Municipality
bart_gis_mun,67,.23381901,.6413697,BART,GIS,Municipality
bart_gis_mun,68,.23835713,.4103581,BART,GIS,Municipality
bart_gis_mun,69,.23660442,.48766074,BART,GIS,Municipality
bart_gis_mun,70,.23639868,.49296328,BART,GIS,Municipality
bart_gis_mun,71,.23748562,.45566756,BART,GIS,Municipality
bart_gis_mun,72,.23650676,.5001052,BART,GIS,Municipality
bart_gis_mun,73,.23574229,.53752983,BART,GIS,Municipality
bart_gis_mun,74,.23937812,.35333174,BART,GIS,Municipality
bart_gis_mun,75,.23335087,.6569404,BART,GIS,Municipality
bart_gis_mun,76,.23369224,.64106011,BART,GIS,Municipality
bart_gis_mun,77,.23484087,.59600496,BART,GIS,Municipality
bart_gis_mun,78,.23617265,.51747817,BART,GIS,Municipality
bart_gis_mun,79,.23551582,.54215497,BART,GIS,Municipality
bart_gis_mun,80,.23358721,.6448409,BART,GIS,Municipality
bart_gis_mun,81,.23545501,.54812294,BART,GIS,Municipality
bart_gis_mun,82,.23556663,.53985035,BART,GIS,Municipality
bart_gis_mun,83,.23540314,.55639434,BART,GIS,Municipality
bart_gis_mun,84,.23723601,.46022546,BART,GIS,Municipality
bart_gis_mun,85,.23313847,.67074984,BART,GIS,Municipality
bart_gis_mun,86,.23793975,.43302509,BART,GIS,Municipality
bart_gis_mun,87,.24125659,.25756028,BART,GIS,Municipality
bart_gis_mun,88,.23729247,.45228133,BART,GIS,Municipality
bart_gis_mun,89,.23314847,.67178237,BART,GIS,Municipality
bart_gis_mun,90,.23488629,.58434963,BART,GIS,Municipality
bart_gis_mun,91,.23740068,.45082512,BART,GIS,Municipality
bart_gis_mun,92,.23309411,.67078233,BART,GIS,Municipality
bart_gis_mun,93,.23495509,.57332599,BART,GIS,Municipality
bart_gis_mun,94,.23619424,.51471972,BART,GIS,Municipality
bart_gis_mun,95,.23500417,.56988794,BART,GIS,Municipality
bart_gis_mun,96,.23652402,.49830517,BART,GIS,Municipality
bart_gis_mun,97,.23230891,.71225625,BART,GIS,Municipality
bart_gis_mun,98,.23432879,.59736425,BART,GIS,Municipality
bart_gis_mun,99,.23580259,.5319975,BART,GIS,Municipality
bart_gis_mun,100,.23656404,.49054009,BART,GIS,Municipality
bart_gis_mun,101,.23225753,.72135496,BART,GIS,Municipality
bart_gis_mun,102,.23574539,.53266573,BART,GIS,Municipality
bart_gis_mun,103,.23198161,.72714674,BART,GIS,Municipality
bart_gis_mun,104,.23365459,.63897556,BART,GIS,Municipality
bart_gis_mun,105,.23893131,.38380715,BART,GIS,Municipality
bart_gis_mun,106,.23494832,.58434105,BART,GIS,Municipality
bart_gis_mun,107,.23802239,.43910077,BART,GIS,Municipality
bart_gis_mun,108,.23592675,.53270221,BART,GIS,Municipality
bart_gis_mun,109,.23488802,.57399422,BART,GIS,Municipality
bart_gis_mun,110,.23970926,.34082115,BART,GIS,Municipality
bart_gis_mun,111,.23461278,.59471411,BART,GIS,Municipality
bart_gis_mun,112,.23516729,.56474328,BART,GIS,Municipality
bart_gis_mun,113,.23435435,.61720264,BART,GIS,Municipality
bart_gis_mun,114,.23411764,.61468023,BART,GIS,Municipality
bart_gis_mun,115,.23472962,.59827709,BART,GIS,Municipality
bart_gis_mun,116,.23226535,.71883994,BART,GIS,Municipality
bart_gis_mun,117,.237546,.43458793,BART,GIS,Municipality
bart_gis_mun,118,.23769496,.44843727,BART,GIS,Municipality
bart_gis_mun,119,.23424658,.62527221,BART,GIS,Municipality
bart_gis_mun,120,.24122055,.26781416,BART,GIS,Municipality
bart_gis_mun,121,.23529002,.54779965,BART,GIS,Municipality
bart_gis_mun,122,.23633055,.49103215,BART,GIS,Municipality
bart_gis_mun,123,.23206668,.72118676,BART,GIS,Municipality
bart_gis_mun,124,.23650931,.49281675,BART,GIS,Municipality
bart_gis_mun,125,.23547058,.54685372,BART,GIS,Municipality
bart_gis_mun,126,.23416616,.61266464,BART,GIS,Municipality
bart_gis_mun,127,.23557451,.54638565,BART,GIS,Municipality
bart_gis_mun,128,.23210968,.71803772,BART,GIS,Municipality
bart_gis_mun,129,.23497042,.57205111,BART,GIS,Municipality
bart_gis_mun,130,.23648486,.50594711,BART,GIS,Municipality
bart_gis_mun,131,.23487523,.58189332,BART,GIS,Municipality
bart_gis_mun,132,.23527339,.56178069,BART,GIS,Municipality
bart_gis_mun,133,.23537882,.5608713,BART,GIS,Municipality
bart_gis_mun,134,.23140655,.75869292,BART,GIS,Municipality
bart_gis_mun,135,.23482852,.57831442,BART,GIS,Municipality
bart_gis_mun,136,.23613721,.5086543,BART,GIS,Municipality
bart_gis_mun,137,.23740266,.45668814,BART,GIS,Municipality
bart_gis_mun,138,.23628308,.50154656,BART,GIS,Municipality
bart_gis_mun,139,.23707083,.46683884,BART,GIS,Municipality
bart_gis_mun,140,.23507211,.57462883,BART,GIS,Municipality
bart_gis_mun,141,.23585124,.52296716,BART,GIS,Municipality
bart_gis_mun,142,.23462923,.58208036,BART,GIS,Municipality
bart_gis_mun,143,.23589914,.5298354,BART,GIS,Municipality
bart_gis_mun,144,.23556663,.54634684,BART,GIS,Municipality
bart_gis_mun,145,.23033823,.80781794,BART,GIS,Municipality
bart_gis_mun,146,.23477478,.56718016,BART,GIS,Municipality
bart_gis_mun,147,.23432191,.60878754,BART,GIS,Municipality
bart_gis_mun,148,.23972838,.34184459,BART,GIS,Municipality
bart_gis_mun,149,.23756969,.43148905,BART,GIS,Municipality
bart_gis_mun,150,.23399317,.63759351,BART,GIS,Municipality
bart_gis_mun,151,.2345663,.59373683,BART,GIS,Municipality
bart_gis_mun,152,.2343675,.59696227,BART,GIS,Municipality
bart_gis_mun,153,.23558567,.5422411,BART,GIS,Municipality
bart_gis_mun,154,.23853582,.38984752,BART,GIS,Municipality
bart_gis_mun,155,.23397562,.62314093,BART,GIS,Municipality
bart_gis_mun,156,.23685758,.46921128,BART,GIS,Municipality
bart_gis_mun,157,.234515,.59324366,BART,GIS,Municipality
bart_gis_mun,158,.2353435,.56393534,BART,GIS,Municipality
bart_gis_mun,159,.23473433,.58528751,BART,GIS,Municipality
bart_gis_mun,160,.23649548,.49420169,BART,GIS,Municipality
bart_gis_mun,161,.235919,.53318626,BART,GIS,Municipality
bart_gis_mun,162,.23732796,.45234862,BART,GIS,Municipality
bart_gis_mun,163,.2322468,.71698123,BART,GIS,Municipality
bart_gis_mun,164,.23381697,.6418435,BART,GIS,Municipality
bart_gis_mun,165,.23777264,.43014175,BART,GIS,Municipality
bart_gis_mun,166,.23622774,.51693594,BART,GIS,Municipality
bart_gis_mun,167,.23590609,.54034412,BART,GIS,Municipality
bart_gis_mun,168,.23840056,.41056222,BART,GIS,Municipality
bart_gis_mun,169,.23380567,.64046544,BART,GIS,Municipality
bart_gis_mun,170,.2329001,.68037426,BART,GIS,Municipality
bart_gis_mun,171,.23260327,.7158711,BART,GIS,Municipality
bart_gis_mun,172,.23764396,.44287017,BART,GIS,Municipality
bart_gis_mun,173,.23689196,.48041677,BART,GIS,Municipality
bart_gis_mun,174,.23464635,.59396374,BART,GIS,Municipality
bart_gis_mun,175,.23533934,.55062425,BART,GIS,Municipality
bart_gis_mun,176,.23349215,.65158194,BART,GIS,Municipality
bart_gis_mun,177,.23321976,.66047943,BART,GIS,Municipality
bart_gis_mun,178,.23468705,.59191114,BART,GIS,Municipality
bart_gis_mun,179,.23675334,.4825412,BART,GIS,Municipality
bart_gis_mun,180,.23518963,.55697536,BART,GIS,Municipality
bart_gis_mun,181,.23444922,.60095972,BART,GIS,Municipality
bart_gis_mun,182,.23554137,.54091829,BART,GIS,Municipality
bart_gis_mun,183,.23418061,.61324507,BART,GIS,Municipality
bart_gis_mun,184,.23932333,.35926318,BART,GIS,Municipality
bart_gis_mun,185,.23350827,.65311629,BART,GIS,Municipality
bart_gis_mun,186,.23469163,.58651513,BART,GIS,Municipality
bart_gis_mun,187,.23225226,.7196399,BART,GIS,Municipality
bart_gis_mun,188,.235943,.51620787,BART,GIS,Municipality
bart_gis_mun,189,.23794445,.41776744,BART,GIS,Municipality
bart_gis_mun,190,.23633502,.50575501,BART,GIS,Municipality
bart_gis_mun,191,.23378222,.62047309,BART,GIS,Municipality
bart_gis_mun,192,.23537137,.5563345,BART,GIS,Municipality
bart_gis_mun,193,.23582289,.53277177,BART,GIS,Municipality
bart_gis_mun,194,.23516382,.56977499,BART,GIS,Municipality
bart_gis_mun,195,.23659283,.4800992,BART,GIS,Municipality
bart_gis_mun,196,.23511033,.56886846,BART,GIS,Municipality
bart_gis_mun,197,.23830476,.41589102,BART,GIS,Municipality
bart_gis_mun,198,.23616308,.5224455,BART,GIS,Municipality
bart_gis_mun,199,.23679665,.48459724,BART,GIS,Municipality
bart_gis_mun,200,.23718445,.46644711,BART,GIS,Municipality
bart_gis_mun,201,.23650342,.50324684,BART,GIS,Municipality
bart_gis_mun,202,.23474115,.58999485,BART,GIS,Municipality
bart_gis_mun,203,.23416691,.61747515,BART,GIS,Municipality
bart_gis_mun,204,.23383062,.6313861,BART,GIS,Municipality
bart_gis_mun,205,.23676954,.48606712,BART,GIS,Municipality
bart_gis_mun,206,.23797232,.41732726,BART,GIS,Municipality
bart_gis_mun,207,.23608516,.52460814,BART,GIS,Municipality
bart_gis_mun,208,.23474637,.58094513,BART,GIS,Municipality
bart_gis_mun,209,.23688686,.46794325,BART,GIS,Municipality
bart_gis_mun,210,.23681018,.49086908,BART,GIS,Municipality
bart_gis_mun,211,.23485842,.58046508,BART,GIS,Municipality
bart_gis_mun,212,.2345269,.59618229,BART,GIS,Municipality
bart_gis_mun,213,.23409121,.61669344,BART,GIS,Municipality
bart_gis_mun,214,.23889266,.371353,BART,GIS,Municipality
bart_gis_mun,215,.23701027,.46948954,BART,GIS,Municipality
bart_gis_mun,216,.23494175,.58595121,BART,GIS,Municipality
bart_gis_mun,217,.2325092,.6944505,BART,GIS,Municipality
bart_gis_mun,218,.23511511,.58054316,BART,GIS,Municipality
bart_gis_mun,219,.231878,.72638214,BART,GIS,Municipality
bart_gis_mun,220,.23234205,.71283442,BART,GIS,Municipality
bart_gis_mun,221,.23389874,.62463188,BART,GIS,Municipality
bart_gis_mun,222,.23321001,.66858888,BART,GIS,Municipality
bart_gis_mun,223,.23550811,.55522722,BART,GIS,Municipality
bart_gis_mun,224,.23229712,.72105336,BART,GIS,Municipality
bart_gis_mun,225,.2361964,.51680422,BART,GIS,Municipality
bart_gis_mun,226,.23524182,.55641031,BART,GIS,Municipality
bart_gis_mun,227,.24012746,.32338887,BART,GIS,Municipality
bart_gis_mun,228,.23622105,.51277775,BART,GIS,Municipality
bart_gis_mun,229,.23866495,.38706794,BART,GIS,Municipality
bart_gis_mun,230,.23415798,.61682117,BART,GIS,Municipality
bart_gis_mun,231,.23646457,.5076251,BART,GIS,Municipality
bart_gis_mun,232,.23795681,.41772068,BART,GIS,Municipality
bart_gis_mun,233,.23420762,.60616076,BART,GIS,Municipality
bart_gis_mun,234,.23507285,.56068027,BART,GIS,Municipality
bart_gis_mun,235,.23451145,.60669786,BART,GIS,Municipality
bart_gis_mun,236,.23715478,.46468815,BART,GIS,Municipality
bart_gis_mun,237,.23559654,.53669506,BART,GIS,Municipality
bart_gis_mun,238,.23472577,.57769918,BART,GIS,Municipality
bart_gis_mun,239,.23381846,.6330983,BART,GIS,Municipality
bart_gis_mun,240,.2346368,.57914972,BART,GIS,Municipality
bart_gis_mun,241,.23727039,.4652817,BART,GIS,Municipality
bart_gis_mun,242,.23460446,.58838809,BART,GIS,Municipality
bart_gis_mun,243,.23573521,.53813475,BART,GIS,Municipality
bart_gis_mun,244,.2355276,.54934078,BART,GIS,Municipality
bart_gis_mun,245,.23386511,.62607557,BART,GIS,Municipality
bart_gis_mun,246,.23505704,.5705744,BART,GIS,Municipality
bart_gis_mun,247,.23567422,.54239047,BART,GIS,Municipality
bart_gis_mun,248,.23536988,.55900401,BART,GIS,Municipality
bart_gis_mun,249,.23472254,.58371329,BART,GIS,Municipality
bart_gis_mun,250,.2349935,.57613635,BART,GIS,Municipality
bart_gis_mun,251,.23857293,.38804692,BART,GIS,Municipality
bart_gis_mun,252,.23326053,.6466825,BART,GIS,Municipality
bart_gis_mun,253,.23236606,.7098285,BART,GIS,Municipality
bart_gis_mun,254,.23523803,.55890077,BART,GIS,Municipality
bart_gis_mun,255,.23564847,.54137105,BART,GIS,Municipality
bart_gis_mun,256,.23496868,.57566196,BART,GIS,Municipality
bart_gis_mun,257,.23856784,.39046213,BART,GIS,Municipality
bart_gis_mun,258,.23638564,.49780458,BART,GIS,Municipality
bart_gis_mun,259,.2361892,.51111227,BART,GIS,Municipality
bart_gis_mun,260,.23384215,.63132566,BART,GIS,Municipality
bart_gis_mun,261,.23367208,.62525052,BART,GIS,Municipality
bart_gis_mun,262,.23243561,.69223201,BART,GIS,Municipality
bart_gis_mun,263,.23861171,.38663974,BART,GIS,Municipality
bart_gis_mun,264,.23670346,.50130767,BART,GIS,Municipality
bart_gis_mun,265,.23591998,.53756684,BART,GIS,Municipality
bart_gis_mun,266,.2353131,.55300355,BART,GIS,Municipality
bart_gis_mun,267,.23597911,.52917516,BART,GIS,Municipality
bart_gis_mun,268,.23329136,.64699554,BART,GIS,Municipality
bart_gis_mun,269,.23365527,.64862394,BART,GIS,Municipality
bart_gis_mun,270,.23416518,.62111056,BART,GIS,Municipality
bart_gis_mun,271,.23684995,.48132277,BART,GIS,Municipality
bart_gis_mun,272,.23635481,.49969697,BART,GIS,Municipality
bart_gis_mun,273,.23509148,.55464679,BART,GIS,Municipality
bart_gis_mun,274,.23250672,.69253308,BART,GIS,Municipality
bart_gis_mun,275,.23471491,.58370304,BART,GIS,Municipality
bart_gis_mun,276,.23334968,.65939385,BART,GIS,Municipality
bart_gis_mun,277,.23489814,.57219768,BART,GIS,Municipality
bart_gis_mun,278,.2330593,.66495866,BART,GIS,Municipality
bart_gis_mun,279,.23545693,.55373847,BART,GIS,Municipality
bart_gis_mun,280,.23735744,.44687843,BART,GIS,Municipality
bart_gis_mun,281,.23507106,.57455927,BART,GIS,Municipality
bart_gis_mun,282,.23660858,.49543953,BART,GIS,Municipality
bart_gis_mun,283,.2342248,.6118955,BART,GIS,Municipality
bart_gis_mun,284,.23488653,.58980495,BART,GIS,Municipality
bart_gis_mun,285,.23440014,.6010766,BART,GIS,Municipality
bart_gis_mun,286,.23378649,.63015509,BART,GIS,Municipality
bart_gis_mun,287,.23190542,.73839784,BART,GIS,Municipality
bart_gis_mun,288,.23412794,.61031789,BART,GIS,Municipality
bart_gis_mun,289,.23654722,.50177068,BART,GIS,Municipality
bart_gis_mun,290,.23152216,.74054337,BART,GIS,Municipality
bart_gis_mun,291,.23446052,.59434521,BART,GIS,Municipality
bart_gis_mun,292,.23807549,.41543943,BART,GIS,Municipality
bart_gis_mun,293,.2364181,.50309688,BART,GIS,Municipality
bart_gis_mun,294,.23547269,.54890233,BART,GIS,Municipality
bart_gis_mun,295,.23294173,.67817968,BART,GIS,Municipality
bart_gis_mun,296,.2366107,.48955768,BART,GIS,Municipality
bart_gis_mun,297,.23296499,.66961175,BART,GIS,Municipality
bart_gis_mun,298,.23500268,.576873,BART,GIS,Municipality
bart_gis_mun,299,.24110471,.26973504,BART,GIS,Municipality
bart_gis_mun,300,.23543639,.55217451,BART,GIS,Municipality
bart_gis_mun,301,.2351748,.55576146,BART,GIS,Municipality
bart_gis_mun,302,.23719896,.47771531,BART,GIS,Municipality
bart_gis_mun,303,.23522407,.55845833,BART,GIS,Municipality
bart_gis_mun,304,.24237089,.21023187,BART,GIS,Municipality
bart_gis_mun,305,.23491606,.58635432,BART,GIS,Municipality
bart_gis_mun,306,.2352832,.56142491,BART,GIS,Municipality
bart_gis_mun,307,.23409109,.62669188,BART,GIS,Municipality
bart_gis_mun,308,.23392567,.63050747,BART,GIS,Municipality
bart_gis_mun,309,.23462923,.59594166,BART,GIS,Municipality
bart_gis_mun,310,.23646644,.49939135,BART,GIS,Municipality
bart_gis_mun,311,.23630673,.49377349,BART,GIS,Municipality
bart_gis_mun,312,.2334355,.65700424,BART,GIS,Municipality
bart_gis_mun,313,.23410611,.61964405,BART,GIS,Municipality
bart_gis_mun,314,.24141264,.26430991,BART,GIS,Municipality
bart_gis_mun,315,.23529604,.55745769,BART,GIS,Municipality
bart_gis_mun,316,.23367208,.64021856,BART,GIS,Municipality
bart_gis_mun,317,.2345462,.59823889,BART,GIS,Municipality
bart_gis_mun,318,.23421209,.61652642,BART,GIS,Municipality
bart_gis_mun,319,.23482132,.58520085,BART,GIS,Municipality
bart_gis_mun,320,.23534462,.55730432,BART,GIS,Municipality
bart_gis_mun,321,.23600256,.51520211,BART,GIS,Municipality
bart_gis_mun,322,.2373516,.43947309,BART,GIS,Municipality
bart_gis_mun,323,.23559617,.54377311,BART,GIS,Municipality
bart_gis_mun,324,.23345995,.65018678,BART,GIS,Municipality
bart_gis_mun,325,.23863895,.39933735,BART,GIS,Municipality
bart_gis_mun,326,.23580135,.53660041,BART,GIS,Municipality
bart_gis_mun,327,.23557469,.52269238,BART,GIS,Municipality
bart_gis_mun,328,.23535852,.55743891,BART,GIS,Municipality
bart_gis_mun,329,.23312868,.67560935,BART,GIS,Municipality
bart_gis_mun,330,.23486264,.57410771,BART,GIS,Municipality
bart_gis_mun,331,.2350298,.57386655,BART,GIS,Municipality
bart_gis_mun,332,.23676327,.48216262,BART,GIS,Municipality
bart_gis_mun,333,.23444836,.59757692,BART,GIS,Municipality
bart_gis_mun,334,.23431732,.60234064,BART,GIS,Municipality
bart_gis_mun,335,.23330085,.66245502,BART,GIS,Municipality
bart_gis_mun,336,.23623203,.50102544,BART,GIS,Municipality
bart_gis_mun,337,.23471063,.58093035,BART,GIS,Municipality
bart_gis_mun,338,.23532273,.54922509,BART,GIS,Municipality
bart_gis_mun,339,.23688041,.46944904,BART,GIS,Municipality
bart_gis_mun,340,.23177983,.72900546,BART,GIS,Municipality
bart_gis_mun,341,.23590653,.52463323,BART,GIS,Municipality
bart_gis_mun,342,.23609465,.50791931,BART,GIS,Municipality
bart_gis_mun,343,.2341115,.62812191,BART,GIS,Municipality
bart_gis_mun,344,.23409984,.62253767,BART,GIS,Municipality
bart_gis_mun,345,.23766084,.44476482,BART,GIS,Municipality
bart_gis_mun,346,.23781769,.43258891,BART,GIS,Municipality
bart_gis_mun,347,.23422442,.60978872,BART,GIS,Municipality
bart_gis_mun,348,.2343353,.6080845,BART,GIS,Municipality
bart_gis_mun,349,.23468742,.59065169,BART,GIS,Municipality
bart_gis_mun,350,.23647791,.4867211,BART,GIS,Municipality
bart_gis_mun,351,.23734173,.45966384,BART,GIS,Municipality
bart_gis_mun,352,.23553815,.55623126,BART,GIS,Municipality
bart_gis_mun,353,.23335552,.66177481,BART,GIS,Municipality
bart_gis_mun,354,.23556781,.54504061,BART,GIS,Municipality
bart_gis_mun,355,.23638819,.49270615,BART,GIS,Municipality
bart_gis_mun,356,.23635679,.51034254,BART,GIS,Municipality
bart_gis_mun,357,.23518467,.56844938,BART,GIS,Municipality
bart_gis_mun,358,.23485619,.56872362,BART,GIS,Municipality
bart_gis_mun,359,.23548982,.5441004,BART,GIS,Municipality
bart_gis_mun,360,.23388639,.63077033,BART,GIS,Municipality
bart_gis_mun,361,.23550545,.53643507,BART,GIS,Municipality
bart_gis_mun,362,.23330092,.67014372,BART,GIS,Municipality
bart_gis_mun,363,.23612468,.51213288,BART,GIS,Municipality
bart_gis_mun,364,.23711321,.45553926,BART,GIS,Municipality
bart_gis_mun,365,.23861419,.37053767,BART,GIS,Municipality
bart_gis_mun,366,.23403916,.63060325,BART,GIS,Municipality
bart_gis_mun,367,.23646973,.50827909,BART,GIS,Municipality
bart_gis_mun,368,.23455445,.59142655,BART,GIS,Municipality
bart_gis_mun,369,.23521444,.56178981,BART,GIS,Municipality
bart_gis_mun,370,.23203453,.72372514,BART,GIS,Municipality
bart_gis_mun,371,.23656416,.49441493,BART,GIS,Municipality
bart_gis_mun,372,.23643975,.49474391,BART,GIS,Municipality
bart_gis_mun,373,.23125851,.75209552,BART,GIS,Municipality
bart_gis_mun,374,.2365216,.50263619,BART,GIS,Municipality
bart_gis_mun,375,.23869604,.3884044,BART,GIS,Municipality
bart_gis_mun,376,.23785926,.433707,BART,GIS,Municipality
bart_gis_mun,377,.23349655,.64039928,BART,GIS,Municipality
bart_gis_mun,378,.23422003,.61379761,BART,GIS,Municipality
bart_gis_mun,379,.23517393,.55844635,BART,GIS,Municipality
bart_gis_mun,380,.23438959,.60783076,BART,GIS,Municipality
bart_gis_mun,381,.23461613,.59839851,BART,GIS,Municipality
bart_gis_mun,382,.23601268,.52974761,BART,GIS,Municipality
bart_gis_mun,383,.23750789,.4597739,BART,GIS,Municipality
bart_gis_mun,384,.23665233,.48788995,BART,GIS,Municipality
bart_gis_mun,385,.23362586,.64921576,BART,GIS,Municipality
bart_gis_mun,386,.23463345,.57973069,BART,GIS,Municipality
bart_gis_mun,387,.23529536,.54820615,BART,GIS,Municipality
bart_gis_mun,388,.2361642,.52714306,BART,GIS,Municipality
bart_gis_mun,389,.23418006,.6057058,BART,GIS,Municipality
bart_gis_mun,390,.23369138,.64113653,BART,GIS,Municipality
bart_gis_mun,391,.23686974,.48223162,BART,GIS,Municipality
bart_gis_mun,392,.23605563,.52419817,BART,GIS,Municipality
bart_gis_mun,393,.23354954,.66283536,BART,GIS,Municipality
bart_gis_mun,394,.23579241,.53156644,BART,GIS,Municipality
bart_gis_mun,395,.23597087,.51977026,BART,GIS,Municipality
bart_gis_mun,396,.23647065,.49097228,BART,GIS,Municipality
bart_gis_mun,397,.23898777,.39674366,BART,GIS,Municipality
bart_gis_mun,398,.23499766,.57299477,BART,GIS,Municipality
bart_gis_mun,399,.23377129,.63373119,BART,GIS,Municipality
bart_gis_mun,400,.23396352,.62150794,BART,GIS,Municipality
bart_gis_mun,401,.23292144,.67792654,BART,GIS,Municipality
bart_gis_mun,402,.23580055,.5284704,BART,GIS,Municipality
bart_gis_mun,403,.23509693,.56689852,BART,GIS,Municipality
bart_gis_mun,404,.23411256,.62466496,BART,GIS,Municipality
bart_gis_mun,405,.23355593,.65301138,BART,GIS,Municipality
bart_gis_mun,406,.23558722,.53668594,BART,GIS,Municipality
bart_gis_mun,407,.23285356,.67403626,BART,GIS,Municipality
bart_gis_mun,408,.23808618,.41531798,BART,GIS,Municipality
bart_gis_mun,409,.23577647,.53085375,BART,GIS,Municipality
bart_gis_mun,410,.23790921,.42064506,BART,GIS,Municipality
bart_gis_mun,411,.23562793,.53449935,BART,GIS,Municipality
bart_gis_mun,412,.23750634,.44617939,BART,GIS,Municipality
bart_gis_mun,413,.23546134,.54684746,BART,GIS,Municipality
bart_gis_mun,414,.23413607,.61815363,BART,GIS,Municipality
bart_gis_mun,415,.2359239,.52411264,BART,GIS,Municipality
bart_gis_mun,416,.23562278,.53823167,BART,GIS,Municipality
bart_gis_mun,417,.235422,.56686318,BART,GIS,Municipality
bart_gis_mun,418,.23374858,.63270092,BART,GIS,Municipality
bart_gis_mun,419,.23306613,.67432308,BART,GIS,Municipality
bart_gis_mun,420,.23597185,.53372622,BART,GIS,Municipality
bart_gis_mun,421,.23687644,.4803974,BART,GIS,Municipality
bart_gis_mun,422,.23451033,.60293591,BART,GIS,Municipality
bart_gis_mun,423,.23481375,.57839137,BART,GIS,Municipality
bart_gis_mun,424,.23790351,.42162347,BART,GIS,Municipality
bart_gis_mun,425,.2379398,.42048371,BART,GIS,Municipality
bart_gis_mun,426,.23172009,.74237591,BART,GIS,Municipality
bart_gis_mun,427,.23634595,.50402224,BART,GIS,Municipality
bart_gis_mun,428,.23748022,.4484612,BART,GIS,Municipality
bart_gis_mun,429,.23455743,.60342395,BART,GIS,Municipality
bart_gis_mun,430,.23286368,.68029159,BART,GIS,Municipality
bart_gis_mun,431,.23510376,.56956631,BART,GIS,Municipality
bart_gis_mun,432,.23642847,.5035975,BART,GIS,Municipality
bart_gis_mun,433,.23694861,.47266763,BART,GIS,Municipality
bart_gis_mun,434,.23334187,.64680284,BART,GIS,Municipality
bart_gis_mun,435,.23259774,.68777555,BART,GIS,Municipality
bart_gis_mun,436,.23407862,.6089415,BART,GIS,Municipality
bart_gis_mun,437,.23320542,.65962017,BART,GIS,Municipality
bart_gis_mun,438,.23600592,.52145678,BART,GIS,Municipality
bart_gis_mun,439,.23992786,.32244068,BART,GIS,Municipality
bart_gis_mun,440,.23390104,.62482119,BART,GIS,Municipality
bart_gis_mun,441,.23480742,.58007222,BART,GIS,Municipality
bart_gis_mun,442,.23431824,.59846127,BART,GIS,Municipality
bart_gis_mun,443,.23484211,.58307189,BART,GIS,Municipality
bart_gis_mun,444,.23312005,.66427332,BART,GIS,Municipality
bart_gis_mun,445,.23525266,.5650335,BART,GIS,Municipality
bart_gis_mun,446,.23593153,.52361947,BART,GIS,Municipality
bart_gis_mun,447,.23480116,.57668883,BART,GIS,Municipality
bart_gis_mun,448,.23368052,.63396382,BART,GIS,Municipality
bart_gis_mun,449,.23369218,.63455737,BART,GIS,Municipality
bart_gis_mun,450,.23799168,.42775276,BART,GIS,Municipality
bart_gis_mun,451,.23549862,.55462569,BART,GIS,Municipality
bart_gis_mun,452,.23418143,.61654407,BART,GIS,Municipality
bart_gis_mun,453,.23413943,.61890286,BART,GIS,Municipality
bart_gis_mun,454,.23184213,.73541814,BART,GIS,Municipality
bart_gis_mun,455,.23498382,.5804953,BART,GIS,Municipality
bart_gis_mun,456,.23938724,.35493279,BART,GIS,Municipality
bart_gis_mun,457,.23644187,.48858044,BART,GIS,Municipality
bart_gis_mun,458,.23428579,.6122399,BART,GIS,Municipality
bart_gis_mun,459,.23521036,.56142151,BART,GIS,Municipality
bart_gis_mun,460,.23281106,.69244182,BART,GIS,Municipality
bart_gis_mun,461,.23533823,.55310732,BART,GIS,Municipality
bart_gis_mun,462,.23372519,.6486969,BART,GIS,Municipality
bart_gis_mun,463,.23687576,.47240594,BART,GIS,Municipality
bart_gis_mun,464,.23539823,.55590796,BART,GIS,Municipality
bart_gis_mun,465,.23346627,.63919681,BART,GIS,Municipality
bart_gis_mun,466,.23404071,.62526649,BART,GIS,Municipality
bart_gis_mun,467,.23606171,.50939548,BART,GIS,Municipality
bart_gis_mun,468,.23538172,.55246472,BART,GIS,Municipality
bart_gis_mun,469,.23781528,.433768,BART,GIS,Municipality
bart_gis_mun,470,.23147815,.74494618,BART,GIS,Municipality
bart_gis_mun,471,.23492028,.58268017,BART,GIS,Municipality
bart_gis_mun,472,.2338071,.62394941,BART,GIS,Municipality
bart_gis_mun,473,.23721273,.47741428,BART,GIS,Municipality
bart_gis_mun,474,.23425247,.6056841,BART,GIS,Municipality
bart_gis_mun,475,.23370589,.63049662,BART,GIS,Municipality
bart_gis_mun,476,.23332028,.65747178,BART,GIS,Municipality
bart_gis_mun,477,.2367629,.49763751,BART,GIS,Municipality
bart_gis_mun,478,.23698862,.45511222,BART,GIS,Municipality
bart_gis_mun,479,.23676209,.47698382,BART,GIS,Municipality
bart_gis_mun,480,.2342902,.61377138,BART,GIS,Municipality
bart_gis_mun,481,.23553176,.53826362,BART,GIS,Municipality
bart_gis_mun,482,.2359198,.52195573,BART,GIS,Municipality
bart_gis_mun,483,.23467185,.5805198,BART,GIS,Municipality
bart_gis_mun,484,.23588121,.53390014,BART,GIS,Municipality
bart_gis_mun,485,.2402979,.32702881,BART,GIS,Municipality
bart_gis_mun,486,.2377325,.44226977,BART,GIS,Municipality
bart_gis_mun,487,.23336396,.65499783,BART,GIS,Municipality
bart_gis_mun,488,.23475561,.5957666,BART,GIS,Municipality
bart_gis_mun,489,.23222397,.71360582,BART,GIS,Municipality
bart_gis_mun,490,.23853813,.38335901,BART,GIS,Municipality
bart_gis_mun,491,.23535927,.55958557,BART,GIS,Municipality
bart_gis_mun,492,.23343432,.6535331,BART,GIS,Municipality
bart_gis_mun,493,.23639409,.49528787,BART,GIS,Municipality
bart_gis_mun,494,.23068799,.78891629,BART,GIS,Municipality
bart_gis_mun,495,.23465765,.59538746,BART,GIS,Municipality
bart_gis_mun,496,.23447615,.59721088,BART,GIS,Municipality
bart_gis_mun,497,.23566914,.53767461,BART,GIS,Municipality
bart_gis_mun,498,.2345807,.59140944,BART,GIS,Municipality
bart_gis_mun,499,.23657489,.48027137,BART,GIS,Municipality
bart_gis_mun,500,.23545215,.54865718,BART,GIS,Municipality
bart_census_mun,1,.22679323,.95953643,BART,Census agg.,Municipality
bart_census_mun,2,.22732759,.9383496,BART,Census agg.,Municipality
bart_census_mun,3,.22865626,.87217659,BART,Census agg.,Municipality
bart_census_mun,4,.22496253,1.0321136,BART,Census agg.,Municipality
bart_census_mun,5,.22848029,.88492328,BART,Census agg.,Municipality
bart_census_mun,6,.22886735,.86270386,BART,Census agg.,Municipality
bart_census_mun,7,.22752328,.92573237,BART,Census agg.,Municipality
bart_census_mun,8,.22776353,.92268598,BART,Census agg.,Municipality
bart_census_mun,9,.2261464,.98866397,BART,Census agg.,Municipality
bart_census_mun,10,.22676599,.96218085,BART,Census agg.,Municipality
bart_census_mun,11,.22648275,.97104239,BART,Census agg.,Municipality
bart_census_mun,12,.22401762,1.0832062,BART,Census agg.,Municipality
bart_census_mun,13,.22513509,1.0341781,BART,Census agg.,Municipality
bart_census_mun,14,.22697125,.9493196,BART,Census agg.,Municipality
bart_census_mun,15,.22827169,.88858831,BART,Census agg.,Municipality
bart_census_mun,16,.22597714,.99463248,BART,Census agg.,Municipality
bart_census_mun,17,.22851522,.88692111,BART,Census agg.,Municipality
bart_census_mun,18,.22931185,.84809279,BART,Census agg.,Municipality
bart_census_mun,19,.22853099,.87583369,BART,Census agg.,Municipality
bart_census_mun,20,.22631237,.98115313,BART,Census agg.,Municipality
bart_census_mun,21,.22758602,.92629057,BART,Census agg.,Municipality
bart_census_mun,22,.22492984,1.0400126,BART,Census agg.,Municipality
bart_census_mun,23,.22483912,1.0520517,BART,Census agg.,Municipality
bart_census_mun,24,.22587532,1.0055957,BART,Census agg.,Municipality
bart_census_mun,25,.22793068,.90291488,BART,Census agg.,Municipality
bart_census_mun,26,.22614336,.98476285,BART,Census agg.,Municipality
bart_census_mun,27,.22474258,1.0470314,BART,Census agg.,Municipality
bart_census_mun,28,.2274428,.92872119,BART,Census agg.,Municipality
bart_census_mun,29,.22996663,.81211072,BART,Census agg.,Municipality
bart_census_mun,30,.22888018,.8586511,BART,Census agg.,Municipality
bart_census_mun,31,.22951071,.84085852,BART,Census agg.,Municipality
bart_census_mun,32,.2259945,.9997617,BART,Census agg.,Municipality
bart_census_mun,33,.22691566,.95337409,BART,Census agg.,Municipality
bart_census_mun,34,.22775026,.91191095,BART,Census agg.,Municipality
bart_census_mun,35,.22936396,.84863669,BART,Census agg.,Municipality
bart_census_mun,36,.22780584,.90998095,BART,Census agg.,Municipality
bart_census_mun,37,.22773492,.91300625,BART,Census agg.,Municipality
bart_census_mun,38,.22693253,.95865494,BART,Census agg.,Municipality
bart_census_mun,39,.22367047,1.1181135,BART,Census agg.,Municipality
bart_census_mun,40,.22871707,.87053794,BART,Census agg.,Municipality
bart_census_mun,41,.22877793,.87148786,BART,Census agg.,Municipality
bart_census_mun,42,.22488201,1.044367,BART,Census agg.,Municipality
bart_census_mun,43,.22854452,.88080382,BART,Census agg.,Municipality
bart_census_mun,44,.22699222,.96133471,BART,Census agg.,Municipality
bart_census_mun,45,.2268317,.96152973,BART,Census agg.,Municipality
bart_census_mun,46,.22436056,1.0686938,BART,Census agg.,Municipality
bart_census_mun,47,.22792783,.8991341,BART,Census agg.,Municipality
bart_census_mun,48,.22794937,.90588313,BART,Census agg.,Municipality
bart_census_mun,49,.22713462,.94103163,BART,Census agg.,Municipality
bart_census_mun,50,.22825016,.89156801,BART,Census agg.,Municipality
bart_census_mun,51,.22664228,.97168779,BART,Census agg.,Municipality
bart_census_mun,52,.23006324,.79975289,BART,Census agg.,Municipality
bart_census_mun,53,.2262896,.97616249,BART,Census agg.,Municipality
bart_census_mun,54,.22463846,1.0607809,BART,Census agg.,Municipality
bart_census_mun,55,.22804268,.90878648,BART,Census agg.,Municipality
bart_census_mun,56,.22652563,.96882617,BART,Census agg.,Municipality
bart_census_mun,57,.22639079,.98120445,BART,Census agg.,Municipality
bart_census_mun,58,.22651191,.96851313,BART,Census agg.,Municipality
bart_census_mun,59,.22653425,.975537,BART,Census agg.,Municipality
bart_census_mun,60,.22774069,.91928148,BART,Census agg.,Municipality
bart_census_mun,61,.22613485,.99593413,BART,Census agg.,Municipality
bart_census_mun,62,.22523008,1.0261267,BART,Census agg.,Municipality
bart_census_mun,63,.22543453,1.0294805,BART,Census agg.,Municipality
bart_census_mun,64,.2272664,.93447477,BART,Census agg.,Municipality
bart_census_mun,65,.22568992,1.0077286,BART,Census agg.,Municipality
bart_census_mun,66,.22742507,.92423224,BART,Census agg.,Municipality
bart_census_mun,67,.22811981,.90192962,BART,Census agg.,Municipality
bart_census_mun,68,.22760326,.92727983,BART,Census agg.,Municipality
bart_census_mun,69,.22663632,.97232813,BART,Census agg.,Municipality
bart_census_mun,70,.22968605,.83023971,BART,Census agg.,Municipality
bart_census_mun,71,.23002136,.81743091,BART,Census agg.,Municipality
bart_census_mun,72,.22853465,.87893939,BART,Census agg.,Municipality
bart_census_mun,73,.22831978,.89209312,BART,Census agg.,Municipality
bart_census_mun,74,.22583802,1.0058237,BART,Census agg.,Municipality
bart_census_mun,75,.22570369,1.0119147,BART,Census agg.,Municipality
bart_census_mun,76,.22398821,1.0918989,BART,Census agg.,Municipality
bart_census_mun,77,.22630276,.98590434,BART,Census agg.,Municipality
bart_census_mun,78,.22687575,.95552987,BART,Census agg.,Municipality
bart_census_mun,79,.22897276,.85643774,BART,Census agg.,Municipality
bart_census_mun,80,.22692472,.95433021,BART,Census agg.,Municipality
bart_census_mun,81,.22599947,1.0017042,BART,Census agg.,Municipality
bart_census_mun,82,.22578523,.99598145,BART,Census agg.,Municipality
bart_census_mun,83,.22896706,.86555296,BART,Census agg.,Municipality
bart_census_mun,84,.22911634,.85204291,BART,Census agg.,Municipality
bart_census_mun,85,.22796506,.90805382,BART,Census agg.,Municipality
bart_census_mun,86,.22632298,.98500121,BART,Census agg.,Municipality
bart_census_mun,87,.23020613,.78885072,BART,Census agg.,Municipality
bart_census_mun,88,.22800557,.90678573,BART,Census agg.,Municipality
bart_census_mun,89,.22556669,1.0225741,BART,Census agg.,Municipality
bart_census_mun,90,.22620659,.98109442,BART,Census agg.,Municipality
bart_census_mun,91,.227332,.93569773,BART,Census agg.,Municipality
bart_census_mun,92,.22491284,1.0541271,BART,Census agg.,Municipality
bart_census_mun,93,.22565027,1.0164824,BART,Census agg.,Municipality
bart_census_mun,94,.22846186,.89149272,BART,Census agg.,Municipality
bart_census_mun,95,.22747259,.92999381,BART,Census agg.,Municipality
bart_census_mun,96,.22689195,.94728869,BART,Census agg.,Municipality
bart_census_mun,97,.2242083,1.075668,BART,Census agg.,Municipality
bart_census_mun,98,.22746241,.9313485,BART,Census agg.,Municipality
bart_census_mun,99,.22672585,.96993172,BART,Census agg.,Municipality
bart_census_mun,100,.22637852,.9929328,BART,Census agg.,Municipality
bart_census_mun,101,.22900335,.86433965,BART,Census agg.,Municipality
bart_census_mun,102,.22527762,1.0331923,BART,Census agg.,Municipality
bart_census_mun,103,.2277389,.90858293,BART,Census agg.,Municipality
bart_census_mun,104,.22740068,.92613608,BART,Census agg.,Municipality
bart_census_mun,105,.22993442,.81194192,BART,Census agg.,Municipality
bart_census_mun,106,.22661287,.97763008,BART,Census agg.,Municipality
bart_census_mun,107,.22936708,.84857512,BART,Census agg.,Municipality
bart_census_mun,108,.22678138,.9720037,BART,Census agg.,Municipality
bart_census_mun,109,.22507688,1.0456145,BART,Census agg.,Municipality
bart_census_mun,110,.22837351,.89276135,BART,Census agg.,Municipality
bart_census_mun,111,.22724159,.94107842,BART,Census agg.,Municipality
bart_census_mun,112,.22560392,1.0099283,BART,Census agg.,Municipality
bart_census_mun,113,.22922394,.84498197,BART,Census agg.,Municipality
bart_census_mun,114,.2261508,.98533189,BART,Census agg.,Municipality
bart_census_mun,115,.22768721,.92193395,BART,Census agg.,Municipality
bart_census_mun,116,.22483888,1.0566478,BART,Census agg.,Municipality
bart_census_mun,117,.22789432,.9096086,BART,Census agg.,Municipality
bart_census_mun,118,.22775087,.91812181,BART,Census agg.,Municipality
bart_census_mun,119,.22638614,.97695386,BART,Census agg.,Municipality
bart_census_mun,120,.23156689,.74001765,BART,Census agg.,Municipality
bart_census_mun,121,.22431941,1.0747859,BART,Census agg.,Municipality
bart_census_mun,122,.22543105,1.0124257,BART,Census agg.,Municipality
bart_census_mun,123,.22446094,1.0632634,BART,Census agg.,Municipality
bart_census_mun,124,.22951773,.82849729,BART,Census agg.,Municipality
bart_census_mun,125,.22933555,.84476298,BART,Census agg.,Municipality
bart_census_mun,126,.22909723,.84630984,BART,Census agg.,Municipality
bart_census_mun,127,.22751348,.93116039,BART,Census agg.,Municipality
bart_census_mun,128,.22490974,1.0460769,BART,Census agg.,Municipality
bart_census_mun,129,.22693917,.96191686,BART,Census agg.,Municipality
bart_census_mun,130,.22828199,.89255267,BART,Census agg.,Municipality
bart_census_mun,131,.22753489,.92917448,BART,Census agg.,Municipality
bart_census_mun,132,.22973961,.82727939,BART,Census agg.,Municipality
bart_census_mun,133,.22572628,1.0114609,BART,Census agg.,Municipality
bart_census_mun,134,.22574545,1.0143864,BART,Census agg.,Municipality
bart_census_mun,135,.22823223,.89648396,BART,Census agg.,Municipality
bart_census_mun,136,.22829099,.88875818,BART,Census agg.,Municipality
bart_census_mun,137,.22788775,.90054184,BART,Census agg.,Municipality
bart_census_mun,138,.22342302,1.1147107,BART,Census agg.,Municipality
bart_census_mun,139,.23041691,.79596072,BART,Census agg.,Municipality
bart_census_mun,140,.22712773,.94315553,BART,Census agg.,Municipality
bart_census_mun,141,.22618113,.99426812,BART,Census agg.,Municipality
bart_census_mun,142,.22580259,1.005213,BART,Census agg.,Municipality
bart_census_mun,143,.22840144,.87925524,BART,Census agg.,Municipality
bart_census_mun,144,.2279225,.91583997,BART,Census agg.,Municipality
bart_census_mun,145,.22494088,1.0346273,BART,Census agg.,Municipality
bart_census_mun,146,.22903934,.86025953,BART,Census agg.,Municipality
bart_census_mun,147,.22600511,1.0029398,BART,Census agg.,Municipality
bart_census_mun,148,.22840807,.89545083,BART,Census agg.,Municipality
bart_census_mun,149,.22643597,.97608894,BART,Census agg.,Municipality
bart_census_mun,150,.22648659,.96751136,BART,Census agg.,Municipality
bart_census_mun,151,.22934027,.84173143,BART,Census agg.,Municipality
bart_census_mun,152,.22791809,.90968561,BART,Census agg.,Municipality
bart_census_mun,153,.22831562,.89593774,BART,Census agg.,Municipality
bart_census_mun,154,.22384153,1.0936801,BART,Census agg.,Municipality
bart_census_mun,155,.22811694,.90029037,BART,Census agg.,Municipality
bart_census_mun,156,.22890222,.86874193,BART,Census agg.,Municipality
bart_census_mun,157,.22686975,.95159626,BART,Census agg.,Municipality
bart_census_mun,158,.22581631,1.013404,BART,Census agg.,Municipality
bart_census_mun,159,.22720331,.94107729,BART,Census agg.,Municipality
bart_census_mun,160,.22714907,.94562894,BART,Census agg.,Municipality
bart_census_mun,161,.22701505,.95300686,BART,Census agg.,Municipality
bart_census_mun,162,.22884017,.87276733,BART,Census agg.,Municipality
bart_census_mun,163,.22326592,1.1286182,BART,Census agg.,Municipality
bart_census_mun,164,.22818489,.89865458,BART,Census agg.,Municipality
bart_census_mun,165,.22616178,.98337907,BART,Census agg.,Municipality
bart_census_mun,166,.2263571,.98617345,BART,Census agg.,Municipality
bart_census_mun,167,.22741438,.92967564,BART,Census agg.,Municipality
bart_census_mun,168,.2295063,.84242249,BART,Census agg.,Municipality
bart_census_mun,169,.22692397,.95506006,BART,Census agg.,Municipality
bart_census_mun,170,.22422183,1.0760021,BART,Census agg.,Municipality
bart_census_mun,171,.22512044,1.0379099,BART,Census agg.,Municipality
bart_census_mun,172,.22954179,.82814378,BART,Census agg.,Municipality
bart_census_mun,173,.2292086,.85124409,BART,Census agg.,Municipality
bart_census_mun,174,.22736245,.9321593,BART,Census agg.,Municipality
bart_census_mun,175,.22681172,.95185113,BART,Census agg.,Municipality
bart_census_mun,176,.22619206,.99371219,BART,Census agg.,Municipality
bart_census_mun,177,.22874977,.87983453,BART,Census agg.,Municipality
bart_census_mun,178,.22620957,.98346287,BART,Census agg.,Municipality
bart_census_mun,179,.22728391,.94326043,BART,Census agg.,Municipality
bart_census_mun,180,.22632782,.97243643,BART,Census agg.,Municipality
bart_census_mun,181,.22905684,.85780668,BART,Census agg.,Municipality
bart_census_mun,182,.22876646,.8669157,BART,Census agg.,Municipality
bart_census_mun,183,.22576307,1.0034295,BART,Census agg.,Municipality
bart_census_mun,184,.23217079,.71695215,BART,Census agg.,Municipality
bart_census_mun,185,.22631882,.98455191,BART,Census agg.,Municipality
bart_census_mun,186,.22795786,.90160352,BART,Census agg.,Municipality
bart_census_mun,187,.22485663,1.0549304,BART,Census agg.,Municipality
bart_census_mun,188,.22758862,.92492157,BART,Census agg.,Municipality
bart_census_mun,189,.22638285,.97112048,BART,Census agg.,Municipality
bart_census_mun,190,.22931744,.85246539,BART,Census agg.,Municipality
bart_census_mun,191,.22695947,.95328569,BART,Census agg.,Municipality
bart_census_mun,192,.22826561,.88485426,BART,Census agg.,Municipality
bart_census_mun,193,.22550197,1.0186313,BART,Census agg.,Municipality
bart_census_mun,194,.22672088,.96983361,BART,Census agg.,Municipality
bart_census_mun,195,.22755872,.93004912,BART,Census agg.,Municipality
bart_census_mun,196,.22671314,.96608704,BART,Census agg.,Municipality
bart_census_mun,197,.22382633,1.0915465,BART,Census agg.,Municipality
bart_census_mun,198,.22705911,.95043713,BART,Census agg.,Municipality
bart_census_mun,199,.22632298,.97463387,BART,Census agg.,Municipality
bart_census_mun,200,.2285161,.87959164,BART,Census agg.,Municipality
bart_census_mun,201,.22994125,.81203145,BART,Census agg.,Municipality
bart_census_mun,202,.22826275,.88532579,BART,Census agg.,Municipality
bart_census_mun,203,.2266293,.97991192,BART,Census agg.,Municipality
bart_census_mun,204,.2254259,1.0134913,BART,Census agg.,Municipality
bart_census_mun,205,.22938959,.83684736,BART,Census agg.,Municipality
bart_census_mun,206,.22674552,.96263129,BART,Census agg.,Municipality
bart_census_mun,207,.22673789,.96151263,BART,Census agg.,Municipality
bart_census_mun,208,.22935751,.84071654,BART,Census agg.,Municipality
bart_census_mun,209,.22900063,.86419141,BART,Census agg.,Municipality
bart_census_mun,210,.22854389,.88586575,BART,Census agg.,Municipality
bart_census_mun,211,.22335385,1.1240187,BART,Census agg.,Municipality
bart_census_mun,212,.22798808,.89985251,BART,Census agg.,Municipality
bart_census_mun,213,.22669055,.96038598,BART,Census agg.,Municipality
bart_census_mun,214,.22999343,.81408972,BART,Census agg.,Municipality
bart_census_mun,215,.22742654,.93329793,BART,Census agg.,Municipality
bart_census_mun,216,.22787012,.91079801,BART,Census agg.,Municipality
bart_census_mun,217,.22520943,1.0394863,BART,Census agg.,Municipality
bart_census_mun,218,.22735092,.93050694,BART,Census agg.,Municipality
bart_census_mun,219,.22615464,.99717313,BART,Census agg.,Municipality
bart_census_mun,220,.22879183,.86514533,BART,Census agg.,Municipality
bart_census_mun,221,.22763422,.92506814,BART,Census agg.,Municipality
bart_census_mun,222,.22531174,1.0387325,BART,Census agg.,Municipality
bart_census_mun,223,.2266048,.98123068,BART,Census agg.,Municipality
bart_census_mun,224,.22486383,1.0488393,BART,Census agg.,Municipality
bart_census_mun,225,.22898157,.86115015,BART,Census agg.,Municipality
bart_census_mun,226,.2278955,.91069937,BART,Census agg.,Municipality
bart_census_mun,227,.23124394,.76051801,BART,Census agg.,Municipality
bart_census_mun,228,.22895427,.86102927,BART,Census agg.,Municipality
bart_census_mun,229,.22751205,.91591579,BART,Census agg.,Municipality
bart_census_mun,230,.22767207,.92226863,BART,Census agg.,Municipality
bart_census_mun,231,.22893287,.87314588,BART,Census agg.,Municipality
bart_census_mun,232,.22649565,.97244388,BART,Census agg.,Municipality
bart_census_mun,233,.22731809,.9487192,BART,Census agg.,Municipality
bart_census_mun,234,.22549801,1.0292313,BART,Census agg.,Municipality
bart_census_mun,235,.22770415,.92014873,BART,Census agg.,Municipality
bart_census_mun,236,.22837259,.88228679,BART,Census agg.,Municipality
bart_census_mun,237,.22567974,1.0150969,BART,Census agg.,Municipality
bart_census_mun,238,.2258299,.99746507,BART,Census agg.,Municipality
bart_census_mun,239,.22743325,.9375428,BART,Census agg.,Municipality
bart_census_mun,240,.22878252,.87215036,BART,Census agg.,Municipality
bart_census_mun,241,.2261585,.9958874,BART,Census agg.,Municipality
bart_census_mun,242,.22742513,.92868358,BART,Census agg.,Municipality
bart_census_mun,243,.2253561,1.0333451,BART,Census agg.,Municipality
bart_census_mun,244,.22922151,.85283828,BART,Census agg.,Municipality
bart_census_mun,245,.22520061,1.028461,BART,Census agg.,Municipality
bart_census_mun,246,.22701977,.94636214,BART,Census agg.,Municipality
bart_census_mun,247,.22840844,.87581772,BART,Census agg.,Municipality
bart_census_mun,248,.22603682,.98416138,BART,Census agg.,Municipality
bart_census_mun,249,.22515123,1.0358988,BART,Census agg.,Municipality
bart_census_mun,250,.23005784,.81021315,BART,Census agg.,Municipality
bart_census_mun,251,.22582282,1.0032744,BART,Census agg.,Municipality
bart_census_mun,252,.22651663,.96959531,BART,Census agg.,Municipality
bart_census_mun,253,.2276112,.92824793,BART,Census agg.,Municipality
bart_census_mun,254,.22668794,.96138376,BART,Census agg.,Municipality
bart_census_mun,255,.23055595,.78549647,BART,Census agg.,Municipality
bart_census_mun,256,.22371446,1.0974854,BART,Census agg.,Municipality
bart_census_mun,257,.2303216,.79941195,BART,Census agg.,Municipality
bart_census_mun,258,.22778252,.91357356,BART,Census agg.,Municipality
bart_census_mun,259,.22621594,.99768001,BART,Census agg.,Municipality
bart_census_mun,260,.22221763,1.1748331,BART,Census agg.,Municipality
bart_census_mun,261,.22656162,.97128642,BART,Census agg.,Municipality
bart_census_mun,262,.2256095,1.0152725,BART,Census agg.,Municipality
bart_census_mun,263,.22741203,.93922198,BART,Census agg.,Municipality
bart_census_mun,264,.22832301,.88189679,BART,Census agg.,Municipality
bart_census_mun,265,.22754201,.92735851,BART,Census agg.,Municipality
bart_census_mun,266,.22916034,.84367055,BART,Census agg.,Municipality
bart_census_mun,267,.22675855,.95740628,BART,Census agg.,Municipality
bart_census_mun,268,.2276534,.92057979,BART,Census agg.,Municipality
bart_census_mun,269,.22573173,1.0085382,BART,Census agg.,Municipality
bart_census_mun,270,.22755027,.9268322,BART,Census agg.,Municipality
bart_census_mun,271,.22859055,.87840569,BART,Census agg.,Municipality
bart_census_mun,272,.22668639,.97473365,BART,Census agg.,Municipality
bart_census_mun,273,.22627799,.98559016,BART,Census agg.,Municipality
bart_census_mun,274,.22661498,.97443658,BART,Census agg.,Municipality
bart_census_mun,275,.22953169,.84183061,BART,Census agg.,Municipality
bart_census_mun,276,.22263601,1.1540265,BART,Census agg.,Municipality
bart_census_mun,277,.22648759,.97049785,BART,Census agg.,Municipality
bart_census_mun,278,.22766691,.91810751,BART,Census agg.,Municipality
bart_census_mun,279,.22675991,.9621917,BART,Census agg.,Municipality
bart_census_mun,280,.2284136,.88374931,BART,Census agg.,Municipality
bart_census_mun,281,.22886188,.86821169,BART,Census agg.,Municipality
bart_census_mun,282,.23071194,.78927153,BART,Census agg.,Municipality
bart_census_mun,283,.22794937,.91861099,BART,Census agg.,Municipality
bart_census_mun,284,.22613883,1.0028183,BART,Census agg.,Municipality
bart_census_mun,285,.2275947,.93157375,BART,Census agg.,Municipality
bart_census_mun,286,.22581773,1.0033543,BART,Census agg.,Municipality
bart_census_mun,287,.22451803,1.069297,BART,Census agg.,Municipality
bart_census_mun,288,.22834472,.89455283,BART,Census agg.,Municipality
bart_census_mun,289,.22588785,.99779803,BART,Census agg.,Municipality
bart_census_mun,290,.22489397,1.0471009,BART,Census agg.,Municipality
bart_census_mun,291,.22742599,.93448728,BART,Census agg.,Municipality
bart_census_mun,292,.23046133,.78564358,BART,Census agg.,Municipality
bart_census_mun,293,.23133694,.75754404,BART,Census agg.,Municipality
bart_census_mun,294,.22414605,1.0809113,BART,Census agg.,Municipality
bart_census_mun,295,.22407396,1.0851778,BART,Census agg.,Municipality
bart_census_mun,296,.22861543,.87988472,BART,Census agg.,Municipality
bart_census_mun,297,.22648288,.97868377,BART,Census agg.,Municipality
bart_census_mun,298,.2271786,.94330949,BART,Census agg.,Municipality
bart_census_mun,299,.23033203,.79179281,BART,Census agg.,Municipality
bart_census_mun,300,.22827542,.89107764,BART,Census agg.,Municipality
bart_census_mun,301,.22647294,.97773331,BART,Census agg.,Municipality
bart_census_mun,302,.22613981,.99448079,BART,Census agg.,Municipality
bart_census_mun,303,.22719046,.94215828,BART,Census agg.,Municipality
bart_census_mun,304,.22671524,.9541803,BART,Census agg.,Municipality
bart_census_mun,305,.22785586,.91396302,BART,Census agg.,Municipality
bart_census_mun,306,.22863051,.877693,BART,Census agg.,Municipality
bart_census_mun,307,.22716725,.94400454,BART,Census agg.,Municipality
bart_census_mun,308,.2284417,.89416909,BART,Census agg.,Municipality
bart_census_mun,309,.22726312,.93020988,BART,Census agg.,Municipality
bart_census_mun,310,.22713865,.94470066,BART,Census agg.,Municipality
bart_census_mun,311,.22621565,.99151593,BART,Census agg.,Municipality
bart_census_mun,312,.22617345,.99044573,BART,Census agg.,Municipality
bart_census_mun,313,.22540686,1.0228158,BART,Census agg.,Municipality
bart_census_mun,314,.23119727,.75247353,BART,Census agg.,Municipality
bart_census_mun,315,.22552691,1.0090178,BART,Census agg.,Municipality
bart_census_mun,316,.22637101,.98810577,BART,Census agg.,Municipality
bart_census_mun,317,.22759426,.92171556,BART,Census agg.,Municipality
bart_census_mun,318,.22412173,1.0775934,BART,Census agg.,Municipality
bart_census_mun,319,.22803654,.90727609,BART,Census agg.,Municipality
bart_census_mun,320,.22730909,.94343323,BART,Census agg.,Municipality
bart_census_mun,321,.22609447,.98676586,BART,Census agg.,Municipality
bart_census_mun,322,.22685975,.95491296,BART,Census agg.,Municipality
bart_census_mun,323,.22856009,.88452816,BART,Census agg.,Municipality
bart_census_mun,324,.22758602,.92413992,BART,Census agg.,Municipality
bart_census_mun,325,.2302531,.7985875,BART,Census agg.,Municipality
bart_census_mun,326,.22741129,.92365867,BART,Census agg.,Municipality
bart_census_mun,327,.22756629,.93025666,BART,Census agg.,Municipality
bart_census_mun,328,.22726052,.93186909,BART,Census agg.,Municipality
bart_census_mun,329,.22906689,.86107147,BART,Census agg.,Municipality
bart_census_mun,330,.22685367,.94729269,BART,Census agg.,Municipality
bart_census_mun,331,.22578107,1.0034535,BART,Census agg.,Municipality
bart_census_mun,332,.22803307,.90629196,BART,Census agg.,Municipality
bart_census_mun,333,.22900806,.8604061,BART,Census agg.,Municipality
bart_census_mun,334,.22564524,1.0071294,BART,Census agg.,Municipality
bart_census_mun,335,.22566025,1.0085388,BART,Census agg.,Municipality
bart_census_mun,336,.22889689,.86076814,BART,Census agg.,Municipality
bart_census_mun,337,.22680968,.95980328,BART,Census agg.,Municipality
bart_census_mun,338,.2256705,1.0100429,BART,Census agg.,Municipality
bart_census_mun,339,.22851461,.88194412,BART,Census agg.,Municipality
bart_census_mun,340,.22720598,.9380765,BART,Census agg.,Municipality
bart_census_mun,341,.22652756,.97386986,BART,Census agg.,Municipality
bart_census_mun,342,.22704062,.9505865,BART,Census agg.,Municipality
bart_census_mun,343,.22806172,.90499657,BART,Census agg.,Municipality
bart_census_mun,344,.22853962,.87706178,BART,Census agg.,Municipality
bart_census_mun,345,.23334894,.66544896,BART,Census agg.,Municipality
bart_census_mun,346,.22912353,.85903996,BART,Census agg.,Municipality
bart_census_mun,347,.22817707,.89770985,BART,Census agg.,Municipality
bart_census_mun,348,.22568502,1.0151522,BART,Census agg.,Municipality
bart_census_mun,349,.225198,1.0325788,BART,Census agg.,Municipality
bart_census_mun,350,.22707213,.93017566,BART,Census agg.,Municipality
bart_census_mun,351,.22821721,.88852328,BART,Census agg.,Municipality
bart_census_mun,352,.22847,.88678771,BART,Census agg.,Municipality
bart_census_mun,353,.22407296,1.0876677,BART,Census agg.,Municipality
bart_census_mun,354,.2279841,.91048324,BART,Census agg.,Municipality
bart_census_mun,355,.2256301,1.0053864,BART,Census agg.,Municipality
bart_census_mun,356,.22570655,1.0052199,BART,Census agg.,Municipality
bart_census_mun,357,.22810367,.907381,BART,Census agg.,Municipality
bart_census_mun,358,.22888683,.85652494,BART,Census agg.,Municipality
bart_census_mun,359,.22495043,1.0451281,BART,Census agg.,Municipality
bart_census_mun,360,.22549142,1.0199507,BART,Census agg.,Municipality
bart_census_mun,361,.22902966,.85068589,BART,Census agg.,Municipality
bart_census_mun,362,.2283114,.89454371,BART,Census agg.,Municipality
bart_census_mun,363,.22885829,.85933989,BART,Census agg.,Municipality
bart_census_mun,364,.22454174,1.0664005,BART,Census agg.,Municipality
bart_census_mun,365,.22924614,.85617828,BART,Census agg.,Municipality
bart_census_mun,366,.22630858,.97237998,BART,Census agg.,Municipality
bart_census_mun,367,.22873947,.88157982,BART,Census agg.,Municipality
bart_census_mun,368,.22636548,.9815101,BART,Census agg.,Municipality
bart_census_mun,369,.22574812,1.0064412,BART,Census agg.,Municipality
bart_census_mun,370,.22596745,.99711269,BART,Census agg.,Municipality
bart_census_mun,371,.22632125,.9879632,BART,Census agg.,Municipality
bart_census_mun,372,.22877614,.8676455,BART,Census agg.,Municipality
bart_census_mun,373,.22607747,.9885602,BART,Census agg.,Municipality
bart_census_mun,374,.22505647,1.0520402,BART,Census agg.,Municipality
bart_census_mun,375,.23204657,.72150779,BART,Census agg.,Municipality
bart_census_mun,376,.2275878,.92579854,BART,Census agg.,Municipality
bart_census_mun,377,.22518739,1.0256295,BART,Census agg.,Municipality
bart_census_mun,378,.22598873,.99633324,BART,Census agg.,Municipality
bart_census_mun,379,.22632459,.97997004,BART,Census agg.,Municipality
bart_census_mun,380,.22907954,.85042989,BART,Census agg.,Municipality
bart_census_mun,381,.22634092,.98104656,BART,Census agg.,Municipality
bart_census_mun,382,.22677934,.96431553,BART,Census agg.,Municipality
bart_census_mun,383,.22583027,.9997685,BART,Census agg.,Municipality
bart_census_mun,384,.23083319,.77918983,BART,Census agg.,Municipality
bart_census_mun,385,.22658184,.97112221,BART,Census agg.,Municipality
bart_census_mun,386,.2245338,1.064447,BART,Census agg.,Municipality
bart_census_mun,387,.22783352,.91471392,BART,Census agg.,Municipality
bart_census_mun,388,.22884855,.86912566,BART,Census agg.,Municipality
bart_census_mun,389,.22702454,.9440912,BART,Census agg.,Municipality
bart_census_mun,390,.22697565,.94436485,BART,Census agg.,Municipality
bart_census_mun,391,.22802736,.90341151,BART,Census agg.,Municipality
bart_census_mun,392,.22665356,.96121442,BART,Census agg.,Municipality
bart_census_mun,393,.22480494,1.0401546,BART,Census agg.,Municipality
bart_census_mun,394,.2270176,.95622545,BART,Census agg.,Municipality
bart_census_mun,395,.22661783,.97761643,BART,Census agg.,Municipality
bart_census_mun,396,.22725765,.9336189,BART,Census agg.,Municipality
bart_census_mun,397,.22758751,.93182063,BART,Census agg.,Municipality
bart_census_mun,398,.22784561,.90540707,BART,Census agg.,Municipality
bart_census_mun,399,.22578168,1.0012219,BART,Census agg.,Municipality
bart_census_mun,400,.22738045,.93359214,BART,Census agg.,Municipality
bart_census_mun,401,.22630437,.98398119,BART,Census agg.,Municipality
bart_census_mun,402,.22835912,.88554871,BART,Census agg.,Municipality
bart_census_mun,403,.2271765,.94681603,BART,Census agg.,Municipality
bart_census_mun,404,.22527122,1.0230718,BART,Census agg.,Municipality
bart_census_mun,405,.22732443,.94422519,BART,Census agg.,Municipality
bart_census_mun,406,.22829589,.8874588,BART,Census agg.,Municipality
bart_census_mun,407,.22346777,1.1183285,BART,Census agg.,Municipality
bart_census_mun,408,.22872184,.86831087,BART,Census agg.,Municipality
bart_census_mun,409,.22512542,1.0437871,BART,Census agg.,Municipality
bart_census_mun,410,.22820927,.89214611,BART,Census agg.,Municipality
bart_census_mun,411,.2269648,.94583249,BART,Census agg.,Municipality
bart_census_mun,412,.22811528,.8944416,BART,Census agg.,Municipality
bart_census_mun,413,.22892617,.85872811,BART,Census agg.,Municipality
bart_census_mun,414,.22934274,.84622264,BART,Census agg.,Municipality
bart_census_mun,415,.22448869,1.0679365,BART,Census agg.,Municipality
bart_census_mun,416,.22638981,.9740597,BART,Census agg.,Municipality
bart_census_mun,417,.22818086,.90151799,BART,Census agg.,Municipality
bart_census_mun,418,.22635233,.98810291,BART,Census agg.,Municipality
bart_census_mun,419,.22493225,1.0545228,BART,Census agg.,Municipality
bart_census_mun,420,.22646892,.97171175,BART,Census agg.,Municipality
bart_census_mun,421,.22738163,.93246716,BART,Census agg.,Municipality
bart_census_mun,422,.22823751,.89215297,BART,Census agg.,Municipality
bart_census_mun,423,.22697943,.96319234,BART,Census agg.,Municipality
bart_census_mun,424,.22916485,.84431142,BART,Census agg.,Municipality
bart_census_mun,425,.22953944,.82783872,BART,Census agg.,Municipality
bart_census_mun,426,.22721894,.93724406,BART,Census agg.,Municipality
bart_census_mun,427,.22671351,.97096026,BART,Census agg.,Municipality
bart_census_mun,428,.2302541,.79545212,BART,Census agg.,Municipality
bart_census_mun,429,.2292691,.85079765,BART,Census agg.,Municipality
bart_census_mun,430,.22523797,1.0328382,BART,Census agg.,Municipality
bart_census_mun,431,.22484359,1.0365134,BART,Census agg.,Municipality
bart_census_mun,432,.22709702,.9399991,BART,Census agg.,Municipality
bart_census_mun,433,.22848055,.88522488,BART,Census agg.,Municipality
bart_census_mun,434,.22597496,1.0013176,BART,Census agg.,Municipality
bart_census_mun,435,.22621632,.98838401,BART,Census agg.,Municipality
bart_census_mun,436,.22654597,.96863741,BART,Census agg.,Municipality
bart_census_mun,437,.22569159,1.0064042,BART,Census agg.,Municipality
bart_census_mun,438,.22948453,.83021635,BART,Census agg.,Municipality
bart_census_mun,439,.23031342,.79467958,BART,Census agg.,Municipality
bart_census_mun,440,.22683159,.9594304,BART,Census agg.,Municipality
bart_census_mun,441,.22622886,.97941929,BART,Census agg.,Municipality
bart_census_mun,442,.22834794,.89177835,BART,Census agg.,Municipality
bart_census_mun,443,.22638156,.97168553,BART,Census agg.,Municipality
bart_census_mun,444,.22509538,1.0396363,BART,Census agg.,Municipality
bart_census_mun,445,.23086204,.77268308,BART,Census agg.,Municipality
bart_census_mun,446,.22743456,.9288438,BART,Census agg.,Municipality
bart_census_mun,447,.22592215,1.0007207,BART,Census agg.,Municipality
bart_census_mun,448,.22643733,.98085612,BART,Census agg.,Municipality
bart_census_mun,449,.22598805,.99936771,BART,Census agg.,Municipality
bart_census_mun,450,.2259713,.99416834,BART,Census agg.,Municipality
bart_census_mun,451,.22709,.94338244,BART,Census agg.,Municipality
bart_census_mun,452,.22579874,1.005371,BART,Census agg.,Municipality
bart_census_mun,453,.22792634,.91986138,BART,Census agg.,Municipality
bart_census_mun,454,.22613944,.98873407,BART,Census agg.,Municipality
bart_census_mun,455,.22808339,.89918715,BART,Census agg.,Municipality
bart_census_mun,456,.22743078,.93424267,BART,Census agg.,Municipality
bart_census_mun,457,.22673324,.96185642,BART,Census agg.,Municipality
bart_census_mun,458,.22771841,.91928208,BART,Census agg.,Municipality
bart_census_mun,459,.22869305,.87099695,BART,Census agg.,Municipality
bart_census_mun,460,.22652768,.97111768,BART,Census agg.,Municipality
bart_census_mun,461,.22696014,.95780253,BART,Census agg.,Municipality
bart_census_mun,462,.22727689,.9400236,BART,Census agg.,Municipality
bart_census_mun,463,.22805744,.89045614,BART,Census agg.,Municipality
bart_census_mun,464,.22698775,.95085108,BART,Census agg.,Municipality
bart_census_mun,465,.22588617,.99500191,BART,Census agg.,Municipality
bart_census_mun,466,.22740974,.93691051,BART,Census agg.,Municipality
bart_census_mun,467,.22723973,.93933254,BART,Census agg.,Municipality
bart_census_mun,468,.22491594,1.0479556,BART,Census agg.,Municipality
bart_census_mun,469,.22775385,.90944672,BART,Census agg.,Municipality
bart_census_mun,470,.22365521,1.107591,BART,Census agg.,Municipality
bart_census_mun,471,.22845107,.87970167,BART,Census agg.,Municipality
bart_census_mun,472,.2256628,1.0103993,BART,Census agg.,Municipality
bart_census_mun,473,.22872345,.88490617,BART,Census agg.,Municipality
bart_census_mun,474,.22710626,.94604629,BART,Census agg.,Municipality
bart_census_mun,475,.2248596,1.0506058,BART,Census agg.,Municipality
bart_census_mun,476,.22515599,1.0336062,BART,Census agg.,Municipality
bart_census_mun,477,.22914644,.84215164,BART,Census agg.,Municipality
bart_census_mun,478,.22653364,.97376609,BART,Census agg.,Municipality
bart_census_mun,479,.22705223,.94928139,BART,Census agg.,Municipality
bart_census_mun,480,.22876534,.87666613,BART,Census agg.,Municipality
bart_census_mun,481,.22542392,1.0201805,BART,Census agg.,Municipality
bart_census_mun,482,.22648486,.96505278,BART,Census agg.,Municipality
bart_census_mun,483,.22417945,1.0877982,BART,Census agg.,Municipality
bart_census_mun,484,.22880889,.87812632,BART,Census agg.,Municipality
bart_census_mun,485,.22770527,.92354178,BART,Census agg.,Municipality
bart_census_mun,486,.22965583,.83161497,BART,Census agg.,Municipality
bart_census_mun,487,.22821908,.89753193,BART,Census agg.,Municipality
bart_census_mun,488,.22654262,.96918076,BART,Census agg.,Municipality
bart_census_mun,489,.22389545,1.1044027,BART,Census agg.,Municipality
bart_census_mun,490,.22949539,.83603829,BART,Census agg.,Municipality
bart_census_mun,491,.22670178,.96364045,BART,Census agg.,Municipality
bart_census_mun,492,.22718395,.94324791,BART,Census agg.,Municipality
bart_census_mun,493,.2279609,.9082545,BART,Census agg.,Municipality
bart_census_mun,494,.22648151,.97044539,BART,Census agg.,Municipality
bart_census_mun,495,.22652756,.97421253,BART,Census agg.,Municipality
bart_census_mun,496,.22649324,.96858382,BART,Census agg.,Municipality
bart_census_mun,497,.22562768,1.0193812,BART,Census agg.,Municipality
bart_census_mun,498,.22513583,1.0384281,BART,Census agg.,Municipality
bart_census_mun,499,.2247494,1.0489209,BART,Census agg.,Municipality
bart_census_mun,500,.22800055,.90032178,BART,Census agg.,Municipality
gb_census_psu,1,.23179714,.73249549,XGboost,Census agg.,Municipality
gb_census_psu,2,.23008682,.80997485,XGboost,Census agg.,Municipality
gb_census_psu,3,.23073192,.78156346,XGboost,Census agg.,Municipality
gb_census_psu,4,.22893777,.86992615,XGboost,Census agg.,Municipality
gb_census_psu,5,.23260035,.69489014,XGboost,Census agg.,Municipality
gb_census_psu,6,.23042305,.79475194,XGboost,Census agg.,Municipality
gb_census_psu,7,.23159015,.74632484,XGboost,Census agg.,Municipality
gb_census_psu,8,.23087984,.7812373,XGboost,Census agg.,Municipality
gb_census_psu,9,.22947553,.84239453,XGboost,Census agg.,Municipality
gb_census_psu,10,.2305472,.79056525,XGboost,Census agg.,Municipality
gb_census_psu,11,.22872569,.86975741,XGboost,Census agg.,Municipality
gb_census_psu,12,.23162235,.74189007,XGboost,Census agg.,Municipality
gb_census_psu,13,.23028834,.80127865,XGboost,Census agg.,Municipality
gb_census_psu,14,.23061129,.78282011,XGboost,Census agg.,Municipality
gb_census_psu,15,.22952969,.83999014,XGboost,Census agg.,Municipality
gb_census_psu,16,.22923163,.85227495,XGboost,Census agg.,Municipality
gb_census_psu,17,.23130883,.75642079,XGboost,Census agg.,Municipality
gb_census_psu,18,.23095839,.77392036,XGboost,Census agg.,Municipality
gb_census_psu,19,.22964746,.83561867,XGboost,Census agg.,Municipality
gb_census_psu,20,.23010325,.81235015,XGboost,Census agg.,Municipality
gb_census_psu,21,.23073421,.78541493,XGboost,Census agg.,Municipality
gb_census_psu,22,.22884203,.869807,XGboost,Census agg.,Municipality
gb_census_psu,23,.23052171,.79392523,XGboost,Census agg.,Municipality
gb_census_psu,24,.23056985,.79489565,XGboost,Census agg.,Municipality
gb_census_psu,25,.23033352,.79774708,XGboost,Census agg.,Municipality
gb_census_psu,26,.23141463,.75384533,XGboost,Census agg.,Municipality
gb_census_psu,27,.22970727,.83204484,XGboost,Census agg.,Municipality
gb_census_psu,28,.23285858,.68540424,XGboost,Census agg.,Municipality
gb_census_psu,29,.23220938,.71070141,XGboost,Census agg.,Municipality
gb_census_psu,30,.23211253,.72100431,XGboost,Census agg.,Municipality
gb_census_psu,31,.23320232,.66856438,XGboost,Census agg.,Municipality
gb_census_psu,32,.23092048,.77860028,XGboost,Census agg.,Municipality
gb_census_psu,33,.23221864,.71570802,XGboost,Census agg.,Municipality
gb_census_psu,34,.22955693,.83595049,XGboost,Census agg.,Municipality
gb_census_psu,35,.23171028,.73636061,XGboost,Census agg.,Municipality
gb_census_psu,36,.23085403,.77282733,XGboost,Census agg.,Municipality
gb_census_psu,37,.2317557,.73193043,XGboost,Census agg.,Municipality
gb_census_psu,38,.23107485,.76863092,XGboost,Census agg.,Municipality
gb_census_psu,39,.23021029,.80859274,XGboost,Census agg.,Municipality
gb_census_psu,40,.23079801,.78044021,XGboost,Census agg.,Municipality
gb_census_psu,41,.23173323,.73585373,XGboost,Census agg.,Municipality
gb_census_psu,42,.22937471,.84114641,XGboost,Census agg.,Municipality
gb_census_psu,43,.2309324,.77479273,XGboost,Census agg.,Municipality
gb_census_psu,44,.23141575,.75090957,XGboost,Census agg.,Municipality
gb_census_psu,45,.23273629,.69189334,XGboost,Census agg.,Municipality
gb_census_psu,46,.23019136,.81153029,XGboost,Census agg.,Municipality
gb_census_psu,47,.231158,.76110244,XGboost,Census agg.,Municipality
gb_census_psu,48,.22981077,.82576621,XGboost,Census agg.,Municipality
gb_census_psu,49,.23017809,.80975819,XGboost,Census agg.,Municipality
gb_census_psu,50,.23149641,.74906164,XGboost,Census agg.,Municipality
gb_census_psu,51,.22883625,.87298453,XGboost,Census agg.,Municipality
gb_census_psu,52,.23142703,.74530143,XGboost,Census agg.,Municipality
gb_census_psu,53,.23039898,.79913425,XGboost,Census agg.,Municipality
gb_census_psu,54,.22829936,.8945511,XGboost,Census agg.,Municipality
gb_census_psu,55,.2315886,.74139291,XGboost,Census agg.,Municipality
gb_census_psu,56,.23210931,.72402561,XGboost,Census agg.,Municipality
gb_census_psu,57,.22914489,.85589778,XGboost,Census agg.,Municipality
gb_census_psu,58,.23201692,.72251183,XGboost,Census agg.,Municipality
gb_census_psu,59,.22994907,.82148367,XGboost,Census agg.,Municipality
gb_census_psu,60,.22910213,.85829991,XGboost,Census agg.,Municipality
gb_census_psu,61,.23046213,.79599267,XGboost,Census agg.,Municipality
gb_census_psu,62,.23001806,.81671935,XGboost,Census agg.,Municipality
gb_census_psu,63,.22927456,.85621935,XGboost,Census agg.,Municipality
gb_census_psu,64,.2320351,.72813028,XGboost,Census agg.,Municipality
gb_census_psu,65,.23035623,.80293161,XGboost,Census agg.,Municipality
gb_census_psu,66,.23147599,.7472508,XGboost,Census agg.,Municipality
gb_census_psu,67,.23057866,.78860897,XGboost,Census agg.,Municipality
gb_census_psu,68,.23260289,.69484448,XGboost,Census agg.,Municipality
gb_census_psu,69,.2317992,.73335469,XGboost,Census agg.,Municipality
gb_census_psu,70,.2305456,.79065418,XGboost,Census agg.,Municipality
gb_census_psu,71,.23092254,.77435195,XGboost,Census agg.,Municipality
gb_census_psu,72,.23164104,.74549526,XGboost,Census agg.,Municipality
gb_census_psu,73,.23110786,.76177466,XGboost,Census agg.,Municipality
gb_census_psu,74,.23175482,.7356559,XGboost,Census agg.,Municipality
gb_census_psu,75,.22913422,.8553527,XGboost,Census agg.,Municipality
gb_census_psu,76,.23004395,.81627178,XGboost,Census agg.,Municipality
gb_census_psu,77,.22890936,.86755598,XGboost,Census agg.,Municipality
gb_census_psu,78,.23100016,.77380061,XGboost,Census agg.,Municipality
gb_census_psu,79,.23094642,.77601916,XGboost,Census agg.,Municipality
gb_census_psu,80,.23064369,.78847843,XGboost,Census agg.,Municipality
gb_census_psu,81,.23037869,.80082768,XGboost,Census agg.,Municipality
gb_census_psu,82,.2291522,.85662758,XGboost,Census agg.,Municipality
gb_census_psu,83,.231501,.7539081,XGboost,Census agg.,Municipality
gb_census_psu,84,.23211768,.7227177,XGboost,Census agg.,Municipality
gb_census_psu,85,.23161486,.74445415,XGboost,Census agg.,Municipality
gb_census_psu,86,.22964647,.83451766,XGboost,Census agg.,Municipality
gb_census_psu,87,.23468426,.59093505,XGboost,Census agg.,Municipality
gb_census_psu,88,.23093754,.77225262,XGboost,Census agg.,Municipality
gb_census_psu,89,.23089536,.7834906,XGboost,Census agg.,Municipality
gb_census_psu,90,.22868182,.87430334,XGboost,Census agg.,Municipality
gb_census_psu,91,.23037782,.79876882,XGboost,Census agg.,Municipality
gb_census_psu,92,.22852038,.88822681,XGboost,Census agg.,Municipality
gb_census_psu,93,.22929038,.84433079,XGboost,Census agg.,Municipality
gb_census_psu,94,.22987641,.81559211,XGboost,Census agg.,Municipality
gb_census_psu,95,.23178722,.73431259,XGboost,Census agg.,Municipality
gb_census_psu,96,.23080544,.77692115,XGboost,Census agg.,Municipality
gb_census_psu,97,.23129649,.75571662,XGboost,Census agg.,Municipality
gb_census_psu,98,.23016307,.80916405,XGboost,Census agg.,Municipality
gb_census_psu,99,.23033966,.79984301,XGboost,Census agg.,Municipality
gb_census_psu,100,.22948968,.84103239,XGboost,Census agg.,Municipality
gb_census_psu,101,.23108807,.77191108,XGboost,Census agg.,Municipality
gb_census_psu,102,.22998121,.81749022,XGboost,Census agg.,Municipality
gb_census_psu,103,.23093183,.77408797,XGboost,Census agg.,Municipality
gb_census_psu,104,.23112331,.76680696,XGboost,Census agg.,Municipality
gb_census_psu,105,.23113206,.76244003,XGboost,Census agg.,Municipality
gb_census_psu,106,.2308168,.78193122,XGboost,Census agg.,Municipality
gb_census_psu,107,.23132329,.75641453,XGboost,Census agg.,Municipality
gb_census_psu,108,.23183841,.73643363,XGboost,Census agg.,Municipality
gb_census_psu,109,.23035225,.80256611,XGboost,Census agg.,Municipality
gb_census_psu,110,.23116612,.76235908,XGboost,Census agg.,Municipality
gb_census_psu,111,.22990267,.8170985,XGboost,Census agg.,Municipality
gb_census_psu,112,.22959925,.82862842,XGboost,Census agg.,Municipality
gb_census_psu,113,.23051724,.79653257,XGboost,Census agg.,Municipality
gb_census_psu,114,.23069544,.78677535,XGboost,Census agg.,Municipality
gb_census_psu,115,.22952381,.84187281,XGboost,Census agg.,Municipality
gb_census_psu,116,.23043875,.79552281,XGboost,Census agg.,Municipality
gb_census_psu,117,.23174906,.73785847,XGboost,Census agg.,Municipality
gb_census_psu,118,.2308459,.77825308,XGboost,Census agg.,Municipality
gb_census_psu,119,.23054901,.79060113,XGboost,Census agg.,Municipality
gb_census_psu,120,.23284505,.68199122,XGboost,Census agg.,Municipality
gb_census_psu,121,.22997476,.81837738,XGboost,Census agg.,Municipality
gb_census_psu,122,.2307784,.77988487,XGboost,Census agg.,Municipality
gb_census_psu,123,.22970554,.83379757,XGboost,Census agg.,Municipality
gb_census_psu,124,.2322571,.71125221,XGboost,Census agg.,Municipality
gb_census_psu,125,.23097204,.77367574,XGboost,Census agg.,Municipality
gb_census_psu,126,.23027538,.80579835,XGboost,Census agg.,Municipality
gb_census_psu,127,.232014,.72668433,XGboost,Census agg.,Municipality
gb_census_psu,128,.22994919,.82232749,XGboost,Census agg.,Municipality
gb_census_psu,129,.23074284,.78346151,XGboost,Census agg.,Municipality
gb_census_psu,130,.23151712,.74657571,XGboost,Census agg.,Municipality
gb_census_psu,131,.23123717,.76396185,XGboost,Census agg.,Municipality
gb_census_psu,132,.23182984,.73717767,XGboost,Census agg.,Municipality
gb_census_psu,133,.23095126,.7724402,XGboost,Census agg.,Municipality
gb_census_psu,134,.23043497,.79466474,XGboost,Census agg.,Municipality
gb_census_psu,135,.23053293,.78774804,XGboost,Census agg.,Municipality
gb_census_psu,136,.22864981,.87919539,XGboost,Census agg.,Municipality
gb_census_psu,137,.23055658,.78891915,XGboost,Census agg.,Municipality
gb_census_psu,138,.22876689,.87252724,XGboost,Census agg.,Municipality
gb_census_psu,139,.23263168,.6968441,XGboost,Census agg.,Municipality
gb_census_psu,140,.23074912,.78213358,XGboost,Census agg.,Municipality
gb_census_psu,141,.23117152,.76721179,XGboost,Census agg.,Municipality
gb_census_psu,142,.22989161,.82206863,XGboost,Census agg.,Municipality
gb_census_psu,143,.23072621,.77997553,XGboost,Census agg.,Municipality
gb_census_psu,144,.23008682,.81171501,XGboost,Census agg.,Municipality
gb_census_psu,145,.23052034,.79427814,XGboost,Census agg.,Municipality
gb_census_psu,146,.23095176,.772524,XGboost,Census agg.,Municipality
gb_census_psu,147,.23023839,.80915552,XGboost,Census agg.,Municipality
gb_census_psu,148,.22868517,.88136488,XGboost,Census agg.,Municipality
gb_census_psu,149,.23108031,.76628697,XGboost,Census agg.,Municipality
gb_census_psu,150,.22897233,.86727715,XGboost,Census agg.,Municipality
gb_census_psu,151,.23167622,.74374944,XGboost,Census agg.,Municipality
gb_census_psu,152,.2321,.72192454,XGboost,Census agg.,Municipality
gb_census_psu,153,.23090963,.7763778,XGboost,Census agg.,Municipality
gb_census_psu,154,.22876416,.868909,XGboost,Census agg.,Municipality
gb_census_psu,155,.23053952,.79138744,XGboost,Census agg.,Municipality
gb_census_psu,156,.22974531,.82896084,XGboost,Census agg.,Municipality
gb_census_psu,157,.23064896,.78213531,XGboost,Census agg.,Municipality
gb_census_psu,158,.23152991,.74645597,XGboost,Census agg.,Municipality
gb_census_psu,159,.23110606,.76503259,XGboost,Census agg.,Municipality
gb_census_psu,160,.23101312,.76648653,XGboost,Census agg.,Municipality
gb_census_psu,161,.23019919,.80928493,XGboost,Census agg.,Municipality
gb_census_psu,162,.23032284,.80000603,XGboost,Census agg.,Municipality
gb_census_psu,163,.23077101,.78059983,XGboost,Census agg.,Municipality
gb_census_psu,164,.23077169,.77903706,XGboost,Census agg.,Municipality
gb_census_psu,165,.23139124,.75808114,XGboost,Census agg.,Municipality
gb_census_psu,166,.23006281,.81520897,XGboost,Census agg.,Municipality
gb_census_psu,167,.23005611,.81992543,XGboost,Census agg.,Municipality
gb_census_psu,168,.233504,.6542201,XGboost,Census agg.,Municipality
gb_census_psu,169,.23013353,.81269455,XGboost,Census agg.,Municipality
gb_census_psu,170,.23069115,.78976756,XGboost,Census agg.,Municipality
gb_census_psu,171,.22977497,.82898247,XGboost,Census agg.,Municipality
gb_census_psu,172,.23242965,.70224869,XGboost,Census agg.,Municipality
gb_census_psu,173,.23190051,.72695518,XGboost,Census agg.,Municipality
gb_census_psu,174,.23032303,.80789375,XGboost,Census agg.,Municipality
gb_census_psu,175,.23105891,.77131301,XGboost,Census agg.,Municipality
gb_census_psu,176,.2298408,.82578844,XGboost,Census agg.,Municipality
gb_census_psu,177,.22992544,.82372159,XGboost,Census agg.,Municipality
gb_census_psu,178,.22946939,.8396737,XGboost,Census agg.,Municipality
gb_census_psu,179,.23117885,.76270002,XGboost,Census agg.,Municipality
gb_census_psu,180,.22824265,.88843948,XGboost,Census agg.,Municipality
gb_census_psu,181,.2325393,.70091391,XGboost,Census agg.,Municipality
gb_census_psu,182,.23077145,.77803642,XGboost,Census agg.,Municipality
gb_census_psu,183,.23105991,.77133977,XGboost,Census agg.,Municipality
gb_census_psu,184,.23145291,.74678838,XGboost,Census agg.,Municipality
gb_census_psu,185,.23099655,.76796496,XGboost,Census agg.,Municipality
gb_census_psu,186,.23150665,.74457842,XGboost,Census agg.,Municipality
gb_census_psu,187,.23077324,.78269011,XGboost,Census agg.,Municipality
gb_census_psu,188,.23023182,.80262941,XGboost,Census agg.,Municipality
gb_census_psu,189,.23194487,.73129982,XGboost,Census agg.,Municipality
gb_census_psu,190,.23098817,.76722258,XGboost,Census agg.,Municipality
gb_census_psu,191,.2317379,.7355088,XGboost,Census agg.,Municipality
gb_census_psu,192,.23160188,.73918581,XGboost,Census agg.,Municipality
gb_census_psu,193,.22892939,.86877042,XGboost,Census agg.,Municipality
gb_census_psu,194,.22920588,.85525805,XGboost,Census agg.,Municipality
gb_census_psu,195,.23050526,.79414815,XGboost,Census agg.,Municipality
gb_census_psu,196,.23015854,.80708581,XGboost,Census agg.,Municipality
gb_census_psu,197,.2300787,.80794108,XGboost,Census agg.,Municipality
gb_census_psu,198,.23292926,.68039018,XGboost,Census agg.,Municipality
gb_census_psu,199,.23262523,.69707042,XGboost,Census agg.,Municipality
gb_census_psu,200,.22983113,.82634777,XGboost,Census agg.,Municipality
gb_census_psu,201,.23053338,.79015183,XGboost,Census agg.,Municipality
gb_census_psu,202,.23146427,.74815851,XGboost,Census agg.,Municipality
gb_census_psu,203,.22969909,.83347142,XGboost,Census agg.,Municipality
gb_census_psu,204,.22871508,.87563467,XGboost,Census agg.,Municipality
gb_census_psu,205,.23124015,.75444859,XGboost,Census agg.,Municipality
gb_census_psu,206,.23064573,.78665614,XGboost,Census agg.,Municipality
gb_census_psu,207,.23048596,.79183215,XGboost,Census agg.,Municipality
gb_census_psu,208,.23129922,.75830632,XGboost,Census agg.,Municipality
gb_census_psu,209,.23042844,.80077064,XGboost,Census agg.,Municipality
gb_census_psu,210,.22979799,.82978016,XGboost,Census agg.,Municipality
gb_census_psu,211,.22977342,.83022201,XGboost,Census agg.,Municipality
gb_census_psu,212,.23116334,.76291442,XGboost,Census agg.,Municipality
gb_census_psu,213,.2303486,.80135393,XGboost,Census agg.,Municipality
gb_census_psu,214,.23054367,.78964841,XGboost,Census agg.,Municipality
gb_census_psu,215,.22931837,.84661949,XGboost,Census agg.,Municipality
gb_census_psu,216,.22937359,.84629446,XGboost,Census agg.,Municipality
gb_census_psu,217,.22941448,.84363347,XGboost,Census agg.,Municipality
gb_census_psu,218,.23205787,.71833426,XGboost,Census agg.,Municipality
gb_census_psu,219,.229625,.83649331,XGboost,Census agg.,Municipality
gb_census_psu,220,.23089492,.77458459,XGboost,Census agg.,Municipality
gb_census_psu,221,.23064561,.79381859,XGboost,Census agg.,Municipality
gb_census_psu,222,.23082536,.77507323,XGboost,Census agg.,Municipality
gb_census_psu,223,.23001838,.81799996,XGboost,Census agg.,Municipality
gb_census_psu,224,.22817229,.89703703,XGboost,Census agg.,Municipality
gb_census_psu,225,.23312178,.67620063,XGboost,Census agg.,Municipality
gb_census_psu,226,.23224661,.71105891,XGboost,Census agg.,Municipality
gb_census_psu,227,.23127285,.75770766,XGboost,Census agg.,Municipality
gb_census_psu,228,.23125063,.7599045,XGboost,Census agg.,Municipality
gb_census_psu,229,.23150888,.74616635,XGboost,Census agg.,Municipality
gb_census_psu,230,.23032899,.80111504,XGboost,Census agg.,Municipality
gb_census_psu,231,.23112462,.76593173,XGboost,Census agg.,Municipality
gb_census_psu,232,.22952591,.83445609,XGboost,Census agg.,Municipality
gb_census_psu,233,.2308338,.77869892,XGboost,Census agg.,Municipality
gb_census_psu,234,.22844394,.89375859,XGboost,Census agg.,Municipality
gb_census_psu,235,.23032254,.80293673,XGboost,Census agg.,Municipality
gb_census_psu,236,.23054069,.79637468,XGboost,Census agg.,Municipality
gb_census_psu,237,.23099935,.77291232,XGboost,Census agg.,Municipality
gb_census_psu,238,.22994237,.81620622,XGboost,Census agg.,Municipality
gb_census_psu,239,.23037851,.79844093,XGboost,Census agg.,Municipality
gb_census_psu,240,.23311999,.67357844,XGboost,Census agg.,Municipality
gb_census_psu,241,.23116414,.76124781,XGboost,Census agg.,Municipality
gb_census_psu,242,.23042752,.79605478,XGboost,Census agg.,Municipality
gb_census_psu,243,.22943936,.84959519,XGboost,Census agg.,Municipality
gb_census_psu,244,.23080222,.78073102,XGboost,Census agg.,Municipality
gb_census_psu,245,.23079608,.77859062,XGboost,Census agg.,Municipality
gb_census_psu,246,.23079348,.77574092,XGboost,Census agg.,Municipality
gb_census_psu,247,.2314758,.7478894,XGboost,Census agg.,Municipality
gb_census_psu,248,.22930329,.84840178,XGboost,Census agg.,Municipality
gb_census_psu,249,.2308147,.77889276,XGboost,Census agg.,Municipality
gb_census_psu,250,.23122396,.76047128,XGboost,Census agg.,Municipality
gb_census_psu,251,.23244932,.70321226,XGboost,Census agg.,Municipality
gb_census_psu,252,.23042348,.79866159,XGboost,Census agg.,Municipality
gb_census_psu,253,.22873488,.87483186,XGboost,Census agg.,Municipality
gb_census_psu,254,.23091899,.77979195,XGboost,Census agg.,Municipality
gb_census_psu,255,.23202088,.72319549,XGboost,Census agg.,Municipality
gb_census_psu,256,.23010072,.81159353,XGboost,Census agg.,Municipality
gb_census_psu,257,.23085664,.77682024,XGboost,Census agg.,Municipality
gb_census_psu,258,.23055589,.79046774,XGboost,Census agg.,Municipality
gb_census_psu,259,.23099996,.76999819,XGboost,Census agg.,Municipality
gb_census_psu,260,.22919688,.84919548,XGboost,Census agg.,Municipality
gb_census_psu,261,.22973371,.82901216,XGboost,Census agg.,Municipality
gb_census_psu,262,.23098502,.77181816,XGboost,Census agg.,Municipality
gb_census_psu,263,.23208852,.72121644,XGboost,Census agg.,Municipality
gb_census_psu,264,.23169036,.73516953,XGboost,Census agg.,Municipality
gb_census_psu,265,.23305614,.67367023,XGboost,Census agg.,Municipality
gb_census_psu,266,.23149157,.74664301,XGboost,Census agg.,Municipality
gb_census_psu,267,.2292238,.85222876,XGboost,Census agg.,Municipality
gb_census_psu,268,.23030889,.80437982,XGboost,Census agg.,Municipality
gb_census_psu,269,.23023188,.80445051,XGboost,Census agg.,Municipality
gb_census_psu,270,.22982951,.82212627,XGboost,Census agg.,Municipality
gb_census_psu,271,.23055156,.78767222,XGboost,Census agg.,Municipality
gb_census_psu,272,.22978726,.82188964,XGboost,Census agg.,Municipality
gb_census_psu,273,.22961861,.83549267,XGboost,Census agg.,Municipality
gb_census_psu,274,.2318636,.73423731,XGboost,Census agg.,Municipality
gb_census_psu,275,.23163694,.73929757,XGboost,Census agg.,Municipality
gb_census_psu,276,.2285648,.88575512,XGboost,Census agg.,Municipality
gb_census_psu,277,.23119032,.76156425,XGboost,Census agg.,Municipality
gb_census_psu,278,.23204161,.71691453,XGboost,Census agg.,Municipality
gb_census_psu,279,.23112015,.76219773,XGboost,Census agg.,Municipality
gb_census_psu,280,.23150665,.74680781,XGboost,Census agg.,Municipality
gb_census_psu,281,.23081295,.77337813,XGboost,Census agg.,Municipality
gb_census_psu,282,.23075669,.78449464,XGboost,Census agg.,Municipality
gb_census_psu,283,.2303195,.80427033,XGboost,Census agg.,Municipality
gb_census_psu,284,.23053814,.79518187,XGboost,Census agg.,Municipality
gb_census_psu,285,.23122035,.76203692,XGboost,Census agg.,Municipality
gb_census_psu,286,.23039649,.80219835,XGboost,Census agg.,Municipality
gb_census_psu,287,.23012863,.81018466,XGboost,Census agg.,Municipality
gb_census_psu,288,.23192428,.72310823,XGboost,Census agg.,Municipality
gb_census_psu,289,.22957592,.83241147,XGboost,Census agg.,Municipality
gb_census_psu,290,.22901601,.85931307,XGboost,Census agg.,Municipality
gb_census_psu,291,.23104136,.767039,XGboost,Census agg.,Municipality
gb_census_psu,292,.23214747,.71792942,XGboost,Census agg.,Municipality
gb_census_psu,293,.23265104,.69557434,XGboost,Census agg.,Municipality
gb_census_psu,294,.22969592,.82677484,XGboost,Census agg.,Municipality
gb_census_psu,295,.22779158,.91891891,XGboost,Census agg.,Municipality
gb_census_psu,296,.23333554,.66669196,XGboost,Census agg.,Municipality
gb_census_psu,297,.22958319,.83678353,XGboost,Census agg.,Municipality
gb_census_psu,298,.23201127,.71836275,XGboost,Census agg.,Municipality
gb_census_psu,299,.22999282,.81777304,XGboost,Census agg.,Municipality
gb_census_psu,300,.23057997,.79482436,XGboost,Census agg.,Municipality
gb_census_psu,301,.23108156,.76700139,XGboost,Census agg.,Municipality
gb_census_psu,302,.23151216,.74487948,XGboost,Census agg.,Municipality
gb_census_psu,303,.23150465,.74623537,XGboost,Census agg.,Municipality
gb_census_psu,304,.23061937,.78915918,XGboost,Census agg.,Municipality
gb_census_psu,305,.23067732,.78263819,XGboost,Census agg.,Municipality
gb_census_psu,306,.23207703,.72379017,XGboost,Census agg.,Municipality
gb_census_psu,307,.23069227,.78956574,XGboost,Census agg.,Municipality
gb_census_psu,308,.23083299,.7781356,XGboost,Census agg.,Municipality
gb_census_psu,309,.23140948,.7524718,XGboost,Census agg.,Municipality
gb_census_psu,310,.22893752,.86475819,XGboost,Census agg.,Municipality
gb_census_psu,311,.23155361,.74261481,XGboost,Census agg.,Municipality
gb_census_psu,312,.23037608,.80056483,XGboost,Census agg.,Municipality
gb_census_psu,313,.2318121,.73004603,XGboost,Census agg.,Municipality
gb_census_psu,314,.23148268,.74294603,XGboost,Census agg.,Municipality
gb_census_psu,315,.23148139,.74366844,XGboost,Census agg.,Municipality
gb_census_psu,316,.22984074,.83412313,XGboost,Census agg.,Municipality
gb_census_psu,317,.23113926,.76541173,XGboost,Census agg.,Municipality
gb_census_psu,318,.2297257,.82631868,XGboost,Census agg.,Municipality
gb_census_psu,319,.23304361,.67831481,XGboost,Census agg.,Municipality
gb_census_psu,320,.23050955,.79894727,XGboost,Census agg.,Municipality
gb_census_psu,321,.22992364,.81806153,XGboost,Census agg.,Municipality
gb_census_psu,322,.23102763,.77167392,XGboost,Census agg.,Municipality
gb_census_psu,323,.23096919,.77231592,XGboost,Census agg.,Municipality
gb_census_psu,324,.22986698,.82192838,XGboost,Census agg.,Municipality
gb_census_psu,325,.23190647,.73339516,XGboost,Census agg.,Municipality
gb_census_psu,326,.23119864,.75432432,XGboost,Census agg.,Municipality
gb_census_psu,327,.23090591,.7752865,XGboost,Census agg.,Municipality
gb_census_psu,328,.22943793,.84353942,XGboost,Census agg.,Municipality
gb_census_psu,329,.23060292,.78703189,XGboost,Census agg.,Municipality
gb_census_psu,330,.23057848,.79179621,XGboost,Census agg.,Municipality
gb_census_psu,331,.2312301,.7541002,XGboost,Census agg.,Municipality
gb_census_psu,332,.23159786,.74256861,XGboost,Census agg.,Municipality
gb_census_psu,333,.2293345,.84678823,XGboost,Census agg.,Municipality
gb_census_psu,334,.23185664,.73209405,XGboost,Census agg.,Municipality
gb_census_psu,335,.23043782,.79273987,XGboost,Census agg.,Municipality
gb_census_psu,336,.23090863,.77556813,XGboost,Census agg.,Municipality
gb_census_psu,337,.23146582,.7471875,XGboost,Census agg.,Municipality
gb_census_psu,338,.2309221,.78055596,XGboost,Census agg.,Municipality
gb_census_psu,339,.23084627,.77574092,XGboost,Census agg.,Municipality
gb_census_psu,340,.23187949,.72758007,XGboost,Census agg.,Municipality
gb_census_psu,341,.23214412,.71978301,XGboost,Census agg.,Municipality
gb_census_psu,342,.23014973,.81215119,XGboost,Census agg.,Municipality
gb_census_psu,343,.22994182,.82014835,XGboost,Census agg.,Municipality
gb_census_psu,344,.23154865,.74485213,XGboost,Census agg.,Municipality
gb_census_psu,345,.23210788,.71709985,XGboost,Census agg.,Municipality
gb_census_psu,346,.23106468,.76732922,XGboost,Census agg.,Municipality
gb_census_psu,347,.23121893,.75929958,XGboost,Census agg.,Municipality
gb_census_psu,348,.23189177,.7297923,XGboost,Census agg.,Municipality
gb_census_psu,349,.22841036,.88697356,XGboost,Census agg.,Municipality
gb_census_psu,350,.23125108,.75291824,XGboost,Census agg.,Municipality
gb_census_psu,351,.23043856,.80037838,XGboost,Census agg.,Municipality
gb_census_psu,352,.23052524,.79360193,XGboost,Census agg.,Municipality
gb_census_psu,353,.22896798,.86451018,XGboost,Census agg.,Municipality
gb_census_psu,354,.2328679,.6821714,XGboost,Census agg.,Municipality
gb_census_psu,355,.23008198,.81395119,XGboost,Census agg.,Municipality
gb_census_psu,356,.23025559,.80459535,XGboost,Census agg.,Municipality
gb_census_psu,357,.22984204,.82789636,XGboost,Census agg.,Municipality
gb_census_psu,358,.2320493,.7213316,XGboost,Census agg.,Municipality
gb_census_psu,359,.23069705,.78785121,XGboost,Census agg.,Municipality
gb_census_psu,360,.22957878,.83693004,XGboost,Census agg.,Municipality
gb_census_psu,361,.23258868,.70234108,XGboost,Census agg.,Municipality
gb_census_psu,362,.23068321,.7830795,XGboost,Census agg.,Municipality
gb_census_psu,363,.23174553,.73289627,XGboost,Census agg.,Municipality
gb_census_psu,364,.23131169,.75557297,XGboost,Census agg.,Municipality
gb_census_psu,365,.23121303,.75874597,XGboost,Census agg.,Municipality
gb_census_psu,366,.231415,.75230879,XGboost,Census agg.,Municipality
gb_census_psu,367,.23037639,.80406904,XGboost,Census agg.,Municipality
gb_census_psu,368,.23060113,.79158241,XGboost,Census agg.,Municipality
gb_census_psu,369,.23012851,.81070298,XGboost,Census agg.,Municipality
gb_census_psu,370,.23155069,.74547243,XGboost,Census agg.,Municipality
gb_census_psu,371,.22875901,.87968117,XGboost,Census agg.,Municipality
gb_census_psu,372,.23239584,.70862544,XGboost,Census agg.,Municipality
gb_census_psu,373,.23044334,.79971755,XGboost,Census agg.,Municipality
gb_census_psu,374,.23001708,.81542963,XGboost,Census agg.,Municipality
gb_census_psu,375,.23067124,.78310859,XGboost,Census agg.,Municipality
gb_census_psu,376,.23061086,.78537673,XGboost,Census agg.,Municipality
gb_census_psu,377,.22938383,.84380114,XGboost,Census agg.,Municipality
gb_census_psu,378,.23085292,.7769599,XGboost,Census agg.,Municipality
gb_census_psu,379,.23081315,.78129488,XGboost,Census agg.,Municipality
gb_census_psu,380,.2325352,.69405597,XGboost,Census agg.,Municipality
gb_census_psu,381,.23014967,.81326813,XGboost,Census agg.,Municipality
gb_census_psu,382,.2309664,.77557325,XGboost,Census agg.,Municipality
gb_census_psu,383,.23024926,.80044109,XGboost,Census agg.,Municipality
gb_census_psu,384,.23155193,.74822581,XGboost,Census agg.,Municipality
gb_census_psu,385,.23032278,.79502279,XGboost,Census agg.,Municipality
gb_census_psu,386,.22909208,.86023051,XGboost,Census agg.,Municipality
gb_census_psu,387,.2298933,.82382703,XGboost,Census agg.,Municipality
gb_census_psu,388,.23088741,.77501339,XGboost,Census agg.,Municipality
gb_census_psu,389,.23113702,.75916159,XGboost,Census agg.,Municipality
gb_census_psu,390,.23056303,.78990614,XGboost,Census agg.,Municipality
gb_census_psu,391,.23152208,.74587953,XGboost,Census agg.,Municipality
gb_census_psu,392,.22834994,.88914764,XGboost,Census agg.,Municipality
gb_census_psu,393,.23031397,.79822826,XGboost,Census agg.,Municipality
gb_census_psu,394,.23141575,.75134575,XGboost,Census agg.,Municipality
gb_census_psu,395,.22994801,.81727982,XGboost,Census agg.,Municipality
gb_census_psu,396,.23174906,.7340349,XGboost,Census agg.,Municipality
gb_census_psu,397,.23165759,.73825759,XGboost,Census agg.,Municipality
gb_census_psu,398,.23080724,.78104287,XGboost,Census agg.,Municipality
gb_census_psu,399,.2310326,.77126336,XGboost,Census agg.,Municipality
gb_census_psu,400,.23131101,.75207895,XGboost,Census agg.,Municipality
gb_census_psu,401,.23295364,.68019748,XGboost,Census agg.,Municipality
gb_census_psu,402,.23185162,.73002207,XGboost,Census agg.,Municipality
gb_census_psu,403,.2291362,.85377789,XGboost,Census agg.,Municipality
gb_census_psu,404,.23059374,.78269011,XGboost,Census agg.,Municipality
gb_census_psu,405,.23083511,.77768403,XGboost,Census agg.,Municipality
gb_census_psu,406,.23301482,.67766595,XGboost,Census agg.,Municipality
gb_census_psu,407,.22968636,.83570647,XGboost,Census agg.,Municipality
gb_census_psu,408,.23278388,.68503994,XGboost,Census agg.,Municipality
gb_census_psu,409,.22989614,.82142264,XGboost,Census agg.,Municipality
gb_census_psu,410,.23243691,.70277667,XGboost,Census agg.,Municipality
gb_census_psu,411,.23045494,.79598296,XGboost,Census agg.,Municipality
gb_census_psu,412,.23302257,.67997056,XGboost,Census agg.,Municipality
gb_census_psu,413,.23146278,.74991518,XGboost,Census agg.,Municipality
gb_census_psu,414,.22956805,.83781266,XGboost,Census agg.,Municipality
gb_census_psu,415,.23068315,.78429455,XGboost,Census agg.,Municipality
gb_census_psu,416,.23106778,.76396525,XGboost,Census agg.,Municipality
gb_census_psu,417,.23135531,.75561631,XGboost,Census agg.,Municipality
gb_census_psu,418,.23040214,.79814446,XGboost,Census agg.,Municipality
gb_census_psu,419,.22904195,.85660195,XGboost,Census agg.,Municipality
gb_census_psu,420,.23100796,.76594657,XGboost,Census agg.,Municipality
gb_census_psu,421,.23061931,.78980064,XGboost,Census agg.,Municipality
gb_census_psu,422,.23144217,.75492299,XGboost,Census agg.,Municipality
gb_census_psu,423,.23134129,.7540341,XGboost,Census agg.,Municipality
gb_census_psu,424,.23164277,.7399441,XGboost,Census agg.,Municipality
gb_census_psu,425,.23229328,.70794636,XGboost,Census agg.,Municipality
gb_census_psu,426,.23028648,.80285007,XGboost,Census agg.,Municipality
gb_census_psu,427,.23129152,.75772536,XGboost,Census agg.,Municipality
gb_census_psu,428,.23131864,.75610662,XGboost,Census agg.,Municipality
gb_census_psu,429,.23057544,.79121923,XGboost,Census agg.,Municipality
gb_census_psu,430,.22859347,.88169098,XGboost,Census agg.,Municipality
gb_census_psu,431,.23026061,.80144572,XGboost,Census agg.,Municipality
gb_census_psu,432,.23000871,.81287414,XGboost,Census agg.,Municipality
gb_census_psu,433,.23099022,.77552366,XGboost,Census agg.,Municipality
gb_census_psu,434,.22842868,.89201045,XGboost,Census agg.,Municipality
gb_census_psu,435,.22901161,.85933816,XGboost,Census agg.,Municipality
gb_census_psu,436,.22951896,.84016007,XGboost,Census agg.,Municipality
gb_census_psu,437,.23020284,.80684805,XGboost,Census agg.,Municipality
gb_census_psu,438,.23071511,.78323859,XGboost,Census agg.,Municipality
gb_census_psu,439,.23153394,.74486125,XGboost,Census agg.,Municipality
gb_census_psu,440,.23129922,.75682217,XGboost,Census agg.,Municipality
gb_census_psu,441,.23077002,.77530187,XGboost,Census agg.,Municipality
gb_census_psu,442,.23079757,.77944928,XGboost,Census agg.,Municipality
gb_census_psu,443,.22907774,.85715955,XGboost,Census agg.,Municipality
gb_census_psu,444,.22903121,.86162394,XGboost,Census agg.,Municipality
gb_census_psu,445,.23193973,.72765189,XGboost,Census agg.,Municipality
gb_census_psu,446,.23143336,.74788827,XGboost,Census agg.,Municipality
gb_census_psu,447,.23013149,.81164259,XGboost,Census agg.,Municipality
gb_census_psu,448,.23002855,.8160249,XGboost,Census agg.,Municipality
gb_census_psu,449,.22868648,.87630749,XGboost,Census agg.,Municipality
gb_census_psu,450,.23049465,.79504448,XGboost,Census agg.,Municipality
gb_census_psu,451,.23143244,.75143927,XGboost,Census agg.,Municipality
gb_census_psu,452,.23041579,.79799676,XGboost,Census agg.,Municipality
gb_census_psu,453,.23102534,.7708962,XGboost,Census agg.,Municipality
gb_census_psu,454,.23046643,.79387903,XGboost,Census agg.,Municipality
gb_census_psu,455,.23271929,.69077182,XGboost,Census agg.,Municipality
gb_census_psu,456,.22967911,.83206308,XGboost,Census agg.,Municipality
gb_census_psu,457,.23042795,.79205394,XGboost,Census agg.,Municipality
gb_census_psu,458,.23171631,.73772675,XGboost,Census agg.,Municipality
gb_census_psu,459,.23025577,.81033748,XGboost,Census agg.,Municipality
gb_census_psu,460,.23045017,.79304832,XGboost,Census agg.,Municipality
gb_census_psu,461,.22898753,.8692739,XGboost,Census agg.,Municipality
gb_census_psu,462,.23042963,.79749733,XGboost,Census agg.,Municipality
gb_census_psu,463,.23117208,.76554406,XGboost,Census agg.,Municipality
gb_census_psu,464,.23078379,.77777356,XGboost,Census agg.,Municipality
gb_census_psu,465,.23095188,.77189624,XGboost,Census agg.,Municipality
gb_census_psu,466,.22997315,.82155949,XGboost,Census agg.,Municipality
gb_census_psu,467,.22956283,.83695227,XGboost,Census agg.,Municipality
gb_census_psu,468,.23128122,.75227171,XGboost,Census agg.,Municipality
gb_census_psu,469,.23201282,.72468758,XGboost,Census agg.,Municipality
gb_census_psu,470,.22879544,.87349826,XGboost,Census agg.,Municipality
gb_census_psu,471,.2324927,.69636571,XGboost,Census agg.,Municipality
gb_census_psu,472,.22990738,.82045966,XGboost,Census agg.,Municipality
gb_census_psu,473,.23011592,.81403446,XGboost,Census agg.,Municipality
gb_census_psu,474,.22949328,.84449786,XGboost,Census agg.,Municipality
gb_census_psu,475,.23008409,.8136456,XGboost,Census agg.,Municipality
gb_census_psu,476,.23070139,.78118312,XGboost,Census agg.,Municipality
gb_census_psu,477,.22989844,.82087243,XGboost,Census agg.,Municipality
gb_census_psu,478,.22908619,.85534698,XGboost,Census agg.,Municipality
gb_census_psu,479,.23045433,.79649442,XGboost,Census agg.,Municipality
gb_census_psu,480,.23195072,.72709429,XGboost,Census agg.,Municipality
gb_census_psu,481,.22988522,.82099164,XGboost,Census agg.,Municipality
gb_census_psu,482,.22995311,.81540799,XGboost,Census agg.,Municipality
gb_census_psu,483,.22996321,.81483722,XGboost,Census agg.,Municipality
gb_census_psu,484,.23201071,.72172731,XGboost,Census agg.,Municipality
gb_census_psu,485,.23138806,.75025386,XGboost,Census agg.,Municipality
gb_census_psu,486,.2307408,.78713,XGboost,Census agg.,Municipality
gb_census_psu,487,.23231728,.71030802,XGboost,Census agg.,Municipality
gb_census_psu,488,.2297311,.8260262,XGboost,Census agg.,Municipality
gb_census_psu,489,.22975902,.83015305,XGboost,Census agg.,Municipality
gb_census_psu,490,.23038614,.80211908,XGboost,Census agg.,Municipality
gb_census_psu,491,.23037496,.79979622,XGboost,Census agg.,Municipality
gb_census_psu,492,.22985184,.82372671,XGboost,Census agg.,Municipality
gb_census_psu,493,.23026334,.80396587,XGboost,Census agg.,Municipality
gb_census_psu,494,.22922337,.85192943,XGboost,Census agg.,Municipality
gb_census_psu,495,.2291916,.858069,XGboost,Census agg.,Municipality
gb_census_psu,496,.23177114,.73267508,XGboost,Census agg.,Municipality
gb_census_psu,497,.23061831,.79009086,XGboost,Census agg.,Municipality
gb_census_psu,498,.23012522,.81227034,XGboost,Census agg.,Municipality
gb_census_psu,499,.22980177,.82729536,XGboost,Census agg.,Municipality
gb_census_psu,500,.2300968,.81404471,XGboost,Census agg.,Municipality
gb_all_mun,1,.22958001,.83682626,XGboost,Mixed,Municipality
gb_all_mun,2,.22783656,.92052501,XGboost,Mixed,Municipality
gb_all_mun,3,.22800769,.90335447,XGboost,Mixed,Municipality
gb_all_mun,4,.22542398,1.0159482,XGboost,Mixed,Municipality
gb_all_mun,5,.22963077,.83915484,XGboost,Mixed,Municipality
gb_all_mun,6,.22935863,.84160995,XGboost,Mixed,Municipality
gb_all_mun,7,.23005505,.816172,XGboost,Mixed,Municipality
gb_all_mun,8,.2269952,.95036244,XGboost,Mixed,Municipality
gb_all_mun,9,.22797957,.90295935,XGboost,Mixed,Municipality
gb_all_mun,10,.22888826,.86097342,XGboost,Mixed,Municipality
gb_all_mun,11,.22795705,.91010582,XGboost,Mixed,Municipality
gb_all_mun,12,.22672163,.96662015,XGboost,Mixed,Municipality
gb_all_mun,13,.22691827,.95571631,XGboost,Mixed,Municipality
gb_all_mun,14,.22787279,.90031093,XGboost,Mixed,Municipality
gb_all_mun,15,.22954372,.83419383,XGboost,Mixed,Municipality
gb_all_mun,16,.22763583,.91675168,XGboost,Mixed,Municipality
gb_all_mun,17,.22967911,.82705134,XGboost,Mixed,Municipality
gb_all_mun,18,.22940126,.84216815,XGboost,Mixed,Municipality
gb_all_mun,19,.22924875,.84922057,XGboost,Mixed,Municipality
gb_all_mun,20,.22688214,.95862985,XGboost,Mixed,Municipality
gb_all_mun,21,.22966366,.831595,XGboost,Mixed,Municipality
gb_all_mun,22,.22631603,.97701204,XGboost,Mixed,Municipality
gb_all_mun,23,.22607517,1.0037677,XGboost,Mixed,Municipality
gb_all_mun,24,.22733615,.94364357,XGboost,Mixed,Municipality
gb_all_mun,25,.22899479,.86230701,XGboost,Mixed,Municipality
gb_all_mun,26,.22787379,.91030765,XGboost,Mixed,Municipality
gb_all_mun,27,.22795686,.90004236,XGboost,Mixed,Municipality
gb_all_mun,28,.22934735,.83935666,XGboost,Mixed,Municipality
gb_all_mun,29,.22965316,.82991642,XGboost,Mixed,Municipality
gb_all_mun,30,.23008558,.80980664,XGboost,Mixed,Municipality
gb_all_mun,31,.23142642,.75516587,XGboost,Mixed,Municipality
gb_all_mun,32,.22715838,.94561976,XGboost,Mixed,Municipality
gb_all_mun,33,.22779232,.91582686,XGboost,Mixed,Municipality
gb_all_mun,34,.22984974,.82484478,XGboost,Mixed,Municipality
gb_all_mun,35,.23143032,.76187503,XGboost,Mixed,Municipality
gb_all_mun,36,.2270508,.93231839,XGboost,Mixed,Municipality
gb_all_mun,37,.22783419,.90821743,XGboost,Mixed,Municipality
gb_all_mun,38,.22870162,.87755728,XGboost,Mixed,Municipality
gb_all_mun,39,.22639458,.98713535,XGboost,Mixed,Municipality
gb_all_mun,40,.22951438,.84501046,XGboost,Mixed,Municipality
gb_all_mun,41,.23045972,.79295707,XGboost,Mixed,Municipality
gb_all_mun,42,.22406694,1.0767045,XGboost,Mixed,Municipality
gb_all_mun,43,.22946735,.84446651,XGboost,Mixed,Municipality
gb_all_mun,44,.22543955,1.0305336,XGboost,Mixed,Municipality
gb_all_mun,45,.22817031,.90537232,XGboost,Mixed,Municipality
gb_all_mun,46,.22692148,.94648987,XGboost,Mixed,Municipality
gb_all_mun,47,.22888187,.86064672,XGboost,Mixed,Municipality
gb_all_mun,48,.22960812,.82976133,XGboost,Mixed,Municipality
gb_all_mun,49,.2272213,.93791628,XGboost,Mixed,Municipality
gb_all_mun,50,.22767597,.91669297,XGboost,Mixed,Municipality
gb_all_mun,51,.22772481,.92275214,XGboost,Mixed,Municipality
gb_all_mun,52,.23199184,.71184576,XGboost,Mixed,Municipality
gb_all_mun,53,.22614218,.9780674,XGboost,Mixed,Municipality
gb_all_mun,54,.22584181,.99913794,XGboost,Mixed,Municipality
gb_all_mun,55,.22836886,.88818407,XGboost,Mixed,Municipality
gb_all_mun,56,.22783582,.91191441,XGboost,Mixed,Municipality
gb_all_mun,57,.22673771,.96787798,XGboost,Mixed,Municipality
gb_all_mun,58,.2278038,.92129821,XGboost,Mixed,Municipality
gb_all_mun,59,.22714734,.93774235,XGboost,Mixed,Municipality
gb_all_mun,60,.22893827,.88038248,XGboost,Mixed,Municipality
gb_all_mun,61,.22797059,.9249661,XGboost,Mixed,Municipality
gb_all_mun,62,.22647326,.97336239,XGboost,Mixed,Municipality
gb_all_mun,63,.22629431,.98580682,XGboost,Mixed,Municipality
gb_all_mun,64,.22801289,.89665616,XGboost,Mixed,Municipality
gb_all_mun,65,.22840683,.88780946,XGboost,Mixed,Municipality
gb_all_mun,66,.22615725,.98552233,XGboost,Mixed,Municipality
gb_all_mun,67,.22897772,.86559862,XGboost,Mixed,Municipality
gb_all_mun,68,.22833647,.88667256,XGboost,Mixed,Municipality
gb_all_mun,69,.22776297,.91787893,XGboost,Mixed,Municipality
gb_all_mun,70,.23096721,.77282166,XGboost,Mixed,Municipality
gb_all_mun,71,.23201928,.72424233,XGboost,Mixed,Municipality
gb_all_mun,72,.22900614,.85467196,XGboost,Mixed,Municipality
gb_all_mun,73,.22714989,.9423539,XGboost,Mixed,Municipality
gb_all_mun,74,.22658829,.96957248,XGboost,Mixed,Municipality
gb_all_mun,75,.22669166,.97437441,XGboost,Mixed,Municipality
gb_all_mun,76,.22423758,1.0896639,XGboost,Mixed,Municipality
gb_all_mun,77,.22728005,.94895357,XGboost,Mixed,Municipality
gb_all_mun,78,.22940026,.83852482,XGboost,Mixed,Municipality
gb_all_mun,79,.22974047,.83037031,XGboost,Mixed,Municipality
gb_all_mun,80,.22843121,.89648509,XGboost,Mixed,Municipality
gb_all_mun,81,.22677734,.97217476,XGboost,Mixed,Municipality
gb_all_mun,82,.22812873,.89663965,XGboost,Mixed,Municipality
gb_all_mun,83,.22828144,.89347005,XGboost,Mixed,Municipality
gb_all_mun,84,.23002353,.81544101,XGboost,Mixed,Municipality
gb_all_mun,85,.22856697,.88638574,XGboost,Mixed,Municipality
gb_all_mun,86,.22837469,.89715677,XGboost,Mixed,Municipality
gb_all_mun,87,.23229067,.69812298,XGboost,Mixed,Municipality
gb_all_mun,88,.2279385,.92104334,XGboost,Mixed,Municipality
gb_all_mun,89,.22490948,1.0496142,XGboost,Mixed,Municipality
gb_all_mun,90,.22584267,1.0057969,XGboost,Mixed,Municipality
gb_all_mun,91,.22877012,.87359232,XGboost,Mixed,Municipality
gb_all_mun,92,.22717464,.95185459,XGboost,Mixed,Municipality
gb_all_mun,93,.2270261,.94990975,XGboost,Mixed,Municipality
gb_all_mun,94,.22909965,.86278254,XGboost,Mixed,Municipality
gb_all_mun,95,.22770447,.9226746,XGboost,Mixed,Municipality
gb_all_mun,96,.22673665,.96727073,XGboost,Mixed,Municipality
gb_all_mun,97,.22588977,.99176908,XGboost,Mixed,Municipality
gb_all_mun,98,.22873488,.87015307,XGboost,Mixed,Municipality
gb_all_mun,99,.2275757,.93468058,XGboost,Mixed,Municipality
gb_all_mun,100,.22868927,.88976514,XGboost,Mixed,Municipality
gb_all_mun,101,.22945735,.84519351,XGboost,Mixed,Municipality
gb_all_mun,102,.22706717,.95053065,XGboost,Mixed,Municipality
gb_all_mun,103,.22971602,.81797826,XGboost,Mixed,Municipality
gb_all_mun,104,.22811849,.89800233,XGboost,Mixed,Municipality
gb_all_mun,105,.23122545,.75623661,XGboost,Mixed,Municipality
gb_all_mun,106,.22792503,.92319113,XGboost,Mixed,Municipality
gb_all_mun,107,.23094393,.7778129,XGboost,Mixed,Municipality
gb_all_mun,108,.22846162,.89784265,XGboost,Mixed,Municipality
gb_all_mun,109,.22691211,.95867604,XGboost,Mixed,Municipality
gb_all_mun,110,.23000069,.81868243,XGboost,Mixed,Municipality
gb_all_mun,111,.22744621,.9299522,XGboost,Mixed,Municipality
gb_all_mun,112,.22651644,.96504819,XGboost,Mixed,Municipality
gb_all_mun,113,.23058946,.79126197,XGboost,Mixed,Municipality
gb_all_mun,114,.22721969,.94268858,XGboost,Mixed,Municipality
gb_all_mun,115,.22995615,.82214051,XGboost,Mixed,Municipality
gb_all_mun,116,.22630462,.98218173,XGboost,Mixed,Municipality
gb_all_mun,117,.22861686,.86543381,XGboost,Mixed,Municipality
gb_all_mun,118,.22881541,.87479252,XGboost,Mixed,Municipality
gb_all_mun,119,.2255858,1.021387,XGboost,Mixed,Municipality
gb_all_mun,120,.23239659,.70300072,XGboost,Mixed,Municipality
gb_all_mun,121,.22533537,1.0299726,XGboost,Mixed,Municipality
gb_all_mun,122,.22669582,.95889896,XGboost,Mixed,Municipality
gb_all_mun,123,.22542833,1.0154743,XGboost,Mixed,Municipality
gb_all_mun,124,.2300615,.81378412,XGboost,Mixed,Municipality
gb_all_mun,125,.23073539,.78431904,XGboost,Mixed,Municipality
gb_all_mun,126,.2309587,.76395667,XGboost,Mixed,Municipality
gb_all_mun,127,.22995919,.81453615,XGboost,Mixed,Municipality
gb_all_mun,128,.22650428,.96846294,XGboost,Mixed,Municipality
gb_all_mun,129,.22722633,.94665694,XGboost,Mixed,Municipality
gb_all_mun,130,.22918701,.85129714,XGboost,Mixed,Municipality
gb_all_mun,131,.22831811,.89247054,XGboost,Mixed,Municipality
gb_all_mun,132,.23038365,.79874086,XGboost,Mixed,Municipality
gb_all_mun,133,.22739273,.93222314,XGboost,Mixed,Municipality
gb_all_mun,134,.22711185,.95084363,XGboost,Mixed,Municipality
gb_all_mun,135,.22771637,.9235127,XGboost,Mixed,Municipality
gb_all_mun,136,.22754648,.92472488,XGboost,Mixed,Municipality
gb_all_mun,137,.22950836,.83371204,XGboost,Mixed,Municipality
gb_all_mun,138,.22351393,1.10146,XGboost,Mixed,Municipality
gb_all_mun,139,.23173088,.73791432,XGboost,Mixed,Municipality
gb_all_mun,140,.22772902,.90642542,XGboost,Mixed,Municipality
gb_all_mun,141,.22582027,1.0236768,XGboost,Mixed,Municipality
gb_all_mun,142,.22717209,.93341994,XGboost,Mixed,Municipality
gb_all_mun,143,.22913861,.85463375,XGboost,Mixed,Municipality
gb_all_mun,144,.23020731,.80872047,XGboost,Mixed,Municipality
gb_all_mun,145,.22570351,1.0047352,XGboost,Mixed,Municipality
gb_all_mun,146,.22907855,.8561247,XGboost,Mixed,Municipality
gb_all_mun,147,.22685498,.9661566,XGboost,Mixed,Municipality
gb_all_mun,148,.23014434,.81900799,XGboost,Mixed,Municipality
gb_all_mun,149,.22842544,.88377094,XGboost,Mixed,Municipality
gb_all_mun,150,.22758447,.93131089,XGboost,Mixed,Municipality
gb_all_mun,151,.23039798,.79291832,XGboost,Mixed,Municipality
gb_all_mun,152,.23030578,.79861653,XGboost,Mixed,Municipality
gb_all_mun,153,.23044601,.79623556,XGboost,Mixed,Municipality
gb_all_mun,154,.2240188,1.0938455,XGboost,Mixed,Municipality
gb_all_mun,155,.22883415,.87149757,XGboost,Mixed,Municipality
gb_all_mun,156,.22970752,.83047235,XGboost,Mixed,Municipality
gb_all_mun,157,.22726814,.92824793,XGboost,Mixed,Municipality
gb_all_mun,158,.22817317,.90111256,XGboost,Mixed,Municipality
gb_all_mun,159,.22813475,.89379507,XGboost,Mixed,Municipality
gb_all_mun,160,.22735371,.93753195,XGboost,Mixed,Municipality
gb_all_mun,161,.22840101,.88739151,XGboost,Mixed,Municipality
gb_all_mun,162,.23018429,.81843615,XGboost,Mixed,Municipality
gb_all_mun,163,.22463883,1.0589963,XGboost,Mixed,Municipality
gb_all_mun,164,.22880591,.87646937,XGboost,Mixed,Municipality
gb_all_mun,165,.22758794,.92089337,XGboost,Mixed,Municipality
gb_all_mun,166,.22687551,.96229774,XGboost,Mixed,Municipality
gb_all_mun,167,.22755574,.92717373,XGboost,Mixed,Municipality
gb_all_mun,168,.2300896,.82140613,XGboost,Mixed,Municipality
gb_all_mun,169,.22964492,.83581597,XGboost,Mixed,Municipality
gb_all_mun,170,.22502762,1.0417322,XGboost,Mixed,Municipality
gb_all_mun,171,.2262319,.9868508,XGboost,Mixed,Municipality
gb_all_mun,172,.23057048,.78900981,XGboost,Mixed,Municipality
gb_all_mun,173,.22909313,.85050285,XGboost,Mixed,Municipality
gb_all_mun,174,.22936378,.84692335,XGboost,Mixed,Municipality
gb_all_mun,175,.22786845,.90381002,XGboost,Mixed,Municipality
gb_all_mun,176,.22748555,.93531919,XGboost,Mixed,Municipality
gb_all_mun,177,.22900671,.85883474,XGboost,Mixed,Municipality
gb_all_mun,178,.2267634,.96592683,XGboost,Mixed,Municipality
gb_all_mun,179,.2284113,.88966936,XGboost,Mixed,Municipality
gb_all_mun,180,.22759433,.91518772,XGboost,Mixed,Municipality
gb_all_mun,181,.2297762,.82696807,XGboost,Mixed,Municipality
gb_all_mun,182,.22905988,.85504425,XGboost,Mixed,Municipality
gb_all_mun,183,.22788867,.91210198,XGboost,Mixed,Municipality
gb_all_mun,184,.23413278,.62154275,XGboost,Mixed,Municipality
gb_all_mun,185,.22731411,.9412694,XGboost,Mixed,Municipality
gb_all_mun,186,.22960378,.8245768,XGboost,Mixed,Municipality
gb_all_mun,187,.22752887,.93550164,XGboost,Mixed,Municipality
gb_all_mun,188,.22835855,.89723772,XGboost,Mixed,Municipality
gb_all_mun,189,.22817621,.89816141,XGboost,Mixed,Municipality
gb_all_mun,190,.23089243,.78141004,XGboost,Mixed,Municipality
gb_all_mun,191,.2281028,.89945054,XGboost,Mixed,Municipality
gb_all_mun,192,.23009978,.80883509,XGboost,Mixed,Municipality
gb_all_mun,193,.22750069,.93698859,XGboost,Mixed,Municipality
gb_all_mun,194,.22758068,.92549175,XGboost,Mixed,Municipality
gb_all_mun,195,.22845492,.89167577,XGboost,Mixed,Municipality
gb_all_mun,196,.22539644,1.0226579,XGboost,Mixed,Municipality
gb_all_mun,197,.22579695,1.0078574,XGboost,Mixed,Municipality
gb_all_mun,198,.22802171,.91415113,XGboost,Mixed,Municipality
gb_all_mun,199,.22716495,.94112116,XGboost,Mixed,Municipality
gb_all_mun,200,.22886437,.86991251,XGboost,Mixed,Municipality
gb_all_mun,201,.22978377,.82211542,XGboost,Mixed,Municipality
gb_all_mun,202,.23098117,.76366132,XGboost,Mixed,Municipality
gb_all_mun,203,.2282998,.90379351,XGboost,Mixed,Municipality
gb_all_mun,204,.22684065,.95223773,XGboost,Mixed,Municipality
gb_all_mun,205,.23054442,.78508765,XGboost,Mixed,Municipality
gb_all_mun,206,.22900857,.86118495,XGboost,Mixed,Municipality
gb_all_mun,207,.22663334,.97030514,XGboost,Mixed,Municipality
gb_all_mun,208,.229607,.8357287,XGboost,Mixed,Municipality
gb_all_mun,209,.22991234,.81487429,XGboost,Mixed,Municipality
gb_all_mun,210,.23036076,.80363405,XGboost,Mixed,Municipality
gb_all_mun,211,.22371067,1.1105303,XGboost,Mixed,Municipality
gb_all_mun,212,.22769348,.91692388,XGboost,Mixed,Municipality
gb_all_mun,213,.22804783,.90019858,XGboost,Mixed,Municipality
gb_all_mun,214,.2309476,.77224976,XGboost,Mixed,Municipality
gb_all_mun,215,.22837116,.89272088,XGboost,Mixed,Municipality
gb_all_mun,216,.22866842,.88001698,XGboost,Mixed,Municipality
gb_all_mun,217,.22614062,1.0015851,XGboost,Mixed,Municipality
gb_all_mun,218,.22804832,.90143412,XGboost,Mixed,Municipality
gb_all_mun,219,.22783135,.91500127,XGboost,Mixed,Municipality
gb_all_mun,220,.22973396,.82462299,XGboost,Mixed,Municipality
gb_all_mun,221,.22870894,.88053471,XGboost,Mixed,Municipality
gb_all_mun,222,.22616054,1.010552,XGboost,Mixed,Municipality
gb_all_mun,223,.22900788,.86580503,XGboost,Mixed,Municipality
gb_all_mun,224,.22498848,1.0403382,XGboost,Mixed,Municipality
gb_all_mun,225,.23050986,.78893971,XGboost,Mixed,Municipality
gb_all_mun,226,.22900924,.86372334,XGboost,Mixed,Municipality
gb_all_mun,227,.23141363,.75205445,XGboost,Mixed,Municipality
gb_all_mun,228,.22921903,.8396349,XGboost,Mixed,Municipality
gb_all_mun,229,.22908582,.85228521,XGboost,Mixed,Municipality
gb_all_mun,230,.22892176,.86821395,XGboost,Mixed,Municipality
gb_all_mun,231,.23074886,.78564757,XGboost,Mixed,Municipality
gb_all_mun,232,.22685404,.9575038,XGboost,Mixed,Municipality
gb_all_mun,233,.22684269,.95779514,XGboost,Mixed,Municipality
gb_all_mun,234,.22776558,.92296135,XGboost,Mixed,Municipality
gb_all_mun,235,.22877111,.87655377,XGboost,Mixed,Municipality
gb_all_mun,236,.22914842,.8442151,XGboost,Mixed,Municipality
gb_all_mun,237,.22573565,1.0180036,XGboost,Mixed,Municipality
gb_all_mun,238,.22820406,.88885796,XGboost,Mixed,Municipality
gb_all_mun,239,.22987157,.82050586,XGboost,Mixed,Municipality
gb_all_mun,240,.23058629,.78750741,XGboost,Mixed,Municipality
gb_all_mun,241,.22877695,.87022781,XGboost,Mixed,Municipality
gb_all_mun,242,.22834243,.88694847,XGboost,Mixed,Municipality
gb_all_mun,243,.22660014,.97974372,XGboost,Mixed,Municipality
gb_all_mun,244,.22854197,.88306797,XGboost,Mixed,Municipality
gb_all_mun,245,.2258724,.99644619,XGboost,Mixed,Municipality
gb_all_mun,246,.2286732,.87132424,XGboost,Mixed,Municipality
gb_all_mun,247,.22993772,.81349218,XGboost,Mixed,Municipality
gb_all_mun,248,.22649261,.96723539,XGboost,Mixed,Municipality
gb_all_mun,249,.2244432,1.0603185,XGboost,Mixed,Municipality
gb_all_mun,250,.23036262,.79083204,XGboost,Mixed,Municipality
gb_all_mun,251,.22695716,.9579314,XGboost,Mixed,Municipality
gb_all_mun,252,.22843333,.8815496,XGboost,Mixed,Municipality
gb_all_mun,253,.2287278,.88106269,XGboost,Mixed,Municipality
gb_all_mun,254,.2264356,.97732621,XGboost,Mixed,Municipality
gb_all_mun,255,.23197652,.72164577,XGboost,Mixed,Municipality
gb_all_mun,256,.22553746,1.0213505,XGboost,Mixed,Municipality
gb_all_mun,257,.2317552,.72804189,XGboost,Mixed,Municipality
gb_all_mun,258,.22851677,.87334889,XGboost,Mixed,Municipality
gb_all_mun,259,.22614112,1.0028503,XGboost,Mixed,Municipality
gb_all_mun,260,.22452684,1.0675774,XGboost,Mixed,Municipality
gb_all_mun,261,.22785002,.90564996,XGboost,Mixed,Municipality
gb_all_mun,262,.22776434,.91487813,XGboost,Mixed,Municipality
gb_all_mun,263,.22880623,.87765992,XGboost,Mixed,Municipality
gb_all_mun,264,.22794464,.90821284,XGboost,Mixed,Municipality
gb_all_mun,265,.2281432,.90833431,XGboost,Mixed,Municipality
gb_all_mun,266,.22684219,.95247322,XGboost,Mixed,Municipality
gb_all_mun,267,.2268618,.95010757,XGboost,Mixed,Municipality
gb_all_mun,268,.2277734,.91904771,XGboost,Mixed,Municipality
gb_all_mun,269,.22763807,.92663324,XGboost,Mixed,Municipality
gb_all_mun,270,.22740583,.92305374,XGboost,Mixed,Municipality
gb_all_mun,271,.22969405,.82530719,XGboost,Mixed,Municipality
gb_all_mun,272,.22900826,.86156636,XGboost,Mixed,Municipality
gb_all_mun,273,.22645955,.97744709,XGboost,Mixed,Municipality
gb_all_mun,274,.22639807,.98458725,XGboost,Mixed,Municipality
gb_all_mun,275,.23200649,.72043014,XGboost,Mixed,Municipality
gb_all_mun,276,.22482665,1.0546356,XGboost,Mixed,Municipality
gb_all_mun,277,.22819494,.89374149,XGboost,Mixed,Municipality
gb_all_mun,278,.22828113,.89507848,XGboost,Mixed,Municipality
gb_all_mun,279,.2280969,.90267766,XGboost,Mixed,Municipality
gb_all_mun,280,.2295704,.83447719,XGboost,Mixed,Municipality
gb_all_mun,281,.23024206,.80597913,XGboost,Mixed,Municipality
gb_all_mun,282,.23068403,.79062569,XGboost,Mixed,Municipality
gb_all_mun,283,.22827628,.90676349,XGboost,Mixed,Municipality
gb_all_mun,284,.22741036,.9457224,XGboost,Mixed,Municipality
gb_all_mun,285,.23104632,.77157301,XGboost,Mixed,Municipality
gb_all_mun,286,.22612089,.98418188,XGboost,Mixed,Municipality
gb_all_mun,287,.22703379,.95403719,XGboost,Mixed,Municipality
gb_all_mun,288,.22892734,.87282205,XGboost,Mixed,Municipality
gb_all_mun,289,.22650634,.9676379,XGboost,Mixed,Municipality
gb_all_mun,290,.22451387,1.0669632,XGboost,Mixed,Municipality
gb_all_mun,291,.22975145,.83025682,XGboost,Mixed,Municipality
gb_all_mun,292,.23130269,.74160385,XGboost,Mixed,Municipality
gb_all_mun,293,.23239683,.70087057,XGboost,Mixed,Municipality
gb_all_mun,294,.22512659,1.0394047,XGboost,Mixed,Municipality
gb_all_mun,295,.22533984,1.0342077,XGboost,Mixed,Municipality
gb_all_mun,296,.22889873,.85856789,XGboost,Mixed,Municipality
gb_all_mun,297,.22753793,.9270677,XGboost,Mixed,Municipality
gb_all_mun,298,.22774851,.91725284,XGboost,Mixed,Municipality
gb_all_mun,299,.23209342,.70975095,XGboost,Mixed,Municipality
gb_all_mun,300,.22809362,.90349305,XGboost,Mixed,Municipality
gb_all_mun,301,.22922555,.86230361,XGboost,Mixed,Municipality
gb_all_mun,302,.22831121,.89634424,XGboost,Mixed,Municipality
gb_all_mun,303,.22732119,.94037712,XGboost,Mixed,Municipality
gb_all_mun,304,.22857095,.87663192,XGboost,Mixed,Municipality
gb_all_mun,305,.2272682,.95076382,XGboost,Mixed,Municipality
gb_all_mun,306,.22756325,.92477566,XGboost,Mixed,Municipality
gb_all_mun,307,.23007819,.81766754,XGboost,Mixed,Municipality
gb_all_mun,308,.2293994,.85084099,XGboost,Mixed,Municipality
gb_all_mun,309,.22882564,.86147171,XGboost,Mixed,Municipality
gb_all_mun,310,.2288226,.86561739,XGboost,Mixed,Municipality
gb_all_mun,311,.22803003,.90422624,XGboost,Mixed,Municipality
gb_all_mun,312,.22669347,.9688341,XGboost,Mixed,Municipality
gb_all_mun,313,.2280196,.89832449,XGboost,Mixed,Municipality
gb_all_mun,314,.23215379,.71141982,XGboost,Mixed,Municipality
gb_all_mun,315,.22753234,.93419993,XGboost,Mixed,Municipality
gb_all_mun,316,.22893454,.8703441,XGboost,Mixed,Municipality
gb_all_mun,317,.22980432,.81576544,XGboost,Mixed,Municipality
gb_all_mun,318,.22685802,.95661205,XGboost,Mixed,Municipality
gb_all_mun,319,.22822659,.89863747,XGboost,Mixed,Municipality
gb_all_mun,320,.2283075,.90584666,XGboost,Mixed,Municipality
gb_all_mun,321,.22609912,.98348171,XGboost,Mixed,Municipality
gb_all_mun,322,.22808319,.89326596,XGboost,Mixed,Municipality
gb_all_mun,323,.23023598,.80655098,XGboost,Mixed,Municipality
gb_all_mun,324,.22706141,.94525832,XGboost,Mixed,Municipality
gb_all_mun,325,.23161621,.73567528,XGboost,Mixed,Municipality
gb_all_mun,326,.22915469,.84874165,XGboost,Mixed,Municipality
gb_all_mun,327,.2271935,.95548308,XGboost,Mixed,Municipality
gb_all_mun,328,.22758055,.91405421,XGboost,Mixed,Municipality
gb_all_mun,329,.22969083,.83205855,XGboost,Mixed,Municipality
gb_all_mun,330,.2291375,.84656072,XGboost,Mixed,Municipality
gb_all_mun,331,.22729774,.94068497,XGboost,Mixed,Municipality
gb_all_mun,332,.22884023,.86619782,XGboost,Mixed,Municipality
gb_all_mun,333,.22866768,.8761906,XGboost,Mixed,Municipality
gb_all_mun,334,.22773722,.91790742,XGboost,Mixed,Municipality
gb_all_mun,335,.22700773,.9451192,XGboost,Mixed,Municipality
gb_all_mun,336,.22940126,.84576595,XGboost,Mixed,Municipality
gb_all_mun,337,.22880138,.8709268,XGboost,Mixed,Municipality
gb_all_mun,338,.22652934,.96720803,XGboost,Mixed,Municipality
gb_all_mun,339,.2290296,.85283542,XGboost,Mixed,Municipality
gb_all_mun,340,.22688501,.95714456,XGboost,Mixed,Municipality
gb_all_mun,341,.22743033,.92655396,XGboost,Mixed,Municipality
gb_all_mun,342,.22849271,.88259131,XGboost,Mixed,Municipality
gb_all_mun,343,.22970368,.82617217,XGboost,Mixed,Municipality
gb_all_mun,344,.22932519,.83900261,XGboost,Mixed,Municipality
gb_all_mun,345,.23314486,.66989517,XGboost,Mixed,Municipality
gb_all_mun,346,.22915469,.86597836,XGboost,Mixed,Municipality
gb_all_mun,347,.22825798,.8961584,XGboost,Mixed,Municipality
gb_all_mun,348,.22706537,.95857799,XGboost,Mixed,Municipality
gb_all_mun,349,.2266365,.96773827,XGboost,Mixed,Municipality
gb_all_mun,350,.2286562,.86579472,XGboost,Mixed,Municipality
gb_all_mun,351,.22916263,.84539473,XGboost,Mixed,Municipality
gb_all_mun,352,.23031676,.79429698,XGboost,Mixed,Municipality
gb_all_mun,353,.22555304,1.0195152,XGboost,Mixed,Municipality
gb_all_mun,354,.23072584,.78139526,XGboost,Mixed,Municipality
gb_all_mun,355,.22694792,.94501996,XGboost,Mixed,Municipality
gb_all_mun,356,.22799136,.90968961,XGboost,Mixed,Municipality
gb_all_mun,357,.22870876,.88105869,XGboost,Mixed,Municipality
gb_all_mun,358,.22965826,.82572287,XGboost,Mixed,Municipality
gb_all_mun,359,.22714095,.94418013,XGboost,Mixed,Municipality
gb_all_mun,360,.22745237,.92750162,XGboost,Mixed,Municipality
gb_all_mun,361,.2306404,.78604782,XGboost,Mixed,Municipality
gb_all_mun,362,.23047119,.80201763,XGboost,Mixed,Municipality
gb_all_mun,363,.23139012,.7465421,XGboost,Mixed,Municipality
gb_all_mun,364,.22476213,1.0577208,XGboost,Mixed,Municipality
gb_all_mun,365,.22806172,.90440357,XGboost,Mixed,Municipality
gb_all_mun,366,.22826487,.88473684,XGboost,Mixed,Municipality
gb_all_mun,367,.22983713,.82312119,XGboost,Mixed,Municipality
gb_all_mun,368,.22855097,.87672311,XGboost,Mixed,Municipality
gb_all_mun,369,.22784474,.92248297,XGboost,Mixed,Municipality
gb_all_mun,370,.22650918,.97449589,XGboost,Mixed,Municipality
gb_all_mun,371,.2281334,.90630794,XGboost,Mixed,Municipality
gb_all_mun,372,.22914512,.84395224,XGboost,Mixed,Municipality
gb_all_mun,373,.2267933,.96740413,XGboost,Mixed,Municipality
gb_all_mun,374,.22699712,.95851123,XGboost,Mixed,Municipality
gb_all_mun,375,.23322219,.66824281,XGboost,Mixed,Municipality
gb_all_mun,376,.22871217,.86980641,XGboost,Mixed,Municipality
gb_all_mun,377,.22641766,.97391319,XGboost,Mixed,Municipality
gb_all_mun,378,.22785971,.91247314,XGboost,Mixed,Municipality
gb_all_mun,379,.22854266,.88425332,XGboost,Mixed,Municipality
gb_all_mun,380,.22936912,.83483356,XGboost,Mixed,Municipality
gb_all_mun,381,.22836494,.89642411,XGboost,Mixed,Municipality
gb_all_mun,382,.22830234,.9009307,XGboost,Mixed,Municipality
gb_all_mun,383,.22725151,.93716305,XGboost,Mixed,Municipality
gb_all_mun,384,.23068117,.78110504,XGboost,Mixed,Municipality
gb_all_mun,385,.22781019,.91837496,XGboost,Mixed,Municipality
gb_all_mun,386,.22571008,1.0175018,XGboost,Mixed,Municipality
gb_all_mun,387,.22882652,.87275648,XGboost,Mixed,Municipality
gb_all_mun,388,.22980028,.82360697,XGboost,Mixed,Municipality
gb_all_mun,389,.22825016,.89119399,XGboost,Mixed,Municipality
gb_all_mun,390,.22801934,.90187943,XGboost,Mixed,Municipality
gb_all_mun,391,.22954682,.83832353,XGboost,Mixed,Municipality
gb_all_mun,392,.22917081,.85422093,XGboost,Mixed,Municipality
gb_all_mun,393,.22640885,.97923851,XGboost,Mixed,Municipality
gb_all_mun,394,.22789165,.91933626,XGboost,Mixed,Municipality
gb_all_mun,395,.22720604,.94815302,XGboost,Mixed,Municipality
gb_all_mun,396,.22692925,.95796788,XGboost,Mixed,Municipality
gb_all_mun,397,.22763807,.9258675,XGboost,Mixed,Municipality
gb_all_mun,398,.23031236,.79707199,XGboost,Mixed,Municipality
gb_all_mun,399,.22734149,.92961234,XGboost,Mixed,Municipality
gb_all_mun,400,.22756919,.92632478,XGboost,Mixed,Municipality
gb_all_mun,401,.22763075,.92869723,XGboost,Mixed,Municipality
gb_all_mun,402,.22874995,.87358433,XGboost,Mixed,Municipality
gb_all_mun,403,.22835881,.89675081,XGboost,Mixed,Municipality
gb_all_mun,404,.22579297,1.0042638,XGboost,Mixed,Municipality
gb_all_mun,405,.22847135,.89256579,XGboost,Mixed,Municipality
gb_all_mun,406,.22919366,.85314846,XGboost,Mixed,Municipality
gb_all_mun,407,.22377923,1.1107423,XGboost,Mixed,Municipality
gb_all_mun,408,.22913228,.85071325,XGboost,Mixed,Municipality
gb_all_mun,409,.22594908,1.000934,XGboost,Mixed,Municipality
gb_all_mun,410,.22827014,.90063936,XGboost,Mixed,Municipality
gb_all_mun,411,.22848345,.87856364,XGboost,Mixed,Municipality
gb_all_mun,412,.22970107,.82621151,XGboost,Mixed,Municipality
gb_all_mun,413,.23007721,.8073042,XGboost,Mixed,Municipality
gb_all_mun,414,.22895421,.86319709,XGboost,Mixed,Municipality
gb_all_mun,415,.22726616,.93306929,XGboost,Mixed,Municipality
gb_all_mun,416,.22574899,1.0015606,XGboost,Mixed,Municipality
gb_all_mun,417,.22950469,.8444922,XGboost,Mixed,Municipality
gb_all_mun,418,.22695976,.95962477,XGboost,Mixed,Municipality
gb_all_mun,419,.22574644,1.0196645,XGboost,Mixed,Municipality
gb_all_mun,420,.22586159,.996701,XGboost,Mixed,Municipality
gb_all_mun,421,.2280518,.90506554,XGboost,Mixed,Municipality
gb_all_mun,422,.22967942,.8214221,XGboost,Mixed,Municipality
gb_all_mun,423,.22905901,.86168671,XGboost,Mixed,Municipality
gb_all_mun,424,.22952498,.82982177,XGboost,Mixed,Municipality
gb_all_mun,425,.23045227,.79223299,XGboost,Mixed,Municipality
gb_all_mun,426,.22681309,.9638201,XGboost,Mixed,Municipality
gb_all_mun,427,.22878948,.87939775,XGboost,Mixed,Municipality
gb_all_mun,428,.23073143,.77502763,XGboost,Mixed,Municipality
gb_all_mun,429,.23057444,.79007375,XGboost,Mixed,Municipality
gb_all_mun,430,.22521023,1.0347192,XGboost,Mixed,Municipality
gb_all_mun,431,.22529127,1.0185179,XGboost,Mixed,Municipality
gb_all_mun,432,.22812687,.89576668,XGboost,Mixed,Municipality
gb_all_mun,433,.23074259,.78573364,XGboost,Mixed,Municipality
gb_all_mun,434,.22623618,.98930252,XGboost,Mixed,Municipality
gb_all_mun,435,.2271214,.94916964,XGboost,Mixed,Municipality
gb_all_mun,436,.22764687,.92585665,XGboost,Mixed,Municipality
gb_all_mun,437,.22693507,.95001292,XGboost,Mixed,Municipality
gb_all_mun,438,.23121923,.75866383,XGboost,Mixed,Municipality
gb_all_mun,439,.2319254,.72645855,XGboost,Mixed,Municipality
gb_all_mun,440,.22637628,.9815768,XGboost,Mixed,Municipality
gb_all_mun,441,.22801575,.89677989,XGboost,Mixed,Municipality
gb_all_mun,442,.2299366,.82182348,XGboost,Mixed,Municipality
gb_all_mun,443,.2285869,.87543738,XGboost,Mixed,Municipality
gb_all_mun,444,.22604786,.99919838,XGboost,Mixed,Municipality
gb_all_mun,445,.23163037,.73749524,XGboost,Mixed,Municipality
gb_all_mun,446,.2273882,.92835283,XGboost,Mixed,Municipality
gb_all_mun,447,.22696933,.95664513,XGboost,Mixed,Municipality
gb_all_mun,448,.22806098,.91883224,XGboost,Mixed,Municipality
gb_all_mun,449,.22710676,.94917023,XGboost,Mixed,Municipality
gb_all_mun,450,.22662267,.96326703,XGboost,Mixed,Municipality
gb_all_mun,451,.22919092,.8549844,XGboost,Mixed,Municipality
gb_all_mun,452,.22794582,.9042998,XGboost,Mixed,Municipality
gb_all_mun,453,.22918683,.86580616,XGboost,Mixed,Municipality
gb_all_mun,454,.22814871,.898471,XGboost,Mixed,Municipality
gb_all_mun,455,.22894131,.86605531,XGboost,Mixed,Municipality
gb_all_mun,456,.22854289,.8860904,XGboost,Mixed,Municipality
gb_all_mun,457,.2273511,.93181604,XGboost,Mixed,Municipality
gb_all_mun,458,.22986376,.82970947,XGboost,Mixed,Municipality
gb_all_mun,459,.23026155,.80563021,XGboost,Mixed,Municipality
gb_all_mun,460,.22766866,.92689437,XGboost,Mixed,Municipality
gb_all_mun,461,.22700916,.95470029,XGboost,Mixed,Municipality
gb_all_mun,462,.22953485,.8335079,XGboost,Mixed,Municipality
gb_all_mun,463,.22927102,.84378743,XGboost,Mixed,Municipality
gb_all_mun,464,.22837153,.87780702,XGboost,Mixed,Municipality
gb_all_mun,465,.22564574,1.0059817,XGboost,Mixed,Municipality
gb_all_mun,466,.22874704,.87655437,XGboost,Mixed,Municipality
gb_all_mun,467,.22948812,.83916396,XGboost,Mixed,Municipality
gb_all_mun,468,.22587258,.99703002,XGboost,Mixed,Municipality
gb_all_mun,469,.23032787,.79295653,XGboost,Mixed,Municipality
gb_all_mun,470,.22412018,1.0838944,XGboost,Mixed,Municipality
gb_all_mun,471,.22900961,.85734773,XGboost,Mixed,Municipality
gb_all_mun,472,.22648846,.97108746,XGboost,Mixed,Municipality
gb_all_mun,473,.2295817,.84790635,XGboost,Mixed,Municipality
gb_all_mun,474,.22799,.9080019,XGboost,Mixed,Municipality
gb_all_mun,475,.22636642,.98887151,XGboost,Mixed,Municipality
gb_all_mun,476,.22627589,.98828596,XGboost,Mixed,Municipality
gb_all_mun,477,.22894683,.84737891,XGboost,Mixed,Municipality
gb_all_mun,478,.22816019,.90238577,XGboost,Mixed,Municipality
gb_all_mun,479,.22678307,.96940827,XGboost,Mixed,Municipality
gb_all_mun,480,.23027414,.8031773,XGboost,Mixed,Municipality
gb_all_mun,481,.2268752,.96659511,XGboost,Mixed,Municipality
gb_all_mun,482,.22794974,.9030956,XGboost,Mixed,Municipality
gb_all_mun,483,.22509228,1.0448089,XGboost,Mixed,Municipality
gb_all_mun,484,.23032464,.80921137,XGboost,Mixed,Municipality
gb_all_mun,485,.22799571,.9032051,XGboost,Mixed,Municipality
gb_all_mun,486,.22947721,.8434459,XGboost,Mixed,Municipality
gb_all_mun,487,.23031434,.79938686,XGboost,Mixed,Municipality
gb_all_mun,488,.22493263,1.0493827,XGboost,Mixed,Municipality
gb_all_mun,489,.22603168,1.0100287,XGboost,Mixed,Municipality
gb_all_mun,490,.23077467,.77731055,XGboost,Mixed,Municipality
gb_all_mun,491,.2279269,.90489846,XGboost,Mixed,Municipality
gb_all_mun,492,.22786026,.906138,XGboost,Mixed,Municipality
gb_all_mun,493,.22792938,.90881151,XGboost,Mixed,Municipality
gb_all_mun,494,.22634178,.98456275,XGboost,Mixed,Municipality
gb_all_mun,495,.22641958,.98343498,XGboost,Mixed,Municipality
gb_all_mun,496,.22886437,.85932964,XGboost,Mixed,Municipality
gb_all_mun,497,.22572869,1.0129764,XGboost,Mixed,Municipality
gb_all_mun,498,.22732535,.93394393,XGboost,Mixed,Municipality
gb_all_mun,499,.22612871,.99779063,XGboost,Mixed,Municipality
gb_all_mun,500,.22953703,.8297146,XGboost,Mixed,Municipality
gb_gis_mun,1,.23726039,.46040961,XGboost,GIS,Municipality
gb_gis_mun,2,.23412074,.62165964,XGboost,GIS,Municipality
gb_gis_mun,3,.23544595,.54399437,XGboost,GIS,Municipality
gb_gis_mun,4,.23196778,.72240466,XGboost,GIS,Municipality
gb_gis_mun,5,.23664941,.50718153,XGboost,GIS,Municipality
gb_gis_mun,6,.23494138,.57905847,XGboost,GIS,Municipality
gb_gis_mun,7,.23509271,.58756191,XGboost,GIS,Municipality
gb_gis_mun,8,.23454143,.60473824,XGboost,GIS,Municipality
gb_gis_mun,9,.23532532,.55526483,XGboost,GIS,Municipality
gb_gis_mun,10,.23577759,.53485745,XGboost,GIS,Municipality
gb_gis_mun,11,.23456165,.59364617,XGboost,GIS,Municipality
gb_gis_mun,12,.23470914,.59442848,XGboost,GIS,Municipality
gb_gis_mun,13,.23173492,.72421777,XGboost,GIS,Municipality
gb_gis_mun,14,.22845349,.89366335,XGboost,GIS,Municipality
gb_gis_mun,15,.2351269,.57328326,XGboost,GIS,Municipality
gb_gis_mun,16,.23316312,.65227413,XGboost,GIS,Municipality
gb_gis_mun,17,.23331681,.66640347,XGboost,GIS,Municipality
gb_gis_mun,18,.23549137,.55670792,XGboost,GIS,Municipality
gb_gis_mun,19,.23270917,.69035959,XGboost,GIS,Municipality
gb_gis_mun,20,.23172455,.73358279,XGboost,GIS,Municipality
gb_gis_mun,21,.23628674,.52462804,XGboost,GIS,Municipality
gb_gis_mun,22,.23374233,.64134061,XGboost,GIS,Municipality
gb_gis_mun,23,.23400956,.63598049,XGboost,GIS,Municipality
gb_gis_mun,24,.23122898,.75411564,XGboost,GIS,Municipality
gb_gis_mun,25,.2351869,.56929266,XGboost,GIS,Municipality
gb_gis_mun,26,.23191243,.71479177,XGboost,GIS,Municipality
gb_gis_mun,27,.23491035,.5902577,XGboost,GIS,Municipality
gb_gis_mun,28,.2344411,.61270344,XGboost,GIS,Municipality
gb_gis_mun,29,.23494808,.5902828,XGboost,GIS,Municipality
gb_gis_mun,30,.23292057,.67631978,XGboost,GIS,Municipality
gb_gis_mun,31,.24130623,.27735305,XGboost,GIS,Municipality
gb_gis_mun,32,.23363182,.64064616,XGboost,GIS,Municipality
gb_gis_mun,33,.23327696,.65461642,XGboost,GIS,Municipality
gb_gis_mun,34,.234412,.58839494,XGboost,GIS,Municipality
gb_gis_mun,35,.23240359,.71367025,XGboost,GIS,Municipality
gb_gis_mun,36,.23503259,.57571048,XGboost,GIS,Municipality
gb_gis_mun,37,.22873816,.89264333,XGboost,GIS,Municipality
gb_gis_mun,38,.23562372,.5370155,XGboost,GIS,Municipality
gb_gis_mun,39,.23301674,.69071877,XGboost,GIS,Municipality
gb_gis_mun,40,.23525125,.56572855,XGboost,GIS,Municipality
gb_gis_mun,41,.23819345,.41166207,XGboost,GIS,Municipality
gb_gis_mun,42,.23290071,.683119,XGboost,GIS,Municipality
gb_gis_mun,43,.23181036,.73835564,XGboost,GIS,Municipality
gb_gis_mun,44,.23130158,.76798892,XGboost,GIS,Municipality
gb_gis_mun,45,.23144329,.74750453,XGboost,GIS,Municipality
gb_gis_mun,46,.23239553,.69597173,XGboost,GIS,Municipality
gb_gis_mun,47,.23563159,.55315292,XGboost,GIS,Municipality
gb_gis_mun,48,.23404033,.61274731,XGboost,GIS,Municipality
gb_gis_mun,49,.23287708,.67425805,XGboost,GIS,Municipality
gb_gis_mun,50,.23170879,.73175085,XGboost,GIS,Municipality
gb_gis_mun,51,.23343667,.64428955,XGboost,GIS,Municipality
gb_gis_mun,52,.23154034,.7418046,XGboost,GIS,Municipality
gb_gis_mun,53,.2331553,.67150873,XGboost,GIS,Municipality
gb_gis_mun,54,.22498475,1.0664985,XGboost,GIS,Municipality
gb_gis_mun,55,.23687892,.47531435,XGboost,GIS,Municipality
gb_gis_mun,56,.23417616,.60904413,XGboost,GIS,Municipality
gb_gis_mun,57,.23360737,.64679086,XGboost,GIS,Municipality
gb_gis_mun,58,.2356883,.54225135,XGboost,GIS,Municipality
gb_gis_mun,59,.23558214,.53722537,XGboost,GIS,Municipality
gb_gis_mun,60,.23449743,.60998887,XGboost,GIS,Municipality
gb_gis_mun,61,.23560497,.55074573,XGboost,GIS,Municipality
gb_gis_mun,62,.23294266,.66897088,XGboost,GIS,Municipality
gb_gis_mun,63,.2336338,.65109217,XGboost,GIS,Municipality
gb_gis_mun,64,.23223017,.69950104,XGboost,GIS,Municipality
gb_gis_mun,65,.23775801,.43534851,XGboost,GIS,Municipality
gb_gis_mun,66,.23181812,.73254281,XGboost,GIS,Municipality
gb_gis_mun,67,.23458306,.60061193,XGboost,GIS,Municipality
gb_gis_mun,68,.23646104,.50264186,XGboost,GIS,Municipality
gb_gis_mun,69,.23477963,.57667804,XGboost,GIS,Municipality
gb_gis_mun,70,.23707946,.4726032,XGboost,GIS,Municipality
gb_gis_mun,71,.2379946,.43499103,XGboost,GIS,Municipality
gb_gis_mun,72,.2351006,.56783533,XGboost,GIS,Municipality
gb_gis_mun,73,.2369267,.46724021,XGboost,GIS,Municipality
gb_gis_mun,74,.23418583,.61753958,XGboost,GIS,Municipality
gb_gis_mun,75,.23361015,.64506322,XGboost,GIS,Municipality
gb_gis_mun,76,.23417404,.61494076,XGboost,GIS,Municipality
gb_gis_mun,77,.2351642,.57306087,XGboost,GIS,Municipality
gb_gis_mun,78,.23159935,.74724567,XGboost,GIS,Municipality
gb_gis_mun,79,.23466651,.59542912,XGboost,GIS,Municipality
gb_gis_mun,80,.23254687,.69540441,XGboost,GIS,Municipality
gb_gis_mun,81,.23391561,.63743216,XGboost,GIS,Municipality
gb_gis_mun,82,.22809412,.91658407,XGboost,GIS,Municipality
gb_gis_mun,83,.23539594,.56536651,XGboost,GIS,Municipality
gb_gis_mun,84,.23454402,.60190105,XGboost,GIS,Municipality
gb_gis_mun,85,.23493214,.58948171,XGboost,GIS,Municipality
gb_gis_mun,86,.23638099,.50380445,XGboost,GIS,Municipality
gb_gis_mun,87,.24066901,.28413859,XGboost,GIS,Municipality
gb_gis_mun,88,.23296189,.68037367,XGboost,GIS,Municipality
gb_gis_mun,89,.23321752,.66731226,XGboost,GIS,Municipality
gb_gis_mun,90,.235395,.57336593,XGboost,GIS,Municipality
gb_gis_mun,91,.23724028,.47046453,XGboost,GIS,Municipality
gb_gis_mun,92,.23207214,.72891194,XGboost,GIS,Municipality
gb_gis_mun,93,.22898728,.87202436,XGboost,GIS,Municipality
gb_gis_mun,94,.23571709,.53391325,XGboost,GIS,Municipality
gb_gis_mun,95,.23312514,.6535331,XGboost,GIS,Municipality
gb_gis_mun,96,.23683481,.48919109,XGboost,GIS,Municipality
gb_gis_mun,97,.23505883,.57227176,XGboost,GIS,Municipality
gb_gis_mun,98,.23442608,.60683531,XGboost,GIS,Municipality
gb_gis_mun,99,.23665735,.49431971,XGboost,GIS,Municipality
gb_gis_mun,100,.23360762,.63535672,XGboost,GIS,Municipality
gb_gis_mun,101,.22944407,.85501689,XGboost,GIS,Municipality
gb_gis_mun,102,.23362878,.64628738,XGboost,GIS,Municipality
gb_gis_mun,103,.22909792,.86636263,XGboost,GIS,Municipality
gb_gis_mun,104,.22815324,.91971481,XGboost,GIS,Municipality
gb_gis_mun,105,.23753005,.44174123,XGboost,GIS,Municipality
gb_gis_mun,106,.23337425,.67365599,XGboost,GIS,Municipality
gb_gis_mun,107,.23315665,.67369699,XGboost,GIS,Municipality
gb_gis_mun,108,.23612207,.52548617,XGboost,GIS,Municipality
gb_gis_mun,109,.2330343,.66251206,XGboost,GIS,Municipality
gb_gis_mun,110,.23691013,.48708373,XGboost,GIS,Municipality
gb_gis_mun,111,.23222117,.7019214,XGboost,GIS,Municipality
gb_gis_mun,112,.23489125,.58683211,XGboost,GIS,Municipality
gb_gis_mun,113,.2358292,.54007787,XGboost,GIS,Municipality
gb_gis_mun,114,.23385984,.63411146,XGboost,GIS,Municipality
gb_gis_mun,115,.23554014,.56126642,XGboost,GIS,Municipality
gb_gis_mun,116,.23527537,.56882,XGboost,GIS,Municipality
gb_gis_mun,117,.23572895,.53767061,XGboost,GIS,Municipality
gb_gis_mun,118,.23518814,.57712162,XGboost,GIS,Municipality
gb_gis_mun,119,.23387876,.64668936,XGboost,GIS,Municipality
gb_gis_mun,120,.2353736,.55642116,XGboost,GIS,Municipality
gb_gis_mun,121,.22872792,.87091655,XGboost,GIS,Municipality
gb_gis_mun,122,.23250702,.67225677,XGboost,GIS,Municipality
gb_gis_mun,123,.23154636,.74966204,XGboost,GIS,Municipality
gb_gis_mun,124,.23627527,.50483757,XGboost,GIS,Municipality
gb_gis_mun,125,.23626453,.51607215,XGboost,GIS,Municipality
gb_gis_mun,126,.2347921,.57552284,XGboost,GIS,Municipality
gb_gis_mun,127,.23683432,.49001211,XGboost,GIS,Municipality
gb_gis_mun,128,.23324074,.65837437,XGboost,GIS,Municipality
gb_gis_mun,129,.22903971,.86646694,XGboost,GIS,Municipality
gb_gis_mun,130,.23565592,.55735391,XGboost,GIS,Municipality
gb_gis_mun,131,.23181303,.73884028,XGboost,GIS,Municipality
gb_gis_mun,132,.23472279,.59958333,XGboost,GIS,Municipality
gb_gis_mun,133,.2310524,.77287412,XGboost,GIS,Municipality
gb_gis_mun,134,.2310122,.78420442,XGboost,GIS,Municipality
gb_gis_mun,135,.23402402,.62901592,XGboost,GIS,Municipality
gb_gis_mun,136,.2308245,.76625675,XGboost,GIS,Municipality
gb_gis_mun,137,.23493275,.58701688,XGboost,GIS,Municipality
gb_gis_mun,138,.23325302,.65932256,XGboost,GIS,Municipality
gb_gis_mun,139,.23186509,.7300899,XGboost,GIS,Municipality
gb_gis_mun,140,.23388013,.63338739,XGboost,GIS,Municipality
gb_gis_mun,141,.23281993,.67887127,XGboost,GIS,Municipality
gb_gis_mun,142,.23488882,.57211554,XGboost,GIS,Municipality
gb_gis_mun,143,.2359311,.51723641,XGboost,GIS,Municipality
gb_gis_mun,144,.23352478,.65738624,XGboost,GIS,Municipality
gb_gis_mun,145,.2275468,.93523651,XGboost,GIS,Municipality
gb_gis_mun,146,.23507807,.56328708,XGboost,GIS,Municipality
gb_gis_mun,147,.23144595,.75879443,XGboost,GIS,Municipality
gb_gis_mun,148,.23464461,.58767539,XGboost,GIS,Municipality
gb_gis_mun,149,.22590975,1.0190505,XGboost,GIS,Municipality
gb_gis_mun,150,.23481661,.58888018,XGboost,GIS,Municipality
gb_gis_mun,151,.23147964,.74809635,XGboost,GIS,Municipality
gb_gis_mun,152,.23372011,.63155144,XGboost,GIS,Municipality
gb_gis_mun,153,.23497166,.5802604,XGboost,GIS,Municipality
gb_gis_mun,154,.23131609,.7503354,XGboost,GIS,Municipality
gb_gis_mun,155,.22689375,.98546362,XGboost,GIS,Municipality
gb_gis_mun,156,.23398648,.6246205,XGboost,GIS,Municipality
gb_gis_mun,157,.2328262,.67136049,XGboost,GIS,Municipality
gb_gis_mun,158,.23235501,.70880216,XGboost,GIS,Municipality
gb_gis_mun,159,.23564394,.5469963,XGboost,GIS,Municipality
gb_gis_mun,160,.23422462,.61322516,XGboost,GIS,Municipality
gb_gis_mun,161,.23029287,.8158105,XGboost,GIS,Municipality
gb_gis_mun,162,.23467004,.59747541,XGboost,GIS,Municipality
gb_gis_mun,163,.23015569,.81178057,XGboost,GIS,Municipality
gb_gis_mun,164,.23395397,.63610536,XGboost,GIS,Municipality
gb_gis_mun,165,.23446219,.58580184,XGboost,GIS,Municipality
gb_gis_mun,166,.23560566,.56074756,XGboost,GIS,Municipality
gb_gis_mun,167,.23609228,.52582371,XGboost,GIS,Municipality
gb_gis_mun,168,.23872148,.40552366,XGboost,GIS,Municipality
gb_gis_mun,169,.23015687,.8209939,XGboost,GIS,Municipality
gb_gis_mun,170,.22887988,.87850374,XGboost,GIS,Municipality
gb_gis_mun,171,.23330589,.68333113,XGboost,GIS,Municipality
gb_gis_mun,172,.24038285,.32411185,XGboost,GIS,Municipality
gb_gis_mun,173,.2321479,.70747197,XGboost,GIS,Municipality
gb_gis_mun,174,.23410864,.61799461,XGboost,GIS,Municipality
gb_gis_mun,175,.23376361,.63760263,XGboost,GIS,Municipality
gb_gis_mun,176,.2327145,.70651811,XGboost,GIS,Municipality
gb_gis_mun,177,.22858572,.8890456,XGboost,GIS,Municipality
gb_gis_mun,178,.22874108,.87949073,XGboost,GIS,Municipality
gb_gis_mun,179,.23413639,.61629033,XGboost,GIS,Municipality
gb_gis_mun,180,.23464343,.58013552,XGboost,GIS,Municipality
gb_gis_mun,181,.23244622,.69266361,XGboost,GIS,Municipality
gb_gis_mun,182,.23490521,.57644427,XGboost,GIS,Municipality
gb_gis_mun,183,.232296,.7048766,XGboost,GIS,Municipality
gb_gis_mun,184,.23649795,.4922215,XGboost,GIS,Municipality
gb_gis_mun,185,.2347862,.59522897,XGboost,GIS,Municipality
gb_gis_mun,186,.235943,.54082596,XGboost,GIS,Municipality
gb_gis_mun,187,.23306042,.67083538,XGboost,GIS,Municipality
gb_gis_mun,188,.2329272,.66849369,XGboost,GIS,Municipality
gb_gis_mun,189,.23671983,.4852649,XGboost,GIS,Municipality
gb_gis_mun,190,.23384929,.63918024,XGboost,GIS,Municipality
gb_gis_mun,191,.23231995,.69567579,XGboost,GIS,Municipality
gb_gis_mun,192,.23480389,.58546144,XGboost,GIS,Municipality
gb_gis_mun,193,.23334311,.65281469,XGboost,GIS,Municipality
gb_gis_mun,194,.23196666,.72989434,XGboost,GIS,Municipality
gb_gis_mun,195,.23215689,.70305151,XGboost,GIS,Municipality
gb_gis_mun,196,.23549776,.5471434,XGboost,GIS,Municipality
gb_gis_mun,197,.23154381,.74269235,XGboost,GIS,Municipality
gb_gis_mun,198,.23482069,.59093106,XGboost,GIS,Municipality
gb_gis_mun,199,.23776501,.44037396,XGboost,GIS,Municipality
gb_gis_mun,200,.23385233,.62843549,XGboost,GIS,Municipality
gb_gis_mun,201,.23713729,.46329638,XGboost,GIS,Municipality
gb_gis_mun,202,.23124965,.76267552,XGboost,GIS,Municipality
gb_gis_mun,203,.23100902,.77106613,XGboost,GIS,Municipality
gb_gis_mun,204,.22473861,1.0644329,XGboost,GIS,Municipality
gb_gis_mun,205,.23291989,.66757572,XGboost,GIS,Municipality
gb_gis_mun,206,.23373029,.63333094,XGboost,GIS,Municipality
gb_gis_mun,207,.22869635,.8983416,XGboost,GIS,Municipality
gb_gis_mun,208,.23277128,.68045694,XGboost,GIS,Municipality
gb_gis_mun,209,.23297852,.67822587,XGboost,GIS,Municipality
gb_gis_mun,210,.23707065,.47279537,XGboost,GIS,Municipality
gb_gis_mun,211,.23238982,.70381093,XGboost,GIS,Municipality
gb_gis_mun,212,.23233832,.69766629,XGboost,GIS,Municipality
gb_gis_mun,213,.23363145,.63999617,XGboost,GIS,Municipality
gb_gis_mun,214,.23819382,.41441655,XGboost,GIS,Municipality
gb_gis_mun,215,.23594059,.52775544,XGboost,GIS,Municipality
gb_gis_mun,216,.23272307,.69922054,XGboost,GIS,Municipality
gb_gis_mun,217,.22859713,.90453303,XGboost,GIS,Municipality
gb_gis_mun,218,.23384215,.64478558,XGboost,GIS,Municipality
gb_gis_mun,219,.23224258,.71198201,XGboost,GIS,Municipality
gb_gis_mun,220,.23067819,.78398323,XGboost,GIS,Municipality
gb_gis_mun,221,.23584609,.53184295,XGboost,GIS,Municipality
gb_gis_mun,222,.23194432,.7352522,XGboost,GIS,Municipality
gb_gis_mun,223,.23484837,.58536738,XGboost,GIS,Municipality
gb_gis_mun,224,.23263659,.70283425,XGboost,GIS,Municipality
gb_gis_mun,225,.23817986,.40996128,XGboost,GIS,Municipality
gb_gis_mun,226,.23111475,.77258617,XGboost,GIS,Municipality
gb_gis_mun,227,.23692167,.49104297,XGboost,GIS,Municipality
gb_gis_mun,228,.23631604,.51042521,XGboost,GIS,Municipality
gb_gis_mun,229,.2374227,.45005596,XGboost,GIS,Municipality
gb_gis_mun,230,.23379612,.63806504,XGboost,GIS,Municipality
gb_gis_mun,231,.23643076,.51547062,XGboost,GIS,Municipality
gb_gis_mun,232,.23409872,.61456788,XGboost,GIS,Municipality
gb_gis_mun,233,.23453628,.58606696,XGboost,GIS,Municipality
gb_gis_mun,234,.2343466,.59253323,XGboost,GIS,Municipality
gb_gis_mun,235,.23225412,.72700816,XGboost,GIS,Municipality
gb_gis_mun,236,.23334336,.6499815,XGboost,GIS,Municipality
gb_gis_mun,237,.23455265,.59582824,XGboost,GIS,Municipality
gb_gis_mun,238,.23403592,.60843116,XGboost,GIS,Municipality
gb_gis_mun,239,.23573807,.54079062,XGboost,GIS,Municipality
gb_gis_mun,240,.23600915,.50584394,XGboost,GIS,Municipality
gb_gis_mun,241,.23002812,.81392324,XGboost,GIS,Municipality
gb_gis_mun,242,.23393361,.62789494,XGboost,GIS,Municipality
gb_gis_mun,243,.23218642,.71225965,XGboost,GIS,Municipality
gb_gis_mun,244,.23404828,.62138933,XGboost,GIS,Municipality
gb_gis_mun,245,.2344522,.59713501,XGboost,GIS,Municipality
gb_gis_mun,246,.23287398,.68160295,XGboost,GIS,Municipality
gb_gis_mun,247,.23605767,.51698327,XGboost,GIS,Municipality
gb_gis_mun,248,.23447807,.59800112,XGboost,GIS,Municipality
gb_gis_mun,249,.23525298,.55676436,XGboost,GIS,Municipality
gb_gis_mun,250,.23274665,.69418371,XGboost,GIS,Municipality
gb_gis_mun,251,.23515253,.5731715,XGboost,GIS,Municipality
gb_gis_mun,252,.23181383,.72676015,XGboost,GIS,Municipality
gb_gis_mun,253,.2342611,.61499608,XGboost,GIS,Municipality
gb_gis_mun,254,.23282334,.67926127,XGboost,GIS,Municipality
gb_gis_mun,255,.2332931,.67366338,XGboost,GIS,Municipality
gb_gis_mun,256,.23099339,.77095324,XGboost,GIS,Municipality
gb_gis_mun,257,.23938699,.35633537,XGboost,GIS,Municipality
gb_gis_mun,258,.23697689,.48098066,XGboost,GIS,Municipality
gb_gis_mun,259,.23594983,.51908433,XGboost,GIS,Municipality
gb_gis_mun,260,.22908513,.87115943,XGboost,GIS,Municipality
gb_gis_mun,261,.23289829,.67765057,XGboost,GIS,Municipality
gb_gis_mun,262,.23241687,.70029134,XGboost,GIS,Municipality
gb_gis_mun,263,.23533532,.55517477,XGboost,GIS,Municipality
gb_gis_mun,264,.23788068,.45012039,XGboost,GIS,Municipality
gb_gis_mun,265,.22855009,.90302092,XGboost,GIS,Municipality
gb_gis_mun,266,.23412639,.61430162,XGboost,GIS,Municipality
gb_gis_mun,267,.23599823,.53025389,XGboost,GIS,Municipality
gb_gis_mun,268,.23386841,.62604988,XGboost,GIS,Municipality
gb_gis_mun,269,.22674832,.98728532,XGboost,GIS,Municipality
gb_gis_mun,270,.23324166,.66518158,XGboost,GIS,Municipality
gb_gis_mun,271,.23595746,.52372265,XGboost,GIS,Municipality
gb_gis_mun,272,.23650119,.50169998,XGboost,GIS,Municipality
gb_gis_mun,273,.22994213,.81825024,XGboost,GIS,Municipality
gb_gis_mun,274,.23196468,.71812499,XGboost,GIS,Municipality
gb_gis_mun,275,.23116612,.75633758,XGboost,GIS,Municipality
gb_gis_mun,276,.23004767,.81579226,XGboost,GIS,Municipality
gb_gis_mun,277,.23583952,.52722406,XGboost,GIS,Municipality
gb_gis_mun,278,.23016226,.81081867,XGboost,GIS,Municipality
gb_gis_mun,279,.2350077,.55755121,XGboost,GIS,Municipality
gb_gis_mun,280,.23422933,.61599213,XGboost,GIS,Municipality
gb_gis_mun,281,.2329758,.68500912,XGboost,GIS,Municipality
gb_gis_mun,282,.23615012,.527955,XGboost,GIS,Municipality
gb_gis_mun,283,.23023064,.80650765,XGboost,GIS,Municipality
gb_gis_mun,284,.23238212,.71830857,XGboost,GIS,Municipality
gb_gis_mun,285,.23479638,.58951873,XGboost,GIS,Municipality
gb_gis_mun,286,.23419099,.60992616,XGboost,GIS,Municipality
gb_gis_mun,287,.22922337,.86437446,XGboost,GIS,Municipality
gb_gis_mun,288,.23516326,.57253236,XGboost,GIS,Municipality
gb_gis_mun,289,.23780559,.44954053,XGboost,GIS,Municipality
gb_gis_mun,290,.22928554,.86097568,XGboost,GIS,Municipality
gb_gis_mun,291,.22973494,.82332927,XGboost,GIS,Municipality
gb_gis_mun,292,.23583722,.53325641,XGboost,GIS,Municipality
gb_gis_mun,293,.23513007,.57009488,XGboost,GIS,Municipality
gb_gis_mun,294,.23286988,.67849612,XGboost,GIS,Municipality
gb_gis_mun,295,.22985712,.82393426,XGboost,GIS,Municipality
gb_gis_mun,296,.236302,.51218647,XGboost,GIS,Municipality
gb_gis_mun,297,.23141234,.75158519,XGboost,GIS,Municipality
gb_gis_mun,298,.23487233,.58770108,XGboost,GIS,Municipality
gb_gis_mun,299,.23509464,.57270569,XGboost,GIS,Municipality
gb_gis_mun,300,.23528419,.56243241,XGboost,GIS,Municipality
gb_gis_mun,301,.23266388,.69047076,XGboost,GIS,Municipality
gb_gis_mun,302,.23580663,.54151297,XGboost,GIS,Municipality
gb_gis_mun,303,.23291734,.67880517,XGboost,GIS,Municipality
gb_gis_mun,304,.23274776,.6791712,XGboost,GIS,Municipality
gb_gis_mun,305,.23475859,.59395862,XGboost,GIS,Municipality
gb_gis_mun,306,.23579825,.536861,XGboost,GIS,Municipality
gb_gis_mun,307,.23330836,.67797327,XGboost,GIS,Municipality
gb_gis_mun,308,.23079248,.7808097,XGboost,GIS,Municipality
gb_gis_mun,309,.23119348,.76306725,XGboost,GIS,Municipality
gb_gis_mun,310,.2364119,.50910527,XGboost,GIS,Municipality
gb_gis_mun,311,.23555602,.53427756,XGboost,GIS,Municipality
gb_gis_mun,312,.23367618,.64457804,XGboost,GIS,Municipality
gb_gis_mun,313,.23383105,.62375498,XGboost,GIS,Municipality
gb_gis_mun,314,.24004221,.33280975,XGboost,GIS,Municipality
gb_gis_mun,315,.23347068,.65188587,XGboost,GIS,Municipality
gb_gis_mun,316,.22966193,.85092419,XGboost,GIS,Municipality
gb_gis_mun,317,.23344493,.6568526,XGboost,GIS,Municipality
gb_gis_mun,318,.23345064,.66186893,XGboost,GIS,Municipality
gb_gis_mun,319,.23240855,.71089524,XGboost,GIS,Municipality
gb_gis_mun,320,.23180944,.72953916,XGboost,GIS,Municipality
gb_gis_mun,321,.23396432,.62454122,XGboost,GIS,Municipality
gb_gis_mun,322,.23069817,.75578219,XGboost,GIS,Municipality
gb_gis_mun,323,.23302475,.67721552,XGboost,GIS,Municipality
gb_gis_mun,324,.2348969,.58619297,XGboost,GIS,Municipality
gb_gis_mun,325,.23796363,.42339897,XGboost,GIS,Municipality
gb_gis_mun,326,.23569693,.54819703,XGboost,GIS,Municipality
gb_gis_mun,327,.23528413,.55536121,XGboost,GIS,Municipality
gb_gis_mun,328,.23531,.56771499,XGboost,GIS,Municipality
gb_gis_mun,329,.23201779,.72712791,XGboost,GIS,Municipality
gb_gis_mun,330,.23192273,.72706574,XGboost,GIS,Municipality
gb_gis_mun,331,.22753736,.94393611,XGboost,GIS,Municipality
gb_gis_mun,332,.23256542,.70390671,XGboost,GIS,Municipality
gb_gis_mun,333,.23321901,.66117615,XGboost,GIS,Municipality
gb_gis_mun,334,.23244777,.70060831,XGboost,GIS,Municipality
gb_gis_mun,335,.22927202,.8607288,XGboost,GIS,Municipality
gb_gis_mun,336,.23653004,.4853721,XGboost,GIS,Municipality
gb_gis_mun,337,.23489608,.57625157,XGboost,GIS,Municipality
gb_gis_mun,338,.23329973,.65239215,XGboost,GIS,Municipality
gb_gis_mun,339,.23333293,.65022784,XGboost,GIS,Municipality
gb_gis_mun,340,.23155342,.74786258,XGboost,GIS,Municipality
gb_gis_mun,341,.234644,.59513259,XGboost,GIS,Municipality
gb_gis_mun,342,.23772636,.44423515,XGboost,GIS,Municipality
gb_gis_mun,343,.2313576,.76414371,XGboost,GIS,Municipality
gb_gis_mun,344,.23635444,.52414858,XGboost,GIS,Municipality
gb_gis_mun,345,.23628123,.52401513,XGboost,GIS,Municipality
gb_gis_mun,346,.23822665,.424086,XGboost,GIS,Municipality
gb_gis_mun,347,.23500472,.57654059,XGboost,GIS,Municipality
gb_gis_mun,348,.23087227,.79073226,XGboost,GIS,Municipality
gb_gis_mun,349,.23329298,.66423053,XGboost,GIS,Municipality
gb_gis_mun,350,.23256379,.69065434,XGboost,GIS,Municipality
gb_gis_mun,351,.23499176,.57002705,XGboost,GIS,Municipality
gb_gis_mun,352,.2358737,.5355804,XGboost,GIS,Municipality
gb_gis_mun,353,.22856101,.9031623,XGboost,GIS,Municipality
gb_gis_mun,354,.23773636,.44905648,XGboost,GIS,Municipality
gb_gis_mun,355,.23500082,.5601204,XGboost,GIS,Municipality
gb_gis_mun,356,.23397729,.62229139,XGboost,GIS,Municipality
gb_gis_mun,357,.2318144,.74021494,XGboost,GIS,Municipality
gb_gis_mun,358,.23295644,.67361432,XGboost,GIS,Municipality
gb_gis_mun,359,.23626298,.51844633,XGboost,GIS,Municipality
gb_gis_mun,360,.23365694,.65678358,XGboost,GIS,Municipality
gb_gis_mun,361,.2313545,.75187314,XGboost,GIS,Municipality
gb_gis_mun,362,.2297803,.84122342,XGboost,GIS,Municipality
gb_gis_mun,363,.2338182,.63706607,XGboost,GIS,Municipality
gb_gis_mun,364,.23508874,.56311661,XGboost,GIS,Municipality
gb_gis_mun,365,.23721373,.45725718,XGboost,GIS,Municipality
gb_gis_mun,366,.230628,.79217422,XGboost,GIS,Municipality
gb_gis_mun,367,.23463927,.60476613,XGboost,GIS,Municipality
gb_gis_mun,368,.23242642,.69948906,XGboost,GIS,Municipality
gb_gis_mun,369,.23003314,.82581633,XGboost,GIS,Municipality
gb_gis_mun,370,.23293403,.69405651,XGboost,GIS,Municipality
gb_gis_mun,371,.23488045,.57709539,XGboost,GIS,Municipality
gb_gis_mun,372,.23182227,.73441124,XGboost,GIS,Municipality
gb_gis_mun,373,.23320152,.66176003,XGboost,GIS,Municipality
gb_gis_mun,374,.23581463,.54066741,XGboost,GIS,Municipality
gb_gis_mun,375,.23206048,.72463,XGboost,GIS,Municipality
gb_gis_mun,376,.23541139,.55483437,XGboost,GIS,Municipality
gb_gis_mun,377,.23186558,.73046625,XGboost,GIS,Municipality
gb_gis_mun,378,.23593692,.52359724,XGboost,GIS,Municipality
gb_gis_mun,379,.23224631,.70349163,XGboost,GIS,Municipality
gb_gis_mun,380,.23134525,.76285398,XGboost,GIS,Municipality
gb_gis_mun,381,.22985147,.82543832,XGboost,GIS,Municipality
gb_gis_mun,382,.23562539,.55608475,XGboost,GIS,Municipality
gb_gis_mun,383,.23838176,.4176397,XGboost,GIS,Municipality
gb_gis_mun,384,.23690753,.47307587,XGboost,GIS,Municipality
gb_gis_mun,385,.2331399,.68496126,XGboost,GIS,Municipality
gb_gis_mun,386,.23514651,.56417197,XGboost,GIS,Municipality
gb_gis_mun,387,.23387721,.62865502,XGboost,GIS,Municipality
gb_gis_mun,388,.23501521,.58628249,XGboost,GIS,Municipality
gb_gis_mun,389,.2327217,.66999775,XGboost,GIS,Municipality
gb_gis_mun,390,.23079669,.78675026,XGboost,GIS,Municipality
gb_gis_mun,391,.23777457,.44707799,XGboost,GIS,Municipality
gb_gis_mun,392,.23301674,.68181449,XGboost,GIS,Municipality
gb_gis_mun,393,.23156881,.75414068,XGboost,GIS,Municipality
gb_gis_mun,394,.23627049,.51548433,XGboost,GIS,Municipality
gb_gis_mun,395,.23555502,.53764558,XGboost,GIS,Municipality
gb_gis_mun,396,.23485017,.58362263,XGboost,GIS,Municipality
gb_gis_mun,397,.23777711,.45565158,XGboost,GIS,Municipality
gb_gis_mun,398,.23395377,.62310386,XGboost,GIS,Municipality
gb_gis_mun,399,.23609036,.53099513,XGboost,GIS,Municipality
gb_gis_mun,400,.23254865,.69405884,XGboost,GIS,Municipality
gb_gis_mun,401,.23268367,.68512261,XGboost,GIS,Municipality
gb_gis_mun,402,.23643492,.49914333,XGboost,GIS,Municipality
gb_gis_mun,403,.23369206,.63675135,XGboost,GIS,Municipality
gb_gis_mun,404,.2350226,.57484835,XGboost,GIS,Municipality
gb_gis_mun,405,.23097968,.77967393,XGboost,GIS,Municipality
gb_gis_mun,406,.23384134,.63052797,XGboost,GIS,Municipality
gb_gis_mun,407,.23047015,.79511344,XGboost,GIS,Municipality
gb_gis_mun,408,.23617959,.51369286,XGboost,GIS,Municipality
gb_gis_mun,409,.2338537,.62658358,XGboost,GIS,Municipality
gb_gis_mun,410,.23326586,.65948844,XGboost,GIS,Municipality
gb_gis_mun,411,.23271562,.67705756,XGboost,GIS,Municipality
gb_gis_mun,412,.23682483,.49285725,XGboost,GIS,Municipality
gb_gis_mun,413,.23394534,.633632,XGboost,GIS,Municipality
gb_gis_mun,414,.22761355,.94772369,XGboost,GIS,Municipality
gb_gis_mun,415,.23151267,.75411218,XGboost,GIS,Municipality
gb_gis_mun,416,.23532265,.56153613,XGboost,GIS,Municipality
gb_gis_mun,417,.23427202,.61595565,XGboost,GIS,Municipality
gb_gis_mun,418,.23383211,.63738424,XGboost,GIS,Municipality
gb_gis_mun,419,.23248519,.70739043,XGboost,GIS,Municipality
gb_gis_mun,420,.23357299,.64971924,XGboost,GIS,Municipality
gb_gis_mun,421,.23740737,.45613509,XGboost,GIS,Municipality
gb_gis_mun,422,.23380785,.64351523,XGboost,GIS,Municipality
gb_gis_mun,423,.23533954,.55951715,XGboost,GIS,Municipality
gb_gis_mun,424,.23741768,.45260063,XGboost,GIS,Municipality
gb_gis_mun,425,.22994331,.81346595,XGboost,GIS,Municipality
gb_gis_mun,426,.23089418,.80594665,XGboost,GIS,Municipality
gb_gis_mun,427,.2338648,.62799984,XGboost,GIS,Municipality
gb_gis_mun,428,.23421921,.62139964,XGboost,GIS,Municipality
gb_gis_mun,429,.22891158,.8934803,XGboost,GIS,Municipality
gb_gis_mun,430,.23539998,.56248999,XGboost,GIS,Municipality
gb_gis_mun,431,.23369379,.63764822,XGboost,GIS,Municipality
gb_gis_mun,432,.23397425,.62714863,XGboost,GIS,Municipality
gb_gis_mun,433,.23645632,.52129602,XGboost,GIS,Municipality
gb_gis_mun,434,.2289011,.87314874,XGboost,GIS,Municipality
gb_gis_mun,435,.23100692,.77239913,XGboost,GIS,Municipality
gb_gis_mun,436,.23623413,.52076578,XGboost,GIS,Municipality
gb_gis_mun,437,.23212445,.72093022,XGboost,GIS,Municipality
gb_gis_mun,438,.23695226,.47540388,XGboost,GIS,Municipality
gb_gis_mun,439,.23632751,.50845474,XGboost,GIS,Municipality
gb_gis_mun,440,.22648871,.98221254,XGboost,GIS,Municipality
gb_gis_mun,441,.23460719,.5913102,XGboost,GIS,Municipality
gb_gis_mun,442,.23149225,.74333262,XGboost,GIS,Municipality
gb_gis_mun,443,.2331713,.67371923,XGboost,GIS,Municipality
gb_gis_mun,444,.23239851,.70660192,XGboost,GIS,Municipality
gb_gis_mun,445,.23613615,.53797513,XGboost,GIS,Municipality
gb_gis_mun,446,.23401074,.61439627,XGboost,GIS,Municipality
gb_gis_mun,447,.23317732,.67294383,XGboost,GIS,Municipality
gb_gis_mun,448,.23129426,.76262021,XGboost,GIS,Municipality
gb_gis_mun,449,.23282309,.69370133,XGboost,GIS,Municipality
gb_gis_mun,450,.23478949,.58727401,XGboost,GIS,Municipality
gb_gis_mun,451,.23684926,.48091966,XGboost,GIS,Municipality
gb_gis_mun,452,.23648573,.50539523,XGboost,GIS,Municipality
gb_gis_mun,453,.23353936,.66027415,XGboost,GIS,Municipality
gb_gis_mun,454,.23008358,.82732958,XGboost,GIS,Municipality
gb_gis_mun,455,.23418769,.62573743,XGboost,GIS,Municipality
gb_gis_mun,456,.23445921,.60999,XGboost,GIS,Municipality
gb_gis_mun,457,.23363355,.6472162,XGboost,GIS,Municipality
gb_gis_mun,458,.23261015,.69989049,XGboost,GIS,Municipality
gb_gis_mun,459,.23235346,.70633107,XGboost,GIS,Municipality
gb_gis_mun,460,.23323645,.66220188,XGboost,GIS,Municipality
gb_gis_mun,461,.23339324,.66302234,XGboost,GIS,Municipality
gb_gis_mun,462,.23022829,.81864536,XGboost,GIS,Municipality
gb_gis_mun,463,.23598854,.52470446,XGboost,GIS,Municipality
gb_gis_mun,464,.23287763,.67593551,XGboost,GIS,Municipality
gb_gis_mun,465,.23189028,.72018385,XGboost,GIS,Municipality
gb_gis_mun,466,.23382211,.62598205,XGboost,GIS,Municipality
gb_gis_mun,467,.23445728,.60226595,XGboost,GIS,Municipality
gb_gis_mun,468,.23347613,.64765012,XGboost,GIS,Municipality
gb_gis_mun,469,.2307025,.78276592,XGboost,GIS,Municipality
gb_gis_mun,470,.23266804,.70028901,XGboost,GIS,Municipality
gb_gis_mun,471,.23581271,.53810966,XGboost,GIS,Municipality
gb_gis_mun,472,.23356946,.63210279,XGboost,GIS,Municipality
gb_gis_mun,473,.2329666,.67273802,XGboost,GIS,Municipality
gb_gis_mun,474,.23580718,.53472799,XGboost,GIS,Municipality
gb_gis_mun,475,.23524001,.56176358,XGboost,GIS,Municipality
gb_gis_mun,476,.23305254,.67162448,XGboost,GIS,Municipality
gb_gis_mun,477,.23767219,.43443966,XGboost,GIS,Municipality
gb_gis_mun,478,.23309591,.64697105,XGboost,GIS,Municipality
gb_gis_mun,479,.22851951,.87905741,XGboost,GIS,Municipality
gb_gis_mun,480,.23511077,.58603501,XGboost,GIS,Municipality
gb_gis_mun,481,.23388274,.61557591,XGboost,GIS,Municipality
gb_gis_mun,482,.23604004,.5140304,XGboost,GIS,Municipality
gb_gis_mun,483,.23422399,.61321032,XGboost,GIS,Municipality
gb_gis_mun,484,.23608305,.53344625,XGboost,GIS,Municipality
gb_gis_mun,485,.23643014,.51119667,XGboost,GIS,Municipality
gb_gis_mun,486,.2370459,.47437072,XGboost,GIS,Municipality
gb_gis_mun,487,.2306947,.79092789,XGboost,GIS,Municipality
gb_gis_mun,488,.23289829,.68269712,XGboost,GIS,Municipality
gb_gis_mun,489,.23426476,.61688274,XGboost,GIS,Municipality
gb_gis_mun,490,.23163266,.73619926,XGboost,GIS,Municipality
gb_gis_mun,491,.23242481,.70460576,XGboost,GIS,Municipality
gb_gis_mun,492,.232605,.69350576,XGboost,GIS,Municipality
gb_gis_mun,493,.22981741,.82726741,XGboost,GIS,Municipality
gb_gis_mun,494,.23025993,.81108499,XGboost,GIS,Municipality
gb_gis_mun,495,.23060615,.80564958,XGboost,GIS,Municipality
gb_gis_mun,496,.22938736,.85106617,XGboost,GIS,Municipality
gb_gis_mun,497,.2342758,.61322516,XGboost,GIS,Municipality
gb_gis_mun,498,.23404691,.61731267,XGboost,GIS,Municipality
gb_gis_mun,499,.23264067,.68432319,XGboost,GIS,Municipality
gb_gis_mun,500,.23361382,.634583,XGboost,GIS,Municipality
gb_census_mun,1,.22912998,.85381496,XGboost,Census agg.,Municipality
gb_census_mun,2,.22870237,.8780579,XGboost,Census agg.,Municipality
gb_census_mun,3,.22989057,.81877369,XGboost,Census agg.,Municipality
gb_census_mun,4,.22632422,.97469258,XGboost,Census agg.,Municipality
gb_census_mun,5,.22917548,.85362226,XGboost,Census agg.,Municipality
gb_census_mun,6,.22818185,.89774173,XGboost,Census agg.,Municipality
gb_census_mun,7,.22962283,.83594197,XGboost,Census agg.,Municipality
gb_census_mun,8,.22848445,.88476247,XGboost,Census agg.,Municipality
gb_census_mun,9,.22719052,.93752283,XGboost,Census agg.,Municipality
gb_census_mun,10,.22886238,.86467206,XGboost,Census agg.,Municipality
gb_census_mun,11,.22823502,.88689947,XGboost,Census agg.,Municipality
gb_census_mun,12,.22497842,1.0488912,XGboost,Census agg.,Municipality
gb_census_mun,13,.22716509,.94574523,XGboost,Census agg.,Municipality
gb_census_mun,14,.22847633,.87450063,XGboost,Census agg.,Municipality
gb_census_mun,15,.22948484,.83750421,XGboost,Census agg.,Municipality
gb_census_mun,16,.22792391,.90641344,XGboost,Census agg.,Municipality
gb_census_mun,17,.22946417,.84159344,XGboost,Census agg.,Municipality
gb_census_mun,18,.22986214,.82722008,XGboost,Census agg.,Municipality
gb_census_mun,19,.22900949,.86099792,XGboost,Census agg.,Municipality
gb_census_mun,20,.22660337,.97127217,XGboost,Census agg.,Municipality
gb_census_mun,21,.229864,.82640988,XGboost,Census agg.,Municipality
gb_census_mun,22,.22678325,.95325035,XGboost,Census agg.,Municipality
gb_census_mun,23,.22515303,1.0396409,XGboost,Census agg.,Municipality
gb_census_mun,24,.22775826,.91653043,XGboost,Census agg.,Municipality
gb_census_mun,25,.23010729,.80293214,XGboost,Census agg.,Municipality
gb_census_mun,26,.22547126,1.0173029,XGboost,Census agg.,Municipality
gb_census_mun,27,.22734937,.93458879,XGboost,Census agg.,Municipality
gb_census_mun,28,.22855636,.8837316,XGboost,Census agg.,Municipality
gb_census_mun,29,.22941764,.83399767,XGboost,Census agg.,Municipality
gb_census_mun,30,.23090485,.76697403,XGboost,Census agg.,Municipality
gb_census_mun,31,.22986847,.81841904,XGboost,Census agg.,Municipality
gb_census_mun,32,.22748153,.93338913,XGboost,Census agg.,Municipality
gb_census_mun,33,.22738299,.93806624,XGboost,Census agg.,Municipality
gb_census_mun,34,.22844629,.87916344,XGboost,Census agg.,Municipality
gb_census_mun,35,.23079112,.7867474,XGboost,Census agg.,Municipality
gb_census_mun,36,.22868717,.86588371,XGboost,Census agg.,Municipality
gb_census_mun,37,.22991817,.81828272,XGboost,Census agg.,Municipality
gb_census_mun,38,.22866105,.87707037,XGboost,Census agg.,Municipality
gb_census_mun,39,.22605127,1.0055546,XGboost,Census agg.,Municipality
gb_census_mun,40,.23001602,.81081468,XGboost,Census agg.,Municipality
gb_census_mun,41,.23071021,.77752554,XGboost,Census agg.,Municipality
gb_census_mun,42,.22613281,.98076886,XGboost,Census agg.,Municipality
gb_census_mun,43,.23014967,.8064934,XGboost,Census agg.,Municipality
gb_census_mun,44,.2278538,.92063397,XGboost,Census agg.,Municipality
gb_census_mun,45,.22882862,.86863244,XGboost,Census agg.,Municipality
gb_census_mun,46,.22575593,1.0024096,XGboost,Census agg.,Municipality
gb_census_mun,47,.22984917,.81451339,XGboost,Census agg.,Municipality
gb_census_mun,48,.23098333,.76656407,XGboost,Census agg.,Municipality
gb_census_mun,49,.22819158,.89414972,XGboost,Census agg.,Municipality
gb_census_mun,50,.23082462,.76458162,XGboost,Census agg.,Municipality
gb_census_mun,51,.22723985,.94894046,XGboost,Census agg.,Municipality
gb_census_mun,52,.23186068,.71788949,XGboost,Census agg.,Municipality
gb_census_mun,53,.22821733,.89742076,XGboost,Census agg.,Municipality
gb_census_mun,54,.22652513,.96968311,XGboost,Census agg.,Municipality
gb_census_mun,55,.22892754,.86472964,XGboost,Census agg.,Municipality
gb_census_mun,56,.22765823,.91742963,XGboost,Census agg.,Municipality
gb_census_mun,57,.22793087,.91735262,XGboost,Census agg.,Municipality
gb_census_mun,58,.22705303,.95715767,XGboost,Census agg.,Municipality
gb_census_mun,59,.22846274,.88026327,XGboost,Census agg.,Municipality
gb_census_mun,60,.22977144,.8304826,XGboost,Census agg.,Municipality
gb_census_mun,61,.22772729,.92268199,XGboost,Census agg.,Municipality
gb_census_mun,62,.22590709,.9981783,XGboost,Census agg.,Municipality
gb_census_mun,63,.22605754,1.0032146,XGboost,Census agg.,Municipality
gb_census_mun,64,.22890016,.863083,XGboost,Census agg.,Municipality
gb_census_mun,65,.22792386,.91700029,XGboost,Census agg.,Municipality
gb_census_mun,66,.23124506,.75097573,XGboost,Census agg.,Municipality
gb_census_mun,67,.22907905,.86418802,XGboost,Census agg.,Municipality
gb_census_mun,68,.22965646,.82631356,XGboost,Census agg.,Municipality
gb_census_mun,69,.22729972,.93975109,XGboost,Census agg.,Municipality
gb_census_mun,70,.23054212,.79502165,XGboost,Census agg.,Municipality
gb_census_mun,71,.23333107,.66147834,XGboost,Census agg.,Municipality
gb_census_mun,72,.22896209,.86431855,XGboost,Census agg.,Municipality
gb_census_mun,73,.22932301,.84585661,XGboost,Census agg.,Municipality
gb_census_mun,74,.22655535,.96194708,XGboost,Census agg.,Municipality
gb_census_mun,75,.22550018,1.0271263,XGboost,Census agg.,Municipality
gb_census_mun,76,.22446275,1.0738788,XGboost,Census agg.,Municipality
gb_census_mun,77,.22692713,.96782094,XGboost,Census agg.,Municipality
gb_census_mun,78,.23034078,.80067199,XGboost,Census agg.,Municipality
gb_census_mun,79,.22988455,.82135195,XGboost,Census agg.,Municipality
gb_census_mun,80,.22951679,.8498677,XGboost,Census agg.,Municipality
gb_census_mun,81,.22783396,.9081496,XGboost,Census agg.,Municipality
gb_census_mun,82,.22874059,.86544526,XGboost,Census agg.,Municipality
gb_census_mun,83,.23013081,.8102662,XGboost,Census agg.,Municipality
gb_census_mun,84,.2308789,.77296418,XGboost,Census agg.,Municipality
gb_census_mun,85,.22796729,.90965027,XGboost,Census agg.,Municipality
gb_census_mun,86,.22884376,.87850261,XGboost,Census agg.,Municipality
gb_census_mun,87,.23232107,.69280958,XGboost,Census agg.,Municipality
gb_census_mun,88,.22743772,.9378826,XGboost,Census agg.,Municipality
gb_census_mun,89,.2264691,.98328841,XGboost,Census agg.,Municipality
gb_census_mun,90,.22706172,.94850826,XGboost,Census agg.,Municipality
gb_census_mun,91,.2302155,.80801862,XGboost,Census agg.,Municipality
gb_census_mun,92,.22557488,1.0253924,XGboost,Census agg.,Municipality
gb_census_mun,93,.2270707,.95743823,XGboost,Census agg.,Municipality
gb_census_mun,94,.22869162,.88329601,XGboost,Census agg.,Municipality
gb_census_mun,95,.22907346,.85462517,XGboost,Census agg.,Municipality
gb_census_mun,96,.22743629,.93429971,XGboost,Census agg.,Municipality
gb_census_mun,97,.22606958,.98536158,XGboost,Census agg.,Municipality
gb_census_mun,98,.22730978,.94292063,XGboost,Census agg.,Municipality
gb_census_mun,99,.22723451,.94055957,XGboost,Census agg.,Municipality
gb_census_mun,100,.22834559,.89638418,XGboost,Census agg.,Municipality
gb_census_mun,101,.22822466,.90109146,XGboost,Census agg.,Municipality
gb_census_mun,102,.22657619,.98542029,XGboost,Census agg.,Municipality
gb_census_mun,103,.22742221,.91636282,XGboost,Census agg.,Municipality
gb_census_mun,104,.22876026,.86662716,XGboost,Census agg.,Municipality
gb_census_mun,105,.2316571,.73359132,XGboost,Census agg.,Municipality
gb_census_mun,106,.22771408,.92084831,XGboost,Census agg.,Municipality
gb_census_mun,107,.23077008,.78342789,XGboost,Census agg.,Municipality
gb_census_mun,108,.2277029,.92893046,XGboost,Census agg.,Municipality
gb_census_mun,109,.22637293,.98075634,XGboost,Census agg.,Municipality
gb_census_mun,110,.22926079,.85074461,XGboost,Census agg.,Municipality
gb_census_mun,111,.22882713,.87291557,XGboost,Census agg.,Municipality
gb_census_mun,112,.22728199,.93252707,XGboost,Census agg.,Municipality
gb_census_mun,113,.2305585,.793387,XGboost,Census agg.,Municipality
gb_census_mun,114,.22682413,.95853579,XGboost,Census agg.,Municipality
gb_census_mun,115,.23070711,.77772164,XGboost,Census agg.,Municipality
gb_census_mun,116,.22572069,1.014192,XGboost,Census agg.,Municipality
gb_census_mun,117,.22895788,.85558647,XGboost,Census agg.,Municipality
gb_census_mun,118,.22855544,.88742858,XGboost,Census agg.,Municipality
gb_census_mun,119,.22785604,.91277474,XGboost,Census agg.,Municipality
gb_census_mun,120,.23393795,.63434297,XGboost,Census agg.,Municipality
gb_census_mun,121,.22623228,.98824263,XGboost,Census agg.,Municipality
gb_census_mun,122,.22574589,1.0022213,XGboost,Census agg.,Municipality
gb_census_mun,123,.22467668,1.0517535,XGboost,Census agg.,Municipality
gb_census_mun,124,.23082995,.77351785,XGboost,Census agg.,Municipality
gb_census_mun,125,.23146582,.75120038,XGboost,Census agg.,Municipality
gb_census_mun,126,.23136394,.74513549,XGboost,Census agg.,Municipality
gb_census_mun,127,.22935782,.84977931,XGboost,Census agg.,Municipality
gb_census_mun,128,.22581823,1.0067377,XGboost,Census agg.,Municipality
gb_census_mun,129,.22947082,.84170234,XGboost,Census agg.,Municipality
gb_census_mun,130,.22947529,.83793926,XGboost,Census agg.,Municipality
gb_census_mun,131,.22972949,.8366062,XGboost,Census agg.,Municipality
gb_census_mun,132,.23071809,.77882093,XGboost,Census agg.,Municipality
gb_census_mun,133,.22611369,.99021935,XGboost,Census agg.,Municipality
gb_census_mun,134,.22693793,.95901185,XGboost,Census agg.,Municipality
gb_census_mun,135,.22853322,.87499666,XGboost,Census agg.,Municipality
gb_census_mun,136,.22857392,.87509304,XGboost,Census agg.,Municipality
gb_census_mun,137,.22992252,.81236386,XGboost,Census agg.,Municipality
gb_census_mun,138,.22494696,1.042238,XGboost,Census agg.,Municipality
gb_census_mun,139,.23118164,.76105911,XGboost,Census agg.,Municipality
gb_census_mun,140,.22728664,.93147683,XGboost,Census agg.,Municipality
gb_census_mun,141,.22576258,1.0176501,XGboost,Census agg.,Municipality
gb_census_mun,142,.22745751,.92628145,XGboost,Census agg.,Municipality
gb_census_mun,143,.22909339,.85473919,XGboost,Census agg.,Municipality
gb_census_mun,144,.23052071,.79908293,XGboost,Census agg.,Municipality
gb_census_mun,145,.22547834,1.0134349,XGboost,Census agg.,Municipality
gb_census_mun,146,.2309628,.76947588,XGboost,Census agg.,Municipality
gb_census_mun,147,.22744727,.93731987,XGboost,Census agg.,Municipality
gb_census_mun,148,.2303203,.80245948,XGboost,Census agg.,Municipality
gb_census_mun,149,.22761002,.92474085,XGboost,Census agg.,Municipality
gb_census_mun,150,.22894602,.8507908,XGboost,Census agg.,Municipality
gb_census_mun,151,.23040438,.7904951,XGboost,Census agg.,Municipality
gb_census_mun,152,.22949179,.84628195,XGboost,Census agg.,Municipality
gb_census_mun,153,.2293739,.84386325,XGboost,Census agg.,Municipality
gb_census_mun,154,.22452585,1.0665323,XGboost,Census agg.,Municipality
gb_census_mun,155,.22865099,.87927175,XGboost,Census agg.,Municipality
gb_census_mun,156,.23005281,.81756604,XGboost,Census agg.,Municipality
gb_census_mun,157,.22737803,.92975718,XGboost,Census agg.,Municipality
gb_census_mun,158,.22737257,.93519145,XGboost,Census agg.,Municipality
gb_census_mun,159,.22875597,.8661893,XGboost,Census agg.,Municipality
gb_census_mun,160,.22805825,.90317827,XGboost,Census agg.,Municipality
gb_census_mun,161,.22762442,.9315846,XGboost,Census agg.,Municipality
gb_census_mun,162,.22970343,.83178318,XGboost,Census agg.,Municipality
gb_census_mun,163,.22451034,1.0712122,XGboost,Census agg.,Municipality
gb_census_mun,164,.22872204,.88340491,XGboost,Census agg.,Municipality
gb_census_mun,165,.22645682,.97186285,XGboost,Census agg.,Municipality
gb_census_mun,166,.22724538,.94964403,XGboost,Census agg.,Municipality
gb_census_mun,167,.22734806,.93496108,XGboost,Census agg.,Municipality
gb_census_mun,168,.23226281,.71789575,XGboost,Census agg.,Municipality
gb_census_mun,169,.22798665,.90552282,XGboost,Census agg.,Municipality
gb_census_mun,170,.22383608,1.0897437,XGboost,Census agg.,Municipality
gb_census_mun,171,.22563972,1.0110732,XGboost,Census agg.,Municipality
gb_census_mun,172,.22978081,.82139701,XGboost,Census agg.,Municipality
gb_census_mun,173,.22917411,.85290271,XGboost,Census agg.,Municipality
gb_census_mun,174,.22986147,.82053149,XGboost,Census agg.,Municipality
gb_census_mun,175,.2276926,.91488439,XGboost,Census agg.,Municipality
gb_census_mun,176,.22731195,.94352329,XGboost,Census agg.,Municipality
gb_census_mun,177,.22981115,.83125007,XGboost,Census agg.,Municipality
gb_census_mun,178,.228333,.89240611,XGboost,Census agg.,Municipality
gb_census_mun,179,.22847149,.88971382,XGboost,Census agg.,Municipality
gb_census_mun,180,.22660722,.96631283,XGboost,Census agg.,Municipality
gb_census_mun,181,.22795761,.90019292,XGboost,Census agg.,Municipality
gb_census_mun,182,.22997557,.80619234,XGboost,Census agg.,Municipality
gb_census_mun,183,.22683115,.96607506,XGboost,Census agg.,Municipality
gb_census_mun,184,.23350753,.65183169,XGboost,Census agg.,Municipality
gb_census_mun,185,.22670084,.97045285,XGboost,Census agg.,Municipality
gb_census_mun,186,.22621471,.98712963,XGboost,Census agg.,Municipality
gb_census_mun,187,.2273985,.94051909,XGboost,Census agg.,Municipality
gb_census_mun,188,.22922052,.86061651,XGboost,Census agg.,Municipality
gb_census_mun,189,.22709547,.93771213,XGboost,Census agg.,Municipality
gb_census_mun,190,.22972223,.83174497,XGboost,Census agg.,Municipality
gb_census_mun,191,.2278074,.91695809,XGboost,Census agg.,Municipality
gb_census_mun,192,.22831966,.89147961,XGboost,Census agg.,Municipality
gb_census_mun,193,.22680458,.96432865,XGboost,Census agg.,Municipality
gb_census_mun,194,.22847892,.88982159,XGboost,Census agg.,Municipality
gb_census_mun,195,.22925657,.86455405,XGboost,Census agg.,Municipality
gb_census_mun,196,.2267047,.95859396,XGboost,Census agg.,Municipality
gb_census_mun,197,.22658649,.97358131,XGboost,Census agg.,Municipality
gb_census_mun,198,.22756386,.93446392,XGboost,Census agg.,Municipality
gb_census_mun,199,.22772977,.91761094,XGboost,Census agg.,Municipality
gb_census_mun,200,.22891785,.86384308,XGboost,Census agg.,Municipality
gb_census_mun,201,.23008831,.81512856,XGboost,Census agg.,Municipality
gb_census_mun,202,.2282946,.8859598,XGboost,Census agg.,Municipality
gb_census_mun,203,.22755486,.93375975,XGboost,Census agg.,Municipality
gb_census_mun,204,.22852695,.87128031,XGboost,Census agg.,Municipality
gb_census_mun,205,.23051196,.78539324,XGboost,Census agg.,Municipality
gb_census_mun,206,.22799267,.90625888,XGboost,Census agg.,Municipality
gb_census_mun,207,.22832486,.89292955,XGboost,Census agg.,Municipality
gb_census_mun,208,.22991446,.8211028,XGboost,Census agg.,Municipality
gb_census_mun,209,.23000088,.81449968,XGboost,Census agg.,Municipality
gb_census_mun,210,.23031646,.80484903,XGboost,Census agg.,Municipality
gb_census_mun,211,.22353204,1.1201929,XGboost,Census agg.,Municipality
gb_census_mun,212,.22824594,.89347351,XGboost,Census agg.,Municipality
gb_census_mun,213,.22860055,.87468249,XGboost,Census agg.,Municipality
gb_census_mun,214,.23146184,.74165004,XGboost,Census agg.,Municipality
gb_census_mun,215,.22959243,.83208817,XGboost,Census agg.,Municipality
gb_census_mun,216,.22819258,.8928104,XGboost,Census agg.,Municipality
gb_census_mun,217,.22690275,.95461875,XGboost,Census agg.,Municipality
gb_census_mun,218,.22904499,.85806388,XGboost,Census agg.,Municipality
gb_census_mun,219,.2286575,.88073593,XGboost,Census agg.,Municipality
gb_census_mun,220,.22951461,.84179074,XGboost,Census agg.,Municipality
gb_census_mun,221,.22881635,.87483871,XGboost,Census agg.,Municipality
gb_census_mun,222,.22743554,.93964845,XGboost,Census agg.,Municipality
gb_census_mun,223,.22875473,.87921304,XGboost,Census agg.,Municipality
gb_census_mun,224,.22588995,1.0007195,XGboost,Census agg.,Municipality
gb_census_mun,225,.23034959,.79708678,XGboost,Census agg.,Municipality
gb_census_mun,226,.22922008,.84922796,XGboost,Census agg.,Municipality
gb_census_mun,227,.23273015,.69184768,XGboost,Census agg.,Municipality
gb_census_mun,228,.23102671,.76374233,XGboost,Census agg.,Municipality
gb_census_mun,229,.22892591,.85031527,XGboost,Census agg.,Municipality
gb_census_mun,230,.22796065,.9011901,XGboost,Census agg.,Municipality
gb_census_mun,231,.2304962,.79694825,XGboost,Census agg.,Municipality
gb_census_mun,232,.22699991,.94658679,XGboost,Census agg.,Municipality
gb_census_mun,233,.22885245,.8769449,XGboost,Census agg.,Municipality
gb_census_mun,234,.22812614,.90922034,XGboost,Census agg.,Municipality
gb_census_mun,235,.22723904,.93727481,XGboost,Census agg.,Municipality
gb_census_mun,236,.2299116,.8103044,XGboost,Census agg.,Municipality
gb_census_mun,237,.22657496,.97901332,XGboost,Census agg.,Municipality
gb_census_mun,238,.2282877,.88370484,XGboost,Census agg.,Municipality
gb_census_mun,239,.2289034,.86894035,XGboost,Census agg.,Municipality
gb_census_mun,240,.22978067,.82696009,XGboost,Census agg.,Municipality
gb_census_mun,241,.22722,.95169324,XGboost,Census agg.,Municipality
gb_census_mun,242,.22895421,.85731238,XGboost,Census agg.,Municipality
gb_census_mun,243,.22592533,1.0145255,XGboost,Census agg.,Municipality
gb_census_mun,244,.22871192,.87816507,XGboost,Census agg.,Municipality
gb_census_mun,245,.2266885,.96339417,XGboost,Census agg.,Municipality
gb_census_mun,246,.22775248,.91227132,XGboost,Census agg.,Municipality
gb_census_mun,247,.23090591,.76298624,XGboost,Census agg.,Municipality
gb_census_mun,248,.22769608,.91343272,XGboost,Census agg.,Municipality
gb_census_mun,249,.22569916,1.0135062,XGboost,Census agg.,Municipality
gb_census_mun,250,.23116148,.75803155,XGboost,Census agg.,Municipality
gb_census_mun,251,.22800569,.90305686,XGboost,Census agg.,Municipality
gb_census_mun,252,.22774063,.91497332,XGboost,Census agg.,Municipality
gb_census_mun,253,.22889322,.86589509,XGboost,Census agg.,Municipality
gb_census_mun,254,.22835471,.88977653,XGboost,Census agg.,Municipality
gb_census_mun,255,.23170693,.73154271,XGboost,Census agg.,Municipality
gb_census_mun,256,.22438762,1.0652362,XGboost,Census agg.,Municipality
gb_census_mun,257,.23226467,.70220762,XGboost,Census agg.,Municipality
gb_census_mun,258,.22895508,.8589288,XGboost,Census agg.,Municipality
gb_census_mun,259,.22662812,.98015422,XGboost,Census agg.,Municipality
gb_census_mun,260,.22350238,1.113851,XGboost,Census agg.,Municipality
gb_census_mun,261,.22827181,.89087009,XGboost,Census agg.,Municipality
gb_census_mun,262,.22722775,.937199,XGboost,Census agg.,Municipality
gb_census_mun,263,.22723861,.93953383,XGboost,Census agg.,Municipality
gb_census_mun,264,.22930279,.84342253,XGboost,Census agg.,Municipality
gb_census_mun,265,.22898549,.86637574,XGboost,Census agg.,Municipality
gb_census_mun,266,.22922219,.83563119,XGboost,Census agg.,Municipality
gb_census_mun,267,.22749002,.92632991,XGboost,Census agg.,Municipality
gb_census_mun,268,.22860445,.88777864,XGboost,Census agg.,Municipality
gb_census_mun,269,.2262345,.98832756,XGboost,Census agg.,Municipality
gb_census_mun,270,.22874437,.86931098,XGboost,Census agg.,Municipality
gb_census_mun,271,.22996248,.81462741,XGboost,Census agg.,Municipality
gb_census_mun,272,.2290505,.8653506,XGboost,Census agg.,Municipality
gb_census_mun,273,.22735743,.93348664,XGboost,Census agg.,Municipality
gb_census_mun,274,.22831215,.90515906,XGboost,Census agg.,Municipality
gb_census_mun,275,.2312301,.75520462,XGboost,Census agg.,Municipality
gb_census_mun,276,.22335738,1.1255924,XGboost,Census agg.,Municipality
gb_census_mun,277,.22842495,.87613583,XGboost,Census agg.,Municipality
gb_census_mun,278,.22966595,.82473248,XGboost,Census agg.,Municipality
gb_census_mun,279,.22708727,.94007891,XGboost,Census agg.,Municipality
gb_census_mun,280,.23069146,.78492683,XGboost,Census agg.,Municipality
gb_census_mun,281,.22949024,.84706646,XGboost,Census agg.,Municipality
gb_census_mun,282,.23045103,.801781,XGboost,Census agg.,Municipality
gb_census_mun,283,.2284226,.89314049,XGboost,Census agg.,Municipality
gb_census_mun,284,.22732908,.9543131,XGboost,Census agg.,Municipality
gb_census_mun,285,.22981524,.82643497,XGboost,Census agg.,Municipality
gb_census_mun,286,.22631665,.98029333,XGboost,Census agg.,Municipality
gb_census_mun,287,.22523008,1.0415224,XGboost,Census agg.,Municipality
gb_census_mun,288,.22843413,.88401842,XGboost,Census agg.,Municipality
gb_census_mun,289,.22645421,.96676159,XGboost,Census agg.,Municipality
gb_census_mun,290,.2254357,1.0245434,XGboost,Census agg.,Municipality
gb_census_mun,291,.23046046,.80234772,XGboost,Census agg.,Municipality
gb_census_mun,292,.23185199,.72472924,XGboost,Census agg.,Municipality
gb_census_mun,293,.23267747,.68995136,XGboost,Census agg.,Municipality
gb_census_mun,294,.22583747,1.0137205,XGboost,Census agg.,Municipality
gb_census_mun,295,.22483355,1.053611,XGboost,Census agg.,Municipality
gb_census_mun,296,.23047988,.78661454,XGboost,Census agg.,Municipality
gb_census_mun,297,.22814152,.89920366,XGboost,Census agg.,Municipality
gb_census_mun,298,.2276797,.9205792,XGboost,Census agg.,Municipality
gb_census_mun,299,.23153003,.7370916,XGboost,Census agg.,Municipality
gb_census_mun,300,.22861196,.87453711,XGboost,Census agg.,Municipality
gb_census_mun,301,.22598712,1.0090765,XGboost,Census agg.,Municipality
gb_census_mun,302,.22886461,.87341732,XGboost,Census agg.,Municipality
gb_census_mun,303,.22975624,.82330078,XGboost,Census agg.,Municipality
gb_census_mun,304,.22706872,.93743277,XGboost,Census agg.,Municipality
gb_census_mun,305,.22805862,.91014689,XGboost,Census agg.,Municipality
gb_census_mun,306,.22994913,.82074416,XGboost,Census agg.,Municipality
gb_census_mun,307,.2287157,.88009506,XGboost,Census agg.,Municipality
gb_census_mun,308,.22926985,.85852224,XGboost,Census agg.,Municipality
gb_census_mun,309,.22862983,.8704496,XGboost,Census agg.,Municipality
gb_census_mun,310,.22839324,.88589537,XGboost,Census agg.,Municipality
gb_census_mun,311,.22890401,.86579472,XGboost,Census agg.,Municipality
gb_census_mun,312,.22841546,.89356929,XGboost,Census agg.,Municipality
gb_census_mun,313,.22738826,.92420202,XGboost,Census agg.,Municipality
gb_census_mun,314,.23162633,.73484856,XGboost,Census agg.,Municipality
gb_census_mun,315,.22708362,.94733828,XGboost,Census agg.,Municipality
gb_census_mun,316,.22906664,.86455405,XGboost,Census agg.,Municipality
gb_census_mun,317,.22947721,.83530623,XGboost,Census agg.,Municipality
gb_census_mun,318,.2270215,.94434261,XGboost,Census agg.,Municipality
gb_census_mun,319,.22796561,.91325313,XGboost,Census agg.,Municipality
gb_census_mun,320,.22902185,.86405575,XGboost,Census agg.,Municipality
gb_census_mun,321,.22847298,.88378519,XGboost,Census agg.,Municipality
gb_census_mun,322,.22850294,.8747133,XGboost,Census agg.,Municipality
gb_census_mun,323,.23013012,.81228799,XGboost,Census agg.,Municipality
gb_census_mun,324,.22839189,.88372821,XGboost,Census agg.,Municipality
gb_census_mun,325,.23088767,.77608472,XGboost,Census agg.,Municipality
gb_census_mun,326,.2289869,.8517065,XGboost,Census agg.,Municipality
gb_census_mun,327,.2260697,1.0041662,XGboost,Census agg.,Municipality
gb_census_mun,328,.22795215,.89890718,XGboost,Census agg.,Municipality
gb_census_mun,329,.22962928,.83021462,XGboost,Census agg.,Municipality
gb_census_mun,330,.22900224,.85278356,XGboost,Census agg.,Municipality
gb_census_mun,331,.22704813,.94805443,XGboost,Census agg.,Municipality
gb_census_mun,332,.22981232,.82334697,XGboost,Census agg.,Municipality
gb_census_mun,333,.22917511,.85572904,XGboost,Census agg.,Municipality
gb_census_mun,334,.22816746,.89561677,XGboost,Census agg.,Municipality
gb_census_mun,335,.22706568,.94391787,XGboost,Census agg.,Municipality
gb_census_mun,336,.22866283,.87983567,XGboost,Census agg.,Municipality
gb_census_mun,337,.22876391,.87680238,XGboost,Census agg.,Municipality
gb_census_mun,338,.22555019,1.0218607,XGboost,Census agg.,Municipality
gb_census_mun,339,.23009568,.80979067,XGboost,Census agg.,Municipality
gb_census_mun,340,.22922623,.85243917,XGboost,Census agg.,Municipality
gb_census_mun,341,.22675836,.95883286,XGboost,Census agg.,Municipality
gb_census_mun,342,.22786863,.91090745,XGboost,Census agg.,Municipality
gb_census_mun,343,.22880419,.8720181,XGboost,Census agg.,Municipality
gb_census_mun,344,.22948055,.83770436,XGboost,Census agg.,Municipality
gb_census_mun,345,.23341092,.65106708,XGboost,Census agg.,Municipality
gb_census_mun,346,.22927728,.85067105,XGboost,Census agg.,Municipality
gb_census_mun,347,.22865695,.87547731,XGboost,Census agg.,Municipality
gb_census_mun,348,.22694823,.96624672,XGboost,Census agg.,Municipality
gb_census_mun,349,.22543707,1.0259386,XGboost,Census agg.,Municipality
gb_census_mun,350,.22783507,.90128821,XGboost,Census agg.,Municipality
gb_census_mun,351,.22861047,.87399143,XGboost,Census agg.,Municipality
gb_census_mun,352,.23123462,.76389742,XGboost,Census agg.,Municipality
gb_census_mun,353,.22574656,1.0133333,XGboost,Census agg.,Municipality
gb_census_mun,354,.23009668,.80555207,XGboost,Census agg.,Municipality
gb_census_mun,355,.22749008,.92682141,XGboost,Census agg.,Municipality
gb_census_mun,356,.22727938,.94123179,XGboost,Census agg.,Municipality
gb_census_mun,357,.22940418,.84454006,XGboost,Census agg.,Municipality
gb_census_mun,358,.23007751,.80470365,XGboost,Census agg.,Municipality
gb_census_mun,359,.2270918,.94360256,XGboost,Census agg.,Municipality
gb_census_mun,360,.22685094,.95763546,XGboost,Census agg.,Municipality
gb_census_mun,361,.23163749,.73381138,XGboost,Census agg.,Municipality
gb_census_mun,362,.2295333,.84566897,XGboost,Census agg.,Municipality
gb_census_mun,363,.23055626,.78778338,XGboost,Census agg.,Municipality
gb_census_mun,364,.22441559,1.0767576,XGboost,Census agg.,Municipality
gb_census_mun,365,.2300726,.82080001,XGboost,Census agg.,Municipality
gb_census_mun,366,.2272625,.92718405,XGboost,Census agg.,Municipality
gb_census_mun,367,.22948906,.84304565,XGboost,Census agg.,Municipality
gb_census_mun,368,.22803158,.90499997,XGboost,Census agg.,Municipality
gb_census_mun,369,.22700079,.95695186,XGboost,Census agg.,Municipality
gb_census_mun,370,.22905844,.85629863,XGboost,Census agg.,Municipality
gb_census_mun,371,.2270828,.95485651,XGboost,Census agg.,Municipality
gb_census_mun,372,.22997253,.80868459,XGboost,Census agg.,Municipality
gb_census_mun,373,.22733764,.94190747,XGboost,Census agg.,Municipality
gb_census_mun,374,.22449781,1.0763077,XGboost,Census agg.,Municipality
gb_census_mun,375,.23351888,.65304101,XGboost,Census agg.,Municipality
gb_census_mun,376,.22909345,.86014152,XGboost,Census agg.,Municipality
gb_census_mun,377,.22658545,.96237868,XGboost,Census agg.,Municipality
gb_census_mun,378,.22682494,.96080333,XGboost,Census agg.,Municipality
gb_census_mun,379,.22812626,.8948105,XGboost,Census agg.,Municipality
gb_census_mun,380,.2302441,.79544646,XGboost,Census agg.,Municipality
gb_census_mun,381,.22826579,.90231907,XGboost,Census agg.,Municipality
gb_census_mun,382,.22760859,.9210034,XGboost,Census agg.,Municipality
gb_census_mun,383,.22680552,.9671225,XGboost,Census agg.,Municipality
gb_census_mun,384,.23112927,.76574129,XGboost,Census agg.,Municipality
gb_census_mun,385,.22754438,.93130404,XGboost,Census agg.,Municipality
gb_census_mun,386,.22504964,1.0507482,XGboost,Census agg.,Municipality
gb_census_mun,387,.22939685,.8460812,XGboost,Census agg.,Municipality
gb_census_mun,388,.22985402,.8164354,XGboost,Census agg.,Municipality
gb_census_mun,389,.2270941,.94050765,XGboost,Census agg.,Municipality
gb_census_mun,390,.22762349,.93024182,XGboost,Census agg.,Municipality
gb_census_mun,391,.22963946,.82711577,XGboost,Census agg.,Municipality
gb_census_mun,392,.22847775,.88349444,XGboost,Census agg.,Municipality
gb_census_mun,393,.22684498,.95708698,XGboost,Census agg.,Municipality
gb_census_mun,394,.22730543,.94527429,XGboost,Census agg.,Municipality
gb_census_mun,395,.22632019,.99552304,XGboost,Census agg.,Municipality
gb_census_mun,396,.22855332,.88141161,XGboost,Census agg.,Municipality
gb_census_mun,397,.22860184,.87519962,XGboost,Census agg.,Municipality
gb_census_mun,398,.22942415,.83558619,XGboost,Census agg.,Municipality
gb_census_mun,399,.22697863,.95152783,XGboost,Census agg.,Municipality
gb_census_mun,400,.22617494,.98793185,XGboost,Census agg.,Municipality
gb_census_mun,401,.22838859,.89261311,XGboost,Census agg.,Municipality
gb_census_mun,402,.22849897,.87810463,XGboost,Census agg.,Municipality
gb_census_mun,403,.22825438,.89843452,XGboost,Census agg.,Municipality
gb_census_mun,404,.22472173,1.0515442,XGboost,Census agg.,Municipality
gb_census_mun,405,.22822031,.89687341,XGboost,Census agg.,Municipality
gb_census_mun,406,.22958474,.82496226,XGboost,Census agg.,Municipality
gb_census_mun,407,.22620459,.99041152,XGboost,Census agg.,Municipality
gb_census_mun,408,.22893684,.85477799,XGboost,Census agg.,Municipality
gb_census_mun,409,.22637399,.98508787,XGboost,Census agg.,Municipality
gb_census_mun,410,.22863393,.88520324,XGboost,Census agg.,Municipality
gb_census_mun,411,.22962463,.82600796,XGboost,Census agg.,Municipality
gb_census_mun,412,.22894323,.86064613,XGboost,Census agg.,Municipality
gb_census_mun,413,.23057438,.7837894,XGboost,Census agg.,Municipality
gb_census_mun,414,.23039773,.79270506,XGboost,Census agg.,Municipality
gb_census_mun,415,.2251941,1.027559,XGboost,Census agg.,Municipality
gb_census_mun,416,.22695716,.94773793,XGboost,Census agg.,Municipality
gb_census_mun,417,.22832195,.89781642,XGboost,Census agg.,Municipality
gb_census_mun,418,.2295374,.83911836,XGboost,Census agg.,Municipality
gb_census_mun,419,.22583324,1.0021107,XGboost,Census agg.,Municipality
gb_census_mun,420,.22842905,.88436335,XGboost,Census agg.,Municipality
gb_census_mun,421,.22783104,.91733211,XGboost,Census agg.,Municipality
gb_census_mun,422,.22898461,.85533619,XGboost,Census agg.,Municipality
gb_census_mun,423,.22957927,.83842218,XGboost,Census agg.,Municipality
gb_census_mun,424,.23006082,.79793179,XGboost,Census agg.,Municipality
gb_census_mun,425,.22984459,.81971788,XGboost,Census agg.,Municipality
gb_census_mun,426,.22789004,.91197884,XGboost,Census agg.,Municipality
gb_census_mun,427,.2289423,.87627214,XGboost,Census agg.,Municipality
gb_census_mun,428,.23185125,.71656102,XGboost,Census agg.,Municipality
gb_census_mun,429,.23022562,.80231696,XGboost,Census agg.,Municipality
gb_census_mun,430,.2253391,1.0362313,XGboost,Census agg.,Municipality
gb_census_mun,431,.22649404,.96421921,XGboost,Census agg.,Municipality
gb_census_mun,432,.22750697,.9199338,XGboost,Census agg.,Municipality
gb_census_mun,433,.22975828,.83595222,XGboost,Census agg.,Municipality
gb_census_mun,434,.22693086,.95560682,XGboost,Census agg.,Municipality
gb_census_mun,435,.22771706,.92250693,XGboost,Census agg.,Municipality
gb_census_mun,436,.22737312,.93154293,XGboost,Census agg.,Municipality
gb_census_mun,437,.22726026,.93940324,XGboost,Census agg.,Municipality
gb_census_mun,438,.2307923,.77600318,XGboost,Census agg.,Municipality
gb_census_mun,439,.23254389,.69926327,XGboost,Census agg.,Municipality
gb_census_mun,440,.22652438,.96966374,XGboost,Census agg.,Municipality
gb_census_mun,441,.22801401,.90589398,XGboost,Census agg.,Municipality
gb_census_mun,442,.23020235,.80882138,XGboost,Census agg.,Municipality
gb_census_mun,443,.22883204,.86140901,XGboost,Census agg.,Municipality
gb_census_mun,444,.22737381,.94153738,XGboost,Census agg.,Municipality
gb_census_mun,445,.23116563,.75818491,XGboost,Census agg.,Municipality
gb_census_mun,446,.2301349,.80679899,XGboost,Census agg.,Municipality
gb_census_mun,447,.22788873,.92172921,XGboost,Census agg.,Municipality
gb_census_mun,448,.22657998,.97490638,XGboost,Census agg.,Municipality
gb_census_mun,449,.22564889,1.0172983,XGboost,Census agg.,Municipality
gb_census_mun,450,.22742313,.92131072,XGboost,Census agg.,Municipality
gb_census_mun,451,.22844835,.88503504,XGboost,Census agg.,Municipality
gb_census_mun,452,.22824427,.89335263,XGboost,Census agg.,Municipality
gb_census_mun,453,.22923677,.84815603,XGboost,Census agg.,Municipality
gb_census_mun,454,.22682092,.95862699,XGboost,Census agg.,Municipality
gb_census_mun,455,.22881436,.86628109,XGboost,Census agg.,Municipality
gb_census_mun,456,.22930987,.85309029,XGboost,Census agg.,Municipality
gb_census_mun,457,.22786857,.91491061,XGboost,Census agg.,Municipality
gb_census_mun,458,.22898027,.86628568,XGboost,Census agg.,Municipality
gb_census_mun,459,.22962525,.83129793,XGboost,Census agg.,Municipality
gb_census_mun,460,.22703516,.93986678,XGboost,Census agg.,Municipality
gb_census_mun,461,.22617072,.9882865,XGboost,Census agg.,Municipality
gb_census_mun,462,.22873221,.86983097,XGboost,Census agg.,Municipality
gb_census_mun,463,.22884513,.85451514,XGboost,Census agg.,Municipality
gb_census_mun,464,.22867432,.86359847,XGboost,Census agg.,Municipality
gb_census_mun,465,.22747141,.92910433,XGboost,Census agg.,Municipality
gb_census_mun,466,.22885072,.88038248,XGboost,Census agg.,Municipality
gb_census_mun,467,.22885413,.87454796,XGboost,Census agg.,Municipality
gb_census_mun,468,.22595771,.99971378,XGboost,Census agg.,Municipality
gb_census_mun,469,.23029083,.79793519,XGboost,Census agg.,Municipality
gb_census_mun,470,.22438923,1.084359,XGboost,Census agg.,Municipality
gb_census_mun,471,.23038644,.79690093,XGboost,Census agg.,Municipality
gb_census_mun,472,.2274943,.9274115,XGboost,Census agg.,Municipality
gb_census_mun,473,.22968017,.8369363,XGboost,Census agg.,Municipality
gb_census_mun,474,.22734682,.9413994,XGboost,Census agg.,Municipality
gb_census_mun,475,.22604203,1.0029067,XGboost,Census agg.,Municipality
gb_census_mun,476,.225704,1.0020486,XGboost,Census agg.,Municipality
gb_census_mun,477,.22966193,.81567425,XGboost,Census agg.,Municipality
gb_census_mun,478,.22731325,.93755651,XGboost,Census agg.,Municipality
gb_census_mun,479,.22703888,.95958889,XGboost,Census agg.,Municipality
gb_census_mun,480,.23012492,.81612182,XGboost,Census agg.,Municipality
gb_census_mun,481,.22806358,.90464646,XGboost,Census agg.,Municipality
gb_census_mun,482,.22721863,.93061471,XGboost,Census agg.,Municipality
gb_census_mun,483,.22526297,1.038277,XGboost,Census agg.,Municipality
gb_census_mun,484,.23087984,.78977215,XGboost,Census agg.,Municipality
gb_census_mun,485,.22816738,.9053244,XGboost,Census agg.,Municipality
gb_census_mun,486,.22990936,.82070655,XGboost,Census agg.,Municipality
gb_census_mun,487,.22939691,.84307587,XGboost,Census agg.,Municipality
gb_census_mun,488,.22794217,.90644819,XGboost,Census agg.,Municipality
gb_census_mun,489,.22631294,.99092525,XGboost,Census agg.,Municipality
gb_census_mun,490,.23367816,.6350711,XGboost,Census agg.,Municipality
gb_census_mun,491,.22792032,.9150281,XGboost,Census agg.,Municipality
gb_census_mun,492,.22911212,.8572588,XGboost,Census agg.,Municipality
gb_census_mun,493,.2280889,.90420628,XGboost,Census agg.,Municipality
gb_census_mun,494,.2268407,.96194255,XGboost,Census agg.,Municipality
gb_census_mun,495,.22822298,.89426714,XGboost,Census agg.,Municipality
gb_census_mun,496,.22910126,.84758592,XGboost,Census agg.,Municipality
gb_census_mun,497,.22559659,1.0182083,XGboost,Census agg.,Municipality
gb_census_mun,498,.22657166,.97597092,XGboost,Census agg.,Municipality
gb_census_mun,499,.22683524,.95231241,XGboost,Census agg.,Municipality
gb_census_mun,500,.22910586,.84788692,XGboost,Census agg.,Municipality
